catalog_year,source_file,main_category,main_category_english,subcategory_or_series,author,author_transcribed,title,title_english,pages_format,price,currency,notes
1895,IMG_1290.jpeg,"ΝΗΠΙΑΓΩΓΕΙΑ, ΔΗΜΟΤΙΚΑ ΣΧΟΛΕΙΑ, ΑΣΤΙΚΑΙ ΣΧΟΛΑΙ ΚΑΙ ΠΑΡΘΕΝΑΓΩΓΕΙΑ","Kindergartens, Primary Schools, Urban Schools and Girls' High Schools",,Α. Βάμπας,A. Vampas,"Αἰμίλιος, μετὰ 4 εἰκόνων","Aemilius, with 4 illustrations","σελ. 80, χαρτόδετος",4,γρ.,
1895,IMG_1290.jpeg,"ΝΗΠΙΑΓΩΓΕΙΑ, ΔΗΜΟΤΙΚΑ ΣΧΟΛΕΙΑ, ΑΣΤΙΚΑΙ ΣΧΟΛΑΙ ΚΑΙ ΠΑΡΘΕΝΑΓΩΓΕΙΑ","Kindergartens, Primary Schools, Urban Schools and Girls' High Schools",,Ι. Α. Βρετός,I. A. Vretos,᾿Αλφαβητάριον μικρόν,Small Primer,σελ. 30,20,παρ.,
1895,IMG_1290.jpeg,"ΝΗΠΙΑΓΩΓΕΙΑ, ΔΗΜΟΤΙΚΑ ΣΧΟΛΕΙΑ, ΑΣΤΙΚΑΙ ΣΧΟΛΑΙ ΚΑΙ ΠΑΡΘΕΝΑΓΩΓΕΙΑ","Kindergartens, Primary Schools, Urban Schools and Girls' High Schools",,Ι. Α. Βρετός,I. A. Vretos,᾿Αλφαβητάριον μέγα,Large Primer,σελ. 60,1,γρ.,
1895,IMG_1290.jpeg,"ΝΗΠΙΑΓΩΓΕΙΑ, ΔΗΜΟΤΙΚΑ ΣΧΟΛΕΙΑ, ΑΣΤΙΚΑΙ ΣΧΟΛΑΙ ΚΑΙ ΠΑΡΘΕΝΑΓΩΓΕΙΑ","Kindergartens, Primary Schools, Urban Schools and Girls' High Schools",,Ι. Π. Κοκκώνης,I. P. Kokkonis,᾿Αλφαβητάριον,Primer,σελ. 32,10,παρ.,Marked with asterisk (*)
1895,IMG_1290.jpeg,"ΝΗΠΙΑΓΩΓΕΙΑ, ΔΗΜΟΤΙΚΑ ΣΧΟΛΕΙΑ, ΑΣΤΙΚΑΙ ΣΧΟΛΑΙ ΚΑΙ ΠΑΡΘΕΝΑΓΩΓΕΙΑ","Kindergartens, Primary Schools, Urban Schools and Girls' High Schools",,Δ. Α. Κορομηλᾶς,D. A. Koromilas,᾿Αλφαβητάριον,Primer,σελ. 30,30,παρ.,Struck through in text
1895,IMG_1290.jpeg,"ΝΗΠΙΑΓΩΓΕΙΑ, ΔΗΜΟΤΙΚΑ ΣΧΟΛΕΙΑ, ΑΣΤΙΚΑΙ ΣΧΟΛΑΙ ΚΑΙ ΠΑΡΘΕΝΑΓΩΓΕΙΑ","Kindergartens, Primary Schools, Urban Schools and Girls' High Schools",,Κ. Γ. Κουρτίδης καὶ Γ. Κωνσταντινίδης,K. G. Kourtidis and G. Konstantinidis,᾿Αλφαβητάριον,Primer,σελ. 77,1,γρ.,Price: 1 γρ. 20 παρ.
1895,IMG_1290.jpeg,"ΝΗΠΙΑΓΩΓΕΙΑ, ΔΗΜΟΤΙΚΑ ΣΧΟΛΕΙΑ, ΑΣΤΙΚΑΙ ΣΧΟΛΑΙ ΚΑΙ ΠΑΡΘΕΝΑΓΩΓΕΙΑ","Kindergartens, Primary Schools, Urban Schools and Girls' High Schools",,Μπάρτ καὶ Χίρστ,Barth and Hirst,᾿Αλφαβητάριον ῾Ελληνικόν,Greek Primer,"4ον, δεδεμένον",10,γρ.,24 χρωμολιθογραφημέναι εἰκόνες πρὸς ἐκμάθησιν τοῦ ᾿Αλφαβήτου μετὰ στίχων
1895,IMG_1290.jpeg,"ΝΗΠΙΑΓΩΓΕΙΑ, ΔΗΜΟΤΙΚΑ ΣΧΟΛΕΙΑ, ΑΣΤΙΚΑΙ ΣΧΟΛΑΙ ΚΑΙ ΠΑΡΘΕΝΑΓΩΓΕΙΑ","Kindergartens, Primary Schools, Urban Schools and Girls' High Schools",,Γ. Κωνσταντινίδης,G. Konstantinidis,᾿Αλφαβητάριον μέγα,Large Primer,σελ. 60,1,γρ.,Marked with asterisk (*)
1895,IMG_1290.jpeg,"ΝΗΠΙΑΓΩΓΕΙΑ, ΔΗΜΟΤΙΚΑ ΣΧΟΛΕΙΑ, ΑΣΤΙΚΑΙ ΣΧΟΛΑΙ ΚΑΙ ΠΑΡΘΕΝΑΓΩΓΕΙΑ","Kindergartens, Primary Schools, Urban Schools and Girls' High Schools",,Χαρίσιος Παπαμάρκος,Charisios Papamarkos,᾿Αλφαβητάριον ῾Ελληνικόν,Greek Primer,σελ. 84,1,γρ.,"Marked with pointing hand (publisher's edition). Μετὰ εἰκόνων, πρὸς χρῆσιν τῆς Α΄ τάξεως τοῦ Δημοτικοῦ Σχολείου. Ἔτος Α΄, Μέρος α΄, ἔκδοσις β΄. Price: 1 γρ. 20 παρ."
1895,IMG_1290.jpeg,"ΝΗΠΙΑΓΩΓΕΙΑ, ΔΗΜΟΤΙΚΑ ΣΧΟΛΕΙΑ, ΑΣΤΙΚΑΙ ΣΧΟΛΑΙ ΚΑΙ ΠΑΡΘΕΝΑΓΩΓΕΙΑ","Kindergartens, Primary Schools, Urban Schools and Girls' High Schools",,Χαρίσιος Παπαμάρκος,Charisios Papamarkos,᾿Αλφαβητάριον ῾Ελληνικόν,Greek Primer,σελ. 72,1,γρ.,"Marked with pointing hand (publisher's edition). Ἔτος Α΄, Μέρος β΄, ἔκδοσις β΄. Price: 1 γρ. 20 παρ."
1895,IMG_1291.jpeg,"ΝΗΠΙΑΓΩΓΕΙΑ, ΔΗΜΟΤΙΚΑ ΣΧΟΛΕΙΑ, ΑΣΤΙΚΑΙ ΣΧΟΛΑΙ ΚΑΙ ΠΑΡΘΕΝΑΓΩΓΕΙΑ","Kindergartens, Primary Schools, Urban Schools and Girls' High Schools",,Χ. Πουλίου,Ch. Poulios,Ἀλφαβητάριον νέον,New Alphabet Book,σελ. η΄— 64,1,γρ.,
1895,IMG_1291.jpeg,"ΝΗΠΙΑΓΩΓΕΙΑ, ΔΗΜΟΤΙΚΑ ΣΧΟΛΕΙΑ, ΑΣΤΙΚΑΙ ΣΧΟΛΑΙ ΚΑΙ ΠΑΡΘΕΝΑΓΩΓΕΙΑ","Kindergartens, Primary Schools, Urban Schools and Girls' High Schools",,Β. Δ. Σ.,V. D. S.,Ἀλφαβητάριον καὶ Ἀναγνωσματάριον,Alphabet Book and Reader,σ. 92,1,γρ.,
1895,IMG_1291.jpeg,"ΝΗΠΙΑΓΩΓΕΙΑ, ΔΗΜΟΤΙΚΑ ΣΧΟΛΕΙΑ, ΑΣΤΙΚΑΙ ΣΧΟΛΑΙ ΚΑΙ ΠΑΡΘΕΝΑΓΩΓΕΙΑ","Kindergartens, Primary Schools, Urban Schools and Girls' High Schools",,N/A,N/A,"Ἀλφάβητον κινητόν, ἤτοι τὰ κεφαλαῖα καὶ μικρὰ γράμματα, τόνοι κτλ. ἐπὶ χαρτονίου","Movable Alphabet, i.e. capital and small letters, accents etc. on cardboard",ἐπὶ χαρτονίου,80,γρ.,
1895,IMG_1291.jpeg,"ΝΗΠΙΑΓΩΓΕΙΑ, ΔΗΜΟΤΙΚΑ ΣΧΟΛΕΙΑ, ΑΣΤΙΚΑΙ ΣΧΟΛΑΙ ΚΑΙ ΠΑΡΘΕΝΑΓΩΓΕΙΑ","Kindergartens, Primary Schools, Urban Schools and Girls' High Schools",,Ἰωακεὶμ Βαλαβάνης,Ioakeim Balavanis,"Ἀναγνωσματάριον ἐκ τοῦ Ἡροδότου, πρὸς χρῆσιν τῶν μαθητῶν καὶ μαθητριῶν τῆς Δ΄ τάξεως τῶν Δημοτικῶν Σχολείων","Reader from Herodotus, for use by male and female students of the 4th grade of Primary Schools","Ἔκδ. β΄, ἀμετάβλητος, σ. ιβ΄-224",5,γρ.,"Βραβευθὲν ὑπὸ τοῦ ἐν Κωνσταντινουπόλει Ἑλληνικοῦ Φιλολογικοῦ Συλλόγου ἐν τῷ Καραπανείῳ ἀγῶνι τοῦ 1894. Μετ' εἰκόνων, εἰσαγωγῆς καὶ ποικίλων σημειώσεων."
1895,IMG_1292.jpeg,"ΝΗΠΙΑΓΩΓΕΙΑ, ΔΗΜΟΤΙΚΑ ΣΧΟΛΕΙΑ, ΑΣΤΙΚΑΙ ΣΧΟΛΑΙ ΚΑΙ ΠΑΡΘΕΝΑΓΩΓΕΙΑ","Kindergartens, Primary Schools, Urban Schools and Girls' High Schools",,Δ. Ἀ. Κορομηλᾶς,D. A. Koromilas,Ἀναγνωσματάριον,Greek Reader,σελ. 48,30,παρ.,Crossed out with blue line in original text
1895,IMG_1292.jpeg,"ΝΗΠΙΑΓΩΓΕΙΑ, ΔΗΜΟΤΙΚΑ ΣΧΟΛΕΙΑ, ΑΣΤΙΚΑΙ ΣΧΟΛΑΙ ΚΑΙ ΠΑΡΘΕΝΑΓΩΓΕΙΑ","Kindergartens, Primary Schools, Urban Schools and Girls' High Schools",,"Κ. Γ. Κουρτίδης, Γ. Κωνσταντινίδης","K. G. Kourtidis, G. Konstantinidis",Ἀναγνωσματάριον διὰ τὴν Α΄ τάξιν,Reader for First Grade,σελ. 59,1.20,γρ.,Crossed out with blue line in original text
1895,IMG_1292.jpeg,"ΝΗΠΙΑΓΩΓΕΙΑ, ΔΗΜΟΤΙΚΑ ΣΧΟΛΕΙΑ, ΑΣΤΙΚΑΙ ΣΧΟΛΑΙ ΚΑΙ ΠΑΡΘΕΝΑΓΩΓΕΙΑ","Kindergartens, Primary Schools, Urban Schools and Girls' High Schools",,Γ. Κωνσταντινίδης,G. Konstantinidis,"Ἀναγνωσματάριον, ἐκ τῶν Πινάκων τῆς ἀναγνώσεως","Reader, from the Reading Tables",σελ. 64,20,παρ.,Crossed out with blue line in original text
1895,IMG_1292.jpeg,"ΝΗΠΙΑΓΩΓΕΙΑ, ΔΗΜΟΤΙΚΑ ΣΧΟΛΕΙΑ, ΑΣΤΙΚΑΙ ΣΧΟΛΑΙ ΚΑΙ ΠΑΡΘΕΝΑΓΩΓΕΙΑ","Kindergartens, Primary Schools, Urban Schools and Girls' High Schools",,"Χαρίσιος Παπαμάρκου, Φίλιππος Δ. Γεωργαντᾶς","Charisios Papamarkou, Philippos D. Georgantas","Ἀναγνωσματάριον Ἑλληνικόν, μετὰ εἰκόνων (Ἔτος Β΄, πρὸς χρῆσιν τῆς Β΄ τάξ. τοῦ Δημοτικοῦ, ἔκδ. β΄)","Greek Reader, with illustrations (Year 2, for 2nd Grade of Primary School, 2nd ed.)",σ. 136,3,γρ.,See note on page 1
1895,IMG_1292.jpeg,"ΝΗΠΙΑΓΩΓΕΙΑ, ΔΗΜΟΤΙΚΑ ΣΧΟΛΕΙΑ, ΑΣΤΙΚΑΙ ΣΧΟΛΑΙ ΚΑΙ ΠΑΡΘΕΝΑΓΩΓΕΙΑ","Kindergartens, Primary Schools, Urban Schools and Girls' High Schools",,"Χαρίσιος Παπαμάρκου, Φίλιππος Δ. Γεωργαντᾶς","Charisios Papamarkou, Philippos D. Georgantas","Ἀναγνωσματάριον Ἑλληνικόν, μετὰ εἰκόνων (Ἔτος Γ΄)","Greek Reader, with illustrations (Year 3)",σ. 179,4,γρ.,
1895,IMG_1292.jpeg,"ΝΗΠΙΑΓΩΓΕΙΑ, ΔΗΜΟΤΙΚΑ ΣΧΟΛΕΙΑ, ΑΣΤΙΚΑΙ ΣΧΟΛΑΙ ΚΑΙ ΠΑΡΘΕΝΑΓΩΓΕΙΑ","Kindergartens, Primary Schools, Urban Schools and Girls' High Schools",,"Χαρίσιος Παπαμάρκου, Φίλιππος Δ. Γεωργαντᾶς","Charisios Papamarkou, Philippos D. Georgantas","Ἀναγνωσματάριον Ἑλληνικόν, μετὰ εἰκόνων (Ἔτος Δ΄)","Greek Reader, with illustrations (Year 4)",σ. 232,5,γρ.,
1895,IMG_1292.jpeg,"ΝΗΠΙΑΓΩΓΕΙΑ, ΔΗΜΟΤΙΚΑ ΣΧΟΛΕΙΑ, ΑΣΤΙΚΑΙ ΣΧΟΛΑΙ ΚΑΙ ΠΑΡΘΕΝΑΓΩΓΕΙΑ","Kindergartens, Primary Schools, Urban Schools and Girls' High Schools",,Χ. Πούλιος,Ch. Poulios,Ἀναγνωσματάριον,Reader,Ἕκαστον τεῦχος,1,γρ.,
1895,IMG_1292.jpeg,"ΝΗΠΙΑΓΩΓΕΙΑ, ΔΗΜΟΤΙΚΑ ΣΧΟΛΕΙΑ, ΑΣΤΙΚΑΙ ΣΧΟΛΑΙ ΚΑΙ ΠΑΡΘΕΝΑΓΩΓΕΙΑ","Kindergartens, Primary Schools, Urban Schools and Girls' High Schools",,"Ἀ. Ἀθανασιάδης, Ἰ. Ἀρβανιτάκης, Ἰ. Δημητριάδης","A. Athanasiadis, I. Arvanitakis, I. Dimitriadis",Ἀναγνωσμάτων Ἐκλογή,Selection of Readings,5 τεύχη (Ἔτη Α΄-Δ΄),1.20 - 5,γρ.,"Ἔτος Α΄ τεῦχ. α΄: 1 γρ. 20 παρ., τεῦχ. β΄: 1 γρ. 20 παρ., Ἔτος Β΄: 3 γρ. 20 παρ., Ἔτος Γ΄: 4 γρ., Ἔτος Δ΄: 5 γρ."
1895,IMG_1292.jpeg,"ΝΗΠΙΑΓΩΓΕΙΑ, ΔΗΜΟΤΙΚΑ ΣΧΟΛΕΙΑ, ΑΣΤΙΚΑΙ ΣΧΟΛΑΙ ΚΑΙ ΠΑΡΘΕΝΑΓΩΓΕΙΑ","Kindergartens, Primary Schools, Urban Schools and Girls' High Schools",,"Κ. Γ. Γεωργάλας, Ἰ. Πολύβιος","K. G. Georgalas, I. Polyvios",Ἀναγνωσμάτων σειρά,Series of Readings,6 τεύχη (Ἔτη Α΄-Ε΄),1.20 - 5,γρ.,"Ἔτος Α΄ τεῦχος α΄: 1 γρ. 20 παρ., τεῦχος β΄: 1 γρ. 20 παρ., Ἔτος Β΄: 4 γρ., Ἔτος Γ΄: 4 γρ. 20 παρ., Ἔτος Δ΄: 4 γρ. 20 παρ., Ἔτος Ε΄: 5 γρ."
1895,IMG_1292.jpeg,"ΝΗΠΙΑΓΩΓΕΙΑ, ΔΗΜΟΤΙΚΑ ΣΧΟΛΕΙΑ, ΑΣΤΙΚΑΙ ΣΧΟΛΑΙ ΚΑΙ ΠΑΡΘΕΝΑΓΩΓΕΙΑ","Kindergartens, Primary Schools, Urban Schools and Girls' High Schools",,"Γ. Ἰ. Κούζος, Ἰ. Ἀ. Ἰλλίδος","G. I. Kouzos, I. A. Illidos","Ἀναγνωστικόν, πρὸς χρῆσιν τῶν ἐν τοῖς Δημοτικοῖς καὶ Ἀστικοῖς Σχολείοις διδασκομένων ἀρρένων τε καὶ θηλέων","Reading Book, for use by boys and girls taught in Primary and Urban Schools",5 τεύχη (Ἔτη Α΄-Δ΄),1.50 - 5,γρ.,"Ἔτος σχολ. Α΄ τεῦχος α΄ (ἔκδ. ζ΄, σελ. ιβ΄-90): 1.50 γρ. | Ἔτος σχολ. Α΄ τεῦχος β΄ (ἔκδ. δ΄, σελ. 88): 1.50 γρ. | Ἔτος σχολ. Β΄ (ἔκδ. ς΄, σελ. 192): 4 γρ. | Ἔτος σχολ. Γ΄ (ἔκδ. ε΄, σελ. 212): 4.50 γρ. | Ἔτος σχολ. Δ΄ (ἔκδ. ε΄, σελ. 256): 5 γρ. Includes a lengthy promotional/descriptive note on bottom."
1895,IMG_1293.jpeg,"ΝΗΠΙΑΓΩΓΕΙΑ, ΔΗΜΟΤΙΚΑ ΣΧΟΛΕΙΑ, ΑΣΤΙΚΑΙ ΣΧΟΛΑΙ ΚΑΙ ΠΑΡΘΕΝΑΓΩΓΕΙΑ","Kindergartens, Primary Schools, Urban Schools and Girls' High Schools",,Γεώργιος Ἰ. Κούζος,Georgios I. Kouzos,Ἀναγνωστικὸν πρὸς χρῆσιν τῆς Ε΄ καὶ ΣΤ΄ τάξεως τῶν Ἀστικῶν ἢ τῆς Α΄ καὶ Β΄ τῶν Ἑλληνικῶν Σχολείων ἑκατέρου τῶν φύλων (Ἔτος σχολικὸν Ε΄),Reader for Use in Grades 5 and 6 of Urban Schools or Grades 1 and 2 of Greek Schools for Both Genders (School Year 5),σελ. 223,5,γρ.,Ἐν τῷ Α΄ μέρει τοῦ Ε΄ ἔτους περιελήφθησαν διάφορα ἐκλεκτὰ τεμάχια καὶ ποιήματα τῆς καθωμιλημένης γλώσσης περὶ διαφόρων θεμάτων.
1895,IMG_1293.jpeg,"ΝΗΠΙΑΓΩΓΕΙΑ, ΔΗΜΟΤΙΚΑ ΣΧΟΛΕΙΑ, ΑΣΤΙΚΑΙ ΣΧΟΛΑΙ ΚΑΙ ΠΑΡΘΕΝΑΓΩΓΕΙΑ","Kindergartens, Primary Schools, Urban Schools and Girls' High Schools",,Γεώργιος Ἰ. Κούζος,Georgios I. Kouzos,Ἀναγνωστικὸν πρὸς χρῆσιν τῆς Ε΄ καὶ ΣΤ΄ τάξεως τῶν Ἀστικῶν ἢ τῆς Α΄ καὶ Β΄ τῶν Ἑλληνικῶν Σχολείων ἑκατέρου τῶν φύλων (Ἔτος σχολικὸν ΣΤ΄),Reader for Use in Grades 5 and 6 of Urban Schools or Grades 1 and 2 of Greek Schools for Both Genders (School Year 6),σελ. ιβ΄ - 280,5,γρ.,Ἐν τῷ Α΄ μέρει τοῦ ΣΤ΄ σχολικοῦ ἔτους ὁ ἐλλόγιμος κ. Κούζος περιέλαβε... Ξενοφῶντα καὶ Ἰσοκράτην.
1895,IMG_1293.jpeg,"ΝΗΠΙΑΓΩΓΕΙΑ, ΔΗΜΟΤΙΚΑ ΣΧΟΛΕΙΑ, ΑΣΤΙΚΑΙ ΣΧΟΛΑΙ ΚΑΙ ΠΑΡΘΕΝΑΓΩΓΕΙΑ","Kindergartens, Primary Schools, Urban Schools and Girls' High Schools",,Δημοσθένης Κ. Μισιτζῆς,Demosthenes K. Misitzis,"Ἀνθοδέσμη τῶν Παίδων, ἤτοι ποιήματα θρησκευτικά, ἠθικά, πραγματολογικὰ καὶ σκηνικά, πρὸς χρῆσιν τῶν Δημοτικῶν καὶ λοιπῶν Σχολείων ἀμφοτέρων τῶν φύλων","Garland of Children, i.e. Religious, Moral, Factual and Stage Poems, for Use in Primary and Other Schools for Both Genders",σελ. ιε΄ - 171,3,γρ.,Ἐν τῇ Ἀνθοδέσμῃ τοῦ κ. Μισιτζῆ ὑπάρχουσι ποιήματα κατάλληλα διὰ πᾶσαν ἐπίσημον ἑορτὴν τῆς ὀρθοδόξου Ἐκκλησίας...
1895,IMG_1293.jpeg,"ΝΗΠΙΑΓΩΓΕΙΑ, ΔΗΜΟΤΙΚΑ ΣΧΟΛΕΙΑ, ΑΣΤΙΚΑΙ ΣΧΟΛΑΙ ΚΑΙ ΠΑΡΘΕΝΑΓΩΓΕΙΑ","Kindergartens, Primary Schools, Urban Schools and Girls' High Schools",,Ἰάκωβος Βασιάδης,Iakobos Basiadis,"Ἀνθολόγιον τῶν Κορασίων πρὸς χρῆσιν τῶν Παρθεναγωγείων (Ἔτος σχολικὸν Α΄, τεῦχος α΄)","Anthology for Girls for Use in Girls' High Schools (School Year 1, Issue 1)","ἔκδ. β΄, σελ. 47",1,γρ.,Συνετάχθη ἐπίτηδες καὶ ἀποκλειστικῶς διὰ τὰ Παρθεναγωγεῖα.
1895,IMG_1293.jpeg,"ΝΗΠΙΑΓΩΓΕΙΑ, ΔΗΜΟΤΙΚΑ ΣΧΟΛΕΙΑ, ΑΣΤΙΚΑΙ ΣΧΟΛΑΙ ΚΑΙ ΠΑΡΘΕΝΑΓΩΓΕΙΑ","Kindergartens, Primary Schools, Urban Schools and Girls' High Schools",,Ἰάκωβος Βασιάδης,Iakobos Basiadis,"Ἀνθολόγιον τῶν Κορασίων πρὸς χρῆσιν τῶν Παρθεναγωγείων (Ἔτος σχολικὸν Α΄, τεῦχος β΄)","Anthology for Girls for Use in Girls' High Schools (School Year 1, Issue 2)","ἔκδ. β΄, σελ. 72",2,γρ.,Συνετάχθη ἐπίτηδες καὶ ἀποκλειστικῶς διὰ τὰ Παρθεναγωγεῖα.
1895,IMG_1293.jpeg,"ΝΗΠΙΑΓΩΓΕΙΑ, ΔΗΜΟΤΙΚΑ ΣΧΟΛΕΙΑ, ΑΣΤΙΚΑΙ ΣΧΟΛΑΙ ΚΑΙ ΠΑΡΘΕΝΑΓΩΓΕΙΑ","Kindergartens, Primary Schools, Urban Schools and Girls' High Schools",,Ἰάκωβος Βασιάδης,Iakobos Basiadis,Ἀνθολόγιον τῶν Κορασίων πρὸς χρῆσιν τῶν Παρθεναγωγείων (Ἔτος σχολικὸν Β΄),Anthology for Girls for Use in Girls' High Schools (School Year 2),"ἔκδ. β΄, σελ. 120",3,γρ.,Συνετάχθη ἐπίτηδες καὶ ἀποκλειστικῶς διὰ τὰ Παρθεναγωγεῖα.
1895,IMG_1293.jpeg,"ΝΗΠΙΑΓΩΓΕΙΑ, ΔΗΜΟΤΙΚΑ ΣΧΟΛΕΙΑ, ΑΣΤΙΚΑΙ ΣΧΟΛΑΙ ΚΑΙ ΠΑΡΘΕΝΑΓΩΓΕΙΑ","Kindergartens, Primary Schools, Urban Schools and Girls' High Schools",,Ἰάκωβος Βασιάδης,Iakobos Basiadis,Ἀνθολόγιον τῶν Κορασίων πρὸς χρῆσιν τῶν Παρθεναγωγείων (Ἔτος σχολικὸν Γ΄),Anthology for Girls for Use in Girls' High Schools (School Year 3),"ἔκδ. β΄, σελ. 152",4,γρ.,Συνετάχθη ἐπίτηδες καὶ ἀποκλειστικῶς διὰ τὰ Παρθεναγωγεῖα.
1895,IMG_1293.jpeg,"ΝΗΠΙΑΓΩΓΕΙΑ, ΔΗΜΟΤΙΚΑ ΣΧΟΛΕΙΑ, ΑΣΤΙΚΑΙ ΣΧΟΛΑΙ ΚΑΙ ΠΑΡΘΕΝΑΓΩΓΕΙΑ","Kindergartens, Primary Schools, Urban Schools and Girls' High Schools",,Ἰάκωβος Βασιάδης,Iakobos Basiadis,Ἀνθολόγιον τῶν Κορασίων πρὸς χρῆσιν τῶν Παρθεναγωγείων (Ἔτος σχολικὸν Δ΄),Anthology for Girls for Use in Girls' High Schools (School Year 4),"ἔκδ. β΄, σελ. 176",5,γρ.,Συνετάχθη ἐπίτηδες καὶ ἀποκλειστικῶς διὰ τὰ Παρθεναγωγεῖα.
1895,IMG_1294.jpeg,"ΝΗΠΙΑΓΩΓΕΙΑ, ΔΗΜΟΤΙΚΑ ΣΧΟΛΕΙΑ, ΑΣΤΙΚΑΙ ΣΧΟΛΑΙ ΚΑΙ ΠΑΡΘΕΝΑΓΩΓΕΙΑ","Kindergartens, Primary Schools, Urban Schools and Girls' High Schools",,Βλ. Γ. Σκορδέλη,Vl. G. Skordelis,᾿Ανθρωπολογία καὶ ῾Υγιεινή,Anthropology and Hygiene,σ. 54,3,γρ.,
1895,IMG_1294.jpeg,"ΝΗΠΙΑΓΩΓΕΙΑ, ΔΗΜΟΤΙΚΑ ΣΧΟΛΕΙΑ, ΑΣΤΙΚΑΙ ΣΧΟΛΑΙ ΚΑΙ ΠΑΡΘΕΝΑΓΩΓΕΙΑ","Kindergartens, Primary Schools, Urban Schools and Girls' High Schools",,Ν. Χορτάκη,N. Chortakis,᾿Ανθρωπολογία σύντομος,Brief Anthropology,σελ. 52,20,παρ.,
1895,IMG_1294.jpeg,"ΝΗΠΙΑΓΩΓΕΙΑ, ΔΗΜΟΤΙΚΑ ΣΧΟΛΕΙΑ, ΑΣΤΙΚΑΙ ΣΧΟΛΑΙ ΚΑΙ ΠΑΡΘΕΝΑΓΩΓΕΙΑ","Kindergartens, Primary Schools, Urban Schools and Girls' High Schools",,Θ. Ν. ᾿Αποστολοπούλου,Th. N. Apostolopoulos,᾿Ανθρωπος,Man,σελ. 112,2,γρ.,
1895,IMG_1294.jpeg,"ΝΗΠΙΑΓΩΓΕΙΑ, ΔΗΜΟΤΙΚΑ ΣΧΟΛΕΙΑ, ΑΣΤΙΚΑΙ ΣΧΟΛΑΙ ΚΑΙ ΠΑΡΘΕΝΑΓΩΓΕΙΑ","Kindergartens, Primary Schools, Urban Schools and Girls' High Schools",,Γ. Παπακωνσταντίνου,G. Papakonstantinou,"᾿Αριθμητική, εἰς πέντε τεύχη","Arithmetic, in five volumes",5 τεύχη,,,"μετὰ ἀσκήσεων καὶ παραδειγμάτων καὶ μεθ' ὁδηγιῶν. Τεῦχος Α', ἔκδ. β', γρ. 3. — Β', γρ. 2 παρ. 20. — Γ', γρ. 3. — Δ', γρ. 3. — Ε', γρ. 3, παρ. 20."
1895,IMG_1294.jpeg,"ΝΗΠΙΑΓΩΓΕΙΑ, ΔΗΜΟΤΙΚΑ ΣΧΟΛΕΙΑ, ΑΣΤΙΚΑΙ ΣΧΟΛΑΙ ΚΑΙ ΠΑΡΘΕΝΑΓΩΓΕΙΑ","Kindergartens, Primary Schools, Urban Schools and Girls' High Schools",,Γ. Γεράκη,G. Gerakis,᾿Αριθμητικὴ πρακτική,Practical Arithmetic,"Τεῦχος β', σελ. 88",2.20,γρ.,"βραβευθεῖσα εἰς τὸν Καραπάνειον ἀγῶνα. Ἔκδοσις γνησία τῶν ᾿Αθηνῶν. * Τεῦχος β'. Αἱ 4 πράξεις ἐπὶ εὐρυτέρου κύκλου ἀριθμῶν καὶ ἐπὶ τῶν συμμιγῶν, σελ. 88, γρ. 2 παρ. 20."
1895,IMG_1294.jpeg,"ΝΗΠΙΑΓΩΓΕΙΑ, ΔΗΜΟΤΙΚΑ ΣΧΟΛΕΙΑ, ΑΣΤΙΚΑΙ ΣΧΟΛΑΙ ΚΑΙ ΠΑΡΘΕΝΑΓΩΓΕΙΑ","Kindergartens, Primary Schools, Urban Schools and Girls' High Schools",,Χ. Γεωργιάδου,Ch. Georgiadou,᾿Αριθμητικὴ πρακτική,Practical Arithmetic,"Τεῦχος Β', ἔκδ. β', σελ. δ'—147",4,γρ.,
1895,IMG_1294.jpeg,"ΝΗΠΙΑΓΩΓΕΙΑ, ΔΗΜΟΤΙΚΑ ΣΧΟΛΕΙΑ, ΑΣΤΙΚΑΙ ΣΧΟΛΑΙ ΚΑΙ ΠΑΡΘΕΝΑΓΩΓΕΙΑ","Kindergartens, Primary Schools, Urban Schools and Girls' High Schools",,Π. Σ. Φωτιάδου,P. S. Photiadou,᾿Αριθμητικὴ πρακτικὴ Στοιχειωδεστάτη κατ' ἐρωταπόκρισιν,Elementary Practical Arithmetic by Question and Answer,"Τεῦχ. Α', σελ. ε'—79",2.50,γρ.,"Τὸ τεῦχος τοῦτο τοῦ διδασκάλου κ. Φωτιάδου, προωρισμένον διὰ τὰς κατωτάτας τάξεις τῶν Δημοτικῶν Σχολείων, ἐπεθεωρήθη ὑπὸ τοῦ καθηγητοῦ κ. ᾿Ανδρέου Σπαθάρη..."
1895,IMG_1294.jpeg,"ΝΗΠΙΑΓΩΓΕΙΑ, ΔΗΜΟΤΙΚΑ ΣΧΟΛΕΙΑ, ΑΣΤΙΚΑΙ ΣΧΟΛΑΙ ΚΑΙ ΠΑΡΘΕΝΑΓΩΓΕΙΑ","Kindergartens, Primary Schools, Urban Schools and Girls' High Schools",,᾿Αθανασίου ᾿Ιωάννου Δ. Φ.,Athanasios Ioannou D. F.,"᾿Αριθμητικὴ Στοιχειώδης, πρὸς χρῆσιν τῶν Δημοτικῶν καὶ ῾Ελληνικῶν Σχολείων ἀμφοτέρων τῶν φύλων","Elementary Arithmetic, for use in Primary and Hellenic Schools of both genders",2 τεύχη,,,"εἰς τεύχη δύο. Τεῦχος Α', περιέχον τὰ κατὰ τοὺς ἀκεραίους... Τεῦχος Β', περιέχον τὰ κατὰ τὸν μέγιστον κοινὸν διαιρέτην..."
1895,IMG_1294.jpeg,"ΝΗΠΙΑΓΩΓΕΙΑ, ΔΗΜΟΤΙΚΑ ΣΧΟΛΕΙΑ, ΑΣΤΙΚΑΙ ΣΧΟΛΑΙ ΚΑΙ ΠΑΡΘΕΝΑΓΩΓΕΙΑ","Kindergartens, Primary Schools, Urban Schools and Girls' High Schools",,᾿Αθανασίου ᾿Ιωάννου Δ. Φ.,Athanasios Ioannou D. F.,"᾿Αριθμητικῶν ᾿Ασκήσεων καὶ Προβλημάτων Συλλογή, πρὸς χρῆσιν τῶν Δημοτικῶν καὶ ῾Ελληνικῶν Σχολῶν ἀμφοτέρων τῶν φύλων","Collection of Arithmetical Exercises and Problems, for use in Primary and Hellenic Schools of both genders",εἰς τεύχη,,,
1895,IMG_1295.jpeg,"ΝΗΠΙΑΓΩΓΕΙΑ, ΔΗΜΟΤΙΚΑ ΣΧΟΛΕΙΑ, ΑΣΤΙΚΑΙ ΣΧΟΛΑΙ ΚΑΙ ΠΑΡΘΕΝΑΓΩΓΕΙΑ","Kindergartens, Primary Schools, Urban Schools and Girls' High Schools",,᾿Αθανάσιος ᾿Ιωάννου,Athanasios Ioannou,Στοιχειώδης ᾿Αριθμητικὴ καὶ Συλλογὴ ᾿Ασκήσεων καὶ Προβλημάτων (Τεῦχος Α΄ - Β΄),Elementary Arithmetic and Collection of Exercises and Problems (Volumes A - B),Τεῦχος Α΄: σελ. ς΄-95; Τεῦχος Β΄,"2, παρ. 20","γρ., παρ.",Continuation of entry from previous page; includes detailed description and publisher announcement quote.
1895,IMG_1295.jpeg,"ΝΗΠΙΑΓΩΓΕΙΑ, ΔΗΜΟΤΙΚΑ ΣΧΟΛΕΙΑ, ΑΣΤΙΚΑΙ ΣΧΟΛΑΙ ΚΑΙ ΠΑΡΘΕΝΑΓΩΓΕΙΑ","Kindergartens, Primary Schools, Urban Schools and Girls' High Schools",,Γ. Γεράκης,G. Gerakis,᾿Αριθμητικὴ Στοιχειώδης,Elementary Arithmetic,"8ον, σελ. 76",2,γρ.,
1895,IMG_1295.jpeg,"ΝΗΠΙΑΓΩΓΕΙΑ, ΔΗΜΟΤΙΚΑ ΣΧΟΛΕΙΑ, ΑΣΤΙΚΑΙ ΣΧΟΛΑΙ ΚΑΙ ΠΑΡΘΕΝΑΓΩΓΕΙΑ","Kindergartens, Primary Schools, Urban Schools and Girls' High Schools",,Ι. Δραΐκης,I. Draikis,"᾿Αριθμητικῆς ἐπιτομὴ πινάκων, μέτρων καὶ σταθμῶν (Τμῆμα α΄: Αἱ 4 πράξεις, Τμῆμα β΄: Κλασματικοὶ ἀριθμοὶ καὶ Μέθοδοι)","Abridgment of Arithmetic Tables, Weights and Measures (Part 1: The 4 operations, Part 2: Fractional numbers and Methods)","Τμῆμα α΄: σελ. 48, Τμῆμα β΄: σελ. 59","20 (Τμῆμα α΄), 30 (Τμῆμα β΄)",παρ.,
1895,IMG_1295.jpeg,"ΝΗΠΙΑΓΩΓΕΙΑ, ΔΗΜΟΤΙΚΑ ΣΧΟΛΕΙΑ, ΑΣΤΙΚΑΙ ΣΧΟΛΑΙ ΚΑΙ ΠΑΡΘΕΝΑΓΩΓΕΙΑ","Kindergartens, Primary Schools, Urban Schools and Girls' High Schools",,Γ. Κωνσταντινίδης,G. Konstantinidis,᾿Αριθμητικῆς πρῶτα στοιχεῖα κατ' ἐρωταπόκρισιν,First Elements of Arithmetic by Question and Answer,σελ. 96,"2, παρ. 20","γρ., παρ.",
1895,IMG_1295.jpeg,"ΝΗΠΙΑΓΩΓΕΙΑ, ΔΗΜΟΤΙΚΑ ΣΧΟΛΕΙΑ, ΑΣΤΙΚΑΙ ΣΧΟΛΑΙ ΚΑΙ ΠΑΡΘΕΝΑΓΩΓΕΙΑ","Kindergartens, Primary Schools, Urban Schools and Girls' High Schools",,Μ. Σακελλαρόπουλος,M. Sakellaropoulos,᾿Αριθμητικῶν Προβλημάτων Συλλογή,Collection of Arithmetic Problems,σελ. 51,"1, παρ. 10","γρ., παρ.",
1895,IMG_1295.jpeg,"ΝΗΠΙΑΓΩΓΕΙΑ, ΔΗΜΟΤΙΚΑ ΣΧΟΛΕΙΑ, ΑΣΤΙΚΑΙ ΣΧΟΛΑΙ ΚΑΙ ΠΑΡΘΕΝΑΓΩΓΕΙΑ","Kindergartens, Primary Schools, Urban Schools and Girls' High Schools",,Lamé Fleury,Lame Fleury,᾿Αρχαία Ἑλλάς,Ancient Greece,σελ. 250,5,γρ.,
1895,IMG_1296.jpeg,"ΝΗΠΙΑΓΩΓΕΙΑ, ΔΗΜΟΤΙΚΑ ΣΧΟΛΕΙΑ, ΑΣΤΙΚΑΙ ΣΧΟΛΑΙ ΚΑΙ ΠΑΡΘΕΝΑΓΩΓΕΙΑ","Kindergartens, Primary Schools, Urban Schools and Girls' High Schools",,Ἠλίας Τανταλίδης,Elias Tantalidis,Ἄσματα Ἠλία Τανταλίδου μετὰ τῆς εὐρωπαϊκῆς μελῳδίας,Songs of Elias Tantalidis with European melody,σελ. ιε'—118,8,γρ.,
1895,IMG_1296.jpeg,"ΝΗΠΙΑΓΩΓΕΙΑ, ΔΗΜΟΤΙΚΑ ΣΧΟΛΕΙΑ, ΑΣΤΙΚΑΙ ΣΧΟΛΑΙ ΚΑΙ ΠΑΡΘΕΝΑΓΩΓΕΙΑ","Kindergartens, Primary Schools, Urban Schools and Girls' High Schools",,Anonymous,Anonymous,"Αὐγὰ τοῦ Πάσχα, διήγημα","Easter Eggs, a story",σελ. 44,10,παρ.,
1895,IMG_1296.jpeg,"ΝΗΠΙΑΓΩΓΕΙΑ, ΔΗΜΟΤΙΚΑ ΣΧΟΛΕΙΑ, ΑΣΤΙΚΑΙ ΣΧΟΛΑΙ ΚΑΙ ΠΑΡΘΕΝΑΓΩΓΕΙΑ","Kindergartens, Primary Schools, Urban Schools and Girls' High Schools",,Ἀ. Ἀναγνωστόπουλος (κατὰ Δελαπάλη),A. Anagnostopoulos (after Delapalle),"Βιβλίον πρῶτον τῶν παίδων, ἠθικὰ μαθήματα","First book for children, moral lessons","τόμος α', σελ. 76",1 γρ. 20,γρ. / παρ.,Line crossed out in original document
1895,IMG_1296.jpeg,"ΝΗΠΙΑΓΩΓΕΙΑ, ΔΗΜΟΤΙΚΑ ΣΧΟΛΕΙΑ, ΑΣΤΙΚΑΙ ΣΧΟΛΑΙ ΚΑΙ ΠΑΡΘΕΝΑΓΩΓΕΙΑ","Kindergartens, Primary Schools, Urban Schools and Girls' High Schools",,Γ. Βρουνώ,G. Bruno,Βιβλίον πρῶτον ἀναγνώσεως καὶ διδασκαλίας μετὰ 70 εἰκόνων,First reading and instruction book with 70 illustrations,σελ. 150,4,γρ.,Line crossed out in original document
1895,IMG_1296.jpeg,"ΝΗΠΙΑΓΩΓΕΙΑ, ΔΗΜΟΤΙΚΑ ΣΧΟΛΕΙΑ, ΑΣΤΙΚΑΙ ΣΧΟΛΑΙ ΚΑΙ ΠΑΡΘΕΝΑΓΩΓΕΙΑ","Kindergartens, Primary Schools, Urban Schools and Girls' High Schools",,Γ. Παπαγεωργίου,G. Papageorgiou,Βίος τοῦ Μ. Ἀλεξάνδρου,Life of Alexander the Great,σ. 112,2,γρ.,
1895,IMG_1296.jpeg,"ΝΗΠΙΑΓΩΓΕΙΑ, ΔΗΜΟΤΙΚΑ ΣΧΟΛΕΙΑ, ΑΣΤΙΚΑΙ ΣΧΟΛΑΙ ΚΑΙ ΠΑΡΘΕΝΑΓΩΓΕΙΑ","Kindergartens, Primary Schools, Urban Schools and Girls' High Schools",,Δ. Μέλᾳς,D. Melas,Γεροστάθης,Gerostathis,σελ. 400,3,γρ.,
1895,IMG_1296.jpeg,"ΝΗΠΙΑΓΩΓΕΙΑ, ΔΗΜΟΤΙΚΑ ΣΧΟΛΕΙΑ, ΑΣΤΙΚΑΙ ΣΧΟΛΑΙ ΚΑΙ ΠΑΡΘΕΝΑΓΩΓΕΙΑ","Kindergartens, Primary Schools, Urban Schools and Girls' High Schools",,Anonymous,Anonymous,"Γέρων Ἀμβρόσιος, διήγημα","Old Ambrosios, a story",σελ. 104,1,γρ.,
1895,IMG_1296.jpeg,"ΝΗΠΙΑΓΩΓΕΙΑ, ΔΗΜΟΤΙΚΑ ΣΧΟΛΕΙΑ, ΑΣΤΙΚΑΙ ΣΧΟΛΑΙ ΚΑΙ ΠΑΡΘΕΝΑΓΩΓΕΙΑ","Kindergartens, Primary Schools, Urban Schools and Girls' High Schools",,Ἀπόστολος Βασακόπουλος,Apostolos Basakopoulos,"Γεωγραφία, Τεῦχος Α'","Geography, Issue A","ἐκδ. ε', 1895, σελ. 100",2.50,γρ.,"Awarded by the Greek Philological Society, with illustrations"
1895,IMG_1296.jpeg,"ΝΗΠΙΑΓΩΓΕΙΑ, ΔΗΜΟΤΙΚΑ ΣΧΟΛΕΙΑ, ΑΣΤΙΚΑΙ ΣΧΟΛΑΙ ΚΑΙ ΠΑΡΘΕΝΑΓΩΓΕΙΑ","Kindergartens, Primary Schools, Urban Schools and Girls' High Schools",,Ἀπόστολος Βασακόπουλος,Apostolos Basakopoulos,"Γεωγραφία, Τεῦχος Β'","Geography, Issue B","ἐκδ. ε', 1894, σελ. 128",4,γρ.,
1895,IMG_1296.jpeg,"ΝΗΠΙΑΓΩΓΕΙΑ, ΔΗΜΟΤΙΚΑ ΣΧΟΛΕΙΑ, ΑΣΤΙΚΑΙ ΣΧΟΛΑΙ ΚΑΙ ΠΑΡΘΕΝΑΓΩΓΕΙΑ","Kindergartens, Primary Schools, Urban Schools and Girls' High Schools",,Ἀπόστολος Βασακόπουλος,Apostolos Basakopoulos,"Γεωγραφία, Τεῦχος Γ'","Geography, Issue C","ἐκδ. δ', 1894, σελ. δ'-168",5,γρ.,
1895,IMG_1296.jpeg,"ΝΗΠΙΑΓΩΓΕΙΑ, ΔΗΜΟΤΙΚΑ ΣΧΟΛΕΙΑ, ΑΣΤΙΚΑΙ ΣΧΟΛΑΙ ΚΑΙ ΠΑΡΘΕΝΑΓΩΓΕΙΑ","Kindergartens, Primary Schools, Urban Schools and Girls' High Schools",,Ι. Δραΐκης,I. Draikis,Γεωγραφία,Geography,σελ. 60,30,παρ.,
1895,IMG_1296.jpeg,"ΝΗΠΙΑΓΩΓΕΙΑ, ΔΗΜΟΤΙΚΑ ΣΧΟΛΕΙΑ, ΑΣΤΙΚΑΙ ΣΧΟΛΑΙ ΚΑΙ ΠΑΡΘΕΝΑΓΩΓΕΙΑ","Kindergartens, Primary Schools, Urban Schools and Girls' High Schools",,Δόμνη Θωμᾶ,Domni Thoma,"Γεωγραφία, τεῦχ. Α'","Geography, Issue A",τεῦχ. Α',3 γρ. 20,γρ. / παρ.,
1895,IMG_1296.jpeg,"ΝΗΠΙΑΓΩΓΕΙΑ, ΔΗΜΟΤΙΚΑ ΣΧΟΛΕΙΑ, ΑΣΤΙΚΑΙ ΣΧΟΛΑΙ ΚΑΙ ΠΑΡΘΕΝΑΓΩΓΕΙΑ","Kindergartens, Primary Schools, Urban Schools and Girls' High Schools",,Δόμνη Θωμᾶ,Domni Thoma,"Γεωγραφία, τεῦχ. Β'","Geography, Issue B",τεῦχ. Β',3 γρ. 20,γρ. / παρ.,
1895,IMG_1296.jpeg,"ΝΗΠΙΑΓΩΓΕΙΑ, ΔΗΜΟΤΙΚΑ ΣΧΟΛΕΙΑ, ΑΣΤΙΚΑΙ ΣΧΟΛΑΙ ΚΑΙ ΠΑΡΘΕΝΑΓΩΓΕΙΑ","Kindergartens, Primary Schools, Urban Schools and Girls' High Schools",,Γρ. Π. Κακάβας καὶ Π. Ι. Κομνηνός,Gr. P. Kakavas and P. I. Komninos,Γεωγραφία μετὰ χαρτῶν,Geography with maps,Φυλλάδιον Α' χαρτόδετον συνοδευόμενον καὶ ὑπὸ φυλλαδίου χαρτῶν βωβῶν,10,γρ.,Includes accompanying booklet of blank maps
1895,IMG_1296.jpeg,"ΝΗΠΙΑΓΩΓΕΙΑ, ΔΗΜΟΤΙΚΑ ΣΧΟΛΕΙΑ, ΑΣΤΙΚΑΙ ΣΧΟΛΑΙ ΚΑΙ ΠΑΡΘΕΝΑΓΩΓΕΙΑ","Kindergartens, Primary Schools, Urban Schools and Girls' High Schools",,Δ. Π. Μελανδινός,D. P. Melandinos,Γεωγραφία στοιχειώδης,Elementary Geography,σελ. 152,5,γρ.,
1895,IMG_1296.jpeg,"ΝΗΠΙΑΓΩΓΕΙΑ, ΔΗΜΟΤΙΚΑ ΣΧΟΛΕΙΑ, ΑΣΤΙΚΑΙ ΣΧΟΛΑΙ ΚΑΙ ΠΑΡΘΕΝΑΓΩΓΕΙΑ","Kindergartens, Primary Schools, Urban Schools and Girls' High Schools",,Ἀθ. Σακελλάριος,Ath. Sakellarios,Γεωγραφία στοιχειώδης,Elementary Geography,"8ον, σελ. 60",1 γρ. 20,γρ. / παρ.,
1895,IMG_1296.jpeg,"ΝΗΠΙΑΓΩΓΕΙΑ, ΔΗΜΟΤΙΚΑ ΣΧΟΛΕΙΑ, ΑΣΤΙΚΑΙ ΣΧΟΛΑΙ ΚΑΙ ΠΑΡΘΕΝΑΓΩΓΕΙΑ","Kindergartens, Primary Schools, Urban Schools and Girls' High Schools",,Κ. Σ. Παρίτσης,K. S. Paritsis,Γεωγραφία ἁγίας Γῆς,Geography of the Holy Land,σελ. 35,2 γρ. 20,γρ. / παρ.,
1895,IMG_1296.jpeg,"ΝΗΠΙΑΓΩΓΕΙΑ, ΔΗΜΟΤΙΚΑ ΣΧΟΛΕΙΑ, ΑΣΤΙΚΑΙ ΣΧΟΛΑΙ ΚΑΙ ΠΑΡΘΕΝΑΓΩΓΕΙΑ","Kindergartens, Primary Schools, Urban Schools and Girls' High Schools",,Ν. Γεωργιάδης,N. Georgiadis,Γεωγραφίας μαθήματα,Geography lessons,,3 γρ. 30,γρ. / παρ.,Line crossed out in original document
1895,IMG_1296.jpeg,"ΝΗΠΙΑΓΩΓΕΙΑ, ΔΗΜΟΤΙΚΑ ΣΧΟΛΕΙΑ, ΑΣΤΙΚΑΙ ΣΧΟΛΑΙ ΚΑΙ ΠΑΡΘΕΝΑΓΩΓΕΙΑ","Kindergartens, Primary Schools, Urban Schools and Girls' High Schools",,Δ. Πανταζῆς,D. Pantazis,Γεωγραφίας ἱερᾶς ἐπιτομή,Epitome of Sacred Geography,σελ. 20,1,γρ.,
1895,IMG_1296.jpeg,"ΝΗΠΙΑΓΩΓΕΙΑ, ΔΗΜΟΤΙΚΑ ΣΧΟΛΕΙΑ, ΑΣΤΙΚΑΙ ΣΧΟΛΑΙ ΚΑΙ ΠΑΡΘΕΝΑΓΩΓΕΙΑ","Kindergartens, Primary Schools, Urban Schools and Girls' High Schools",,Π. Παπαρρούσης,P. Paparrousis,"Γεωγραφίας στοιχεῖα, Τεῦχος Α'","Elements of Geography, Issue A","τεῦχος Α', σελ. 52",2,γρ.,
1895,IMG_1296.jpeg,"ΝΗΠΙΑΓΩΓΕΙΑ, ΔΗΜΟΤΙΚΑ ΣΧΟΛΕΙΑ, ΑΣΤΙΚΑΙ ΣΧΟΛΑΙ ΚΑΙ ΠΑΡΘΕΝΑΓΩΓΕΙΑ","Kindergartens, Primary Schools, Urban Schools and Girls' High Schools",,Π. Παπαρρούσης,P. Paparrousis,"Γεωγραφίας στοιχεῖα, Τεῦχος Β'","Elements of Geography, Issue B","Τεῦχος Β', σελ. 136",3,γρ.,
1895,IMG_1296.jpeg,"ΝΗΠΙΑΓΩΓΕΙΑ, ΔΗΜΟΤΙΚΑ ΣΧΟΛΕΙΑ, ΑΣΤΙΚΑΙ ΣΧΟΛΑΙ ΚΑΙ ΠΑΡΘΕΝΑΓΩΓΕΙΑ","Kindergartens, Primary Schools, Urban Schools and Girls' High Schools",,Π. Παπαρρούσης,P. Paparrousis,"Γεωγραφίας στοιχεῖα, Τεῦχος Γ'","Elements of Geography, Issue C",Τεῦχος Γ',6,γρ.,
1895,IMG_1296.jpeg,"ΝΗΠΙΑΓΩΓΕΙΑ, ΔΗΜΟΤΙΚΑ ΣΧΟΛΕΙΑ, ΑΣΤΙΚΑΙ ΣΧΟΛΑΙ ΚΑΙ ΠΑΡΘΕΝΑΓΩΓΕΙΑ","Kindergartens, Primary Schools, Urban Schools and Girls' High Schools",,Θ. Ν. Ἀποστολόπουλος,Th. N. Apostolopoulos,Γραμματικὴ εὐμέθοδος τῆς ἐλληνικῆς γλώσσης,Methodical Grammar of the Greek language,σελ. 120,2 γρ. 20,γρ. / παρ.,
1895,IMG_1297.jpeg,"ΝΗΠΙΑΓΩΓΕΙΑ, ΔΗΜΟΤΙΚΑ ΣΧΟΛΕΙΑ, ΑΣΤΙΚΑΙ ΣΧΟΛΑΙ ΚΑΙ ΠΑΡΘΕΝΑΓΩΓΕΙΑ","Kindergartens, Primary Schools, Urban Schools and Girls' High Schools",,Γ. Γεράκης,G. Gerakis,"Γραμματικὴ τῆς νέας ἑλληνικῆς γλώσσης, μετὰ γυμνασμάτων","Grammar of the Modern Greek Language, with exercises",σελ. 160,1.20,γρ.,
1895,IMG_1297.jpeg,"ΝΗΠΙΑΓΩΓΕΙΑ, ΔΗΜΟΤΙΚΑ ΣΧΟΛΕΙΑ, ΑΣΤΙΚΑΙ ΣΧΟΛΑΙ ΚΑΙ ΠΑΡΘΕΝΑΓΩΓΕΙΑ","Kindergartens, Primary Schools, Urban Schools and Girls' High Schools",,Πρόδρομος Εὐτυχίδης,Prodromos Eutychidis,"Γραμματικὴ τῆς Νεωτέρας Ἑλληνικῆς Γλώσσης, μετὰ γυμνασμάτων, εἰς τρεῖς κύκλους. Κύκλος Α΄","Grammar of Modern Greek Language, with exercises, in three cycles. Cycle I",σελίδ. 1-92,2,γρ., Includes publisher commentary.
1895,IMG_1297.jpeg,"ΝΗΠΙΑΓΩΓΕΙΑ, ΔΗΜΟΤΙΚΑ ΣΧΟΛΕΙΑ, ΑΣΤΙΚΑΙ ΣΧΟΛΑΙ ΚΑΙ ΠΑΡΘΕΝΑΓΩΓΕΙΑ","Kindergartens, Primary Schools, Urban Schools and Girls' High Schools",,Πρόδρομος Εὐτυχίδης,Prodromos Eutychidis,"Γραμματικὴ τῆς Νεωτέρας Ἑλληνικῆς Γλώσσης, μετὰ γυμνασμάτων, εἰς τρεῖς κύκλους. Κύκλος Β΄","Grammar of Modern Greek Language, with exercises, in three cycles. Cycle II",σελ. δ΄-124,3,γρ.,
1895,IMG_1297.jpeg,"ΝΗΠΙΑΓΩΓΕΙΑ, ΔΗΜΟΤΙΚΑ ΣΧΟΛΕΙΑ, ΑΣΤΙΚΑΙ ΣΧΟΛΑΙ ΚΑΙ ΠΑΡΘΕΝΑΓΩΓΕΙΑ","Kindergartens, Primary Schools, Urban Schools and Girls' High Schools",,Πρόδρομος Εὐτυχίδης,Prodromos Eutychidis,"Γραμματικὴ τῆς Νεωτέρας Ἑλληνικῆς Γλώσσης, μετὰ γυμνασμάτων, εἰς τρεῖς κύκλους. Κύκλος Γ΄","Grammar of Modern Greek Language, with exercises, in three cycles. Cycle III",σελ. ϛ΄-226,5,γρ.,
1895,IMG_1297.jpeg,"ΝΗΠΙΑΓΩΓΕΙΑ, ΔΗΜΟΤΙΚΑ ΣΧΟΛΕΙΑ, ΑΣΤΙΚΑΙ ΣΧΟΛΑΙ ΚΑΙ ΠΑΡΘΕΝΑΓΩΓΕΙΑ","Kindergartens, Primary Schools, Urban Schools and Girls' High Schools",,Γεώργιος Ι. Κούζος,Georgios I. Kouzos,"Γραμματικὴ τῆς Νέας Ἑλληνικῆς Γλώσσης, εἰς τεύχη δύο. Τεῦχος Α΄","Grammar of the Modern Greek Language, in two volumes. Volume I",σελ. 128,3,γρ.,Includes publisher commentary.
1895,IMG_1297.jpeg,"ΝΗΠΙΑΓΩΓΕΙΑ, ΔΗΜΟΤΙΚΑ ΣΧΟΛΕΙΑ, ΑΣΤΙΚΑΙ ΣΧΟΛΑΙ ΚΑΙ ΠΑΡΘΕΝΑΓΩΓΕΙΑ","Kindergartens, Primary Schools, Urban Schools and Girls' High Schools",,Γεώργιος Ι. Κούζος,Georgios I. Kouzos,"Γραμματικὴ τῆς Νέας Ἑλληνικῆς Γλώσσης, εἰς τεύχη δύο. Τεῦχος Β΄","Grammar of the Modern Greek Language, in two volumes. Volume II",σελ. 160,4,γρ.,
1895,IMG_1297.jpeg,"ΝΗΠΙΑΓΩΓΕΙΑ, ΔΗΜΟΤΙΚΑ ΣΧΟΛΕΙΑ, ΑΣΤΙΚΑΙ ΣΧΟΛΑΙ ΚΑΙ ΠΑΡΘΕΝΑΓΩΓΕΙΑ","Kindergartens, Primary Schools, Urban Schools and Girls' High Schools",,Ν. Εὐστάθιος καὶ Ἀ. Κουζουλάρης,N. Eustathiou and A. Kouzoularis,"Γραμματικῆς τῆς νέας ἑλληνικῆς Ἐγχειρίδιον, τεῦχος Α΄","Manual of Modern Greek Grammar, volume I",σελ. ϛ΄-64,2,γρ.,
1895,IMG_1297.jpeg,"ΝΗΠΙΑΓΩΓΕΙΑ, ΔΗΜΟΤΙΚΑ ΣΧΟΛΕΙΑ, ΑΣΤΙΚΑΙ ΣΧΟΛΑΙ ΚΑΙ ΠΑΡΘΕΝΑΓΩΓΕΙΑ","Kindergartens, Primary Schools, Urban Schools and Girls' High Schools",,Ν. Εὐστάθιος καὶ Ἀ. Κουζουλάρης,N. Eustathiou and A. Kouzoularis,"Γραμματικῆς τῆς νέας ἑλληνικῆς Ἐγχειρίδιον, τεῦχος Β΄","Manual of Modern Greek Grammar, volume II",σελ. 80,2.20,γρ.,
1895,IMG_1297.jpeg,"ΝΗΠΙΑΓΩΓΕΙΑ, ΔΗΜΟΤΙΚΑ ΣΧΟΛΕΙΑ, ΑΣΤΙΚΑΙ ΣΧΟΛΑΙ ΚΑΙ ΠΑΡΘΕΝΑΓΩΓΕΙΑ","Kindergartens, Primary Schools, Urban Schools and Girls' High Schools",,Ν. Εὐστάθιος καὶ Ἀ. Κουζουλάρης,N. Eustathiou and A. Kouzoularis,"Γραμματικῆς τῆς νέας ἑλληνικῆς Ἐγχειρίδιον, τεῦχος Γ΄","Manual of Modern Greek Grammar, volume III",σελ. 128,3.20,γρ.,
1895,IMG_1298.jpeg,"ΝΗΠΙΑΓΩΓΕΙΑ, ΔΗΜΟΤΙΚΑ ΣΧΟΛΕΙΑ, ΑΣΤΙΚΑΙ ΣΧΟΛΑΙ ΚΑΙ ΠΑΡΘΕΝΑΓΩΓΕΙΑ","Kindergartens, Primary Schools, Urban Schools and Girls' High Schools",,Β. Δ. Καλλίφρονος,V. D. Kalliphronos,"Γραμματικῆς ἐλληνικῆς Ἐγχειρίδιον, κατ' ἐρωταπόκρισιν","Handbook of Greek Grammar, by Question and Answer","8ον, σελ. 124",3,γρ.,
1895,IMG_1298.jpeg,"ΝΗΠΙΑΓΩΓΕΙΑ, ΔΗΜΟΤΙΚΑ ΣΧΟΛΕΙΑ, ΑΣΤΙΚΑΙ ΣΧΟΛΑΙ ΚΑΙ ΠΑΡΘΕΝΑΓΩΓΕΙΑ","Kindergartens, Primary Schools, Urban Schools and Girls' High Schools",,Γ. Δ. Ζηκίδου,G. D. Zikidis,Γραμματικῆς ἐλληνικῆς (τῆς νέας) Ἐγχειρίδιον,Handbook of Greek Grammar (Modern),"8ον, σελ. 64",3.20,γρ. π.,Price listed as 3 γρ. 20 π.
1895,IMG_1298.jpeg,"ΝΗΠΙΑΓΩΓΕΙΑ, ΔΗΜΟΤΙΚΑ ΣΧΟΛΕΙΑ, ΑΣΤΙΚΑΙ ΣΧΟΛΑΙ ΚΑΙ ΠΑΡΘΕΝΑΓΩΓΕΙΑ","Kindergartens, Primary Schools, Urban Schools and Girls' High Schools",,Π. Π. Οἰκονόμου,P. P. Oikonomos,Γραμματικῆς ἐλληνικῆς Ἐγχειρίδιον,Handbook of Greek Grammar,"8ον, σελ. 96",3,γρ.,
1895,IMG_1298.jpeg,"ΝΗΠΙΑΓΩΓΕΙΑ, ΔΗΜΟΤΙΚΑ ΣΧΟΛΕΙΑ, ΑΣΤΙΚΑΙ ΣΧΟΛΑΙ ΚΑΙ ΠΑΡΘΕΝΑΓΩΓΕΙΑ","Kindergartens, Primary Schools, Urban Schools and Girls' High Schools",,Γρ. Κανέλλου,Gr. Kanellos,Γραμματικὴ Στοιχειώδης ἐλληνική,Elementary Greek Grammar,"8ον, σελ. 76",2,γρ.,Text strikethrough in original print/markup
1895,IMG_1298.jpeg,"ΝΗΠΙΑΓΩΓΕΙΑ, ΔΗΜΟΤΙΚΑ ΣΧΟΛΕΙΑ, ΑΣΤΙΚΑΙ ΣΧΟΛΑΙ ΚΑΙ ΠΑΡΘΕΝΑΓΩΓΕΙΑ","Kindergartens, Primary Schools, Urban Schools and Girls' High Schools",,Ἀθ. Σακελλαρίου,Ath. Sakellarios,Γραμματικὴ ἐλληνικὴ Στοιχειώδης ὑπὸ τὸν τίτλον «Νικᾷ δ' ὁ κάρρων»,"Elementary Greek Grammar under the title ""Nika d' o karron""","8ον, σελ. 76",1.20,γρ. π.,Price listed as 1 γρ. 20 π.
1895,IMG_1298.jpeg,"ΝΗΠΙΑΓΩΓΕΙΑ, ΔΗΜΟΤΙΚΑ ΣΧΟΛΕΙΑ, ΑΣΤΙΚΑΙ ΣΧΟΛΑΙ ΚΑΙ ΠΑΡΘΕΝΑΓΩΓΕΙΑ","Kindergartens, Primary Schools, Urban Schools and Girls' High Schools",,Λουκᾶ Χριστοδούλου,Loukas Christodoulou,Γραμματικὴ τῆς ἐλληνικῆς γλώσσης,Grammar of the Greek Language,"8ον, σελ. 144",2.10,γρ. παρ.,Asterisk in original; price listed as 2 γρ. 10 παρ.
1895,IMG_1298.jpeg,"ΝΗΠΙΑΓΩΓΕΙΑ, ΔΗΜΟΤΙΚΑ ΣΧΟΛΕΙΑ, ΑΣΤΙΚΑΙ ΣΧΟΛΑΙ ΚΑΙ ΠΑΡΘΕΝΑΓΩΓΕΙΑ","Kindergartens, Primary Schools, Urban Schools and Girls' High Schools",,Ἀρ. Π. Κουρτίδου,Ar. P. Kourtidis,Διάλογοι Παιδικοί,Children's Dialogues,σελ. 191,8,γρ.,
1895,IMG_1298.jpeg,"ΝΗΠΙΑΓΩΓΕΙΑ, ΔΗΜΟΤΙΚΑ ΣΧΟΛΕΙΑ, ΑΣΤΙΚΑΙ ΣΧΟΛΑΙ ΚΑΙ ΠΑΡΘΕΝΑΓΩΓΕΙΑ","Kindergartens, Primary Schools, Urban Schools and Girls' High Schools",,Σπ. Ἀντωνιάδου,Sp. Antoniadis,Διδασκαλία ἐλληνικῆς Ἱστορίας Ἰρβίγγος,Teaching of Greek History by Irving,σελ. β' - 64,30,παρ.,
1895,IMG_1298.jpeg,"ΝΗΠΙΑΓΩΓΕΙΑ, ΔΗΜΟΤΙΚΑ ΣΧΟΛΕΙΑ, ΑΣΤΙΚΑΙ ΣΧΟΛΑΙ ΚΑΙ ΠΑΡΘΕΝΑΓΩΓΕΙΑ","Kindergartens, Primary Schools, Urban Schools and Girls' High Schools",,Σπ. Ἀντωνιάδου,Sp. Antoniadis,Διδασκαλία ἐλληνικῆς Ἱστορίας Ἰρβίγγος,Teaching of Greek History by Irving,σελ. δ' - 172,4,γρ.,Text underlined/crossed out in blue
1895,IMG_1298.jpeg,"ΝΗΠΙΑΓΩΓΕΙΑ, ΔΗΜΟΤΙΚΑ ΣΧΟΛΕΙΑ, ΑΣΤΙΚΑΙ ΣΧΟΛΑΙ ΚΑΙ ΠΑΡΘΕΝΑΓΩΓΕΙΑ","Kindergartens, Primary Schools, Urban Schools and Girls' High Schools",,Ἰ. Ἀ. Βρετοῦ,I. A. Vretos,Διδάσκαλος,The Teacher,σελ. 64,2,γρ.,Text underlined in blue
1895,IMG_1298.jpeg,"ΝΗΠΙΑΓΩΓΕΙΑ, ΔΗΜΟΤΙΚΑ ΣΧΟΛΕΙΑ, ΑΣΤΙΚΑΙ ΣΧΟΛΑΙ ΚΑΙ ΠΑΡΘΕΝΑΓΩΓΕΙΑ","Kindergartens, Primary Schools, Urban Schools and Girls' High Schools",,Ἰ. Βρετοῦ,I. Vretos,Διηγήματα ἠθικά,Moral Stories,"ἔτος Β', σελ. 64",2,γρ.,
1895,IMG_1298.jpeg,"ΝΗΠΙΑΓΩΓΕΙΑ, ΔΗΜΟΤΙΚΑ ΣΧΟΛΕΙΑ, ΑΣΤΙΚΑΙ ΣΧΟΛΑΙ ΚΑΙ ΠΑΡΘΕΝΑΓΩΓΕΙΑ","Kindergartens, Primary Schools, Urban Schools and Girls' High Schools",,Φιλεκπαιδευτικὴ Ἑταιρεία,Philekpaideutiki Etaireia,Διηγήματα καὶ πρακτικὰ μαθήματα,Stories and Practical Lessons,"8ον, σελ. 224",9,γρ.,Author indicated as 'ὑπὸ τῆς ἐν Ἀθήναις Φιλεκπαιδευτικῆς Ἑταιρείας'
1895,IMG_1298.jpeg,"ΝΗΠΙΑΓΩΓΕΙΑ, ΔΗΜΟΤΙΚΑ ΣΧΟΛΕΙΑ, ΑΣΤΙΚΑΙ ΣΧΟΛΑΙ ΚΑΙ ΠΑΡΘΕΝΑΓΩΓΕΙΑ","Kindergartens, Primary Schools, Urban Schools and Girls' High Schools",,Ἀριστ. Π. Κουρτίδου,Arist. P. Kourtidis,Διηγήματα Παιδικά,Children's Stories,σελ. 183,9,γρ.,
1895,IMG_1298.jpeg,"ΝΗΠΙΑΓΩΓΕΙΑ, ΔΗΜΟΤΙΚΑ ΣΧΟΛΕΙΑ, ΑΣΤΙΚΑΙ ΣΧΟΛΑΙ ΚΑΙ ΠΑΡΘΕΝΑΓΩΓΕΙΑ","Kindergartens, Primary Schools, Urban Schools and Girls' High Schools",,Γ. Κωνσταντινίδου,G. Konstantinidis,Διηγήματα παιδικὰ δώδεκα,Twelve Children's Stories,σελ. 144,1.20,γρ. π.,Asterisk in original; strikethrough text
1895,IMG_1298.jpeg,"ΝΗΠΙΑΓΩΓΕΙΑ, ΔΗΜΟΤΙΚΑ ΣΧΟΛΕΙΑ, ΑΣΤΙΚΑΙ ΣΧΟΛΑΙ ΚΑΙ ΠΑΡΘΕΝΑΓΩΓΕΙΑ","Kindergartens, Primary Schools, Urban Schools and Girls' High Schools",,Π. Π. Οἰκονόμου,P. P. Oikonomos,Διηγήματα καθ' Ὅμηρον καὶ τοὺς τραγικούς,Stories According to Homer and the Tragedians,σελ. 129,2,γρ.,
1895,IMG_1298.jpeg,"ΝΗΠΙΑΓΩΓΕΙΑ, ΔΗΜΟΤΙΚΑ ΣΧΟΛΕΙΑ, ΑΣΤΙΚΑΙ ΣΧΟΛΑΙ ΚΑΙ ΠΑΡΘΕΝΑΓΩΓΕΙΑ","Kindergartens, Primary Schools, Urban Schools and Girls' High Schools",,Ἀρσ. Παπαδοπούλου,Ars. Papadopoulos,Διηγήματα εἴκοσι,Twenty Stories,σ. 40,2.20,γρ. π.,Price listed as 2 γρ. 20 π.
1895,IMG_1298.jpeg,"ΝΗΠΙΑΓΩΓΕΙΑ, ΔΗΜΟΤΙΚΑ ΣΧΟΛΕΙΑ, ΑΣΤΙΚΑΙ ΣΧΟΛΑΙ ΚΑΙ ΠΑΡΘΕΝΑΓΩΓΕΙΑ","Kindergartens, Primary Schools, Urban Schools and Girls' High Schools",,Π. Περρῆ,P. Perris,Διηγήματα τρία,Three Stories,"σελ. 62, χαρτόδετον",1,γρ.,Asterisk in original
1895,IMG_1298.jpeg,"ΝΗΠΙΑΓΩΓΕΙΑ, ΔΗΜΟΤΙΚΑ ΣΧΟΛΕΙΑ, ΑΣΤΙΚΑΙ ΣΧΟΛΑΙ ΚΑΙ ΠΑΡΘΕΝΑΓΩΓΕΙΑ","Kindergartens, Primary Schools, Urban Schools and Girls' High Schools",,Μαριέττας Σ. Ῥάλλη,Marietta S. Ralli,Διηγήματα μητρὸς ἐκ τῆς Βίβλου,Mother's Stories from the Bible,σελ. 160,5,γρ.,
1895,IMG_1298.jpeg,"ΝΗΠΙΑΓΩΓΕΙΑ, ΔΗΜΟΤΙΚΑ ΣΧΟΛΕΙΑ, ΑΣΤΙΚΑΙ ΣΧΟΛΑΙ ΚΑΙ ΠΑΡΘΕΝΑΓΩΓΕΙΑ","Kindergartens, Primary Schools, Urban Schools and Girls' High Schools",,Ν. Δαμπίση,N. Dampisis,"Δισσάκιον τοῦ Αἰσώπου, συλλογὴ ἐμμέτρων μύθων","Aesop's Pouch, Collection of Verse Fables",σελ. 84,2.20,γρ. παρ.,Price listed as 2 γρ. 20 παρ.
1895,IMG_1298.jpeg,"ΝΗΠΙΑΓΩΓΕΙΑ, ΔΗΜΟΤΙΚΑ ΣΧΟΛΕΙΑ, ΑΣΤΙΚΑΙ ΣΧΟΛΑΙ ΚΑΙ ΠΑΡΘΕΝΑΓΩΓΕΙΑ","Kindergartens, Primary Schools, Urban Schools and Girls' High Schools",,Ἀρ. Π. Κουρτίδου,Ar. P. Kourtidis,Δραμάτια καὶ Κωμῳδίαι,Short Plays and Comedies,σελ. 193,9,γρ.,
1895,IMG_1298.jpeg,"ΝΗΠΙΑΓΩΓΕΙΑ, ΔΗΜΟΤΙΚΑ ΣΧΟΛΕΙΑ, ΑΣΤΙΚΑΙ ΣΧΟΛΑΙ ΚΑΙ ΠΑΡΘΕΝΑΓΩΓΕΙΑ","Kindergartens, Primary Schools, Urban Schools and Girls' High Schools",,Ἰ. Δ. Ἀριστοκλέους,I. D. Aristokleous,Ἐγκόλπιον μητρικόν,Mother's Manual,8ον,9,γρ.,Asterisk in original
1895,IMG_1298.jpeg,"ΝΗΠΙΑΓΩΓΕΙΑ, ΔΗΜΟΤΙΚΑ ΣΧΟΛΕΙΑ, ΑΣΤΙΚΑΙ ΣΧΟΛΑΙ ΚΑΙ ΠΑΡΘΕΝΑΓΩΓΕΙΑ","Kindergartens, Primary Schools, Urban Schools and Girls' High Schools",,Δ. Θεανοπούλου,D. Theanopoulos,Ἐγκυκλοπαιδεία παιδική,Children's Encyclopedia,"Ἔτος Β', σελ. 160 / Ἔτος Γ', σελ. 178 / Ἔτος Δ', σελ. 192",2,γρ.,"Asterisk in original; price 2 γρ. per volume/year (Year B, C, D)"
1895,IMG_1298.jpeg,"ΝΗΠΙΑΓΩΓΕΙΑ, ΔΗΜΟΤΙΚΑ ΣΧΟΛΕΙΑ, ΑΣΤΙΚΑΙ ΣΧΟΛΑΙ ΚΑΙ ΠΑΡΘΕΝΑΓΩΓΕΙΑ","Kindergartens, Primary Schools, Urban Schools and Girls' High Schools",,Χ. Πουλίου,Ch. Poulios,Ἐγκυκλοπαιδεία παιδική,Children's Encyclopedia,Ἕκαστον τεῦχ.,2,γρ.,Asterisk in original
1895,IMG_1299.jpeg,"ΝΗΠΙΑΓΩΓΕΙΑ, ΔΗΜΟΤΙΚΑ ΣΧΟΛΕΙΑ, ΑΣΤΙΚΑΙ ΣΧΟΛΑΙ ΚΑΙ ΠΑΡΘΕΝΑΓΩΓΕΙΑ","Kindergartens, Primary Schools, Urban Schools and Girls' High Schools",,Ἀθ. Σακελλαρίου,Ath. Sakellariou,Ἐγκυκλοπαιδεία παιδική,Children's Encyclopedia,σελ. δ' — 144,3,γρ.,
1895,IMG_1299.jpeg,"ΝΗΠΙΑΓΩΓΕΙΑ, ΔΗΜΟΤΙΚΑ ΣΧΟΛΕΙΑ, ΑΣΤΙΚΑΙ ΣΧΟΛΑΙ ΚΑΙ ΠΑΡΘΕΝΑΓΩΓΕΙΑ","Kindergartens, Primary Schools, Urban Schools and Girls' High Schools",,Β. Δ. Καλλίφρονος,V. D. Kallifronos,Ἐγχειρίδιον μαθημάτων θρησκευτικῶν,Manual of Religious Lessons,σελ. 74,1 παρ. 20,γρ.,
1895,IMG_1299.jpeg,"ΝΗΠΙΑΓΩΓΕΙΑ, ΔΗΜΟΤΙΚΑ ΣΧΟΛΕΙΑ, ΑΣΤΙΚΑΙ ΣΧΟΛΑΙ ΚΑΙ ΠΑΡΘΕΝΑΓΩΓΕΙΑ","Kindergartens, Primary Schools, Urban Schools and Girls' High Schools",,Ε. Δ. Ρ.,E. D. R.,Ἐγχειρίδιον ἐναρέτων πράξεων,Manual of Virtuous Actions,σελ. 96,1 παρ. 20,γρ.,Crossed out in blue ink
1895,IMG_1299.jpeg,"ΝΗΠΙΑΓΩΓΕΙΑ, ΔΗΜΟΤΙΚΑ ΣΧΟΛΕΙΑ, ΑΣΤΙΚΑΙ ΣΧΟΛΑΙ ΚΑΙ ΠΑΡΘΕΝΑΓΩΓΕΙΑ","Kindergartens, Primary Schools, Urban Schools and Girls' High Schools",,N/A,N/A,Ἐξωκκλήσιον τοῦ δάσους,The Country Chapel in the Forest,σελ. 16,20,παρ.,
1895,IMG_1299.jpeg,"ΝΗΠΙΑΓΩΓΕΙΑ, ΔΗΜΟΤΙΚΑ ΣΧΟΛΕΙΑ, ΑΣΤΙΚΑΙ ΣΧΟΛΑΙ ΚΑΙ ΠΑΡΘΕΝΑΓΩΓΕΙΑ","Kindergartens, Primary Schools, Urban Schools and Girls' High Schools",,Α. Σικελιανοῦ,A. Sikelianos,Ἐπιστολαὶ διδασκάλου πρὸς μαθητήν,Letters from a Teacher to a Student,σελ. 190,5,γρ.,Pencil cross mark in left margin
1895,IMG_1299.jpeg,"ΝΗΠΙΑΓΩΓΕΙΑ, ΔΗΜΟΤΙΚΑ ΣΧΟΛΕΙΑ, ΑΣΤΙΚΑΙ ΣΧΟΛΑΙ ΚΑΙ ΠΑΡΘΕΝΑΓΩΓΕΙΑ","Kindergartens, Primary Schools, Urban Schools and Girls' High Schools",,N/A,N/A,Ἐργόχειρα καλλιτεχνικά,Artistic Handiwork,"8ον, σελ. ιβ'—59",9,γρ.,
1895,IMG_1299.jpeg,"ΝΗΠΙΑΓΩΓΕΙΑ, ΔΗΜΟΤΙΚΑ ΣΧΟΛΕΙΑ, ΑΣΤΙΚΑΙ ΣΧΟΛΑΙ ΚΑΙ ΠΑΡΘΕΝΑΓΩΓΕΙΑ","Kindergartens, Primary Schools, Urban Schools and Girls' High Schools",,Ι. Α. Βρετοῦ,I. A. Vretos,Ἐρημίτης,The Hermit,σελ. 64,1,γρ.,Underlined in blue ink
1895,IMG_1299.jpeg,"ΝΗΠΙΑΓΩΓΕΙΑ, ΔΗΜΟΤΙΚΑ ΣΧΟΛΕΙΑ, ΑΣΤΙΚΑΙ ΣΧΟΛΑΙ ΚΑΙ ΠΑΡΘΕΝΑΓΩΓΕΙΑ","Kindergartens, Primary Schools, Urban Schools and Girls' High Schools",,Ι. Ε. Μεσολωρᾶ,I. E. Mesoloras,Ἐρμηνεία πρακτικὴ καὶ κείμενον Εὐαγγελίων,Practical Interpretation and Text of the Gospels,"8ον, σελ. 208",5,γρ.,
1895,IMG_1299.jpeg,"ΝΗΠΙΑΓΩΓΕΙΑ, ΔΗΜΟΤΙΚΑ ΣΧΟΛΕΙΑ, ΑΣΤΙΚΑΙ ΣΧΟΛΑΙ ΚΑΙ ΠΑΡΘΕΝΑΓΩΓΕΙΑ","Kindergartens, Primary Schools, Urban Schools and Girls' High Schools",,Μ. Χαμουδοπούλου,M. Chamoudopoulos,Ἐρμηνεία Λειτουργίας,Interpretation of the Divine Liturgy,σελ. 196,6,γρ.,
1895,IMG_1299.jpeg,"ΝΗΠΙΑΓΩΓΕΙΑ, ΔΗΜΟΤΙΚΑ ΣΧΟΛΕΙΑ, ΑΣΤΙΚΑΙ ΣΧΟΛΑΙ ΚΑΙ ΠΑΡΘΕΝΑΓΩΓΕΙΑ","Kindergartens, Primary Schools, Urban Schools and Girls' High Schools",,Ι. Α. Βρετοῦ,I. A. Vretos,Ζωολογία,Zoology,σελ. 64,1 παρ. 20,γρ.,
1895,IMG_1299.jpeg,"ΝΗΠΙΑΓΩΓΕΙΑ, ΔΗΜΟΤΙΚΑ ΣΧΟΛΕΙΑ, ΑΣΤΙΚΑΙ ΣΧΟΛΑΙ ΚΑΙ ΠΑΡΘΕΝΑΓΩΓΕΙΑ","Kindergartens, Primary Schools, Urban Schools and Girls' High Schools",,Καρπαντιέ,Carpentier,Ζωολογία,Zoology,σελ. 122,4,γρ.,
1895,IMG_1299.jpeg,"ΝΗΠΙΑΓΩΓΕΙΑ, ΔΗΜΟΤΙΚΑ ΣΧΟΛΕΙΑ, ΑΣΤΙΚΑΙ ΣΧΟΛΑΙ ΚΑΙ ΠΑΡΘΕΝΑΓΩΓΕΙΑ","Kindergartens, Primary Schools, Urban Schools and Girls' High Schools",,Γ. Δ. Λαμπίση,G. D. Lampisis,Ζωολογία μετὰ ἑκατὸν εἰκόνων χαλκογραφημένων,Zoology with One Hundred Copperplate Engravings,"8ον, ἔκδ. δ', σελ. 286",6,γρ.,Includes descriptive recommendation note below
1895,IMG_1299.jpeg,"ΝΗΠΙΑΓΩΓΕΙΑ, ΔΗΜΟΤΙΚΑ ΣΧΟΛΕΙΑ, ΑΣΤΙΚΑΙ ΣΧΟΛΑΙ ΚΑΙ ΠΑΡΘΕΝΑΓΩΓΕΙΑ","Kindergartens, Primary Schools, Urban Schools and Girls' High Schools",,Δ. Πολυχρονιάδου καὶ Σ. Οἰκονομίδου,D. Polychroniadou and S. Oikonomidou,"Ἠθικαὶ γνώσεις, ἤτοι Ἀναγνωστικόν","Moral Knowledge, or Reader",σελ. 144,5,γρ.,
1895,IMG_1299.jpeg,"ΝΗΠΙΑΓΩΓΕΙΑ, ΔΗΜΟΤΙΚΑ ΣΧΟΛΕΙΑ, ΑΣΤΙΚΑΙ ΣΧΟΛΑΙ ΚΑΙ ΠΑΡΘΕΝΑΓΩΓΕΙΑ","Kindergartens, Primary Schools, Urban Schools and Girls' High Schools",,Δ. Μέλα,D. Melas,Ἠθικαὶ ὁμιλίαι ἐπὶ τῶν κυριακῶν Εὐαγγελίων μετὰ τοῦ κειμένου αὐτῶν,Moral Homilies on the Sunday Gospels with their Text,σελ. 268,2 παρ. 20,γρ.,
1895,IMG_1299.jpeg,"ΝΗΠΙΑΓΩΓΕΙΑ, ΔΗΜΟΤΙΚΑ ΣΧΟΛΕΙΑ, ΑΣΤΙΚΑΙ ΣΧΟΛΑΙ ΚΑΙ ΠΑΡΘΕΝΑΓΩΓΕΙΑ","Kindergartens, Primary Schools, Urban Schools and Girls' High Schools",,Α. Ρ. Ραγκαβῆ,A. R. Rangavis,Ἠθικὴ Ι. Κάμπη,Ethics of J. Campe,σελ. 36,30,παρ.,Crossed out in blue ink
1895,IMG_1299.jpeg,"ΝΗΠΙΑΓΩΓΕΙΑ, ΔΗΜΟΤΙΚΑ ΣΧΟΛΕΙΑ, ΑΣΤΙΚΑΙ ΣΧΟΛΑΙ ΚΑΙ ΠΑΡΘΕΝΑΓΩΓΕΙΑ","Kindergartens, Primary Schools, Urban Schools and Girls' High Schools",,Π. Ἰασεμίδου καὶ Ἀρ. Χαροκόπου,P. Iasemidou and Ar. Charokopos,Ἡροδότου ἱστορία,History of Herodotus,"Τεῦχος Α', σελ. ϛ'—192 / Τεῦχος Β'","Τεῦχ. Α': 3, Τεῦχ. Β': 3",γρ.,
1895,IMG_1299.jpeg,"ΝΗΠΙΑΓΩΓΕΙΑ, ΔΗΜΟΤΙΚΑ ΣΧΟΛΕΙΑ, ΑΣΤΙΚΑΙ ΣΧΟΛΑΙ ΚΑΙ ΠΑΡΘΕΝΑΓΩΓΕΙΑ","Kindergartens, Primary Schools, Urban Schools and Girls' High Schools",,Ἀριστ. Π. Κουρτίδου,Arist. P. Kourtidou,Ἡρωϊκοὶ χρόνοι τῆς Ἀρχαίας Ἑλλάδος,Heroic Times of Ancient Greece,σελ. η'—122,2 παρ. 20,γρ.,
1895,IMG_1299.jpeg,"ΝΗΠΙΑΓΩΓΕΙΑ, ΔΗΜΟΤΙΚΑ ΣΧΟΛΕΙΑ, ΑΣΤΙΚΑΙ ΣΧΟΛΑΙ ΚΑΙ ΠΑΡΘΕΝΑΓΩΓΕΙΑ","Kindergartens, Primary Schools, Urban Schools and Girls' High Schools",,Ἀ. Ἀθανασιάδου καὶ Ἰ. Δημήτριάδου,A. Athanasiadou and I. Demetriadou,Ἱστορία τῆς ἀρχαίας Ἑλλάδος,History of Ancient Greece,"Τεῦχ. Α', Β'","Τεῦχ. Α': 2 π. 20, Β': 3 π. 20",γρ.,
1895,IMG_1300.jpeg,"ΝΗΠΙΑΓΩΓΕΙΑ, ΔΗΜΟΤΙΚΑ ΣΧΟΛΕΙΑ, ΑΣΤΙΚΑΙ ΣΧΟΛΑΙ ΚΑΙ ΠΑΡΘΕΝΑΓΩΓΕΙΑ","Kindergartens, Primary Schools, Urban Schools and Girls' High Schools",,Ἰ. Ἀνθοπούλου,I. Anthopoulos,Ἱστορία ἑλληνικὴ μετὰ γνωμικῶν,Greek History with Maxims,σελ. 59,3,γρ.,
1895,IMG_1300.jpeg,"ΝΗΠΙΑΓΩΓΕΙΑ, ΔΗΜΟΤΙΚΑ ΣΧΟΛΕΙΑ, ΑΣΤΙΚΑΙ ΣΧΟΛΑΙ ΚΑΙ ΠΑΡΘΕΝΑΓΩΓΕΙΑ","Kindergartens, Primary Schools, Urban Schools and Girls' High Schools",,Σπ. Ἀντωνιάδου,Sp. Antoniades,Ἱστορίας ἑλληνικῆς σύνοψις,Synopsis of Greek History,σ. 58,1,γρ.,
1895,IMG_1300.jpeg,"ΝΗΠΙΑΓΩΓΕΙΑ, ΔΗΜΟΤΙΚΑ ΣΧΟΛΕΙΑ, ΑΣΤΙΚΑΙ ΣΧΟΛΑΙ ΚΑΙ ΠΑΡΘΕΝΑΓΩΓΕΙΑ","Kindergartens, Primary Schools, Urban Schools and Girls' High Schools",,Κ. Ζαχαριάδου,K. Zachariades,Ἱστορία ἑλληνικὴ βιογραφικῶς,Greek History Biographically,"Τεῦχος Α΄, Β΄, Γ΄",2 - 2.20 - 3.20,γρ.,"Τεῦχος Α΄: γρ. 2, Β΄: γρ. 2 π. 20, Γ΄: γρ. 3 π. 20."
1895,IMG_1300.jpeg,"ΝΗΠΙΑΓΩΓΕΙΑ, ΔΗΜΟΤΙΚΑ ΣΧΟΛΕΙΑ, ΑΣΤΙΚΑΙ ΣΧΟΛΑΙ ΚΑΙ ΠΑΡΘΕΝΑΓΩΓΕΙΑ","Kindergartens, Primary Schools, Urban Schools and Girls' High Schools",,Γ. Ἰ. Κούζου,G. I. Kouzos,Ἱστορία βιογραφικὴ τῆς Ἀρχαίας Ἑλλάδος,Biographical History of Ancient Greece,"Τεῦχος Α΄ (Ἔτος σχολικὸν Γ΄ καὶ Δ΄), ἔκδοσις ε΄ / Τεῦχος Β΄ (Ἔτος Ε΄ καὶ ΣΤ΄)",2.50 - 3.50,γρ.,"μετὰ εἰκόνων. Περὶ τῶν ἔργων τούτων τοῦ κ. Κούζου δὲν θὰ ἐπαναλάβωμεν ὅ τι εἴπομεν καὶ περὶ τῶν ἄλλων τοῦ αὐτοῦ συγγραφέως, διότι εἶναι τοσοῦτον γνωστὸς τοῖς περὶ τὴν δημοτικὴν παίδευσιν ἀσχολουμένοις ὁ συγγραφεύς, ὥστε κατέστησε τὰ βιβλία αὐτοῦ ἤδη αὐτοσύστατα."
1895,IMG_1300.jpeg,"ΝΗΠΙΑΓΩΓΕΙΑ, ΔΗΜΟΤΙΚΑ ΣΧΟΛΕΙΑ, ΑΣΤΙΚΑΙ ΣΧΟΛΑΙ ΚΑΙ ΠΑΡΘΕΝΑΓΩΓΕΙΑ","Kindergartens, Primary Schools, Urban Schools and Girls' High Schools",,Ἰ. Κυριακοπούλου,I. Kyriakopoulos,Ἱστορία ἑλληνική,Greek History,,1.20,γρ.,
1895,IMG_1300.jpeg,"ΝΗΠΙΑΓΩΓΕΙΑ, ΔΗΜΟΤΙΚΑ ΣΧΟΛΕΙΑ, ΑΣΤΙΚΑΙ ΣΧΟΛΑΙ ΚΑΙ ΠΑΡΘΕΝΑΓΩΓΕΙΑ","Kindergartens, Primary Schools, Urban Schools and Girls' High Schools",,Κ. Σ. Ξανθοπούλου,K. S. Xanthopoulos,Ἱστορία ἑλληνική,Greek History,"Τόμος Α΄, Β΄, Γ΄",2,γρ.,"Τόμος Α΄: γρ. 2, Β΄: γρ. 2, Γ΄: γρ. 2."
1895,IMG_1300.jpeg,"ΝΗΠΙΑΓΩΓΕΙΑ, ΔΗΜΟΤΙΚΑ ΣΧΟΛΕΙΑ, ΑΣΤΙΚΑΙ ΣΧΟΛΑΙ ΚΑΙ ΠΑΡΘΕΝΑΓΩΓΕΙΑ","Kindergartens, Primary Schools, Urban Schools and Girls' High Schools",,Δ. Πανταζῆ,D. Pantazis,Ἱστορίας τῆς Ἑλλάδος σύνοψις ἀπὸ τῶν ἀρχαιοτάτων χρόνων μέχρι τοῦ 1820,Synopsis of the History of Greece from Ancient Times until 1820,σελ. 144,2,γρ.,
1895,IMG_1300.jpeg,"ΝΗΠΙΑΓΩΓΕΙΑ, ΔΗΜΟΤΙΚΑ ΣΧΟΛΕΙΑ, ΑΣΤΙΚΑΙ ΣΧΟΛΑΙ ΚΑΙ ΠΑΡΘΕΝΑΓΩΓΕΙΑ","Kindergartens, Primary Schools, Urban Schools and Girls' High Schools",,Χρ. Γ. Πανταζίδου,Chr. G. Pantazides,Ἱστορία ἑλληνικὴ ἀρχαία κατὰ βίους συντεταγμένη,Ancient Greek History Arranged by Lives,"Τόμ. Α΄ (σελ. 100), Β΄ (σελ. 189), Γ΄ (σελ. 310)",2.20 - 4 - 6,γρ.,"ἔκδ. β΄. Τόμ. Α΄: γρ. 2 παρ. 20, Β΄: γρ. 4, Γ΄: γρ. 6."
1895,IMG_1300.jpeg,"ΝΗΠΙΑΓΩΓΕΙΑ, ΔΗΜΟΤΙΚΑ ΣΧΟΛΕΙΑ, ΑΣΤΙΚΑΙ ΣΧΟΛΑΙ ΚΑΙ ΠΑΡΘΕΝΑΓΩΓΕΙΑ","Kindergartens, Primary Schools, Urban Schools and Girls' High Schools",,Π. Παπαρρούση,P. Paparrousis,Ἱστορία τῆς ἀρχαίας Ἑλλάδος βιογραφικῶς,Biographical History of Ancient Greece,"Τεῦχος Α΄ (σελ. 86), Τεῦχος Β΄ (σελ. 128)",2.20 - 3,γρ.,"μετὰ εἰκόνων. Τεῦχος Α΄: γρ. 2 παρ. 20, Τεῦχος Β΄: γρ. 3."
1895,IMG_1300.jpeg,"ΝΗΠΙΑΓΩΓΕΙΑ, ΔΗΜΟΤΙΚΑ ΣΧΟΛΕΙΑ, ΑΣΤΙΚΑΙ ΣΧΟΛΑΙ ΚΑΙ ΠΑΡΘΕΝΑΓΩΓΕΙΑ","Kindergartens, Primary Schools, Urban Schools and Girls' High Schools",,Ἀ. Ῥ. Ῥαγκαβῆ,A. R. Rangavis,Ἱστορία ἑλληνική,Greek History,"8ον, σελ. 190",2,γρ.,
1895,IMG_1300.jpeg,"ΝΗΠΙΑΓΩΓΕΙΑ, ΔΗΜΟΤΙΚΑ ΣΧΟΛΕΙΑ, ΑΣΤΙΚΑΙ ΣΧΟΛΑΙ ΚΑΙ ΠΑΡΘΕΝΑΓΩΓΕΙΑ","Kindergartens, Primary Schools, Urban Schools and Girls' High Schools",,Ε. Φραγκίστα,E. Fragkistas,Ἱστορία ἑλληνική,Greek History,"Τόμ. Α΄, 8ον, σ. 235",5,γρ.,
1895,IMG_1300.jpeg,"ΝΗΠΙΑΓΩΓΕΙΑ, ΔΗΜΟΤΙΚΑ ΣΧΟΛΕΙΑ, ΑΣΤΙΚΑΙ ΣΧΟΛΑΙ ΚΑΙ ΠΑΡΘΕΝΑΓΩΓΕΙΑ","Kindergartens, Primary Schools, Urban Schools and Girls' High Schools",,"Π. Κυλίτου, Κ. Δ. Γουσσοπούλου καὶ Γρ. Κ. Ἐγγονοπούλου","P. Kylitos, K. D. Goussopoulos and Gr. K. Engonopoulos","Ἱστορία Ἱερά, συναρμολογηθεῖσα κατὰ τὰ προγράμματα τῆς Πατριαρχικῆς Κεντρικῆς Ἐκπαιδευτικῆς Ἐπιτροπῆς καὶ τῆς ἐν Ἀθήναις Ἐπιστημονικῆς Ἑταιρείας μετὰ ῥητῶν, τροπαρίων καὶ προσευχῶν εἰς τεύχη τρία","Sacred History, Assembled According to the Curricula of the Patriarchal Central Educational Committee and the Scientific Society in Athens, with Maxims, Hymns, and Prayers in Three Volumes","Τεῦχος Α΄ (σελ. 64), Τεῦχος Β΄ (σελ. 120), Τεῦχος Γ΄ (σελ. δ΄—120)",2 - 2.20 - 3,γρ.,"μετ' εἰκόνων εὐρωπαϊκῶν, ἔκδοσις β΄. Ἡ νέα ἔκδοσις τῆς Ἱερᾶς Ἱστορίας таύτης συνετάχθη ἐπὶ τῇ βάσει τοῦ προγράμματος τῆς Πατριαρχικῆς Κεντρικῆς Ἐκπαιδευτικῆς Ἐπιτροπῆς..."
1895,IMG_1301.jpeg,"ΝΗΠΙΑΓΩΓΕΙΑ, ΔΗΜΟΤΙΚΑ ΣΧΟΛΕΙΑ, ΑΣΤΙΚΑΙ ΣΧΟΛΑΙ ΚΑΙ ΠΑΡΘΕΝΑΓΩΓΕΙΑ","Kindergartens, Primary Schools, Urban Schools and Girls' High Schools",,Δ. Ν. Βερναρδάκη,D. N. Vernardakis,Ἱστορία ἱερὰ μικρά,Short Sacred History,"σελ. 64, παρ. 30",30,παρ.,
1895,IMG_1301.jpeg,"ΝΗΠΙΑΓΩΓΕΙΑ, ΔΗΜΟΤΙΚΑ ΣΧΟΛΕΙΑ, ΑΣΤΙΚΑΙ ΣΧΟΛΑΙ ΚΑΙ ΠΑΡΘΕΝΑΓΩΓΕΙΑ","Kindergartens, Primary Schools, Urban Schools and Girls' High Schools",,Ε. Κοφινιώτου,E. Kofiniotis,Ἱστορία ἱερὰ,Sacred History,"Τεῦχ. Α΄, Β΄",2,γρ.,"Price is 2 groschen per issue (Τεῦχ. Α΄, γρ. 2. Β΄, γρ. 2)."
1895,IMG_1301.jpeg,"ΝΗΠΙΑΓΩΓΕΙΑ, ΔΗΜΟΤΙΚΑ ΣΧΟΛΕΙΑ, ΑΣΤΙΚΑΙ ΣΧΟΛΑΙ ΚΑΙ ΠΑΡΘΕΝΑΓΩΓΕΙΑ","Kindergartens, Primary Schools, Urban Schools and Girls' High Schools",,Δ. Α. Κυριακοῦ,D. A. Kyriakos,Ἱστορία ἱερὰ στοιχειώδης,Elementary Sacred History,8ον σ. 80,2,γρ.,
1895,IMG_1301.jpeg,"ΝΗΠΙΑΓΩΓΕΙΑ, ΔΗΜΟΤΙΚΑ ΣΧΟΛΕΙΑ, ΑΣΤΙΚΑΙ ΣΧΟΛΑΙ ΚΑΙ ΠΑΡΘΕΝΑΓΩΓΕΙΑ","Kindergartens, Primary Schools, Urban Schools and Girls' High Schools",,Ἰ. Μοσχάκη,I. Moschakis,Ἱστορία ἱερὰ τῆς Παλαιᾶς Διαθήκης,Sacred History of the Old Testament,"8ον, σελ. 96",2.20,γρ.,Price given as γρ. 2 παρ. 20
1895,IMG_1301.jpeg,"ΝΗΠΙΑΓΩΓΕΙΑ, ΔΗΜΟΤΙΚΑ ΣΧΟΛΕΙΑ, ΑΣΤΙΚΑΙ ΣΧΟΛΑΙ ΚΑΙ ΠΑΡΘΕΝΑΓΩΓΕΙΑ","Kindergartens, Primary Schools, Urban Schools and Girls' High Schools",,Σ. Μωραΐτου,S. Moraitis,Ἱστορία ἱερὰ,Sacred History,"8ον, σελ. 240",3,γρ.,
1895,IMG_1301.jpeg,"ΝΗΠΙΑΓΩΓΕΙΑ, ΔΗΜΟΤΙΚΑ ΣΧΟΛΕΙΑ, ΑΣΤΙΚΑΙ ΣΧΟΛΑΙ ΚΑΙ ΠΑΡΘΕΝΑΓΩΓΕΙΑ","Kindergartens, Primary Schools, Urban Schools and Girls' High Schools",,Γ. Ι. Τσιάλα,G. I. Tsialas,Ἱστορία ἱερὰ μετὰ ῥητῶν καὶ εἰκόνων,Sacred History with Sayings and Illustrations,"Κύκλος Α΄, σελ. 48 | Β΄, σελ. 111 | Γ΄, Ἡμικύκλιον α΄, Παλαιὰ Διαθήκη, σελ. 128 | Γ΄, β΄, Ἱστοριολογιον, σ. 41",1,γρ.,"Multi-part prices: Α΄: γρ. 1, Β΄: γρ. 1 παρ. 20, Γ΄ α΄: γρ. 2, Γ΄ β΄: γρ. 2."
1895,IMG_1301.jpeg,"ΝΗΠΙΑΓΩΓΕΙΑ, ΔΗΜΟΤΙΚΑ ΣΧΟΛΕΙΑ, ΑΣΤΙΚΑΙ ΣΧΟΛΑΙ ΚΑΙ ΠΑΡΘΕΝΑΓΩΓΕΙΑ","Kindergartens, Primary Schools, Urban Schools and Girls' High Schools",,Ν. Εὐσταθίου καὶ Α. Κουζουλάρη,N. Efstathiou and A. Kouzoularis,Ἱστορίας ἱερᾶς ἐγχειρίδιον,Handbook of Sacred History,"Τεῦχος Α΄, σελ. ιδ΄-48 | Β΄, σελ. 64 | Γ΄, σελ. 80",1.20,γρ.,"Multi-part prices: Α΄: γρ. 1 παρ. 20, Β΄: γρ. 2, Γ΄: γρ. 2 παρ. 20."
1895,IMG_1301.jpeg,"ΝΗΠΙΑΓΩΓΕΙΑ, ΔΗΜΟΤΙΚΑ ΣΧΟΛΕΙΑ, ΑΣΤΙΚΑΙ ΣΧΟΛΑΙ ΚΑΙ ΠΑΡΘΕΝΑΓΩΓΕΙΑ","Kindergartens, Primary Schools, Urban Schools and Girls' High Schools",,Γ. Γενναδίου,G. Gennadios,Ἱστορίας ἱερᾶς σύνοψις,Synopsis of Sacred History,"8ον, σελ. 78",1,γρ.,
1895,IMG_1301.jpeg,"ΝΗΠΙΑΓΩΓΕΙΑ, ΔΗΜΟΤΙΚΑ ΣΧΟΛΕΙΑ, ΑΣΤΙΚΑΙ ΣΧΟΛΑΙ ΚΑΙ ΠΑΡΘΕΝΑΓΩΓΕΙΑ","Kindergartens, Primary Schools, Urban Schools and Girls' High Schools",,Ἀ. Κοραῆ,A. Korais,Ἱστορίας ἱερᾶς σύνοψις,Synopsis of Sacred History,σελ. 32,10,παρ.,
1895,IMG_1301.jpeg,"ΝΗΠΙΑΓΩΓΕΙΑ, ΔΗΜΟΤΙΚΑ ΣΧΟΛΕΙΑ, ΑΣΤΙΚΑΙ ΣΧΟΛΑΙ ΚΑΙ ΠΑΡΘΕΝΑΓΩΓΕΙΑ","Kindergartens, Primary Schools, Urban Schools and Girls' High Schools",,Β. Δ. Εὐδη,V. D. Eudis,Ἱστορίας ἱερᾶς ἐπιτομή,Epitome of Sacred History,σελ. 128,1.20,γρ.,Price given as γρ. 1 παρ. 20
1895,IMG_1301.jpeg,"ΝΗΠΙΑΓΩΓΕΙΑ, ΔΗΜΟΤΙΚΑ ΣΧΟΛΕΙΑ, ΑΣΤΙΚΑΙ ΣΧΟΛΑΙ ΚΑΙ ΠΑΡΘΕΝΑΓΩΓΕΙΑ","Kindergartens, Primary Schools, Urban Schools and Girls' High Schools",,Ἰ. Ἀ. Βρετοῦ,I. A. Vretos,Ἱστορικὰ ἀπανθίσματα,Historical Anthologies,σελ. 240,3,γρ.,
1895,IMG_1301.jpeg,"ΝΗΠΙΑΓΩΓΕΙΑ, ΔΗΜΟΤΙΚΑ ΣΧΟΛΕΙΑ, ΑΣΤΙΚΑΙ ΣΧΟΛΑΙ ΚΑΙ ΠΑΡΘΕΝΑΓΩΓΕΙΑ","Kindergartens, Primary Schools, Urban Schools and Girls' High Schools",,Κ. Ν. Ὀρφανουδάκη,K. N. Orfanoudakis,Ἰχνογραφία γραμμικὴ θεωρητικὴ καὶ ἐφαρμοσμένη,Theoretical and Applied Linear Drawing,"Μέρος Α΄, τεῦχος α΄, 8ον, σελ. 63 | Τεῦχος β΄, σελ. 56",6,γρ.,"Prices: Τεῦχος α΄: γρ. 6, Τεῦχος β΄: γρ. 8."
1895,IMG_1301.jpeg,"ΝΗΠΙΑΓΩΓΕΙΑ, ΔΗΜΟΤΙΚΑ ΣΧΟΛΕΙΑ, ΑΣΤΙΚΑΙ ΣΧΟΛΑΙ ΚΑΙ ΠΑΡΘΕΝΑΓΩΓΕΙΑ","Kindergartens, Primary Schools, Urban Schools and Girls' High Schools",,Ν. Γ. Βούρου,N. G. Vourou,Ἰχνογραφία Στοιχειώδης,Elementary Drawing,μετὰ πινάκων,5,γρ.,
1895,IMG_1301.jpeg,"ΝΗΠΙΑΓΩΓΕΙΑ, ΔΗΜΟΤΙΚΑ ΣΧΟΛΕΙΑ, ΑΣΤΙΚΑΙ ΣΧΟΛΑΙ ΚΑΙ ΠΑΡΘΕΝΑΓΩΓΕΙΑ","Kindergartens, Primary Schools, Urban Schools and Girls' High Schools",,Ἑ. Μαγκάκη,E. Magkakis,Ἰχνογραφίας ἐγχειρίδιον,Manual of Drawing,σελ. 64,2.20,γρ.,Price given as γρ. 2 π. 20
1895,IMG_1301.jpeg,"ΝΗΠΙΑΓΩΓΕΙΑ, ΔΗΜΟΤΙΚΑ ΣΧΟΛΕΙΑ, ΑΣΤΙΚΑΙ ΣΧΟΛΑΙ ΚΑΙ ΠΑΡΘΕΝΑΓΩΓΕΙΑ","Kindergartens, Primary Schools, Urban Schools and Girls' High Schools",,Anonymous,Anonymous,Ἰχνογράφος ὁ Μικρός,The Little Drawing-Master,"12 τετράδια μεθ' ὑποδειγμάτων, 14 σελίδες ἕκαστον, μεγάλον 8ου σχήματος",20,παράδων,Price 20 paras per notebook.
1895,IMG_1302.jpeg,"ΝΗΠΙΑΓΩΓΕΙΑ, ΔΗΜΟΤΙΚΑ ΣΧΟΛΕΙΑ, ΑΣΤΙΚΑΙ ΣΧΟΛΑΙ ΚΑΙ ΠΑΡΘΕΝΑΓΩΓΕΙΑ","Kindergartens, Primary Schools, Urban Schools and Girls' High Schools",,Anonymous,Anonymous,Μικρὸς Ἰχνογράφος,Small Drawing Book,12 τετράδια,20,παράδες,Continuation from previous page text describing the 12 drawing workbooks.
1895,IMG_1302.jpeg,"ΝΗΠΙΑΓΩΓΕΙΑ, ΔΗΜΟΤΙΚΑ ΣΧΟΛΕΙΑ, ΑΣΤΙΚΑΙ ΣΧΟΛΑΙ ΚΑΙ ΠΑΡΘΕΝΑΓΩΓΕΙΑ","Kindergartens, Primary Schools, Urban Schools and Girls' High Schools",,Anonymous,Anonymous,"Καλή μήτηρ, συλλογὴ διηγημάτων","Good Mother, collection of short stories",σελ. 155,2,γρ.,
1895,IMG_1302.jpeg,"ΝΗΠΙΑΓΩΓΕΙΑ, ΔΗΜΟΤΙΚΑ ΣΧΟΛΕΙΑ, ΑΣΤΙΚΑΙ ΣΧΟΛΑΙ ΚΑΙ ΠΑΡΘΕΝΑΓΩΓΕΙΑ","Kindergartens, Primary Schools, Urban Schools and Girls' High Schools",,Η. Δαζαρίδου,H. Dazaridou,Καλλιγραφία ἑλληνικὴ μικρά,"Greek Calligraphy, small",σ. 10,20,π.,
1895,IMG_1302.jpeg,"ΝΗΠΙΑΓΩΓΕΙΑ, ΔΗΜΟΤΙΚΑ ΣΧΟΛΕΙΑ, ΑΣΤΙΚΑΙ ΣΧΟΛΑΙ ΚΑΙ ΠΑΡΘΕΝΑΓΩΓΕΙΑ","Kindergartens, Primary Schools, Urban Schools and Girls' High Schools",,Η. Δαζαρίδου,H. Dazaridou,"Καλλιγραφία (Βασιλέων) ἑλληνική, γαλλικὴ καὶ γερμανική","Calligraphy (of Kings) Greek, French and German",σελ. 17,4,γρ.,
1895,IMG_1302.jpeg,"ΝΗΠΙΑΓΩΓΕΙΑ, ΔΗΜΟΤΙΚΑ ΣΧΟΛΕΙΑ, ΑΣΤΙΚΑΙ ΣΧΟΛΑΙ ΚΑΙ ΠΑΡΘΕΝΑΓΩΓΕΙΑ","Kindergartens, Primary Schools, Urban Schools and Girls' High Schools",,Η. Δ.,H. D.,Καλλιγραφία (Διαδόχου) ἑλληνικὴ καὶ γαλλική,Calligraphy (of the Crown Prince) Greek and French,σελ. 10,30,παρ.,
1895,IMG_1302.jpeg,"ΝΗΠΙΑΓΩΓΕΙΑ, ΔΗΜΟΤΙΚΑ ΣΧΟΛΕΙΑ, ΑΣΤΙΚΑΙ ΣΧΟΛΑΙ ΚΑΙ ΠΑΡΘΕΝΑΓΩΓΕΙΑ","Kindergartens, Primary Schools, Urban Schools and Girls' High Schools",,Μ. Κ. Κ. Σάμιος,M. K. K. Samios,Καλλιγραφίας Ἑλληνικῆς Στοιχεῖα,Elements of Greek Calligraphy,Πίνακες 16,1,γρ.,Ἔκδοσις λαμπρὰ τοῦ 1895.
1895,IMG_1302.jpeg,"ΝΗΠΙΑΓΩΓΕΙΑ, ΔΗΜΟΤΙΚΑ ΣΧΟΛΕΙΑ, ΑΣΤΙΚΑΙ ΣΧΟΛΑΙ ΚΑΙ ΠΑΡΘΕΝΑΓΩΓΕΙΑ","Kindergartens, Primary Schools, Urban Schools and Girls' High Schools",,Μ. Κ. Κ. Σάμιος,M. K. K. Samios,Καλλιγραφία ἑλληνικὴ μεγάλη,"Greek Calligraphy, large",πίνακες 21,2,γρ.,
1895,IMG_1302.jpeg,"ΝΗΠΙΑΓΩΓΕΙΑ, ΔΗΜΟΤΙΚΑ ΣΧΟΛΕΙΑ, ΑΣΤΙΚΑΙ ΣΧΟΛΑΙ ΚΑΙ ΠΑΡΘΕΝΑΓΩΓΕΙΑ","Kindergartens, Primary Schools, Urban Schools and Girls' High Schools",,Ἀ. Ἀλεξιάδου,A. Alexiadou,Καλλιγραφία Κεντήματος,Embroidery Calligraphy,φυλλάδια τρία,2 γρ. 20 παρ.,γρ.,Ἕκαστον φυλλάδιον γρ. 2 παρ. 20.
1895,IMG_1302.jpeg,"ΝΗΠΙΑΓΩΓΕΙΑ, ΔΗΜΟΤΙΚΑ ΣΧΟΛΕΙΑ, ΑΣΤΙΚΑΙ ΣΧΟΛΑΙ ΚΑΙ ΠΑΡΘΕΝΑΓΩΓΕΙΑ","Kindergartens, Primary Schools, Urban Schools and Girls' High Schools",,Ἀ. Ἀλεξιάδου,A. Alexiadou,Καλλιγραφία Κεντήματος μεγάλη,"Embroidery Calligraphy, large",,5,γρ.,
1895,IMG_1302.jpeg,"ΝΗΠΙΑΓΩΓΕΙΑ, ΔΗΜΟΤΙΚΑ ΣΧΟΛΕΙΑ, ΑΣΤΙΚΑΙ ΣΧΟΛΑΙ ΚΑΙ ΠΑΡΘΕΝΑΓΩΓΕΙΑ","Kindergartens, Primary Schools, Urban Schools and Girls' High Schools",,Ἰ. Δ. Νεράντζης,I. D. Nerantzis,Καλλιγραφίας δείγματα,Calligraphy Samples,σελ. 17,2 γρ. 20 π.,γρ.,
1895,IMG_1302.jpeg,"ΝΗΠΙΑΓΩΓΕΙΑ, ΔΗΜΟΤΙΚΑ ΣΧΟΛΕΙΑ, ΑΣΤΙΚΑΙ ΣΧΟΛΑΙ ΚΑΙ ΠΑΡΘΕΝΑΓΩΓΕΙΑ","Kindergartens, Primary Schools, Urban Schools and Girls' High Schools",,Ἀ. Ῥωμανός,A. Romanos,Καλλιγραφίας δείγματα διὰ τοὺς πρωτοπείρους τῆς γαλλικῆς,Calligraphy Samples for Beginners in French,,2 γρ. 20 π.,γρ.,
1895,IMG_1302.jpeg,"ΝΗΠΙΑΓΩΓΕΙΑ, ΔΗΜΟΤΙΚΑ ΣΧΟΛΕΙΑ, ΑΣΤΙΚΑΙ ΣΧΟΛΑΙ ΚΑΙ ΠΑΡΘΕΝΑΓΩΓΕΙΑ","Kindergartens, Primary Schools, Urban Schools and Girls' High Schools",,Βλ. Σκορδέλης,Vl. Skordelis,Καλλιγραφία μεθοδική,Methodical Calligraphy,τετράδιον,1 γρ. 10 παρ.,γρ.,Ἕκαστον τετράδιον γρ. 1 παρ. 10.
1895,IMG_1302.jpeg,"ΝΗΠΙΑΓΩΓΕΙΑ, ΔΗΜΟΤΙΚΑ ΣΧΟΛΕΙΑ, ΑΣΤΙΚΑΙ ΣΧΟΛΑΙ ΚΑΙ ΠΑΡΘΕΝΑΓΩΓΕΙΑ","Kindergartens, Primary Schools, Urban Schools and Girls' High Schools",,Ἀθανάσιος Εὐστρατιάδης,Athanasios Efstratiadis,Καλλιγραφία μεγάλη,"Calligraphy, large",,10,γρ.,
1895,IMG_1303.jpeg,"ΝΗΠΙΑΓΩΓΕΙΑ, ΔΗΜΟΤΙΚΑ ΣΧΟΛΕΙΑ, ΑΣΤΙΚΑΙ ΣΧΟΛΑΙ ΚΑΙ ΠΑΡΘΕΝΑΓΩΓΕΙΑ","Kindergartens, Primary Schools, Urban Schools and Girls' High Schools",,Ν. Παπαδόπουλος καὶ Α. Γεωργιάδης,N. Papadopoulos and A. Georgiadis,Καλλιγραφικῶν δειγμάτων μετὰ χαράκων μέθοδος,Method of Calligraphic Samples with Rulers,,3.20,γρ. / παρ.,γρ. 3 παρ. 20
1895,IMG_1303.jpeg,"ΝΗΠΙΑΓΩΓΕΙΑ, ΔΗΜΟΤΙΚΑ ΣΧΟΛΕΙΑ, ΑΣΤΙΚΑΙ ΣΧΟΛΑΙ ΚΑΙ ΠΑΡΘΕΝΑΓΩΓΕΙΑ","Kindergartens, Primary Schools, Urban Schools and Girls' High Schools",,Γρηγόριος Καλλιγᾶς,Gregorios Kalligas,Καλλιγραφίας Εὐμέθοδοι Χάρακες,Well-Methodized Calligraphy Rulers,Πίνακες 16,2,γρ.,
1895,IMG_1303.jpeg,"ΝΗΠΙΑΓΩΓΕΙΑ, ΔΗΜΟΤΙΚΑ ΣΧΟΛΕΙΑ, ΑΣΤΙΚΑΙ ΣΧΟΛΑΙ ΚΑΙ ΠΑΡΘΕΝΑΓΩΓΕΙΑ","Kindergartens, Primary Schools, Urban Schools and Girls' High Schools",,Ι. Α. Βρετός,I. A. Vretos,Καλὸς πατήρ,Good Father,σελ. 160,2,γρ.,
1895,IMG_1303.jpeg,"ΝΗΠΙΑΓΩΓΕΙΑ, ΔΗΜΟΤΙΚΑ ΣΧΟΛΕΙΑ, ΑΣΤΙΚΑΙ ΣΧΟΛΑΙ ΚΑΙ ΠΑΡΘΕΝΑΓΩΓΕΙΑ","Kindergartens, Primary Schools, Urban Schools and Girls' High Schools",,Κ. Βαφείδης,K. Vafeidis,Κατήχησις ἱερὰ (μικρά),Sacred Catechism (Small),σελ. 85,2.20,γρ. / παρ.,γρ. 2 παρ. 20
1895,IMG_1303.jpeg,"ΝΗΠΙΑΓΩΓΕΙΑ, ΔΗΜΟΤΙΚΑ ΣΧΟΛΕΙΑ, ΑΣΤΙΚΑΙ ΣΧΟΛΑΙ ΚΑΙ ΠΑΡΘΕΝΑΓΩΓΕΙΑ","Kindergartens, Primary Schools, Urban Schools and Girls' High Schools",,Κ. Βαφείδης,K. Vafeidis,Κατήχησις ἱερὰ (μεσαία),Sacred Catechism (Medium),σελ. 85,2.20,γρ. / παρ.,γρ. 2 παρ. 20
1895,IMG_1303.jpeg,"ΝΗΠΙΑΓΩΓΕΙΑ, ΔΗΜΟΤΙΚΑ ΣΧΟΛΕΙΑ, ΑΣΤΙΚΑΙ ΣΧΟΛΑΙ ΚΑΙ ΠΑΡΘΕΝΑΓΩΓΕΙΑ","Kindergartens, Primary Schools, Urban Schools and Girls' High Schools",,Δ. Ν. Βερναρδάκης,D. N. Vernardakis,Κατήχησις ἱερὰ μικρά,Sacred Catechism Small,σελ. 43,30,παρ.,
1895,IMG_1303.jpeg,"ΝΗΠΙΑΓΩΓΕΙΑ, ΔΗΜΟΤΙΚΑ ΣΧΟΛΕΙΑ, ΑΣΤΙΚΑΙ ΣΧΟΛΑΙ ΚΑΙ ΠΑΡΘΕΝΑΓΩΓΕΙΑ","Kindergartens, Primary Schools, Urban Schools and Girls' High Schools",,Ἰ. Μοσχάκης,I. Moschakis,Κατήχησις ὀρθόδοξος χριστιανική,Orthodox Christian Catechism,σελ. 48,1.20,γρ. / παρ.,γρ. 1 παρ. 20
1895,IMG_1303.jpeg,"ΝΗΠΙΑΓΩΓΕΙΑ, ΔΗΜΟΤΙΚΑ ΣΧΟΛΕΙΑ, ΑΣΤΙΚΑΙ ΣΧΟΛΑΙ ΚΑΙ ΠΑΡΘΕΝΑΓΩΓΕΙΑ","Kindergartens, Primary Schools, Urban Schools and Girls' High Schools",,Β. Δ. Καλλίφρων,V. D. Kallifron,Κατήχησις ἱερά,Sacred Catechism,σελ. 35,1.20,γρ. / παρ.,γρ. 1 παρ. 20
1895,IMG_1303.jpeg,"ΝΗΠΙΑΓΩΓΕΙΑ, ΔΗΜΟΤΙΚΑ ΣΧΟΛΕΙΑ, ΑΣΤΙΚΑΙ ΣΧΟΛΑΙ ΚΑΙ ΠΑΡΘΕΝΑΓΩΓΕΙΑ","Kindergartens, Primary Schools, Urban Schools and Girls' High Schools",,Ἀ. Κοραῆς,A. Korais,Κατηχήσεως ἱερᾶς σύνοψις,Synopsis of Sacred Catechism,σελ. 48,30,παρ.,Crossed out in page
1895,IMG_1303.jpeg,"ΝΗΠΙΑΓΩΓΕΙΑ, ΔΗΜΟΤΙΚΑ ΣΧΟΛΕΙΑ, ΑΣΤΙΚΑΙ ΣΧΟΛΑΙ ΚΑΙ ΠΑΡΘΕΝΑΓΩΓΕΙΑ","Kindergartens, Primary Schools, Urban Schools and Girls' High Schools",,Ἀ. Κοραῆς,A. Korais,Κατηχήσεως ἱερᾶς σύνοψις,Synopsis of Sacred Catechism,σελ. 16,10,παρ.,Crossed out in page
1895,IMG_1303.jpeg,"ΝΗΠΙΑΓΩΓΕΙΑ, ΔΗΜΟΤΙΚΑ ΣΧΟΛΕΙΑ, ΑΣΤΙΚΑΙ ΣΧΟΛΑΙ ΚΑΙ ΠΑΡΘΕΝΑΓΩΓΕΙΑ","Kindergartens, Primary Schools, Urban Schools and Girls' High Schools",,Κ. Παρίτσης,K. Paritsis,Κατήχησις ἐπίτομος ὀρθόδοξος χριστιανική,Epitome of Orthodox Christian Catechism,σελ. 100,4,γρ.,
1895,IMG_1303.jpeg,"ΝΗΠΙΑΓΩΓΕΙΑ, ΔΗΜΟΤΙΚΑ ΣΧΟΛΕΙΑ, ΑΣΤΙΚΑΙ ΣΧΟΛΑΙ ΚΑΙ ΠΑΡΘΕΝΑΓΩΓΕΙΑ","Kindergartens, Primary Schools, Urban Schools and Girls' High Schools",,Φ. Φωτιάδης,F. Fotiadis,Κατήχησις ἱερὰ μικρά,Sacred Catechism Small,σελ. 30,20,παρ.,Crossed out in page
1895,IMG_1303.jpeg,"ΝΗΠΙΑΓΩΓΕΙΑ, ΔΗΜΟΤΙΚΑ ΣΧΟΛΕΙΑ, ΑΣΤΙΚΑΙ ΣΧΟΛΑΙ ΚΑΙ ΠΑΡΘΕΝΑΓΩΓΕΙΑ","Kindergartens, Primary Schools, Urban Schools and Girls' High Schools",,Ἰ. Π. Ἰωαννίδης,I. P. Ioannidis,Κιθάρα τῶν Παίδων,Children's Lyre,"ἔκδ. β΄, πληρεστέρα, 16ον, σελ. 80",2,γρ.,
1895,IMG_1303.jpeg,"ΝΗΠΙΑΓΩΓΕΙΑ, ΔΗΜΟΤΙΚΑ ΣΧΟΛΕΙΑ, ΑΣΤΙΚΑΙ ΣΧΟΛΑΙ ΚΑΙ ΠΑΡΘΕΝΑΓΩΓΕΙΑ","Kindergartens, Primary Schools, Urban Schools and Girls' High Schools",,Ἰωάννης Γ. Κυψιώτης,Ioannis G. Kypsiotis,Κωνσταντινούπολις μετὰ τῶν προαστείων αὐτῆς,Constantinople with its Suburbs,"Ἔκδ. ε΄, σελ. 160 μετὰ Χάρτου",3,γρ.,
1895,IMG_1303.jpeg,"ΝΗΠΙΑΓΩΓΕΙΑ, ΔΗΜΟΤΙΚΑ ΣΧΟΛΕΙΑ, ΑΣΤΙΚΑΙ ΣΧΟΛΑΙ ΚΑΙ ΠΑΡΘΕΝΑΓΩΓΕΙΑ","Kindergartens, Primary Schools, Urban Schools and Girls' High Schools",,Ἀθανάσιος Εὐστρατιάδης,Athanasios Efstratiadis,Λογιστικὴ μετὰ πινάκων,Accounting with Tables,"8ον, σελ. 32",9,γρ.,Printed as 'Αογιστικὴ'
1895,IMG_1303.jpeg,"ΝΗΠΙΑΓΩΓΕΙΑ, ΔΗΜΟΤΙΚΑ ΣΧΟΛΕΙΑ, ΑΣΤΙΚΑΙ ΣΧΟΛΑΙ ΚΑΙ ΠΑΡΘΕΝΑΓΩΓΕΙΑ","Kindergartens, Primary Schools, Urban Schools and Girls' High Schools",,Ἀ. Βάμπας,A. Vampas,Μαργαριταρένιος Σταυρός,Pearl Cross,σελ. 36,1,γρ.,
1895,IMG_1303.jpeg,"ΝΗΠΙΑΓΩΓΕΙΑ, ΔΗΜΟΤΙΚΑ ΣΧΟΛΕΙΑ, ΑΣΤΙΚΑΙ ΣΧΟΛΑΙ ΚΑΙ ΠΑΡΘΕΝΑΓΩΓΕΙΑ","Kindergartens, Primary Schools, Urban Schools and Girls' High Schools",,Ἀ. Βάμπας,A. Vampas,"Μαρία, ἢ τὸ ἀνθοφόρον κάνιστρον","Maria, or the Flower Basket",σελ. 36,6,γρ.,
1895,IMG_1303.jpeg,"ΝΗΠΙΑΓΩΓΕΙΑ, ΔΗΜΟΤΙΚΑ ΣΧΟΛΕΙΑ, ΑΣΤΙΚΑΙ ΣΧΟΛΑΙ ΚΑΙ ΠΑΡΘΕΝΑΓΩΓΕΙΑ","Kindergartens, Primary Schools, Urban Schools and Girls' High Schools",,Α. Γ. Δαμπίσης,A. G. Dampisis,Μαρία,Maria,σελ. 160,4,γρ.,
1895,IMG_1303.jpeg,"ΝΗΠΙΑΓΩΓΕΙΑ, ΔΗΜΟΤΙΚΑ ΣΧΟΛΕΙΑ, ΑΣΤΙΚΑΙ ΣΧΟΛΑΙ ΚΑΙ ΠΑΡΘΕΝΑΓΩΓΕΙΑ","Kindergartens, Primary Schools, Urban Schools and Girls' High Schools",,Α. Κ. Πεκίος,A. K. Pekios,"Μαυρίκιος ἢ ἡ ἐργασία, διήγημα ἠθικόν","Maurice or Labor, a Moral Tale","μετὰ εἰκόνων, Μέρος Α΄, 8ον, σελ. 107, Β΄, σελ. 104",5,γρ.,
1895,IMG_1303.jpeg,"ΝΗΠΙΑΓΩΓΕΙΑ, ΔΗΜΟΤΙΚΑ ΣΧΟΛΕΙΑ, ΑΣΤΙΚΑΙ ΣΧΟΛΑΙ ΚΑΙ ΠΑΡΘΕΝΑΓΩΓΕΙΑ","Kindergartens, Primary Schools, Urban Schools and Girls' High Schools",,Γ. Γεράκης,G. Gerakis,Μεθοδικὴ σειρὰ ζητημάτων πρὸς ἔγγραφον ἔκθεσιν ἰδεῶν,Methodical Series of Questions for Written Essay Writing,"βαθμὶς α΄, σελ. η΄—48",2.20,γρ. / παρ.,γρ. 2 παρ. 20
1895,IMG_1303.jpeg,"ΝΗΠΙΑΓΩΓΕΙΑ, ΔΗΜΟΤΙΚΑ ΣΧΟΛΕΙΑ, ΑΣΤΙΚΑΙ ΣΧΟΛΑΙ ΚΑΙ ΠΑΡΘΕΝΑΓΩΓΕΙΑ","Kindergartens, Primary Schools, Urban Schools and Girls' High Schools",,Χ. Πούλιος,Ch. Poulios,Μέλισσα,Bee,Τόμ. Γ΄,2,γρ.,Underlined in page
1895,IMG_1303.jpeg,"ΝΗΠΙΑΓΩΓΕΙΑ, ΔΗΜΟΤΙΚΑ ΣΧΟΛΕΙΑ, ΑΣΤΙΚΑΙ ΣΧΟΛΑΙ ΚΑΙ ΠΑΡΘΕΝΑΓΩΓΕΙΑ","Kindergartens, Primary Schools, Urban Schools and Girls' High Schools",,Ἀ. Ν. Μάλτος,A. N. Maltos,"Μελπομένη, συλλογὴ ᾀσμάτων","Melpomene, Collection of Songs","Τεῦχος α΄, 27 μονόφωνα ᾀσματα, 4ον, σελ. 24",12,γρ.,
1895,IMG_1303.jpeg,"ΝΗΠΙΑΓΩΓΕΙΑ, ΔΗΜΟΤΙΚΑ ΣΧΟΛΕΙΑ, ΑΣΤΙΚΑΙ ΣΧΟΛΑΙ ΚΑΙ ΠΑΡΘΕΝΑΓΩΓΕΙΑ","Kindergartens, Primary Schools, Urban Schools and Girls' High Schools",,Γ. Βοντζίδης,G. Vontzidis,Μήτηρ διηγουμένη,A Mother Narrative,σελ. 288,3,γρ.,
1895,IMG_1303.jpeg,"ΝΗΠΙΑΓΩΓΕΙΑ, ΔΗΜΟΤΙΚΑ ΣΧΟΛΕΙΑ, ΑΣΤΙΚΑΙ ΣΧΟΛΑΙ ΚΑΙ ΠΑΡΘΕΝΑΓΩΓΕΙΑ","Kindergartens, Primary Schools, Urban Schools and Girls' High Schools",,Ἀ. Βάμπας,A. Vampas,Μικρὰ ἀλώπηξ,Little Fox,σελ. 32,1,γρ.,Underlined in page
1895,IMG_1303.jpeg,"ΝΗΠΙΑΓΩΓΕΙΑ, ΔΗΜΟΤΙΚΑ ΣΧΟΛΕΙΑ, ΑΣΤΙΚΑΙ ΣΧΟΛΑΙ ΚΑΙ ΠΑΡΘΕΝΑΓΩΓΕΙΑ","Kindergartens, Primary Schools, Urban Schools and Girls' High Schools",,Ι. Α. Βρετός,I. A. Vretos,Μικρὰ Εἰρήνη,Little Irene,σελ. 48,2,γρ.,Underlined in page
1895,IMG_1303.jpeg,"ΝΗΠΙΑΓΩΓΕΙΑ, ΔΗΜΟΤΙΚΑ ΣΧΟΛΕΙΑ, ΑΣΤΙΚΑΙ ΣΧΟΛΑΙ ΚΑΙ ΠΑΡΘΕΝΑΓΩΓΕΙΑ","Kindergartens, Primary Schools, Urban Schools and Girls' High Schools",,Ι. Α. Βρετός,I. A. Vretos,Μικρὰ Ἑλένη,Little Helen,σελ. 51,30,παρ.,Underlined in page
1895,IMG_1303.jpeg,"ΝΗΠΙΑΓΩΓΕΙΑ, ΔΗΜΟΤΙΚΑ ΣΧΟΛΕΙΑ, ΑΣΤΙΚΑΙ ΣΧΟΛΑΙ ΚΑΙ ΠΑΡΘΕΝΑΓΩΓΕΙΑ","Kindergartens, Primary Schools, Urban Schools and Girls' High Schools",,Ι. Α. Βρετός,I. A. Vretos,Μικρὰ Καλλιόπη,Little Calliope,σελ. 64,1,γρ.,Underlined in page
1895,IMG_1303.jpeg,"ΝΗΠΙΑΓΩΓΕΙΑ, ΔΗΜΟΤΙΚΑ ΣΧΟΛΕΙΑ, ΑΣΤΙΚΑΙ ΣΧΟΛΑΙ ΚΑΙ ΠΑΡΘΕΝΑΓΩΓΕΙΑ","Kindergartens, Primary Schools, Urban Schools and Girls' High Schools",,Α. Βάμπας,A. Vampas,Μικρὰ Καλύβη,Little Hut,σελ. 64,4,γρ.,Underlined in page
1895,IMG_1303.jpeg,"ΝΗΠΙΑΓΩΓΕΙΑ, ΔΗΜΟΤΙΚΑ ΣΧΟΛΕΙΑ, ΑΣΤΙΚΑΙ ΣΧΟΛΑΙ ΚΑΙ ΠΑΡΘΕΝΑΓΩΓΕΙΑ","Kindergartens, Primary Schools, Urban Schools and Girls' High Schools",,Ι. Α. Βρετός,I. A. Vretos,Μικρὰ Μάρθα,Little Martha,σελ. 64,30,παρ.,Underlined in page
1895,IMG_1303.jpeg,"ΝΗΠΙΑΓΩΓΕΙΑ, ΔΗΜΟΤΙΚΑ ΣΧΟΛΕΙΑ, ΑΣΤΙΚΑΙ ΣΧΟΛΑΙ ΚΑΙ ΠΑΡΘΕΝΑΓΩΓΕΙΑ","Kindergartens, Primary Schools, Urban Schools and Girls' High Schools",,Ι. Α. Βρετός,I. A. Vretos,Μικρὰ Σοφία,Little Sophia,σελ. 80,1,γρ.,Underlined in page
1895,IMG_1303.jpeg,"ΝΗΠΙΑΓΩΓΕΙΑ, ΔΗΜΟΤΙΚΑ ΣΧΟΛΕΙΑ, ΑΣΤΙΚΑΙ ΣΧΟΛΑΙ ΚΑΙ ΠΑΡΘΕΝΑΓΩΓΕΙΑ","Kindergartens, Primary Schools, Urban Schools and Girls' High Schools",,Ἀ. Δασκαλάκης,A. Daskalakis,Μικρὸν ἀρνίον,Little Lamb,σελ. 96,4,γρ.,
1895,IMG_1304.jpeg,"ΝΗΠΙΑΓΩΓΕΙΑ, ΔΗΜΟΤΙΚΑ ΣΧΟΛΕΙΑ, ΑΣΤΙΚΑΙ ΣΧΟΛΑΙ ΚΑΙ ΠΑΡΘΕΝΑΓΩΓΕΙΑ","Kindergartens, Primary Schools, Urban Schools and Girls' High Schools",,Ι. Α. Βρετοῦ,I. A. Vretos,Μικρὸς Γεώργιος,Little George,σελ. 60,1,γρ.,
1895,IMG_1304.jpeg,"ΝΗΠΙΑΓΩΓΕΙΑ, ΔΗΜΟΤΙΚΑ ΣΧΟΛΕΙΑ, ΑΣΤΙΚΑΙ ΣΧΟΛΑΙ ΚΑΙ ΠΑΡΘΕΝΑΓΩΓΕΙΑ","Kindergartens, Primary Schools, Urban Schools and Girls' High Schools",,Σ. Κ. Βλαστοῦ,S. K. Vlastos,Μικρὸς Δημήτριος ὁ Ἀρκέτης,Little Demetrios the Arketis,σελ. 88,4,γρ.,
1895,IMG_1304.jpeg,"ΝΗΠΙΑΓΩΓΕΙΑ, ΔΗΜΟΤΙΚΑ ΣΧΟΛΕΙΑ, ΑΣΤΙΚΑΙ ΣΧΟΛΑΙ ΚΑΙ ΠΑΡΘΕΝΑΓΩΓΕΙΑ","Kindergartens, Primary Schools, Urban Schools and Girls' High Schools",,Ι. Α. Βρετοῦ,I. A. Vretos,Μικρὸς Παῦλος,Little Paul,σελ. 64,1,γρ.,
1895,IMG_1304.jpeg,"ΝΗΠΙΑΓΩΓΕΙΑ, ΔΗΜΟΤΙΚΑ ΣΧΟΛΕΙΑ, ΑΣΤΙΚΑΙ ΣΧΟΛΑΙ ΚΑΙ ΠΑΡΘΕΝΑΓΩΓΕΙΑ","Kindergartens, Primary Schools, Urban Schools and Girls' High Schools",,Ι. Α. Βρετοῦ,I. A. Vretos,Μικρὸς Πέτρος,Little Peter,σελ. 176,2,γρ.,
1895,IMG_1304.jpeg,"ΝΗΠΙΑΓΩΓΕΙΑ, ΔΗΜΟΤΙΚΑ ΣΧΟΛΕΙΑ, ΑΣΤΙΚΑΙ ΣΧΟΛΑΙ ΚΑΙ ΠΑΡΘΕΝΑΓΩΓΕΙΑ","Kindergartens, Primary Schools, Urban Schools and Girls' High Schools",,Ἐμμ. Γαλάνη,Emm. Galanis,Μῦθοι Ἀρχαῖοι Ἑλληνικοί,Ancient Greek Fables,σ. 144,4,γρ.,
1895,IMG_1304.jpeg,"ΝΗΠΙΑΓΩΓΕΙΑ, ΔΗΜΟΤΙΚΑ ΣΧΟΛΕΙΑ, ΑΣΤΙΚΑΙ ΣΧΟΛΑΙ ΚΑΙ ΠΑΡΘΕΝΑΓΩΓΕΙΑ","Kindergartens, Primary Schools, Urban Schools and Girls' High Schools",,Π. Ι. Φέρμπου,P. I. Fermbos,Μῦθοι,Fables,σελ. πο,5,γρ.,
1895,IMG_1304.jpeg,"ΝΗΠΙΑΓΩΓΕΙΑ, ΔΗΜΟΤΙΚΑ ΣΧΟΛΕΙΑ, ΑΣΤΙΚΑΙ ΣΧΟΛΑΙ ΚΑΙ ΠΑΡΘΕΝΑΓΩΓΕΙΑ","Kindergartens, Primary Schools, Urban Schools and Girls' High Schools",,Δ. Α. Κορομηλᾶ,D. A. Koromilas,Μυθολογήματα,Mythological Tales,"Τόμ. Α', σελ. 128",2,γρ.,
1895,IMG_1304.jpeg,"ΝΗΠΙΑΓΩΓΕΙΑ, ΔΗΜΟΤΙΚΑ ΣΧΟΛΕΙΑ, ΑΣΤΙΚΑΙ ΣΧΟΛΑΙ ΚΑΙ ΠΑΡΘΕΝΑΓΩΓΕΙΑ","Kindergartens, Primary Schools, Urban Schools and Girls' High Schools",,Δ. Α. Κορομηλᾶ,D. A. Koromilas,Μυθοπλαστία,Myth-Making / Fables,"Τόμ. Α', σελ. 96",2,γρ.,
1895,IMG_1304.jpeg,"ΝΗΠΙΑΓΩΓΕΙΑ, ΔΗΜΟΤΙΚΑ ΣΧΟΛΕΙΑ, ΑΣΤΙΚΑΙ ΣΧΟΛΑΙ ΚΑΙ ΠΑΡΘΕΝΑΓΩΓΕΙΑ","Kindergartens, Primary Schools, Urban Schools and Girls' High Schools",,Ἰωακεὶμ Βαλαβάνης,Ioakeim Valavanis,Νεοελληνικὴ Κιβωτός,Modern Greek Ark,"Τόμος Α' (σελ. 15-232), Τόμος Β' (σελ. 224), Τόμος Γ' (σελ. 212)",6,γρόσια,Price is 6 grosia per volume. Includes descriptive annotation.
1895,IMG_1304.jpeg,"ΝΗΠΙΑΓΩΓΕΙΑ, ΔΗΜΟΤΙΚΑ ΣΧΟΛΕΙΑ, ΑΣΤΙΚΑΙ ΣΧΟΛΑΙ ΚΑΙ ΠΑΡΘΕΝΑΓΩΓΕΙΑ","Kindergartens, Primary Schools, Urban Schools and Girls' High Schools",,Ξενοφῶν (μετ. Μ. Βρατσάνου),Xenophon (trans. M. Vratsanos),"Ξενοφῶντος Κύρου Ἀνάβασις, εἰς τὴν γραφομένην γλῶσσαν","Xenophon's Anabasis of Cyrus, in the written language","Τεῦχος Α' (σελ. 112), Τεῦχος Β' (σελ. 103), Τεῦχος Γ' (σελ. 192)","4 (Α', Β'), 5 (Γ')",γρ.,
1895,IMG_1304.jpeg,"ΝΗΠΙΑΓΩΓΕΙΑ, ΔΗΜΟΤΙΚΑ ΣΧΟΛΕΙΑ, ΑΣΤΙΚΑΙ ΣΧΟΛΑΙ ΚΑΙ ΠΑΡΘΕΝΑΓΩΓΕΙΑ","Kindergartens, Primary Schools, Urban Schools and Girls' High Schools",,Δ. Γ. Μοστράτου,D. G. Mostratos,Ὀδύσσεια,Odyssey,"μετὰ εἰκόνων, σελ. 168",4,γρ.,Awarded at the Karapaneios competition of 1893. Includes detailed descriptive paragraph continuing onto page 17.
1895,IMG_1304.jpeg,"ΝΗΠΙΑΓΩΓΕΙΑ, ΔΗΜΟΤΙΚΑ ΣΧΟΛΕΙΑ, ΑΣΤΙΚΑΙ ΣΧΟΛΑΙ ΚΑΙ ΠΑΡΘΕΝΑΓΩΓΕΙΑ","Kindergartens, Primary Schools, Urban Schools and Girls' High Schools",,Γ. Κονιδάρη,G. Konidaris,Ὀδύσσεια,Odyssey,σελ. 150,2.20,γρ. παρ.,
1895,IMG_1304.jpeg,"ΝΗΠΙΑΓΩΓΕΙΑ, ΔΗΜΟΤΙΚΑ ΣΧΟΛΕΙΑ, ΑΣΤΙΚΑΙ ΣΧΟΛΑΙ ΚΑΙ ΠΑΡΘΕΝΑΓΩΓΕΙΑ","Kindergartens, Primary Schools, Urban Schools and Girls' High Schools",,Π. Π. Οἰκονόμου,P. P. Oikonomou,Ὀδύσσεια,Odyssey,"Τεῦχος Α' καὶ Β', σελ. 264",1.20,γρ. παρ.,Price is 1 grosi 20 para per issue.
1895,IMG_1304.jpeg,"ΝΗΠΙΑΓΩΓΕΙΑ, ΔΗΜΟΤΙΚΑ ΣΧΟΛΕΙΑ, ΑΣΤΙΚΑΙ ΣΧΟΛΑΙ ΚΑΙ ΠΑΡΘΕΝΑΓΩΓΕΙΑ","Kindergartens, Primary Schools, Urban Schools and Girls' High Schools",,Ε. Ζύγουρα,E. Zygouras,Οἰκονομίας οἰκιακῆς Περίληψις,Summary of Domestic Economy,σ. 124,5,γρ.,
1895,IMG_1304.jpeg,"ΝΗΠΙΑΓΩΓΕΙΑ, ΔΗΜΟΤΙΚΑ ΣΧΟΛΕΙΑ, ΑΣΤΙΚΑΙ ΣΧΟΛΑΙ ΚΑΙ ΠΑΡΘΕΝΑΓΩΓΕΙΑ","Kindergartens, Primary Schools, Urban Schools and Girls' High Schools",,Α. Κιβανιάρη,A. Kivaniaris,Οἰκονομίας οἰκιακῆς (περι),Domestic Economy (summary),σελ. 112,6,γρ.,
1895,IMG_1304.jpeg,"ΝΗΠΙΑΓΩΓΕΙΑ, ΔΗΜΟΤΙΚΑ ΣΧΟΛΕΙΑ, ΑΣΤΙΚΑΙ ΣΧΟΛΑΙ ΚΑΙ ΠΑΡΘΕΝΑΓΩΓΕΙΑ","Kindergartens, Primary Schools, Urban Schools and Girls' High Schools",,Β. Σωτηριάδου,V. Sotiriadis,"Παῖς ἐν τῷ οἴκῳ, ἤτοι Πρακτικὴ Ἠθική","The Child at Home, or Practical Ethics",σελ. 152,3,γρ.,
1895,IMG_1304.jpeg,"ΝΗΠΙΑΓΩΓΕΙΑ, ΔΗΜΟΤΙΚΑ ΣΧΟΛΕΙΑ, ΑΣΤΙΚΑΙ ΣΧΟΛΑΙ ΚΑΙ ΠΑΡΘΕΝΑΓΩΓΕΙΑ","Kindergartens, Primary Schools, Urban Schools and Girls' High Schools",,Ι. Α. Βρετοῦ,I. A. Vretos,Παπασπῦρος,Papaspyros,σελ. 58,1,γρ.,
1895,IMG_1304.jpeg,"ΝΗΠΙΑΓΩΓΕΙΑ, ΔΗΜΟΤΙΚΑ ΣΧΟΛΕΙΑ, ΑΣΤΙΚΑΙ ΣΧΟΛΑΙ ΚΑΙ ΠΑΡΘΕΝΑΓΩΓΕΙΑ","Kindergartens, Primary Schools, Urban Schools and Girls' High Schools",,Α. Βλάση,A. Vlasis,Παραλλήλων βίων τοῦ Πλουτάρχου ἐπιτομή,Epitome of Plutarch's Parallel Lives,σελ. 184,2.20,γρ. παρ.,
1895,IMG_1304.jpeg,"ΝΗΠΙΑΓΩΓΕΙΑ, ΔΗΜΟΤΙΚΑ ΣΧΟΛΕΙΑ, ΑΣΤΙΚΑΙ ΣΧΟΛΑΙ ΚΑΙ ΠΑΡΘΕΝΑΓΩΓΕΙΑ","Kindergartens, Primary Schools, Urban Schools and Girls' High Schools",,Δ. Βικέλα,D. Vikelas,Παραμύθια Δανικὰ Ἄνδερσεν,Andersen's Danish Fairy Tales,σελ. 86,6,γρ.,
1895,IMG_1304.jpeg,"ΝΗΠΙΑΓΩΓΕΙΑ, ΔΗΜΟΤΙΚΑ ΣΧΟΛΕΙΑ, ΑΣΤΙΚΑΙ ΣΧΟΛΑΙ ΚΑΙ ΠΑΡΘΕΝΑΓΩΓΕΙΑ","Kindergartens, Primary Schools, Urban Schools and Girls' High Schools",,Μ. Βρατσάνου,M. Vratsanos,Παραμύθια Ἀδελφῶν Γρίμμ,Brothers Grimm's Fairy Tales,σ. 80,2,γρ.,
1895,IMG_1304.jpeg,"ΝΗΠΙΑΓΩΓΕΙΑ, ΔΗΜΟΤΙΚΑ ΣΧΟΛΕΙΑ, ΑΣΤΙΚΑΙ ΣΧΟΛΑΙ ΚΑΙ ΠΑΡΘΕΝΑΓΩΓΕΙΑ","Kindergartens, Primary Schools, Urban Schools and Girls' High Schools",,Κ. Χριστοδούλου,K. Christodoulou,Περίληψις τῶν πράξεων τῶν ἁγίων Ἀποστόλων,Summary of the Acts of the Holy Apostles,σελ. 45,30,παρ.,
1895,IMG_1304.jpeg,"ΝΗΠΙΑΓΩΓΕΙΑ, ΔΗΜΟΤΙΚΑ ΣΧΟΛΕΙΑ, ΑΣΤΙΚΑΙ ΣΧΟΛΑΙ ΚΑΙ ΠΑΡΘΕΝΑΓΩΓΕΙΑ","Kindergartens, Primary Schools, Urban Schools and Girls' High Schools",,Κ. Χριστοδούλου,K. Christodoulou,Περίληψις ἱστορικὴ τοῦ ἱεροῦ Εὐαγγελίου,Historical Summary of the Holy Gospel,σελ. 64,30,παρ.,
1895,IMG_1304.jpeg,"ΝΗΠΙΑΓΩΓΕΙΑ, ΔΗΜΟΤΙΚΑ ΣΧΟΛΕΙΑ, ΑΣΤΙΚΑΙ ΣΧΟΛΑΙ ΚΑΙ ΠΑΡΘΕΝΑΓΩΓΕΙΑ","Kindergartens, Primary Schools, Urban Schools and Girls' High Schools",,,,Περίληψις νεωτάτη τῆς Παλαιᾶς καὶ Νέας Διαθήκης,Newest Summary of the Old and New Testaments,"μετὰ 24 εἰκόνων, σελ. 89",1,γρ.,Includes descriptive commentary below entry.
1895,IMG_1304.jpeg,"ΝΗΠΙΑΓΩΓΕΙΑ, ΔΗΜΟΤΙΚΑ ΣΧΟΛΕΙΑ, ΑΣΤΙΚΑΙ ΣΧΟΛΑΙ ΚΑΙ ΠΑΡΘΕΝΑΓΩΓΕΙΑ","Kindergartens, Primary Schools, Urban Schools and Girls' High Schools",,Ἑ. Γαλάνη,E. Galanis,Περιπλανήσεις τοῦ Ὀδυσσέως,Wanderings of Odysseus,σελ. 214,6,γρ.,
1895,IMG_1304.jpeg,"ΝΗΠΙΑΓΩΓΕΙΑ, ΔΗΜΟΤΙΚΑ ΣΧΟΛΕΙΑ, ΑΣΤΙΚΑΙ ΣΧΟΛΑΙ ΚΑΙ ΠΑΡΘΕΝΑΓΩΓΕΙΑ","Kindergartens, Primary Schools, Urban Schools and Girls' High Schools",,,,"Περιστερά, διήγημα","The Dove, a story",σελ. 28,10,παρ.,
1895,IMG_1304.jpeg,"ΝΗΠΙΑΓΩΓΕΙΑ, ΔΗΜΟΤΙΚΑ ΣΧΟΛΕΙΑ, ΑΣΤΙΚΑΙ ΣΧΟΛΑΙ ΚΑΙ ΠΑΡΘΕΝΑΓΩΓΕΙΑ","Kindergartens, Primary Schools, Urban Schools and Girls' High Schools",,Ι. Π. Κοκκώνη,I. P. Kokkonis,Πινακίδες ἢ Νέον Ἀλφαβητάριον,Tablets or New Primer,"Μέρος Α', σελ. 60",1,γρ.,Entry is crossed out with blue ink on the page.
1895,IMG_1304.jpeg,"ΝΗΠΙΑΓΩΓΕΙΑ, ΔΗΜΟΤΙΚΑ ΣΧΟΛΕΙΑ, ΑΣΤΙΚΑΙ ΣΧΟΛΑΙ ΚΑΙ ΠΑΡΘΕΝΑΓΩΓΕΙΑ","Kindergartens, Primary Schools, Urban Schools and Girls' High Schools",,Δ. Κ. Μισιτζῆ,D. K. Misitzis,Πνευματικὴ τροφὴ τῶν παίδων,Spiritual Food of Children,4 Ἔτη,"2, 4, 4.20, 5",γρ.,"Prices by year: Ἔτος Α' τεῦχ. α' γρ. 2, τεῦχ. β' γρ. 2; Ἔτος Β' γρ. 4; Ἔτος Γ' γρ. 4 παρ. 20; Ἔτος Δ' γρ. 5."
1895,IMG_1304.jpeg,"ΝΗΠΙΑΓΩΓΕΙΑ, ΔΗΜΟΤΙΚΑ ΣΧΟΛΕΙΑ, ΑΣΤΙΚΑΙ ΣΧΟΛΑΙ ΚΑΙ ΠΑΡΘΕΝΑΓΩΓΕΙΑ","Kindergartens, Primary Schools, Urban Schools and Girls' High Schools",,Β. Ἰωαννίδου,V. Ioannidou,Πραγματογνωσίας μαθήματα,Object Lessons / Lessons in Realia,"Τεῦχος Α', σελ. η'—80",2,γρ.,Includes descriptive text below entry.
1895,IMG_1305.jpeg,"ΝΗΠΙΑΓΩΓΕΙΑ, ΔΗΜΟΤΙΚΑ ΣΧΟΛΕΙΑ, ΑΣΤΙΚΑΙ ΣΧΟΛΑΙ ΚΑΙ ΠΑΡΘΕΝΑΓΩΓΕΙΑ","Kindergartens, Primary Schools, Urban Schools and Girls' High Schools",,Α. Κ.,A. K.,"Προπαιδεία, ἢ στοιχεῖα ἀριθμητικῆς","Propaedeutics, or Elements of Arithmetic",σελ. 15,20,παρ.,παρ. 20
1895,IMG_1305.jpeg,"ΝΗΠΙΑΓΩΓΕΙΑ, ΔΗΜΟΤΙΚΑ ΣΧΟΛΕΙΑ, ΑΣΤΙΚΑΙ ΣΧΟΛΑΙ ΚΑΙ ΠΑΡΘΕΝΑΓΩΓΕΙΑ","Kindergartens, Primary Schools, Urban Schools and Girls' High Schools",,Anonymos,Anonymous,Προσευχαὶ διὰ τὰ παιδιά,Prayers for Children,σελ. 16,10,παρ.,
1895,IMG_1305.jpeg,"ΝΗΠΙΑΓΩΓΕΙΑ, ΔΗΜΟΤΙΚΑ ΣΧΟΛΕΙΑ, ΑΣΤΙΚΑΙ ΣΧΟΛΑΙ ΚΑΙ ΠΑΡΘΕΝΑΓΩΓΕΙΑ","Kindergartens, Primary Schools, Urban Schools and Girls' High Schools",,Γ. Γεννάδιος,G. Gennadios,Πρώτη τροφὴ τοῦ νοός,First Food of the Mind,σελ. 128,1,γρ.,
1895,IMG_1305.jpeg,"ΝΗΠΙΑΓΩΓΕΙΑ, ΔΗΜΟΤΙΚΑ ΣΧΟΛΕΙΑ, ΑΣΤΙΚΑΙ ΣΧΟΛΑΙ ΚΑΙ ΠΑΡΘΕΝΑΓΩΓΕΙΑ","Kindergartens, Primary Schools, Urban Schools and Girls' High Schools",,Ἰ. Ἀ. Βρετός,I. A. Vretos,Πτωχὸς γέρων,Poor Old Man,σελ. 94,1 γρ. 10 παρ.,γρ.,
1895,IMG_1305.jpeg,"ΝΗΠΙΑΓΩΓΕΙΑ, ΔΗΜΟΤΙΚΑ ΣΧΟΛΕΙΑ, ΑΣΤΙΚΑΙ ΣΧΟΛΑΙ ΚΑΙ ΠΑΡΘΕΝΑΓΩΓΕΙΑ","Kindergartens, Primary Schools, Urban Schools and Girls' High Schools",,Ε. Ζύγουρας,E. Zygouras,"Ῥαπτική, Κοπτική, Πλεκτικὴ καὶ Ποικιλτική, μετὰ 40 σχημάτων","Sewing, Cutting, Knitting and Embroidery, with 40 figures",σελ. 184,7 γρ. 20 παρ.,γρ.,
1895,IMG_1305.jpeg,"ΝΗΠΙΑΓΩΓΕΙΑ, ΔΗΜΟΤΙΚΑ ΣΧΟΛΕΙΑ, ΑΣΤΙΚΑΙ ΣΧΟΛΑΙ ΚΑΙ ΠΑΡΘΕΝΑΓΩΓΕΙΑ","Kindergartens, Primary Schools, Urban Schools and Girls' High Schools",,Μ. Αὐθεντόπουλος,M. Authentopoulos,"Ῥοβινσὼν Κροῦσος, ἐλευθέρως διασκευασθεὶς χάριν τῶν μαθητῶν καὶ μαθητριῶν τῆς Δημοτικῆς Σχολῆς","Robinson Crusoe, freely adapted for pupils of Primary School",σελ. 168,3,γρ.,μετὰ εἰκόνων εὐρωπαϊκῶν
1895,IMG_1305.jpeg,"ΝΗΠΙΑΓΩΓΕΙΑ, ΔΗΜΟΤΙΚΑ ΣΧΟΛΕΙΑ, ΑΣΤΙΚΑΙ ΣΧΟΛΑΙ ΚΑΙ ΠΑΡΘΕΝΑΓΩΓΕΙΑ","Kindergartens, Primary Schools, Urban Schools and Girls' High Schools",,Π. Π. Οἰκονόμου,P. P. Oikonomou,Ῥοβινσών,Robinson,σελ. 160,2,γρ.,
1895,IMG_1305.jpeg,"ΝΗΠΙΑΓΩΓΕΙΑ, ΔΗΜΟΤΙΚΑ ΣΧΟΛΕΙΑ, ΑΣΤΙΚΑΙ ΣΧΟΛΑΙ ΚΑΙ ΠΑΡΘΕΝΑΓΩΓΕΙΑ","Kindergartens, Primary Schools, Urban Schools and Girls' High Schools",,Μιλτιάδης Ν. Στελανίδης,Miltiadis N. Stelanidis,"Ῥοβινσών, διασκευασθεὶς ἐκ τοῦ κειμένου τοῦ Campe καὶ διὰ καταλλήλων κοσμηθεὶς εἰκόνων","Robinson, adapted from Campe's text and decorated with suitable images",Έκδ. β',3,γρ.,Εβραβεύθη ἐν τῷ Καραπανείῳ ἀγῶνι
1895,IMG_1305.jpeg,"ΝΗΠΙΑΓΩΓΕΙΑ, ΔΗΜΟΤΙΚΑ ΣΧΟΛΕΙΑ, ΑΣΤΙΚΑΙ ΣΧΟΛΑΙ ΚΑΙ ΠΑΡΘΕΝΑΓΩΓΕΙΑ","Kindergartens, Primary Schools, Urban Schools and Girls' High Schools",,Δ. Ν. Δάρβαρις,D. N. Darvaris,Σοφίας ἀπάνθισμα,Anthology of Wisdom,σελ. 149,1 γρ. 20 παρ.,γρ.,ἀναθεωρηθὲν ὑπὸ Γ. Γεράκη
1895,IMG_1305.jpeg,"ΝΗΠΙΑΓΩΓΕΙΑ, ΔΗΜΟΤΙΚΑ ΣΧΟΛΕΙΑ, ΑΣΤΙΚΑΙ ΣΧΟΛΑΙ ΚΑΙ ΠΑΡΘΕΝΑΓΩΓΕΙΑ","Kindergartens, Primary Schools, Urban Schools and Girls' High Schools",,Γ. Πολυμέρης,G. Polymeris,Σοφίας ἀπάνθισμα,Anthology of Wisdom,σελ. 76,30,παρ.,
1895,IMG_1305.jpeg,"ΝΗΠΙΑΓΩΓΕΙΑ, ΔΗΜΟΤΙΚΑ ΣΧΟΛΕΙΑ, ΑΣΤΙΚΑΙ ΣΧΟΛΑΙ ΚΑΙ ΠΑΡΘΕΝΑΓΩΓΕΙΑ","Kindergartens, Primary Schools, Urban Schools and Girls' High Schools",,Δ. Α. Κορομηλᾶς,D. A. Koromilas,Συλλαβισματάριον,Spelling Book / Syllabary,σελ. 34,30,παρ.,
1895,IMG_1305.jpeg,"ΝΗΠΙΑΓΩΓΕΙΑ, ΔΗΜΟΤΙΚΑ ΣΧΟΛΕΙΑ, ΑΣΤΙΚΑΙ ΣΧΟΛΑΙ ΚΑΙ ΠΑΡΘΕΝΑΓΩΓΕΙΑ","Kindergartens, Primary Schools, Urban Schools and Girls' High Schools",,Anonymous,Anonymous,Συμπεριφορᾶς (περί),On Behavior,σελ. 23,10,παρ.,
1895,IMG_1305.jpeg,"ΝΗΠΙΑΓΩΓΕΙΑ, ΔΗΜΟΤΙΚΑ ΣΧΟΛΕΙΑ, ΑΣΤΙΚΑΙ ΣΧΟΛΑΙ ΚΑΙ ΠΑΡΘΕΝΑΓΩΓΕΙΑ","Kindergartens, Primary Schools, Urban Schools and Girls' High Schools",,Ἀ. Πρωτοπαπαδάκης,A. Protopapadakis,Σωματολογία,Somatology / Human Physiology,σελ. 96,3,γρ.,
1895,IMG_1305.jpeg,"ΝΗΠΙΑΓΩΓΕΙΑ, ΔΗΜΟΤΙΚΑ ΣΧΟΛΕΙΑ, ΑΣΤΙΚΑΙ ΣΧΟΛΑΙ ΚΑΙ ΠΑΡΘΕΝΑΓΩΓΕΙΑ","Kindergartens, Primary Schools, Urban Schools and Girls' High Schools",,Δ. Πανταζῆς,D. Pantazis,Ταμεῖον ὠφελίμων γνώσεων,Treasury of Useful Knowledge,σ. 120,4,γρ.,
1895,IMG_1305.jpeg,"ΝΗΠΙΑΓΩΓΕΙΑ, ΔΗΜΟΤΙΚΑ ΣΧΟΛΕΙΑ, ΑΣΤΙΚΑΙ ΣΧΟΛΑΙ ΚΑΙ ΠΑΡΘΕΝΑΓΩΓΕΙΑ","Kindergartens, Primary Schools, Urban Schools and Girls' High Schools",,Αἰκατερίνη Δασκαρίδου,Aikaterini Daskaridou,"Τέρψις τῶν παίδων, διηγήματα διὰ παιδία 7—9 ἐτῶν","Delight of Children, stories for children 7–9 years old","8ον, σελ. 160",7 γρ. 20 παρ.,γρ.,
1895,IMG_1305.jpeg,"ΝΗΠΙΑΓΩΓΕΙΑ, ΔΗΜΟΤΙΚΑ ΣΧΟΛΕΙΑ, ΑΣΤΙΚΑΙ ΣΧΟΛΑΙ ΚΑΙ ΠΑΡΘΕΝΑΓΩΓΕΙΑ","Kindergartens, Primary Schools, Urban Schools and Girls' High Schools",,Ἀ. Ν. Μίλτος,A. N. Miltos,Τερψιχόρη (Τεῦχος α' & Τεῦχος β'),Terpsichore (Volume A & Volume B),"Τεῦχος α', σελ. 136 / Τεῦχος β', σελ. 170",10 / 12,γρ.,"Τεῦχος α': γρ. 10, Τεῦχος β': γρ. 12"
1895,IMG_1305.jpeg,"ΝΗΠΙΑΓΩΓΕΙΑ, ΔΗΜΟΤΙΚΑ ΣΧΟΛΕΙΑ, ΑΣΤΙΚΑΙ ΣΧΟΛΑΙ ΚΑΙ ΠΑΡΘΕΝΑΓΩΓΕΙΑ","Kindergartens, Primary Schools, Urban Schools and Girls' High Schools",,Ἀ. Βισκόπουλος,A. Viskopoulos,Τοπογραφία τῆς Κωνσταντινουπόλεως,Topography of Constantinople,σελ. 160,6,γρ.,χαρτόδετος
1895,IMG_1305.jpeg,"ΝΗΠΙΑΓΩΓΕΙΑ, ΔΗΜΟΤΙΚΑ ΣΧΟΛΕΙΑ, ΑΣΤΙΚΑΙ ΣΧΟΛΑΙ ΚΑΙ ΠΑΡΘΕΝΑΓΩΓΕΙΑ","Kindergartens, Primary Schools, Urban Schools and Girls' High Schools",,Ν. Δελένδας,N. Delendas,Φιλόστοργος κόρη,Affectionate Daughter,σελ. 144,2,γρ.,
1895,IMG_1305.jpeg,"ΝΗΠΙΑΓΩΓΕΙΑ, ΔΗΜΟΤΙΚΑ ΣΧΟΛΕΙΑ, ΑΣΤΙΚΑΙ ΣΧΟΛΑΙ ΚΑΙ ΠΑΡΘΕΝΑΓΩΓΕΙΑ","Kindergartens, Primary Schools, Urban Schools and Girls' High Schools",,Μάξιμος Δασκαλάκης,Maximos Daskalakis,Φυσικὴ μικρά,Short Physics,σελ. 101,2 γρ. 20 παρ.,γρ.,
1895,IMG_1305.jpeg,"ΝΗΠΙΑΓΩΓΕΙΑ, ΔΗΜΟΤΙΚΑ ΣΧΟΛΕΙΑ, ΑΣΤΙΚΑΙ ΣΧΟΛΑΙ ΚΑΙ ΠΑΡΘΕΝΑΓΩΓΕΙΑ","Kindergartens, Primary Schools, Urban Schools and Girls' High Schools",,Ἰ. Παπαθανασίου,I. Papathanasiou,Φυσικὴ πειραματικὴ μικρά,Short Experimental Physics,σ. 101,6,γρ.,
1895,IMG_1305.jpeg,"ΝΗΠΙΑΓΩΓΕΙΑ, ΔΗΜΟΤΙΚΑ ΣΧΟΛΕΙΑ, ΑΣΤΙΚΑΙ ΣΧΟΛΑΙ ΚΑΙ ΠΑΡΘΕΝΑΓΩΓΕΙΑ","Kindergartens, Primary Schools, Urban Schools and Girls' High Schools",,Ἀ. Κωνσταντινίδης,A. Konstantinidis,Φυσικὴ Προπαιδεία,Physics Propaedeutics,σελ. 144,5,γρ.,
1895,IMG_1305.jpeg,"ΝΗΠΙΑΓΩΓΕΙΑ, ΔΗΜΟΤΙΚΑ ΣΧΟΛΕΙΑ, ΑΣΤΙΚΑΙ ΣΧΟΛΑΙ ΚΑΙ ΠΑΡΘΕΝΑΓΩΓΕΙΑ","Kindergartens, Primary Schools, Urban Schools and Girls' High Schools",,Δ. Τραγανός,D. Traganos,Φυσικὴ μετὰ σχημάτων (Τεῦχος Α' & Τεῦχος Β'),Physics with Diagrams (Volume A & Volume B),"Τεῦχος Α', σελ. 83 / Τεῦχος Β', σελ. 82",4 / 4,γρ.,"Τεῦχος Α': γρ. 4, Τεῦχος Β': γρ. 4"
1895,IMG_1305.jpeg,"ΝΗΠΙΑΓΩΓΕΙΑ, ΔΗΜΟΤΙΚΑ ΣΧΟΛΕΙΑ, ΑΣΤΙΚΑΙ ΣΧΟΛΑΙ ΚΑΙ ΠΑΡΘΕΝΑΓΩΓΕΙΑ","Kindergartens, Primary Schools, Urban Schools and Girls' High Schools",,Ι. Π. Κ.,I. P. K.,Φυσικῆς Μαθήματα,Lessons of Physics,σελ. 74,1 γρ. 20 παρ.,γρ.,
1895,IMG_1305.jpeg,"ΝΗΠΙΑΓΩΓΕΙΑ, ΔΗΜΟΤΙΚΑ ΣΧΟΛΕΙΑ, ΑΣΤΙΚΑΙ ΣΧΟΛΑΙ ΚΑΙ ΠΑΡΘΕΝΑΓΩΓΕΙΑ","Kindergartens, Primary Schools, Urban Schools and Girls' High Schools",,"Β. Σκορδέλης, Μ. Σακελλαρόπουλος","V. Skordelis, M. Sakellaropoulos",Φυσικῆς διδασκαλία,Teaching of Physics,σελ. 88,5,γρ.,
1895,IMG_1305.jpeg,"ΝΗΠΙΑΓΩΓΕΙΑ, ΔΗΜΟΤΙΚΑ ΣΧΟΛΕΙΑ, ΑΣΤΙΚΑΙ ΣΧΟΛΑΙ ΚΑΙ ΠΑΡΘΕΝΑΓΩΓΕΙΑ","Kindergartens, Primary Schools, Urban Schools and Girls' High Schools",,Π. Κονδύλης,P. Kondylis,Φυσικῆς Στοιχειώδεις Γνώσεις,Elementary Knowledge of Physics,σελ. 32,4,γρ.,
1895,IMG_1305.jpeg,"ΝΗΠΙΑΓΩΓΕΙΑ, ΔΗΜΟΤΙΚΑ ΣΧΟΛΕΙΑ, ΑΣΤΙΚΑΙ ΣΧΟΛΑΙ ΚΑΙ ΠΑΡΘΕΝΑΓΩΓΕΙΑ","Kindergartens, Primary Schools, Urban Schools and Girls' High Schools",,Ἀ. Π. Ἀθανασιάδης,A. P. Athanasiadis,Φυσικὴ Ἱστορία (Τεῦχος Α' & Τεῦχος Β'),Natural History (Volume A & Volume B),Τεῦχος Α': σελ. πβ (82) / Τεῦχος Β': σελ. 160,4 / 5,γρ.,"Τεῦχος Α': Περιγραφαὶ ζῴων, φυτῶν καὶ ὀρυκτῶν. Τεῦχος Β': Στοιχειώδης Ἀνθρωπολογία καὶ Ζῳολογία"
1895,IMG_1305.jpeg,"ΝΗΠΙΑΓΩΓΕΙΑ, ΔΗΜΟΤΙΚΑ ΣΧΟΛΕΙΑ, ΑΣΤΙΚΑΙ ΣΧΟΛΑΙ ΚΑΙ ΠΑΡΘΕΝΑΓΩΓΕΙΑ","Kindergartens, Primary Schools, Urban Schools and Girls' High Schools",,Κ. Βαρβάτης,K. Varvatis,Φυσικὴ ἱστορία,Natural History,σελ. 172,3,γρ.,
1895,IMG_1305.jpeg,"ΝΗΠΙΑΓΩΓΕΙΑ, ΔΗΜΟΤΙΚΑ ΣΧΟΛΕΙΑ, ΑΣΤΙΚΑΙ ΣΧΟΛΑΙ ΚΑΙ ΠΑΡΘΕΝΑΓΩΓΕΙΑ","Kindergartens, Primary Schools, Urban Schools and Girls' High Schools",,Δ. Κουτσομητόπουλος,D. Koutsomitopoulos,Φυσικῆς Ἱστορίας Ἀναγνώσματα,Readings in Natural History,σελ. 104,5,γρ.,
1895,IMG_1305.jpeg,"ΝΗΠΙΑΓΩΓΕΙΑ, ΔΗΜΟΤΙΚΑ ΣΧΟΛΕΙΑ, ΑΣΤΙΚΑΙ ΣΧΟΛΑΙ ΚΑΙ ΠΑΡΘΕΝΑΓΩΓΕΙΑ","Kindergartens, Primary Schools, Urban Schools and Girls' High Schools",,Σπ. Μηλιαράκης,Sp. Miliarakis,Φυσικῆς Ἱστορίας Ἐγχειρίδιον,Manual of Natural History,"8ον, σελ. 128",2 γρ. 20 παρ.,γρ.,
1895,IMG_1305.jpeg,"ΝΗΠΙΑΓΩΓΕΙΑ, ΔΗΜΟΤΙΚΑ ΣΧΟΛΕΙΑ, ΑΣΤΙΚΑΙ ΣΧΟΛΑΙ ΚΑΙ ΠΑΡΘΕΝΑΓΩΓΕΙΑ","Kindergartens, Primary Schools, Urban Schools and Girls' High Schools",,Σ. Μηλιαράκης,S. Miliarakis,Φυσικῆς Ἱστορίας Μαθήματα,Lessons of Natural History,σελ. 192,3,γρ.,
1895,IMG_1306.jpeg,"ΝΗΠΙΑΓΩΓΕΙΑ, ΔΗΜΟΤΙΚΑ ΣΧΟΛΕΙΑ, ΑΣΤΙΚΑΙ ΣΧΟΛΑΙ ΚΑΙ ΠΑΡΘΕΝΑΓΩΓΕΙΑ","Kindergartens, Primary Schools, Urban Schools and Girls' High Schools",,Β. Σκορδέλης,V. Skordelis,Φυσικῆς ἱστορίας Μαθήματα,Lessons of Natural History,σελ. 158,6,γρ.,
1895,IMG_1306.jpeg,"ΝΗΠΙΑΓΩΓΕΙΑ, ΔΗΜΟΤΙΚΑ ΣΧΟΛΕΙΑ, ΑΣΤΙΚΑΙ ΣΧΟΛΑΙ ΚΑΙ ΠΑΡΘΕΝΑΓΩΓΕΙΑ","Kindergartens, Primary Schools, Urban Schools and Girls' High Schools",,Ἀ. Γεωργιάδης καὶ Ν. Παπαδόπουλος,A. Georgiadis and N. Papadopoulos,Φυσικῆς ἱστορίας στοιχειώδεις Γνώσεις,Elementary Knowledge of Natural History,σελ. 126,4.20,γρ.,
1895,IMG_1306.jpeg,"ΝΗΠΙΑΓΩΓΕΙΑ, ΔΗΜΟΤΙΚΑ ΣΧΟΛΕΙΑ, ΑΣΤΙΚΑΙ ΣΧΟΛΑΙ ΚΑΙ ΠΑΡΘΕΝΑΓΩΓΕΙΑ","Kindergartens, Primary Schools, Urban Schools and Girls' High Schools",,N/A,N/A,"Χρηστοήθεια, ἢτοι τρόποι τοῦ ἑλληνοπρεπῶς φέρεσθαι","Good Conduct, or Ways of Behaving in a Greek-befitting Manner",σ. 108,4,γρ.,
1895,IMG_1306.jpeg,"ΝΗΠΙΑΓΩΓΕΙΑ, ΔΗΜΟΤΙΚΑ ΣΧΟΛΕΙΑ, ΑΣΤΙΚΑΙ ΣΧΟΛΑΙ ΚΑΙ ΠΑΡΘΕΝΑΓΩΓΕΙΑ","Kindergartens, Primary Schools, Urban Schools and Girls' High Schools",,Φρ. Σοάβιος,Fr. Soave,Χρηστοήθεια ἢ Πραγματεία περὶ τῶν χρεῶν τοῦ ἀνθρώπου,Good Conduct or Treatise on the Duties of Man,σελ. 64,20,παρ.,
1895,IMG_1306.jpeg,"ΝΗΠΙΑΓΩΓΕΙΑ, ΔΗΜΟΤΙΚΑ ΣΧΟΛΕΙΑ, ΑΣΤΙΚΑΙ ΣΧΟΛΑΙ ΚΑΙ ΠΑΡΘΕΝΑΓΩΓΕΙΑ","Kindergartens, Primary Schools, Urban Schools and Girls' High Schools",,Ἰ. Δ. Ἀριστοκλῆς,I. D. Aristoklis,Χρηστομάθεια τῶν Δημοτικῶν Σχολείων. Τεῦχος Ε΄,Chrestomathy for Primary Schools. Volume E,σελ. 96,5,γρ.,
1895,IMG_1306.jpeg,"ΝΗΠΙΑΓΩΓΕΙΑ, ΔΗΜΟΤΙΚΑ ΣΧΟΛΕΙΑ, ΑΣΤΙΚΑΙ ΣΧΟΛΑΙ ΚΑΙ ΠΑΡΘΕΝΑΓΩΓΕΙΑ","Kindergartens, Primary Schools, Urban Schools and Girls' High Schools",,Ματθ. Πανταζῆς,Matth. Pantazis,Χρηστομάθεια,Chrestomathy,σελ. 32,1,γρ.,
1895,IMG_1306.jpeg,"ΝΗΠΙΑΓΩΓΕΙΑ, ΔΗΜΟΤΙΚΑ ΣΧΟΛΕΙΑ, ΑΣΤΙΚΑΙ ΣΧΟΛΑΙ ΚΑΙ ΠΑΡΘΕΝΑΓΩΓΕΙΑ","Kindergartens, Primary Schools, Urban Schools and Girls' High Schools",,Χ. Πούλιος,Ch. Poulios,"Χρηστομάθεια νέα ἑλληνική, ἤτοι ἀνέκδοτα, μῦθοι, παραβολαί, περιγραφαὶ ἐκ τῆς φύσεως, χαρακτῆρες, ἱστορικὰ τεμάχια κτλ.","New Greek Chrestomathy, namely anecdotes, fables, parables, descriptions of nature, characters, historical passages etc.",σελ. 142,1.20,γρ.,
1895,IMG_1306.jpeg,"ΝΗΠΙΑΓΩΓΕΙΑ, ΔΗΜΟΤΙΚΑ ΣΧΟΛΕΙΑ, ΑΣΤΙΚΑΙ ΣΧΟΛΑΙ ΚΑΙ ΠΑΡΘΕΝΑΓΩΓΕΙΑ","Kindergartens, Primary Schools, Urban Schools and Girls' High Schools",,Κ. Μαρουδῆς,K. Maroudis,Χρυσαλὶς τῶν Παίδων ἢ τὰ καθήκοντα αὐτῶν,Chrysalis of Children or Their Duties,"8ον, σελ. 224",7.20,γρ.,
1895,IMG_1306.jpeg,"ΝΗΠΙΑΓΩΓΕΙΑ, ΔΗΜΟΤΙΚΑ ΣΧΟΛΕΙΑ, ΑΣΤΙΚΑΙ ΣΧΟΛΑΙ ΚΑΙ ΠΑΡΘΕΝΑΓΩΓΕΙΑ","Kindergartens, Primary Schools, Urban Schools and Girls' High Schools",,Θ. Γαλουδέτος,Th. Galoudetos,Ψυχολογία,Psychology,σελ. 64,20,παρ.,
1895,IMG_1306.jpeg,"ΕΛΛΗΝΙΚΑ ΣΧΟΛΕΙΑ, ΠΑΡΘΕΝΑΓΩΓΕΙΑ ΚΑΙ ΓΥΜΝΑΣΙΑ","Hellenic Schools, Girls' High Schools and Gymnasiums",,Ἀνδρέας Σπαθάρης,Andreas Spatharis,Ἄλγεβρα,Algebra,"8ον, σελ. πβ",12.20,γρ.,
1895,IMG_1306.jpeg,"ΕΛΛΗΝΙΚΑ ΣΧΟΛΕΙΑ, ΠΑΡΘΕΝΑΓΩΓΕΙΑ ΚΑΙ ΓΥΜΝΑΣΙΑ","Hellenic Schools, Girls' High Schools and Gymnasiums",,Ἀ. Δαμασκηνός,A. Damaskinos,Ἄλγεβρα στοιχειώδης,Elementary Algebra,"8ον, σελ. 296",12,γρ.,
1895,IMG_1306.jpeg,"ΕΛΛΗΝΙΚΑ ΣΧΟΛΕΙΑ, ΠΑΡΘΕΝΑΓΩΓΕΙΑ ΚΑΙ ΓΥΜΝΑΣΙΑ","Hellenic Schools, Girls' High Schools and Gymnasiums",,Ἰ. Χατζιδάκης,I. Chatzidakis,Ἄλγεβρα στοιχειώδης,Elementary Algebra,"8ον, σελ. ιε΄-247",10,γρ.,
1895,IMG_1306.jpeg,"ΕΛΛΗΝΙΚΑ ΣΧΟΛΕΙΑ, ΠΑΡΘΕΝΑΓΩΓΕΙΑ ΚΑΙ ΓΥΜΝΑΣΙΑ","Hellenic Schools, Girls' High Schools and Gymnasiums",,Ἀ. Δαμασκηνός,A. Damaskinos,Ἀλγεβρικαὶ ἀσκήσεις,Algebraic Exercises,"8ον, σελ. 192",9,γρ.,
1895,IMG_1306.jpeg,"ΕΛΛΗΝΙΚΑ ΣΧΟΛΕΙΑ, ΠΑΡΘΕΝΑΓΩΓΕΙΑ ΚΑΙ ΓΥΜΝΑΣΙΑ","Hellenic Schools, Girls' High Schools and Gymnasiums",,Γ. Παπασλιώτης,G. Papasliotis,Ἀνθολόγιον ἑλληνικόν,Greek Anthology,"8ον, σελ. 288",5,γρ.,"ἐν Βιέννῃ, 1862"
1895,IMG_1306.jpeg,"ΕΛΛΗΝΙΚΑ ΣΧΟΛΕΙΑ, ΠΑΡΘΕΝΑΓΩΓΕΙΑ ΚΑΙ ΓΥΜΝΑΣΙΑ","Hellenic Schools, Girls' High Schools and Gymnasiums",,Ν. Χορτάκης,N. Chortakis,Ἀνθρωπολογία σωματολογικὴ καὶ ψυχολογική,Somatological and Psychological Anthropology,"8ον, σελ. 168",8,γρ.,
1895,IMG_1306.jpeg,"ΕΛΛΗΝΙΚΑ ΣΧΟΛΕΙΑ, ΠΑΡΘΕΝΑΓΩΓΕΙΑ ΚΑΙ ΓΥΜΝΑΣΙΑ","Hellenic Schools, Girls' High Schools and Gymnasiums",,Μ. Ῥάλλης,M. Rallis,Ἄνθρωπος,Man,σελ. ε΄-208,10,γρ.,
1895,IMG_1306.jpeg,"ΕΛΛΗΝΙΚΑ ΣΧΟΛΕΙΑ, ΠΑΡΘΕΝΑΓΩΓΕΙΑ ΚΑΙ ΓΥΜΝΑΣΙΑ","Hellenic Schools, Girls' High Schools and Gymnasiums",,Ε. Βαρνίκος,E. Varnikos,Ἀνώμαλα ῥήματα καὶ ὀνόματα,Irregular Verbs and Nouns,"8ον, σελ. 123",5,γρόσια,
1895,IMG_1306.jpeg,"ΕΛΛΗΝΙΚΑ ΣΧΟΛΕΙΑ, ΠΑΡΘΕΝΑΓΩΓΕΙΑ ΚΑΙ ΓΥΜΝΑΣΙΑ","Hellenic Schools, Girls' High Schools and Gymnasiums",,Σ. Νικολαΐδης,S. Nikolaidis,Ἀνώμαλα ῥήματα καὶ ὀνόματα,Irregular Verbs and Nouns,σ. πϐ,3,γρ.,
1895,IMG_1306.jpeg,"ΕΛΛΗΝΙΚΑ ΣΧΟΛΕΙΑ, ΠΑΡΘΕΝΑΓΩΓΕΙΑ ΚΑΙ ΓΥΜΝΑΣΙΑ","Hellenic Schools, Girls' High Schools and Gymnasiums",,Κ. Δ. Οἰκονόμος,K. D. Oikonomos,Ἀνώμαλα ῥήματα καὶ ὀνόματα,Irregular Verbs and Nouns,"8ον, σελ. 187",7,γρ.,
1895,IMG_1306.jpeg,"ΕΛΛΗΝΙΚΑ ΣΧΟΛΕΙΑ, ΠΑΡΘΕΝΑΓΩΓΕΙΑ ΚΑΙ ΓΥΜΝΑΣΙΑ","Hellenic Schools, Girls' High Schools and Gymnasiums",,Ἀθ. Σακελλάριος,Ath. Sakellarios,Ἀνώμαλα καὶ ἐλλιπῆ ῥήματα,Irregular and Defective Verbs,"8ον, σελ. 427",10,γρ.,
1895,IMG_1306.jpeg,"ΕΛΛΗΝΙΚΑ ΣΧΟΛΕΙΑ, ΠΑΡΘΕΝΑΓΩΓΕΙΑ ΚΑΙ ΓΥΜΝΑΣΙΑ","Hellenic Schools, Girls' High Schools and Gymnasiums",,Λουκᾶς Χριστοδούλου,Loukas Christodoulou,Ἀνώμαλα ῥήματα καὶ ὀνόματα,Irregular Verbs and Nouns,"8ον, σελ. 194",5,γρ.,
1895,IMG_1306.jpeg,"ΕΛΛΗΝΙΚΑ ΣΧΟΛΕΙΑ, ΠΑΡΘΕΝΑΓΩΓΕΙΑ ΚΑΙ ΓΥΜΝΑΣΙΑ","Hellenic Schools, Girls' High Schools and Gymnasiums",,Γ. Δ. Ζηκίδης,G. D. Zikidis,Ἀνωμάλων ῥημάτων καὶ ὀνομάτων τῆς ἀττικῆς διαλέκτου Κατάλογος,Catalog of Irregular Verbs and Nouns of the Attic Dialect,"8ον, σελ. η΄-160",5,γρ.,
1895,IMG_1306.jpeg,"ΕΛΛΗΝΙΚΑ ΣΧΟΛΕΙΑ, ΠΑΡΘΕΝΑΓΩΓΕΙΑ ΚΑΙ ΓΥΜΝΑΣΙΑ","Hellenic Schools, Girls' High Schools and Gymnasiums",,Ἀ. Δ. Κυριακός,A. D. Kyriakos,Ἀπάνθισμα τῆς Ἁγίας Γραφῆς,Selection from the Holy Bible,σελ. ια΄-248,10,γρ.,
1895,IMG_1306.jpeg,"ΕΛΛΗΝΙΚΑ ΣΧΟΛΕΙΑ, ΠΑΡΘΕΝΑΓΩΓΕΙΑ ΚΑΙ ΓΥΜΝΑΣΙΑ","Hellenic Schools, Girls' High Schools and Gymnasiums",,Ἀ. Γ. Τάγης,A. G. Tagis,"Ἀπάνθισμα Ἑλληνικῶν Γραμμάτων. Τόμος Α΄, διὰ τὴν Α΄ τάξιν τοῦ Σχολείου, μετὰ Λεξικοῦ","Anthology of Greek Literature. Volume A, for the 1st grade of School, with a Dictionary",σελ. Ϛ΄-125,5,γρ.,"Δ. Φ. Includes review note: Ὁ καθηγητὴς κ. Τάγης, ἐκαινοτόμησε πάνυ εὐστόχως, διότι τὰς σημειώσεις προσήρτησεν ἐν εἴδει Λεξικοῦ εἰς τὸ τέλος τοῦ βιβλίου, περιορισθεὶς νὰ ὑποδείξῃ μόνον τὸν τύπον τῆς ζητητέας ἐν τῷ Λεξικῷ λέξεως."
1895,IMG_1307.jpeg,"ΕΛΛΗΝΙΚΑ ΣΧΟΛΕΙΑ, ΠΑΡΘΕΝΑΓΩΓΕΙΑ ΚΑΙ ΓΥΜΝΑΣΙΑ","Hellenic Schools, Girls' High Schools and Gymnasiums",Ἀπάνθισμα,Ἰωακείμ Βαλαβάνης,Ioakeim Balavanis,"Τόμος Β', διὰ τὴν Β' τάξιν τῶν Ἑλληνικῶν Σχολείων καὶ τὴν Α' τῶν Γυμνασίων, περιέχων τὰ τρία πρῶτα βιβλία τῆς Ξενοφῶντος Κύρου Ἀναβάσεως καὶ τὴν Ἰσοκράτους Πρὸς Δημόνικον Παραίνεσιν","Volume B, for the 2nd grade of Hellenic Schools and the 1st grade of Gymnasiums, containing the first three books of Xenophon's Anabasis and Isocrates' To Demonicus",σελ. η'—263,6,γρ.,"μετὰ εἰσαγωγῆς, βιογραφιῶν καὶ ποικίλων σημειώσεων"
1895,IMG_1307.jpeg,"ΕΛΛΗΝΙΚΑ ΣΧΟΛΕΙΑ, ΠΑΡΘΕΝΑΓΩΓΕΙΑ ΚΑΙ ΓΥΜΝΑΣΙΑ","Hellenic Schools, Girls' High Schools and Gymnasiums",Ἀπάνθισμα,Ἰωακείμ Βαλαβάνης,Ioakeim Balavanis,"Τόμος Δ', διὰ τὴν Α' τάξιν τῶν Γυμνασίων, περιέχων ἐκλογὴν τῶν Ξενοφῶντος Ἀπομνημονευμάτων, τὸν Λυσίου Ἐπιτάφιον τοῖς Κορινθίων βοηθοῖς καὶ τὸν Ἰσοκράτους Ἀρεοπαγιτικόν","Volume D, for the 1st grade of Gymnasiums, containing a selection of Xenophon's Memorabilia, Lysias' Funeral Oration, and Isocrates' Areopagiticus",,7,γρ.,"μετὰ εἰσαγωγῆς, βιογραφιῶν καὶ ποικίλων σημειώσεων"
1895,IMG_1308.jpeg,"ΕΛΛΗΝΙΚΑ ΣΧΟΛΕΙΑ, ΠΑΡΘΕΝΑΓΩΓΕΙΑ ΚΑΙ ΓΥΜΝΑΣΙΑ","Hellenic Schools, Girls' High Schools and Gymnasiums",,Ἀ. Δαμασκηνοῦ,A. Damaskinos,Ἀριθμητικὰ προβλήματα,Arithmetic Problems,σελ. 73,2,γρ.,
1895,IMG_1308.jpeg,"ΕΛΛΗΝΙΚΑ ΣΧΟΛΕΙΑ, ΠΑΡΘΕΝΑΓΩΓΕΙΑ ΚΑΙ ΓΥΜΝΑΣΙΑ","Hellenic Schools, Girls' High Schools and Gymnasiums",,Ἠλία Γ. Βαλσαμάκη,Ilias G. Valsamakis,Ἀριθμητική,Arithmetic,"8ον, σελ. 235",10,γρ.,
1895,IMG_1308.jpeg,"ΕΛΛΗΝΙΚΑ ΣΧΟΛΕΙΑ, ΠΑΡΘΕΝΑΓΩΓΕΙΑ ΚΑΙ ΓΥΜΝΑΣΙΑ","Hellenic Schools, Girls' High Schools and Gymnasiums",,Χ. Βάφα,Ch. Vafas,Ἀριθμητική,Arithmetic,"8ον, σελ. 158",6,γρ.,
1895,IMG_1308.jpeg,"ΕΛΛΗΝΙΚΑ ΣΧΟΛΕΙΑ, ΠΑΡΘΕΝΑΓΩΓΕΙΑ ΚΑΙ ΓΥΜΝΑΣΙΑ","Hellenic Schools, Girls' High Schools and Gymnasiums",,Γ. Γεράκη,G. Gerakis,Ἀριθμητική,Arithmetic,"8ον, σελ. 76",2 παρ. 20,γρ.,
1895,IMG_1308.jpeg,"ΕΛΛΗΝΙΚΑ ΣΧΟΛΕΙΑ, ΠΑΡΘΕΝΑΓΩΓΕΙΑ ΚΑΙ ΓΥΜΝΑΣΙΑ","Hellenic Schools, Girls' High Schools and Gymnasiums",,Γ. Γεράκη,G. Gerakis,"Ἀριθμητική, μετὰ προβλημάτων","Arithmetic, with Problems",σελ. 152,8,γρ.,
1895,IMG_1308.jpeg,"ΕΛΛΗΝΙΚΑ ΣΧΟΛΕΙΑ, ΠΑΡΘΕΝΑΓΩΓΕΙΑ ΚΑΙ ΓΥΜΝΑΣΙΑ","Hellenic Schools, Girls' High Schools and Gymnasiums",,Γ. Γεράκη,G. Gerakis,"Ἀριθμητική, κατὰ τὸ σύστημα Λοιζέρου","Arithmetic, according to the Loizeros system","Φυλλάδιον γ΄. Δεκαδικοὶ ἀριθμοί, διαιρετότης τῶν ἀριθμῶν, κλάσματα, μέθοδοι καὶ ἀναλογίαι, σελ. 120",4,γρ.,
1895,IMG_1308.jpeg,"ΕΛΛΗΝΙΚΑ ΣΧΟΛΕΙΑ, ΠΑΡΘΕΝΑΓΩΓΕΙΑ ΚΑΙ ΓΥΜΝΑΣΙΑ","Hellenic Schools, Girls' High Schools and Gymnasiums",,Χ. Γεωργιάδου,Ch. Georgiadou,Ἀριθμητικὴ πρακτική (μεγάλη),Practical Arithmetic (Large),"8ον, σελ. 238",6,γρ.,"Ἡ Ἀριθμητικὴ αὕτη τοῦ κ. Γεωργιάδου, προωρισμένη διὰ τὰ Ἑλληνικὰ Σχολεῖα καὶ τὰς μεγάλας τάξεις τῶν Παρθεναγωγείων, συνιστᾶται διὰ τὸ εὐμέθοδον αὐτῆς καὶ ὑπὸ τοῦ σοφοῦ καθηγητοῦ τῶν φυσικομαθητικῶν κ. Ἀνδρέου Σπαθάρη, διεξελθόντος, ἐγκρίναντος καὶ ἐπιδοκιμάσαντος αὐτήν· ὥστε πᾶσα ἄλλη σύστασις καθίσταται περιττή."
1895,IMG_1308.jpeg,"ΕΛΛΗΝΙΚΑ ΣΧΟΛΕΙΑ, ΠΑΡΘΕΝΑΓΩΓΕΙΑ ΚΑΙ ΓΥΜΝΑΣΙΑ","Hellenic Schools, Girls' High Schools and Gymnasiums",,Ἀ. Δαμασκηνοῦ,A. Damaskinos,Ἀριθμητική,Arithmetic,"8ον, σελ. 167",3,γρ.,
1895,IMG_1308.jpeg,"ΕΛΛΗΝΙΚΑ ΣΧΟΛΕΙΑ, ΠΑΡΘΕΝΑΓΩΓΕΙΑ ΚΑΙ ΓΥΜΝΑΣΙΑ","Hellenic Schools, Girls' High Schools and Gymnasiums",,Ἀ. Δαμασκηνοῦ,A. Damaskinos,Ἀριθμητικὴ θεωρητική,Theoretical Arithmetic,"8ον, σ. 264",8,γρ.,
1895,IMG_1308.jpeg,"ΕΛΛΗΝΙΚΑ ΣΧΟΛΕΙΑ, ΠΑΡΘΕΝΑΓΩΓΕΙΑ ΚΑΙ ΓΥΜΝΑΣΙΑ","Hellenic Schools, Girls' High Schools and Gymnasiums",,Γ. Κωνσταντινίδου,G. Konstantinidou,Ἀριθμητική,Arithmetic,σελ. 224,5 παρ. 20,γρ.,
1895,IMG_1308.jpeg,"ΕΛΛΗΝΙΚΑ ΣΧΟΛΕΙΑ, ΠΑΡΘΕΝΑΓΩΓΕΙΑ ΚΑΙ ΓΥΜΝΑΣΙΑ","Hellenic Schools, Girls' High Schools and Gymnasiums",,Β. Δάκωνος,V. Dakon,Ἀριθμητική,Arithmetic,"8ον, σελ. 144",5,γρ.,
1895,IMG_1308.jpeg,"ΕΛΛΗΝΙΚΑ ΣΧΟΛΕΙΑ, ΠΑΡΘΕΝΑΓΩΓΕΙΑ ΚΑΙ ΓΥΜΝΑΣΙΑ","Hellenic Schools, Girls' High Schools and Gymnasiums",,Γ. Παπακωνσταντίνου,G. Papakonstantinou,Ἀριθμητικὴ εἰς πέντε τεύχη,Arithmetic in Five Volumes,"μετὰ πολλῶν ἀσκήσεων καὶ μεθ' ὁδηγιῶν. Τεῦχος Α΄, ἔκδ. β΄, γρ. 3. Τεῦχος Δ΄, σ. 118, γρ. 3. Τεῦχος Ε΄, σ. 120, γρ. 3 παρ. 20.",3 - 3.20,γρ.,"Τῆς Ἀριθμητικῆς ταύτης εἶχον ἐκδοθῆ τὰ τρία πρῶτα τεύχη, ἤδη δέ, συμπληρῶν ὁ φιλόκαλος συγγραφεὺς τὸ κάλλιστον ἔργον αὐτοῦ, συνέγραψε καὶ τὸ Δ΄ καὶ τὸ Ε΄ τεῦχος, οὕτω δὲ κατηρτίσθη πλήρης ἡ ὅλη σειρά, εὐδοκίμως ἀπὸ πολλοῦ χρησιμοποιηθεῖσα ὑπὸ τῶν ἐλλογίμων διδασκάλων ἀμφοτέρων τῶν φύλων."
1895,IMG_1308.jpeg,"ΕΛΛΗΝΙΚΑ ΣΧΟΛΕΙΑ, ΠΑΡΘΕΝΑΓΩΓΕΙΑ ΚΑΙ ΓΥΜΝΑΣΙΑ","Hellenic Schools, Girls' High Schools and Gymnasiums",,Ι. Ν. Χατζιδάκη,I. N. Chatzidakis,Ἀριθμητική,Arithmetic,"8ον, σελ. 218",6,γρ.,
1895,IMG_1308.jpeg,"ΕΛΛΗΝΙΚΑ ΣΧΟΛΕΙΑ, ΠΑΡΘΕΝΑΓΩΓΕΙΑ ΚΑΙ ΓΥΜΝΑΣΙΑ","Hellenic Schools, Girls' High Schools and Gymnasiums",,Β. Δάκωνος,V. Dakon,Ἀριθμητικὴ θεωρητική,Theoretical Arithmetic,"ἐγκεκριμένη διὰ τὰ Γυμνάσια, 8ον, σελ. 255",12,γρ.,
1895,IMG_1308.jpeg,"ΕΛΛΗΝΙΚΑ ΣΧΟΛΕΙΑ, ΠΑΡΘΕΝΑΓΩΓΕΙΑ ΚΑΙ ΓΥΜΝΑΣΙΑ","Hellenic Schools, Girls' High Schools and Gymnasiums",,Σ. Ἀντωνιάδου,S. Antoniadou,Ἀρχαιολογία Ἑλληνική,Greek Archaeology,σ. 160,5,γρ.,
1895,IMG_1308.jpeg,"ΕΛΛΗΝΙΚΑ ΣΧΟΛΕΙΑ, ΠΑΡΘΕΝΑΓΩΓΕΙΑ ΚΑΙ ΓΥΜΝΑΣΙΑ","Hellenic Schools, Girls' High Schools and Gymnasiums",,Σ. Ἀντωνιάδου,S. Antoniadou,Ἀρχαιολογία Ἑλληνική,Greek Archaeology,"8ον, σ. 443",12,γρ.,
1895,IMG_1308.jpeg,"ΕΛΛΗΝΙΚΑ ΣΧΟΛΕΙΑ, ΠΑΡΘΕΝΑΓΩΓΕΙΑ ΚΑΙ ΓΥΜΝΑΣΙΑ","Hellenic Schools, Girls' High Schools and Gymnasiums",,Κ. Ζαχαριάδου,K. Zachariadou,Ἀρχαιολογίας Ἑλληνικῆς Ἐγχειρίδιον,Handbook of Greek Archaeology,"8ον, σελ. 364",10,γρ.,
1895,IMG_1309.jpeg,"ΕΛΛΗΝΙΚΑ ΣΧΟΛΕΙΑ, ΠΑΡΘΕΝΑΓΩΓΕΙΑ ΚΑΙ ΓΥΜΝΑΣΙΑ","Hellenic Schools, Girls' High Schools and Gymnasiums",,Ἰ. Καρακατσάνη,I. Karakatsanis,"Ἀσκήσεις Ὀρθογραφικαί, Τεῦχος Α' & Β'","Orthographic Exercises, Volume A & B","Τεῦχος Α': σελ. 128, Τεῦχος Β': σελ. 128",7,γρ.,"Τεῦχος Α' γρ. 7, Τεῦχος Β' γρ. 7."
1895,IMG_1309.jpeg,"ΕΛΛΗΝΙΚΑ ΣΧΟΛΕΙΑ, ΠΑΡΘΕΝΑΓΩΓΕΙΑ ΚΑΙ ΓΥΜΝΑΣΙΑ","Hellenic Schools, Girls' High Schools and Gymnasiums",,Δ. Παπαθεοδώρου,D. Papatheodorou,Βίοι ἐπιφανῶν ἀνδρῶν τῆς ἀρχαίας Ἑλλάδος,Lives of Illustrious Men of Ancient Greece,"8ον, σελ. 95",7,γρ.,
1895,IMG_1309.jpeg,"ΕΛΛΗΝΙΚΑ ΣΧΟΛΕΙΑ, ΠΑΡΘΕΝΑΓΩΓΕΙΑ ΚΑΙ ΓΥΜΝΑΣΙΑ","Hellenic Schools, Girls' High Schools and Gymnasiums",,Χ. Πουλίου,Ch. Poulios,Βίοι ἐπιφανῶν ἀνδρῶν τῆς ἀρχαίας Ἑλλάδος,Lives of Illustrious Men of Ancient Greece,"8ον, σελ. 144",8,γρ.,
1895,IMG_1309.jpeg,"ΕΛΛΗΝΙΚΑ ΣΧΟΛΕΙΑ, ΠΑΡΘΕΝΑΓΩΓΕΙΑ ΚΑΙ ΓΥΜΝΑΣΙΑ","Hellenic Schools, Girls' High Schools and Gymnasiums",,Γ. Δ. Λαμπίση,G. D. Lampisis,"Βοτανική, μετ' εἰκόνων, πρὸς χρῆσιν τῶν Ἑλλ. Σχολείων καὶ Παρθεναγωγείων, έκδ. β'","Botany, with illustrations, for use in Hellenic Schools and Girls' High Schools, 2nd edition",σελ. 173,5,γρ.,Includes descriptive text about the contents and methodology.
1895,IMG_1309.jpeg,"ΕΛΛΗΝΙΚΑ ΣΧΟΛΕΙΑ, ΠΑΡΘΕΝΑΓΩΓΕΙΑ ΚΑΙ ΓΥΜΝΑΣΙΑ","Hellenic Schools, Girls' High Schools and Gymnasiums",,Α. Νοννόττη,A. Nonnottis,Βοτανική,Botany,σελ. 214,18,γρ.,
1895,IMG_1309.jpeg,"ΕΛΛΗΝΙΚΑ ΣΧΟΛΕΙΑ, ΠΑΡΘΕΝΑΓΩΓΕΙΑ ΚΑΙ ΓΥΜΝΑΣΙΑ","Hellenic Schools, Girls' High Schools and Gymnasiums",,Ἀποστόλου Βασακοπούλου,Apostolos Vasakopoulos,"Γεωγραφία, βραβευθεῖσα ὑπὸ τοῦ Ἑλληνικοῦ Φιλολογικοῦ Συλλόγου, μετ' εἰκόνων","Geography, awarded by the Hellenic Philological Society, with illustrations","Τεῦχος Α' (έκδ. ε', 1895, σελ. 100), Τεῦχος Β' (έκδ. ε', 1894, σελ. 128), Τεῦχος Γ' (έκδ. δ', 1894, σελ. δ'-168)",2.50,γρ.,"Τεῦχος Α': γρ. 2.50, Τεῦχος Β': γρ. 4, Τεῦχος Γ': γρ. 5. Includes commendation text by the Philological Society of Constantinople."
1895,IMG_1309.jpeg,"ΕΛΛΗΝΙΚΑ ΣΧΟΛΕΙΑ, ΠΑΡΘΕΝΑΓΩΓΕΙΑ ΚΑΙ ΓΥΜΝΑΣΙΑ","Hellenic Schools, Girls' High Schools and Gymnasiums",,Κ. Ζαχαριάδου καὶ Ἀ. Σπαθάρη,K. Zachariadou & A. Spatharis,"Γεωγραφία, Τεῦχος Α' & Β'","Geography, Volume A & B","Τεῦχος Α' (σελ. σδ'-181), Τεῦχος Β' (σελ. δ'-472)",5,γρ.,"Τεῦχος Α': γρ. 5, Τεῦχος Β': γρ. 7 παρ. 20."
1895,IMG_1309.jpeg,"ΕΛΛΗΝΙΚΑ ΣΧΟΛΕΙΑ, ΠΑΡΘΕΝΑΓΩΓΕΙΑ ΚΑΙ ΓΥΜΝΑΣΙΑ","Hellenic Schools, Girls' High Schools and Gymnasiums",,Ἰ. Π. Κοκκώνη,I. P. Kokkonis,"Γεωγραφία πολιτική, μαθηματικὴ καὶ φυσική. Περίοδος Β'","Political, Mathematical and Physical Geography. Period B","8ον, σελ. δ'-300",3,γρ.,Contains handwritten modifications/annotations on the printed entry.
1895,IMG_1309.jpeg,"ΕΛΛΗΝΙΚΑ ΣΧΟΛΕΙΑ, ΠΑΡΘΕΝΑΓΩΓΕΙΑ ΚΑΙ ΓΥΜΝΑΣΙΑ","Hellenic Schools, Girls' High Schools and Gymnasiums",,Ε. Κοφινιώτου,E. Kofiniotis,Γεωγραφία ὁμηρική,Homeric Geography,σελ. 240,15,γρ.,
1895,IMG_1309.jpeg,"ΕΛΛΗΝΙΚΑ ΣΧΟΛΕΙΑ, ΠΑΡΘΕΝΑΓΩΓΕΙΑ ΚΑΙ ΓΥΜΝΑΣΙΑ","Hellenic Schools, Girls' High Schools and Gymnasiums",,Δ. Πανταζῆ,D. Pantazis,Γεωγραφία Ἱερά,Sacred Geography,"8ον, σελ. 42",2,γρ.,
1895,IMG_1309.jpeg,"ΕΛΛΗΝΙΚΑ ΣΧΟΛΕΙΑ, ΠΑΡΘΕΝΑΓΩΓΕΙΑ ΚΑΙ ΓΥΜΝΑΣΙΑ","Hellenic Schools, Girls' High Schools and Gymnasiums",,Ἀ. Ἀ. Σακελλαρίου,A. A. Sakellarios,"Γεωγραφία πολιτική, μαθηματικὴ καὶ φυσική","Political, Mathematical and Physical Geography","8ον, σελ. 192",3,γρ.,
1895,IMG_1310.jpeg,"ΕΛΛΗΝΙΚΑ ΣΧΟΛΕΙΑ, ΠΑΡΘΕΝΑΓΩΓΕΙΑ ΚΑΙ ΓΥΜΝΑΣΙΑ","Hellenic Schools, Girls' High Schools and Gymnasiums",,Κ. Ζαχαριάδης,K. Zachariades,Γεωγραφικοὶ πίνακες τῶν Κρατῶν τοῦ Αἵμου,Geographical Maps of the Balkan States,"πίνακες 32, 4ον",7.20,γρ.,
1895,IMG_1310.jpeg,"ΕΛΛΗΝΙΚΑ ΣΧΟΛΕΙΑ, ΠΑΡΘΕΝΑΓΩΓΕΙΑ ΚΑΙ ΓΥΜΝΑΣΙΑ","Hellenic Schools, Girls' High Schools and Gymnasiums",,Γεώργιος Ἰ. Βασματζίδης,Georgios I. Vasmatzidis,"Γεωμετρία στοιχειώδης, περιέχουσα καὶ 240 προβλήματα μετὰ ποικίλων πρακτικῶν ἐφαρμογῶν","Elementary Geometry, Containing 240 Problems with Various Practical Applications",σελ. 96,5,γρ.,Includes descriptive recommendation paragraph on page
1895,IMG_1310.jpeg,"ΕΛΛΗΝΙΚΑ ΣΧΟΛΕΙΑ, ΠΑΡΘΕΝΑΓΩΓΕΙΑ ΚΑΙ ΓΥΜΝΑΣΙΑ","Hellenic Schools, Girls' High Schools and Gymnasiums",,Χ. Βάφας,Ch. Vafas,Γεωμετρία,Geometry,"8ον, σελ. 83",5,γρ.,
1895,IMG_1310.jpeg,"ΕΛΛΗΝΙΚΑ ΣΧΟΛΕΙΑ, ΠΑΡΘΕΝΑΓΩΓΕΙΑ ΚΑΙ ΓΥΜΝΑΣΙΑ","Hellenic Schools, Girls' High Schools and Gymnasiums",,Γ. Γεράκης,G. Gerakis,Γεωμετρία,Geometry,σελ. 112,3,γρ.,
1895,IMG_1310.jpeg,"ΕΛΛΗΝΙΚΑ ΣΧΟΛΕΙΑ, ΠΑΡΘΕΝΑΓΩΓΕΙΑ ΚΑΙ ΓΥΜΝΑΣΙΑ","Hellenic Schools, Girls' High Schools and Gymnasiums",,Γ. Ἀ. Δημητριάδης,G. A. Demetriades,"Γεωμετρία θεωρητική, πρακτικὴ καὶ ἐφηρμοσμένη","Theoretical, Practical, and Applied Geometry","8ον, σελ. 520",54,γρ.,
1895,IMG_1310.jpeg,"ΕΛΛΗΝΙΚΑ ΣΧΟΛΕΙΑ, ΠΑΡΘΕΝΑΓΩΓΕΙΑ ΚΑΙ ΓΥΜΝΑΣΙΑ","Hellenic Schools, Girls' High Schools and Gymnasiums",,Β. Λάκων,V. Lakon,Γεωμετρία,Geometry,"8ον, σελ. 304",10,γρ.,
1895,IMG_1310.jpeg,"ΕΛΛΗΝΙΚΑ ΣΧΟΛΕΙΑ, ΠΑΡΘΕΝΑΓΩΓΕΙΑ ΚΑΙ ΓΥΜΝΑΣΙΑ","Hellenic Schools, Girls' High Schools and Gymnasiums",,Γ. Ζωχιός,G. Zochios,Γεωμετρία Λεγένδρου,Geometry of Legendre,"8ον, σελ. 298",5,γρ.,
1895,IMG_1310.jpeg,"ΕΛΛΗΝΙΚΑ ΣΧΟΛΕΙΑ, ΠΑΡΘΕΝΑΓΩΓΕΙΑ ΚΑΙ ΓΥΜΝΑΣΙΑ","Hellenic Schools, Girls' High Schools and Gymnasiums",,Ἀνδρέας Σπαθάρης,Andreas Spatharis,Γεωμετρία,Geometry,"8ον, σελ. 92",12.20,γρ.,
1895,IMG_1310.jpeg,"ΕΛΛΗΝΙΚΑ ΣΧΟΛΕΙΑ, ΠΑΡΘΕΝΑΓΩΓΕΙΑ ΚΑΙ ΓΥΜΝΑΣΙΑ","Hellenic Schools, Girls' High Schools and Gymnasiums",,Ἰ. Ν. Χατζιδάκης,I. N. Chatzidakis,Γεωμετρία,Geometry,"8ον, σελ. 104",5,γρ.,
1895,IMG_1310.jpeg,"ΕΛΛΗΝΙΚΑ ΣΧΟΛΕΙΑ, ΠΑΡΘΕΝΑΓΩΓΕΙΑ ΚΑΙ ΓΥΜΝΑΣΙΑ","Hellenic Schools, Girls' High Schools and Gymnasiums",,Ἰ. Ν. Χατζιδάκης,I. N. Chatzidakis,Γεωμετρία,Geometry,"8ον, σελ. η΄-311",20,γρ.,
1895,IMG_1310.jpeg,"ΕΛΛΗΝΙΚΑ ΣΧΟΛΕΙΑ, ΠΑΡΘΕΝΑΓΩΓΕΙΑ ΚΑΙ ΓΥΜΝΑΣΙΑ","Hellenic Schools, Girls' High Schools and Gymnasiums",,Γ. Ἀ. Πίκος,G. A. Pikos,Γεωμετρίας στοιχειώδους Χατζιδάκη Λύσεις τῶν ἐφαρμογῶν,Solutions to the Applications of Chatzidakis' Elementary Geometry,"8ον, σελ. 47",5,γρ.,
1895,IMG_1310.jpeg,"ΕΛΛΗΝΙΚΑ ΣΧΟΛΕΙΑ, ΠΑΡΘΕΝΑΓΩΓΕΙΑ ΚΑΙ ΓΥΜΝΑΣΙΑ","Hellenic Schools, Girls' High Schools and Gymnasiums",,Ἀ. Ἀντωνιάδης,A. Antoniades,Γραμματικὴ ἑλληνική,Greek Grammar,"8ον, σ. 262",10,γρ.,
1895,IMG_1310.jpeg,"ΕΛΛΗΝΙΚΑ ΣΧΟΛΕΙΑ, ΠΑΡΘΕΝΑΓΩΓΕΙΑ ΚΑΙ ΓΥΜΝΑΣΙΑ","Hellenic Schools, Girls' High Schools and Gymnasiums",,Γ. Παπασλιώτης,G. Papasliotis,Γραμματική,Grammar,"8ον, σελ. 216",4,γρ.,
1895,IMG_1310.jpeg,"ΕΛΛΗΝΙΚΑ ΣΧΟΛΕΙΑ, ΠΑΡΘΕΝΑΓΩΓΕΙΑ ΚΑΙ ΓΥΜΝΑΣΙΑ","Hellenic Schools, Girls' High Schools and Gymnasiums",,Γ. Γεννάδιος,G. Gennadios,Γραμματική,Grammar,"8ον, σελ. 150",3,γρ.,
1895,IMG_1310.jpeg,"ΕΛΛΗΝΙΚΑ ΣΧΟΛΕΙΑ, ΠΑΡΘΕΝΑΓΩΓΕΙΑ ΚΑΙ ΓΥΜΝΑΣΙΑ","Hellenic Schools, Girls' High Schools and Gymnasiums",,Ἰ. Δραΐκης,I. Draikis,Γραμματική,Grammar,"8ον, σελ. 158",6,γρ.,
1895,IMG_1310.jpeg,"ΕΛΛΗΝΙΚΑ ΣΧΟΛΕΙΑ, ΠΑΡΘΕΝΑΓΩΓΕΙΑ ΚΑΙ ΓΥΜΝΑΣΙΑ","Hellenic Schools, Girls' High Schools and Gymnasiums",,Πρόδρομος Εὐτυχίδης Φ. Δ.,Prodromos Eutychides Ph. D.,Γραμματικὴ τῆς παλαιᾶς ἑλληνικῆς γλώσσης (Μεγάλη) μετὰ ἐφαρμογῶν,Grammar of the Ancient Greek Language (Great) with Applications,8ον,7,γρ.,Includes descriptive text note below
1895,IMG_1311.jpeg,"ΕΛΛΗΝΙΚΑ ΣΧΟΛΕΙΑ, ΠΑΡΘΕΝΑΓΩΓΕΙΑ ΚΑΙ ΓΥΜΝΑΣΙΑ","Hellenic Schools, Girls' High Schools and Gymnasiums",,Γ. Δ. Ζηκίδου,G. D. Zikidis,Γραμματική,Grammar,"8ον, σελ. 246",12,γρ.,
1895,IMG_1311.jpeg,"ΕΛΛΗΝΙΚΑ ΣΧΟΛΕΙΑ, ΠΑΡΘΕΝΑΓΩΓΕΙΑ ΚΑΙ ΓΥΜΝΑΣΙΑ","Hellenic Schools, Girls' High Schools and Gymnasiums",,Β. Δ. Καλλίφρονος,V. D. Kalliphron,Γραμματική,Grammar,"8ον, σελ. η΄-124",3,γρ.,
1895,IMG_1311.jpeg,"ΕΛΛΗΝΙΚΑ ΣΧΟΛΕΙΑ, ΠΑΡΘΕΝΑΓΩΓΕΙΑ ΚΑΙ ΓΥΜΝΑΣΙΑ","Hellenic Schools, Girls' High Schools and Gymnasiums",,Κ. Καταιβαίνη,K. Kataivainis,Γραμματική,Grammar,"8ον, σελ. 216",6,γρ.,
1895,IMG_1311.jpeg,"ΕΛΛΗΝΙΚΑ ΣΧΟΛΕΙΑ, ΠΑΡΘΕΝΑΓΩΓΕΙΑ ΚΑΙ ΓΥΜΝΑΣΙΑ","Hellenic Schools, Girls' High Schools and Gymnasiums",,Κ. Κούμα,K. Koumas,"Γραμματική, διασκευασθεῖσα ὑπὸ Γ. Παπασλεώτου","Grammar, adapted by G. Papasleotos","8ον, σελ. ιζ΄-457",8,γρ.,Underlined in blue pen in original document
1895,IMG_1311.jpeg,"ΕΛΛΗΝΙΚΑ ΣΧΟΛΕΙΑ, ΠΑΡΘΕΝΑΓΩΓΕΙΑ ΚΑΙ ΓΥΜΝΑΣΙΑ","Hellenic Schools, Girls' High Schools and Gymnasiums",,Ε. Κοφινιώτου,E. Kofiniotis,Γραμματικὴ Γενναδίου,Gennadios' Grammar,"8ον, σ. δ΄-172",5,γρ.,
1895,IMG_1311.jpeg,"ΕΛΛΗΝΙΚΑ ΣΧΟΛΕΙΑ, ΠΑΡΘΕΝΑΓΩΓΕΙΑ ΚΑΙ ΓΥΜΝΑΣΙΑ","Hellenic Schools, Girls' High Schools and Gymnasiums",,Ε. Κοφινιώτου,E. Kofiniotis,Γραμματικὴ διαλέκτων,Grammar of Dialects,"8ον, σ. 198",10,γρ.,
1895,IMG_1311.jpeg,"ΕΛΛΗΝΙΚΑ ΣΧΟΛΕΙΑ, ΠΑΡΘΕΝΑΓΩΓΕΙΑ ΚΑΙ ΓΥΜΝΑΣΙΑ","Hellenic Schools, Girls' High Schools and Gymnasiums",,Ε. Κοφινιώτου,E. Kofiniotis,Γραμματικὴ ὁμηρική,Homeric Grammar,"8ον, σελ. 112",9,γρ.,
1895,IMG_1311.jpeg,"ΕΛΛΗΝΙΚΑ ΣΧΟΛΕΙΑ, ΠΑΡΘΕΝΑΓΩΓΕΙΑ ΚΑΙ ΓΥΜΝΑΣΙΑ","Hellenic Schools, Girls' High Schools and Gymnasiums",,Δημ. Παπαγεωργίου,Dimitrios Papageorgiou,"Γραμματική, ἐγκριθεῖσα ἐν τῷ διαγωνισμῷ τοῦ 1894","Grammar, approved in the competition of 1894","8ον, σελ. 202",8,γρ.,
1895,IMG_1311.jpeg,"ΕΛΛΗΝΙΚΑ ΣΧΟΛΕΙΑ, ΠΑΡΘΕΝΑΓΩΓΕΙΑ ΚΑΙ ΓΥΜΝΑΣΙΑ","Hellenic Schools, Girls' High Schools and Gymnasiums",,Χ. Παπανικολάου,Ch. Papanikolaou,Γραμματική,Grammar,"8ον, σελ. β΄-164",4,γρ.,Underlined in blue pen in original document
1895,IMG_1311.jpeg,"ΕΛΛΗΝΙΚΑ ΣΧΟΛΕΙΑ, ΠΑΡΘΕΝΑΓΩΓΕΙΑ ΚΑΙ ΓΥΜΝΑΣΙΑ","Hellenic Schools, Girls' High Schools and Gymnasiums",,Γ. Παπασλιώτου,G. Papasliotis,"Γραμματική, τυπικόν","Grammar, Typikon",σ. 64,1 πάρ. 20,γρ.,
1895,IMG_1311.jpeg,"ΕΛΛΗΝΙΚΑ ΣΧΟΛΕΙΑ, ΠΑΡΘΕΝΑΓΩΓΕΙΑ ΚΑΙ ΓΥΜΝΑΣΙΑ","Hellenic Schools, Girls' High Schools and Gymnasiums",,Γ. Παπασλιώτου,G. Papasliotis,"Γραμματική, ἄνευ συντακτικοῦ","Grammar, without syntax","8ον, σελ. 191",3,γρ.,
1895,IMG_1312.jpeg,"ΕΛΛΗΝΙΚΑ ΣΧΟΛΕΙΑ, ΠΑΡΘΕΝΑΓΩΓΕΙΑ ΚΑΙ ΓΥΜΝΑΣΙΑ","Hellenic Schools, Girls' High Schools and Gymnasiums",,Γ. Παπασλιώτου,G. Papasliotis,Γραμματική,Grammar,"8ον, σελ. 186",10,γρ.,"ἐν Βιέννῃ, αωξβ΄"
1895,IMG_1312.jpeg,"ΕΛΛΗΝΙΚΑ ΣΧΟΛΕΙΑ, ΠΑΡΘΕΝΑΓΩΓΕΙΑ ΚΑΙ ΓΥΜΝΑΣΙΑ","Hellenic Schools, Girls' High Schools and Gymnasiums",,Ἀ. Ἀ. Σακελλαρίου,A. A. Sakellariou,Γραμματικὴ μετ' ἐπιτόμου συντακτικοῦ,Grammar with Concise Syntax,"8ον, σελ. 210",8,γρ.,
1895,IMG_1312.jpeg,"ΕΛΛΗΝΙΚΑ ΣΧΟΛΕΙΑ, ΠΑΡΘΕΝΑΓΩΓΕΙΑ ΚΑΙ ΓΥΜΝΑΣΙΑ","Hellenic Schools, Girls' High Schools and Gymnasiums",,Δ. Χριστοδούλου,D. Christodoulou,Γραμματικὴ μεγάλη,Great Grammar,"8ον, σελ. 270",7,γρ.,
1895,IMG_1312.jpeg,"ΕΛΛΗΝΙΚΑ ΣΧΟΛΕΙΑ, ΠΑΡΘΕΝΑΓΩΓΕΙΑ ΚΑΙ ΓΥΜΝΑΣΙΑ","Hellenic Schools, Girls' High Schools and Gymnasiums",,"Β. Κοππίου, ὑπὸ Ἐμμ. Γαλάνη","V. Koppios, by Emm. Galanis",Γραμματολογία ἑλληνικὴ,Greek Literature,"8ον, σελ. 255",18,γρ.,
1895,IMG_1312.jpeg,"ΕΛΛΗΝΙΚΑ ΣΧΟΛΕΙΑ, ΠΑΡΘΕΝΑΓΩΓΕΙΑ ΚΑΙ ΓΥΜΝΑΣΙΑ","Hellenic Schools, Girls' High Schools and Gymnasiums",,Σ. Κ. Σακελλαροπούλου,S. K. Sakellaropoulos,Γραμματολογία ἑλληνική,Greek Literature,"8ον, σελ. 252",18,γρ.,
1895,IMG_1312.jpeg,"ΕΛΛΗΝΙΚΑ ΣΧΟΛΕΙΑ, ΠΑΡΘΕΝΑΓΩΓΕΙΑ ΚΑΙ ΓΥΜΝΑΣΙΑ","Hellenic Schools, Girls' High Schools and Gymnasiums",,Β. Γ. Βυθούλκα,V. G. Vythoulkas,Γραμματολογία ἑλληνικῆς Ἱστορίας,Literature of Greek History,"8ον, σελ. 289",15,γρ.,
1895,IMG_1312.jpeg,"ΕΛΛΗΝΙΚΑ ΣΧΟΛΕΙΑ, ΠΑΡΘΕΝΑΓΩΓΕΙΑ ΚΑΙ ΓΥΜΝΑΣΙΑ","Hellenic Schools, Girls' High Schools and Gymnasiums",,Βλ. Γ. Σκορδέλη,Vl. G. Skordelis,Γραπταὶ Ἀσκήσεις πρὸς πρακτικὴν ἐφαρμογὴν τῆς Γραμματικῆς καὶ τοῦ Συντακτικοῦ,Written Exercises for Practical Application of Grammar and Syntax,σελ. 63,4,γρ.,
1895,IMG_1312.jpeg,"ΕΛΛΗΝΙΚΑ ΣΧΟΛΕΙΑ, ΠΑΡΘΕΝΑΓΩΓΕΙΑ ΚΑΙ ΓΥΜΝΑΣΙΑ","Hellenic Schools, Girls' High Schools and Gymnasiums",,Ἀ. Κωνσταντινίδου,A. Konstantinidou,Γυμνάσματα ὀρθογραφικά,Orthographic Exercises,σ. 96,3,γρ.,
1895,IMG_1312.jpeg,"ΕΛΛΗΝΙΚΑ ΣΧΟΛΕΙΑ, ΠΑΡΘΕΝΑΓΩΓΕΙΑ ΚΑΙ ΓΥΜΝΑΣΙΑ","Hellenic Schools, Girls' High Schools and Gymnasiums",,Ν. Πύργου,N. Pyrgos,Γυμναστικὴ ἡμιοργανικὴ παιδαγωγική,Pedagogical Semi-Organic Gymnastics,"8ον, σελ. 126",6,γρ.,
1895,IMG_1312.jpeg,"ΕΛΛΗΝΙΚΑ ΣΧΟΛΕΙΑ, ΠΑΡΘΕΝΑΓΩΓΕΙΑ ΚΑΙ ΓΥΜΝΑΣΙΑ","Hellenic Schools, Girls' High Schools and Gymnasiums",,Β. Γ. Στίνη,V. G. Stinis,"Γυμναστικὴ Οἰκιακὴ δι' ὑγιεῖς καὶ ἀσθενεῖς, μετὰ πολλῶν εἰκόνων","Home Gymnastics for Healthy and Sick People, with many illustrations","μέγα 8ον, σελ. 117",20,γρ.,πανόδετος
1895,IMG_1312.jpeg,"ΕΛΛΗΝΙΚΑ ΣΧΟΛΕΙΑ, ΠΑΡΘΕΝΑΓΩΓΕΙΑ ΚΑΙ ΓΥΜΝΑΣΙΑ","Hellenic Schools, Girls' High Schools and Gymnasiums",,Ἀ. Ἰωαννίδου,A. Ioannidou,Γυμναστικῆς ὀργανικῆς Ἐγχειρίδιον,Manual of Organic Gymnastics,φυλλάδια τρία,5,γρ.,ἕκαστον γρ. 5
1895,IMG_1312.jpeg,"ΕΛΛΗΝΙΚΑ ΣΧΟΛΕΙΑ, ΠΑΡΘΕΝΑΓΩΓΕΙΑ ΚΑΙ ΓΥΜΝΑΣΙΑ","Hellenic Schools, Girls' High Schools and Gymnasiums",,Β. Δ. Καλλίφρονος,V. D. Kallifronas,Ἐγκυκλίων ἑλληνικῶν μαθημάτων Σειρά,Series of Encyclical Greek Lessons,5 τόμοι,5,γρ.,"Τόμος Α΄, γρ. 5. Β΄, γρ. 6. Γ΄, γρ. 7. Δ΄, γρ. 5. Ε΄, γρ. 6."
1895,IMG_1312.jpeg,"ΕΛΛΗΝΙΚΑ ΣΧΟΛΕΙΑ, ΠΑΡΘΕΝΑΓΩΓΕΙΑ ΚΑΙ ΓΥΜΝΑΣΙΑ","Hellenic Schools, Girls' High Schools and Gymnasiums",,Σ. Κομμητα,S. Kommitas,"Ἐγκυκλοπαιδεία, εἰς τόμους δέκα","Encyclopedia, in ten volumes",σελ. Ϛ΄-3515,120,γρόσια,
1895,IMG_1312.jpeg,"ΕΛΛΗΝΙΚΑ ΣΧΟΛΕΙΑ, ΠΑΡΘΕΝΑΓΩΓΕΙΑ ΚΑΙ ΓΥΜΝΑΣΙΑ","Hellenic Schools, Girls' High Schools and Gymnasiums",,Κ. Σ. Παρίτση,K. S. Paritsis,Εἰσαγωγὴ εἰς τὴν ἁγίαν Γραφήν,Introduction to the Holy Bible,σ. 120,5,γρ.,
1895,IMG_1312.jpeg,"ΕΛΛΗΝΙΚΑ ΣΧΟΛΕΙΑ, ΠΑΡΘΕΝΑΓΩΓΕΙΑ ΚΑΙ ΓΥΜΝΑΣΙΑ","Hellenic Schools, Girls' High Schools and Gymnasiums",,"Καλλινίκου Δελικάνη, ἀρχιμανδρίτου","Kallinikos Delikanis, Archimandrite",Ἑρμηνεία περικοπῶν τοῦ Εὐαγγελίου,Interpretation of Gospel Pericopes,σελ. 256,7,γρ.,παρ. 20
1895,IMG_1312.jpeg,"ΕΛΛΗΝΙΚΑ ΣΧΟΛΕΙΑ, ΠΑΡΘΕΝΑΓΩΓΕΙΑ ΚΑΙ ΓΥΜΝΑΣΙΑ","Hellenic Schools, Girls' High Schools and Gymnasiums",,Γ. Δέρβου,G. Dervos,Ἑρμηνεία τῶν Εὐαγγελίων,Interpretation of the Gospels,"8ον, σ. ιϚ΄-152",6,γρ.,
1895,IMG_1312.jpeg,"ΕΛΛΗΝΙΚΑ ΣΧΟΛΕΙΑ, ΠΑΡΘΕΝΑΓΩΓΕΙΑ ΚΑΙ ΓΥΜΝΑΣΙΑ","Hellenic Schools, Girls' High Schools and Gymnasiums",,Ἰγν. Μοσχάκη,Ign. Moschakis,Ἑρμηνεία περικοπῶν τοῦ Εὐαγγελίου,Interpretation of Gospel Pericopes,σελ. β΄-300,15,γρ.,
1895,IMG_1312.jpeg,"ΕΛΛΗΝΙΚΑ ΣΧΟΛΕΙΑ, ΠΑΡΘΕΝΑΓΩΓΕΙΑ ΚΑΙ ΓΥΜΝΑΣΙΑ","Hellenic Schools, Girls' High Schools and Gymnasiums",,Δ. Ἡ. Κυριακοπούλου,D. I. Kyriakopoulos,Ζωολογία,Zoology,σελ. 200,10,γρ.,
1895,IMG_1312.jpeg,"ΕΛΛΗΝΙΚΑ ΣΧΟΛΕΙΑ, ΠΑΡΘΕΝΑΓΩΓΕΙΑ ΚΑΙ ΓΥΜΝΑΣΙΑ","Hellenic Schools, Girls' High Schools and Gymnasiums",,Γ. Λαμπίση,G. Lampisis,"Ζωολογία, μετὰ 100 εὐρωπαϊκῶν εἰκόνων","Zoology, with 100 European illustrations","8ον, σελ. 286",6,γρ.,"Προκειμένου περὶ τῆς Βοτανικῆς τοῦ Γ. Δ. Λαμπίση, εἴπομεν ἐν γένει περὶ τοῦ συγγραφέως τινά..."
1895,IMG_1313.jpeg,"ΕΛΛΗΝΙΚΑ ΣΧΟΛΕΙΑ, ΠΑΡΘΕΝΑΓΩΓΕΙΑ ΚΑΙ ΓΥΜΝΑΣΙΑ","Hellenic Schools, Girls' High Schools and Gymnasiums",,Α. Νοννόττης,A. Nonnottis,"Ζωολογία, μεθ' 155 χαλκογραφιῶν","Zoology, with 155 engravings",σ. 300,20,γρ.,
1895,IMG_1313.jpeg,"ΕΛΛΗΝΙΚΑ ΣΧΟΛΕΙΑ, ΠΑΡΘΕΝΑΓΩΓΕΙΑ ΚΑΙ ΓΥΜΝΑΣΙΑ","Hellenic Schools, Girls' High Schools and Gymnasiums",,Π. Ψάρας,P. Psaras,Ζωολογία,Zoology,"8ον, σελ. 376, πανδόδετος",27,γρ.,
1895,IMG_1313.jpeg,"ΕΛΛΗΝΙΚΑ ΣΧΟΛΕΙΑ, ΠΑΡΘΕΝΑΓΩΓΕΙΑ ΚΑΙ ΓΥΜΝΑΣΙΑ","Hellenic Schools, Girls' High Schools and Gymnasiums",,Μ. Ῥάλλης,M. Rallis,Ζωολογία,Zoology,σελ. Ϛ΄-224 / σ. 352,8 / 15,γρ.,
1895,IMG_1313.jpeg,"ΕΛΛΗΝΙΚΑ ΣΧΟΛΕΙΑ, ΠΑΡΘΕΝΑΓΩΓΕΙΑ ΚΑΙ ΓΥΜΝΑΣΙΑ","Hellenic Schools, Girls' High Schools and Gymnasiums",,Κ. Παπαδούκας,K. Papadoukas,Ἠθική,Ethics,"8ον, σελ. 73",5,γρ.,Line strikethrough printed in original text
1895,IMG_1313.jpeg,"ΕΛΛΗΝΙΚΑ ΣΧΟΛΕΙΑ, ΠΑΡΘΕΝΑΓΩΓΕΙΑ ΚΑΙ ΓΥΜΝΑΣΙΑ","Hellenic Schools, Girls' High Schools and Gymnasiums",,Μ. Ἀποστολίδης,M. Apostolidis,Ἠθικὴ χριστιανική,Christian Ethics,"8ον, σελ. 336",10,γρ.,
1895,IMG_1313.jpeg,"ΕΛΛΗΝΙΚΑ ΣΧΟΛΕΙΑ, ΠΑΡΘΕΝΑΓΩΓΕΙΑ ΚΑΙ ΓΥΜΝΑΣΙΑ","Hellenic Schools, Girls' High Schools and Gymnasiums",,Ἀ. Δ. Κυριακός,A. D. Kyriakos,Ἠθικὴ χριστιανική,Christian Ethics,σελ. 126,5,γρ.,
1895,IMG_1313.jpeg,"ΕΛΛΗΝΙΚΑ ΣΧΟΛΕΙΑ, ΠΑΡΘΕΝΑΓΩΓΕΙΑ ΚΑΙ ΓΥΜΝΑΣΙΑ","Hellenic Schools, Girls' High Schools and Gymnasiums",,Κ. Π. Κασιμάτης,K. P. Kasimatis,Θεματογραφία,Topic Writing Exercises,"8ον, σελ. 60",5,γρ.,
1895,IMG_1313.jpeg,"ΕΛΛΗΝΙΚΑ ΣΧΟΛΕΙΑ, ΠΑΡΘΕΝΑΓΩΓΕΙΑ ΚΑΙ ΓΥΜΝΑΣΙΑ","Hellenic Schools, Girls' High Schools and Gymnasiums",,Ι. Βησματζίδης,I. Vismatzidis,"Ἱστορία Ἀρχαία τῶν Ἀνατολικῶν Ἐθνῶν, πρὸς χρῆσιν τῶν Γυμνασίων, ἐκδ. β΄","Ancient History of the Eastern Nations, for the use of Gymnasiums, 2nd ed.","εἰς μικρὸν 8ον, σ. δ΄-160",6,γρ.,Includes introductory/review text
1895,IMG_1313.jpeg,"ΕΛΛΗΝΙΚΑ ΣΧΟΛΕΙΑ, ΠΑΡΘΕΝΑΓΩΓΕΙΑ ΚΑΙ ΓΥΜΝΑΣΙΑ","Hellenic Schools, Girls' High Schools and Gymnasiums",,Κ. Ζαχαριάδης,K. Zachariadis,Ἱστορία Ἀρχαία τῶν Ἀνατολικῶν Ἐθνῶν,Ancient History of the Eastern Nations,σελ. 139,4.30,γρ. παρ.,
1895,IMG_1313.jpeg,"ΕΛΛΗΝΙΚΑ ΣΧΟΛΕΙΑ, ΠΑΡΘΕΝΑΓΩΓΕΙΑ ΚΑΙ ΓΥΜΝΑΣΙΑ","Hellenic Schools, Girls' High Schools and Gymnasiums",,Γ. Κούζος,G. Kouzos,"Ἱστορία τῶν Ἀνατολικῶν Ἐθνῶν Στοιχειώδης, μετὰ εἰκόνων, πρὸς χρῆσιν τῶν Ἑλληνικῶν Σχολείων καὶ Παρθεναγωγείων, ἔκδοσις γ΄ τοῦ 1894","Elementary History of the Eastern Nations, with illustrations, for the use of Hellenic Schools and Girls' High Schools, 3rd ed. 1894",σελ. 94,3,γρ.,Includes detailed review description
1895,IMG_1313.jpeg,"ΕΛΛΗΝΙΚΑ ΣΧΟΛΕΙΑ, ΠΑΡΘΕΝΑΓΩΓΕΙΑ ΚΑΙ ΓΥΜΝΑΣΙΑ","Hellenic Schools, Girls' High Schools and Gymnasiums",,Λαμὲ Φλερύ (μετάφρ. Ε. Ἀ. Σίμος),Lamé Fleury (trans. E. A. Simos),Ἱστορία ἀρχαία,Ancient History,"8ον, σ. 297",10,γρ.,
1895,IMG_1313.jpeg,"ΕΛΛΗΝΙΚΑ ΣΧΟΛΕΙΑ, ΠΑΡΘΕΝΑΓΩΓΕΙΑ ΚΑΙ ΓΥΜΝΑΣΙΑ","Hellenic Schools, Girls' High Schools and Gymnasiums",,Κ. Ζαχαριάδης,K. Zachariadis,Ἱστορία Βυζαντινή,Byzantine History,,5.20,γρ. παρ.,
1895,IMG_1313.jpeg,"ΕΛΛΗΝΙΚΑ ΣΧΟΛΕΙΑ, ΠΑΡΘΕΝΑΓΩΓΕΙΑ ΚΑΙ ΓΥΜΝΑΣΙΑ","Hellenic Schools, Girls' High Schools and Gymnasiums",,Πίτσιος (ἐπιμ. Γ. Ἀ. Βακαλόπουλος),Pitsios (ed. G. A. Vakalopoulos),"Ἱστορία γενική (Τεύχη Β΄, Γ΄, Δ΄)","General History (Issues B, C, D)","Τεῦχος Β΄: σελ. 176, Τεῦχος Γ΄: σελ. 212, Τεῦχος Δ΄: σελ. 208",5,γρ.,Price is 5 γρ. per issue
1895,IMG_1313.jpeg,"ΕΛΛΗΝΙΚΑ ΣΧΟΛΕΙΑ, ΠΑΡΘΕΝΑΓΩΓΕΙΑ ΚΑΙ ΓΥΜΝΑΣΙΑ","Hellenic Schools, Girls' High Schools and Gymnasiums",,Καμμέρερος (μετάφρ. Γ. Γεννάδιος),Kammerer (trans. G. Gennadios),Ἱστορία γενική,General History,"8ον, σ. 168",8,γρ.,
1895,IMG_1313.jpeg,"ΕΛΛΗΝΙΚΑ ΣΧΟΛΕΙΑ, ΠΑΡΘΕΝΑΓΩΓΕΙΑ ΚΑΙ ΓΥΜΝΑΣΙΑ","Hellenic Schools, Girls' High Schools and Gymnasiums",,Σ. Τσιβανόπουλος,S. Tsivanopoulos,"Ἱστορία γενική, μέχρι τοῦ Μεγάλου Ἀλεξάνδρου","General History, up to Alexander the Great","8ον, σελ. 299",10,γρ.,
1895,IMG_1313.jpeg,"ΕΛΛΗΝΙΚΑ ΣΧΟΛΕΙΑ, ΠΑΡΘΕΝΑΓΩΓΕΙΑ ΚΑΙ ΓΥΜΝΑΣΙΑ","Hellenic Schools, Girls' High Schools and Gymnasiums",,Φ. Βαφείδης,F. Vafeidis,Ἱστορία Ἐκκλησιαστική,Ecclesiastical History,"8ον, σ. ιϚ΄-286",10,γρ.,
1895,IMG_1313.jpeg,"ΕΛΛΗΝΙΚΑ ΣΧΟΛΕΙΑ, ΠΑΡΘΕΝΑΓΩΓΕΙΑ ΚΑΙ ΓΥΜΝΑΣΙΑ","Hellenic Schools, Girls' High Schools and Gymnasiums",,Κ. Σ. Παρίτσης,K. S. Paritsis,"Ἱστορία Ἐκκλησιαστική (βιογραφική), ἀπὸ τῶν Ἀποστολικῶν Πατέρων","Ecclesiastical History (Biographical), from the Apostolic Fathers",σελ. 240,5,γρ.,Includes descriptive text note
1895,IMG_1313.jpeg,"ΕΛΛΗΝΙΚΑ ΣΧΟΛΕΙΑ, ΠΑΡΘΕΝΑΓΩΓΕΙΑ ΚΑΙ ΓΥΜΝΑΣΙΑ","Hellenic Schools, Girls' High Schools and Gymnasiums",,Χρ. Γ. Πανταζίδης,Chr. G. Pantazidis,Ἱστορία Ἐκκλησιαστικὴ Στοιχειώδης,Elementary Ecclesiastical History,σελ. Ϛ΄-152,5,γρ.,Includes extensive descriptive text review
1895,IMG_1313.jpeg,"ΕΛΛΗΝΙΚΑ ΣΧΟΛΕΙΑ, ΠΑΡΘΕΝΑΓΩΓΕΙΑ ΚΑΙ ΓΥΜΝΑΣΙΑ","Hellenic Schools, Girls' High Schools and Gymnasiums",,Θ. Β. Βενιζέλος,Th. V. Venizelos,"Ἱστορία ἑλληνική, Τόμος Α΄: Ἀρχαία Ἱστορία τῆς Ἑλλάδος","Greek History, Volume A: Ancient History of Greece","8ον, σελ. 314",15,γρ.,
1895,IMG_1313.jpeg,"ΕΛΛΗΝΙΚΑ ΣΧΟΛΕΙΑ, ΠΑΡΘΕΝΑΓΩΓΕΙΑ ΚΑΙ ΓΥΜΝΑΣΙΑ","Hellenic Schools, Girls' High Schools and Gymnasiums",,Κ. Ζαχαριάδης,K. Zachariadis,Ἱστορία ἑλληνικὴ βιογραφικῶς,Greek History Biographically,"Τεῦχος Α΄: σελ. 67, Τεῦχος Β΄: σελ. 79, Τεῦχος Γ΄: σελ. 127",2 - 3.20,γρ. / γρ. παρ.,"Issue A: 2 γρ., Issue B: 2 γρ. 20 παρ., Issue C: 3 γρ. 20 παρ."
1895,IMG_1314.jpeg,"ΕΛΛΗΝΙΚΑ ΣΧΟΛΕΙΑ, ΠΑΡΘΕΝΑΓΩΓΕΙΑ ΚΑΙ ΓΥΜΝΑΣΙΑ","Hellenic Schools, Girls' High Schools and Gymnasiums",,Δ. Ἡ. Κυριακόπουλος,D. I. Kyriakopoulos,Ἱστορία ἑλληνική,Greek History,"8ον, σ. 232",12,γρ.,
1895,IMG_1314.jpeg,"ΕΛΛΗΝΙΚΑ ΣΧΟΛΕΙΑ, ΠΑΡΘΕΝΑΓΩΓΕΙΑ ΚΑΙ ΓΥΜΝΑΣΙΑ","Hellenic Schools, Girls' High Schools and Gymnasiums",,Π. Παπαρρούσης,P. Paparrousis,"Ἱστορία ἑλληνική, Τεῦχος Γ'","Greek History, Issue C",σελ. δ'-254,6,γρ.,
1895,IMG_1314.jpeg,"ΕΛΛΗΝΙΚΑ ΣΧΟΛΕΙΑ, ΠΑΡΘΕΝΑΓΩΓΕΙΑ ΚΑΙ ΓΥΜΝΑΣΙΑ","Hellenic Schools, Girls' High Schools and Gymnasiums",,Ἐπ. Φραγκίστας,Ep. Fragkistas,"Ἱστορία ἑλληνική, Τόμος Α'","Greek History, Volume A","8ον, σελ. η'-236",6,γρ.,
1895,IMG_1314.jpeg,"ΕΛΛΗΝΙΚΑ ΣΧΟΛΕΙΑ, ΠΑΡΘΕΝΑΓΩΓΕΙΑ ΚΑΙ ΓΥΜΝΑΣΙΑ","Hellenic Schools, Girls' High Schools and Gymnasiums",,Δ. Ν. Βερναρδάκης,D. N. Vernardakis,Ἱστορία ἱερὰ μεγάλη,Great Sacred History,"8ον, σ. 232",4,γρ.,
1895,IMG_1314.jpeg,"ΕΛΛΗΝΙΚΑ ΣΧΟΛΕΙΑ, ΠΑΡΘΕΝΑΓΩΓΕΙΑ ΚΑΙ ΓΥΜΝΑΣΙΑ","Hellenic Schools, Girls' High Schools and Gymnasiums",,Ε. Κ. Κοφινιώτης,E. K. Kofiniotis,Ἱστορία ἱερά (Μέρος Α' - Μέρος Β'),Sacred History (Part A - Part B),"Μέρος Α', σελ. 132 — Μέρος Β', σελ. 144",5 / 5,γρ.,
1895,IMG_1314.jpeg,"ΕΛΛΗΝΙΚΑ ΣΧΟΛΕΙΑ, ΠΑΡΘΕΝΑΓΩΓΕΙΑ ΚΑΙ ΓΥΜΝΑΣΙΑ","Hellenic Schools, Girls' High Schools and Gymnasiums",,Ἰ. Ἐ. Μεσολωρᾶς,I. E. Mesoloras,Ἱστορία ἱερά (Α' - B'),Sacred History (A - B),"Α', σελ. 95 — B', σελ. 112","5,20 / 6","γρ., παρ.",
1895,IMG_1314.jpeg,"ΕΛΛΗΝΙΚΑ ΣΧΟΛΕΙΑ, ΠΑΡΘΕΝΑΓΩΓΕΙΑ ΚΑΙ ΓΥΜΝΑΣΙΑ","Hellenic Schools, Girls' High Schools and Gymnasiums",,Ἰ. Μοσχάκης,I. Moschakis,Ἱστορία ἱερά (Α' - Β'),Sacred History (A - B),"Α', σ. 96 — Β', σ. 104",2 / 2,γρ.,
1895,IMG_1314.jpeg,"ΕΛΛΗΝΙΚΑ ΣΧΟΛΕΙΑ, ΠΑΡΘΕΝΑΓΩΓΕΙΑ ΚΑΙ ΓΥΜΝΑΣΙΑ","Hellenic Schools, Girls' High Schools and Gymnasiums",,Σπ. Μωραΐτης,Sp. Moraitis,Ἱστορία ἱερά,Sacred History,σελ. 240,3,γρ.,
1895,IMG_1314.jpeg,"ΕΛΛΗΝΙΚΑ ΣΧΟΛΕΙΑ, ΠΑΡΘΕΝΑΓΩΓΕΙΑ ΚΑΙ ΓΥΜΝΑΣΙΑ","Hellenic Schools, Girls' High Schools and Gymnasiums",,Γ. Καστέλλιος,G. Kastellios,Ἱστορία ὀθωμανική,Ottoman History,σελ. 122,5,γρ.,Crossed out in original text.
1895,IMG_1314.jpeg,"ΕΛΛΗΝΙΚΑ ΣΧΟΛΕΙΑ, ΠΑΡΘΕΝΑΓΩΓΕΙΑ ΚΑΙ ΓΥΜΝΑΣΙΑ","Hellenic Schools, Girls' High Schools and Gymnasiums",,Ἰ. Μηλιόπουλος,I. Miliopoulos,Ἱστορία ὀθωμανική,Ottoman History,σελ. 202,5,γρ.,Crossed out in original text.
1895,IMG_1314.jpeg,"ΕΛΛΗΝΙΚΑ ΣΧΟΛΕΙΑ, ΠΑΡΘΕΝΑΓΩΓΕΙΑ ΚΑΙ ΓΥΜΝΑΣΙΑ","Hellenic Schools, Girls' High Schools and Gymnasiums",,Δ. Ἀναστασιάδης,D. Anastasiadis,Ἱστορία ῥωμαϊκή,Roman History,"8ον, σελ. 35",25,γρ.,
1895,IMG_1314.jpeg,"ΕΛΛΗΝΙΚΑ ΣΧΟΛΕΙΑ, ΠΑΡΘΕΝΑΓΩΓΕΙΑ ΚΑΙ ΓΥΜΝΑΣΙΑ","Hellenic Schools, Girls' High Schools and Gymnasiums",,Θ. Β. Βενιζέλος,Th. V. Venizelos,Ἱστορία ῥωμαϊκή,Roman History,"8ον, σελ. δ'-112",8,γρ.,
1895,IMG_1314.jpeg,"ΕΛΛΗΝΙΚΑ ΣΧΟΛΕΙΑ, ΠΑΡΘΕΝΑΓΩΓΕΙΑ ΚΑΙ ΓΥΜΝΑΣΙΑ","Hellenic Schools, Girls' High Schools and Gymnasiums",,Κ. Ζ. Χαριάδης,K. Z. Chariadis,Ἱστορία ῥωμαϊκή,Roman History,σ. θ'-186,"6,20","γρ., παρ.",
1895,IMG_1314.jpeg,"ΕΛΛΗΝΙΚΑ ΣΧΟΛΕΙΑ, ΠΑΡΘΕΝΑΓΩΓΕΙΑ ΚΑΙ ΓΥΜΝΑΣΙΑ","Hellenic Schools, Girls' High Schools and Gymnasiums",,Κ. Ζαχαριάδης,K. Zachariadis,Ἱστορίας ῥωμαϊκῆς Ἐγχειρίδιον,Handbook of Roman History,σελ. 134,"4,30","γρ., παρ.",
1895,IMG_1314.jpeg,"ΕΛΛΗΝΙΚΑ ΣΧΟΛΕΙΑ, ΠΑΡΘΕΝΑΓΩΓΕΙΑ ΚΑΙ ΓΥΜΝΑΣΙΑ","Hellenic Schools, Girls' High Schools and Gymnasiums",,Γ. Κούζος,G. Kouzos,Ἱστορία ῥωμαϊκή,Roman History,σελ. 156,6,γρ.,
1895,IMG_1314.jpeg,"ΕΛΛΗΝΙΚΑ ΣΧΟΛΕΙΑ, ΠΑΡΘΕΝΑΓΩΓΕΙΑ ΚΑΙ ΓΥΜΝΑΣΙΑ","Hellenic Schools, Girls' High Schools and Gymnasiums",,Ἀβραὰμ Γ. Βαπορίδης,Avraam G. Vaporidis,"Ἱστορία βιογραφικὴ τῶν Σουλτάνων, μετὰ 31 προσωπογραφιῶν (Τεῦχος Α' - Τεῦχος Β')","Biographical History of the Sultans, with 31 portraits (Issue A - Issue B)","Τεῦχος Α', έκδ. γ', σελ. 191 — Τεῦχος Β', σελ. 240","7,20 / 7,20","γρ., παρ.",
1895,IMG_1314.jpeg,"ΕΛΛΗΝΙΚΑ ΣΧΟΛΕΙΑ, ΠΑΡΘΕΝΑΓΩΓΕΙΑ ΚΑΙ ΓΥΜΝΑΣΙΑ","Hellenic Schools, Girls' High Schools and Gymnasiums",,Ανώνυμος,Anonymous,Καινῆς Διαθήκης ἅπαντα,New Testament Complete Works,,5,γρ.,
1895,IMG_1314.jpeg,"ΕΛΛΗΝΙΚΑ ΣΧΟΛΕΙΑ, ΠΑΡΘΕΝΑΓΩΓΕΙΑ ΚΑΙ ΓΥΜΝΑΣΙΑ","Hellenic Schools, Girls' High Schools and Gymnasiums",,Δ. Σ. Ζαλοῦχος,D. S. Zalouchos,Καλολογία,Rhetoric / Fine Speaking,"8ον, σελ. 360",18,γρ.,
1895,IMG_1314.jpeg,"ΕΛΛΗΝΙΚΑ ΣΧΟΛΕΙΑ, ΠΑΡΘΕΝΑΓΩΓΕΙΑ ΚΑΙ ΓΥΜΝΑΣΙΑ","Hellenic Schools, Girls' High Schools and Gymnasiums",,Π. Κοεμτζόπουλος,P. Koemtzopoulos,Καταστιχογράφος,Bookkeeper / Bookkeeping,"8ον, σ. 177",10,γρ.,
1895,IMG_1314.jpeg,"ΕΛΛΗΝΙΚΑ ΣΧΟΛΕΙΑ, ΠΑΡΘΕΝΑΓΩΓΕΙΑ ΚΑΙ ΓΥΜΝΑΣΙΑ","Hellenic Schools, Girls' High Schools and Gymnasiums",,Κ. Βαφείδης (μητροπολίτης Νικοπόλεως),K. Vafeidis (Metropolitan of Nikopolis),Κατήχησις ὀρθόδοξος χριστιανικὴ στοιχειώδης (μεσαία),"Orthodox Christian Catechism, Elementary (Intermediate)",σ. 85,"2,20","γρ., παρ.",Marked with pointing hand symbol.
1895,IMG_1314.jpeg,"ΕΛΛΗΝΙΚΑ ΣΧΟΛΕΙΑ, ΠΑΡΘΕΝΑΓΩΓΕΙΑ ΚΑΙ ΓΥΜΝΑΣΙΑ","Hellenic Schools, Girls' High Schools and Gymnasiums",,Κ. Βαφείδης (μητροπολίτης Νικοπόλεως),K. Vafeidis (Metropolitan of Nikopolis),Κατήχησις ὀρθόδοξος χριστιανική (μεγάλη),Orthodox Christian Catechism (Advanced / Great),σελ. 126,4,γρ.,Marked with pointing hand symbol. Includes an extensive recommendation note spanning across pages 30 and 31.
1895,IMG_1314.jpeg,"ΕΛΛΗΝΙΚΑ ΣΧΟΛΕΙΑ, ΠΑΡΘΕΝΑΓΩΓΕΙΑ ΚΑΙ ΓΥΜΝΑΣΙΑ","Hellenic Schools, Girls' High Schools and Gymnasiums",,Β. Δ. Καλλίφρων,V. D. Kallifron,Κατήχησις,Catechism,"8ον, σ. ϛ'-52",4,γρ.,
1895,IMG_1314.jpeg,"ΕΛΛΗΝΙΚΑ ΣΧΟΛΕΙΑ, ΠΑΡΘΕΝΑΓΩΓΕΙΑ ΚΑΙ ΓΥΜΝΑΣΙΑ","Hellenic Schools, Girls' High Schools and Gymnasiums",,Ἀ. Δ. Κυριακός,A. D. Kyriakos,Κατήχησις,Catechism,"8ον, σελ. δ'-72","2,20","γρ., παρ.",
1895,IMG_1314.jpeg,"ΕΛΛΗΝΙΚΑ ΣΧΟΛΕΙΑ, ΠΑΡΘΕΝΑΓΩΓΕΙΑ ΚΑΙ ΓΥΜΝΑΣΙΑ","Hellenic Schools, Girls' High Schools and Gymnasiums",,Ἀ. Δ. Κυριακός,A. D. Kyriakos,Κατήχησις,Catechism,"8ον, σελ. 83",4,γρ.,
1895,IMG_1314.jpeg,"ΕΛΛΗΝΙΚΑ ΣΧΟΛΕΙΑ, ΠΑΡΘΕΝΑΓΩΓΕΙΑ ΚΑΙ ΓΥΜΝΑΣΙΑ","Hellenic Schools, Girls' High Schools and Gymnasiums",,Κ. Νεστορίδης,K. Nestoridis,Κατήχησις,Catechism,"8ον, σελ. 98",5,γρ.,
1895,IMG_1314.jpeg,"ΕΛΛΗΝΙΚΑ ΣΧΟΛΕΙΑ, ΠΑΡΘΕΝΑΓΩΓΕΙΑ ΚΑΙ ΓΥΜΝΑΣΙΑ","Hellenic Schools, Girls' High Schools and Gymnasiums",,Ἀ. Πρωτοπαδάκης,A. Protopadakis,Κατήχησις,Catechism,σελ. ιιι,"3,20","γρ., παρ.",
1895,IMG_1314.jpeg,"ΕΛΛΗΝΙΚΑ ΣΧΟΛΕΙΑ, ΠΑΡΘΕΝΑΓΩΓΕΙΑ ΚΑΙ ΓΥΜΝΑΣΙΑ","Hellenic Schools, Girls' High Schools and Gymnasiums",,Χ. Βάφας,Ch. Vafas,Κοσμογραφία,Cosmography,"8ον, σελ. δ'-96",5,γρ.,
1895,IMG_1314.jpeg,"ΕΛΛΗΝΙΚΑ ΣΧΟΛΕΙΑ, ΠΑΡΘΕΝΑΓΩΓΕΙΑ ΚΑΙ ΓΥΜΝΑΣΙΑ","Hellenic Schools, Girls' High Schools and Gymnasiums",,Κ. Ζαχαριάδης,K. Zachariadis,"Κοσμογραφία, μετὰ παραρτήματος","Cosmography, with Appendix",σ. 171,8,γρ.,
1895,IMG_1314.jpeg,"ΕΛΛΗΝΙΚΑ ΣΧΟΛΕΙΑ, ΠΑΡΘΕΝΑΓΩΓΕΙΑ ΚΑΙ ΓΥΜΝΑΣΙΑ","Hellenic Schools, Girls' High Schools and Gymnasiums",,Δ. Κ. Κοκκίδης,D. K. Kokkidis,Κοσμογραφία,Cosmography,σελ. 124,4,γρ.,
1895,IMG_1314.jpeg,"ΕΛΛΗΝΙΚΑ ΣΧΟΛΕΙΑ, ΠΑΡΘΕΝΑΓΩΓΕΙΑ ΚΑΙ ΓΥΜΝΑΣΙΑ","Hellenic Schools, Girls' High Schools and Gymnasiums",,Β. Λάκων,V. Lakon,Κοσμογραφία,Cosmography,"8ον, σελ. 140","12,20","γρ., παρ.",
1895,IMG_1314.jpeg,"ΕΛΛΗΝΙΚΑ ΣΧΟΛΕΙΑ, ΠΑΡΘΕΝΑΓΩΓΕΙΑ ΚΑΙ ΓΥΜΝΑΣΙΑ","Hellenic Schools, Girls' High Schools and Gymnasiums",,Χ. Παπαγεωργίου,Ch. Papageorgiou,Κοσμογραφία,Cosmography,"8ον, σελ. 176",20,γρ.,
1895,IMG_1314.jpeg,"ΕΛΛΗΝΙΚΑ ΣΧΟΛΕΙΑ, ΠΑΡΘΕΝΑΓΩΓΕΙΑ ΚΑΙ ΓΥΜΝΑΣΙΑ","Hellenic Schools, Girls' High Schools and Gymnasiums",,Γρ. Παλαμᾶς,Gr. Palamas,Λειτουργικὴ ὀρθόδοξος,Orthodox Liturgics,σελ. 96,5,γρ.,Crossed out in original text.
1895,IMG_1314.jpeg,"ΕΛΛΗΝΙΚΑ ΣΧΟΛΕΙΑ, ΠΑΡΘΕΝΑΓΩΓΕΙΑ ΚΑΙ ΓΥΜΝΑΣΙΑ","Hellenic Schools, Girls' High Schools and Gymnasiums",,Π. Ῥομπότης / Ἰ. Ε. Μεσολωρᾶς,P. Rompotis / I. E. Mesoloras,Λειτουργικὴ Π. Ῥομπότου,Liturgics of P. Rompotis,"8ον, σ. 78",5,γρ.,
1895,IMG_1314.jpeg,"ΕΛΛΗΝΙΚΑ ΣΧΟΛΕΙΑ, ΠΑΡΘΕΝΑΓΩΓΕΙΑ ΚΑΙ ΓΥΜΝΑΣΙΑ","Hellenic Schools, Girls' High Schools and Gymnasiums",,Ἀ. Β. Δαμασκηνός,A. V. Damaskinos,"Δογαριθμικοὶ πίνακες Καλλέττου, ἀπὸ τοῦ 1 μέχρι τοῦ 50700","Logarithmic Tables of Callet, from 1 to 50700","8ον, σελ. 86",10,γρ.,
1895,IMG_1314.jpeg,"ΕΛΛΗΝΙΚΑ ΣΧΟΛΕΙΑ, ΠΑΡΘΕΝΑΓΩΓΕΙΑ ΚΑΙ ΓΥΜΝΑΣΙΑ","Hellenic Schools, Girls' High Schools and Gymnasiums",,Ἰ. Δ. Ἀριστοκλῆς,I. D. Aristoklis,Λογική,Logic,"8ον, σελ. 246",25,γρ.,
1895,IMG_1314.jpeg,"ΕΛΛΗΝΙΚΑ ΣΧΟΛΕΙΑ, ΠΑΡΘΕΝΑΓΩΓΕΙΑ ΚΑΙ ΓΥΜΝΑΣΙΑ","Hellenic Schools, Girls' High Schools and Gymnasiums",,Γ. Μ. Βιζυηνός,G. M. Vizyinos,Λογική,Logic,"8ον, σελ. 112",10,γρ.,
1895,IMG_1314.jpeg,"ΕΛΛΗΝΙΚΑ ΣΧΟΛΕΙΑ, ΠΑΡΘΕΝΑΓΩΓΕΙΑ ΚΑΙ ΓΥΜΝΑΣΙΑ","Hellenic Schools, Girls' High Schools and Gymnasiums",,Θ. Λιβάδας,Th. Livadas,Λογικὴ Βεκίου,Logic of Beck,"8ον, σελ. 86",5,γρ.,
1895,IMG_1314.jpeg,"ΕΛΛΗΝΙΚΑ ΣΧΟΛΕΙΑ, ΠΑΡΘΕΝΑΓΩΓΕΙΑ ΚΑΙ ΓΥΜΝΑΣΙΑ","Hellenic Schools, Girls' High Schools and Gymnasiums",,Σ. Δελέχος,S. Delechos,Λογική,Logic,"8ον, σελ. 78",12,γρ.,
1895,IMG_1314.jpeg,"ΕΛΛΗΝΙΚΑ ΣΧΟΛΕΙΑ, ΠΑΡΘΕΝΑΓΩΓΕΙΑ ΚΑΙ ΓΥΜΝΑΣΙΑ","Hellenic Schools, Girls' High Schools and Gymnasiums",,Ἀ. Κ. Σπαθάκης,A. K. Spathakis,Λογική,Logic,"8ον, σελ. 68",6,γρ.,
1895,IMG_1314.jpeg,"ΕΛΛΗΝΙΚΑ ΣΧΟΛΕΙΑ, ΠΑΡΘΕΝΑΓΩΓΕΙΑ ΚΑΙ ΓΥΜΝΑΣΙΑ","Hellenic Schools, Girls' High Schools and Gymnasiums",,Ν. Χορτάκης,N. Chortakis,Λογική,Logic,"8ον, σελ. 103",8,γρ.,
1895,IMG_1314.jpeg,"ΕΛΛΗΝΙΚΑ ΣΧΟΛΕΙΑ, ΠΑΡΘΕΝΑΓΩΓΕΙΑ ΚΑΙ ΓΥΜΝΑΣΙΑ","Hellenic Schools, Girls' High Schools and Gymnasiums",,Ν. Χαρισιάδης,N. Charisiadis,"Λογιστική (Μέρος Α' - Μέρος Β', Ἐμπορική, βιομηχανικὴ καὶ τραπεζιτικὴ διπλογραφία)","Accounting (Part A - Part B, Commercial, Industrial, and Banking Double-Entry Bookkeeping)","Μέρος Α', 8ον, σελ. 96 — Μέρος Β', σελ. 172","9,20 / 15","γρ., παρ. / γρ.",
1895,IMG_1314.jpeg,"ΕΛΛΗΝΙΚΑ ΣΧΟΛΕΙΑ, ΠΑΡΘΕΝΑΓΩΓΕΙΑ ΚΑΙ ΓΥΜΝΑΣΙΑ","Hellenic Schools, Girls' High Schools and Gymnasiums",,Α. Νοννότσης,A. Nonnotsis,Μυθολογία ἐπίτομος Γερουζέ,Epitome of Mythology by Geruze,σελ. 222,6,γρ.,Marked with pointing hand symbol.
1895,IMG_1314.jpeg,"ΕΛΛΗΝΙΚΑ ΣΧΟΛΕΙΑ, ΠΑΡΘΕΝΑΓΩΓΕΙΑ ΚΑΙ ΓΥΜΝΑΣΙΑ","Hellenic Schools, Girls' High Schools and Gymnasiums",,Κωνστ. Ζαχαριάδης,Konst. Zachariadis,Μυθολογία ἑλληνική,Greek Mythology,σ. 160,5,γρ.,Marked with pointing hand symbol. Includes introductory recommendation note.
1895,IMG_1315.jpeg,"ΕΛΛΗΝΙΚΑ ΣΧΟΛΕΙΑ, ΠΑΡΘΕΝΑΓΩΓΕΙΑ ΚΑΙ ΓΥΜΝΑΣΙΑ","Hellenic Schools, Girls' High Schools and Gymnasiums",,Κ. Κοντογόνου,K. Kontogonos,Μυθολογία ἑλληνική,Greek Mythology,"8ov, σελ. 182",6,γρ.,
1895,IMG_1315.jpeg,"ΕΛΛΗΝΙΚΑ ΣΧΟΛΕΙΑ, ΠΑΡΘΕΝΑΓΩΓΕΙΑ ΚΑΙ ΓΥΜΝΑΣΙΑ","Hellenic Schools, Girls' High Schools and Gymnasiums",,Δ. Πανταζῆ,D. Pantazis,"Μυθολογία ἑλληνική, μετὰ ῥωμαϊκῆς","Greek Mythology, with Roman Mythology",σελ. ιβ'-360,10,γρ.,
1895,IMG_1315.jpeg,"ΕΛΛΗΝΙΚΑ ΣΧΟΛΕΙΑ, ΠΑΡΘΕΝΑΓΩΓΕΙΑ ΚΑΙ ΓΥΜΝΑΣΙΑ","Hellenic Schools, Girls' High Schools and Gymnasiums",,Ε. Ζύγουρα,E. Zygouras,Οἰκονομία οἰκιακὴ ἑλληνική,Greek Domestic Economy,"8ov, σ. 192",6,γρ.,
1895,IMG_1315.jpeg,"ΕΛΛΗΝΙΚΑ ΣΧΟΛΕΙΑ, ΠΑΡΘΕΝΑΓΩΓΕΙΑ ΚΑΙ ΓΥΜΝΑΣΙΑ","Hellenic Schools, Girls' High Schools and Gymnasiums",,Σ. Θεοχάρη,S. Theocharis,Οἰκονομία οἰκιακή,Domestic Economy,"8ov, σελ. δ'-159",6,γρ.,
1895,IMG_1315.jpeg,"ΕΛΛΗΝΙΚΑ ΣΧΟΛΕΙΑ, ΠΑΡΘΕΝΑΓΩΓΕΙΑ ΚΑΙ ΓΥΜΝΑΣΙΑ","Hellenic Schools, Girls' High Schools and Gymnasiums",,Μ. Ῥάλλη,M. Rallis,Ὀρυκτολογία,Mineralogy,σελ. 72,3.30,γρ.,Original price: γρ. 3 παρ. 30
1895,IMG_1315.jpeg,"ΕΛΛΗΝΙΚΑ ΣΧΟΛΕΙΑ, ΠΑΡΘΕΝΑΓΩΓΕΙΑ ΚΑΙ ΓΥΜΝΑΣΙΑ","Hellenic Schools, Girls' High Schools and Gymnasiums",,Γ. Τζερέπη,G. Tzerepis,Ὁμηρικὴ Ἑλλάς,Homeric Greece,,4,γρ.,
1895,IMG_1315.jpeg,"ΕΛΛΗΝΙΚΑ ΣΧΟΛΕΙΑ, ΠΑΡΘΕΝΑΓΩΓΕΙΑ ΚΑΙ ΓΥΜΝΑΣΙΑ","Hellenic Schools, Girls' High Schools and Gymnasiums",,Ἀ. Νοννότη,A. Nonnotis,Ὀρυκτολογία καὶ Γεωλογία,Mineralogy and Geology,σ. 193,25,γρ.,
1895,IMG_1315.jpeg,"ΕΛΛΗΝΙΚΑ ΣΧΟΛΕΙΑ, ΠΑΡΘΕΝΑΓΩΓΕΙΑ ΚΑΙ ΓΥΜΝΑΣΙΑ","Hellenic Schools, Girls' High Schools and Gymnasiums",,Β. Δ. Καλλίφρονος,V. D. Kallifronos,Παλαιᾶς καὶ Νέας Διαθήκης βιβλία,Books of the Old and New Testament,"8ov, σελ. δ'-23",2,γρ.,
1895,IMG_1315.jpeg,"ΕΛΛΗΝΙΚΑ ΣΧΟΛΕΙΑ, ΠΑΡΘΕΝΑΓΩΓΕΙΑ ΚΑΙ ΓΥΜΝΑΣΙΑ","Hellenic Schools, Girls' High Schools and Gymnasiums",,Σ. Δεοντιάδος,S. Deontias,Παραστάσεις δραματικαί,Dramatic Representations,"8ov, σελ. 65",5,γρ.,
1895,IMG_1315.jpeg,"ΕΛΛΗΝΙΚΑ ΣΧΟΛΕΙΑ, ΠΑΡΘΕΝΑΓΩΓΕΙΑ ΚΑΙ ΓΥΜΝΑΣΙΑ","Hellenic Schools, Girls' High Schools and Gymnasiums",,,,Προπύλαια ἑλληνικῆς μυθολογίας,Propylaea of Greek Mythology,σελ. η'-120,5,γρ.,Text strikethrough in original print
1895,IMG_1315.jpeg,"ΕΛΛΗΝΙΚΑ ΣΧΟΛΕΙΑ, ΠΑΡΘΕΝΑΓΩΓΕΙΑ ΚΑΙ ΓΥΜΝΑΣΙΑ","Hellenic Schools, Girls' High Schools and Gymnasiums",,Ἐμμ. Γαλάνη,Emm. Galanis,Ῥητορική,Rhetoric,"8ov, σελ. 182",10,γρ.,
1895,IMG_1315.jpeg,"ΕΛΛΗΝΙΚΑ ΣΧΟΛΕΙΑ, ΠΑΡΘΕΝΑΓΩΓΕΙΑ ΚΑΙ ΓΥΜΝΑΣΙΑ","Hellenic Schools, Girls' High Schools and Gymnasiums",,Β. Δ. Καλλίφρονος,V. D. Kallifronos,"Συμπλήρωμα συντάξεως, Α'","Supplement on Syntax, Part A","8ov, σελ. 94",6,γρ.,
1895,IMG_1315.jpeg,"ΕΛΛΗΝΙΚΑ ΣΧΟΛΕΙΑ, ΠΑΡΘΕΝΑΓΩΓΕΙΑ ΚΑΙ ΓΥΜΝΑΣΙΑ","Hellenic Schools, Girls' High Schools and Gymnasiums",,Β. Δ. Καλλίφρονος,V. D. Kallifronos,"Συμπλήρωμα συντάξεως, Β'","Supplement on Syntax, Part B",σελ. 61,4,γρ.,
1895,IMG_1315.jpeg,"ΕΛΛΗΝΙΚΑ ΣΧΟΛΕΙΑ, ΠΑΡΘΕΝΑΓΩΓΕΙΑ ΚΑΙ ΓΥΜΝΑΣΙΑ","Hellenic Schools, Girls' High Schools and Gymnasiums",,Ἀ. Ἰ. Ἀντωνιάδου,A. I. Antoniadis,Συντακτικόν,Syntax,"8ov, σελ. 146",6,γρ.,
1895,IMG_1315.jpeg,"ΕΛΛΗΝΙΚΑ ΣΧΟΛΕΙΑ, ΠΑΡΘΕΝΑΓΩΓΕΙΑ ΚΑΙ ΓΥΜΝΑΣΙΑ","Hellenic Schools, Girls' High Schools and Gymnasiums",,Κ. Ἀσωπίου,K. Asopios,"Συντακτικόν, Περίοδος Α'","Syntax, Period A",σ. 236,2.20,γρ.,Line strikethrough in original print; price listed as γρ. 2 π. 20
1895,IMG_1315.jpeg,"ΕΛΛΗΝΙΚΑ ΣΧΟΛΕΙΑ, ΠΑΡΘΕΝΑΓΩΓΕΙΑ ΚΑΙ ΓΥΜΝΑΣΙΑ","Hellenic Schools, Girls' High Schools and Gymnasiums",,Προδρόμου Εὐτυχίδου,Prodromos Eutychidis,Συντακτικὸν τῆς Ἑλληνικῆς Γλώσσης,Syntax of the Greek Language,Δ. Φ. 8ov,5,γρ.,Includes descriptive footnote below entry
1895,IMG_1315.jpeg,"ΕΛΛΗΝΙΚΑ ΣΧΟΛΕΙΑ, ΠΑΡΘΕΝΑΓΩΓΕΙΑ ΚΑΙ ΓΥΜΝΑΣΙΑ","Hellenic Schools, Girls' High Schools and Gymnasiums",,Π. Ἰασεμίδου,P. Iasemidis,Συντακτικόν,Syntax,"8ov, σελ. 64",3,γρ.,
1895,IMG_1315.jpeg,"ΕΛΛΗΝΙΚΑ ΣΧΟΛΕΙΑ, ΠΑΡΘΕΝΑΓΩΓΕΙΑ ΚΑΙ ΓΥΜΝΑΣΙΑ","Hellenic Schools, Girls' High Schools and Gymnasiums",,Π. Ἰασεμίδου,P. Iasemidis,Συντακτικόν,Syntax,"8ov, σελ. 296",15,γρ.,
1895,IMG_1315.jpeg,"ΕΛΛΗΝΙΚΑ ΣΧΟΛΕΙΑ, ΠΑΡΘΕΝΑΓΩΓΕΙΑ ΚΑΙ ΓΥΜΝΑΣΙΑ","Hellenic Schools, Girls' High Schools and Gymnasiums",,Β. Δ. Καλλίφρονος,V. D. Kallifronos,Συντακτικόν,Syntax,"8ov, σελ. 130",4,γρ.,
1895,IMG_1315.jpeg,"ΕΛΛΗΝΙΚΑ ΣΧΟΛΕΙΑ, ΠΑΡΘΕΝΑΓΩΓΕΙΑ ΚΑΙ ΓΥΜΝΑΣΙΑ","Hellenic Schools, Girls' High Schools and Gymnasiums",,Κ. Καταιβαίνη,K. Kataivainis,Συντακτικόν,Syntax,"8ov, σελ. 72",2.20,γρ.,Price listed as γρ. 2 παρ. 20
1895,IMG_1315.jpeg,"ΕΛΛΗΝΙΚΑ ΣΧΟΛΕΙΑ, ΠΑΡΘΕΝΑΓΩΓΕΙΑ ΚΑΙ ΓΥΜΝΑΣΙΑ","Hellenic Schools, Girls' High Schools and Gymnasiums",,Κ. Καταιβαίνη,K. Kataivainis,Συντακτικόν,Syntax,"8ov, σελ. 183",6,γρ.,"Also lists 2nd Edition: σελ. ϛ'-192, γρ. 2"
1895,IMG_1315.jpeg,"ΕΛΛΗΝΙΚΑ ΣΧΟΛΕΙΑ, ΠΑΡΘΕΝΑΓΩΓΕΙΑ ΚΑΙ ΓΥΜΝΑΣΙΑ","Hellenic Schools, Girls' High Schools and Gymnasiums",,Δ. Ἡ. Κυριακοπούλου,D. I. Kyriakopoulos,Συντακτικὸν ἐπίτομον,Epitome of Syntax,"8ov, σελ. 64",3,γρ.,
1895,IMG_1315.jpeg,"ΕΛΛΗΝΙΚΑ ΣΧΟΛΕΙΑ, ΠΑΡΘΕΝΑΓΩΓΕΙΑ ΚΑΙ ΓΥΜΝΑΣΙΑ","Hellenic Schools, Girls' High Schools and Gymnasiums",,Ἀποστόλου Β. Οἰκονομίδου,Apostolos V. Oikonomidis,Συντακτικὸν Στοιχειῶδες τῆς Ἑλληνικῆς Γλώσσης,Elementary Syntax of the Greek Language,σελ. 5'-192,4,γρ.,Text continues onto page 33
1895,IMG_1315.jpeg,"ΕΛΛΗΝΙΚΑ ΣΧΟΛΕΙΑ, ΠΑΡΘΕΝΑΓΩΓΕΙΑ ΚΑΙ ΓΥΜΝΑΣΙΑ","Hellenic Schools, Girls' High Schools and Gymnasiums",,Μ. Πανταζῆ,M. Pantazis,Συντακτικόν,Syntax,"8ov, σελ. 218",10,γρ.,
1895,IMG_1315.jpeg,"ΕΛΛΗΝΙΚΑ ΣΧΟΛΕΙΑ, ΠΑΡΘΕΝΑΓΩΓΕΙΑ ΚΑΙ ΓΥΜΝΑΣΙΑ","Hellenic Schools, Girls' High Schools and Gymnasiums",,Χ. Παπανικολάου,Ch. Papanikolaou,Συντακτικόν,Syntax,"8ov, σελ. 79",1.20,γρ.,Price listed as γρ. 1 π. 20
1895,IMG_1315.jpeg,"ΕΛΛΗΝΙΚΑ ΣΧΟΛΕΙΑ, ΠΑΡΘΕΝΑΓΩΓΕΙΑ ΚΑΙ ΓΥΜΝΑΣΙΑ","Hellenic Schools, Girls' High Schools and Gymnasiums",,Χ. Πουλίου,Ch. Poulios,Συντακτικόν,Syntax,"8ov, σελ. 84",5,γρ.,
1895,IMG_1315.jpeg,"ΕΛΛΗΝΙΚΑ ΣΧΟΛΕΙΑ, ΠΑΡΘΕΝΑΓΩΓΕΙΑ ΚΑΙ ΓΥΜΝΑΣΙΑ","Hellenic Schools, Girls' High Schools and Gymnasiums",,Ἱ. Χ. Σεφεριάδου,I. Ch. Seferiadis,Συντακτικόν,Syntax,"8ov, σελ. 121",5,γρ.,
1895,IMG_1315.jpeg,"ΕΛΛΗΝΙΚΑ ΣΧΟΛΕΙΑ, ΠΑΡΘΕΝΑΓΩΓΕΙΑ ΚΑΙ ΓΥΜΝΑΣΙΑ","Hellenic Schools, Girls' High Schools and Gymnasiums",,Δούκα Χριστοδούλου,Doukas Christodoulou,Συντακτικόν,Syntax,"8ov, σελ. πο",3,γρ.,
1895,IMG_1315.jpeg,"ΕΛΛΗΝΙΚΑ ΣΧΟΛΕΙΑ, ΠΑΡΘΕΝΑΓΩΓΕΙΑ ΚΑΙ ΓΥΜΝΑΣΙΑ","Hellenic Schools, Girls' High Schools and Gymnasiums",,Δούκα Χριστοδούλου,Doukas Christodoulou,Συντακτικόν,Syntax,"8ov, σελ. 258",12,γρ.,
1895,IMG_1315.jpeg,"ΕΛΛΗΝΙΚΑ ΣΧΟΛΕΙΑ, ΠΑΡΘΕΝΑΓΩΓΕΙΑ ΚΑΙ ΓΥΜΝΑΣΙΑ","Hellenic Schools, Girls' High Schools and Gymnasiums",,Μ. Δέφνερ,M. Defner,Σχέδια πρὸς ἔκθεσιν ἰδεῶν,Outlines for Essay Writing,"8ov, σ. ι'-240",10,γρ.,
1895,IMG_1315.jpeg,"ΕΛΛΗΝΙΚΑ ΣΧΟΛΕΙΑ, ΠΑΡΘΕΝΑΓΩΓΕΙΑ ΚΑΙ ΓΥΜΝΑΣΙΑ","Hellenic Schools, Girls' High Schools and Gymnasiums",,Φ. Τέρκις,F. Terkis,Σωματολογία τοῦ ἀνθρώπου πρῶτα στοιχεῖα,First Elements of Human Somatology,"8ov, σελ. X-85",10,γρ.,Translated/Edited by Θ. Χ. Φλώρα
1895,IMG_1315.jpeg,"ΕΛΛΗΝΙΚΑ ΣΧΟΛΕΙΑ, ΠΑΡΘΕΝΑΓΩΓΕΙΑ ΚΑΙ ΓΥΜΝΑΣΙΑ","Hellenic Schools, Girls' High Schools and Gymnasiums",,Ἀνδρ. Σπαθάρη,Andr. Spatharis,Τριγωνομετρία,Trigonometry,"8ov, σελ. 76",8,γρ.,
1895,IMG_1315.jpeg,"ΕΛΛΗΝΙΚΑ ΣΧΟΛΕΙΑ, ΠΑΡΘΕΝΑΓΩΓΕΙΑ ΚΑΙ ΓΥΜΝΑΣΙΑ","Hellenic Schools, Girls' High Schools and Gymnasiums",,Ι. Ν. Χατζιδάκη,I. N. Chatzidakis,Τριγωνομετρία,Trigonometry,"8ov, σελ. 80",7,γρ.,
1895,IMG_1315.jpeg,"ΕΛΛΗΝΙΚΑ ΣΧΟΛΕΙΑ, ΠΑΡΘΕΝΑΓΩΓΕΙΑ ΚΑΙ ΓΥΜΝΑΣΙΑ","Hellenic Schools, Girls' High Schools and Gymnasiums",,Δ. Γρηγορα,D. Grigoras,Ὑγιεινή,Hygiene,"8ov, σελ. 190",10,γρ.,
1895,IMG_1315.jpeg,"ΕΛΛΗΝΙΚΑ ΣΧΟΛΕΙΑ, ΠΑΡΘΕΝΑΓΩΓΕΙΑ ΚΑΙ ΓΥΜΝΑΣΙΑ","Hellenic Schools, Girls' High Schools and Gymnasiums",,Γ. Καραπαναγιώτου,G. Karapanagiotou,Ὑγιεινή,Hygiene,"8ov, σελ. η'-80",10,γρ.,
1895,IMG_1315.jpeg,"ΕΛΛΗΝΙΚΑ ΣΧΟΛΕΙΑ, ΠΑΡΘΕΝΑΓΩΓΕΙΑ ΚΑΙ ΓΥΜΝΑΣΙΑ","Hellenic Schools, Girls' High Schools and Gymnasiums",,Ι. Δ. Ἀριστοκλέους,I. D. Aristokleous,Φιλοσοφία ἠθική,Moral Philosophy,"8ov, σ. 219",30,γρ.,
1895,IMG_1315.jpeg,"ΕΛΛΗΝΙΚΑ ΣΧΟΛΕΙΑ, ΠΑΡΘΕΝΑΓΩΓΕΙΑ ΚΑΙ ΓΥΜΝΑΣΙΑ","Hellenic Schools, Girls' High Schools and Gymnasiums",,Ι. Δ. Ἀριστοκλέους,I. D. Aristokleous,Φιλοσοφίας εἰσαγωγή,Introduction to Philosophy,"8ov, σελ. 56",7.20,γρ.,Price listed as γρ. 7 παρ. 20
1895,IMG_1315.jpeg,"ΕΛΛΗΝΙΚΑ ΣΧΟΛΕΙΑ, ΠΑΡΘΕΝΑΓΩΓΕΙΑ ΚΑΙ ΓΥΜΝΑΣΙΑ","Hellenic Schools, Girls' High Schools and Gymnasiums",,Ἐ. Γαλάνη,E. Galanis,"Φιλοσοφικὴ προπαιδεία, ἤτοι Λογικὴ καὶ Ψυχολογία","Philosophical Propaedeutics, namely Logic and Psychology","8ov, σελ. ιθ'-151",12,γρ.,
1895,IMG_1315.jpeg,"ΕΛΛΗΝΙΚΑ ΣΧΟΛΕΙΑ, ΠΑΡΘΕΝΑΓΩΓΕΙΑ ΚΑΙ ΓΥΜΝΑΣΙΑ","Hellenic Schools, Girls' High Schools and Gymnasiums",,Π. Σ. Κονδύλη,P. S. Kondylis,Φυσική,Physics,"8ov, σελ. 480",30,γρ.,
1895,IMG_1315.jpeg,"ΕΛΛΗΝΙΚΑ ΣΧΟΛΕΙΑ, ΠΑΡΘΕΝΑΓΩΓΕΙΑ ΚΑΙ ΓΥΜΝΑΣΙΑ","Hellenic Schools, Girls' High Schools and Gymnasiums",,Ἀ. Σπαθάρη,A. Spatharis,Φυσική,Physics,"8ov, σελ. 405",48,γρ.,
1895,IMG_1315.jpeg,"ΕΛΛΗΝΙΚΑ ΣΧΟΛΕΙΑ, ΠΑΡΘΕΝΑΓΩΓΕΙΑ ΚΑΙ ΓΥΜΝΑΣΙΑ","Hellenic Schools, Girls' High Schools and Gymnasiums",,Ν. Γερμανοῦ,N. Germanos,Φυσικὴ ἱστορία,Natural History,"8ov, σελ. 192",10,γρ.,
1895,IMG_1315.jpeg,"ΕΛΛΗΝΙΚΑ ΣΧΟΛΕΙΑ, ΠΑΡΘΕΝΑΓΩΓΕΙΑ ΚΑΙ ΓΥΜΝΑΣΙΑ","Hellenic Schools, Girls' High Schools and Gymnasiums",,Δ. Ἡ. Κυριακοπούλου,D. I. Kyriakopoulos,Φυσικὴ ἱστορία,Natural History,σελ. 208,8,γρ.,
1895,IMG_1315.jpeg,"ΕΛΛΗΝΙΚΑ ΣΧΟΛΕΙΑ, ΠΑΡΘΕΝΑΓΩΓΕΙΑ ΚΑΙ ΓΥΜΝΑΣΙΑ","Hellenic Schools, Girls' High Schools and Gymnasiums",,Σπ. Μηλιαράκη,Sp. Miliarakis,Φυσικὴ ἱστορία,Natural History,"8ov, σελ. 364",10,γρ.,
1895,IMG_1315.jpeg,"ΕΛΛΗΝΙΚΑ ΣΧΟΛΕΙΑ, ΠΑΡΘΕΝΑΓΩΓΕΙΑ ΚΑΙ ΓΥΜΝΑΣΙΑ","Hellenic Schools, Girls' High Schools and Gymnasiums",,Τ. Ἀργυροπούλου,T. Argyropoulos,Φυσικὴ Πειραματική,Experimental Physics,σ. 348,18,γρ.,
1895,IMG_1315.jpeg,"ΕΛΛΗΝΙΚΑ ΣΧΟΛΕΙΑ, ΠΑΡΘΕΝΑΓΩΓΕΙΑ ΚΑΙ ΓΥΜΝΑΣΙΑ","Hellenic Schools, Girls' High Schools and Gymnasiums",,Ν. Κ. Γερμανοῦ,N. K. Germanos,Φυσικὴ Πειραματική,Experimental Physics,σ. 159,27,γρ.,
1895,IMG_1315.jpeg,"ΕΛΛΗΝΙΚΑ ΣΧΟΛΕΙΑ, ΠΑΡΘΕΝΑΓΩΓΕΙΑ ΚΑΙ ΓΥΜΝΑΣΙΑ","Hellenic Schools, Girls' High Schools and Gymnasiums",,Μ. Δασκαλάκη,M. Daskalakis,Φυσικὴ Πειραματική,Experimental Physics,σελ. 248,10,γρ.,
1895,IMG_1315.jpeg,"ΕΛΛΗΝΙΚΑ ΣΧΟΛΕΙΑ, ΠΑΡΘΕΝΑΓΩΓΕΙΑ ΚΑΙ ΓΥΜΝΑΣΙΑ","Hellenic Schools, Girls' High Schools and Gymnasiums",,Ἀ. Β. Δαμασκηνοῦ,A. V. Damaskinos,Φυσικὴ Πειραματική,Experimental Physics,"8ov, σ. 166",16,γρ.,
1895,IMG_1315.jpeg,"ΕΛΛΗΝΙΚΑ ΣΧΟΛΕΙΑ, ΠΑΡΘΕΝΑΓΩΓΕΙΑ ΚΑΙ ΓΥΜΝΑΣΙΑ","Hellenic Schools, Girls' High Schools and Gymnasiums",,Ἀ. Β. Δαμασκηνοῦ,A. V. Damaskinos,Φυσικὴ Πειραματική,Experimental Physics,"8ov, σ. 462",30,γρ.,
1895,IMG_1315.jpeg,"ΕΛΛΗΝΙΚΑ ΣΧΟΛΕΙΑ, ΠΑΡΘΕΝΑΓΩΓΕΙΑ ΚΑΙ ΓΥΜΝΑΣΙΑ","Hellenic Schools, Girls' High Schools and Gymnasiums",,Ἀ. Κωνσταντινίδου,A. Konstantinidis,Φυσικὴ Πειραματική,Experimental Physics,"8ov, σ. 419",20,γρ.,
1895,IMG_1315.jpeg,"ΕΛΛΗΝΙΚΑ ΣΧΟΛΕΙΑ, ΠΑΡΘΕΝΑΓΩΓΕΙΑ ΚΑΙ ΓΥΜΝΑΣΙΑ","Hellenic Schools, Girls' High Schools and Gymnasiums",,Γ. Ἀ. Παυλίδου,G. A. Pavlidis,Φυσικὴ Πειραματικὴ καὶ Μετεωρολογία,Experimental Physics and Meteorology,σελ. 372,20,γρ.,
1895,IMG_1315.jpeg,"ΕΛΛΗΝΙΚΑ ΣΧΟΛΕΙΑ, ΠΑΡΘΕΝΑΓΩΓΕΙΑ ΚΑΙ ΓΥΜΝΑΣΙΑ","Hellenic Schools, Girls' High Schools and Gymnasiums",,Ἐμμ. Γιαννοπούλου,Emm. Giannopoulos,"Φυσιογνωσία. Τόμος Α' (Ζωολογία, Φυτολογία, Ὀρυκτολογία μετὰ Γεωλογίας)","Natural Science. Volume A (Zoology, Botany, Mineralogy with Geology)",σ. η'-304,12,γρ.,
1895,IMG_1315.jpeg,"ΕΛΛΗΝΙΚΑ ΣΧΟΛΕΙΑ, ΠΑΡΘΕΝΑΓΩΓΕΙΑ ΚΑΙ ΓΥΜΝΑΣΙΑ","Hellenic Schools, Girls' High Schools and Gymnasiums",,Ἐμμ. Γιαννοπούλου,Emm. Giannopoulos,"Φυσιογνωσία. Τόμος Β' (Στοιχεῖα Πειραματικῆς Φυσικῆς, Χημείας καὶ Κοσμογραφίας)","Natural Science. Volume B (Elements of Experimental Physics, Chemistry and Cosmography)",σελ. ϛ'-319,12,γρ.,
1895,IMG_1316.jpeg,"ΕΛΛΗΝΙΚΑ ΣΧΟΛΕΙΑ, ΠΑΡΘΕΝΑΓΩΓΕΙΑ ΚΑΙ ΓΥΜΝΑΣΙΑ","Hellenic Schools, Girls' High Schools and Gymnasiums",,Γ. Χ. Παπαγεωργίου,G. Ch. Papageorgiou,Φυσιογνωσία,Natural Knowledge (Physiognosy),"8ον, σελ. 216",10,γρ.,
1895,IMG_1316.jpeg,"ΕΛΛΗΝΙΚΑ ΣΧΟΛΕΙΑ, ΠΑΡΘΕΝΑΓΩΓΕΙΑ ΚΑΙ ΓΥΜΝΑΣΙΑ","Hellenic Schools, Girls' High Schools and Gymnasiums",,Σπ. Μηλιαράκη,Sp. Miliarakis,Φυσιογνωσίας Ἐγχειρίδιον. Μέρος Α΄ (Φυσικὴ Ἱστορία),Handbook of Natural Knowledge. Part A (Natural History),"8ον, σελ. 168",12,γρ.,
1895,IMG_1316.jpeg,"ΕΛΛΗΝΙΚΑ ΣΧΟΛΕΙΑ, ΠΑΡΘΕΝΑΓΩΓΕΙΑ ΚΑΙ ΓΥΜΝΑΣΙΑ","Hellenic Schools, Girls' High Schools and Gymnasiums",,Σπ. Μηλιαράκη,Sp. Miliarakis,"Φυτολογίας καὶ Γεωλογίας Ἐγχειρίδιον, (βραβευθὲν τῷ 1894)",Handbook of Phytology and Geology (awarded in 1894),"8ον, σελ. 159",8,γρ.,
1895,IMG_1316.jpeg,"ΕΛΛΗΝΙΚΑ ΣΧΟΛΕΙΑ, ΠΑΡΘΕΝΑΓΩΓΕΙΑ ΚΑΙ ΓΥΜΝΑΣΙΑ","Hellenic Schools, Girls' High Schools and Gymnasiums",,Ἠλία Βαλσαμάκη,Ilias Valsamakis,Χημεία,Chemistry,"8ον, σελ. 167",16,γρ.,
1895,IMG_1316.jpeg,"ΕΛΛΗΝΙΚΑ ΣΧΟΛΕΙΑ, ΠΑΡΘΕΝΑΓΩΓΕΙΑ ΚΑΙ ΓΥΜΝΑΣΙΑ","Hellenic Schools, Girls' High Schools and Gymnasiums",,Π. Σ. Κονδύλη,P. S. Kondylis,Χημεία,Chemistry,σελ. 192,10,γρ.,
1895,IMG_1316.jpeg,"ΕΛΛΗΝΙΚΑ ΣΧΟΛΕΙΑ, ΠΑΡΘΕΝΑΓΩΓΕΙΑ ΚΑΙ ΓΥΜΝΑΣΙΑ","Hellenic Schools, Girls' High Schools and Gymnasiums",,Σ. Ι. Στάη,S. I. Stais,Χημεία,Chemistry,"8ον, σελ. 163",6,γρ.,
1895,IMG_1316.jpeg,"ΕΛΛΗΝΙΚΑ ΣΧΟΛΕΙΑ, ΠΑΡΘΕΝΑΓΩΓΕΙΑ ΚΑΙ ΓΥΜΝΑΣΙΑ","Hellenic Schools, Girls' High Schools and Gymnasiums",,Α. Ι. Ἀντωνιάδου,A. I. Antoniadis,Χρηστομάθεια,Chrestomathy,"Α΄ σελ. 117, Β΄ 8ον σελ. 96, Γ΄ 8ον σελ. 261","3 (Α΄), 4 (Β΄), 7 (Γ΄)",γρ.,
1895,IMG_1316.jpeg,"ΕΛΛΗΝΙΚΑ ΣΧΟΛΕΙΑ, ΠΑΡΘΕΝΑΓΩΓΕΙΑ ΚΑΙ ΓΥΜΝΑΣΙΑ","Hellenic Schools, Girls' High Schools and Gymnasiums",,Σ. Δ. Βυζαντίου καὶ Ἀ. Ρ. Ῥαγκαβῆ,S. D. Byzantios and A. R. Rangavis,Χρηστομάθεια,Chrestomathy,"8ον, Τόμοι Α΄-Ε΄","3 (Τόμ. Α΄), 4 (Β΄), 6 (Γ΄), 6 (Δ΄), 6 (Ε΄)",γρ.,
1895,IMG_1316.jpeg,"ΕΛΛΗΝΙΚΑ ΣΧΟΛΕΙΑ, ΠΑΡΘΕΝΑΓΩΓΕΙΑ ΚΑΙ ΓΥΜΝΑΣΙΑ","Hellenic Schools, Girls' High Schools and Gymnasiums",,Γ. Δ. Ζηκίδου,G. D. Zikidis,Χρηστομάθεια,Chrestomathy,Τόμοι Α΄-Γ΄,"5 (Τόμ. Α΄), 15 (Β΄), 12 (Γ΄)",γρ.,
1895,IMG_1316.jpeg,"ΕΛΛΗΝΙΚΑ ΣΧΟΛΕΙΑ, ΠΑΡΘΕΝΑΓΩΓΕΙΑ ΚΑΙ ΓΥΜΝΑΣΙΑ","Hellenic Schools, Girls' High Schools and Gymnasiums",,Ἀνέστη Κωνσταντινίδου,Anestis Konstantinidis,Χρηστομάθεια,Chrestomathy,Τόμοι Α΄-Γ΄,"2 (Τόμ. Α΄), 3 (Β΄), 4 (Γ΄)",γρ.,
1895,IMG_1316.jpeg,"ΕΛΛΗΝΙΚΑ ΣΧΟΛΕΙΑ, ΠΑΡΘΕΝΑΓΩΓΕΙΑ ΚΑΙ ΓΥΜΝΑΣΙΑ","Hellenic Schools, Girls' High Schools and Gymnasiums",,Ἀ. Β. Οἰκονομίδου,A. V. Oikonomidis,Χρηστομάθεια,Chrestomathy,"Τόμος Α΄ σ. 232, Τόμος Β΄ 8ον σελ. 222","8 (Τόμ. Α΄), 6 (Β΄)",γρ.,
1895,IMG_1316.jpeg,"ΕΛΛΗΝΙΚΑ ΣΧΟΛΕΙΑ, ΠΑΡΘΕΝΑΓΩΓΕΙΑ ΚΑΙ ΓΥΜΝΑΣΙΑ","Hellenic Schools, Girls' High Schools and Gymnasiums",,Γ. Ἀ. Παπαβασιλείου,G. A. Papavasileiou,Χρηστομάθεια,Chrestomathy,σελ. 125,2.20,γρ. π.,Price printed as 'γρ. 2 π. 20'
1895,IMG_1316.jpeg,"ΕΛΛΗΝΙΚΑ ΣΧΟΛΕΙΑ, ΠΑΡΘΕΝΑΓΩΓΕΙΑ ΚΑΙ ΓΥΜΝΑΣΙΑ","Hellenic Schools, Girls' High Schools and Gymnasiums",,Γ. Α. Παπαβασιλείου,G. A. Papavasileiou,"Χρηστομάθεια, πρὸς χρῆσιν μόνον τῶν θηλέων","Chrestomathy, for female use only","8ον, σελ. 223",3,γρ.,
1895,IMG_1316.jpeg,"ΕΛΛΗΝΙΚΑ ΣΧΟΛΕΙΑ, ΠΑΡΘΕΝΑΓΩΓΕΙΑ ΚΑΙ ΓΥΜΝΑΣΙΑ","Hellenic Schools, Girls' High Schools and Gymnasiums",,Γ. Ἀ. Παπαβασιλείου,G. A. Papavasileiou,"Χρηστομάθεια, (βραβευθεῖσα τῷ 1894)",Chrestomathy (awarded in 1894),"8ον, σελ. 128",5,γρ.,
1895,IMG_1316.jpeg,"ΕΛΛΗΝΙΚΑ ΣΧΟΛΕΙΑ, ΠΑΡΘΕΝΑΓΩΓΕΙΑ ΚΑΙ ΓΥΜΝΑΣΙΑ","Hellenic Schools, Girls' High Schools and Gymnasiums",,Χ. Πουλίου,Ch. Poulios,Χρηστομάθεια,Chrestomathy,σελ. 143,1.20,γρ. παρ.,Text crossed out with ink line on page; price printed as 'γρ. 1 παρ. 20'
1895,IMG_1316.jpeg,"ΕΛΛΗΝΙΚΑ ΣΧΟΛΕΙΑ, ΠΑΡΘΕΝΑΓΩΓΕΙΑ ΚΑΙ ΓΥΜΝΑΣΙΑ","Hellenic Schools, Girls' High Schools and Gymnasiums",,Ἀ. Ἀ. Σακελλαρίου,A. A. Sakellarios,Χρηστομάθεια,Chrestomathy,"Τόμος Α΄ 8ον σ. 192, Β΄ σ. 199, Γ΄ σ. 199","3.20 (Τόμ. Α΄), 4 (Β΄), 7.20 (Γ΄)",γρ. παρ.,
1895,IMG_1316.jpeg,"ΕΛΛΗΝΙΚΑ ΣΧΟΛΕΙΑ, ΠΑΡΘΕΝΑΓΩΓΕΙΑ ΚΑΙ ΓΥΜΝΑΣΙΑ","Hellenic Schools, Girls' High Schools and Gymnasiums",,"Κ. Σ. Παρίτση, ἱερέως κτλ.","K. S. Paritsis, priest et al.","Χρηστομάθεια Ἱερά, Τεῦχος Α΄, περιέχον ὁμιλίας ἐννέα ἐκ τῆς Ἑξαημέρου τοῦ Μεγάλου Βασιλείου, τὸ «Πρόσεχε σεαυτῷ» τοῦ αὐτοῦ ἁγίου Πατρός, Ἐπιστολάς, μετὰ εἰσαγωγῆς καὶ σημειώσεων","Sacred Chrestomathy, Issue A, containing nine homilies from the Hexaemeron of Basil the Great, the 'Take Heed to Thyself' of the same Holy Father, Letters, with introduction and notes",Τεῦχος Α΄,7,γρ.,
1895,IMG_1316.jpeg,"ΕΛΛΗΝΙΚΑ ΣΧΟΛΕΙΑ, ΠΑΡΘΕΝΑΓΩΓΕΙΑ ΚΑΙ ΓΥΜΝΑΣΙΑ","Hellenic Schools, Girls' High Schools and Gymnasiums",,Β. Γ. Βυθούλκα,V. G. Vythoulkas,"Χρηστομάθεια ὁμηρική, Τεῦχος Β΄ περιέχον τὰς ῥαψῳδίας Ζ, Θ, Ι τῆς Ὀδυσσείας","Homeric Chrestomathy, Issue B containing books Z, Th, I of the Odyssey","8ον, σ. 5΄-92",7,γρ.,
1895,IMG_1316.jpeg,"ΕΛΛΗΝΙΚΑ ΣΧΟΛΕΙΑ, ΠΑΡΘΕΝΑΓΩΓΕΙΑ ΚΑΙ ΓΥΜΝΑΣΙΑ","Hellenic Schools, Girls' High Schools and Gymnasiums",,Ἰ. Δ. Ἀριστοκλέους,I. D. Aristokleous,Ψυχολογία,Psychology,"8ον, σελ. 268",22,γρ.,
1895,IMG_1316.jpeg,"ΕΛΛΗΝΙΚΑ ΣΧΟΛΕΙΑ, ΠΑΡΘΕΝΑΓΩΓΕΙΑ ΚΑΙ ΓΥΜΝΑΣΙΑ","Hellenic Schools, Girls' High Schools and Gymnasiums",,Γ. Μ. Βιζυηνοῦ,G. M. Vizyinos,Ψυχολογία,Psychology,"8ον, σελ. 112",12.20,γρ. παρ.,Price printed as 'γρ. 12 παρ. 20'
1895,IMG_1316.jpeg,"ΕΛΛΗΝΙΚΑ ΣΧΟΛΕΙΑ, ΠΑΡΘΕΝΑΓΩΓΕΙΑ ΚΑΙ ΓΥΜΝΑΣΙΑ","Hellenic Schools, Girls' High Schools and Gymnasiums",,Δ. Ἰ. Ὀλυμπίου,D. I. Olympios,Ψυχολογία,Psychology,"8ον, σελ. 96",8,γρ.,
1895,IMG_1317.jpeg,ΚΛΑΣΙΚΟΙ ΕΛΛΗΝΕΣ ΚΑΙ ΛΑΤΙΝΟΙ ΣΥΓΓΡΑΦΕΙΣ,Classical Greek and Latin Authors,Α΄ ΕΛΛΗΝΕΣ - 1) Τῆς ἐν Λειψίᾳ ἐκδόσεως B. G. Teubner,Ἀθηναίου,Athenaeus,Δειπνοσοφισταί,Deipnosophists,Τόμ. 3,85,γρ.,
1895,IMG_1317.jpeg,ΚΛΑΣΙΚΟΙ ΕΛΛΗΝΕΣ ΚΑΙ ΛΑΤΙΝΟΙ ΣΥΓΓΡΑΦΕΙΣ,Classical Greek and Latin Authors,Α΄ ΕΛΛΗΝΕΣ - 1) Τῆς ἐν Λειψίᾳ ἐκδόσεως B. G. Teubner,Αἰλιανοῦ,Aelian,Ἅπαντα,Complete Works,Τόμ. 2,50,γρ.,
1895,IMG_1317.jpeg,ΚΛΑΣΙΚΟΙ ΕΛΛΗΝΕΣ ΚΑΙ ΛΑΤΙΝΟΙ ΣΥΓΓΡΑΦΕΙΣ,Classical Greek and Latin Authors,Α΄ ΕΛΛΗΝΕΣ - 1) Τῆς ἐν Λειψίᾳ ἐκδόσεως B. G. Teubner,Αἰλιανοῦ,Aelian,Ποικίλη Ἱστορία,Various History (Varia Historia),,5,γρ.,
1895,IMG_1317.jpeg,ΚΛΑΣΙΚΟΙ ΕΛΛΗΝΕΣ ΚΑΙ ΛΑΤΙΝΟΙ ΣΥΓΓΡΑΦΕΙΣ,Classical Greek and Latin Authors,Α΄ ΕΛΛΗΝΕΣ - 1) Τῆς ἐν Λειψίᾳ ἐκδόσεως B. G. Teubner,Αἰνείου,Aeneas Tacticus,Στρατηγικά,Tactics (Strategika),,8,γρ.,
1895,IMG_1317.jpeg,ΚΛΑΣΙΚΟΙ ΕΛΛΗΝΕΣ ΚΑΙ ΛΑΤΙΝΟΙ ΣΥΓΓΡΑΦΕΙΣ,Classical Greek and Latin Authors,Α΄ ΕΛΛΗΝΕΣ - 1) Τῆς ἐν Λειψίᾳ ἐκδόσεως B. G. Teubner,Αἰσχίνου,Aeschines,Λόγοι,Speeches,,5 παρ. 20,γρ.,
1895,IMG_1317.jpeg,ΚΛΑΣΙΚΟΙ ΕΛΛΗΝΕΣ ΚΑΙ ΛΑΤΙΝΟΙ ΣΥΓΓΡΑΦΕΙΣ,Classical Greek and Latin Authors,Α΄ ΕΛΛΗΝΕΣ - 1) Τῆς ἐν Λειψίᾳ ἐκδόσεως B. G. Teubner,Αἰσχύλου,Aeschylus,Τραγῳδίαι,Tragedies,,7 παρ. 20,γρ.,
1895,IMG_1317.jpeg,ΚΛΑΣΙΚΟΙ ΕΛΛΗΝΕΣ ΚΑΙ ΛΑΤΙΝΟΙ ΣΥΓΓΡΑΦΕΙΣ,Classical Greek and Latin Authors,Α΄ ΕΛΛΗΝΕΣ - 1) Τῆς ἐν Λειψίᾳ ἐκδόσεως B. G. Teubner,Αἰσώπου,Aesop,Μῦθοι,Fables,,5 παρ. 20,γρ.,
1895,IMG_1317.jpeg,ΚΛΑΣΙΚΟΙ ΕΛΛΗΝΕΣ ΚΑΙ ΛΑΤΙΝΟΙ ΣΥΓΓΡΑΦΕΙΣ,Classical Greek and Latin Authors,Α΄ ΕΛΛΗΝΕΣ - 1) Τῆς ἐν Λειψίᾳ ἐκδόσεως B. G. Teubner,Ἀνακρέων,Anacreon,Ἀνακρέων,Anacreon (Works),,6,γρ.,
1895,IMG_1317.jpeg,ΚΛΑΣΙΚΟΙ ΕΛΛΗΝΕΣ ΚΑΙ ΛΑΤΙΝΟΙ ΣΥΓΓΡΑΦΕΙΣ,Classical Greek and Latin Authors,Α΄ ΕΛΛΗΝΕΣ - 1) Τῆς ἐν Λειψίᾳ ἐκδόσεως B. G. Teubner,Ἀνδοκίδης,Andocides,Ἀνδοκίδης,Andocides (Speeches),,7 παρ. 20,γρ.,
1895,IMG_1317.jpeg,ΚΛΑΣΙΚΟΙ ΕΛΛΗΝΕΣ ΚΑΙ ΛΑΤΙΝΟΙ ΣΥΓΓΡΑΦΕΙΣ,Classical Greek and Latin Authors,Α΄ ΕΛΛΗΝΕΣ - 1) Τῆς ἐν Λειψίᾳ ἐκδόσεως B. G. Teubner,Bergk,Bergk,Ἀνθολογία Λυρική,Lyric Anthology (Anthologia Lyrica),,18,γρ.,
1895,IMG_1317.jpeg,ΚΛΑΣΙΚΟΙ ΕΛΛΗΝΕΣ ΚΑΙ ΛΑΤΙΝΟΙ ΣΥΓΓΡΑΦΕΙΣ,Classical Greek and Latin Authors,Α΄ ΕΛΛΗΝΕΣ - 1) Τῆς ἐν Λειψίᾳ ἐκδόσεως B. G. Teubner,Ἄννα Κομνηνή,Anna Komnene,Ἄννα Κομνηνή,Anna Komnene (Works / Alexiad),Τόμ. 3,45,γρ.,
1895,IMG_1317.jpeg,ΚΛΑΣΙΚΟΙ ΕΛΛΗΝΕΣ ΚΑΙ ΛΑΤΙΝΟΙ ΣΥΓΓΡΑΦΕΙΣ,Classical Greek and Latin Authors,Α΄ ΕΛΛΗΝΕΣ - 1) Τῆς ἐν Λειψίᾳ ἐκδόσεως B. G. Teubner,Ἀννουβίωνος,Annubion,Ἀστρολογικά,Astrological Works,,,,ἰδὲ Μανέθων
1895,IMG_1317.jpeg,ΚΛΑΣΙΚΟΙ ΕΛΛΗΝΕΣ ΚΑΙ ΛΑΤΙΝΟΙ ΣΥΓΓΡΑΦΕΙΣ,Classical Greek and Latin Authors,Α΄ ΕΛΛΗΝΕΣ - 1) Τῆς ἐν Λειψίᾳ ἐκδόσεως B. G. Teubner,Ἀντιφῶν,Antiphon,Ἀντιφῶν,Antiphon (Speeches),,12 παρ. 20,γρ.,
1895,IMG_1317.jpeg,ΚΛΑΣΙΚΟΙ ΕΛΛΗΝΕΣ ΚΑΙ ΛΑΤΙΝΟΙ ΣΥΓΓΡΑΦΕΙΣ,Classical Greek and Latin Authors,Α΄ ΕΛΛΗΝΕΣ - 1) Τῆς ἐν Λειψίᾳ ἐκδόσεως B. G. Teubner,Ἀπολλοδώρου,Apollodorus,Βιβλιοθήκη,Library,,6,γρ.,
1895,IMG_1317.jpeg,ΚΛΑΣΙΚΟΙ ΕΛΛΗΝΕΣ ΚΑΙ ΛΑΤΙΝΟΙ ΣΥΓΓΡΑΦΕΙΣ,Classical Greek and Latin Authors,Α΄ ΕΛΛΗΝΕΣ - 1) Τῆς ἐν Λειψίᾳ ἐκδόσεως B. G. Teubner,Ἀπολλωνίου Ῥοδίου,Apollonius of Rhodes,Ἀργοναυτικά,Argonautica,,6,γρ.,
1895,IMG_1317.jpeg,ΚΛΑΣΙΚΟΙ ΕΛΛΗΝΕΣ ΚΑΙ ΛΑΤΙΝΟΙ ΣΥΓΓΡΑΦΕΙΣ,Classical Greek and Latin Authors,Α΄ ΕΛΛΗΝΕΣ - 1) Τῆς ἐν Λειψίᾳ ἐκδόσεως B. G. Teubner,Ἀππιανοῦ,Appian,Ῥωμαϊκὴ ἱστορία,Roman History,Τόμ. 2,54,γρ.,
1895,IMG_1317.jpeg,ΚΛΑΣΙΚΟΙ ΕΛΛΗΝΕΣ ΚΑΙ ΛΑΤΙΝΟΙ ΣΥΓΓΡΑΦΕΙΣ,Classical Greek and Latin Authors,Α΄ ΕΛΛΗΝΕΣ - 1) Τῆς ἐν Λειψίᾳ ἐκδόσεως B. G. Teubner,Ἀριστοτέλους,Aristotle,Ῥητορική,Rhetoric,,12 παρ. 20,γρ.,
1895,IMG_1317.jpeg,ΚΛΑΣΙΚΟΙ ΕΛΛΗΝΕΣ ΚΑΙ ΛΑΤΙΝΟΙ ΣΥΓΓΡΑΦΕΙΣ,Classical Greek and Latin Authors,Α΄ ΕΛΛΗΝΕΣ - 1) Τῆς ἐν Λειψίᾳ ἐκδόσεως B. G. Teubner,Ἀριστοφάνους,Aristophanes,Κωμῳδίαι,Comedies,Τόμ. 2,18,γρ.,
1895,IMG_1317.jpeg,ΚΛΑΣΙΚΟΙ ΕΛΛΗΝΕΣ ΚΑΙ ΛΑΤΙΝΟΙ ΣΥΓΓΡΑΦΕΙΣ,Classical Greek and Latin Authors,Α΄ ΕΛΛΗΝΕΣ - 1) Τῆς ἐν Λειψίᾳ ἐκδόσεως B. G. Teubner,Ἀρριανοῦ,Arrian,Ἀνάβασις Ἀλεξάνδρου,Anabasis of Alexander,,8,γρ.,
1895,IMG_1317.jpeg,ΚΛΑΣΙΚΟΙ ΕΛΛΗΝΕΣ ΚΑΙ ΛΑΤΙΝΟΙ ΣΥΓΓΡΑΦΕΙΣ,Classical Greek and Latin Authors,Α΄ ΕΛΛΗΝΕΣ - 1) Τῆς ἐν Λειψίᾳ ἐκδόσεως B. G. Teubner,Ἀρριανοῦ,Arrian,Ἰνδική,Indica,,10,γρ.,
1895,IMG_1317.jpeg,ΚΛΑΣΙΚΟΙ ΕΛΛΗΝΕΣ ΚΑΙ ΛΑΤΙΝΟΙ ΣΥΓΓΡΑΦΕΙΣ,Classical Greek and Latin Authors,Α΄ ΕΛΛΗΝΕΣ - 1) Τῆς ἐν Λειψίᾳ ἐκδόσεως B. G. Teubner,Ἀρχιμήδης,Archimedes,Ἀρχιμήδης,Archimedes (Works),Τόμ. 3,54,γρ.,
1895,IMG_1317.jpeg,ΚΛΑΣΙΚΟΙ ΕΛΛΗΝΕΣ ΚΑΙ ΛΑΤΙΝΟΙ ΣΥΓΓΡΑΦΕΙΣ,Classical Greek and Latin Authors,Α΄ ΕΛΛΗΝΕΣ - 1) Τῆς ἐν Λειψίᾳ ἐκδόσεως B. G. Teubner,Αὐτόλυκος,Autolycus,Αὐτόλυκος,Autolycus (Works),,21,γρ.,
1895,IMG_1318.jpeg,ΚΛΑΣΙΚΟΙ ΕΛΛΗΝΕΣ ΚΑΙ ΛΑΤΙΝΟΙ ΣΥΓΓΡΑΦΕΙΣ,Classical Greek and Latin Authors,Α΄ ΕΛΛΗΝΕΣ - 1) Τῆς ἐν Λειψίᾳ ἐκδόσεως B. G. Teubner,Ἀχιλλεὺς Τάτιος,Achilles Tatius,Τῶν κατὰ Λευκίππην καὶ Κλειτοφῶντα Λόγοι Η΄,"The Adventures of Leucippe and Clitophon, 8 Books",,,,(ἰδὲ Ἐρωτικοί)
1895,IMG_1318.jpeg,ΚΛΑΣΙΚΟΙ ΕΛΛΗΝΕΣ ΚΑΙ ΛΑΤΙΝΟΙ ΣΥΓΓΡΑΦΕΙΣ,Classical Greek and Latin Authors,Α΄ ΕΛΛΗΝΕΣ - 1) Τῆς ἐν Λειψίᾳ ἐκδόσεως B. G. Teubner,Βάβριος,Babrius,Μῦθοι,Fables,,3.20,γρ.,
1895,IMG_1318.jpeg,ΚΛΑΣΙΚΟΙ ΕΛΛΗΝΕΣ ΚΑΙ ΛΑΤΙΝΟΙ ΣΥΓΓΡΑΦΕΙΣ,Classical Greek and Latin Authors,Α΄ ΕΛΛΗΝΕΣ - 1) Τῆς ἐν Λειψίᾳ ἐκδόσεως B. G. Teubner,Βίων ὁ Σμυρναῖος,Bion of Smyrna,Εἰδύλλια,Idylls,,,,(ἰδὲ Βουκολικοὶ ποιηταί)
1895,IMG_1318.jpeg,ΚΛΑΣΙΚΟΙ ΕΛΛΗΝΕΣ ΚΑΙ ΛΑΤΙΝΟΙ ΣΥΓΓΡΑΦΕΙΣ,Classical Greek and Latin Authors,Α΄ ΕΛΛΗΝΕΣ - 1) Τῆς ἐν Λειψίᾳ ἐκδόσεως B. G. Teubner,Βουκολικοὶ ποιηταί,Bucolic Poets,"Θεόκριτος, Βίων, Μόσχος","Theocritus, Bion, Moschus",,3.20,γρ.,
1895,IMG_1318.jpeg,ΚΛΑΣΙΚΟΙ ΕΛΛΗΝΕΣ ΚΑΙ ΛΑΤΙΝΟΙ ΣΥΓΓΡΑΦΕΙΣ,Classical Greek and Latin Authors,Α΄ ΕΛΛΗΝΕΣ - 1) Τῆς ἐν Λειψίᾳ ἐκδόσεως B. G. Teubner,Δείναρχος,Dinarchus,Δείναρχος,Speeches,,6,γρ.,
1895,IMG_1318.jpeg,ΚΛΑΣΙΚΟΙ ΕΛΛΗΝΕΣ ΚΑΙ ΛΑΤΙΝΟΙ ΣΥΓΓΡΑΦΕΙΣ,Classical Greek and Latin Authors,Α΄ ΕΛΛΗΝΕΣ - 1) Τῆς ἐν Λειψίᾳ ἐκδόσεως B. G. Teubner,Δημοσθένης,Demosthenes,Λόγοι,Orations,Τόμ. 3,27,γρ.,"Τόμος Α΄, τεῦχος α΄: Ὀλυνθιακοί, Κατὰ Φιλίππου κτλ. Τόμος Α΄, τεῦχος β΄: Περὶ τοῦ στεφάνου. Τόμος Β΄, τεῦχος α΄: Πρὸς Λεπτίνην. Τόμος Β΄, τεῦχος β΄: Περὶ τῆς παραπρεσβείας. Ἕκαστον τεῦχος γρ. 4.20."
1895,IMG_1318.jpeg,ΚΛΑΣΙΚΟΙ ΕΛΛΗΝΕΣ ΚΑΙ ΛΑΤΙΝΟΙ ΣΥΓΓΡΑΦΕΙΣ,Classical Greek and Latin Authors,Α΄ ΕΛΛΗΝΕΣ - 1) Τῆς ἐν Λειψίᾳ ἐκδόσεως B. G. Teubner,Διογένης Ἀντώνιος,Antonius Diogenes,Τῶν ὑπὲρ Θούλην ἀπίστων Λόγοι ΚΔ΄,"The Wonders Beyond Thule, 24 Books",,,,(ἰδὲ Ἐρωτικοί)
1895,IMG_1318.jpeg,ΚΛΑΣΙΚΟΙ ΕΛΛΗΝΕΣ ΚΑΙ ΛΑΤΙΝΟΙ ΣΥΓΓΡΑΦΕΙΣ,Classical Greek and Latin Authors,Α΄ ΕΛΛΗΝΕΣ - 1) Τῆς ἐν Λειψίᾳ ἐκδόσεως B. G. Teubner,Διόδωρος Σικελιώτης,Diodorus Siculus,Ἱστορικὴ Βιβλιοθήκη,Library of History,Τόμ. 5,90,γρ.,
1895,IMG_1318.jpeg,ΚΛΑΣΙΚΟΙ ΕΛΛΗΝΕΣ ΚΑΙ ΛΑΤΙΝΟΙ ΣΥΓΓΡΑΦΕΙΣ,Classical Greek and Latin Authors,Α΄ ΕΛΛΗΝΕΣ - 1) Τῆς ἐν Λειψίᾳ ἐκδόσεως B. G. Teubner,Δίων Κάσσιος,Cassius Dio,Ῥωμαϊκὴ ἱστορία,Roman History,Τόμ. 5,80,γρ.,
1895,IMG_1318.jpeg,ΚΛΑΣΙΚΟΙ ΕΛΛΗΝΕΣ ΚΑΙ ΛΑΤΙΝΟΙ ΣΥΓΓΡΑΦΕΙΣ,Classical Greek and Latin Authors,Α΄ ΕΛΛΗΝΕΣ - 1) Τῆς ἐν Λειψίᾳ ἐκδόσεως B. G. Teubner,Δίων Χρυσόστομος,Dio Chrysostom,Λόγοι,Discourses,Τόμ. 2,30,γρ.,
1895,IMG_1318.jpeg,ΚΛΑΣΙΚΟΙ ΕΛΛΗΝΕΣ ΚΑΙ ΛΑΤΙΝΟΙ ΣΥΓΓΡΑΦΕΙΣ,Classical Greek and Latin Authors,Α΄ ΕΛΛΗΝΕΣ - 1) Τῆς ἐν Λειψίᾳ ἐκδόσεως B. G. Teubner,Δωρόθεος,Dorotheus,Ἀστρολογικά,Astrological Works,,,,(ἰδὲ Μανέθων)
1895,IMG_1318.jpeg,ΚΛΑΣΙΚΟΙ ΕΛΛΗΝΕΣ ΚΑΙ ΛΑΤΙΝΟΙ ΣΥΓΓΡΑΦΕΙΣ,Classical Greek and Latin Authors,Α΄ ΕΛΛΗΝΕΣ - 1) Τῆς ἐν Λειψίᾳ ἐκδόσεως B. G. Teubner,Ἐπικοὶ Ποιηταί,Epic Poets,Ἐπικῶν Ποιητῶν Λείψανα,Fragments of Epic Poets,,20,γρ.,
1895,IMG_1318.jpeg,ΚΛΑΣΙΚΟΙ ΕΛΛΗΝΕΣ ΚΑΙ ΛΑΤΙΝΟΙ ΣΥΓΓΡΑΦΕΙΣ,Classical Greek and Latin Authors,Α΄ ΕΛΛΗΝΕΣ - 1) Τῆς ἐν Λειψίᾳ ἐκδόσεως B. G. Teubner,Ἐρωτικοὶ Συγγραφεῖς,Erotici Scriptores,Ἐρωτικοὶ Συγγραφεῖς,Erotic Writers,Τόμ. 2,50,γρ.,"Τόμ. Α΄: Παρθένιος Νικαεύς, Ἀχιλλεὺς Τάτιος, Ἰάμβλιχος, Ἀντώνιος Διογένης, Λόγγος, Ξενοφῶν Ἐφέσιος (γρ. 23). Τόμ. Β΄: Χαρίτων Ἀφροδισιεύς, Εὐστάθιος Μακρεμβολίτης, Θεόδωρος Πρόδρομος, Νικήτας Εὐγενειανός, Κωνσταντῖνος Μανασσῆς (γρ. 22)."
1895,IMG_1318.jpeg,ΚΛΑΣΙΚΟΙ ΕΛΛΗΝΕΣ ΚΑΙ ΛΑΤΙΝΟΙ ΣΥΓΓΡΑΦΕΙΣ,Classical Greek and Latin Authors,Α΄ ΕΛΛΗΝΕΣ - 1) Τῆς ἐν Λειψίᾳ ἐκδόσεως B. G. Teubner,Εὐριπίδης,Euripides,Τραγῳδίαι,Tragedies,Τόμ. 3,34,γρ.,
1895,IMG_1318.jpeg,ΚΛΑΣΙΚΟΙ ΕΛΛΗΝΕΣ ΚΑΙ ΛΑΤΙΝΟΙ ΣΥΓΓΡΑΦΕΙΣ,Classical Greek and Latin Authors,Α΄ ΕΛΛΗΝΕΣ - 1) Τῆς ἐν Λειψίᾳ ἐκδόσεως B. G. Teubner,Εὐσέβιος Καισαρέως,Eusebius of Caesarea,Ἅπαντα,Complete Works,Τόμ. 4,90,γρ.,
1895,IMG_1318.jpeg,ΚΛΑΣΙΚΟΙ ΕΛΛΗΝΕΣ ΚΑΙ ΛΑΤΙΝΟΙ ΣΥΓΓΡΑΦΕΙΣ,Classical Greek and Latin Authors,Α΄ ΕΛΛΗΝΕΣ - 1) Τῆς ἐν Λειψίᾳ ἐκδόσεως B. G. Teubner,Εὐστάθιος Μακρεμβολίτης,Eustathios Makrembolites,"Τὰ καθ' Ὑσμίνην καὶ Ὑσμινίαν, δρᾶμα","The Story of Hysmine and Hysminias, Play",,,,(ἰδὲ Ἐρωτικοί)
1895,IMG_1318.jpeg,ΚΛΑΣΙΚΟΙ ΕΛΛΗΝΕΣ ΚΑΙ ΛΑΤΙΝΟΙ ΣΥΓΓΡΑΦΕΙΣ,Classical Greek and Latin Authors,Α΄ ΕΛΛΗΝΕΣ - 1) Τῆς ἐν Λειψίᾳ ἐκδόσεως B. G. Teubner,Ζωναρᾶς,Joannes Zonaras,Ἐπιτομὴ ἱστοριῶν,Epitome of Histories,Τόμ. 6,120,γρ.,
1895,IMG_1318.jpeg,ΚΛΑΣΙΚΟΙ ΕΛΛΗΝΕΣ ΚΑΙ ΛΑΤΙΝΟΙ ΣΥΓΓΡΑΦΕΙΣ,Classical Greek and Latin Authors,Α΄ ΕΛΛΗΝΕΣ - 1) Τῆς ἐν Λειψίᾳ ἐκδόσεως B. G. Teubner,Ἡλιόδωρος,Heliodorus,Αἰθιοπικά,Aethiopica,,14,γρ.,
1895,IMG_1318.jpeg,ΚΛΑΣΙΚΟΙ ΕΛΛΗΝΕΣ ΚΑΙ ΛΑΤΙΝΟΙ ΣΥΓΓΡΑΦΕΙΣ,Classical Greek and Latin Authors,Α΄ ΕΛΛΗΝΕΣ - 1) Τῆς ἐν Λειψίᾳ ἐκδόσεως B. G. Teubner,Ἡρόδοτος,Herodotus,Μοῦσαι,Histories (Muses),Τόμ. 2,16,γρ.,
1895,IMG_1318.jpeg,ΚΛΑΣΙΚΟΙ ΕΛΛΗΝΕΣ ΚΑΙ ΛΑΤΙΝΟΙ ΣΥΓΓΡΑΦΕΙΣ,Classical Greek and Latin Authors,Α΄ ΕΛΛΗΝΕΣ - 1) Τῆς ἐν Λειψίᾳ ἐκδόσεως B. G. Teubner,Ἡρωδιανός,Herodian,Ἡρωδιανός,History of the Empire from the Death of Marcus,,7.20,γρ.,
1895,IMG_1318.jpeg,ΚΛΑΣΙΚΟΙ ΕΛΛΗΝΕΣ ΚΑΙ ΛΑΤΙΝΟΙ ΣΥΓΓΡΑΦΕΙΣ,Classical Greek and Latin Authors,Α΄ ΕΛΛΗΝΕΣ - 1) Τῆς ἐν Λειψίᾳ ἐκδόσεως B. G. Teubner,Ἡσίοδος,Hesiod,Ἡσίοδος,Works,,3,γρ.,
1895,IMG_1318.jpeg,ΚΛΑΣΙΚΟΙ ΕΛΛΗΝΕΣ ΚΑΙ ΛΑΤΙΝΟΙ ΣΥΓΓΡΑΦΕΙΣ,Classical Greek and Latin Authors,Α΄ ΕΛΛΗΝΕΣ - 1) Τῆς ἐν Λειψίᾳ ἐκδόσεως B. G. Teubner,Θεόδωρος Πρόδρομος,Theodorus Prodromus,Τῶν κατὰ Ῥοδάνθην καὶ Δοσικλέα Λόγοι Θ΄,"The Story of Rhodanthe and Dosikles, 9 Books",,,,(ἰδὲ Ἐρωτικοί)
1895,IMG_1318.jpeg,ΚΛΑΣΙΚΟΙ ΕΛΛΗΝΕΣ ΚΑΙ ΛΑΤΙΝΟΙ ΣΥΓΓΡΑΦΕΙΣ,Classical Greek and Latin Authors,Α΄ ΕΛΛΗΝΕΣ - 1) Τῆς ἐν Λειψίᾳ ἐκδόσεως B. G. Teubner,Θεόκριτος,Theocritus,Εἰδύλλια,Idylls,,,,(ἰδὲ Βουκολικοί)
1895,IMG_1318.jpeg,ΚΛΑΣΙΚΟΙ ΕΛΛΗΝΕΣ ΚΑΙ ΛΑΤΙΝΟΙ ΣΥΓΓΡΑΦΕΙΣ,Classical Greek and Latin Authors,Α΄ ΕΛΛΗΝΕΣ - 1) Τῆς ἐν Λειψίᾳ ἐκδόσεως B. G. Teubner,Θεμίστιος,Themistius,Θεμίστιος,Orations / Works,Τόμ. 2,40,γρ.,
1895,IMG_1318.jpeg,ΚΛΑΣΙΚΟΙ ΕΛΛΗΝΕΣ ΚΑΙ ΛΑΤΙΝΟΙ ΣΥΓΓΡΑΦΕΙΣ,Classical Greek and Latin Authors,Α΄ ΕΛΛΗΝΕΣ - 1) Τῆς ἐν Λειψίᾳ ἐκδόσεως B. G. Teubner,Θεόφραστος,Theophrastus,Τὰ σῳζόμενα,Extant Works,Τόμοι 3,40,γρ.,
1895,IMG_1319.jpeg,ΚΛΑΣΙΚΟΙ ΕΛΛΗΝΕΣ ΚΑΙ ΛΑΤΙΝΟΙ ΣΥΓΓΡΑΦΕΙΣ,Classical Greek and Latin Authors,Α΄ ΕΛΛΗΝΕΣ - 1) Τῆς ἐν Λειψίᾳ ἐκδόσεως B. G. Teubner,Θεόφραστος,Theophrastus,Χαρακτῆρες,Characters,,7,γρ.,
1895,IMG_1319.jpeg,ΚΛΑΣΙΚΟΙ ΕΛΛΗΝΕΣ ΚΑΙ ΛΑΤΙΝΟΙ ΣΥΓΓΡΑΦΕΙΣ,Classical Greek and Latin Authors,Α΄ ΕΛΛΗΝΕΣ - 1) Τῆς ἐν Λειψίᾳ ἐκδόσεως B. G. Teubner,Θέων Σμυρναῖος,Theon of Smyrna,Θέων Σμυρναῖος,Theon of Smyrna,,20,γρ.,
1895,IMG_1319.jpeg,ΚΛΑΣΙΚΟΙ ΕΛΛΗΝΕΣ ΚΑΙ ΛΑΤΙΝΟΙ ΣΥΓΓΡΑΦΕΙΣ,Classical Greek and Latin Authors,Α΄ ΕΛΛΗΝΕΣ - 1) Τῆς ἐν Λειψίᾳ ἐκδόσεως B. G. Teubner,Θουκυδίδης,Thucydides,Θουκυδίδης,Thucydides,Τόμ. 2,14,γρ.,
1895,IMG_1319.jpeg,ΚΛΑΣΙΚΟΙ ΕΛΛΗΝΕΣ ΚΑΙ ΛΑΤΙΝΟΙ ΣΥΓΓΡΑΦΕΙΣ,Classical Greek and Latin Authors,Α΄ ΕΛΛΗΝΕΣ - 1) Τῆς ἐν Λειψίᾳ ἐκδόσεως B. G. Teubner,Ἰάμβλιχος,Iamblichus,Δραματικόν (ἰδὲ Ἐρωτικοί),Dramatic Work (see Erotici),,,,ἰδὲ Ἐρωτικοί
1895,IMG_1319.jpeg,ΚΛΑΣΙΚΟΙ ΕΛΛΗΝΕΣ ΚΑΙ ΛΑΤΙΝΟΙ ΣΥΓΓΡΑΦΕΙΣ,Classical Greek and Latin Authors,Α΄ ΕΛΛΗΝΕΣ - 1) Τῆς ἐν Λειψίᾳ ἐκδόσεως B. G. Teubner,Ἰσαῖος,Isaeus,Τὰ σῳζόμενα,Extant Speeches,,7,γρ.,
1895,IMG_1319.jpeg,ΚΛΑΣΙΚΟΙ ΕΛΛΗΝΕΣ ΚΑΙ ΛΑΤΙΝΟΙ ΣΥΓΓΡΑΦΕΙΣ,Classical Greek and Latin Authors,Α΄ ΕΛΛΗΝΕΣ - 1) Τῆς ἐν Λειψίᾳ ἐκδόσεως B. G. Teubner,Ἰσοκράτης,Isocrates,Ἅπαντα,Complete Works,Τόμ. 2,16,γρ.,
1895,IMG_1319.jpeg,ΚΛΑΣΙΚΟΙ ΕΛΛΗΝΕΣ ΚΑΙ ΛΑΤΙΝΟΙ ΣΥΓΓΡΑΦΕΙΣ,Classical Greek and Latin Authors,Α΄ ΕΛΛΗΝΕΣ - 1) Τῆς ἐν Λειψίᾳ ἐκδόσεως B. G. Teubner,Ἱστορικοὶ Συγγραφεῖς Ἐλάσσονες,Minor Historical Writers,Ἱστορικοὶ Συγγραφεῖς Ἐλάσσονες,Minor Historical Writers,Τόμ. 2,50,γρ.,
1895,IMG_1319.jpeg,ΚΛΑΣΙΚΟΙ ΕΛΛΗΝΕΣ ΚΑΙ ΛΑΤΙΝΟΙ ΣΥΓΓΡΑΦΕΙΣ,Classical Greek and Latin Authors,Α΄ ΕΛΛΗΝΕΣ - 1) Τῆς ἐν Λειψίᾳ ἐκδόσεως B. G. Teubner,Κέβης Θηβαῖος,Cebes of Thebes,Πίναξ,Tablet,,4,γρ.,
1895,IMG_1319.jpeg,ΚΛΑΣΙΚΟΙ ΕΛΛΗΝΕΣ ΚΑΙ ΛΑΤΙΝΟΙ ΣΥΓΓΡΑΦΕΙΣ,Classical Greek and Latin Authors,Α΄ ΕΛΛΗΝΕΣ - 1) Τῆς ἐν Λειψίᾳ ἐκδόσεως B. G. Teubner,Κορνοῦτος,Cornutus,Κορνοῦτος,Cornutus,,10,γρ.,
1895,IMG_1319.jpeg,ΚΛΑΣΙΚΟΙ ΕΛΛΗΝΕΣ ΚΑΙ ΛΑΤΙΝΟΙ ΣΥΓΓΡΑΦΕΙΣ,Classical Greek and Latin Authors,Α΄ ΕΛΛΗΝΕΣ - 1) Τῆς ἐν Λειψίᾳ ἐκδόσεως B. G. Teubner,Κωνσταντῖνος Μανασσῆς,Constantine Manasses,Τῶν κατὰ Ἀρίστανδρον καὶ Καλλιθέαν Λόγοι Θ΄ (ἰδὲ Ἐρωτικοί),On Aristandros and Callithea 9 Books (see Erotici),,,,ἰδὲ Ἐρωτικοί
1895,IMG_1319.jpeg,ΚΛΑΣΙΚΟΙ ΕΛΛΗΝΕΣ ΚΑΙ ΛΑΤΙΝΟΙ ΣΥΓΓΡΑΦΕΙΣ,Classical Greek and Latin Authors,Α΄ ΕΛΛΗΝΕΣ - 1) Τῆς ἐν Λειψίᾳ ἐκδόσεως B. G. Teubner,Λόγγος,Longus,Τὰ κατὰ Δάφνιν καὶ Χλόην (ἰδὲ Ἐρωτικοί),Daphnis and Chloe (see Erotici),,,,ἰδὲ Ἐρωτικοί
1895,IMG_1319.jpeg,ΚΛΑΣΙΚΟΙ ΕΛΛΗΝΕΣ ΚΑΙ ΛΑΤΙΝΟΙ ΣΥΓΓΡΑΦΕΙΣ,Classical Greek and Latin Authors,Α΄ ΕΛΛΗΝΕΣ - 1) Τῆς ἐν Λειψίᾳ ἐκδόσεως B. G. Teubner,Λουκιανός,Lucian,Ἅπαντα,Complete Works,Τόμ. 3,37,γρ.,παρ. 20
1895,IMG_1319.jpeg,ΚΛΑΣΙΚΟΙ ΕΛΛΗΝΕΣ ΚΑΙ ΛΑΤΙΝΟΙ ΣΥΓΓΡΑΦΕΙΣ,Classical Greek and Latin Authors,Α΄ ΕΛΛΗΝΕΣ - 1) Τῆς ἐν Λειψίᾳ ἐκδόσεως B. G. Teubner,Λυδὸς Λαυρέντιος,John Lydus,Περὶ Διοσημειῶν,On Omens,,18,γρ.,
1895,IMG_1319.jpeg,ΚΛΑΣΙΚΟΙ ΕΛΛΗΝΕΣ ΚΑΙ ΛΑΤΙΝΟΙ ΣΥΓΓΡΑΦΕΙΣ,Classical Greek and Latin Authors,Α΄ ΕΛΛΗΝΕΣ - 1) Τῆς ἐν Λειψίᾳ ἐκδόσεως B. G. Teubner,Λυκοῦργος,Lycurgus,Λόγος κατὰ Λεωκράτους,Speech Against Leocrates,,3,γρ.,παρ. 20
1895,IMG_1319.jpeg,ΚΛΑΣΙΚΟΙ ΕΛΛΗΝΕΣ ΚΑΙ ΛΑΤΙΝΟΙ ΣΥΓΓΡΑΦΕΙΣ,Classical Greek and Latin Authors,Α΄ ΕΛΛΗΝΕΣ - 1) Τῆς ἐν Λειψίᾳ ἐκδόσεως B. G. Teubner,Λυσίας,Lysias,Λόγοι,Speeches,,7,γρ.,παρ. 20
1895,IMG_1319.jpeg,ΚΛΑΣΙΚΟΙ ΕΛΛΗΝΕΣ ΚΑΙ ΛΑΤΙΝΟΙ ΣΥΓΓΡΑΦΕΙΣ,Classical Greek and Latin Authors,Α΄ ΕΛΛΗΝΕΣ - 1) Τῆς ἐν Λειψίᾳ ἐκδόσεως B. G. Teubner,"Μανέθων, Δωρόθεος καὶ Ἀννουβίων","Manetho, Dorotheus and Annubio",Ἀποτελεσματικά. Δωροθέου καὶ Ἀννουβίωνος Ἀστρολογικά,Apotelesmatika. Astrological Works of Dorotheus and Annubio,,9,γρ.,
1895,IMG_1319.jpeg,ΚΛΑΣΙΚΟΙ ΕΛΛΗΝΕΣ ΚΑΙ ΛΑΤΙΝΟΙ ΣΥΓΓΡΑΦΕΙΣ,Classical Greek and Latin Authors,Α΄ ΕΛΛΗΝΕΣ - 1) Τῆς ἐν Λειψίᾳ ἐκδόσεως B. G. Teubner,Μάξιμος καὶ Ἄμμων,Maximus and Ammon,Μάξιμος καὶ Ἄμμων,Maximus and Ammon,,12,γρ.,
1895,IMG_1319.jpeg,ΚΛΑΣΙΚΟΙ ΕΛΛΗΝΕΣ ΚΑΙ ΛΑΤΙΝΟΙ ΣΥΓΓΡΑΦΕΙΣ,Classical Greek and Latin Authors,Α΄ ΕΛΛΗΝΕΣ - 1) Τῆς ἐν Λειψίᾳ ἐκδόσεως B. G. Teubner,Μάρκος Ἀντωνῖνος,Marcus Aurelius Antoninus,Τὰ εἰς ἑαυτόν,Meditations,,12,γρ.,
1895,IMG_1319.jpeg,ΚΛΑΣΙΚΟΙ ΕΛΛΗΝΕΣ ΚΑΙ ΛΑΤΙΝΟΙ ΣΥΓΓΡΑΦΕΙΣ,Classical Greek and Latin Authors,Α΄ ΕΛΛΗΝΕΣ - 1) Τῆς ἐν Λειψίᾳ ἐκδόσεως B. G. Teubner,Μετρολογικοὶ Συγγραφεῖς,Metrological Writers,Μετρολογικοὶ Συγγραφεῖς,Metrological Writers,Τόμ. 2,32,γρ.,
1895,IMG_1319.jpeg,ΚΛΑΣΙΚΟΙ ΕΛΛΗΝΕΣ ΚΑΙ ΛΑΤΙΝΟΙ ΣΥΓΓΡΑΦΕΙΣ,Classical Greek and Latin Authors,Α΄ ΕΛΛΗΝΕΣ - 1) Τῆς ἐν Λειψίᾳ ἐκδόσεως B. G. Teubner,Μόσχος,Moschus,Εἰδύλλια (ἰδὲ Βουκολικοί),Idylls (see Bucolici),,,,ἰδὲ Βουκολικοί
1895,IMG_1319.jpeg,ΚΛΑΣΙΚΟΙ ΕΛΛΗΝΕΣ ΚΑΙ ΛΑΤΙΝΟΙ ΣΥΓΓΡΑΦΕΙΣ,Classical Greek and Latin Authors,Α΄ ΕΛΛΗΝΕΣ - 1) Τῆς ἐν Λειψίᾳ ἐκδόσεως B. G. Teubner,Νικήτας Εὐγενειανός,Nicetas Eugenianus,Τῶν κατὰ Δροσίλλαν καὶ Χαρικλέα Λόγοι Θ΄ (ἰδὲ Ἐρωτικοί),Drosilla and Charicles 9 Books (see Erotici),,,,ἰδὲ Ἐρωτικοί
1895,IMG_1319.jpeg,ΚΛΑΣΙΚΟΙ ΕΛΛΗΝΕΣ ΚΑΙ ΛΑΤΙΝΟΙ ΣΥΓΓΡΑΦΕΙΣ,Classical Greek and Latin Authors,Α΄ ΕΛΛΗΝΕΣ - 1) Τῆς ἐν Λειψίᾳ ἐκδόσεως B. G. Teubner,Νικόμαχος,Nicomachus,Νικόμαχος,Nicomachus,,12,γρ.,
1895,IMG_1319.jpeg,ΚΛΑΣΙΚΟΙ ΕΛΛΗΝΕΣ ΚΑΙ ΛΑΤΙΝΟΙ ΣΥΓΓΡΑΦΕΙΣ,Classical Greek and Latin Authors,Α΄ ΕΛΛΗΝΕΣ - 1) Τῆς ἐν Λειψίᾳ ἐκδόσεως B. G. Teubner,Νόννος Πανοπολίτης,Nonnus of Panopolis,Διονυσιακά,Dionysiaca,Τόμοι 2,54,γρ.,
1895,IMG_1319.jpeg,ΚΛΑΣΙΚΟΙ ΕΛΛΗΝΕΣ ΚΑΙ ΛΑΤΙΝΟΙ ΣΥΓΓΡΑΦΕΙΣ,Classical Greek and Latin Authors,Α΄ ΕΛΛΗΝΕΣ - 1) Τῆς ἐν Λειψίᾳ ἐκδόσεως B. G. Teubner,Ξενοφῶν,Xenophon,Κύρου Ἀνάβασις,Anabasis,,4,γρ.,παρ. 20
1895,IMG_1319.jpeg,ΚΛΑΣΙΚΟΙ ΕΛΛΗΝΕΣ ΚΑΙ ΛΑΤΙΝΟΙ ΣΥΓΓΡΑΦΕΙΣ,Classical Greek and Latin Authors,Α΄ ΕΛΛΗΝΕΣ - 1) Τῆς ἐν Λειψίᾳ ἐκδόσεως B. G. Teubner,Ξενοφῶν,Xenophon,Παιδεία,Cyropaedia,,5,γρ.,παρ. 20
1895,IMG_1319.jpeg,ΚΛΑΣΙΚΟΙ ΕΛΛΗΝΕΣ ΚΑΙ ΛΑΤΙΝΟΙ ΣΥΓΓΡΑΦΕΙΣ,Classical Greek and Latin Authors,Α΄ ΕΛΛΗΝΕΣ - 1) Τῆς ἐν Λειψίᾳ ἐκδόσεως B. G. Teubner,Ξενοφῶν,Xenophon,Ἑλληνικά,Hellenica,,5,γρ.,παρ. 20
1895,IMG_1319.jpeg,ΚΛΑΣΙΚΟΙ ΕΛΛΗΝΕΣ ΚΑΙ ΛΑΤΙΝΟΙ ΣΥΓΓΡΑΦΕΙΣ,Classical Greek and Latin Authors,Α΄ ΕΛΛΗΝΕΣ - 1) Τῆς ἐν Λειψίᾳ ἐκδόσεως B. G. Teubner,Ξενοφῶν,Xenophon,Ἀπομνημονεύματα,Memorabilia,,3,γρ.,
1895,IMG_1319.jpeg,ΚΛΑΣΙΚΟΙ ΕΛΛΗΝΕΣ ΚΑΙ ΛΑΤΙΝΟΙ ΣΥΓΓΡΑΦΕΙΣ,Classical Greek and Latin Authors,Α΄ ΕΛΛΗΝΕΣ - 1) Τῆς ἐν Λειψίᾳ ἐκδόσεως B. G. Teubner,Ξενοφῶν,Xenophon,Οἰκονομικὸς κτλ.,Oeconomicus etc.,,5,γρ.,παρ. 20
1895,IMG_1319.jpeg,ΚΛΑΣΙΚΟΙ ΕΛΛΗΝΕΣ ΚΑΙ ΛΑΤΙΝΟΙ ΣΥΓΓΡΑΦΕΙΣ,Classical Greek and Latin Authors,Α΄ ΕΛΛΗΝΕΣ - 1) Τῆς ἐν Λειψίᾳ ἐκδόσεως B. G. Teubner,Ξενοφῶν Ἐφέσιος,Xenophon of Ephesus,Τὰ κατὰ Ἀνθίαν καὶ Ἁβροκόμην (ἰδὲ Ἐρωτικοί),Ephesian Tale / Anthia and Habrocomes (see Erotici),,,,ἰδὲ Ἐρωτικοί
1895,IMG_1319.jpeg,ΚΛΑΣΙΚΟΙ ΕΛΛΗΝΕΣ ΚΑΙ ΛΑΤΙΝΟΙ ΣΥΓΓΡΑΦΕΙΣ,Classical Greek and Latin Authors,Α΄ ΕΛΛΗΝΕΣ - 1) Τῆς ἐν Λειψίᾳ ἐκδόσεως B. G. Teubner,Ὅμηρος,Homer,Ἰλιάς,Iliad,Τόμ. 2,9,γρ.,
1895,IMG_1319.jpeg,ΚΛΑΣΙΚΟΙ ΕΛΛΗΝΕΣ ΚΑΙ ΛΑΤΙΝΟΙ ΣΥΓΓΡΑΦΕΙΣ,Classical Greek and Latin Authors,Α΄ ΕΛΛΗΝΕΣ - 1) Τῆς ἐν Λειψίᾳ ἐκδόσεως B. G. Teubner,Ὅμηρος,Homer,Ὀδύσσεια,Odyssey,Τόμ. 2,9,γρ.,
1895,IMG_1319.jpeg,ΚΛΑΣΙΚΟΙ ΕΛΛΗΝΕΣ ΚΑΙ ΛΑΤΙΝΟΙ ΣΥΓΓΡΑΦΕΙΣ,Classical Greek and Latin Authors,Α΄ ΕΛΛΗΝΕΣ - 1) Τῆς ἐν Λειψίᾳ ἐκδόσεως B. G. Teubner,Ὅμηρος,Homer,Ὕμνοι καὶ Βατραχομυομαχία,Hymns and Batrachomyomachia,,5,γρ.,
1895,IMG_1319.jpeg,ΚΛΑΣΙΚΟΙ ΕΛΛΗΝΕΣ ΚΑΙ ΛΑΤΙΝΟΙ ΣΥΓΓΡΑΦΕΙΣ,Classical Greek and Latin Authors,Α΄ ΕΛΛΗΝΕΣ - 1) Τῆς ἐν Λειψίᾳ ἐκδόσεως B. G. Teubner,Παρθένιος Νικαέως,Parthenius of Nicaea,Περὶ ἐρωτικῶν παθημάτων (ἰδὲ Ἐρωτικοί),Love Romances (see Erotici),,,,ἰδὲ Ἐρωτικοί
1895,IMG_1319.jpeg,ΚΛΑΣΙΚΟΙ ΕΛΛΗΝΕΣ ΚΑΙ ΛΑΤΙΝΟΙ ΣΥΓΓΡΑΦΕΙΣ,Classical Greek and Latin Authors,Α΄ ΕΛΛΗΝΕΣ - 1) Τῆς ἐν Λειψίᾳ ἐκδόσεως B. G. Teubner,Παυσανίας,Pausanias,Περιήγησις τῆς Ἑλλάδος,Description of Greece,Τόμ. 2,22,γρ.,
1895,IMG_1320.jpeg,ΚΛΑΣΙΚΟΙ ΕΛΛΗΝΕΣ ΚΑΙ ΛΑΤΙΝΟΙ ΣΥΓΓΡΑΦΕΙΣ,Classical Greek and Latin Authors,Α΄ ΕΛΛΗΝΕΣ - 1) Τῆς ἐν Λειψίᾳ ἐκδόσεως B. G. Teubner,Πίνδαρος,Pindar,Πίνδαρος,Pindar (Works),,6,γρ.,
1895,IMG_1320.jpeg,ΚΛΑΣΙΚΟΙ ΕΛΛΗΝΕΣ ΚΑΙ ΛΑΤΙΝΟΙ ΣΥΓΓΡΑΦΕΙΣ,Classical Greek and Latin Authors,Α΄ ΕΛΛΗΝΕΣ - 1) Τῆς ἐν Λειψίᾳ ἐκδόσεως B. G. Teubner,Πλάτων,Plato,Διάλογοι. Τόμ. 6,"Dialogues, 6 Vols.",Τόμ. 6,63,γρ.,Complete set price
1895,IMG_1320.jpeg,ΚΛΑΣΙΚΟΙ ΕΛΛΗΝΕΣ ΚΑΙ ΛΑΤΙΝΟΙ ΣΥΓΓΡΑΦΕΙΣ,Classical Greek and Latin Authors,Α΄ ΕΛΛΗΝΕΣ - 1) Τῆς ἐν Λειψίᾳ ἐκδόσεως B. G. Teubner,Πλάτων,Plato,Διάλογοι: Ἀριθ. 1. Εὐθύφρων. Ἀπολογία Σωκράτους. Κρίτων. Φαίδων,"Dialogues: No. 1. Euthyphro, Apology of Socrates, Crito, Phaedo",,4.20,γρ.,
1895,IMG_1320.jpeg,ΚΛΑΣΙΚΟΙ ΕΛΛΗΝΕΣ ΚΑΙ ΛΑΤΙΝΟΙ ΣΥΓΓΡΑΦΕΙΣ,Classical Greek and Latin Authors,Α΄ ΕΛΛΗΝΕΣ - 1) Τῆς ἐν Λειψίᾳ ἐκδόσεως B. G. Teubner,Πλάτων,Plato,"Διάλογοι: Ἀριθ. 2. Κρατύλος, Θεαίτητος","Dialogues: No. 2. Cratylus, Theaetetus",,5.20,γρ.,
1895,IMG_1320.jpeg,ΚΛΑΣΙΚΟΙ ΕΛΛΗΝΕΣ ΚΑΙ ΛΑΤΙΝΟΙ ΣΥΓΓΡΑΦΕΙΣ,Classical Greek and Latin Authors,Α΄ ΕΛΛΗΝΕΣ - 1) Τῆς ἐν Λειψίᾳ ἐκδόσεως B. G. Teubner,Πλάτων,Plato,Διάλογοι: Ἀριθ. 3. Σοφιστής. Πολιτικός,"Dialogues: No. 3. Sophist, Statesman",,5.20,γρ.,
1895,IMG_1320.jpeg,ΚΛΑΣΙΚΟΙ ΕΛΛΗΝΕΣ ΚΑΙ ΛΑΤΙΝΟΙ ΣΥΓΓΡΑΦΕΙΣ,Classical Greek and Latin Authors,Α΄ ΕΛΛΗΝΕΣ - 1) Τῆς ἐν Λειψίᾳ ἐκδόσεως B. G. Teubner,Πλάτων,Plato,Διάλογοι: Ἀριθ. 4. Παρμενίδης. Φίληβος,"Dialogues: No. 4. Parmenides, Philebus",,4.20,γρ.,
1895,IMG_1320.jpeg,ΚΛΑΣΙΚΟΙ ΕΛΛΗΝΕΣ ΚΑΙ ΛΑΤΙΝΟΙ ΣΥΓΓΡΑΦΕΙΣ,Classical Greek and Latin Authors,Α΄ ΕΛΛΗΝΕΣ - 1) Τῆς ἐν Λειψίᾳ ἐκδόσεως B. G. Teubner,Πλάτων,Plato,Διάλογοι: Ἀριθ. 5. Συμπόσιον. Φαῖδρος,"Dialogues: No. 5. Symposium, Phaedrus",,3.20,γρ.,
1895,IMG_1320.jpeg,ΚΛΑΣΙΚΟΙ ΕΛΛΗΝΕΣ ΚΑΙ ΛΑΤΙΝΟΙ ΣΥΓΓΡΑΦΕΙΣ,Classical Greek and Latin Authors,Α΄ ΕΛΛΗΝΕΣ - 1) Τῆς ἐν Λειψίᾳ ἐκδόσεως B. G. Teubner,Πλάτων,Plato,Διάλογοι: Ἀριθ. 6. Ἀλκιβιάδης Α΄ καὶ Β΄. Ἱππίας. Ἐρασταί. Θεάγης,"Dialogues: No. 6. First and Second Alcibiades, Hippias, Lovers, Theages",,3.20,γρ.,
1895,IMG_1320.jpeg,ΚΛΑΣΙΚΟΙ ΕΛΛΗΝΕΣ ΚΑΙ ΛΑΤΙΝΟΙ ΣΥΓΓΡΑΦΕΙΣ,Classical Greek and Latin Authors,Α΄ ΕΛΛΗΝΕΣ - 1) Τῆς ἐν Λειψίᾳ ἐκδόσεως B. G. Teubner,Πλάτων,Plato,Διάλογοι: Ἀριθ. 7. Χαρμίδης. Λάχης. Λῦσις,"Dialogues: No. 7. Charmides, Laches, Lysis",,3.20,γρ.,
1895,IMG_1320.jpeg,ΚΛΑΣΙΚΟΙ ΕΛΛΗΝΕΣ ΚΑΙ ΛΑΤΙΝΟΙ ΣΥΓΓΡΑΦΕΙΣ,Classical Greek and Latin Authors,Α΄ ΕΛΛΗΝΕΣ - 1) Τῆς ἐν Λειψίᾳ ἐκδόσεως B. G. Teubner,Πλάτων,Plato,Διάλογοι: Ἀριθ. 8. Εὐθύδημος. Πρωταγόρας,"Dialogues: No. 8. Euthydemus, Protagoras",,3.20,γρ.,
1895,IMG_1320.jpeg,ΚΛΑΣΙΚΟΙ ΕΛΛΗΝΕΣ ΚΑΙ ΛΑΤΙΝΟΙ ΣΥΓΓΡΑΦΕΙΣ,Classical Greek and Latin Authors,Α΄ ΕΛΛΗΝΕΣ - 1) Τῆς ἐν Λειψίᾳ ἐκδόσεως B. G. Teubner,Πλάτων,Plato,Διάλογοι: Ἀριθ. 9. Γοργίας. Μένων,"Dialogues: No. 9. Gorgias, Meno",,5.20,γρ.,
1895,IMG_1320.jpeg,ΚΛΑΣΙΚΟΙ ΕΛΛΗΝΕΣ ΚΑΙ ΛΑΤΙΝΟΙ ΣΥΓΓΡΑΦΕΙΣ,Classical Greek and Latin Authors,Α΄ ΕΛΛΗΝΕΣ - 1) Τῆς ἐν Λειψίᾳ ἐκδόσεως B. G. Teubner,Πλάτων,Plato,Διάλογοι: Ἀριθ. 10. Ἱππίας Α΄ καὶ Β΄. Μενέξενος. Κλειτοφῶν,"Dialogues: No. 10. Greater and Lesser Hippias, Menexenus, Clitophon",,3.20,γρ.,
1895,IMG_1320.jpeg,ΚΛΑΣΙΚΟΙ ΕΛΛΗΝΕΣ ΚΑΙ ΛΑΤΙΝΟΙ ΣΥΓΓΡΑΦΕΙΣ,Classical Greek and Latin Authors,Α΄ ΕΛΛΗΝΕΣ - 1) Τῆς ἐν Λειψίᾳ ἐκδόσεως B. G. Teubner,Πλάτων,Plato,Διάλογοι: Ἀριθ. 11. Πολιτεία,Dialogues: No. 11. Republic,,9,γρ.,
1895,IMG_1320.jpeg,ΚΛΑΣΙΚΟΙ ΕΛΛΗΝΕΣ ΚΑΙ ΛΑΤΙΝΟΙ ΣΥΓΓΡΑΦΕΙΣ,Classical Greek and Latin Authors,Α΄ ΕΛΛΗΝΕΣ - 1) Τῆς ἐν Λειψίᾳ ἐκδόσεως B. G. Teubner,Πλάτων,Plato,Διάλογοι: Ἀριθ. 12. Τίμαιος. Κριτίας. Μίνως,"Dialogues: No. 12. Timaeus, Critias, Minos",,4.20,γρ.,
1895,IMG_1320.jpeg,ΚΛΑΣΙΚΟΙ ΕΛΛΗΝΕΣ ΚΑΙ ΛΑΤΙΝΟΙ ΣΥΓΓΡΑΦΕΙΣ,Classical Greek and Latin Authors,Α΄ ΕΛΛΗΝΕΣ - 1) Τῆς ἐν Λειψίᾳ ἐκδόσεως B. G. Teubner,Πλάτων,Plato,Διάλογοι: Ἀριθ. 13. Νόμοι. Ἐπινομίς,"Dialogues: No. 13. Laws, Epinomis",,9,γρ.,
1895,IMG_1320.jpeg,ΚΛΑΣΙΚΟΙ ΕΛΛΗΝΕΣ ΚΑΙ ΛΑΤΙΝΟΙ ΣΥΓΓΡΑΦΕΙΣ,Classical Greek and Latin Authors,Α΄ ΕΛΛΗΝΕΣ - 1) Τῆς ἐν Λειψίᾳ ἐκδόσεως B. G. Teubner,Πλάτων,Plato,Διάλογοι: Ἀριθ. 14. Ἐπιστολαὶ καὶ Διάλογοι νόθοι,Dialogues: No. 14. Epistles and Spurious Dialogues,,7,γρ.,
1895,IMG_1320.jpeg,ΚΛΑΣΙΚΟΙ ΕΛΛΗΝΕΣ ΚΑΙ ΛΑΤΙΝΟΙ ΣΥΓΓΡΑΦΕΙΣ,Classical Greek and Latin Authors,Α΄ ΕΛΛΗΝΕΣ - 1) Τῆς ἐν Λειψίᾳ ἐκδόσεως B. G. Teubner,Πλάτων,Plato,"Διάλογοι: Ἀριθ. 15. Προσθήκη Πλατωνική· ἤτοι Εἰσαγωγαί, Βιογραφίαι ἀρχαῖαι, Σχόλια Τιμαίου καὶ Γλωσσαρίων Πίναξ","Dialogues: No. 15. Platonic Appendix; namely Introductions, Ancient Biographies, Scholia on Timaeus and Index of Glossaries",,9,γρ.,
1895,IMG_1320.jpeg,ΚΛΑΣΙΚΟΙ ΕΛΛΗΝΕΣ ΚΑΙ ΛΑΤΙΝΟΙ ΣΥΓΓΡΑΦΕΙΣ,Classical Greek and Latin Authors,Α΄ ΕΛΛΗΝΕΣ - 1) Τῆς ἐν Λειψίᾳ ἐκδόσεως B. G. Teubner,Πλούταρχος,Plutarch,Βίοι Παράλληλοι. Τόμ. 5,"Parallel Lives, 5 Vols.",Τόμ. 5,50,γρ.,Complete set price
1895,IMG_1320.jpeg,ΚΛΑΣΙΚΟΙ ΕΛΛΗΝΕΣ ΚΑΙ ΛΑΤΙΝΟΙ ΣΥΓΓΡΑΦΕΙΣ,Classical Greek and Latin Authors,Α΄ ΕΛΛΗΝΕΣ - 1) Τῆς ἐν Λειψίᾳ ἐκδόσεως B. G. Teubner,Πλούταρχος,Plutarch,Βίοι Παράλληλοι: Ἀριθ. 1. Θησεὺς καὶ Ῥωμύλος. Λυκοῦργος καὶ Νουμᾶς. Σόλων καὶ Ποπλικόλας,"Parallel Lives: No. 1. Theseus and Romulus, Lycurgus and Numa, Solon and Publicola",,5.20,γρ.,
1895,IMG_1320.jpeg,ΚΛΑΣΙΚΟΙ ΕΛΛΗΝΕΣ ΚΑΙ ΛΑΤΙΝΟΙ ΣΥΓΓΡΑΦΕΙΣ,Classical Greek and Latin Authors,Α΄ ΕΛΛΗΝΕΣ - 1) Τῆς ἐν Λειψίᾳ ἐκδόσεως B. G. Teubner,Πλούταρχος,Plutarch,Βίοι Παράλληλοι: Ἀριθ. 2. Θεμιστοκλῆς καὶ Κάμιλλος. Περικλῆς καὶ Φάβιος Μάξιμος. Ἀλκιβιάδης καὶ Κοριολανός,"Parallel Lives: No. 2. Themistocles and Camillus, Pericles and Fabius Maximus, Alcibiades and Coriolanus",,5.20,γρ.,
1895,IMG_1320.jpeg,ΚΛΑΣΙΚΟΙ ΕΛΛΗΝΕΣ ΚΑΙ ΛΑΤΙΝΟΙ ΣΥΓΓΡΑΦΕΙΣ,Classical Greek and Latin Authors,Α΄ ΕΛΛΗΝΕΣ - 1) Τῆς ἐν Λειψίᾳ ἐκδόσεως B. G. Teubner,Πλούταρχος,Plutarch,Βίοι Παράλληλοι: Ἀριθ. 3. Τιμολέων καὶ Αἰμίλιος Παῦλος. Πελοπίδας καὶ Μάρκελλος,"Parallel Lives: No. 3. Timoleon and Aemilius Paulus, Pelopidas and Marcellus",,5.20,γρ.,
1895,IMG_1320.jpeg,ΚΛΑΣΙΚΟΙ ΕΛΛΗΝΕΣ ΚΑΙ ΛΑΤΙΝΟΙ ΣΥΓΓΡΑΦΕΙΣ,Classical Greek and Latin Authors,Α΄ ΕΛΛΗΝΕΣ - 1) Τῆς ἐν Λειψίᾳ ἐκδόσεως B. G. Teubner,Πλούταρχος,Plutarch,Βίοι Παράλληλοι: Ἀριθ. 4. Ἀριστείδης καὶ Κάτων. Φιλοποίμην καὶ Φλαμινῖνος. Πύρρος καὶ Μάριος,"Parallel Lives: No. 4. Aristides and Cato, Philopoemen and Flamininus, Pyrrhus and Marius",,5.20,γρ.,
1895,IMG_1320.jpeg,ΚΛΑΣΙΚΟΙ ΕΛΛΗΝΕΣ ΚΑΙ ΛΑΤΙΝΟΙ ΣΥΓΓΡΑΦΕΙΣ,Classical Greek and Latin Authors,Α΄ ΕΛΛΗΝΕΣ - 1) Τῆς ἐν Λειψίᾳ ἐκδόσεως B. G. Teubner,Πλούταρχος,Plutarch,Βίοι Παράλληλοι: Ἀριθ. 5. Λύσανδρος καὶ Σύλλας. Κίμων καὶ Λούκουλλος,"Parallel Lives: No. 5. Lysander and Sulla, Cimon and Lucullus",,5.20,γρ.,
1895,IMG_1320.jpeg,ΚΛΑΣΙΚΟΙ ΕΛΛΗΝΕΣ ΚΑΙ ΛΑΤΙΝΟΙ ΣΥΓΓΡΑΦΕΙΣ,Classical Greek and Latin Authors,Α΄ ΕΛΛΗΝΕΣ - 1) Τῆς ἐν Λειψίᾳ ἐκδόσεως B. G. Teubner,Πλούταρχος,Plutarch,Βίοι Παράλληλοι: Ἀριθ. 6. Νικίας καὶ Κράσσος. Σερτώριος καὶ Εὐμένης,"Parallel Lives: No. 6. Nicias and Crassus, Sertorius and Eumenes",,4.20,γρ.,
1895,IMG_1320.jpeg,ΚΛΑΣΙΚΟΙ ΕΛΛΗΝΕΣ ΚΑΙ ΛΑΤΙΝΟΙ ΣΥΓΓΡΑΦΕΙΣ,Classical Greek and Latin Authors,Α΄ ΕΛΛΗΝΕΣ - 1) Τῆς ἐν Λειψίᾳ ἐκδόσεως B. G. Teubner,Πλούταρχος,Plutarch,Βίοι Παράλληλοι: Ἀριθ. 7. Ἀγησίλαος καὶ Πομπήϊος,Parallel Lives: No. 7. Agesilaus and Pompey,,4.20,γρ.,
1895,IMG_1320.jpeg,ΚΛΑΣΙΚΟΙ ΕΛΛΗΝΕΣ ΚΑΙ ΛΑΤΙΝΟΙ ΣΥΓΓΡΑΦΕΙΣ,Classical Greek and Latin Authors,Α΄ ΕΛΛΗΝΕΣ - 1) Τῆς ἐν Λειψίᾳ ἐκδόσεως B. G. Teubner,Πλούταρχος,Plutarch,Βίοι Παράλληλοι: Ἀριθ. 8. Ἀλέξανδρος καὶ Καῖσαρ,Parallel Lives: No. 8. Alexander and Caesar,,4.20,γρ.,
1895,IMG_1320.jpeg,ΚΛΑΣΙΚΟΙ ΕΛΛΗΝΕΣ ΚΑΙ ΛΑΤΙΝΟΙ ΣΥΓΓΡΑΦΕΙΣ,Classical Greek and Latin Authors,Α΄ ΕΛΛΗΝΕΣ - 1) Τῆς ἐν Λειψίᾳ ἐκδόσεως B. G. Teubner,Πλούταρχος,Plutarch,Βίοι Παράλληλοι: Ἀριθ. 9. Φωκίων καὶ Κάτων ὁ νεώτερος,Parallel Lives: No. 9. Phocion and Cato the Younger,,3.20,γρ.,
1895,IMG_1320.jpeg,ΚΛΑΣΙΚΟΙ ΕΛΛΗΝΕΣ ΚΑΙ ΛΑΤΙΝΟΙ ΣΥΓΓΡΑΦΕΙΣ,Classical Greek and Latin Authors,Α΄ ΕΛΛΗΝΕΣ - 1) Τῆς ἐν Λειψίᾳ ἐκδόσεως B. G. Teubner,Πλούταρχος,Plutarch,Βίοι Παράλληλοι: Ἀριθ. 10. Ἄγις καὶ Κλεομένης. Τιβέριος καὶ Γάϊος Γράγχοι,"Parallel Lives: No. 10. Agis and Cleomenes, Tiberius and Gaius Gracchus",,3.20,γρ.,
1895,IMG_1320.jpeg,ΚΛΑΣΙΚΟΙ ΕΛΛΗΝΕΣ ΚΑΙ ΛΑΤΙΝΟΙ ΣΥΓΓΡΑΦΕΙΣ,Classical Greek and Latin Authors,Α΄ ΕΛΛΗΝΕΣ - 1) Τῆς ἐν Λειψίᾳ ἐκδόσεως B. G. Teubner,Πλούταρχος,Plutarch,Βίοι Παράλληλοι: Ἀριθ. 11. Δημοσθένης καὶ Κικέρων,Parallel Lives: No. 11. Demosthenes and Cicero,,3.20,γρ.,
1895,IMG_1320.jpeg,ΚΛΑΣΙΚΟΙ ΕΛΛΗΝΕΣ ΚΑΙ ΛΑΤΙΝΟΙ ΣΥΓΓΡΑΦΕΙΣ,Classical Greek and Latin Authors,Α΄ ΕΛΛΗΝΕΣ - 1) Τῆς ἐν Λειψίᾳ ἐκδόσεως B. G. Teubner,Πλούταρχος,Plutarch,Βίοι Παράλληλοι: Ἀριθ. 12. Δημήτριος καὶ Ἀντώνιος,Parallel Lives: No. 12. Demetrius and Antony,,3.20,γρ.,
1895,IMG_1320.jpeg,ΚΛΑΣΙΚΟΙ ΕΛΛΗΝΕΣ ΚΑΙ ΛΑΤΙΝΟΙ ΣΥΓΓΡΑΦΕΙΣ,Classical Greek and Latin Authors,Α΄ ΕΛΛΗΝΕΣ - 1) Τῆς ἐν Λειψίᾳ ἐκδόσεως B. G. Teubner,Πλούταρχος,Plutarch,Βίοι Παράλληλοι: Ἀριθ. 13. Δίων καὶ Βροῦτος,Parallel Lives: No. 13. Dion and Brutus,,4.20,γρ.,
1895,IMG_1320.jpeg,ΚΛΑΣΙΚΟΙ ΕΛΛΗΝΕΣ ΚΑΙ ΛΑΤΙΝΟΙ ΣΥΓΓΡΑΦΕΙΣ,Classical Greek and Latin Authors,Α΄ ΕΛΛΗΝΕΣ - 1) Τῆς ἐν Λειψίᾳ ἐκδόσεως B. G. Teubner,Πλούταρχος,Plutarch,Βίοι Παράλληλοι: Ἀριθ. 14. Ἀρταξέρξης καὶ Ἄρατος. Γάλβας καὶ Ὄθων,"Parallel Lives: No. 14. Artaxerxes and Aratus, Galba and Otho",,5.20,γρ.,
1895,IMG_1321.jpeg,ΚΛΑΣΙΚΟΙ ΕΛΛΗΝΕΣ ΚΑΙ ΛΑΤΙΝΟΙ ΣΥΓΓΡΑΦΕΙΣ,Classical Greek and Latin Authors,Α΄ ΕΛΛΗΝΕΣ - 1) Τῆς ἐν Λειψίᾳ ἐκδόσεως B. G. Teubner,Πλούταρχος,Plutarch,Ἠθικά,Moralia,Τόμ. 5,90,γρ.,
1895,IMG_1321.jpeg,ΚΛΑΣΙΚΟΙ ΕΛΛΗΝΕΣ ΚΑΙ ΛΑΤΙΝΟΙ ΣΥΓΓΡΑΦΕΙΣ,Classical Greek and Latin Authors,Α΄ ΕΛΛΗΝΕΣ - 1) Τῆς ἐν Λειψίᾳ ἐκδόσεως B. G. Teubner,Πλωτῖνος,Plotinus,Τὰ σῳζόμενα,Extant Works,Τόμ. 2,54,γρ.,
1895,IMG_1321.jpeg,ΚΛΑΣΙΚΟΙ ΕΛΛΗΝΕΣ ΚΑΙ ΛΑΤΙΝΟΙ ΣΥΓΓΡΑΦΕΙΣ,Classical Greek and Latin Authors,Α΄ ΕΛΛΗΝΕΣ - 1) Τῆς ἐν Λειψίᾳ ἐκδόσεως B. G. Teubner,Πολύαινος,Polyaenus,Στρατηγημάτων βιβλία Η΄,"Stratagems, 8 Books",βιβλία Η΄,45,γρ.,
1895,IMG_1321.jpeg,ΚΛΑΣΙΚΟΙ ΕΛΛΗΝΕΣ ΚΑΙ ΛΑΤΙΝΟΙ ΣΥΓΓΡΑΦΕΙΣ,Classical Greek and Latin Authors,Α΄ ΕΛΛΗΝΕΣ - 1) Τῆς ἐν Λειψίᾳ ἐκδόσεως B. G. Teubner,Πολύβιος,Polybius,Ἱστορία,Histories,Τόμ. 4,75,γρ.,
1895,IMG_1321.jpeg,ΚΛΑΣΙΚΟΙ ΕΛΛΗΝΕΣ ΚΑΙ ΛΑΤΙΝΟΙ ΣΥΓΓΡΑΦΕΙΣ,Classical Greek and Latin Authors,Α΄ ΕΛΛΗΝΕΣ - 1) Τῆς ἐν Λειψίᾳ ἐκδόσεως B. G. Teubner,Πορφύριος,Porphyry,Πορφύριος,Works,,18,γρ.,
1895,IMG_1321.jpeg,ΚΛΑΣΙΚΟΙ ΕΛΛΗΝΕΣ ΚΑΙ ΛΑΤΙΝΟΙ ΣΥΓΓΡΑΦΕΙΣ,Classical Greek and Latin Authors,Α΄ ΕΛΛΗΝΕΣ - 1) Τῆς ἐν Λειψίᾳ ἐκδόσεως B. G. Teubner,Πρόκλος,Proclus,Πρόκλος,Works,,50,γρ.,
1895,IMG_1321.jpeg,ΚΛΑΣΙΚΟΙ ΕΛΛΗΝΕΣ ΚΑΙ ΛΑΤΙΝΟΙ ΣΥΓΓΡΑΦΕΙΣ,Classical Greek and Latin Authors,Α΄ ΕΛΛΗΝΕΣ - 1) Τῆς ἐν Λειψίᾳ ἐκδόσεως B. G. Teubner,Ῥήτορες Ἕλληνες,Rhetores Graeci,Ῥήτορες Ἕλληνες,Greek Rhetoricians,Τόμ. 3,50,γρ.,"Includes works by Aristotle, Anaximenes, Dionysius Longinus, Longinus, Apsines, Minucianus, Anonymous, Rufus, Hermogenes, Aphthonius, Theon, Aristides, Alexander, Phoebammon, Tiberius, Herodian, Polybius Sardianus, Zonaeus, Tryphon, Gregory of Corinth, Cocondrius, George Choeroboscus, Demetrius, Menander, Nicholas Sophista."
1895,IMG_1321.jpeg,ΚΛΑΣΙΚΟΙ ΕΛΛΗΝΕΣ ΚΑΙ ΛΑΤΙΝΟΙ ΣΥΓΓΡΑΦΕΙΣ,Classical Greek and Latin Authors,Α΄ ΕΛΛΗΝΕΣ - 1) Τῆς ἐν Λειψίᾳ ἐκδόσεως B. G. Teubner,Σοφοκλῆς,Sophocles,Τραγῳδίαι,Tragedies,,9,γρ.,
1895,IMG_1321.jpeg,ΚΛΑΣΙΚΟΙ ΕΛΛΗΝΕΣ ΚΑΙ ΛΑΤΙΝΟΙ ΣΥΓΓΡΑΦΕΙΣ,Classical Greek and Latin Authors,Α΄ ΕΛΛΗΝΕΣ - 1) Τῆς ἐν Λειψίᾳ ἐκδόσεως B. G. Teubner,Ἰωάννης Στοβαῖος,John Stobaeus,Ἀνθολόγιον,Anthology,Τόμ. 4,58,γρ.,
1895,IMG_1321.jpeg,ΚΛΑΣΙΚΟΙ ΕΛΛΗΝΕΣ ΚΑΙ ΛΑΤΙΝΟΙ ΣΥΓΓΡΑΦΕΙΣ,Classical Greek and Latin Authors,Α΄ ΕΛΛΗΝΕΣ - 1) Τῆς ἐν Λειψίᾳ ἐκδόσεως B. G. Teubner,Ἰωάννης Στοβαῖος,John Stobaeus,Ἐκλογαὶ φυσικαὶ καὶ ἠθικαί,Physical and Moral Selections,Τόμ. 2,36,γρ.,
1895,IMG_1321.jpeg,ΚΛΑΣΙΚΟΙ ΕΛΛΗΝΕΣ ΚΑΙ ΛΑΤΙΝΟΙ ΣΥΓΓΡΑΦΕΙΣ,Classical Greek and Latin Authors,Α΄ ΕΛΛΗΝΕΣ - 1) Τῆς ἐν Λειψίᾳ ἐκδόσεως B. G. Teubner,Στράβων,Strabo,Γεωγραφικά,Geography,Τόμ. 3,36,γρ.,
1895,IMG_1321.jpeg,ΚΛΑΣΙΚΟΙ ΕΛΛΗΝΕΣ ΚΑΙ ΛΑΤΙΝΟΙ ΣΥΓΓΡΑΦΕΙΣ,Classical Greek and Latin Authors,Α΄ ΕΛΛΗΝΕΣ - 1) Τῆς ἐν Λειψίᾳ ἐκδόσεως B. G. Teubner,Συμεὼν Σὴθ,Symeon Seth,Σύνταγμα,Syntagma,,11,γρ.,
1895,IMG_1321.jpeg,ΚΛΑΣΙΚΟΙ ΕΛΛΗΝΕΣ ΚΑΙ ΛΑΤΙΝΟΙ ΣΥΓΓΡΑΦΕΙΣ,Classical Greek and Latin Authors,Α΄ ΕΛΛΗΝΕΣ - 1) Τῆς ἐν Λειψίᾳ ἐκδόσεως B. G. Teubner,Ὑπερείδης,Hyperides,Λόγοι καὶ Ἀποσπάσματα,Speeches and Fragments,,8,γρ.,
1895,IMG_1321.jpeg,ΚΛΑΣΙΚΟΙ ΕΛΛΗΝΕΣ ΚΑΙ ΛΑΤΙΝΟΙ ΣΥΓΓΡΑΦΕΙΣ,Classical Greek and Latin Authors,Α΄ ΕΛΛΗΝΕΣ - 1) Τῆς ἐν Λειψίᾳ ἐκδόσεως B. G. Teubner,Φιλόστρατος,Philostratus,Φιλόστρατος,Works,Τόμ. 2,50,γρ.,
1895,IMG_1321.jpeg,ΚΛΑΣΙΚΟΙ ΕΛΛΗΝΕΣ ΚΑΙ ΛΑΤΙΝΟΙ ΣΥΓΓΡΑΦΕΙΣ,Classical Greek and Latin Authors,Α΄ ΕΛΛΗΝΕΣ - 1) Τῆς ἐν Λειψίᾳ ἐκδόσεως B. G. Teubner,Χαρίτων Ἀφροδισιεύς,Chariton of Aphrodisias,Τὰ κατὰ Χαιρέαν καὶ Καλλιρρόην,Chaereas and Callirhoe,,,,ἰδὲ Ἐρωτικοί (See Erotici)
1895,IMG_1322.jpeg,ΚΛΑΣΙΚΟΙ ΕΛΛΗΝΕΣ ΚΑΙ ΛΑΤΙΝΟΙ ΣΥΓΓΡΑΦΕΙΣ,Classical Greek and Latin Authors,"2) Τῆς ἐν Παρισίοις ἐκδόσεως Hachette, (μετὰ δύο γαλλικῶν μεταφράσεων)",Αἰσχύλου,Aeschylus,"Ἑπτὰ ἐπὶ Θήβας, Materne",Seven Against Thebes (ed. Materne),,8,γρ.,
1895,IMG_1322.jpeg,ΚΛΑΣΙΚΟΙ ΕΛΛΗΝΕΣ ΚΑΙ ΛΑΤΙΝΟΙ ΣΥΓΓΡΑΦΕΙΣ,Classical Greek and Latin Authors,"2) Τῆς ἐν Παρισίοις ἐκδόσεως Hachette, (μετὰ δύο γαλλικῶν μεταφράσεων)",Βασιλείου τοῦ Μεγάλου,Basil the Great,"Παραίνεσις πρὸς τοὺς νέους, Sommer",Exhortation to Young Men (ed. Sommer),,9,γρόσια,
1895,IMG_1322.jpeg,ΚΛΑΣΙΚΟΙ ΕΛΛΗΝΕΣ ΚΑΙ ΛΑΤΙΝΟΙ ΣΥΓΓΡΑΦΕΙΣ,Classical Greek and Latin Authors,"2) Τῆς ἐν Παρισίοις ἐκδόσεως Hachette, (μετὰ δύο γαλλικῶν μεταφράσεων)",Βασιλείου τοῦ Μεγάλου,Basil the Great,"Πρόσεχε σεαυτῷ, Sommer",Attend to Yourself (ed. Sommer),,5,γρ.,
1895,IMG_1322.jpeg,ΚΛΑΣΙΚΟΙ ΕΛΛΗΝΕΣ ΚΑΙ ΛΑΤΙΝΟΙ ΣΥΓΓΡΑΦΕΙΣ,Classical Greek and Latin Authors,"2) Τῆς ἐν Παρισίοις ἐκδόσεως Hachette, (μετὰ δύο γαλλικῶν μεταφράσεων)",Γρηγορίου Ναζιανζηνοῦ,Gregory of Nazianzus,"Ἐγκώμιον ἐπικήδειον πρὸς Καισάριον, Sommer",Funeral Oration for Caesarius (ed. Sommer),,8,γρ.,
1895,IMG_1322.jpeg,ΚΛΑΣΙΚΟΙ ΕΛΛΗΝΕΣ ΚΑΙ ΛΑΤΙΝΟΙ ΣΥΓΓΡΑΦΕΙΣ,Classical Greek and Latin Authors,"2) Τῆς ἐν Παρισίοις ἐκδόσεως Hachette, (μετὰ δύο γαλλικῶν μεταφράσεων)",Γρηγορίου Νύσσης,Gregory of Nyssa,"Ἐπιτάφιος εἰς Μελέτιον, Sommer",Funeral Oration for Meletius (ed. Sommer),,5,γρ.,
1895,IMG_1322.jpeg,ΚΛΑΣΙΚΟΙ ΕΛΛΗΝΕΣ ΚΑΙ ΛΑΤΙΝΟΙ ΣΥΓΓΡΑΦΕΙΣ,Classical Greek and Latin Authors,"2) Τῆς ἐν Παρισίοις ἐκδόσεως Hachette, (μετὰ δύο γαλλικῶν μεταφράσεων)",Γρηγορίου Νύσσης,Gregory of Nyssa,"Ὁμιλία περὶ Μακκαβαίων, Sommer",Homily on the Maccabees (ed. Sommer),,5,γρ.,
1895,IMG_1322.jpeg,ΚΛΑΣΙΚΟΙ ΕΛΛΗΝΕΣ ΚΑΙ ΛΑΤΙΝΟΙ ΣΥΓΓΡΑΦΕΙΣ,Classical Greek and Latin Authors,"2) Τῆς ἐν Παρισίοις ἐκδόσεως Hachette, (μετὰ δύο γαλλικῶν μεταφράσεων)",Δημοσθένους,Demosthenes,"Ὁ πρὸς Λεπτίνην λόγος, Stiévenart",Against Leptines (ed. Stiévenart),,15,γρ.,
1895,IMG_1322.jpeg,ΚΛΑΣΙΚΟΙ ΕΛΛΗΝΕΣ ΚΑΙ ΛΑΤΙΝΟΙ ΣΥΓΓΡΑΦΕΙΣ,Classical Greek and Latin Authors,"2) Τῆς ἐν Παρισίοις ἐκδόσεως Hachette, (μετὰ δύο γαλλικῶν μεταφράσεων)",Δημοσθένους,Demosthenes,"Ὁ κατὰ Κτησιφῶντος ἢ περὶ στεφάνου λόγος, Sommer",Against Ctesiphon or On the Crown (ed. Sommer),,15,γρ.,
1895,IMG_1322.jpeg,ΚΛΑΣΙΚΟΙ ΕΛΛΗΝΕΣ ΚΑΙ ΛΑΤΙΝΟΙ ΣΥΓΓΡΑΦΕΙΣ,Classical Greek and Latin Authors,"2) Τῆς ἐν Παρισίοις ἐκδόσεως Hachette, (μετὰ δύο γαλλικῶν μεταφράσεων)",Διονυσίου Ἁλικαρνασσέως,Dionysius of Halicarnassus,"Ἐπιστολὴ πρὸς Ἀμμαῖον ἡ προτέρα, De Parnajon",First Letter to Ammaeus (ed. De Parnajon),,8,γρ.,
1895,IMG_1322.jpeg,ΚΛΑΣΙΚΟΙ ΕΛΛΗΝΕΣ ΚΑΙ ΛΑΤΙΝΟΙ ΣΥΓΓΡΑΦΕΙΣ,Classical Greek and Latin Authors,"2) Τῆς ἐν Παρισίοις ἐκδόσεως Hachette, (μετὰ δύο γαλλικῶν μεταφράσεων)",Εὐριπίδου,Euripides,"Ἠλέκτρα, Fix",Electra (ed. Fix),,15,γρ.,
1895,IMG_1322.jpeg,ΚΛΑΣΙΚΟΙ ΕΛΛΗΝΕΣ ΚΑΙ ΛΑΤΙΝΟΙ ΣΥΓΓΡΑΦΕΙΣ,Classical Greek and Latin Authors,"2) Τῆς ἐν Παρισίοις ἐκδόσεως Hachette, (μετὰ δύο γαλλικῶν μεταφράσεων)",Εὐριπίδου,Euripides,"Ἑκάβη, Leprévost",Hecuba (ed. Leprévost),,12,γρ.,
1895,IMG_1322.jpeg,ΚΛΑΣΙΚΟΙ ΕΛΛΗΝΕΣ ΚΑΙ ΛΑΤΙΝΟΙ ΣΥΓΓΡΑΦΕΙΣ,Classical Greek and Latin Authors,"2) Τῆς ἐν Παρισίοις ἐκδόσεως Hachette, (μετὰ δύο γαλλικῶν μεταφράσεων)",Εὐριπίδου,Euripides,"Ἱππόλυτος, Fix",Hippolytus (ed. Fix),,15,γρ.,
1895,IMG_1322.jpeg,ΚΛΑΣΙΚΟΙ ΕΛΛΗΝΕΣ ΚΑΙ ΛΑΤΙΝΟΙ ΣΥΓΓΡΑΦΕΙΣ,Classical Greek and Latin Authors,"2) Τῆς ἐν Παρισίοις ἐκδόσεως Hachette, (μετὰ δύο γαλλικῶν μεταφράσεων)",Εὐριπίδου,Euripides,"Ἰφιγένεια ἡ ἐν Αὐλίδι, Fix et Le Bas",Iphigenia in Aulis (ed. Fix and Le Bas),,15,γρ.,
1895,IMG_1322.jpeg,ΚΛΑΣΙΚΟΙ ΕΛΛΗΝΕΣ ΚΑΙ ΛΑΤΙΝΟΙ ΣΥΓΓΡΑΦΕΙΣ,Classical Greek and Latin Authors,"2) Τῆς ἐν Παρισίοις ἐκδόσεως Hachette, (μετὰ δύο γαλλικῶν μεταφράσεων)",Ἰσοκράτους,Isocrates,"Ἀρχίδαμος, Leprévost",Archidamus (ed. Leprévost),,8,γρ.,
1895,IMG_1322.jpeg,ΚΛΑΣΙΚΟΙ ΕΛΛΗΝΕΣ ΚΑΙ ΛΑΤΙΝΟΙ ΣΥΓΓΡΑΦΕΙΣ,Classical Greek and Latin Authors,"2) Τῆς ἐν Παρισίοις ἐκδόσεως Hachette, (μετὰ δύο γαλλικῶν μεταφράσεων)",Ἰσοκράτους,Isocrates,"Πρὸς Εὐαγόραν, Renouard",Evagoras (ed. Renouard),,5,γρ.,
1895,IMG_1322.jpeg,ΚΛΑΣΙΚΟΙ ΕΛΛΗΝΕΣ ΚΑΙ ΛΑΤΙΝΟΙ ΣΥΓΓΡΑΦΕΙΣ,Classical Greek and Latin Authors,"2) Τῆς ἐν Παρισίοις ἐκδόσεως Hachette, (μετὰ δύο γαλλικῶν μεταφράσεων)",Ἰσοκράτους,Isocrates,Πανηγυρικός,Panegyricus,,12,γρ.,
1895,IMG_1322.jpeg,ΚΛΑΣΙΚΟΙ ΕΛΛΗΝΕΣ ΚΑΙ ΛΑΤΙΝΟΙ ΣΥΓΓΡΑΦΕΙΣ,Classical Greek and Latin Authors,"2) Τῆς ἐν Παρισίοις ἐκδόσεως Hachette, (μετὰ δύο γαλλικῶν μεταφράσεων)",Λουκιανοῦ,Lucian,"Νεκρικοὶ Διάλογοι, Leprévost",Dialogues of the Dead (ed. Leprévost),,10,γρ.,
1895,IMG_1322.jpeg,ΚΛΑΣΙΚΟΙ ΕΛΛΗΝΕΣ ΚΑΙ ΛΑΤΙΝΟΙ ΣΥΓΓΡΑΦΕΙΣ,Classical Greek and Latin Authors,"2) Τῆς ἐν Παρισίοις ἐκδόσεως Hachette, (μετὰ δύο γαλλικῶν μεταφράσεων)",Ὁμήρου,Homer,"Ἰλιάς, Leprévost",Iliad (ed. Leprévost),Τόμ. 6,100,γρ.,Ἕκαστος τόμος ἀνὰ τέσσαρας ῥαψῳδίας
1895,IMG_1322.jpeg,ΚΛΑΣΙΚΟΙ ΕΛΛΗΝΕΣ ΚΑΙ ΛΑΤΙΝΟΙ ΣΥΓΓΡΑΦΕΙΣ,Classical Greek and Latin Authors,"2) Τῆς ἐν Παρισίοις ἐκδόσεως Hachette, (μετὰ δύο γαλλικῶν μεταφράσεων)",Πινδάρου,Pindar,"Ἰσθμιονῖκαι, Sommer",Isthmian Odes (ed. Sommer),,15,γρ.,
1895,IMG_1322.jpeg,ΚΛΑΣΙΚΟΙ ΕΛΛΗΝΕΣ ΚΑΙ ΛΑΤΙΝΟΙ ΣΥΓΓΡΑΦΕΙΣ,Classical Greek and Latin Authors,"2) Τῆς ἐν Παρισίοις ἐκδόσεως Hachette, (μετὰ δύο γαλλικῶν μεταφράσεων)",Πινδάρου,Pindar,"Νεμεονῖκαι, Sommer",Nemean Odes (ed. Sommer),,15,γρ.,
1895,IMG_1322.jpeg,ΚΛΑΣΙΚΟΙ ΕΛΛΗΝΕΣ ΚΑΙ ΛΑΤΙΝΟΙ ΣΥΓΓΡΑΦΕΙΣ,Classical Greek and Latin Authors,"2) Τῆς ἐν Παρισίοις ἐκδόσεως Hachette, (μετὰ δύο γαλλικῶν μεταφράσεων)",Πινδάρου,Pindar,"Ὀλυμπιονῖκαι, Sommer",Olympian Odes (ed. Sommer),,15,γρ.,
1895,IMG_1322.jpeg,ΚΛΑΣΙΚΟΙ ΕΛΛΗΝΕΣ ΚΑΙ ΛΑΤΙΝΟΙ ΣΥΓΓΡΑΦΕΙΣ,Classical Greek and Latin Authors,"2) Τῆς ἐν Παρισίοις ἐκδόσεως Hachette, (μετὰ δύο γαλλικῶν μεταφράσεων)",Πινδάρου,Pindar,"Πυθιονῖκαι, Sommer",Pythian Odes (ed. Sommer),,15,γρ.,
1895,IMG_1322.jpeg,ΚΛΑΣΙΚΟΙ ΕΛΛΗΝΕΣ ΚΑΙ ΛΑΤΙΝΟΙ ΣΥΓΓΡΑΦΕΙΣ,Classical Greek and Latin Authors,"2) Τῆς ἐν Παρισίοις ἐκδόσεως Hachette, (μετὰ δύο γαλλικῶν μεταφράσεων)",Πλάτωνος,Plato,"Ἀλκιβιάδης Α΄, Leprévost",Alcibiades I (ed. Leprévost),,15,γρ.,
1895,IMG_1322.jpeg,ΚΛΑΣΙΚΟΙ ΕΛΛΗΝΕΣ ΚΑΙ ΛΑΤΙΝΟΙ ΣΥΓΓΡΑΦΕΙΣ,Classical Greek and Latin Authors,"2) Τῆς ἐν Παρισίοις ἐκδόσεως Hachette, (μετὰ δύο γαλλικῶν μεταφράσεων)",Πλάτωνος,Plato,"Γοργίας, Sommer et Thurot",Gorgias (ed. Sommer and Thurot),,30,γρ.,
1895,IMG_1322.jpeg,ΚΛΑΣΙΚΟΙ ΕΛΛΗΝΕΣ ΚΑΙ ΛΑΤΙΝΟΙ ΣΥΓΓΡΑΦΕΙΣ,Classical Greek and Latin Authors,"2) Τῆς ἐν Παρισίοις ἐκδόσεως Hachette, (μετὰ δύο γαλλικῶν μεταφράσεων)",Πλουτάρχου,Plutarch,"Βίος Ἀριστείδου, Talbot",Life of Aristeides (ed. Talbot),,12,γρ.,
1895,IMG_1322.jpeg,ΚΛΑΣΙΚΟΙ ΕΛΛΗΝΕΣ ΚΑΙ ΛΑΤΙΝΟΙ ΣΥΓΓΡΑΦΕΙΣ,Classical Greek and Latin Authors,"2) Τῆς ἐν Παρισίοις ἐκδόσεως Hachette, (μετὰ δύο γαλλικῶν μεταφράσεων)",Πλουτάρχου,Plutarch,"Βίος Θεμιστοκλέους, Sommer et Talbot",Life of Themistocles (ed. Sommer and Talbot),,12,γρ.,
1895,IMG_1322.jpeg,ΚΛΑΣΙΚΟΙ ΕΛΛΗΝΕΣ ΚΑΙ ΛΑΤΙΝΟΙ ΣΥΓΓΡΑΦΕΙΣ,Classical Greek and Latin Authors,"2) Τῆς ἐν Παρισίοις ἐκδόσεως Hachette, (μετὰ δύο γαλλικῶν μεταφράσεων)",Πλουτάρχου,Plutarch,"Περὶ παίδων ἀγωγῆς, Daudy et Bétolaud",On the Education of Children (ed. Daudy and Bétolaud),,12,γρ.,
1895,IMG_1322.jpeg,ΚΛΑΣΙΚΟΙ ΕΛΛΗΝΕΣ ΚΑΙ ΛΑΤΙΝΟΙ ΣΥΓΓΡΑΦΕΙΣ,Classical Greek and Latin Authors,"2) Τῆς ἐν Παρισίοις ἐκδόσεως Hachette, (μετὰ δύο γαλλικῶν μεταφράσεων)",Σοφοκλέους,Sophocles,"Αἴας, Bellaguet",Ajax (ed. Bellaguet),,12,γρ.,
1895,IMG_1322.jpeg,ΚΛΑΣΙΚΟΙ ΕΛΛΗΝΕΣ ΚΑΙ ΛΑΤΙΝΟΙ ΣΥΓΓΡΑΦΕΙΣ,Classical Greek and Latin Authors,"2) Τῆς ἐν Παρισίοις ἐκδόσεως Hachette, (μετὰ δύο γαλλικῶν μεταφράσεων)",Σοφοκλέους,Sophocles,"Ἀντιγόνη, Bellaguet",Antigone (ed. Bellaguet),,12,γρ.,
1895,IMG_1323.jpeg,ΚΛΑΣΙΚΟΙ ΕΛΛΗΝΕΣ ΚΑΙ ΛΑΤΙΝΟΙ ΣΥΓΓΡΑΦΕΙΣ,Classical Greek and Latin Authors,"2) Τῆς ἐν Παρισίοις ἐκδόσεως Hachette, (μετὰ δύο γαλλικῶν μεταφράσεων)",Σοφοκλέους,Sophocles,Οἰδίπους ἐπὶ Κολωνῷ,Oedipus at Colonus,,10,γρ.,Bellaguet
1895,IMG_1323.jpeg,ΚΛΑΣΙΚΟΙ ΕΛΛΗΝΕΣ ΚΑΙ ΛΑΤΙΝΟΙ ΣΥΓΓΡΑΦΕΙΣ,Classical Greek and Latin Authors,"2) Τῆς ἐν Παρισίοις ἐκδόσεως Hachette, (μετὰ δύο γαλλικῶν μεταφράσεων)",Σοφοκλέους,Sophocles,Οἰδίπους Τύραννος,Oedipus Rex,,8,γρ.,Sommer et Bellaguet
1895,IMG_1323.jpeg,ΚΛΑΣΙΚΟΙ ΕΛΛΗΝΕΣ ΚΑΙ ΛΑΤΙΝΟΙ ΣΥΓΓΡΑΦΕΙΣ,Classical Greek and Latin Authors,"2) Τῆς ἐν Παρισίοις ἐκδόσεως Hachette, (μετὰ δύο γαλλικῶν μεταφράσεων)",Σοφοκλέους,Sophocles,Φιλοκτήτης,Philoctetes,,12,γρ.,Benloew et Bellaguet
1895,IMG_1323.jpeg,ΚΛΑΣΙΚΟΙ ΕΛΛΗΝΕΣ ΚΑΙ ΛΑΤΙΝΟΙ ΣΥΓΓΡΑΦΕΙΣ,Classical Greek and Latin Authors,"2) Τῆς ἐν Παρισίοις ἐκδόσεως Hachette, (μετὰ δύο γαλλικῶν μεταφράσεων)",Σοφοκλέους,Sophocles,Τραχίνιαι,Women of Trachis,,12,γρ.,Benloew et Bellaguet
1895,IMG_1323.jpeg,ΚΛΑΣΙΚΟΙ ΕΛΛΗΝΕΣ ΚΑΙ ΛΑΤΙΝΟΙ ΣΥΓΓΡΑΦΕΙΣ,Classical Greek and Latin Authors,"2) Τῆς ἐν Παρισίοις ἐκδόσεως Hachette, (μετὰ δύο γαλλικῶν μεταφράσεων)",Χρυσοστόμου Ἰωάννου,John Chrysostom,Ὁμιλία ἐπὶ τῇ ἐπιστροφῇ τοῦ ἐπισκόπου Φλαβιανοῦ,Homily on the Return of Bishop Flavian,,5,γρ.,Sommer
1895,IMG_1323.jpeg,Β΄ ΛΑΤΙΝΟΙ,Latin Authors,1) Τῆς ἐν Λειψίᾳ ἐκδόσεως B. G. Teubner.,Anthologia Latina,Anthologia Latina,Anthologia Latina,Latin Anthology,Τόμ. 2,45,γρ.,
1895,IMG_1323.jpeg,Β΄ ΛΑΤΙΝΟΙ,Latin Authors,1) Τῆς ἐν Λειψίᾳ ἐκδόσεως B. G. Teubner.,Cæsar,Julius Caesar,"Commentarii, cum supplementis","Commentaries, with supplements",,9,γρ.,
1895,IMG_1323.jpeg,Β΄ ΛΑΤΙΝΟΙ,Latin Authors,1) Τῆς ἐν Λειψίᾳ ἐκδόσεως B. G. Teubner.,Cæsar,Julius Caesar,De bello gallico,Gallic War,,4 παρ. 20,γρ.,
1895,IMG_1323.jpeg,Β΄ ΛΑΤΙΝΟΙ,Latin Authors,1) Τῆς ἐν Λειψίᾳ ἐκδόσεως B. G. Teubner.,Cæsar,Julius Caesar,De bello civili,Civil War,,3 παρ. 20,γρ.,
1895,IMG_1323.jpeg,Β΄ ΛΑΤΙΝΟΙ,Latin Authors,1) Τῆς ἐν Λειψίᾳ ἐκδόσεως B. G. Teubner.,Celsi,Aulus Cornelius Celsus,De medicinis libri octo,Eight Books on Medicine,,18,γρ.,
1895,IMG_1323.jpeg,Β΄ ΛΑΤΙΝΟΙ,Latin Authors,1) Τῆς ἐν Λειψίᾳ ἐκδόσεως B. G. Teubner.,Ciceronis,Cicero,Scripta Omnia,Complete Works,Τόμ. 11,125,γρ.,
1895,IMG_1323.jpeg,Β΄ ΛΑΤΙΝΟΙ,Latin Authors,1) Τῆς ἐν Λειψίᾳ ἐκδόσεως B. G. Teubner.,Ciceronis,Cicero,№ 1. Rhetorica ad Herennium,No. 1. Rhetorica ad Herennium,,4 παρ. 20,γρ.,
1895,IMG_1323.jpeg,Β΄ ΛΑΤΙΝΟΙ,Latin Authors,1) Τῆς ἐν Λειψίᾳ ἐκδόσεως B. G. Teubner.,Ciceronis,Cicero,2. De inventione,No. 2. On Invention,,4 παρ. 20,γρ.,
1895,IMG_1323.jpeg,Β΄ ΛΑΤΙΝΟΙ,Latin Authors,1) Τῆς ἐν Λειψίᾳ ἐκδόσεως B. G. Teubner.,Ciceronis,Cicero,3. De oratore,No. 3. On the Orator,,6,γρ.,
1895,IMG_1323.jpeg,Β΄ ΛΑΤΙΝΟΙ,Latin Authors,1) Τῆς ἐν Λειψίᾳ ἐκδόσεως B. G. Teubner.,Ciceronis,Cicero,4. Brutus,No. 4. Brutus,,3 παρ. 20,γρ.,
1895,IMG_1323.jpeg,Β΄ ΛΑΤΙΝΟΙ,Latin Authors,1) Τῆς ἐν Λειψίᾳ ἐκδόσεως B. G. Teubner.,Ciceronis,Cicero,5. Orator,No. 5. Orator,,3,γρ.,
1895,IMG_1323.jpeg,Β΄ ΛΑΤΙΝΟΙ,Latin Authors,1) Τῆς ἐν Λειψίᾳ ἐκδόσεως B. G. Teubner.,Ciceronis,Cicero,"6. Topica, partitiones et de optimo genere oratorum","No. 6. Topics, Partitions, and On the Best Kind of Orators",,3,γρ.,
1895,IMG_1323.jpeg,Β΄ ΛΑΤΙΝΟΙ,Latin Authors,1) Τῆς ἐν Λειψίᾳ ἐκδόσεως B. G. Teubner.,Ciceronis,Cicero,"7. Orationes pro Quinctio, pro Sex. Roscio Amerino, pro Roscio Comœdo","No. 7. Speeches: Pro Quinctio, Pro Sex. Roscio Amerino, Pro Roscio Comoedo",,3 παρ. 20,γρ.,
1895,IMG_1323.jpeg,Β΄ ΛΑΤΙΝΟΙ,Latin Authors,1) Τῆς ἐν Λειψίᾳ ἐκδόσεως B. G. Teubner.,Ciceronis,Cicero,"8. Divinatio in Cæcilium, actio in Verrem prima","No. 8. Divinatio against Caecilius, First Oration against Verres",,3,γρ.,
1895,IMG_1323.jpeg,Β΄ ΛΑΤΙΝΟΙ,Latin Authors,1) Τῆς ἐν Λειψίᾳ ἐκδόσεως B. G. Teubner.,Ciceronis,Cicero,9. Actionis in C. Verrem secundæ sive accusationis lib. I—V,"No. 9. Second Oration against Gaius Verres, Books I–V",,8,γρ.,
1895,IMG_1323.jpeg,Β΄ ΛΑΤΙΝΟΙ,Latin Authors,1) Τῆς ἐν Λειψίᾳ ἐκδόσεως B. G. Teubner.,Ciceronis,Cicero,"10. Orationes pro M. Tullio, pro E. Fonteio, pro A. Cæcina, de imperio Pompeii (pro lege Manilia)","No. 10. Speeches: Pro M. Tullio, Pro M. Fonteio, Pro A. Caecina, On the Command of Pompey (Pro Lege Manilia)",,3,γρ.,
1895,IMG_1324.jpeg,Β΄ ΛΑΤΙΝΟΙ,Latin Authors,1) Τῆς ἐν Λειψίᾳ ἐκδόσεως B. G. Teubner.,Ciceronis,Cicero,"pro A. Cluentio Avito, de lege agraria tres, pro C. Rabirio perduellionis reo","For Aulus Cluentius Habitus, On the Agrarian Law (three speeches), For Gaius Rabirius Charged with High Treason",,4.20,γρ.,Item N° 11
1895,IMG_1324.jpeg,Β΄ ΛΑΤΙΝΟΙ,Latin Authors,1) Τῆς ἐν Λειψίᾳ ἐκδόσεως B. G. Teubner.,Ciceronis,Cicero,"in L. Catilinam quattuor, pro L. Murena, pro L. Flacco","Against Catiline (four speeches), For Lucius Murena, For Lucius Flaccus",,3.20,γρ.,Item 12
1895,IMG_1324.jpeg,Β΄ ΛΑΤΙΝΟΙ,Latin Authors,1) Τῆς ἐν Λειψίᾳ ἐκδόσεως B. G. Teubner.,Ciceronis,Cicero,"pro P. Sulla, pro A. Licinio Archia poëta","For Publius Sulla, For Aulus Licinius Archias the Poet",,2,γρ.,Item 13
1895,IMG_1324.jpeg,Β΄ ΛΑΤΙΝΟΙ,Latin Authors,1) Τῆς ἐν Λειψίᾳ ἐκδόσεως B. G. Teubner.,Ciceronis,Cicero,"post reditum in senatu et post reditum ad Quirites habitæ, de domo sua, de aruspicum responso","Speeches After His Return: In the Senate and To the Citizens, On His House, On the Response of the Haruspices",,3.20,γρ.,Item 14
1895,IMG_1324.jpeg,Β΄ ΛΑΤΙΝΟΙ,Latin Authors,1) Τῆς ἐν Λειψίᾳ ἐκδόσεως B. G. Teubner.,Ciceronis,Cicero,"pro P. Sestio, in P. Vatinium, pro M. Cælio","For Publius Sestius, Against Publius Vatinius, For Marcus Caelius",,3.20,γρ.,Item 15
1895,IMG_1324.jpeg,Β΄ ΛΑΤΙΝΟΙ,Latin Authors,1) Τῆς ἐν Λειψίᾳ ἐκδόσεως B. G. Teubner.,Ciceronis,Cicero,"de provinciis consularibus, pro L. Cornelio Balbo, in L. Calpurnium Pisonem, pro Plancio, pro C. Rabirio Postumo","On the Consular Provinces, For Lucius Cornelius Balbus, Against Lucius Calpurnius Piso, For Plancius, For Gaius Rabirius Postumus",,3.20,γρ.,Item 16
1895,IMG_1324.jpeg,Β΄ ΛΑΤΙΝΟΙ,Latin Authors,1) Τῆς ἐν Λειψίᾳ ἐκδόσεως B. G. Teubner.,Ciceronis,Cicero,"pro T. Annio Milone, pro M. Marcello, pro Q. Ligario, pro rege Deiotaro","For Titus Annius Milo, For Marcus Marcellus, For Quintus Ligarius, For King Deiotarus",,3,γρ.,Item 17
1895,IMG_1324.jpeg,Β΄ ΛΑΤΙΝΟΙ,Latin Authors,1) Τῆς ἐν Λειψίᾳ ἐκδόσεως B. G. Teubner.,Ciceronis,Cicero,in M. Antonium Philippicæ XIV,Philippics Against Marcus Antonius (14 Speeches),,5.20,γρ.,Item 18
1895,IMG_1324.jpeg,Β΄ ΛΑΤΙΝΟΙ,Latin Authors,1) Τῆς ἐν Λειψίᾳ ἐκδόσεως B. G. Teubner.,Ciceronis,Cicero,Epistolarum ad familiares libri I—IV,"Letters to Friends, Books I–IV",,3.20,γρ.,Item 19
1895,IMG_1324.jpeg,Β΄ ΛΑΤΙΝΟΙ,Latin Authors,1) Τῆς ἐν Λειψίᾳ ἐκδόσεως B. G. Teubner.,Ciceronis,Cicero,Epistolarum ad familiares libri V—VIII,"Letters to Friends, Books V–VIII",,3.20,γρ.,Item 20
1895,IMG_1324.jpeg,Β΄ ΛΑΤΙΝΟΙ,Latin Authors,1) Τῆς ἐν Λειψίᾳ ἐκδόσεως B. G. Teubner.,Ciceronis,Cicero,Epistolarum ad familiares libri IX—XII,"Letters to Friends, Books IX–XII",,3.20,γρ.,Item 21
1895,IMG_1324.jpeg,Β΄ ΛΑΤΙΝΟΙ,Latin Authors,1) Τῆς ἐν Λειψίᾳ ἐκδόσεως B. G. Teubner.,Ciceronis,Cicero,Epistolarum ad familiares libri XIII—XVI,"Letters to Friends, Books XIII–XVI",,3.20,γρ.,Item 22
1895,IMG_1324.jpeg,Β΄ ΛΑΤΙΝΟΙ,Latin Authors,1) Τῆς ἐν Λειψίᾳ ἐκδόσεως B. G. Teubner.,Ciceronis,Cicero,"Epistolæ ad Quintum fratrem, Q. Ciceronis de petitione consulatus ad M. fratrem liber, eiusdem versus quidam de signis XII, eiusdem, ut fertur, epigramma de amore feminarum",Letters to His Brother Quintus; Quintus Cicero's Handbook on Canvassing for the Consulship to His Brother Marcus; Verses on the Twelve Signs; Epigram on Women's Love,,3,γρ.,Item 23; text prints 'liver' for 'liber'
1895,IMG_1324.jpeg,Β΄ ΛΑΤΙΝΟΙ,Latin Authors,1) Τῆς ἐν Λειψίᾳ ἐκδόσεως B. G. Teubner.,Ciceronis,Cicero,Epistolarum ad Atticum libri I—IV,"Letters to Atticus, Books I–IV",,3.20,γρ.,Item 24
1895,IMG_1324.jpeg,Β΄ ΛΑΤΙΝΟΙ,Latin Authors,1) Τῆς ἐν Λειψίᾳ ἐκδόσεως B. G. Teubner.,Ciceronis,Cicero,Epistolarum ad Atticum libri V—VIII,"Letters to Atticus, Books V–VIII",,3.20,γρ.,Item 25
1895,IMG_1324.jpeg,Β΄ ΛΑΤΙΝΟΙ,Latin Authors,1) Τῆς ἐν Λειψίᾳ ἐκδόσεως B. G. Teubner.,Ciceronis,Cicero,Epistolarum ad Atticum libri IX—XII,"Letters to Atticus, Books IX–XII",,3.20,γρ.,Item 26
1895,IMG_1324.jpeg,Β΄ ΛΑΤΙΝΟΙ,Latin Authors,1) Τῆς ἐν Λειψίᾳ ἐκδόσεως B. G. Teubner.,Ciceronis,Cicero,Epistolarum ad Atticum libri XIII—XVI,"Letters to Atticus, Books XIII–XVI",,3.20,γρ.,Item 27
1895,IMG_1324.jpeg,Β΄ ΛΑΤΙΝΟΙ,Latin Authors,1) Τῆς ἐν Λειψίᾳ ἐκδόσεως B. G. Teubner.,Ciceronis,Cicero,ad Brutum libri duo et epistola ad Octavium,Letters to Brutus (two books) and Letter to Octavian,,3.20,γρ.,Item 28
1895,IMG_1324.jpeg,Β΄ ΛΑΤΙΝΟΙ,Latin Authors,1) Τῆς ἐν Λειψίᾳ ἐκδόσεως B. G. Teubner.,Ciceronis,Cicero,Academiorum ad M. Varronem libri duo,Academics Dedicated to Marcus Varro (two books),,3.20,γρ.,Item 29
1895,IMG_1324.jpeg,Β΄ ΛΑΤΙΝΟΙ,Latin Authors,1) Τῆς ἐν Λειψίᾳ ἐκδόσεως B. G. Teubner.,Ciceronis,Cicero,De finibus bonorum et malorum libri quinque,On the Ends of Good and Evil (five books),,5.20,γρ.,Item 30
1895,IMG_1324.jpeg,Β΄ ΛΑΤΙΝΟΙ,Latin Authors,1) Τῆς ἐν Λειψίᾳ ἐκδόσεως B. G. Teubner.,Ciceronis,Cicero,Tusculanarum disputationum libri quinque,Tusculan Disputations (five books),,4.20,γρ.,Item 31; printed as 'Tuscunalanarum'
1895,IMG_1324.jpeg,Β΄ ΛΑΤΙΝΟΙ,Latin Authors,1) Τῆς ἐν Λειψίᾳ ἐκδόσεως B. G. Teubner.,Ciceronis,Cicero,De natura deorum libri tres,On the Nature of the Gods (three books),,3.20,γρ.,Item 32
1895,IMG_1325.jpeg,Β΄ ΛΑΤΙΝΟΙ,Latin Authors,1) Τῆς ἐν Λειψίᾳ ἐκδόσεως B. G. Teubner.,Ciceronis,Cicero,"№ 33. De divinatione libri duo, libri de fato quæ manserunt","On Divination in two books, On Fate (surviving fragments)",,3.20,γρ.,Price: 3 γρ. 20 παρ.
1895,IMG_1325.jpeg,Β΄ ΛΑΤΙΝΟΙ,Latin Authors,1) Τῆς ἐν Λειψίᾳ ἐκδόσεως B. G. Teubner.,Ciceronis,Cicero,№ 34. De re publica librorum sex quæ manserunt,On the Republic (surviving fragments of six books),,3.20,γρ.,Price: 3 γρ. 20 παρ.
1895,IMG_1325.jpeg,Β΄ ΛΑΤΙΝΟΙ,Latin Authors,1) Τῆς ἐν Λειψίᾳ ἐκδόσεως B. G. Teubner.,Ciceronis,Cicero,№ 35. De legibus libri tres,On the Laws in three books,,3.20,γρ.,Price: 3 γρ. 20 παρ.
1895,IMG_1325.jpeg,Β΄ ΛΑΤΙΝΟΙ,Latin Authors,1) Τῆς ἐν Λειψίᾳ ἐκδόσεως B. G. Teubner.,Ciceronis,Cicero,№ 36. De officiis ad Marcum filium libri tres,On Duties to His Son Marcus in three books,,3.20,γρ.,Price: 3 γρ. 20 παρ.
1895,IMG_1325.jpeg,Β΄ ΛΑΤΙΝΟΙ,Latin Authors,1) Τῆς ἐν Λειψίᾳ ἐκδόσεως B. G. Teubner.,Ciceronis,Cicero,№ 37. Cato maior de senectute. Lælius de amicitia. Paradoxa,Cato the Elder on Old Age. Laelius on Friendship. Paradoxes,,3,γρ.,
1895,IMG_1325.jpeg,Β΄ ΛΑΤΙΝΟΙ,Latin Authors,1) Τῆς ἐν Λειψίᾳ ἐκδόσεως B. G. Teubner.,CORNELLII NEPOTIS,Cornelius Nepos,De excellentibus ducibus exterarum gentium,On the Eminent Commanders of Foreign Nations,,2,γρ.,
1895,IMG_1325.jpeg,Β΄ ΛΑΤΙΝΟΙ,Latin Authors,1) Τῆς ἐν Λειψίᾳ ἐκδόσεως B. G. Teubner.,CURTII Q. RUFI,Quintus Curtius Rufus,De gestis Alexandri Magni,The History of Alexander the Great,,7.20,γρ.,Price: 7 γρ. 20 παρ.
1895,IMG_1325.jpeg,Β΄ ΛΑΤΙΝΟΙ,Latin Authors,1) Τῆς ἐν Λειψίᾳ ἐκδόσεως B. G. Teubner.,EUTROPII,Eutropius,Breviarum historiæ romanæ,Abridgement of Roman History,,3,γρ.,
1895,IMG_1325.jpeg,Β΄ ΛΑΤΙΝΟΙ,Latin Authors,1) Τῆς ἐν Λειψίᾳ ἐκδόσεως B. G. Teubner.,GARGILII MARTIALIS,Gargilius Martialis,Medecina,Medicine,,15,γρ.,
1895,IMG_1325.jpeg,Β΄ ΛΑΤΙΝΟΙ,Latin Authors,1) Τῆς ἐν Λειψίᾳ ἐκδόσεως B. G. Teubner.,GELLII AULI,Aulus Gellius,Noctium Atticarum libri XX,Attic Nights in 20 books,Τόμ. 2,25,γρ.,
1895,IMG_1325.jpeg,Β΄ ΛΑΤΙΝΟΙ,Latin Authors,1) Τῆς ἐν Λειψίᾳ ἐκδόσεως B. G. Teubner.,HORATII Q. FLACCI,Horace,Opera Omnia,Complete Works,,6,γρ.,
1895,IMG_1325.jpeg,Β΄ ΛΑΤΙΝΟΙ,Latin Authors,1) Τῆς ἐν Λειψίᾳ ἐκδόσεως B. G. Teubner.,IUSTINUS,Justin,Iustinus,Justin,,9,γρ.,
1895,IMG_1325.jpeg,Β΄ ΛΑΤΙΝΟΙ,Latin Authors,1) Τῆς ἐν Λειψίᾳ ἐκδόσεως B. G. Teubner.,OVIDIUS P. NASO,Ovid,Vol. I. Amores. Epistolæ. De medicamine faciei. Ars. Remedia,Vol. I. Amores. Epistles. On Facial Cosmetics. The Art of Love. Remedies for Love,Vol. I,6,γρ.,
1895,IMG_1325.jpeg,Β΄ ΛΑΤΙΝΟΙ,Latin Authors,1) Τῆς ἐν Λειψίᾳ ἐκδόσεως B. G. Teubner.,OVIDIUS P. NASO,Ovid,Vol. II. Metamorphoses,Vol. II. Metamorphoses,Vol. II,5.20,γρ.,Price: 5 γρ. 20 παρ.
1895,IMG_1325.jpeg,Β΄ ΛΑΤΙΝΟΙ,Latin Authors,1) Τῆς ἐν Λειψίᾳ ἐκδόσεως B. G. Teubner.,OVIDIUS P. NASO,Ovid,"Vol. III. Tristia, Ibis. Ex-Ponto libri. Fasti. Haliutica","Vol. III. Tristia, Ibis. Letters from Pontus. Fasti. Halieutica",Vol. III,6,γρ.,
1895,IMG_1325.jpeg,Β΄ ΛΑΤΙΝΟΙ,Latin Authors,1) Τῆς ἐν Λειψίᾳ ἐκδόσεως B. G. Teubner.,PLINI CAECILI SECUNDI,Pliny the Younger,Epistularum,Letters,,7.50,γρ.,
1895,IMG_1325.jpeg,Β΄ ΛΑΤΙΝΟΙ,Latin Authors,1) Τῆς ἐν Λειψίᾳ ἐκδόσεως B. G. Teubner.,QUINTILIANI M. FABII,Quintilian,Institutionis oratoriæ libri XII,Institutes of Oratory in 12 books,Τόμ. 2,15,γρ.,
1895,IMG_1325.jpeg,Β΄ ΛΑΤΙΝΟΙ,Latin Authors,1) Τῆς ἐν Λειψίᾳ ἐκδόσεως B. G. Teubner.,REGIS APOLLONII,Apollonius of Tyre,Historia Tyri,"Story of Apollonius, King of Tyre",,7.20,γρ.,Price: 7 γρ. 20 παρ.
1895,IMG_1325.jpeg,Β΄ ΛΑΤΙΝΟΙ,Latin Authors,1) Τῆς ἐν Λειψίᾳ ἐκδόσεως B. G. Teubner.,SALLUSTI GAI CRISPI,Sallust,"De Catilinæ, et de bello Iugurtico",The Conspiracy of Catiline and the Jugurthine War,,3,γρ.,
1895,IMG_1325.jpeg,Β΄ ΛΑΤΙΝΟΙ,Latin Authors,1) Τῆς ἐν Λειψίᾳ ἐκδόσεως B. G. Teubner.,SUETONI C.,Suetonius,Tranquilli quæ supersunt omnia,Complete Surviving Works of Suetonius Tranquillus,,9,γρ.,
1895,IMG_1325.jpeg,Β΄ ΛΑΤΙΝΟΙ,Latin Authors,1) Τῆς ἐν Λειψίᾳ ἐκδόσεως B. G. Teubner.,TACITI C. CORNELII,Tacitus,Opera,Works,Τόμ. 2,15,γρ.,
1895,IMG_1325.jpeg,Β΄ ΛΑΤΙΝΟΙ,Latin Authors,1) Τῆς ἐν Λειψίᾳ ἐκδόσεως B. G. Teubner.,TIBULLI ALBII,Tibullus,Libri Quattuor,Four Books,,5,γρ.,
1895,IMG_1325.jpeg,Β΄ ΛΑΤΙΝΟΙ,Latin Authors,1) Τῆς ἐν Λειψίᾳ ἐκδόσεως B. G. Teubner.,TITI LIVII,Livy,Ab urbe condita libri CXL,History of Rome from Its Foundation in 140 books,Τόμ. 6,35,γρ.,
1895,IMG_1325.jpeg,Β΄ ΛΑΤΙΝΟΙ,Latin Authors,1) Τῆς ἐν Λειψίᾳ ἐκδόσεως B. G. Teubner.,TROGUS POMPEJUS,Trogus Pompeius,TROGUS POMPEJUS (vite Iustinus),Trogus Pompeius (see Justin),,,,Cross-reference note: (vite Iustinus)
1895,IMG_1325.jpeg,Β΄ ΛΑΤΙΝΟΙ,Latin Authors,1) Τῆς ἐν Λειψίᾳ ἐκδόσεως B. G. Teubner.,VIRGILII P. MARONIS,Virgil,Opera Omnia,Complete Works,,8,γρ.,
1895,IMG_1325.jpeg,Β΄ ΛΑΤΙΝΟΙ,Latin Authors,1) Τῆς ἐν Λειψίᾳ ἐκδόσεως B. G. Teubner.,VIRGILII P. MARONIS,Virgil,Æneis,Aeneid,,5.20,γρ.,Price: 5 γρ. 20 παρ.
1895,IMG_1326.jpeg,Β΄ ΛΑΤΙΝΟΙ,Latin Authors,2) Τῆς ἐν Παρισίοις ἐκδόσεως Hachette.,CICERON,Cicero,"Les Catilinaires, Thibault","The Catiline Orations, Thibault",,12,γρ.,μετὰ δύο γαλλικῶν μεταφράσεων
1895,IMG_1326.jpeg,Β΄ ΛΑΤΙΝΟΙ,Latin Authors,2) Τῆς ἐν Παρισίοις ἐκδόσεως Hachette.,CICERON,Cicero,"Dialogue sur l'Amitié, Legouez","Dialogue on Friendship (Laelius de Amicitia), Legouez",,8,γρ.,μετὰ δύο γαλλικῶν μεταφράσεων
1895,IMG_1326.jpeg,Β΄ ΛΑΤΙΝΟΙ,Latin Authors,2) Τῆς ἐν Παρισίοις ἐκδόσεως Hachette.,CICERON,Cicero,"Plaidoyer pour Archias, Chanselle","Speech for Archias (Pro Archia), Chanselle",,6,γρ.,μετὰ δύο γαλλικῶν μεταφράσεων
1895,IMG_1326.jpeg,Β΄ ΛΑΤΙΝΟΙ,Latin Authors,2) Τῆς ἐν Παρισίοις ἐκδόσεως Hachette.,CICERON,Cicero,"Plaidoyer pour Murena, Thibault","Speech for Murena (Pro Murena), Thibault",,15,γρ.,μετὰ δύο γαλλικῶν μεταφράσεων
1895,IMG_1326.jpeg,Β΄ ΛΑΤΙΝΟΙ,Latin Authors,2) Τῆς ἐν Παρισίοις ἐκδόσεως Hachette.,HORACE,Horace,"L'Art Poétique, Taillefert","The Art of Poetry (Ars Poetica), Taillefert",,5,γρ.,μετὰ δύο γαλλικῶν μεταφράσεων
1895,IMG_1326.jpeg,Β΄ ΛΑΤΙΝΟΙ,Latin Authors,2) Τῆς ἐν Παρισίοις ἐκδόσεως Hachette.,VIRGILE,Virgil,"Les Bucoliques, Sommer et Desportes","The Eclogues (Bucolics), Sommer and Desportes",,6,γρ.,μετὰ δύο γαλλικῶν μεταφράσεων
1895,IMG_1327.jpeg,"Δ΄ ΚΕΙΜΕΝΑ, ΣΧΟΛΙΑ, ΠΑΡΑΦΡΑΣΕΙΣ, ΕΡΜΗΝΕΙΑΙ ΕΛΛΗΝΩΝ ΚΑΙ ΛΑΤΙΝΩΝ ΣΥΓΓΡΑΦΕΩΝ - Α΄ ΕΛΛΗΝΩΝ","Texts, Scholia, Paraphrases, Interpretations of Greek and Latin Authors - A. Greek Authors",,Αἰσχίνης,Aeschines,"κατὰ Κτησιφῶντος, μετάφρασις Χ. Παμπούκη","Against Ctesiphon, translation by C. Pampoukis",σελ. 123,10,γρόσια,μετάφρασις Χ. Παμπούκη
1895,IMG_1327.jpeg,"Δ΄ ΚΕΙΜΕΝΑ, ΣΧΟΛΙΑ, ΠΑΡΑΦΡΑΣΕΙΣ, ΕΡΜΗΝΕΙΑΙ ΕΛΛΗΝΩΝ ΚΑΙ ΛΑΤΙΝΩΝ ΣΥΓΓΡΑΦΕΩΝ - Α΄ ΕΛΛΗΝΩΝ","Texts, Scholia, Paraphrases, Interpretations of Greek and Latin Authors - A. Greek Authors",,Αἰσχίνης,Aeschines,κατὰ Κτησιφῶντος καὶ Δημοσθένους ὁ περὶ στεφάνου,Against Ctesiphon and Demosthenes' On the Crown,"8ον, σελ. 7",5,γρ.,
1895,IMG_1327.jpeg,"Δ΄ ΚΕΙΜΕΝΑ, ΣΧΟΛΙΑ, ΠΑΡΑΦΡΑΣΕΙΣ, ΕΡΜΗΝΕΙΑΙ ΕΛΛΗΝΩΝ ΚΑΙ ΛΑΤΙΝΩΝ ΣΥΓΓΡΑΦΕΩΝ - Α΄ ΕΛΛΗΝΩΝ","Texts, Scholia, Paraphrases, Interpretations of Greek and Latin Authors - A. Greek Authors",,Αἰσχύλος,Aeschylus,"εἰς τὰ Παλαιὰ Σχόλια Κριτικὰ καὶ παλαιογραφικά, ὑπὸ Π. Ν. Παπαγεωργίου","Critical and Palaeographical Remarks on the Ancient Scholia, by P. N. Papageorgiou","8ον, σελ. 36",6,γρ.,ὑπὸ Π. Ν. Παπαγεωργίου
1895,IMG_1327.jpeg,"Δ΄ ΚΕΙΜΕΝΑ, ΣΧΟΛΙΑ, ΠΑΡΑΦΡΑΣΕΙΣ, ΕΡΜΗΝΕΙΑΙ ΕΛΛΗΝΩΝ ΚΑΙ ΛΑΤΙΝΩΝ ΣΥΓΓΡΑΦΕΩΝ - Α΄ ΕΛΛΗΝΩΝ","Texts, Scholia, Paraphrases, Interpretations of Greek and Latin Authors - A. Greek Authors",,Αἰσχύλος,Aeschylus,"Πέρσαι, μελέτη Α. Μηλιαράκη","The Persians, study by A. Miliarakis",σελ. 56,4,γρ.,μελέτη Α. Μηλιαράκη
1895,IMG_1327.jpeg,"Δ΄ ΚΕΙΜΕΝΑ, ΣΧΟΛΙΑ, ΠΑΡΑΦΡΑΣΕΙΣ, ΕΡΜΗΝΕΙΑΙ ΕΛΛΗΝΩΝ ΚΑΙ ΛΑΤΙΝΩΝ ΣΥΓΓΡΑΦΕΩΝ - Α΄ ΕΛΛΗΝΩΝ","Texts, Scholia, Paraphrases, Interpretations of Greek and Latin Authors - A. Greek Authors",,Αἰσχύλος,Aeschylus,"Les Perses, traduction d' Em. Burnouf","The Persians, translation by Em. Burnouf",σελ. 48,4,γρ.,traduction d' Em. Burnouf
1895,IMG_1327.jpeg,"Δ΄ ΚΕΙΜΕΝΑ, ΣΧΟΛΙΑ, ΠΑΡΑΦΡΑΣΕΙΣ, ΕΡΜΗΝΕΙΑΙ ΕΛΛΗΝΩΝ ΚΑΙ ΛΑΤΙΝΩΝ ΣΥΓΓΡΑΦΕΩΝ - Α΄ ΕΛΛΗΝΩΝ","Texts, Scholia, Paraphrases, Interpretations of Greek and Latin Authors - A. Greek Authors",,Ἀνακρέων,Anacreon,"ᾠδαί, παράφρασις Χ. Στεφανίδου","Odes, paraphrase by C. Stefanidou",σελ. 135,3,γρ.,παράφρασις Χ. Στεφανίδου
1895,IMG_1327.jpeg,"Δ΄ ΚΕΙΜΕΝΑ, ΣΧΟΛΙΑ, ΠΑΡΑΦΡΑΣΕΙΣ, ΕΡΜΗΝΕΙΑΙ ΕΛΛΗΝΩΝ ΚΑΙ ΛΑΤΙΝΩΝ ΣΥΓΓΡΑΦΕΩΝ - Α΄ ΕΛΛΗΝΩΝ","Texts, Scholia, Paraphrases, Interpretations of Greek and Latin Authors - A. Greek Authors",,Ἀριστοφάνης,Aristophanes,σχολιασθεὶς κτλ. ὑπὸ Νεοφύτου Δούκα,Annotated etc. by Neophytos Doukas,"τόμ. 3, σελ. 857",30,γρ.,ὑπὸ Νεοφύτου Δούκα
1895,IMG_1327.jpeg,"Δ΄ ΚΕΙΜΕΝΑ, ΣΧΟΛΙΑ, ΠΑΡΑΦΡΑΣΕΙΣ, ΕΡΜΗΝΕΙΑΙ ΕΛΛΗΝΩΝ ΚΑΙ ΛΑΤΙΝΩΝ ΣΥΓΓΡΑΦΕΩΝ - Α΄ ΕΛΛΗΝΩΝ","Texts, Scholia, Paraphrases, Interpretations of Greek and Latin Authors - A. Greek Authors",,Ἀριστοφάνης,Aristophanes,"Βάτραχοι, ὑπὸ Velsen","Frogs, by Velsen","8ον, σελ. 141",18,γρ.,ὑπὸ Velsen
1895,IMG_1327.jpeg,"Δ΄ ΚΕΙΜΕΝΑ, ΣΧΟΛΙΑ, ΠΑΡΑΦΡΑΣΕΙΣ, ΕΡΜΗΝΕΙΑΙ ΕΛΛΗΝΩΝ ΚΑΙ ΛΑΤΙΝΩΝ ΣΥΓΓΡΑΦΕΩΝ - Α΄ ΕΛΛΗΝΩΝ","Texts, Scholia, Paraphrases, Interpretations of Greek and Latin Authors - A. Greek Authors",,Ἀρριανός,Arrian,"Ἀνάβασις Ἀλεξάνδρου βιβλ. Γ΄, ὑπὸ Μπάστ καὶ Χίρστ","Anabasis of Alexander Book III, by Bast and Hirst",σελ. 47,1 παρ. 20,γρ.,ὑπὸ Μπάστ καὶ Χίρστ
1895,IMG_1327.jpeg,"Δ΄ ΚΕΙΜΕΝΑ, ΣΧΟΛΙΑ, ΠΑΡΑΦΡΑΣΕΙΣ, ΕΡΜΗΝΕΙΑΙ ΕΛΛΗΝΩΝ ΚΑΙ ΛΑΤΙΝΩΝ ΣΥΓΓΡΑΦΕΩΝ - Α΄ ΕΛΛΗΝΩΝ","Texts, Scholia, Paraphrases, Interpretations of Greek and Latin Authors - A. Greek Authors",,Βασίλειος ὁ Μέγας,Basil the Great,"Παρανετικός, σχολιασθεὶς ὑπὸ Ἀ. Β. Οἰκονομίδου","Exhortatory Address, annotated by A. B. Oikonomidou",σελ. 170,8,γρ.,σχολιασθεὶς ὑπὸ Ἀ. Β. Οἰκονομίδου
1895,IMG_1327.jpeg,"Δ΄ ΚΕΙΜΕΝΑ, ΣΧΟΛΙΑ, ΠΑΡΑΦΡΑΣΕΙΣ, ΕΡΜΗΝΕΙΑΙ ΕΛΛΗΝΩΝ ΚΑΙ ΛΑΤΙΝΩΝ ΣΥΓΓΡΑΦΕΩΝ - Α΄ ΕΛΛΗΝΩΝ","Texts, Scholia, Paraphrases, Interpretations of Greek and Latin Authors - A. Greek Authors",,Δημοσθένης,Demosthenes,"πρὸς Λεπτίνην, μετάφρασις Δ. Χ. Δουκάκη","Against Leptines, translation by D. C. Doukakis",σελ. 60,4,γρ.,μετάφρασις Δ. Χ. Δουκάκη
1895,IMG_1327.jpeg,"Δ΄ ΚΕΙΜΕΝΑ, ΣΧΟΛΙΑ, ΠΑΡΑΦΡΑΣΕΙΣ, ΕΡΜΗΝΕΙΑΙ ΕΛΛΗΝΩΝ ΚΑΙ ΛΑΤΙΝΩΝ ΣΥΓΓΡΑΦΕΩΝ - Α΄ ΕΛΛΗΝΩΝ","Texts, Scholia, Paraphrases, Interpretations of Greek and Latin Authors - A. Greek Authors",,Δημοσθένης,Demosthenes,"Ὀλυνθιακοὶ καὶ Φιλιππικὸς Α΄, κατὰ τὸ στερεότυπον τῆς Λειψίας κείμενον, μετ' εἰσαγωγῆς","Olynthiacs and First Philippic, according to the Leipzig stereotype text, with introduction","8ον, σελ. 48",1,γρ.,
1895,IMG_1327.jpeg,"Δ΄ ΚΕΙΜΕΝΑ, ΣΧΟΛΙΑ, ΠΑΡΑΦΡΑΣΕΙΣ, ΕΡΜΗΝΕΙΑΙ ΕΛΛΗΝΩΝ ΚΑΙ ΛΑΤΙΝΩΝ ΣΥΓΓΡΑΦΕΩΝ - Α΄ ΕΛΛΗΝΩΝ","Texts, Scholia, Paraphrases, Interpretations of Greek and Latin Authors - A. Greek Authors",,Δημοσθένης,Demosthenes,"Α΄ Ὀλυνθιακός, σχολιασθεὶς ὑπὸ Χ. Κ. Κοκκινάκη","First Olynthiac, annotated by C. K. Kokkinakis",σ. 124,6,γ.,σχολιασθεὶς ὑπὸ Χ. Κ. Κοκκινάκη
1895,IMG_1327.jpeg,"Δ΄ ΚΕΙΜΕΝΑ, ΣΧΟΛΙΑ, ΠΑΡΑΦΡΑΣΕΙΣ, ΕΡΜΗΝΕΙΑΙ ΕΛΛΗΝΩΝ ΚΑΙ ΛΑΤΙΝΩΝ ΣΥΓΓΡΑΦΕΩΝ - Α΄ ΕΛΛΗΝΩΝ","Texts, Scholia, Paraphrases, Interpretations of Greek and Latin Authors - A. Greek Authors",,Δημοσθένης,Demosthenes,"Τρεῖς Ὀλυνθιακοί, μετάφρασις μετὰ σημειώσεων, ὑπὸ Μ. Π. Σάγκα","Three Olynthiacs, translation with notes, by M. P. Sangas",σελ. 48,3,γρ.,"μετάφρασις μετὰ σημειώσεων, ὑπὸ Μ. Π. Σάγκα"
1895,IMG_1328.jpeg,"Δ΄ ΚΕΙΜΕΝΑ, ΣΧΟΛΙΑ, ΠΑΡΑΦΡΑΣΕΙΣ, ΕΡΜΗΝΕΙΑΙ ΕΛΛΗΝΩΝ ΚΑΙ ΛΑΤΙΝΩΝ ΣΥΓΓΡΑΦΕΩΝ - Α΄ ΕΛΛΗΝΩΝ","IV. Texts, Scholia, Paraphrases, Interpretations of Greek and Latin Authors - A. Greek Authors",,Δημοσθένης,Demosthenes,Φιλιππικοὶ μετὰ προλεγομένων ἱστορικῶν καὶ ἀρχαιολογικῶν κλπ. ὑπὸ Ἡροκλέους Βασιάδου. Περιέχει τὸν Α΄ κατὰ Φιλίππου καὶ τοὺς τρεῖς Ὀλυνθιακούς,Philippics with historical and archaeological prologues etc. by Hirokles Vasiadis. Contains the 1st Against Philip and the three Olynthiacs,"8ον, σελ. 344",25,γρ.,ὑπὸ Ἡροκλέους Βασιάδου
1895,IMG_1328.jpeg,"Δ΄ ΚΕΙΜΕΝΑ, ΣΧΟΛΙΑ, ΠΑΡΑΦΡΑΣΕΙΣ, ΕΡΜΗΝΕΙΑΙ ΕΛΛΗΝΩΝ ΚΑΙ ΛΑΤΙΝΩΝ ΣΥΓΓΡΑΦΕΩΝ - Α΄ ΕΛΛΗΝΩΝ","IV. Texts, Scholia, Paraphrases, Interpretations of Greek and Latin Authors - A. Greek Authors",,Δημοσθένης,Demosthenes,"Τέσσαρες Φιλιππικοί, ὑπὸ Ἰ. Ζηλήμονος","Four Philippics, by I. Zilimon","8ον, σελ. 66",4,γρ.,
1895,IMG_1328.jpeg,"Δ΄ ΚΕΙΜΕΝΑ, ΣΧΟΛΙΑ, ΠΑΡΑΦΡΑΣΕΙΣ, ΕΡΜΗΝΕΙΑΙ ΕΛΛΗΝΩΝ ΚΑΙ ΛΑΤΙΝΩΝ ΣΥΓΓΡΑΦΕΩΝ - Α΄ ΕΛΛΗΝΩΝ","IV. Texts, Scholia, Paraphrases, Interpretations of Greek and Latin Authors - A. Greek Authors",,Δημοσθένης,Demosthenes,"Τέσσαρες Φιλιππικοί, μεταφρασθέντες εἰς τὴν καθωμιλημένην μετὰ σημειώσεων, ὑπὸ Σ. Χιωτέλλη","Four Philippics, translated into vernacular Greek with notes, by S. Chiotellis",σελ. 84,4,γρ.,
1895,IMG_1328.jpeg,"Δ΄ ΚΕΙΜΕΝΑ, ΣΧΟΛΙΑ, ΠΑΡΑΦΡΑΣΕΙΣ, ΕΡΜΗΝΕΙΑΙ ΕΛΛΗΝΩΝ ΚΑΙ ΛΑΤΙΝΩΝ ΣΥΓΓΡΑΦΕΩΝ - Α΄ ΕΛΛΗΝΩΝ","IV. Texts, Scholia, Paraphrases, Interpretations of Greek and Latin Authors - A. Greek Authors",,Δημοσθένης,Demosthenes,"Ἐννέα Φιλιππικοί, σχολιασθέντες ὑπὸ Ἐμμ. Γαλάνη. Τεῦχος Α΄, Ὀλυνθιακοί, κατὰ τὸν Rehdanz καὶ Franke","Nine Philippics, annotated by Emm. Galanis. Issue 1, Olynthiacs, according to Rehdanz and Franke","8ον, σελ. 125",10,γρ.,
1895,IMG_1328.jpeg,"Δ΄ ΚΕΙΜΕΝΑ, ΣΧΟΛΙΑ, ΠΑΡΑΦΡΑΣΕΙΣ, ΕΡΜΗΝΕΙΑΙ ΕΛΛΗΝΩΝ ΚΑΙ ΛΑΤΙΝΩΝ ΣΥΓΓΡΑΦΕΩΝ - Α΄ ΕΛΛΗΝΩΝ","IV. Texts, Scholia, Paraphrases, Interpretations of Greek and Latin Authors - A. Greek Authors",,Δημοσθένης,Demosthenes,"Περὶ τοῦ στεφάνου, μεταφρασθεὶς εἰς τὴν καθωμιλημένην","On the Crown, translated into vernacular Greek",σελ. 116,4,γρ.,
1895,IMG_1328.jpeg,"Δ΄ ΚΕΙΜΕΝΑ, ΣΧΟΛΙΑ, ΠΑΡΑΦΡΑΣΕΙΣ, ΕΡΜΗΝΕΙΑΙ ΕΛΛΗΝΩΝ ΚΑΙ ΛΑΤΙΝΩΝ ΣΥΓΓΡΑΦΕΩΝ - Α΄ ΕΛΛΗΝΩΝ","IV. Texts, Scholia, Paraphrases, Interpretations of Greek and Latin Authors - A. Greek Authors",,Δημοσθένης,Demosthenes,"Περὶ τοῦ στεφάνου, μετάφρασις Χ. Παμπούκη","On the Crown, translation by Ch. Pampoukis","8ον, σ. 134",8,γρ.,
1895,IMG_1328.jpeg,"Δ΄ ΚΕΙΜΕΝΑ, ΣΧΟΛΙΑ, ΠΑΡΑΦΡΑΣΕΙΣ, ΕΡΜΗΝΕΙΑΙ ΕΛΛΗΝΩΝ ΚΑΙ ΛΑΤΙΝΩΝ ΣΥΓΓΡΑΦΕΩΝ - Α΄ ΕΛΛΗΝΩΝ","IV. Texts, Scholia, Paraphrases, Interpretations of Greek and Latin Authors - A. Greek Authors",,Διόδωρος ὁ Σικελιώτης,Diodorus Siculus,"Ἀναγνώσματα, μετὰ σχολίων, ὑπὸ Π. Ἰασεμίδου","Readings, with scholia, by P. Iasemidis",σελ. 204,6,γρ.,
1895,IMG_1328.jpeg,"Δ΄ ΚΕΙΜΕΝΑ, ΣΧΟΛΙΑ, ΠΑΡΑΦΡΑΣΕΙΣ, ΕΡΜΗΝΕΙΑΙ ΕΛΛΗΝΩΝ ΚΑΙ ΛΑΤΙΝΩΝ ΣΥΓΓΡΑΦΕΩΝ - Α΄ ΕΛΛΗΝΩΝ","IV. Texts, Scholia, Paraphrases, Interpretations of Greek and Latin Authors - A. Greek Authors",,Εὐριπίδης,Euripides,"Ἱππόλυτος, ὑπὸ Ν. Ἀργυριάδου","Hippolytus, by N. Argyriadis","8ον, σελ. 36",5,γρ.,
1895,IMG_1328.jpeg,"Δ΄ ΚΕΙΜΕΝΑ, ΣΧΟΛΙΑ, ΠΑΡΑΦΡΑΣΕΙΣ, ΕΡΜΗΝΕΙΑΙ ΕΛΛΗΝΩΝ ΚΑΙ ΛΑΤΙΝΩΝ ΣΥΓΓΡΑΦΕΩΝ - Α΄ ΕΛΛΗΝΩΝ","IV. Texts, Scholia, Paraphrases, Interpretations of Greek and Latin Authors - A. Greek Authors",,Εὐριπίδης,Euripides,"Ἱππόλυτος στεφανηφόρος, ἔμμετρος μετάφρασις ὑπὸ Κ. Δαναρά","Hippolytus the Crown-bearer, verse translation by K. Danaras",σελ. 87,10,γρ.,
1895,IMG_1328.jpeg,"Δ΄ ΚΕΙΜΕΝΑ, ΣΧΟΛΙΑ, ΠΑΡΑΦΡΑΣΕΙΣ, ΕΡΜΗΝΕΙΑΙ ΕΛΛΗΝΩΝ ΚΑΙ ΛΑΤΙΝΩΝ ΣΥΓΓΡΑΦΕΩΝ - Α΄ ΕΛΛΗΝΩΝ","IV. Texts, Scholia, Paraphrases, Interpretations of Greek and Latin Authors - A. Greek Authors",,Εὐριπίδης,Euripides,"Ἰφιγένεια ἐν Αὐλίδι, μετ' εἰσαγωγῆς, ὑπὸ Ι. Γ. Ι. Γιαννούκου","Iphigenia in Aulis, with introduction, by I. G. I. Giannoukos","8ον, σελ. 105",5,γρ.,
1895,IMG_1328.jpeg,"Δ΄ ΚΕΙΜΕΝΑ, ΣΧΟΛΙΑ, ΠΑΡΑΦΡΑΣΕΙΣ, ΕΡΜΗΝΕΙΑΙ ΕΛΛΗΝΩΝ ΚΑΙ ΛΑΤΙΝΩΝ ΣΥΓΓΡΑΦΕΩΝ - Α΄ ΕΛΛΗΝΩΝ","IV. Texts, Scholia, Paraphrases, Interpretations of Greek and Latin Authors - A. Greek Authors",,Εὐριπίδης,Euripides,"Μήδεια μετὰ σχολίων, ὑπὸ Γ. Μιστριώτου","Medea with scholia, by G. Mistriotis","8ον, σ. 248",15,γρ.,
1895,IMG_1328.jpeg,"Δ΄ ΚΕΙΜΕΝΑ, ΣΧΟΛΙΑ, ΠΑΡΑΦΡΑΣΕΙΣ, ΕΡΜΗΝΕΙΑΙ ΕΛΛΗΝΩΝ ΚΑΙ ΛΑΤΙΝΩΝ ΣΥΓΓΡΑΦΕΩΝ - Α΄ ΕΛΛΗΝΩΝ","IV. Texts, Scholia, Paraphrases, Interpretations of Greek and Latin Authors - A. Greek Authors",,Εὐριπίδης,Euripides,"Μήδεια, ἡρμήνευσε Γ. Μ. Σακκόρραφος","Medea, interpreted by G. M. Sakkorrafos","8ον, σελ. 186",12,γρ.,
1895,IMG_1328.jpeg,"Δ΄ ΚΕΙΜΕΝΑ, ΣΧΟΛΙΑ, ΠΑΡΑΦΡΑΣΕΙΣ, ΕΡΜΗΝΕΙΑΙ ΕΛΛΗΝΩΝ ΚΑΙ ΛΑΤΙΝΩΝ ΣΥΓΓΡΑΦΕΩΝ - Α΄ ΕΛΛΗΝΩΝ","IV. Texts, Scholia, Paraphrases, Interpretations of Greek and Latin Authors - A. Greek Authors",,Εὐριπίδης,Euripides,"Σχόλια, ὑπὸ Κ. Γκαρπολα","Scholia, by K. Gkarpolas","τόμ. 3, 32ον, σελ. 1003",20,γρ.,
1895,IMG_1328.jpeg,"Δ΄ ΚΕΙΜΕΝΑ, ΣΧΟΛΙΑ, ΠΑΡΑΦΡΑΣΕΙΣ, ΕΡΜΗΝΕΙΑΙ ΕΛΛΗΝΩΝ ΚΑΙ ΛΑΤΙΝΩΝ ΣΥΓΓΡΑΦΕΩΝ - Α΄ ΕΛΛΗΝΩΝ","IV. Texts, Scholia, Paraphrases, Interpretations of Greek and Latin Authors - A. Greek Authors",,Ἡρόδοτος,Herodotus,"Εἰσαγωγὴ καὶ γραμματικὴ τῆς διαλέκτου αὐτοῦ ὑπὸ K. Abicht, μετάφρασις Θ. Βουκύδου","Introduction and grammar of his dialect by K. Abicht, translation by Th. Voukydis","8ον, σελ. 68",5,γρ.,
1895,IMG_1328.jpeg,"Δ΄ ΚΕΙΜΕΝΑ, ΣΧΟΛΙΑ, ΠΑΡΑΦΡΑΣΕΙΣ, ΕΡΜΗΝΕΙΑΙ ΕΛΛΗΝΩΝ ΚΑΙ ΛΑΤΙΝΩΝ ΣΥΓΓΡΑΦΕΩΝ - Α΄ ΕΛΛΗΝΩΝ","IV. Texts, Scholia, Paraphrases, Interpretations of Greek and Latin Authors - A. Greek Authors",,Ἡρόδοτος,Herodotus,"Τεμάχια κατ' ἐκλογήν, ὑπὸ Ἐμμ. Γαλάνη","Selected excerpts, by Emm. Galanis",σελ. 205,10,γρ.,
1895,IMG_1328.jpeg,"Δ΄ ΚΕΙΜΕΝΑ, ΣΧΟΛΙΑ, ΠΑΡΑΦΡΑΣΕΙΣ, ΕΡΜΗΝΕΙΑΙ ΕΛΛΗΝΩΝ ΚΑΙ ΛΑΤΙΝΩΝ ΣΥΓΓΡΑΦΕΩΝ - Α΄ ΕΛΛΗΝΩΝ","IV. Texts, Scholia, Paraphrases, Interpretations of Greek and Latin Authors - A. Greek Authors",,Ἡρόδοτος,Herodotus,"Ἱστορίαι. Βιβλίον δ΄—ϛ΄, ὑπὸ Μπὰρτ καὶ Χίρστ","Histories. Books 4-6, by Bart and Hirst",σελ. 63,2,γρ.,
1895,IMG_1328.jpeg,"Δ΄ ΚΕΙΜΕΝΑ, ΣΧΟΛΙΑ, ΠΑΡΑΦΡΑΣΕΙΣ, ΕΡΜΗΝΕΙΑΙ ΕΛΛΗΝΩΝ ΚΑΙ ΛΑΤΙΝΩΝ ΣΥΓΓΡΑΦΕΩΝ - Α΄ ΕΛΛΗΝΩΝ","IV. Texts, Scholia, Paraphrases, Interpretations of Greek and Latin Authors - A. Greek Authors",,Ἡρόδοτος,Herodotus,"Ἀναγνώσματα, μετὰ εἰσαγωγῆς περὶ τοῦ βίου καὶ τῆς διαλέκτου τούτου, ὑπὸ Ε. Κ. Κοφινιώτου","Readings, with introduction on his life and dialect, by E. K. Kofiniotis","8ον, σελ. 184",10,γρ.,
1895,IMG_1328.jpeg,"Δ΄ ΚΕΙΜΕΝΑ, ΣΧΟΛΙΑ, ΠΑΡΑΦΡΑΣΕΙΣ, ΕΡΜΗΝΕΙΑΙ ΕΛΛΗΝΩΝ ΚΑΙ ΛΑΤΙΝΩΝ ΣΥΓΓΡΑΦΕΩΝ - Α΄ ΕΛΛΗΝΩΝ","IV. Texts, Scholia, Paraphrases, Interpretations of Greek and Latin Authors - A. Greek Authors",,Ἡρόδοτος,Herodotus,"Ἱστορίαι, ἐξηγηθεῖσαι ὑπὸ Ἀ. Γ. Σκαλίδου","Histories, explained by A. G. Skalidis","τόμ. 2, σ. 934",18,γρ.,
1895,IMG_1328.jpeg,"Δ΄ ΚΕΙΜΕΝΑ, ΣΧΟΛΙΑ, ΠΑΡΑΦΡΑΣΕΙΣ, ΕΡΜΗΝΕΙΑΙ ΕΛΛΗΝΩΝ ΚΑΙ ΛΑΤΙΝΩΝ ΣΥΓΓΡΑΦΕΩΝ - Α΄ ΕΛΛΗΝΩΝ","IV. Texts, Scholia, Paraphrases, Interpretations of Greek and Latin Authors - A. Greek Authors",,Ἡρόδοτος,Herodotus,"Μοῦσαι, ὑπὸ Κ. Φιλαλήθους","Muses, by K. Filalithis",σελ. 756,20,γρ.,
1895,IMG_1328.jpeg,"Δ΄ ΚΕΙΜΕΝΑ, ΣΧΟΛΙΑ, ΠΑΡΑΦΡΑΣΕΙΣ, ΕΡΜΗΝΕΙΑΙ ΕΛΛΗΝΩΝ ΚΑΙ ΛΑΤΙΝΩΝ ΣΥΓΓΡΑΦΕΩΝ - Α΄ ΕΛΛΗΝΩΝ","IV. Texts, Scholia, Paraphrases, Interpretations of Greek and Latin Authors - A. Greek Authors",,Θουκυδίδης,Thucydides,"Θουκυδίδης, ὑπὸ Σ. Βλαντῆ","Thucydides, by S. Vlantis","8ον, σελ. 690",30,γρ.,
1895,IMG_1328.jpeg,"Δ΄ ΚΕΙΜΕΝΑ, ΣΧΟΛΙΑ, ΠΑΡΑΦΡΑΣΕΙΣ, ΕΡΜΗΝΕΙΑΙ ΕΛΛΗΝΩΝ ΚΑΙ ΛΑΤΙΝΩΝ ΣΥΓΓΡΑΦΕΩΝ - Α΄ ΕΛΛΗΝΩΝ","IV. Texts, Scholia, Paraphrases, Interpretations of Greek and Latin Authors - A. Greek Authors",,Θουκυδίδης,Thucydides,"μετὰ σημειώσεων, ὑπὸ Ἀρ. Μισίου","with notes, by Ar. Misios","εἰς τεύχη 6, 8ον",60,γρ.,
1895,IMG_1328.jpeg,"Δ΄ ΚΕΙΜΕΝΑ, ΣΧΟΛΙΑ, ΠΑΡΑΦΡΑΣΕΙΣ, ΕΡΜΗΝΕΙΑΙ ΕΛΛΗΝΩΝ ΚΑΙ ΛΑΤΙΝΩΝ ΣΥΓΓΡΑΦΕΩΝ - Α΄ ΕΛΛΗΝΩΝ","IV. Texts, Scholia, Paraphrases, Interpretations of Greek and Latin Authors - A. Greek Authors",,Θουκυδίδης,Thucydides,"Περὶ τοῦ Πελοποννησιακοῦ πολέμου βιβλία ὀκτώ, μεταφρασθέντα καὶ σχολιασθέντα παρὰ Νεοφύτου Δούκα","Eight books on the Peloponnesian War, translated and annotated by Neofytos Doukas","τόμοι 10, 8ον, σελ. 2626",190,γρ.,
1895,IMG_1328.jpeg,"Δ΄ ΚΕΙΜΕΝΑ, ΣΧΟΛΙΑ, ΠΑΡΑΦΡΑΣΕΙΣ, ΕΡΜΗΝΕΙΑΙ ΕΛΛΗΝΩΝ ΚΑΙ ΛΑΤΙΝΩΝ ΣΥΓΓΡΑΦΕΩΝ - Α΄ ΕΛΛΗΝΩΝ","IV. Texts, Scholia, Paraphrases, Interpretations of Greek and Latin Authors - A. Greek Authors",,Θουκυδίδης,Thucydides,"Ὁ Πελοποννησίων καὶ Ἀθηναίων πόλεμος, βιβλ. Α΄, ὑπὸ Γ. Δ. Ζηκίδου","The War between Peloponnesians and Athenians, Book 1, by G. D. Zikidis","8ον, σελ. 295",16,γρ.,
1895,IMG_1329.jpeg,"Δ΄ ΚΕΙΜΕΝΑ, ΣΧΟΛΙΑ, ΠΑΡΑΦΡΑΣΕΙΣ, ΕΡΜΗΝΕΙΑΙ ΕΛΛΗΝΩΝ ΚΑΙ ΛΑΤΙΝΩΝ ΣΥΓΓΡΑΦΕΩΝ - Α΄ ΕΛΛΗΝΩΝ","IV. Texts, Scholia, Paraphrases, Interpretations of Greek and Latin Authors - A. Greek Authors",,Θουκυδίδης,Thucydides,"Πελοποννησιακὸς πόλεμος, μετάφρασις Ἀ. Γ. Σκαλίδου","Peloponnesian War, translation by A. G. Skalidos","τόμ. 2, 8ον, σελ. 812",18,γρ.,
1895,IMG_1329.jpeg,"Δ΄ ΚΕΙΜΕΝΑ, ΣΧΟΛΙΑ, ΠΑΡΑΦΡΑΣΕΙΣ, ΕΡΜΗΝΕΙΑΙ ΕΛΛΗΝΩΝ ΚΑΙ ΛΑΤΙΝΩΝ ΣΥΓΓΡΑΦΕΩΝ - Α΄ ΕΛΛΗΝΩΝ","IV. Texts, Scholia, Paraphrases, Interpretations of Greek and Latin Authors - A. Greek Authors",,Θουκυδίδης,Thucydides,"Πελοποννησιακὸς πόλεμος, μετάφρασις Κ. Φιλαλήθους","Peloponnesian War, translation by K. Filalithis",σελ. 719,12,γρ.,
1895,IMG_1329.jpeg,"Δ΄ ΚΕΙΜΕΝΑ, ΣΧΟΛΙΑ, ΠΑΡΑΦΡΑΣΕΙΣ, ΕΡΜΗΝΕΙΑΙ ΕΛΛΗΝΩΝ ΚΑΙ ΛΑΤΙΝΩΝ ΣΥΓΓΡΑΦΕΩΝ - Α΄ ΕΛΛΗΝΩΝ","IV. Texts, Scholia, Paraphrases, Interpretations of Greek and Latin Authors - A. Greek Authors",,Θουκυδίδης,Thucydides,"Ἐπιτάφιος τοῦ Περικλέους καὶ ὁ Διάλογος τῶν Μηλίων, μετὰ σημειώσεων καὶ παραφράσεως, ὑπὸ Β. Γ. Βυθούλκα","Pericles' Funeral Oration and the Melian Dialogue, with notes and paraphrase, by V. G. Vythoulkas","8ον, σελ. 80",5,γρ.,
1895,IMG_1329.jpeg,"Δ΄ ΚΕΙΜΕΝΑ, ΣΧΟΛΙΑ, ΠΑΡΑΦΡΑΣΕΙΣ, ΕΡΜΗΝΕΙΑΙ ΕΛΛΗΝΩΝ ΚΑΙ ΛΑΤΙΝΩΝ ΣΥΓΓΡΑΦΕΩΝ - Α΄ ΕΛΛΗΝΩΝ","IV. Texts, Scholia, Paraphrases, Interpretations of Greek and Latin Authors - A. Greek Authors",,Θουκυδίδης,Thucydides,"Προοιμίου καὶ δημηγοριῶν κατὰ λέξιν μετάφρασις, ὑπὸ Β. Π. Βοζίκη","Word-for-word translation of the proem and speeches, by V. P. Vozikis",σελ. 180,8,γρ.,
1895,IMG_1329.jpeg,"Δ΄ ΚΕΙΜΕΝΑ, ΣΧΟΛΙΑ, ΠΑΡΑΦΡΑΣΕΙΣ, ΕΡΜΗΝΕΙΑΙ ΕΛΛΗΝΩΝ ΚΑΙ ΛΑΤΙΝΩΝ ΣΥΓΓΡΑΦΕΩΝ - Α΄ ΕΛΛΗΝΩΝ","IV. Texts, Scholia, Paraphrases, Interpretations of Greek and Latin Authors - A. Greek Authors",,Θουκυδίδης,Thucydides,"Σχόλια εἰς τὰς Δημηγορίας, ὑπὸ Γρ. Ν. Βερναρδάκη, ἔκδ. β΄","Commentary on the Speeches, by Gr. N. Bernardakis, 2nd ed.",σελ. 287,12,γρ.,
1895,IMG_1329.jpeg,"Δ΄ ΚΕΙΜΕΝΑ, ΣΧΟΛΙΑ, ΠΑΡΑΦΡΑΣΕΙΣ, ΕΡΜΗΝΕΙΑΙ ΕΛΛΗΝΩΝ ΚΑΙ ΛΑΤΙΝΩΝ ΣΥΓΓΡΑΦΕΩΝ - Α΄ ΕΛΛΗΝΩΝ","IV. Texts, Scholia, Paraphrases, Interpretations of Greek and Latin Authors - A. Greek Authors",,Ἰσοκράτης,Isocrates,"Τὰ Ἀπόρρητα, ὑπὸ Α. Κυπριανοῦ","The Secret Matters, by A. Kyprianos","8ον, σ. 235",15,γρ.,
1895,IMG_1329.jpeg,"Δ΄ ΚΕΙΜΕΝΑ, ΣΧΟΛΙΑ, ΠΑΡΑΦΡΑΣΕΙΣ, ΕΡΜΗΝΕΙΑΙ ΕΛΛΗΝΩΝ ΚΑΙ ΛΑΤΙΝΩΝ ΣΥΓΓΡΑΦΕΩΝ - Α΄ ΕΛΛΗΝΩΝ","IV. Texts, Scholia, Paraphrases, Interpretations of Greek and Latin Authors - A. Greek Authors",,Ἰσοκράτης,Isocrates,"Ἀρεοπαγιτικός, μετάφρασις Ἀ. Τσάτσου","Areopagiticus, translation by A. Tsatsos",σελ. 40,4,γρ.,
1895,IMG_1329.jpeg,"Δ΄ ΚΕΙΜΕΝΑ, ΣΧΟΛΙΑ, ΠΑΡΑΦΡΑΣΕΙΣ, ΕΡΜΗΝΕΙΑΙ ΕΛΛΗΝΩΝ ΚΑΙ ΛΑΤΙΝΩΝ ΣΥΓΓΡΑΦΕΩΝ - Α΄ ΕΛΛΗΝΩΝ","IV. Texts, Scholia, Paraphrases, Interpretations of Greek and Latin Authors - A. Greek Authors",,Ἰσοκράτης,Isocrates,"Ἀρχίδαμος καὶ Περὶ εἰρήνης, ὑπὸ Μπὰρτ καὶ Χίρστ","Archidamus and On the Peace, by Bart and Hirst",σελ. 59,2.20,γρ.,"2 γρόσια, 20 παράδες"
1895,IMG_1329.jpeg,"Δ΄ ΚΕΙΜΕΝΑ, ΣΧΟΛΙΑ, ΠΑΡΑΦΡΑΣΕΙΣ, ΕΡΜΗΝΕΙΑΙ ΕΛΛΗΝΩΝ ΚΑΙ ΛΑΤΙΝΩΝ ΣΥΓΓΡΑΦΕΩΝ - Α΄ ΕΛΛΗΝΩΝ","IV. Texts, Scholia, Paraphrases, Interpretations of Greek and Latin Authors - A. Greek Authors",,Ἰσοκράτης,Isocrates,"Πρὸς Δημόνικον Παραίνεσις, ἔκδοσις Σχολικὴ κατὰ τὴν στερεότυπον τῆς Λειψίας ἔκδοσιν","To Demonicus, School edition based on the Leipzig stereotype edition",σελ. β΄+16,1.20,γρ.,"1 γρόσι, 20 παράδες"
1895,IMG_1329.jpeg,"Δ΄ ΚΕΙΜΕΝΑ, ΣΧΟΛΙΑ, ΠΑΡΑΦΡΑΣΕΙΣ, ΕΡΜΗΝΕΙΑΙ ΕΛΛΗΝΩΝ ΚΑΙ ΛΑΤΙΝΩΝ ΣΥΓΓΡΑΦΕΩΝ - Α΄ ΕΛΛΗΝΩΝ","IV. Texts, Scholia, Paraphrases, Interpretations of Greek and Latin Authors - A. Greek Authors",,Ἰσοκράτης,Isocrates,"Πρὸς Δημόνικον Παραίνεσις, μετὰ ποικίλων σημειώσεων ὑπὸ Ἰωακεὶμ Βαλαβάνη","To Demonicus, with various notes by Ioakeim Valavanis",σελ. δ΄+40,2.20,γρ.,"2 γρόσια, 20 παράδες"
1895,IMG_1329.jpeg,"Δ΄ ΚΕΙΜΕΝΑ, ΣΧΟΛΙΑ, ΠΑΡΑΦΡΑΣΕΙΣ, ΕΡΜΗΝΕΙΑΙ ΕΛΛΗΝΩΝ ΚΑΙ ΛΑΤΙΝΩΝ ΣΥΓΓΡΑΦΕΩΝ - Α΄ ΕΛΛΗΝΩΝ","IV. Texts, Scholia, Paraphrases, Interpretations of Greek and Latin Authors - A. Greek Authors",,Ἰσοκράτης,Isocrates,"Πρὸς Δημόνικον Παραίνεσις, ἐξηγημένη, ὑπὸ Ἰωακεὶμ Βαλαβάνη","To Demonicus, explained by Ioakeim Valavanis",σελ. 20,2,γρ.,
1895,IMG_1329.jpeg,"Δ΄ ΚΕΙΜΕΝΑ, ΣΧΟΛΙΑ, ΠΑΡΑΦΡΑΣΕΙΣ, ΕΡΜΗΝΕΙΑΙ ΕΛΛΗΝΩΝ ΚΑΙ ΛΑΤΙΝΩΝ ΣΥΓΓΡΑΦΕΩΝ - Α΄ ΕΛΛΗΝΩΝ","IV. Texts, Scholia, Paraphrases, Interpretations of Greek and Latin Authors - A. Greek Authors",,Ἰσοκράτης,Isocrates,"Λόγοι κατ' ἐκλογὴν μετὰ σχολίων, ὑπὸ Ἀνέστη Κωνσταντινίδου (Τόμοι Α΄-Γ΄)","Selected Speeches with commentary, by Anestis Konstantinidis (Vols 1-3)","Τόμ. Α΄ σελ. 123, Τόμ. Β΄ σελ. 143, Τόμ. Γ΄ σελ. 162",15,γρ.,3 τόμοι πρὸς 5 γρόσια ἕκαστος
1895,IMG_1329.jpeg,"Δ΄ ΚΕΙΜΕΝΑ, ΣΧΟΛΙΑ, ΠΑΡΑΦΡΑΣΕΙΣ, ΕΡΜΗΝΕΙΑΙ ΕΛΛΗΝΩΝ ΚΑΙ ΛΑΤΙΝΩΝ ΣΥΓΓΡΑΦΕΩΝ - Α΄ ΕΛΛΗΝΩΝ","IV. Texts, Scholia, Paraphrases, Interpretations of Greek and Latin Authors - A. Greek Authors",,Ἰσοκράτης,Isocrates,Λόγοι μεταφρασθέντες ὑπὸ Ἀ. Τσάτσου (Τόμοι Α΄-Β΄),Speeches translated by A. Tsatsos (Vols 1-2),"Τόμ. Α΄ σελ. 85, Τόμ. Β΄ σελ. 100",10,γρ.,2 τόμοι πρὸς 5 γρόσια ἕκαστος
1895,IMG_1329.jpeg,"Δ΄ ΚΕΙΜΕΝΑ, ΣΧΟΛΙΑ, ΠΑΡΑΦΡΑΣΕΙΣ, ΕΡΜΗΝΕΙΑΙ ΕΛΛΗΝΩΝ ΚΑΙ ΛΑΤΙΝΩΝ ΣΥΓΓΡΑΦΕΩΝ - Α΄ ΕΛΛΗΝΩΝ","IV. Texts, Scholia, Paraphrases, Interpretations of Greek and Latin Authors - A. Greek Authors",,Ἰσοκράτης,Isocrates,"Πανηγυρικός, ὑπὸ Β. Βυθούλκα","Panegyricus, by V. Vythoulkas","8ον, σελ. 103",7,γρ.,
1895,IMG_1329.jpeg,"Δ΄ ΚΕΙΜΕΝΑ, ΣΧΟΛΙΑ, ΠΑΡΑΦΡΑΣΕΙΣ, ΕΡΜΗΝΕΙΑΙ ΕΛΛΗΝΩΝ ΚΑΙ ΛΑΤΙΝΩΝ ΣΥΓΓΡΑΦΕΩΝ - Α΄ ΕΛΛΗΝΩΝ","IV. Texts, Scholia, Paraphrases, Interpretations of Greek and Latin Authors - A. Greek Authors",,Ἰσοκράτης,Isocrates,"Πανηγυρικός, μετάφρασις Ἀ. Κωνσταντινίδου","Panegyricus, translation by A. Konstantinidis",σελ. 63,4,γρ.,
1895,IMG_1329.jpeg,"Δ΄ ΚΕΙΜΕΝΑ, ΣΧΟΛΙΑ, ΠΑΡΑΦΡΑΣΕΙΣ, ΕΡΜΗΝΕΙΑΙ ΕΛΛΗΝΩΝ ΚΑΙ ΛΑΤΙΝΩΝ ΣΥΓΓΡΑΦΕΩΝ - Α΄ ΕΛΛΗΝΩΝ","IV. Texts, Scholia, Paraphrases, Interpretations of Greek and Latin Authors - A. Greek Authors",,Ἰσοκράτης,Isocrates,"Πανηγυρικός, ὑπὸ Μπὰρτ καὶ Χίρστ","Panegyricus, by Bart and Hirst",σελ. 47,2,γρ.,
1895,IMG_1329.jpeg,"Δ΄ ΚΕΙΜΕΝΑ, ΣΧΟΛΙΑ, ΠΑΡΑΦΡΑΣΕΙΣ, ΕΡΜΗΝΕΙΑΙ ΕΛΛΗΝΩΝ ΚΑΙ ΛΑΤΙΝΩΝ ΣΥΓΓΡΑΦΕΩΝ - Α΄ ΕΛΛΗΝΩΝ","IV. Texts, Scholia, Paraphrases, Interpretations of Greek and Latin Authors - A. Greek Authors",,Λουκιανὸς Σαμοσατεύς,Lucian of Samosata,"Δουκιανοῦ Σαμοσατέως Ἅπαντα, μετενεχθέντα εἰς τὴν καθωμιλημένην ὑπὸ Ἀ. Γ. Σκαλίδου","Lucian of Samosata's Complete Works, translated into vernacular by A. G. Skalidos","τόμ. 3, 8ον, σελ. 1431",24,γρ.,Misprinted as Δουκιανοῦ
1895,IMG_1329.jpeg,"Δ΄ ΚΕΙΜΕΝΑ, ΣΧΟΛΙΑ, ΠΑΡΑΦΡΑΣΕΙΣ, ΕΡΜΗΝΕΙΑΙ ΕΛΛΗΝΩΝ ΚΑΙ ΛΑΤΙΝΩΝ ΣΥΓΓΡΑΦΕΩΝ - Α΄ ΕΛΛΗΝΩΝ","IV. Texts, Scholia, Paraphrases, Interpretations of Greek and Latin Authors - A. Greek Authors",,Λυκοῦργος,Lycurgus,"Λυκούργου Λόγος κατὰ Λεωκράτους, σχολιασθεὶς ὑπὸ Γ. Ν. Σωτηρίου","Speech Against Leocrates, commented by G. N. Sotiriou","8ον, σελ. 93",6,γρ.,
1895,IMG_1329.jpeg,"Δ΄ ΚΕΙΜΕΝΑ, ΣΧΟΛΙΑ, ΠΑΡΑΦΡΑΣΕΙΣ, ΕΡΜΗΝΕΙΑΙ ΕΛΛΗΝΩΝ ΚΑΙ ΛΑΤΙΝΩΝ ΣΥΓΓΡΑΦΕΩΝ - Α΄ ΕΛΛΗΝΩΝ","IV. Texts, Scholia, Paraphrases, Interpretations of Greek and Latin Authors - A. Greek Authors",,Λυκοῦργος,Lycurgus,"Κατὰ Λεωκράτους Λόγος, ὑπὸ Μπὰρτ καὶ Χίρστ","Speech Against Leocrates, by Bart and Hirst",σελ. 48,2,γρ.,
1895,IMG_1330.jpeg,"Δ΄ ΚΕΙΜΕΝΑ, ΣΧΟΛΙΑ, ΠΑΡΑΦΡΑΣΕΙΣ, ΕΡΜΗΝΕΙΑΙ ΕΛΛΗΝΩΝ ΚΑΙ ΛΑΤΙΝΩΝ ΣΥΓΓΡΑΦΕΩΝ - Α΄ ΕΛΛΗΝΩΝ","IV. Texts, Scholia, Paraphrases, Interpretations of Greek and Latin Authors - A. Greek Authors",,Λυσίας,Lysias,Ἐπιτάφιος τοῖς Κορινθίων βοηθοῖς,Funeral Oration for the Corinthian Helpers,,2.20,γρ.,"μετὰ ποικίλων σημειώσεων, ὑπὸ Ἰωακεὶμ Βαλαβάνη, γρ. 2 παρ. 20"
1895,IMG_1330.jpeg,"Δ΄ ΚΕΙΜΕΝΑ, ΣΧΟΛΙΑ, ΠΑΡΑΦΡΑΣΕΙΣ, ΕΡΜΗΝΕΙΑΙ ΕΛΛΗΝΩΝ ΚΑΙ ΛΑΤΙΝΩΝ ΣΥΓΓΡΑΦΕΩΝ - Α΄ ΕΛΛΗΝΩΝ","IV. Texts, Scholia, Paraphrases, Interpretations of Greek and Latin Authors - A. Greek Authors",,Λυσίας,Lysias,Οἱ ἐν τοῖς γυμνασίοις διδασκόμενοι λόγοι,The Speeches Taught in High Schools,σελ. 243,10,γρ.,"μετὰ σημειώσεων, ὑπὸ Ἐμμ. Γαλάνη"
1895,IMG_1330.jpeg,"Δ΄ ΚΕΙΜΕΝΑ, ΣΧΟΛΙΑ, ΠΑΡΑΦΡΑΣΕΙΣ, ΕΡΜΗΝΕΙΑΙ ΕΛΛΗΝΩΝ ΚΑΙ ΛΑΤΙΝΩΝ ΣΥΓΓΡΑΦΕΩΝ - Α΄ ΕΛΛΗΝΩΝ","IV. Texts, Scholia, Paraphrases, Interpretations of Greek and Latin Authors - A. Greek Authors",,Λυσίας,Lysias,Λόγοι κατ' ἐκλογήν,Selected Speeches,"8ον, σελ. 174",12,γρ.,"μετὰ σχολίων, ὑπὸ Π. Ἰασεμίδου"
1895,IMG_1330.jpeg,"Δ΄ ΚΕΙΜΕΝΑ, ΣΧΟΛΙΑ, ΠΑΡΑΦΡΑΣΕΙΣ, ΕΡΜΗΝΕΙΑΙ ΕΛΛΗΝΩΝ ΚΑΙ ΛΑΤΙΝΩΝ ΣΥΓΓΡΑΦΕΩΝ - Α΄ ΕΛΛΗΝΩΝ","IV. Texts, Scholia, Paraphrases, Interpretations of Greek and Latin Authors - A. Greek Authors",,Λυσίας,Lysias,Κατὰ Ἀγοράτου,Against Agoratus,σελ. 30,2.20,γρ.,"μετενεχθεῖς εἰς τὴν καθωμιλημένην ὑπὸ Ἀνέστη Κωνσταντινίδου, γρ. 2 παρ. 20"
1895,IMG_1330.jpeg,"Δ΄ ΚΕΙΜΕΝΑ, ΣΧΟΛΙΑ, ΠΑΡΑΦΡΑΣΕΙΣ, ΕΡΜΗΝΕΙΑΙ ΕΛΛΗΝΩΝ ΚΑΙ ΛΑΤΙΝΩΝ ΣΥΓΓΡΑΦΕΩΝ - Α΄ ΕΛΛΗΝΩΝ","IV. Texts, Scholia, Paraphrases, Interpretations of Greek and Latin Authors - A. Greek Authors",,Ξενοφῶν,Xenophon,Ἀπομνημονεύματα,Memorabilia,,4,γρ.,ἔκδοσις σχολικὴ κατὰ τὴν στερεότυπον ἔκδοσιν τῆς Λειψίας
1895,IMG_1330.jpeg,"Δ΄ ΚΕΙΜΕΝΑ, ΣΧΟΛΙΑ, ΠΑΡΑΦΡΑΣΕΙΣ, ΕΡΜΗΝΕΙΑΙ ΕΛΛΗΝΩΝ ΚΑΙ ΛΑΤΙΝΩΝ ΣΥΓΓΡΑΦΕΩΝ - Α΄ ΕΛΛΗΝΩΝ","IV. Texts, Scholia, Paraphrases, Interpretations of Greek and Latin Authors - A. Greek Authors",,Ξενοφῶν,Xenophon,Ἀπομνημονεύματα,Memorabilia,,,,"μετὰ ποικίλων σημειώσεων, ὑπὸ Ἰωακεὶμ Βαλαβάνη (Τόμ. Δ΄ τοῦ Ἀπανθίσματος τῶν Ἑλλ. Γραμμάτων)"
1895,IMG_1330.jpeg,"Δ΄ ΚΕΙΜΕΝΑ, ΣΧΟΛΙΑ, ΠΑΡΑΦΡΑΣΕΙΣ, ΕΡΜΗΝΕΙΑΙ ΕΛΛΗΝΩΝ ΚΑΙ ΛΑΤΙΝΩΝ ΣΥΓΓΡΑΦΕΩΝ - Α΄ ΕΛΛΗΝΩΝ","IV. Texts, Scholia, Paraphrases, Interpretations of Greek and Latin Authors - A. Greek Authors",,Ξενοφῶν,Xenophon,Ἀπομνημονεύματα,Memorabilia,σελ. 158,5,γρ.,μετὰ σχολίων
1895,IMG_1330.jpeg,"Δ΄ ΚΕΙΜΕΝΑ, ΣΧΟΛΙΑ, ΠΑΡΑΦΡΑΣΕΙΣ, ΕΡΜΗΝΕΙΑΙ ΕΛΛΗΝΩΝ ΚΑΙ ΛΑΤΙΝΩΝ ΣΥΓΓΡΑΦΕΩΝ - Α΄ ΕΛΛΗΝΩΝ","IV. Texts, Scholia, Paraphrases, Interpretations of Greek and Latin Authors - A. Greek Authors",,Ξενοφῶν,Xenophon,"Ἀπομνημονεύματα, Βιβλίον Α΄ καὶ Β΄","Memorabilia, Books 1 and 2",σελ. 65,1.20,γρ.,"ὑπὸ Μπὰρτ καὶ Χῖρστ, γρ. 1 παρ. 20"
1895,IMG_1330.jpeg,"Δ΄ ΚΕΙΜΕΝΑ, ΣΧΟΛΙΑ, ΠΑΡΑΦΡΑΣΕΙΣ, ΕΡΜΗΝΕΙΑΙ ΕΛΛΗΝΩΝ ΚΑΙ ΛΑΤΙΝΩΝ ΣΥΓΓΡΑΦΕΩΝ - Α΄ ΕΛΛΗΝΩΝ","IV. Texts, Scholia, Paraphrases, Interpretations of Greek and Latin Authors - A. Greek Authors",,Ξενοφῶν,Xenophon,"Ἀπομνημονεύματα, Βιβλίον Γ΄ καὶ Δ΄","Memorabilia, Books 3 and 4",σελ. 72,1.20,γρ.,"ὑπὸ Μπὰρτ καὶ Χῖρστ, γρ. 1 παρ. 20"
1895,IMG_1330.jpeg,"Δ΄ ΚΕΙΜΕΝΑ, ΣΧΟΛΙΑ, ΠΑΡΑΦΡΑΣΕΙΣ, ΕΡΜΗΝΕΙΑΙ ΕΛΛΗΝΩΝ ΚΑΙ ΛΑΤΙΝΩΝ ΣΥΓΓΡΑΦΕΩΝ - Α΄ ΕΛΛΗΝΩΝ","IV. Texts, Scholia, Paraphrases, Interpretations of Greek and Latin Authors - A. Greek Authors",,Ξενοφῶν,Xenophon,Ἀπομνημονεύματα,Memorabilia,σελ. 254,12,γρ.,μετὰ εἰσαγωγῆς καὶ σημειώσεων ὑπὸ Γ. Μπουκουβάλα
1895,IMG_1330.jpeg,"Δ΄ ΚΕΙΜΕΝΑ, ΣΧΟΛΙΑ, ΠΑΡΑΦΡΑΣΕΙΣ, ΕΡΜΗΝΕΙΑΙ ΕΛΛΗΝΩΝ ΚΑΙ ΛΑΤΙΝΩΝ ΣΥΓΓΡΑΦΕΩΝ - Α΄ ΕΛΛΗΝΩΝ","IV. Texts, Scholia, Paraphrases, Interpretations of Greek and Latin Authors - A. Greek Authors",,Ξενοφῶν,Xenophon,Ἀπομνημονεύματα,Memorabilia,σελ. 218,10,γρ.,μετάφρασις Χ. Παμπούκη μετὰ σημειώσεων
1895,IMG_1330.jpeg,"Δ΄ ΚΕΙΜΕΝΑ, ΣΧΟΛΙΑ, ΠΑΡΑΦΡΑΣΕΙΣ, ΕΡΜΗΝΕΙΑΙ ΕΛΛΗΝΩΝ ΚΑΙ ΛΑΤΙΝΩΝ ΣΥΓΓΡΑΦΕΩΝ - Α΄ ΕΛΛΗΝΩΝ","IV. Texts, Scholia, Paraphrases, Interpretations of Greek and Latin Authors - A. Greek Authors",,Ξενοφῶν,Xenophon,Ἀπομνημονεύματα,Memorabilia,"8ον, σελ. 208",15,γρ.,"μετὰ εἰσαγωγῆς καὶ σημειώσεων, ὑπὸ Ε. Δ. Τσακαλώτου"
1895,IMG_1330.jpeg,"Δ΄ ΚΕΙΜΕΝΑ, ΣΧΟΛΙΑ, ΠΑΡΑΦΡΑΣΕΙΣ, ΕΡΜΗΝΕΙΑΙ ΕΛΛΗΝΩΝ ΚΑΙ ΛΑΤΙΝΩΝ ΣΥΓΓΡΑΦΕΩΝ - Α΄ ΕΛΛΗΝΩΝ","IV. Texts, Scholia, Paraphrases, Interpretations of Greek and Latin Authors - A. Greek Authors",,Ξενοφῶν,Xenophon,Ἀπομνημονεύματα,Memorabilia,σελ. 207,7,γρ.,"μεταφρασθέντα εἰς τὴν καθωμιλημένην μετὰ προλεγομένων καὶ σημειώσεων, ὑπὸ Σ. Δ. Χιωτέλλη"
1895,IMG_1330.jpeg,"Δ΄ ΚΕΙΜΕΝΑ, ΣΧΟΛΙΑ, ΠΑΡΑΦΡΑΣΕΙΣ, ΕΡΜΗΝΕΙΑΙ ΕΛΛΗΝΩΝ ΚΑΙ ΛΑΤΙΝΩΝ ΣΥΓΓΡΑΦΕΩΝ - Α΄ ΕΛΛΗΝΩΝ","IV. Texts, Scholia, Paraphrases, Interpretations of Greek and Latin Authors - A. Greek Authors",,Ξενοφῶν,Xenophon,Κύρου Ἀνάβασις,Anabasis of Cyrus,σελ. 270,5,γρ.,ἔκδοσις σχολικὴ κατὰ τὴν στερεότυπον τῆς Λειψίας ἔκδοσιν
1895,IMG_1330.jpeg,"Δ΄ ΚΕΙΜΕΝΑ, ΣΧΟΛΙΑ, ΠΑΡΑΦΡΑΣΕΙΣ, ΕΡΜΗΝΕΙΑΙ ΕΛΛΗΝΩΝ ΚΑΙ ΛΑΤΙΝΩΝ ΣΥΓΓΡΑΦΕΩΝ - Α΄ ΕΛΛΗΝΩΝ","IV. Texts, Scholia, Paraphrases, Interpretations of Greek and Latin Authors - A. Greek Authors",,Ξενοφῶν,Xenophon,"Κύρου Ἀνάβασις, Βιβλίον Α΄, Β΄ καὶ Γ΄","Anabasis of Cyrus, Books 1, 2, and 3",σελ. η΄—263,6,γρ.,μετὰ ποικίλων σημειώσεων ὑπὸ Ἰωακεὶμ Βαλαβάνη (Τόμος Β΄ τοῦ Ἀπανθίσματος τῶν Ἑλληνικῶν Γραμμάτων)
1895,IMG_1330.jpeg,"Δ΄ ΚΕΙΜΕΝΑ, ΣΧΟΛΙΑ, ΠΑΡΑΦΡΑΣΕΙΣ, ΕΡΜΗΝΕΙΑΙ ΕΛΛΗΝΩΝ ΚΑΙ ΛΑΤΙΝΩΝ ΣΥΓΓΡΑΦΕΩΝ - Α΄ ΕΛΛΗΝΩΝ","IV. Texts, Scholia, Paraphrases, Interpretations of Greek and Latin Authors - A. Greek Authors",,Ξενοφῶν,Xenophon,Κύρου Ἀνάβασις,Anabasis of Cyrus,"τόμ. 2, 8ον, σελ. 337",2,γρ.,"μετὰ σημειώσεων, ὑπὸ Ἀ. Καραγιάννη"
1895,IMG_1330.jpeg,"Δ΄ ΚΕΙΜΕΝΑ, ΣΧΟΛΙΑ, ΠΑΡΑΦΡΑΣΕΙΣ, ΕΡΜΗΝΕΙΑΙ ΕΛΛΗΝΩΝ ΚΑΙ ΛΑΤΙΝΩΝ ΣΥΓΓΡΑΦΕΩΝ - Α΄ ΕΛΛΗΝΩΝ","IV. Texts, Scholia, Paraphrases, Interpretations of Greek and Latin Authors - A. Greek Authors",,Ξενοφῶν,Xenophon,"Κύρου Ἀνάβασις, βιβλίον Α΄, Β΄, Γ΄","Anabasis of Cyrus, Books 1, 2, 3",σελ. 93,2,γρ.,ὑπὸ Μπὰρτ καὶ Χῖρστ
1895,IMG_1330.jpeg,"Δ΄ ΚΕΙΜΕΝΑ, ΣΧΟΛΙΑ, ΠΑΡΑΦΡΑΣΕΙΣ, ΕΡΜΗΝΕΙΑΙ ΕΛΛΗΝΩΝ ΚΑΙ ΛΑΤΙΝΩΝ ΣΥΓΓΡΑΦΕΩΝ - Α΄ ΕΛΛΗΝΩΝ","IV. Texts, Scholia, Paraphrases, Interpretations of Greek and Latin Authors - A. Greek Authors",,Ξενοφῶν,Xenophon,"Κύρου Ἀνάβασις, Α΄-Δ΄","Anabasis of Cyrus, Books 1-4","τόμ. 2, σελ. 263",20,γρ.,"μετὰ σημειώσεων καὶ πίνακος γεωγραφικοῦ, ὑπὸ Γ. Ἀ. Παπαβασιλείου"
1895,IMG_1331.jpeg,"Δ΄ ΚΕΙΜΕΝΑ, ΣΧΟΛΙΑ, ΠΑΡΑΦΡΑΣΕΙΣ, ΕΡΜΗΝΕΙΑΙ ΕΛΛΗΝΩΝ ΚΑΙ ΛΑΤΙΝΩΝ ΣΥΓΓΡΑΦΕΩΝ - Α΄ ΕΛΛΗΝΩΝ","IV. Texts, Scholia, Paraphrases, Interpretations of Greek and Latin Authors - A. Greek Authors",,Ξενοφῶν,Xenophon,"Κύρου παιδείας καὶ Ἑλληνικῶν Ἐκλογή, μετὰ σχολίων ποικίλων, ὑπὸ Γ. Δ. Ζηκίδου","Selection from Cyropaedia and Hellenica, with various notes, by G. D. Zikidis","8ον, σελ. 323",15,γρ.,
1895,IMG_1331.jpeg,"Δ΄ ΚΕΙΜΕΝΑ, ΣΧΟΛΙΑ, ΠΑΡΑΦΡΑΣΕΙΣ, ΕΡΜΗΝΕΙΑΙ ΕΛΛΗΝΩΝ ΚΑΙ ΛΑΤΙΝΩΝ ΣΥΓΓΡΑΦΕΩΝ - Α΄ ΕΛΛΗΝΩΝ","IV. Texts, Scholia, Paraphrases, Interpretations of Greek and Latin Authors - A. Greek Authors",,Ξενοφῶν,Xenophon,"Κύρου Παιδεία καὶ Ἑλληνικά, μετὰ σημειώσεων καὶ τοπογραφικοῦ πίνακος Ἀθηνῶν καὶ Πειραιῶς, ὑπὸ Γ. Ἀ. Παπαβασιλείου","Cyropaedia and Hellenica, with notes and a topographical map of Athens and Piraeus, by G. A. Papavasileiou",σελ. 347,15,γρ.,
1895,IMG_1331.jpeg,"Δ΄ ΚΕΙΜΕΝΑ, ΣΧΟΛΙΑ, ΠΑΡΑΦΡΑΣΕΙΣ, ΕΡΜΗΝΕΙΑΙ ΕΛΛΗΝΩΝ ΚΑΙ ΛΑΤΙΝΩΝ ΣΥΓΓΡΑΦΕΩΝ - Α΄ ΕΛΛΗΝΩΝ","IV. Texts, Scholia, Paraphrases, Interpretations of Greek and Latin Authors - A. Greek Authors",,Ξενοφῶν,Xenophon,"Ἑλληνικά, μετάφρασις Π. Ματράγκα, μετὰ σημειώσεων","Hellenica, translated by P. Matrangas, with notes","τόμ. 2, σελ. 470",15,γρ.,
1895,IMG_1331.jpeg,"Δ΄ ΚΕΙΜΕΝΑ, ΣΧΟΛΙΑ, ΠΑΡΑΦΡΑΣΕΙΣ, ΕΡΜΗΝΕΙΑΙ ΕΛΛΗΝΩΝ ΚΑΙ ΛΑΤΙΝΩΝ ΣΥΓΓΡΑΦΕΩΝ - Α΄ ΕΛΛΗΝΩΝ","IV. Texts, Scholia, Paraphrases, Interpretations of Greek and Latin Authors - A. Greek Authors",,Ξενοφῶν,Xenophon,"Οἰκονομικοῦ ἀνάλυσις, ὑπὸ Γ. Α. Ἀριστείδου","Analysis of Oeconomicus, by G. A. Aristeidou",σελ. 103,5,γρ.,
1895,IMG_1331.jpeg,"Δ΄ ΚΕΙΜΕΝΑ, ΣΧΟΛΙΑ, ΠΑΡΑΦΡΑΣΕΙΣ, ΕΡΜΗΝΕΙΑΙ ΕΛΛΗΝΩΝ ΚΑΙ ΛΑΤΙΝΩΝ ΣΥΓΓΡΑΦΕΩΝ - Α΄ ΕΛΛΗΝΩΝ","IV. Texts, Scholia, Paraphrases, Interpretations of Greek and Latin Authors - A. Greek Authors",,Ξενοφῶν Ἐφέσιος,Xenophon of Ephesus,"Τὰ κατ' Ἀνθίαν καὶ Ἁβροκόμην, ὑπὸ Χ. Ἰ. Καρρέ","Anthia and Habrocomes, by Ch. I. Karres",σελ. 104,2.20,γρ.,Price listed as '2 γρ. 20 παρ.'
1895,IMG_1331.jpeg,"Δ΄ ΚΕΙΜΕΝΑ, ΣΧΟΛΙΑ, ΠΑΡΑΦΡΑΣΕΙΣ, ΕΡΜΗΝΕΙΑΙ ΕΛΛΗΝΩΝ ΚΑΙ ΛΑΤΙΝΩΝ ΣΥΓΓΡΑΦΕΩΝ - Α΄ ΕΛΛΗΝΩΝ","IV. Texts, Scholia, Paraphrases, Interpretations of Greek and Latin Authors - A. Greek Authors",,Ὅμηρος,Homer,"Ἰλιάδος ἑξάμετρος ἁπλοελληνικὴ μετάφρασις, ὑπὸ Β. Ἀποστολίδου. Μέρος Α΄, ῥαψῳδίαι Α—Μ","Hexameter Modern Greek translation of the Iliad, by V. Apostolidis. Part A, books 1–12","8ον, σελ. 330",20,γρ.,
1895,IMG_1331.jpeg,"Δ΄ ΚΕΙΜΕΝΑ, ΣΧΟΛΙΑ, ΠΑΡΑΦΡΑΣΕΙΣ, ΕΡΜΗΝΕΙΑΙ ΕΛΛΗΝΩΝ ΚΑΙ ΛΑΤΙΝΩΝ ΣΥΓΓΡΑΦΕΩΝ - Α΄ ΕΛΛΗΝΩΝ","IV. Texts, Scholia, Paraphrases, Interpretations of Greek and Latin Authors - A. Greek Authors",,Ὅμηρος,Homer,"Ἰλιάς, μετάφρασις Ἀνέστη Κωνσταντινίδου","Iliad, translated by Anestis Konstantinidis","8ον, σ. 474",12,γρ.,
1895,IMG_1331.jpeg,"Δ΄ ΚΕΙΜΕΝΑ, ΣΧΟΛΙΑ, ΠΑΡΑΦΡΑΣΕΙΣ, ΕΡΜΗΝΕΙΑΙ ΕΛΛΗΝΩΝ ΚΑΙ ΛΑΤΙΝΩΝ ΣΥΓΓΡΑΦΕΩΝ - Α΄ ΕΛΛΗΝΩΝ","IV. Texts, Scholia, Paraphrases, Interpretations of Greek and Latin Authors - A. Greek Authors",,Ὅμηρος,Homer,"Ἰλιάς, σχολιασθεῖσα καὶ ἐκδοθεῖσα ὑπὸ Γ. Μιστριώτου","Iliad, annotated and published by G. Mistriotis","τεύχη 6, Α-Ω, 8ον",80,γρ.,
1895,IMG_1331.jpeg,"Δ΄ ΚΕΙΜΕΝΑ, ΣΧΟΛΙΑ, ΠΑΡΑΦΡΑΣΕΙΣ, ΕΡΜΗΝΕΙΑΙ ΕΛΛΗΝΩΝ ΚΑΙ ΛΑΤΙΝΩΝ ΣΥΓΓΡΑΦΕΩΝ - Α΄ ΕΛΛΗΝΩΝ","IV. Texts, Scholia, Paraphrases, Interpretations of Greek and Latin Authors - A. Greek Authors",,Ὅμηρος,Homer,"Ἰλιάς, ὑπὸ Μπάρτ καὶ Χίρστ, ῥαψῳδίαι Α, Β, Γ","Iliad, by Bart and Hirst, books 1, 2, 3",σ. 68,2,γρ.,
1895,IMG_1331.jpeg,"Δ΄ ΚΕΙΜΕΝΑ, ΣΧΟΛΙΑ, ΠΑΡΑΦΡΑΣΕΙΣ, ΕΡΜΗΝΕΙΑΙ ΕΛΛΗΝΩΝ ΚΑΙ ΛΑΤΙΝΩΝ ΣΥΓΓΡΑΦΕΩΝ - Α΄ ΕΛΛΗΝΩΝ","IV. Texts, Scholia, Paraphrases, Interpretations of Greek and Latin Authors - A. Greek Authors",,Ὅμηρος,Homer,"Ἰλιάς, ὑπὸ Μπάρτ καὶ Χίρστ, ῥαψῳδίαι Δ, Ε, Ζ","Iliad, by Bart and Hirst, books 4, 5, 6",σελ. 69,2,γρ.,
1895,IMG_1331.jpeg,"Δ΄ ΚΕΙΜΕΝΑ, ΣΧΟΛΙΑ, ΠΑΡΑΦΡΑΣΕΙΣ, ΕΡΜΗΝΕΙΑΙ ΕΛΛΗΝΩΝ ΚΑΙ ΛΑΤΙΝΩΝ ΣΥΓΓΡΑΦΕΩΝ - Α΄ ΕΛΛΗΝΩΝ","IV. Texts, Scholia, Paraphrases, Interpretations of Greek and Latin Authors - A. Greek Authors",,Ὅμηρος,Homer,"Ἰλιάς, μετάφρασις Ἀ. Παπαδάκη","Iliad, translated by A. Papadakis",σελ. 522,12,γρ.,
1895,IMG_1331.jpeg,"Δ΄ ΚΕΙΜΕΝΑ, ΣΧΟΛΙΑ, ΠΑΡΑΦΡΑΣΕΙΣ, ΕΡΜΗΝΕΙΑΙ ΕΛΛΗΝΩΝ ΚΑΙ ΛΑΤΙΝΩΝ ΣΥΓΓΡΑΦΕΩΝ - Α΄ ΕΛΛΗΝΩΝ","IV. Texts, Scholia, Paraphrases, Interpretations of Greek and Latin Authors - A. Greek Authors",,Ὅμηρος,Homer,"Ἰλιάς, παραφρασθεῖσα καὶ ὁμοιοκαταλήκτως στιχουργηθεῖσα μεθ' ὑποσημειώσεων κτλ. καὶ χαλκογραφικῶν εἰκόνων παρὰ Γεωργίου Ῥουσιάδου","Iliad, paraphrased and rendered in rhyming verse with notes etc. and copperplate engravings by Georgios Rousiadis","δεδεμένη εἰς 5 τόμους, 8ον, σελ. 1224",220,γρόσια,
1895,IMG_1331.jpeg,"Δ΄ ΚΕΙΜΕΝΑ, ΣΧΟΛΙΑ, ΠΑΡΑΦΡΑΣΕΙΣ, ΕΡΜΗΝΕΙΑΙ ΕΛΛΗΝΩΝ ΚΑΙ ΛΑΤΙΝΩΝ ΣΥΓΓΡΑΦΕΩΝ - Α΄ ΕΛΛΗΝΩΝ","IV. Texts, Scholia, Paraphrases, Interpretations of Greek and Latin Authors - A. Greek Authors",,Ὅμηρος,Homer,"Κλείς, ὑπὸ Ἐμμ. Γαλάνη. Τεύχη 3, ῥαψῳδίαι Α, Β, Γ τῆς Ἰλιάδος","Key, by Emm. Galanis. 3 parts, books 1, 2, 3 of the Iliad","32ον, σελ. 550",12,γρ.,
1895,IMG_1331.jpeg,"Δ΄ ΚΕΙΜΕΝΑ, ΣΧΟΛΙΑ, ΠΑΡΑΦΡΑΣΕΙΣ, ΕΡΜΗΝΕΙΑΙ ΕΛΛΗΝΩΝ ΚΑΙ ΛΑΤΙΝΩΝ ΣΥΓΓΡΑΦΕΩΝ - Α΄ ΕΛΛΗΝΩΝ","IV. Texts, Scholia, Paraphrases, Interpretations of Greek and Latin Authors - A. Greek Authors",,Ὅμηρος,Homer,Σχόλια εἰς τὴν Ἰλιάδα ὑπὸ Κ. Γκαρπολα,Scholia on the Iliad by K. Garpolas,"Τόμοι 3, 32ον, σελ. 856",15,γρ.,
1895,IMG_1331.jpeg,"Δ΄ ΚΕΙΜΕΝΑ, ΣΧΟΛΙΑ, ΠΑΡΑΦΡΑΣΕΙΣ, ΕΡΜΗΝΕΙΑΙ ΕΛΛΗΝΩΝ ΚΑΙ ΛΑΤΙΝΩΝ ΣΥΓΓΡΑΦΕΩΝ - Α΄ ΕΛΛΗΝΩΝ","IV. Texts, Scholia, Paraphrases, Interpretations of Greek and Latin Authors - A. Greek Authors",,Ὅμηρος,Homer,"Ὀδύσσεια, ὑπὸ K. F. Ameis, μετὰ σχολίων καὶ ἑρμηνείας, ὑπὸ Ἀ. Ξ. Καρπαναγιώτου. Τόμ. Α΄, Τεῦχος Α΄, περιέχον τὰς ῥαψῳδίας Α—Ζ","Odyssey, by K. F. Ameis, with scholia and commentary, by A. X. Karpanagiotou. Vol. A, Part A, containing books 1–6","8ον, σελ. 336",20,γρ.,
1895,IMG_1331.jpeg,"Δ΄ ΚΕΙΜΕΝΑ, ΣΧΟΛΙΑ, ΠΑΡΑΦΡΑΣΕΙΣ, ΕΡΜΗΝΕΙΑΙ ΕΛΛΗΝΩΝ ΚΑΙ ΛΑΤΙΝΩΝ ΣΥΓΓΡΑΦΕΩΝ - Α΄ ΕΛΛΗΝΩΝ","IV. Texts, Scholia, Paraphrases, Interpretations of Greek and Latin Authors - A. Greek Authors",,Ὅμηρος,Homer,"Ὀδύσσεια, μετὰ σημειώσεων, ὑπὸ Β. Βυθούλκα","Odyssey, with notes, by V. Vythoulkas","τεύχη 2, σελ. 15΄-293",18,γρ.,
1895,IMG_1331.jpeg,"Δ΄ ΚΕΙΜΕΝΑ, ΣΧΟΛΙΑ, ΠΑΡΑΦΡΑΣΕΙΣ, ΕΡΜΗΝΕΙΑΙ ΕΛΛΗΝΩΝ ΚΑΙ ΛΑΤΙΝΩΝ ΣΥΓΓΡΑΦΕΩΝ - Α΄ ΕΛΛΗΝΩΝ","IV. Texts, Scholia, Paraphrases, Interpretations of Greek and Latin Authors - A. Greek Authors",,Ὅμηρος,Homer,"Ὀδύσσεια, μετάφρασις Ἀνέστη Κωνσταντινίδου, μετὰ εἰκόνων","Odyssey, translated by Anestis Konstantinidis, with illustrations","8ον, σελ. 333",12,γρ.,
1895,IMG_1331.jpeg,"Δ΄ ΚΕΙΜΕΝΑ, ΣΧΟΛΙΑ, ΠΑΡΑΦΡΑΣΕΙΣ, ΕΡΜΗΝΕΙΑΙ ΕΛΛΗΝΩΝ ΚΑΙ ΛΑΤΙΝΩΝ ΣΥΓΓΡΑΦΕΩΝ - Α΄ ΕΛΛΗΝΩΝ","IV. Texts, Scholia, Paraphrases, Interpretations of Greek and Latin Authors - A. Greek Authors",,Ὅμηρος,Homer,"Ὀδύσσεια, ὑπὸ Μπάρτ καὶ Χίρστ, ῥαψῳδίαι Α, Β, Γ","Odyssey, by Bart and Hirst, books 1, 2, 3",σελ. 49,2,γρ.,
1895,IMG_1331.jpeg,"Δ΄ ΚΕΙΜΕΝΑ, ΣΧΟΛΙΑ, ΠΑΡΑΦΡΑΣΕΙΣ, ΕΡΜΗΝΕΙΑΙ ΕΛΛΗΝΩΝ ΚΑΙ ΛΑΤΙΝΩΝ ΣΥΓΓΡΑΦΕΩΝ - Α΄ ΕΛΛΗΝΩΝ","IV. Texts, Scholia, Paraphrases, Interpretations of Greek and Latin Authors - A. Greek Authors",,Ὅμηρος,Homer,"Ὀδύσσεια, ὑπὸ Μπάρτ καὶ Χίρστ, ῥαψῳδίαι Δ, Ε, Ζ","Odyssey, by Bart and Hirst, books 4, 5, 6",σελ. 59,2,γρ.,
1895,IMG_1331.jpeg,"Δ΄ ΚΕΙΜΕΝΑ, ΣΧΟΛΙΑ, ΠΑΡΑΦΡΑΣΕΙΣ, ΕΡΜΗΝΕΙΑΙ ΕΛΛΗΝΩΝ ΚΑΙ ΛΑΤΙΝΩΝ ΣΥΓΓΡΑΦΕΩΝ - Α΄ ΕΛΛΗΝΩΝ","IV. Texts, Scholia, Paraphrases, Interpretations of Greek and Latin Authors - A. Greek Authors",,Ὅμηρος,Homer,"Ὀδύσσεια, σὺν τοῖς σχολίοις, Βατραχομυομαχία, Ὕμνοι, Ἐπιγράμματα, Λείψανα. Ἔκδοσις Ὀξονίας","Odyssey, with scholia, Batrachomyomachia, Hymns, Epigrams, Fragments. Oxford edition","8ον, σελ. 748",30,γρ.,
1895,IMG_1332.jpeg,"Δ΄ ΚΕΙΜΕΝΑ, ΣΧΟΛΙΑ, ΠΑΡΑΦΡΑΣΕΙΣ, ΕΡΜΗΝΕΙΑΙ ΕΛΛΗΝΩΝ ΚΑΙ ΛΑΤΙΝΩΝ ΣΥΓΓΡΑΦΕΩΝ - Α΄ ΕΛΛΗΝΩΝ","IV. Texts, Scholia, Paraphrases, Interpretations of Greek and Latin Authors - A. Greek Authors",2) Τῆς ἐν Παρισίοις ἐκδόσεως Hachette.,Ὅμηρος,Homer,"Ὀδύσσεια, ἔμμετρος μετάφρασις Ἰακώβου Πολυλᾶ","Odyssey, verse translation by Iakovos Polylas","τεύχη 4, 8ον, σελ. 355",30,γρ.,
1895,IMG_1332.jpeg,"Δ΄ ΚΕΙΜΕΝΑ, ΣΧΟΛΙΑ, ΠΑΡΑΦΡΑΣΕΙΣ, ΕΡΜΗΝΕΙΑΙ ΕΛΛΗΝΩΝ ΚΑΙ ΛΑΤΙΝΩΝ ΣΥΓΓΡΑΦΕΩΝ - Α΄ ΕΛΛΗΝΩΝ","IV. Texts, Scholia, Paraphrases, Interpretations of Greek and Latin Authors - A. Greek Authors",2) Τῆς ἐν Παρισίοις ἐκδόσεως Hachette.,Ὅμηρος,Homer,"Ὀδύσσεια, μετάφρασις Ἀ. Ἀ. Σακελλαρίου","Odyssey, translation by A. A. Sakellariou",σελ. 314,8,γρ.,
1895,IMG_1332.jpeg,"Δ΄ ΚΕΙΜΕΝΑ, ΣΧΟΛΙΑ, ΠΑΡΑΦΡΑΣΕΙΣ, ΕΡΜΗΝΕΙΑΙ ΕΛΛΗΝΩΝ ΚΑΙ ΛΑΤΙΝΩΝ ΣΥΓΓΡΑΦΕΩΝ - Α΄ ΕΛΛΗΝΩΝ","IV. Texts, Scholia, Paraphrases, Interpretations of Greek and Latin Authors - A. Greek Authors",2) Τῆς ἐν Παρισίοις ἐκδόσεως Hachette.,Ὅμηρος,Homer,"Ὀδύσσεια, μετάφρασις Ἀ. Γ. Σκαλίδου","Odyssey, translation by A. G. Skalidos",σελ. 348,7,γρ.,
1895,IMG_1332.jpeg,"Δ΄ ΚΕΙΜΕΝΑ, ΣΧΟΛΙΑ, ΠΑΡΑΦΡΑΣΕΙΣ, ΕΡΜΗΝΕΙΑΙ ΕΛΛΗΝΩΝ ΚΑΙ ΛΑΤΙΝΩΝ ΣΥΓΓΡΑΦΕΩΝ - Α΄ ΕΛΛΗΝΩΝ","IV. Texts, Scholia, Paraphrases, Interpretations of Greek and Latin Authors - A. Greek Authors",2) Τῆς ἐν Παρισίοις ἐκδόσεως Hachette.,Ὅμηρος,Homer,"Ὀδύσσεια, μετενεχθεῖσα εἰς τὴν καθωμιλημένην, ὑπὸ Κ. Φιλαλήθους","Odyssey, rendered into modern Greek by K. Filalithis","8ον, σελ. 410",8,γρ.,
1895,IMG_1332.jpeg,"Δ΄ ΚΕΙΜΕΝΑ, ΣΧΟΛΙΑ, ΠΑΡΑΦΡΑΣΕΙΣ, ΕΡΜΗΝΕΙΑΙ ΕΛΛΗΝΩΝ ΚΑΙ ΛΑΤΙΝΩΝ ΣΥΓΓΡΑΦΕΩΝ - Α΄ ΕΛΛΗΝΩΝ","IV. Texts, Scholia, Paraphrases, Interpretations of Greek and Latin Authors - A. Greek Authors",2) Τῆς ἐν Παρισίοις ἐκδόσεως Hachette.,Ὅμηρος,Homer,"Βατραχομυομαχία, μεταγλωττισθεῖσα εἰς ἁπλῆν ὁμοιοτέλευτον φράσιν ὑπὸ Δὸν Γεωργίου Σοτοβίκη καὶ σημειώσεσι πλουτισθεῖσα, ὑπὸ Μ. Ζ. Πρακτικίδου","Batrachomyomachia, translated into simple rhyming verse by Don Georgios Sotovikis and enriched with notes by M. Z. Praktikidis","8ον, σελ. 56",3,γρ.,
1895,IMG_1332.jpeg,"Δ΄ ΚΕΙΜΕΝΑ, ΣΧΟΛΙΑ, ΠΑΡΑΦΡΑΣΕΙΣ, ΕΡΜΗΝΕΙΑΙ ΕΛΛΗΝΩΝ ΚΑΙ ΛΑΤΙΝΩΝ ΣΥΓΓΡΑΦΕΩΝ - Α΄ ΕΛΛΗΝΩΝ","IV. Texts, Scholia, Paraphrases, Interpretations of Greek and Latin Authors - A. Greek Authors",2) Τῆς ἐν Παρισίοις ἐκδόσεως Hachette.,Γ. Ν. Τζερέπης,G. N. Tzerepis,"Ὁμηρικὴ Ἑλλάς, μετὰ εἰσαγωγῆς, ὑπὸ Γ. Ν. Τζερέπη","Homeric Greece, with an introduction, by G. N. Tzerepis",σ. 123,5,γ.,
1895,IMG_1332.jpeg,"Δ΄ ΚΕΙΜΕΝΑ, ΣΧΟΛΙΑ, ΠΑΡΑΦΡΑΣΕΙΣ, ΕΡΜΗΝΕΙΑΙ ΕΛΛΗΝΩΝ ΚΑΙ ΛΑΤΙΝΩΝ ΣΥΓΓΡΑΦΕΩΝ - Α΄ ΕΛΛΗΝΩΝ","IV. Texts, Scholia, Paraphrases, Interpretations of Greek and Latin Authors - A. Greek Authors",2) Τῆς ἐν Παρισίοις ἐκδόσεως Hachette.,Γ. Κωνσταντινίδης,G. Konstantinidis,"Ὁμηρικὴ Θεολογία, ὑπὸ Γ. Κωνσταντινίδου","Homeric Theology, by G. Konstantinidis","8ον, σελ. 264",15,γ.,
1895,IMG_1332.jpeg,"Δ΄ ΚΕΙΜΕΝΑ, ΣΧΟΛΙΑ, ΠΑΡΑΦΡΑΣΕΙΣ, ΕΡΜΗΝΕΙΑΙ ΕΛΛΗΝΩΝ ΚΑΙ ΛΑΤΙΝΩΝ ΣΥΓΓΡΑΦΕΩΝ - Α΄ ΕΛΛΗΝΩΝ","IV. Texts, Scholia, Paraphrases, Interpretations of Greek and Latin Authors - A. Greek Authors",2) Τῆς ἐν Παρισίοις ἐκδόσεως Hachette.,Πίνδαρος,Pindar,"Πίνδαρος ὁ κορυφαῖος τῶν Λυρικῶν, ὑπὸ Π. Γ. Παπακωνσταντίνου","Pindar the Chief of Lyrical Poets, by P. G. Papakonstantinou",σελ. 191,12,γρ.,
1895,IMG_1332.jpeg,"Δ΄ ΚΕΙΜΕΝΑ, ΣΧΟΛΙΑ, ΠΑΡΑΦΡΑΣΕΙΣ, ΕΡΜΗΝΕΙΑΙ ΕΛΛΗΝΩΝ ΚΑΙ ΛΑΤΙΝΩΝ ΣΥΓΓΡΑΦΕΩΝ - Α΄ ΕΛΛΗΝΩΝ","IV. Texts, Scholia, Paraphrases, Interpretations of Greek and Latin Authors - A. Greek Authors",2) Τῆς ἐν Παρισίοις ἐκδόσεως Hachette.,Πλάτων,Plato,"Ἀπολογία Σωκράτους, μετενεχθεῖσα εἰς τὴν καθωμιλημένην, ὑπὸ Ἀνέστη Κωνσταντινίδου","Apology of Socrates, rendered into modern Greek by Anestis Konstantinidis",σελ. 52,2 παρ. 20,γρ.,
1895,IMG_1332.jpeg,"Δ΄ ΚΕΙΜΕΝΑ, ΣΧΟΛΙΑ, ΠΑΡΑΦΡΑΣΕΙΣ, ΕΡΜΗΝΕΙΑΙ ΕΛΛΗΝΩΝ ΚΑΙ ΛΑΤΙΝΩΝ ΣΥΓΓΡΑΦΕΩΝ - Α΄ ΕΛΛΗΝΩΝ","IV. Texts, Scholia, Paraphrases, Interpretations of Greek and Latin Authors - A. Greek Authors",2) Τῆς ἐν Παρισίοις ἐκδόσεως Hachette.,Πλάτων,Plato,"Ἀπολογία Σωκράτους, μετὰ κριτικῶν καὶ ἑρμηνευτικῶν σχολίων, ὑπὸ Γ. Κωνσταντινίδου","Apology of Socrates, with critical and explanatory notes, by G. Konstantinidis","8ον, σελ. 217",12,γρόσια,
1895,IMG_1332.jpeg,"Δ΄ ΚΕΙΜΕΝΑ, ΣΧΟΛΙΑ, ΠΑΡΑΦΡΑΣΕΙΣ, ΕΡΜΗΝΕΙΑΙ ΕΛΛΗΝΩΝ ΚΑΙ ΛΑΤΙΝΩΝ ΣΥΓΓΡΑΦΕΩΝ - Α΄ ΕΛΛΗΝΩΝ","IV. Texts, Scholia, Paraphrases, Interpretations of Greek and Latin Authors - A. Greek Authors",2) Τῆς ἐν Παρισίοις ἐκδόσεως Hachette.,Πλάτων,Plato,"Ἀπολογία Σωκράτους, ἔκδοσις Καταστημάτων Ἀνδρέου Κορομηλᾶ","Apology of Socrates, Andreou Koromila Establishments edition",σελ. 29,1 παρ. 20,γρ.,
1895,IMG_1332.jpeg,"Δ΄ ΚΕΙΜΕΝΑ, ΣΧΟΛΙΑ, ΠΑΡΑΦΡΑΣΕΙΣ, ΕΡΜΗΝΕΙΑΙ ΕΛΛΗΝΩΝ ΚΑΙ ΛΑΤΙΝΩΝ ΣΥΓΓΡΑΦΕΩΝ - Α΄ ΕΛΛΗΝΩΝ","IV. Texts, Scholia, Paraphrases, Interpretations of Greek and Latin Authors - A. Greek Authors",2) Τῆς ἐν Παρισίοις ἐκδόσεως Hachette.,Πλάτων,Plato,"Ἀπολογία Σωκράτους, μετὰ σχολίων, ὑπὸ Γ. Μιστριώτου","Apology of Socrates, with commentary by G. Mistriotis","8ον, σελ. 144",15,γρ.,
1895,IMG_1332.jpeg,"Δ΄ ΚΕΙΜΕΝΑ, ΣΧΟΛΙΑ, ΠΑΡΑΦΡΑΣΕΙΣ, ΕΡΜΗΝΕΙΑΙ ΕΛΛΗΝΩΝ ΚΑΙ ΛΑΤΙΝΩΝ ΣΥΓΓΡΑΦΕΩΝ - Α΄ ΕΛΛΗΝΩΝ","IV. Texts, Scholia, Paraphrases, Interpretations of Greek and Latin Authors - A. Greek Authors",2) Τῆς ἐν Παρισίοις ἐκδόσεως Hachette.,Πλάτων,Plato,"Γοργίας, ἔκδοσις Καταστημάτων Ἀνδρέου Κορομηλᾶ","Gorgias, Andreou Koromila Establishments edition",σελ. 104,3,γρ.,
1895,IMG_1332.jpeg,"Δ΄ ΚΕΙΜΕΝΑ, ΣΧΟΛΙΑ, ΠΑΡΑΦΡΑΣΕΙΣ, ΕΡΜΗΝΕΙΑΙ ΕΛΛΗΝΩΝ ΚΑΙ ΛΑΤΙΝΩΝ ΣΥΓΓΡΑΦΕΩΝ - Α΄ ΕΛΛΗΝΩΝ","IV. Texts, Scholia, Paraphrases, Interpretations of Greek and Latin Authors - A. Greek Authors",2) Τῆς ἐν Παρισίοις ἐκδόσεως Hachette.,Πλάτων,Plato,"Γοργίας, μετὰ σχολίων, ὑπὸ Γ. Μιστριώτου","Gorgias, with commentary by G. Mistriotis","8ον, σελ. ιϛ΄-427",25,γρόσια,
1895,IMG_1332.jpeg,"Δ΄ ΚΕΙΜΕΝΑ, ΣΧΟΛΙΑ, ΠΑΡΑΦΡΑΣΕΙΣ, ΕΡΜΗΝΕΙΑΙ ΕΛΛΗΝΩΝ ΚΑΙ ΛΑΤΙΝΩΝ ΣΥΓΓΡΑΦΕΩΝ - Α΄ ΕΛΛΗΝΩΝ","IV. Texts, Scholia, Paraphrases, Interpretations of Greek and Latin Authors - A. Greek Authors",2) Τῆς ἐν Παρισίοις ἐκδόσεως Hachette.,Πλάτων,Plato,"Γοργίας, ὑπὸ Μπὰρτ καὶ Χῖρστ","Gorgias, by Barth and Hirst",σελ. 100,4,γρ.,
1895,IMG_1332.jpeg,"Δ΄ ΚΕΙΜΕΝΑ, ΣΧΟΛΙΑ, ΠΑΡΑΦΡΑΣΕΙΣ, ΕΡΜΗΝΕΙΑΙ ΕΛΛΗΝΩΝ ΚΑΙ ΛΑΤΙΝΩΝ ΣΥΓΓΡΑΦΕΩΝ - Α΄ ΕΛΛΗΝΩΝ","IV. Texts, Scholia, Paraphrases, Interpretations of Greek and Latin Authors - A. Greek Authors",2) Τῆς ἐν Παρισίοις ἐκδόσεως Hachette.,Πλάτων,Plato,"Εὐθύφρων, Ἀπολογία, Κρίτων, μετὰ κριτικῶν καὶ ἑρμηνευτικῶν σχολίων, ὑπὸ Γ. Κωνσταντινίδου","Euthyphro, Apology, Crito, with critical and explanatory notes, by G. Konstantinidis","8ον, σελ. 300",20,γρ.,
1895,IMG_1332.jpeg,"Δ΄ ΚΕΙΜΕΝΑ, ΣΧΟΛΙΑ, ΠΑΡΑΦΡΑΣΕΙΣ, ΕΡΜΗΝΕΙΑΙ ΕΛΛΗΝΩΝ ΚΑΙ ΛΑΤΙΝΩΝ ΣΥΓΓΡΑΦΕΩΝ - Α΄ ΕΛΛΗΝΩΝ","IV. Texts, Scholia, Paraphrases, Interpretations of Greek and Latin Authors - A. Greek Authors",2) Τῆς ἐν Παρισίοις ἐκδόσεως Hachette.,Πλάτων,Plato,"Εὐθύφρων, μετὰ σχολίων, ὑπὸ Γ. Κωνσταντινίδου","Euthyphro, with commentary by G. Konstantinidis","8ον, σελ. ιιι",12,γρ.,
1895,IMG_1332.jpeg,"Δ΄ ΚΕΙΜΕΝΑ, ΣΧΟΛΙΑ, ΠΑΡΑΦΡΑΣΕΙΣ, ΕΡΜΗΝΕΙΑΙ ΕΛΛΗΝΩΝ ΚΑΙ ΛΑΤΙΝΩΝ ΣΥΓΓΡΑΦΕΩΝ - Α΄ ΕΛΛΗΝΩΝ","IV. Texts, Scholia, Paraphrases, Interpretations of Greek and Latin Authors - A. Greek Authors",2) Τῆς ἐν Παρισίοις ἐκδόσεως Hachette.,Πλάτων,Plato,"Κρίτων, ὑπὸ τοῦ αὐτοῦ","Crito, by the same [G. Konstantinidis]","8ον, σελ. 98",8,γρ.,
1895,IMG_1332.jpeg,"Δ΄ ΚΕΙΜΕΝΑ, ΣΧΟΛΙΑ, ΠΑΡΑΦΡΑΣΕΙΣ, ΕΡΜΗΝΕΙΑΙ ΕΛΛΗΝΩΝ ΚΑΙ ΛΑΤΙΝΩΝ ΣΥΓΓΡΑΦΕΩΝ - Α΄ ΕΛΛΗΝΩΝ","IV. Texts, Scholia, Paraphrases, Interpretations of Greek and Latin Authors - A. Greek Authors",2) Τῆς ἐν Παρισίοις ἐκδόσεως Hachette.,Πλάτων,Plato,"Κρίτων, κείμενον, σχόλια καὶ μετάφρασις, ὑπὸ Π. Δ. Κουπιτώρη","Crito, text, commentary and translation by P. D. Koupitoris","8ον, σελ. 77",6,γρ.,
1895,IMG_1332.jpeg,"Δ΄ ΚΕΙΜΕΝΑ, ΣΧΟΛΙΑ, ΠΑΡΑΦΡΑΣΕΙΣ, ΕΡΜΗΝΕΙΑΙ ΕΛΛΗΝΩΝ ΚΑΙ ΛΑΤΙΝΩΝ ΣΥΓΓΡΑΦΕΩΝ - Α΄ ΕΛΛΗΝΩΝ","IV. Texts, Scholia, Paraphrases, Interpretations of Greek and Latin Authors - A. Greek Authors",2) Τῆς ἐν Παρισίοις ἐκδόσεως Hachette.,Πλάτων,Plato,"Κρίτων, μετὰ σχολίων, ὑπὸ Γ. Μιστριώτου","Crito, with commentary by G. Mistriotis","8ον, σ. 104",9,γρ.,
1895,IMG_1332.jpeg,"Δ΄ ΚΕΙΜΕΝΑ, ΣΧΟΛΙΑ, ΠΑΡΑΦΡΑΣΕΙΣ, ΕΡΜΗΝΕΙΑΙ ΕΛΛΗΝΩΝ ΚΑΙ ΛΑΤΙΝΩΝ ΣΥΓΓΡΑΦΕΩΝ - Α΄ ΕΛΛΗΝΩΝ","IV. Texts, Scholia, Paraphrases, Interpretations of Greek and Latin Authors - A. Greek Authors",2) Τῆς ἐν Παρισίοις ἐκδόσεως Hachette.,Πλάτων,Plato,"Λάχης, μετὰ σχολίων, ὑπὸ Γ. Μιστριώτου","Laches, with commentary by G. Mistriotis","8ον, σελ. 128",12,γ.,
1895,IMG_1332.jpeg,"Δ΄ ΚΕΙΜΕΝΑ, ΣΧΟΛΙΑ, ΠΑΡΑΦΡΑΣΕΙΣ, ΕΡΜΗΝΕΙΑΙ ΕΛΛΗΝΩΝ ΚΑΙ ΛΑΤΙΝΩΝ ΣΥΓΓΡΑΦΕΩΝ - Α΄ ΕΛΛΗΝΩΝ","IV. Texts, Scholia, Paraphrases, Interpretations of Greek and Latin Authors - A. Greek Authors",2) Τῆς ἐν Παρισίοις ἐκδόσεως Hachette.,Πλούταρχος,Plutarch,"Βίοι Παράλληλοι, μετάφρασις Ἀ. Ρ. Ῥαγκαβῆ","Parallel Lives, translation by A. R. Rangavis","τόμ. 10, 8ον, σελ. 3183, δεδεμένοι εἰς τόμους 5",150,γρ.,
1895,IMG_1333.jpeg,"Δ΄ ΚΕΙΜΕΝΑ, ΣΧΟΛΙΑ, ΠΑΡΑΦΡΑΣΕΙΣ, ΕΡΜΗΝΕΙΑΙ ΕΛΛΗΝΩΝ ΚΑΙ ΛΑΤΙΝΩΝ ΣΥΓΓΡΑΦΕΩΝ - Α΄ ΕΛΛΗΝΩΝ","IV. Texts, Scholia, Paraphrases, Interpretations of Greek and Latin Authors - A. Greek Authors",,Πλούταρχος,Plutarch,Ἄγις—Κλεομένης· μετὰ σχολίων Μ. Γκιόλμα,Agis - Cleomenes; with commentary by M. Gkiolmas,"8ον, σελ. 107",6,γρόσια,ὑπὸ Μ. Γκιόλμα
1895,IMG_1333.jpeg,"Δ΄ ΚΕΙΜΕΝΑ, ΣΧΟΛΙΑ, ΠΑΡΑΦΡΑΣΕΙΣ, ΕΡΜΗΝΕΙΑΙ ΕΛΛΗΝΩΝ ΚΑΙ ΛΑΤΙΝΩΝ ΣΥΓΓΡΑΦΕΩΝ - Α΄ ΕΛΛΗΝΩΝ","IV. Texts, Scholia, Paraphrases, Interpretations of Greek and Latin Authors - A. Greek Authors",,Πλούταρχος,Plutarch,"Θεμιστοκλῆς καὶ Ἀριστείδης, μετὰ κριτικῶν παρατηρήσεων καὶ ποικίλων σημειώσεων","Themistocles and Aristides, with critical notes and various annotations","8ον, σ. 182",12,γρόσια,ὑπὸ Δ. Ἀ. Οἰκονόμου
1895,IMG_1333.jpeg,"Δ΄ ΚΕΙΜΕΝΑ, ΣΧΟΛΙΑ, ΠΑΡΑΦΡΑΣΕΙΣ, ΕΡΜΗΝΕΙΑΙ ΕΛΛΗΝΩΝ ΚΑΙ ΛΑΤΙΝΩΝ ΣΥΓΓΡΑΦΕΩΝ - Α΄ ΕΛΛΗΝΩΝ","IV. Texts, Scholia, Paraphrases, Interpretations of Greek and Latin Authors - A. Greek Authors",,Πλούταρχος,Plutarch,"Θεμιστοκλῆς καὶ Ἀριστείδης, μετὰ σημειώσεων","Themistocles and Aristides, with annotations",σελ. 377,12,γρόσια,ὑπὸ Γ. Ἀ. Παπαβασιλείου
1895,IMG_1333.jpeg,"Δ΄ ΚΕΙΜΕΝΑ, ΣΧΟΛΙΑ, ΠΑΡΑΦΡΑΣΕΙΣ, ΕΡΜΗΝΕΙΑΙ ΕΛΛΗΝΩΝ ΚΑΙ ΛΑΤΙΝΩΝ ΣΥΓΓΡΑΦΕΩΝ - Α΄ ΕΛΛΗΝΩΝ","IV. Texts, Scholia, Paraphrases, Interpretations of Greek and Latin Authors - A. Greek Authors",,Πλούταρχος,Plutarch,"Πελοπίδας, Τιμολέων, Φιλοποίμην, Κάμιλλος, Αἰμίλιος Παῦλος, Ἄρατος, Νικίας, Δίων, Κλεομένης, Ἄγις, Τιβέριος Γράκχος","Pelopidas, Timoleon, Philopoemen, Camillus, Aemilius Paulus, Aratus, Nicias, Dion, Cleomenes, Agis, Tiberius Gracchus","Τεύχη 2, 8ον, σελ. 273",12,γρόσια,ἔκδ. Ν. Μιχαλοπούλου
1895,IMG_1333.jpeg,"Δ΄ ΚΕΙΜΕΝΑ, ΣΧΟΛΙΑ, ΠΑΡΑΦΡΑΣΕΙΣ, ΕΡΜΗΝΕΙΑΙ ΕΛΛΗΝΩΝ ΚΑΙ ΛΑΤΙΝΩΝ ΣΥΓΓΡΑΦΕΩΝ - Α΄ ΕΛΛΗΝΩΝ","IV. Texts, Scholia, Paraphrases, Interpretations of Greek and Latin Authors - A. Greek Authors",,Πλούταρχος,Plutarch,"Συλλογὴ ἐκ τῶν Ἠθικῶν, μεταφρασθέντα εἰς τὴν νεοελληνικὴν μετὰ βραχείας εἰσαγωγῆς","Collection from the Moralia, translated into Modern Greek with a short introduction",σελ. νϛ΄-216,10,γρόσια,ὑπὸ Γ. Ἀ. Πάππη
1895,IMG_1333.jpeg,"Δ΄ ΚΕΙΜΕΝΑ, ΣΧΟΛΙΑ, ΠΑΡΑΦΡΑΣΕΙΣ, ΕΡΜΗΝΕΙΑΙ ΕΛΛΗΝΩΝ ΚΑΙ ΛΑΤΙΝΩΝ ΣΥΓΓΡΑΦΕΩΝ - Α΄ ΕΛΛΗΝΩΝ","IV. Texts, Scholia, Paraphrases, Interpretations of Greek and Latin Authors - A. Greek Authors",,Πολύβιος,Polybius,Ἀναγνώσματα,Readings,σελ. 163,"7, παρ. 20",γρόσια,ὑπὸ Ν. Β. Νάκη
1895,IMG_1333.jpeg,"Δ΄ ΚΕΙΜΕΝΑ, ΣΧΟΛΙΑ, ΠΑΡΑΦΡΑΣΕΙΣ, ΕΡΜΗΝΕΙΑΙ ΕΛΛΗΝΩΝ ΚΑΙ ΛΑΤΙΝΩΝ ΣΥΓΓΡΑΦΕΩΝ - Α΄ ΕΛΛΗΝΩΝ","IV. Texts, Scholia, Paraphrases, Interpretations of Greek and Latin Authors - A. Greek Authors",,Πολύβιος,Polybius,"Ἀναγνώσματα, μετὰ σημειώσεων","Readings, with annotations",σελ. 86,"3, παρ. 20",γρόσια,ὑπὸ Π. Ἰασεμίδου
1895,IMG_1333.jpeg,"Δ΄ ΚΕΙΜΕΝΑ, ΣΧΟΛΙΑ, ΠΑΡΑΦΡΑΣΕΙΣ, ΕΡΜΗΝΕΙΑΙ ΕΛΛΗΝΩΝ ΚΑΙ ΛΑΤΙΝΩΝ ΣΥΓΓΡΑΦΕΩΝ - Α΄ ΕΛΛΗΝΩΝ","IV. Texts, Scholia, Paraphrases, Interpretations of Greek and Latin Authors - A. Greek Authors",,Πολύβιος,Polybius,Ἀναγνώσματα,Readings,σελ. 179,7,γρόσια,ὑπὸ Δ. Π. Μητροπούλου
1895,IMG_1333.jpeg,"Δ΄ ΚΕΙΜΕΝΑ, ΣΧΟΛΙΑ, ΠΑΡΑΦΡΑΣΕΙΣ, ΕΡΜΗΝΕΙΑΙ ΕΛΛΗΝΩΝ ΚΑΙ ΛΑΤΙΝΩΝ ΣΥΓΓΡΑΦΕΩΝ - Α΄ ΕΛΛΗΝΩΝ","IV. Texts, Scholia, Paraphrases, Interpretations of Greek and Latin Authors - A. Greek Authors",,Πολύβιος,Polybius,Ἀναγνώσματα,Readings,σελ. 176,5,γρόσια,ὑπὸ Β. Π. Σεκοπούλου
1895,IMG_1333.jpeg,"Δ΄ ΚΕΙΜΕΝΑ, ΣΧΟΛΙΑ, ΠΑΡΑΦΡΑΣΕΙΣ, ΕΡΜΗΝΕΙΑΙ ΕΛΛΗΝΩΝ ΚΑΙ ΛΑΤΙΝΩΝ ΣΥΓΓΡΑΦΕΩΝ - Α΄ ΕΛΛΗΝΩΝ","IV. Texts, Scholia, Paraphrases, Interpretations of Greek and Latin Authors - A. Greek Authors",,Σοφοκλῆς,Sophocles,Αἴας,Ajax,"8ον, σελ. 174",9,γρόσια,ὑπὸ Wolff
1895,IMG_1333.jpeg,"Δ΄ ΚΕΙΜΕΝΑ, ΣΧΟΛΙΑ, ΠΑΡΑΦΡΑΣΕΙΣ, ΕΡΜΗΝΕΙΑΙ ΕΛΛΗΝΩΝ ΚΑΙ ΛΑΤΙΝΩΝ ΣΥΓΓΡΑΦΕΩΝ - Α΄ ΕΛΛΗΝΩΝ","IV. Texts, Scholia, Paraphrases, Interpretations of Greek and Latin Authors - A. Greek Authors",,Σοφοκλῆς,Sophocles,"Αἴας, παράφρασις Ἰ. Καρακατσάνη","Ajax, paraphrase by I. Karakatsanis",σελ. 109,"6, παρ. 20",γρόσια,παράφρασις Ἰ. Καρακατσάνη
1895,IMG_1333.jpeg,"Δ΄ ΚΕΙΜΕΝΑ, ΣΧΟΛΙΑ, ΠΑΡΑΦΡΑΣΕΙΣ, ΕΡΜΗΝΕΙΑΙ ΕΛΛΗΝΩΝ ΚΑΙ ΛΑΤΙΝΩΝ ΣΥΓΓΡΑΦΕΩΝ - Α΄ ΕΛΛΗΝΩΝ","IV. Texts, Scholia, Paraphrases, Interpretations of Greek and Latin Authors - A. Greek Authors",,Σοφοκλῆς,Sophocles,"Αἴας καὶ Οἰδίπους Τύραννος, μετὰ σημειώσεων","Ajax and Oedipus Rex, with annotations",σελ. 260,12,γρόσια,ὑπὸ Ἀ. Π. Μισίου
1895,IMG_1333.jpeg,"Δ΄ ΚΕΙΜΕΝΑ, ΣΧΟΛΙΑ, ΠΑΡΑΦΡΑΣΕΙΣ, ΕΡΜΗΝΕΙΑΙ ΕΛΛΗΝΩΝ ΚΑΙ ΛΑΤΙΝΩΝ ΣΥΓΓΡΑΦΕΩΝ - Α΄ ΕΛΛΗΝΩΝ","IV. Texts, Scholia, Paraphrases, Interpretations of Greek and Latin Authors - A. Greek Authors",,Σοφοκλῆς,Sophocles,Ἀντιγόνη,Antigone,σελ. 50,2,γρόσια,ὑπὸ Μπὰρτ καὶ Χῖρστ
1895,IMG_1333.jpeg,"Δ΄ ΚΕΙΜΕΝΑ, ΣΧΟΛΙΑ, ΠΑΡΑΦΡΑΣΕΙΣ, ΕΡΜΗΝΕΙΑΙ ΕΛΛΗΝΩΝ ΚΑΙ ΛΑΤΙΝΩΝ ΣΥΓΓΡΑΦΕΩΝ - Α΄ ΕΛΛΗΝΩΝ","IV. Texts, Scholia, Paraphrases, Interpretations of Greek and Latin Authors - A. Greek Authors",,Σοφοκλῆς,Sophocles,Ἠλέκτρα,Electra,σελ. 104,5,γρόσια,ὑπὸ Γ. Π. Κωνσταντινίδου
1895,IMG_1333.jpeg,"Δ΄ ΚΕΙΜΕΝΑ, ΣΧΟΛΙΑ, ΠΑΡΑΦΡΑΣΕΙΣ, ΕΡΜΗΝΕΙΑΙ ΕΛΛΗΝΩΝ ΚΑΙ ΛΑΤΙΝΩΝ ΣΥΓΓΡΑΦΕΩΝ - Α΄ ΕΛΛΗΝΩΝ","IV. Texts, Scholia, Paraphrases, Interpretations of Greek and Latin Authors - A. Greek Authors",,Σοφοκλῆς,Sophocles,Ἠλέκτρα,Electra,"8ον, σελ. 300",20,γρόσια,ὑπὸ Γ. Μιστριώτου
1895,IMG_1333.jpeg,"Δ΄ ΚΕΙΜΕΝΑ, ΣΧΟΛΙΑ, ΠΑΡΑΦΡΑΣΕΙΣ, ΕΡΜΗΝΕΙΑΙ ΕΛΛΗΝΩΝ ΚΑΙ ΛΑΤΙΝΩΝ ΣΥΓΓΡΑΦΕΩΝ - Α΄ ΕΛΛΗΝΩΝ","IV. Texts, Scholia, Paraphrases, Interpretations of Greek and Latin Authors - A. Greek Authors",,Σοφοκλῆς,Sophocles,Οἰδίπους Τύραννος καὶ Οἰδίπους ἐπὶ Κολωνῷ,Oedipus Rex and Oedipus at Colonus,σελ. 150,"12, παρ. 20",γρόσια,μετάφρασις Ἀ. Βλάχου
1895,IMG_1333.jpeg,"Δ΄ ΚΕΙΜΕΝΑ, ΣΧΟΛΙΑ, ΠΑΡΑΦΡΑΣΕΙΣ, ΕΡΜΗΝΕΙΑΙ ΕΛΛΗΝΩΝ ΚΑΙ ΛΑΤΙΝΩΝ ΣΥΓΓΡΑΦΕΩΝ - Α΄ ΕΛΛΗΝΩΝ","IV. Texts, Scholia, Paraphrases, Interpretations of Greek and Latin Authors - A. Greek Authors",,Σοφοκλῆς,Sophocles,Οἰδίπους Τύραννος,Oedipus Rex,"8ον, σελ. 136",9,γρόσια,ὑπὸ Wunder
1895,IMG_1333.jpeg,"Δ΄ ΚΕΙΜΕΝΑ, ΣΧΟΛΙΑ, ΠΑΡΑΦΡΑΣΕΙΣ, ΕΡΜΗΝΕΙΑΙ ΕΛΛΗΝΩΝ ΚΑΙ ΛΑΤΙΝΩΝ ΣΥΓΓΡΑΦΕΩΝ - Α΄ ΕΛΛΗΝΩΝ","IV. Texts, Scholia, Paraphrases, Interpretations of Greek and Latin Authors - A. Greek Authors",,Σοφοκλῆς,Sophocles,Τραγῳδίαι,Tragedies,σελ. 384,16,γρόσια,μετάφρασις Γ. Π. Κορωναίου
1895,IMG_1333.jpeg,"Δ΄ ΚΕΙΜΕΝΑ, ΣΧΟΛΙΑ, ΠΑΡΑΦΡΑΣΕΙΣ, ΕΡΜΗΝΕΙΑΙ ΕΛΛΗΝΩΝ ΚΑΙ ΛΑΤΙΝΩΝ ΣΥΓΓΡΑΦΕΩΝ - Α΄ ΕΛΛΗΝΩΝ","IV. Texts, Scholia, Paraphrases, Interpretations of Greek and Latin Authors - A. Greek Authors",,Σοφοκλῆς,Sophocles,"Τραγῳδίαι, μεταφρασθεῖσαι εἰς τὴν νέαν ἑλληνικήν, ὑπὸ Κ. Παπαθανασίου, τόμος Α΄ καὶ Β΄","Tragedies, translated into Modern Greek, by K. Papathanasiou, Volumes A and B","8ον, σελ. 242 (Τόμ. Α΄-Β΄) / 8ον, σελ. 206 (Τόμ. Β΄)",16 (Τόμ. Α΄-Β΄) / 8 (Τόμ. Β΄),γρόσια,"ὑπὸ Κ. Παπαθανασίου. Τόμος Β΄ περιέχει: Οἰδίπους ἐπὶ Κολωνῷ, Ἀντιγόνη, Τραχίνιαι, Φιλοκτήτης."
1895,IMG_1333.jpeg,"Δ΄ ΚΕΙΜΕΝΑ, ΣΧΟΛΙΑ, ΠΑΡΑΦΡΑΣΕΙΣ, ΕΡΜΗΝΕΙΑΙ ΕΛΛΗΝΩΝ ΚΑΙ ΛΑΤΙΝΩΝ ΣΥΓΓΡΑΦΕΩΝ - Α΄ ΕΛΛΗΝΩΝ","IV. Texts, Scholia, Paraphrases, Interpretations of Greek and Latin Authors - A. Greek Authors",,Σοφοκλῆς,Sophocles,"Φιλοκτήτης, μετ' ἀναλυτικῆς περιλήψεως καὶ σημειώσεων","Philoctetes, with analytical summary and notes","8ον, σελ. 68",6,γρόσια,ὑπὸ Δ. Μ. Ἀναστασιάδου
1895,IMG_1333.jpeg,"Δ΄ ΚΕΙΜΕΝΑ, ΣΧΟΛΙΑ, ΠΑΡΑΦΡΑΣΕΙΣ, ΕΡΜΗΝΕΙΑΙ ΕΛΛΗΝΩΝ ΚΑΙ ΛΑΤΙΝΩΝ ΣΥΓΓΡΑΦΕΩΝ - Α΄ ΕΛΛΗΝΩΝ","IV. Texts, Scholia, Paraphrases, Interpretations of Greek and Latin Authors - A. Greek Authors",Συλλογὴ τῶν ἑλλήνων συγγραφέων,Διάφοροι,Various,"Συλλογὴ τῶν ἑλλήνων συγγραφέων, μετὰ ἑρμηνευτικῶν σημειώσεων","Collection of Greek Authors, with explanatory notes","τόμοι 2, 8ον, σελ. 451",27,γρόσια,"ἐπιμελείᾳ Δ. Πανταζῆ καὶ Ἐμμ. Γαλάνη. Τόμος Α΄, Ξενοφῶντος Ἑλληνικά.—Ἰσο-"
1895,IMG_1334.jpeg,"Δ΄ ΚΕΙΜΕΝΑ, ΣΧΟΛΙΑ, ΠΑΡΑΦΡΑΣΕΙΣ, ΕΡΜΗΝΕΙΑΙ ΕΛΛΗΝΩΝ ΚΑΙ ΛΑΤΙΝΩΝ ΣΥΓΓΡΑΦΕΩΝ - Α΄ ΕΛΛΗΝΩΝ","IV. Texts, Scholia, Paraphrases, Interpretations of Greek and Latin Authors - A. Greek Authors",Συλλογὴ τῶν ἑλλήνων συγγραφέων,Διάφοροι,Various,"Συλλογὴ τῶν ἑλλήνων συγγραφέων (Τόμος Β΄: Ἰσοκράτους Πρὸς Νικοκλέα, Νικοκλῆς ἢ Κύπριοι, Ἀρχίδαμος, Ἀρεοπαγιτικός, Περὶ εἰρήνης, Εὐαγόρας, Πλαταϊκός.—Λυσίου κατὰ Ἀγοράτου, Δήμου καταλύσεως Ἀπολογία, Κατὰ Νικομάχου, Ὑπὲρ τῶν Ἀριστοφάνους χρημάτων, Κατὰ Παγκλέωνος, Ὑπὲρ τοῦ ἀδυνάτου.—Τόμος Β΄, Δημοσθένους Ὀλυνθιακὸς Α΄, Β΄, Γ΄. Κατὰ Φιλίππου Α΄, Περὶ τῆς εἰρήνης, Κατὰ Φιλίππου Β΄, Περὶ τῶν ἐν Χερρονήσῳ, Κατὰ Κόνωνος αἰκίας, Ἔφεσις πρὸς Εὐβουλίδην. — Θουκυδίδου βιβλίον Α΄, Β΄, Γ΄)","Collection of Greek Authors (Volume II: Isocrates, Lysias, Demosthenes, Thucydides)",,,,Continuation of multiline collection contents from previous page
1895,IMG_1334.jpeg,"Δ΄ ΚΕΙΜΕΝΑ, ΣΧΟΛΙΑ, ΠΑΡΑΦΡΑΣΕΙΣ, ΕΡΜΗΝΕΙΑΙ ΕΛΛΗΝΩΝ ΚΑΙ ΛΑΤΙΝΩΝ ΣΥΓΓΡΑΦΕΩΝ - Β΄ ΛΑΤΙΝΩΝ","IV. Texts, Scholia, Paraphrases, Interpretations of Greek and Latin Authors - B. Latin Authors",,Βιργίλιος,Virgil,"Αἰνειάς, μετάφρασις διπλῆ, ἐλευθέρα καὶ κατὰ λέξιν, μετὰ τοῦ κειμένου, σχολίων καὶ σημειώσεων, βιβλία Α΄-Δ΄","Aeneid, double translation (free and literal), with text, scholia and notes, books I-IV",σελ. 378,16,γρ.,
1895,IMG_1334.jpeg,"Δ΄ ΚΕΙΜΕΝΑ, ΣΧΟΛΙΑ, ΠΑΡΑΦΡΑΣΕΙΣ, ΕΡΜΗΝΕΙΑΙ ΕΛΛΗΝΩΝ ΚΑΙ ΛΑΤΙΝΩΝ ΣΥΓΓΡΑΦΕΩΝ - Β΄ ΛΑΤΙΝΩΝ","IV. Texts, Scholia, Paraphrases, Interpretations of Greek and Latin Authors - B. Latin Authors",,Βιργίλιος,Virgil,"Αἰνειάς, βιβλίον Β΄, μετὰ σχολίων καὶ λεξιλογίου, ὑπὸ Ὀ. Ἰ. Ἰασονίδου","Aeneid, Book II, with scholia and vocabulary, by O. I. Iasonidou","8ον, σελ. 73",7.20,γρ.,Price printed as γρ. 7 παρ. 20
1895,IMG_1334.jpeg,"Δ΄ ΚΕΙΜΕΝΑ, ΣΧΟΛΙΑ, ΠΑΡΑΦΡΑΣΕΙΣ, ΕΡΜΗΝΕΙΑΙ ΕΛΛΗΝΩΝ ΚΑΙ ΛΑΤΙΝΩΝ ΣΥΓΓΡΑΦΕΩΝ - Β΄ ΛΑΤΙΝΩΝ","IV. Texts, Scholia, Paraphrases, Interpretations of Greek and Latin Authors - B. Latin Authors",,Βιργίλιος,Virgil,"Αἰνειάδος τὰ ἐν τοῖς γυμνασίοις διδασκόμενα βιβλία, μετὰ σημειώσεων, ὑπὸ Ἰ. Κ. Κοφινιώτου, τεῦχος Α΄ (τὸ Β΄ καὶ Δ΄ βιβλίον), Τεῦχος Β΄ (τὸ Ϛ΄ καὶ Θ΄ βιβλίον)","Books of the Aeneid taught in high schools, with notes, by I. K. Kofiniotis, Issue A (Books II and IV), Issue B (Books VI and IX)",8ον,10,γρ.,Price 10 groschen per issue
1895,IMG_1334.jpeg,"Δ΄ ΚΕΙΜΕΝΑ, ΣΧΟΛΙΑ, ΠΑΡΑΦΡΑΣΕΙΣ, ΕΡΜΗΝΕΙΑΙ ΕΛΛΗΝΩΝ ΚΑΙ ΛΑΤΙΝΩΝ ΣΥΓΓΡΑΦΕΩΝ - Β΄ ΛΑΤΙΝΩΝ","IV. Texts, Scholia, Paraphrases, Interpretations of Greek and Latin Authors - B. Latin Authors",,Βιργίλιος,Virgil,"Αἰνειάς, μεταφρασθεῖσα μετὰ σημειώσεων, ὑπὸ Ἰακώβου Ῥ. Ῥαγκαβῆ","Aeneid, translated with notes, by Iakovos R. Rangavis","8ον, τόμοι 2, σελ. 441",12,γρ.,
1895,IMG_1334.jpeg,"Δ΄ ΚΕΙΜΕΝΑ, ΣΧΟΛΙΑ, ΠΑΡΑΦΡΑΣΕΙΣ, ΕΡΜΗΝΕΙΑΙ ΕΛΛΗΝΩΝ ΚΑΙ ΛΑΤΙΝΩΝ ΣΥΓΓΡΑΦΕΩΝ - Β΄ ΛΑΤΙΝΩΝ","IV. Texts, Scholia, Paraphrases, Interpretations of Greek and Latin Authors - B. Latin Authors",,Βιργίλιος,Virgil,"Κλεὶς εἰς Αἰνειάδα ὑπὸ Ἐμμ. Γαλάνη. Τεῦχος Α΄ (βιβλίον Α΄), Τεῦχος Β΄ (βιβλ. Β΄)","Key to the Aeneid by Emm. Galanis. Issue A (Book I), Issue B (Book II)","32ον, σελ. 311 (τεῦχ. Α΄), σελ. 251 (τεῦχ. Β΄)",6,γρ.,Price 6 groschen per issue
1895,IMG_1334.jpeg,"Δ΄ ΚΕΙΜΕΝΑ, ΣΧΟΛΙΑ, ΠΑΡΑΦΡΑΣΕΙΣ, ΕΡΜΗΝΕΙΑΙ ΕΛΛΗΝΩΝ ΚΑΙ ΛΑΤΙΝΩΝ ΣΥΓΓΡΑΦΕΩΝ - Β΄ ΛΑΤΙΝΩΝ","IV. Texts, Scholia, Paraphrases, Interpretations of Greek and Latin Authors - B. Latin Authors",,Ἰούλιος Καῖσαρ,Julius Caesar,"Ἀπομνημονεύματα τοῦ Γαλατικοῦ πολέμου, μετὰ σημειώσεων καὶ γεωγραφικοῦ χάρτου, ὑπὸ Ε. Κ. Κοφινιώτου","Commentaries on the Gallic War, with notes and geographical map, by E. K. Kofiniotis","8ον, σελ. 176",8,γρ.,
1895,IMG_1334.jpeg,"Δ΄ ΚΕΙΜΕΝΑ, ΣΧΟΛΙΑ, ΠΑΡΑΦΡΑΣΕΙΣ, ΕΡΜΗΝΕΙΑΙ ΕΛΛΗΝΩΝ ΚΑΙ ΛΑΤΙΝΩΝ ΣΥΓΓΡΑΦΕΩΝ - Β΄ ΛΑΤΙΝΩΝ","IV. Texts, Scholia, Paraphrases, Interpretations of Greek and Latin Authors - B. Latin Authors",,Ἰούλιος Καῖσαρ,Julius Caesar,"Ἀπομνημονεύματα τοῦ Γαλατικοῦ πολέμου, ὑπὸ Ἀ. Κωνσταντινίδου","Commentaries on the Gallic War, by A. Konstantinidis",σελ. 272,10,γρ.,
1895,IMG_1334.jpeg,"Δ΄ ΚΕΙΜΕΝΑ, ΣΧΟΛΙΑ, ΠΑΡΑΦΡΑΣΕΙΣ, ΕΡΜΗΝΕΙΑΙ ΕΛΛΗΝΩΝ ΚΑΙ ΛΑΤΙΝΩΝ ΣΥΓΓΡΑΦΕΩΝ - Β΄ ΛΑΤΙΝΩΝ","IV. Texts, Scholia, Paraphrases, Interpretations of Greek and Latin Authors - B. Latin Authors",,Ἰούλιος Καῖσαρ,Julius Caesar,"Ἀπομνημονεύματα περὶ τοῦ Γαλατικοῦ πολέμου, μεταφρασθέντα καὶ διὰ σημειώσεων διασαφηνισθέντα, ὑπὸ Εὐστρατίου Τσακαλώτου (Τεῦχος Α΄ & Τεῦχος Β΄)","Commentaries on the Gallic War, translated and clarified with notes, by Efstratios Tsakalotos (Issue A & Issue B)","8ον, σ. 103 (τεῦχ. Α΄), σ. 156 (τεῦχ. Β΄)",6,γρ.,Price 6 groschen per issue
1895,IMG_1334.jpeg,"Δ΄ ΚΕΙΜΕΝΑ, ΣΧΟΛΙΑ, ΠΑΡΑΦΡΑΣΕΙΣ, ΕΡΜΗΝΕΙΑΙ ΕΛΛΗΝΩΝ ΚΑΙ ΛΑΤΙΝΩΝ ΣΥΓΓΡΑΦΕΩΝ - Β΄ ΛΑΤΙΝΩΝ","IV. Texts, Scholia, Paraphrases, Interpretations of Greek and Latin Authors - B. Latin Authors",,Ἰούλιος Καῖσαρ,Julius Caesar,"Σχόλια [εἰς Ἀπομνημονεύματα], ὑπὸ Π. Ἰασεμίδου","Scholia [on Commentaries], by P. Iasemidis","τεύχη 2, σελ. 175",8,γρ.,
1895,IMG_1334.jpeg,"Δ΄ ΚΕΙΜΕΝΑ, ΣΧΟΛΙΑ, ΠΑΡΑΦΡΑΣΕΙΣ, ΕΡΜΗΝΕΙΑΙ ΕΛΛΗΝΩΝ ΚΑΙ ΛΑΤΙΝΩΝ ΣΥΓΓΡΑΦΕΩΝ - Β΄ ΛΑΤΙΝΩΝ","IV. Texts, Scholia, Paraphrases, Interpretations of Greek and Latin Authors - B. Latin Authors",,Κικέρων,Cicero,Λαίλιος εἴτε περὶ φιλίας,"Laelius, or On Friendship","8ον, σελ. 39",5,γρ.,
1895,IMG_1334.jpeg,"Δ΄ ΚΕΙΜΕΝΑ, ΣΧΟΛΙΑ, ΠΑΡΑΦΡΑΣΕΙΣ, ΕΡΜΗΝΕΙΑΙ ΕΛΛΗΝΩΝ ΚΑΙ ΛΑΤΙΝΩΝ ΣΥΓΓΡΑΦΕΩΝ - Β΄ ΛΑΤΙΝΩΝ","IV. Texts, Scholia, Paraphrases, Interpretations of Greek and Latin Authors - B. Latin Authors",,Κικέρων,Cicero,"Λαίλιος ἢ περὶ φιλίας, μετάφρασις Β. Ἀντωνιάδου","Laelius, or On Friendship, translation by V. Antoniadis",σελ. 15΄-126,12,γρ.,
1895,IMG_1334.jpeg,"Δ΄ ΚΕΙΜΕΝΑ, ΣΧΟΛΙΑ, ΠΑΡΑΦΡΑΣΕΙΣ, ΕΡΜΗΝΕΙΑΙ ΕΛΛΗΝΩΝ ΚΑΙ ΛΑΤΙΝΩΝ ΣΥΓΓΡΑΦΕΩΝ - Β΄ ΛΑΤΙΝΩΝ","IV. Texts, Scholia, Paraphrases, Interpretations of Greek and Latin Authors - B. Latin Authors",,Κικέρων,Cicero,Εἰσαγωγή... / Οἱ τέσσαρες [Κατιλινικοί],Introduction... / The Four Catilinarian Orations,,,,Partially visible on adjacent right page
1895,IMG_1334.jpeg,"Δ΄ ΚΕΙΜΕΝΑ, ΣΧΟΛΙΑ, ΠΑΡΑΦΡΑΣΕΙΣ, ΕΡΜΗΝΕΙΑΙ ΕΛΛΗΝΩΝ ΚΑΙ ΛΑΤΙΝΩΝ ΣΥΓΓΡΑΦΕΩΝ - Β΄ ΛΑΤΙΝΩΝ","IV. Texts, Scholia, Paraphrases, Interpretations of Greek and Latin Authors - B. Latin Authors",,Κορνήλιος Νέπως,Cornelius Nepos,Βίοι [ἐνδόξων ἡγεμόνων],Lives [of Eminent Commanders],σελ. 159,12,γρ.,Partially visible on adjacent right page
1895,IMG_1334.jpeg,"Δ΄ ΚΕΙΜΕΝΑ, ΣΧΟΛΙΑ, ΠΑΡΑΦΡΑΣΕΙΣ, ΕΡΜΗΝΕΙΑΙ ΕΛΛΗΝΩΝ ΚΑΙ ΛΑΤΙΝΩΝ ΣΥΓΓΡΑΦΕΩΝ - Β΄ ΛΑΤΙΝΩΝ","IV. Texts, Scholia, Paraphrases, Interpretations of Greek and Latin Authors - B. Latin Authors",,Lhomond,Lhomond,Εἰκόνες...,Illustrations / Lives...,8ον,10,γρόσια,Partially visible on adjacent right page
1895,IMG_1334.jpeg,"Δ΄ ΚΕΙΜΕΝΑ, ΣΧΟΛΙΑ, ΠΑΡΑΦΡΑΣΕΙΣ, ΕΡΜΗΝΕΙΑΙ ΕΛΛΗΝΩΝ ΚΑΙ ΛΑΤΙΝΩΝ ΣΥΓΓΡΑΦΕΩΝ - Β΄ ΛΑΤΙΝΩΝ","IV. Texts, Scholia, Paraphrases, Interpretations of Greek and Latin Authors - B. Latin Authors",,Ὀβίδιος Νάσων,Ovid,"Μεταμορφώσεις, ὑπὸ Κοφινιώτου...","Metamorphoses, by Kofiniotis...",,,,Partially visible on adjacent right page
1895,IMG_1334.jpeg,"Δ΄ ΚΕΙΜΕΝΑ, ΣΧΟΛΙΑ, ΠΑΡΑΦΡΑΣΕΙΣ, ΕΡΜΗΝΕΙΑΙ ΕΛΛΗΝΩΝ ΚΑΙ ΛΑΤΙΝΩΝ ΣΥΓΓΡΑΦΕΩΝ - Β΄ ΛΑΤΙΝΩΝ","IV. Texts, Scholia, Paraphrases, Interpretations of Greek and Latin Authors - B. Latin Authors",,Ὁράτιος,Horace,"Ἐπιστολαί... / Ὠδαί, μετάφρασις...","Epistles... / Odes, translation...","8ον, σελ. 74",4,γρ.,Partially visible on adjacent right page
1895,IMG_1334.jpeg,"Δ΄ ΚΕΙΜΕΝΑ, ΣΧΟΛΙΑ, ΠΑΡΑΦΡΑΣΕΙΣ, ΕΡΜΗΝΕΙΑΙ ΕΛΛΗΝΩΝ ΚΑΙ ΛΑΤΙΝΩΝ ΣΥΓΓΡΑΦΕΩΝ - Β΄ ΛΑΤΙΝΩΝ","IV. Texts, Scholia, Paraphrases, Interpretations of Greek and Latin Authors - B. Latin Authors",,Σαλλούστιος,Sallust,Κατιλιναϊκός... / Κατιλίνας...,Catiline War / Catiline...,σελ. 106,8,γρ.,Partially visible on adjacent right page; second item price γρ. 7 παρ. 20
1895,IMG_1334.jpeg,"Δ΄ ΚΕΙΜΕΝΑ, ΣΧΟΛΙΑ, ΠΑΡΑΦΡΑΣΕΙΣ, ΕΡΜΗΝΕΙΑΙ ΕΛΛΗΝΩΝ ΚΑΙ ΛΑΤΙΝΩΝ ΣΥΓΓΡΑΦΕΩΝ - Β΄ ΛΑΤΙΝΩΝ","IV. Texts, Scholia, Paraphrases, Interpretations of Greek and Latin Authors - B. Latin Authors",,Φαῖδρος,Phaedrus,Μῦθοι...,Fables...,σελ. 148,12,γρ.,Partially visible on adjacent right page
1895,IMG_1335.jpeg,"Δ΄ ΚΕΙΜΕΝΑ, ΣΧΟΛΙΑ, ΠΑΡΑΦΡΑΣΕΙΣ, ΕΡΜΗΝΕΙΑΙ ΕΛΛΗΝΩΝ ΚΑΙ ΛΑΤΙΝΩΝ ΣΥΓΓΡΑΦΕΩΝ - Β΄ ΛΑΤΙΝΩΝ","IV. TEXTS, SCHOLIA, PARAPHRASES, INTERPRETATIONS OF GREEK AND LATIN AUTHORS - B. LATIN AUTHORS",,Κικέρων,Cicero,"Ὁ δεύτερος κατ' Ἀντωνίου εἴτε Φιλιππικοὶ λόγοι, μετὰ εἰσαγωγῆς καὶ μεταφράσεως","The Second Philippic against Antony, with introduction and translation",σελ. 322,10,γρ.,ὑπὸ Μ. Βιαγκίνη
1895,IMG_1335.jpeg,"Δ΄ ΚΕΙΜΕΝΑ, ΣΧΟΛΙΑ, ΠΑΡΑΦΡΑΣΕΙΣ, ΕΡΜΗΝΕΙΑΙ ΕΛΛΗΝΩΝ ΚΑΙ ΛΑΤΙΝΩΝ ΣΥΓΓΡΑΦΕΩΝ - Β΄ ΛΑΤΙΝΩΝ","IV. TEXTS, SCHOLIA, PARAPHRASES, INTERPRETATIONS OF GREEK AND LATIN AUTHORS - B. LATIN AUTHORS",,Κικέρων,Cicero,"Οἱ τέσσαρες κατὰ Κατιλίνα Λόγοι καὶ ὁ ὑπὲρ Ἀρχίου τοῦ ποιητοῦ, σχολιασθέντες καὶ μεταφρασθέντες","The Four Catiline Orations and Pro Archia Poeta, annotated and translated","8ον, σελ. 245",15,γρ.,ὑπὸ Ἐ. Κ. Λιδιεράτου
1895,IMG_1335.jpeg,"Δ΄ ΚΕΙΜΕΝΑ, ΣΧΟΛΙΑ, ΠΑΡΑΦΡΑΣΕΙΣ, ΕΡΜΗΝΕΙΑΙ ΕΛΛΗΝΩΝ ΚΑΙ ΛΑΤΙΝΩΝ ΣΥΓΓΡΑΦΕΩΝ - Β΄ ΛΑΤΙΝΩΝ","IV. TEXTS, SCHOLIA, PARAPHRASES, INTERPRETATIONS OF GREEK AND LATIN AUTHORS - B. LATIN AUTHORS",,Κικέρων,Cicero,"Οἱ τέσσαρες κατὰ Κατιλίνα Λόγοι, μεταφρασθέντες μετὰ σημειώσεων","The Four Catiline Orations, translated with notes",σελ. 132,5,γρ.,ὑπὸ Π. Ματαράγκα
1895,IMG_1335.jpeg,"Δ΄ ΚΕΙΜΕΝΑ, ΣΧΟΛΙΑ, ΠΑΡΑΦΡΑΣΕΙΣ, ΕΡΜΗΝΕΙΑΙ ΕΛΛΗΝΩΝ ΚΑΙ ΛΑΤΙΝΩΝ ΣΥΓΓΡΑΦΕΩΝ - Β΄ ΛΑΤΙΝΩΝ","IV. TEXTS, SCHOLIA, PARAPHRASES, INTERPRETATIONS OF GREEK AND LATIN AUTHORS - B. LATIN AUTHORS",,Κορνήλιος Νέπως,Cornelius Nepos,"Βίοι, μετάφρασις","Lives, translation",σελ. 159,12,γρ.,Γρ. Ν. Βερναρδάκη
1895,IMG_1335.jpeg,"Δ΄ ΚΕΙΜΕΝΑ, ΣΧΟΛΙΑ, ΠΑΡΑΦΡΑΣΕΙΣ, ΕΡΜΗΝΕΙΑΙ ΕΛΛΗΝΩΝ ΚΑΙ ΛΑΤΙΝΩΝ ΣΥΓΓΡΑΦΕΩΝ - Β΄ ΛΑΤΙΝΩΝ","IV. TEXTS, SCHOLIA, PARAPHRASES, INTERPRETATIONS OF GREEK AND LATIN AUTHORS - B. LATIN AUTHORS",,Κορνήλιος Νέπως,Cornelius Nepos,"Βίοι, μετάφρασις","Lives, translation",σελ. 56,3,γρ.,ὑπὸ Β. Γ. Βυθούλκα
1895,IMG_1335.jpeg,"Δ΄ ΚΕΙΜΕΝΑ, ΣΧΟΛΙΑ, ΠΑΡΑΦΡΑΣΕΙΣ, ΕΡΜΗΝΕΙΑΙ ΕΛΛΗΝΩΝ ΚΑΙ ΛΑΤΙΝΩΝ ΣΥΓΓΡΑΦΕΩΝ - Β΄ ΛΑΤΙΝΩΝ","IV. TEXTS, SCHOLIA, PARAPHRASES, INTERPRETATIONS OF GREEK AND LATIN AUTHORS - B. LATIN AUTHORS",,Κορνήλιος Νέπως,Cornelius Nepos,"Βίοι ἐνδόξων στρατηγῶν, μεταφρασθέντες μετὰ σημειώσεων","Lives of Illustrious Commanders, translated with notes",σελ. 200,6,γρ.,ὑπὸ Π. Δ. Ἡλιοπούλου
1895,IMG_1335.jpeg,"Δ΄ ΚΕΙΜΕΝΑ, ΣΧΟΛΙΑ, ΠΑΡΑΦΡΑΣΕΙΣ, ΕΡΜΗΝΕΙΑΙ ΕΛΛΗΝΩΝ ΚΑΙ ΛΑΤΙΝΩΝ ΣΥΓΓΡΑΦΕΩΝ - Β΄ ΛΑΤΙΝΩΝ","IV. TEXTS, SCHOLIA, PARAPHRASES, INTERPRETATIONS OF GREEK AND LATIN AUTHORS - B. LATIN AUTHORS",,Κορνήλιος Νέπως,Cornelius Nepos,"Βίοι ἐξόχων στρατηγῶν, μετὰ σημειώσεων","Lives of Eminent Commanders, with notes","8ον, σελ. 192",12,γρ.,ὑπὸ Ἀ. Π. Μισίου
1895,IMG_1335.jpeg,"Δ΄ ΚΕΙΜΕΝΑ, ΣΧΟΛΙΑ, ΠΑΡΑΦΡΑΣΕΙΣ, ΕΡΜΗΝΕΙΑΙ ΕΛΛΗΝΩΝ ΚΑΙ ΛΑΤΙΝΩΝ ΣΥΓΓΡΑΦΕΩΝ - Β΄ ΛΑΤΙΝΩΝ","IV. TEXTS, SCHOLIA, PARAPHRASES, INTERPRETATIONS OF GREEK AND LATIN AUTHORS - B. LATIN AUTHORS",,Lhomon,C. F. Lhomond,"de viris illustribus urbis Romae, μετὰ σημειώσεων, εἰκόνων καὶ πινάκων","On Illustrious Men of the City of Rome, with notes, illustrations, and plates",σελ. 208,10,γρόσια,ὑπὸ Δ. Παπαγεωργίου
1895,IMG_1335.jpeg,"Δ΄ ΚΕΙΜΕΝΑ, ΣΧΟΛΙΑ, ΠΑΡΑΦΡΑΣΕΙΣ, ΕΡΜΗΝΕΙΑΙ ΕΛΛΗΝΩΝ ΚΑΙ ΛΑΤΙΝΩΝ ΣΥΓΓΡΑΦΕΩΝ - Β΄ ΛΑΤΙΝΩΝ","IV. TEXTS, SCHOLIA, PARAPHRASES, INTERPRETATIONS OF GREEK AND LATIN AUTHORS - B. LATIN AUTHORS",,Ὀβίδιος Νάσων,Ovid,"Μεταμορφώσεις, μετὰ σημειώσεων","Metamorphoses, with notes","8ον, σελ. 125",12,γρ.,ὑπὸ Ἰ. Κ. Κοφινιώτου
1895,IMG_1335.jpeg,"Δ΄ ΚΕΙΜΕΝΑ, ΣΧΟΛΙΑ, ΠΑΡΑΦΡΑΣΕΙΣ, ΕΡΜΗΝΕΙΑΙ ΕΛΛΗΝΩΝ ΚΑΙ ΛΑΤΙΝΩΝ ΣΥΓΓΡΑΦΕΩΝ - Β΄ ΛΑΤΙΝΩΝ","IV. TEXTS, SCHOLIA, PARAPHRASES, INTERPRETATIONS OF GREEK AND LATIN AUTHORS - B. LATIN AUTHORS",,Ὀβίδιος Νάσων,Ovid,"Μεταμορφώσεων τὰ ὀκτὼ πρῶτα βιβλία, μετάφρασις","The First Eight Books of Metamorphoses, translation","8ον, σελ. 164",12,γρ.,Ἀ. Παπαγεωργίου καὶ Γ. Παπαφωτίου
1895,IMG_1335.jpeg,"Δ΄ ΚΕΙΜΕΝΑ, ΣΧΟΛΙΑ, ΠΑΡΑΦΡΑΣΕΙΣ, ΕΡΜΗΝΕΙΑΙ ΕΛΛΗΝΩΝ ΚΑΙ ΛΑΤΙΝΩΝ ΣΥΓΓΡΑΦΕΩΝ - Β΄ ΛΑΤΙΝΩΝ","IV. TEXTS, SCHOLIA, PARAPHRASES, INTERPRETATIONS OF GREEK AND LATIN AUTHORS - B. LATIN AUTHORS",,Ὁράτιος,Horace,"Ἐπῳδοὶ καὶ Ἑκατονταετηρίς, μετὰ εἰσαγωγῆς, μετάφρασις","Epodes and Carmen Saeculare, with introduction, translation",σελ. 63,6,γρ.,Δ. Ἀ. Κασσελίδου
1895,IMG_1335.jpeg,"Δ΄ ΚΕΙΜΕΝΑ, ΣΧΟΛΙΑ, ΠΑΡΑΦΡΑΣΕΙΣ, ΕΡΜΗΝΕΙΑΙ ΕΛΛΗΝΩΝ ΚΑΙ ΛΑΤΙΝΩΝ ΣΥΓΓΡΑΦΕΩΝ - Β΄ ΛΑΤΙΝΩΝ","IV. TEXTS, SCHOLIA, PARAPHRASES, INTERPRETATIONS OF GREEK AND LATIN AUTHORS - B. LATIN AUTHORS",,Ὁράτιος,Horace,"Ὠδαί, μετὰ σημειώσεων καὶ μεταφράσεως","Odes, with notes and translation","8ον, τεῦχος Α΄, σελ. ι΄-114 ; τεῦχος Β΄, σ. 80",20,γρ.,"ὑπὸ Π. Κωνσταντινίδου. Τεῦχος Α΄: γρ. 20, Τεῦχος Β΄: γρ. 11"
1895,IMG_1335.jpeg,"Δ΄ ΚΕΙΜΕΝΑ, ΣΧΟΛΙΑ, ΠΑΡΑΦΡΑΣΕΙΣ, ΕΡΜΗΝΕΙΑΙ ΕΛΛΗΝΩΝ ΚΑΙ ΛΑΤΙΝΩΝ ΣΥΓΓΡΑΦΕΩΝ - Β΄ ΛΑΤΙΝΩΝ","IV. TEXTS, SCHOLIA, PARAPHRASES, INTERPRETATIONS OF GREEK AND LATIN AUTHORS - B. LATIN AUTHORS",,Ὁράτιος,Horace,Ὁράτιος καὶ τὰ ποιήματα αὐτοῦ,Horace and His Poems,"8ον, σελ. 74",4,γρ.,ὑπὸ Μ. Βαμβακεροῦ
1895,IMG_1335.jpeg,"Δ΄ ΚΕΙΜΕΝΑ, ΣΧΟΛΙΑ, ΠΑΡΑΦΡΑΣΕΙΣ, ΕΡΜΗΝΕΙΑΙ ΕΛΛΗΝΩΝ ΚΑΙ ΛΑΤΙΝΩΝ ΣΥΓΓΡΑΦΕΩΝ - Β΄ ΛΑΤΙΝΩΝ","IV. TEXTS, SCHOLIA, PARAPHRASES, INTERPRETATIONS OF GREEK AND LATIN AUTHORS - B. LATIN AUTHORS",,Σαλλούστιος,Sallust,"Κατιλίνας, μετάφρ.","Catiline, translation","8ον, σελ. 87",10,γρ.,Μ. Δέφνερ
1895,IMG_1335.jpeg,"Δ΄ ΚΕΙΜΕΝΑ, ΣΧΟΛΙΑ, ΠΑΡΑΦΡΑΣΕΙΣ, ΕΡΜΗΝΕΙΑΙ ΕΛΛΗΝΩΝ ΚΑΙ ΛΑΤΙΝΩΝ ΣΥΓΓΡΑΦΕΩΝ - Β΄ ΛΑΤΙΝΩΝ","IV. TEXTS, SCHOLIA, PARAPHRASES, INTERPRETATIONS OF GREEK AND LATIN AUTHORS - B. LATIN AUTHORS",,Σαλλούστιος,Sallust,"Κατιλιναϊκός, μετὰ σημειώσεων","The Catilinarian Conspiracy, with notes","8ον, σελ. 106",8,γρ.,ὑπὸ Ν. Ζενευράκη
1895,IMG_1335.jpeg,"Δ΄ ΚΕΙΜΕΝΑ, ΣΧΟΛΙΑ, ΠΑΡΑΦΡΑΣΕΙΣ, ΕΡΜΗΝΕΙΑΙ ΕΛΛΗΝΩΝ ΚΑΙ ΛΑΤΙΝΩΝ ΣΥΓΓΡΑΦΕΩΝ - Β΄ ΛΑΤΙΝΩΝ","IV. TEXTS, SCHOLIA, PARAPHRASES, INTERPRETATIONS OF GREEK AND LATIN AUTHORS - B. LATIN AUTHORS",,Σαλλούστιος,Sallust,"Κατιλίνας καὶ Ἰουγούρθας, μετάφρασις","Catiline and Jugurtha, translation",σελ. 174,7.20,γρ.,Ἀ. Φατσέα. Price written as 7 παρ. 20.
1895,IMG_1335.jpeg,"Δ΄ ΚΕΙΜΕΝΑ, ΣΧΟΛΙΑ, ΠΑΡΑΦΡΑΣΕΙΣ, ΕΡΜΗΝΕΙΑΙ ΕΛΛΗΝΩΝ ΚΑΙ ΛΑΤΙΝΩΝ ΣΥΓΓΡΑΦΕΩΝ - Β΄ ΛΑΤΙΝΩΝ","IV. TEXTS, SCHOLIA, PARAPHRASES, INTERPRETATIONS OF GREEK AND LATIN AUTHORS - B. LATIN AUTHORS",,Φαῖδρος,Phaedrus,"Μῦθοι, μετὰ σημειώσεων","Fables, with notes","8ον, σελ. 148",12,γρ.,ὑπὸ Ἐμμ. Γιλάνη
1895,IMG_1336.jpeg,Ε΄ ΓΛΩΣΣΑΙ,V. LANGUAGES,Α΄ ΑΓΓΛΙΚΗ,Γ. Δαμπίσης,G. Dampisis,Ἀγγλικῆς γλώσσης στοιχεῖα,Elements of the English Language,σ. 64,2.20,γρ.,γρ. 2 π. 20
1895,IMG_1336.jpeg,Ε΄ ΓΛΩΣΣΑΙ,V. LANGUAGES,Α΄ ΑΓΓΛΙΚΗ,Ἀ. Γ. Ἀλέξανδρος,A. G. Alexandros,Ἀλφαβητάριον,Alphabet Book,σελ. 76,3,γρ.,
1895,IMG_1336.jpeg,Ε΄ ΓΛΩΣΣΑΙ,V. LANGUAGES,Α΄ ΑΓΓΛΙΚΗ,Ἀ. Β. Παπαδάκης,A. V. Papadakis,"Γραμματική, μετὰ γυμνασμάτων","Grammar, with exercises",σελ. 134,10,γρ.,
1895,IMG_1336.jpeg,Ε΄ ΓΛΩΣΣΑΙ,V. LANGUAGES,Α΄ ΑΓΓΛΙΚΗ,Γ. Πολυμέρης,G. Polymeris,Διάλογοι ἀγγλο-ἑλληνικοί,Anglo-Greek Dialogues,σελ. 273,10,γρ.,
1895,IMG_1336.jpeg,Ε΄ ΓΛΩΣΣΑΙ,V. LANGUAGES,Α΄ ΑΓΓΛΙΚΗ,Richard καὶ Quétin,Richard and Quétin,Διάλογοι ἀγγλο-ἑλληνικοὶ Richard καὶ Quétin,Anglo-Greek Dialogues by Richard and Quétin,,10,γρ.,μεταφρασθέντες ὑπὸ Π. Ψαρα
1895,IMG_1336.jpeg,Ε΄ ΓΛΩΣΣΑΙ,V. LANGUAGES,Α΄ ΑΓΓΛΙΚΗ,Ν. Κοντόπουλος,N. Kontopoulos,"Ἠχὼ τοῦ Λονδίνου, ἤτοι πρακτικὸς ὁδηγὸς εἰς τὴν συνομιλίαν","Echo of London, or practical guide to conversation","8ον, σελ. 128—79",10,γρ.,
1895,IMG_1336.jpeg,Ε΄ ΓΛΩΣΣΑΙ,V. LANGUAGES,Α΄ ΑΓΓΛΙΚΗ,Ν. Κοντόπουλος,N. Kontopoulos,"Κλεὶς τῆς ἀγγλικῆς Μεθόδου Ὀλλενδόρφου, ἐφηρμοσμένη εἰς τὴν ὑπὸ Ν. Κοντοπούλου Μέθοδον","Key to Ollendorff's English Method, applied to the Method by N. Kontopoulos","8ον, σελ. 116",8,γρ.,
1895,IMG_1336.jpeg,Ε΄ ΓΛΩΣΣΑΙ,V. LANGUAGES,Α΄ ΑΓΓΛΙΚΗ,Π. Ψαρᾶς,P. Psaras,"Κλεὶς τῆς ἀγγλικῆς γλώσσης, κατὰ τὸ σύστημα Gaspey-Otto-Sauer καὶ Α. Mauron","Key to the English Language, according to the Gaspey-Otto-Sauer and A. Mauron system","8ον, σελ. 68",8,γρ.,ὑπὸ Π. Ψαρα
1895,IMG_1336.jpeg,Ε΄ ΓΛΩΣΣΑΙ,V. LANGUAGES,Α΄ ΑΓΓΛΙΚΗ,Ν. Κοντόπουλος,N. Kontopoulos,Μέθοδος Ὀλλενδόρφου,Ollendorff Method,"8ον, σελ. δ΄—448",20,γρ.,
1895,IMG_1336.jpeg,Ε΄ ΓΛΩΣΣΑΙ,V. LANGUAGES,Α΄ ΑΓΓΛΙΚΗ,Π. Ψαρᾶς,P. Psaras,Μέθοδος κατὰ τὸ σύστημα Gaspey-Otto-Sauer καὶ Α. Mauron,Method according to the Gaspey-Otto-Sauer and A. Mauron system,"8ον, σελ. 478",25,γρ.,ὑπὸ Π. Ψαρα
1895,IMG_1336.jpeg,Ε΄ ΓΛΩΣΣΑΙ,V. LANGUAGES,Α΄ ΑΓΓΛΙΚΗ,B. Tatikian,B. Tatikian,Spelling and Reading Book,Spelling and Reading Book,σ. 64,8,γρ.,
1895,IMG_1336.jpeg,Ε΄ ΓΛΩΣΣΑΙ,V. LANGUAGES,Β΄ ΓΑΛΛΙΚΗ,Δ. Σ. Β.,D. S. V.,Ἀλφαβητάριον,Alphabet Book,σελ. 77 / σελ. 152,2 / 3,γρ.,"σελ. 77: γρ. 2, σελ. 152: γρ. 3"
1895,IMG_1336.jpeg,Ε΄ ΓΛΩΣΣΑΙ,V. LANGUAGES,Β΄ ΓΑΛΛΙΚΗ,Ν. Κοντόπουλος,N. Kontopoulos,Ἀλφαβητάριον καὶ Ἀναγνωσματάριον Ἑλληνο-γαλλικόν,Greek-French Primer and Reader,"8ον, σελ. 118",3,γρ.,ἐγκριθὲν τῷ 1894
1895,IMG_1337.jpeg,Ε΄ ΓΛΩΣΣΑΙ,V. LANGUAGES,Β΄ ΓΑΛΛΙΚΗ,Γ. Ν. Μακρίδου,G. N. Makridis,᾿Αλφαβητάριον,Alphabet Primer,"σελ. 159, 8ον",4,γρ.,
1895,IMG_1337.jpeg,Ε΄ ΓΛΩΣΣΑΙ,V. LANGUAGES,Β΄ ΓΑΛΛΙΚΗ,Κ. Λιβερίου,K. Liverios,᾿Αναγνωσματάριον,Reader,"σελ. 58, 8ον",8,γρ.,
1895,IMG_1337.jpeg,Ε΄ ΓΛΩΣΣΑΙ,V. LANGUAGES,Β΄ ΓΑΛΛΙΚΗ,᾿Α. Ναδίρη,A. Nadiris,᾿Αναγνωσματάριον,Reader,"σελ. 96, 8ον",4,γρ.,
1895,IMG_1337.jpeg,Ε΄ ΓΛΩΣΣΑΙ,V. LANGUAGES,Β΄ ΓΑΛΛΙΚΗ,Γ. Ν. Μακρίδου,G. N. Makridis,᾿Αναγνωσμάτων ᾿Εκλεκτῶν Συλλογή,Collection of Select Readings,σελ. 156,5,γρ.,
1895,IMG_1337.jpeg,Ε΄ ΓΛΩΣΣΑΙ,V. LANGUAGES,Β΄ ΓΑΛΛΙΚΗ,Δ. Π. Κοντογεώργη,D. P. Kontogeorgis,᾿Αναγνωστικόν,Reader,σελ. η΄-104,4,γρ.,
1895,IMG_1337.jpeg,Ε΄ ΓΛΩΣΣΑΙ,V. LANGUAGES,Β΄ ΓΑΛΛΙΚΗ,Κ. Βαρβάτη,K. Varvatis,᾿Ανώμαλα ῥήματα,Irregular Verbs,σελ. 94,18,γρ.,
1895,IMG_1337.jpeg,Ε΄ ΓΛΩΣΣΑΙ,V. LANGUAGES,Β΄ ΓΑΛΛΙΚΗ,Αἰμ. Νοννόττη,Aim. Nonnottis,᾿Ανώμαλα ῥήματα (Vade-mecum),Irregular Verbs (Vade-mecum),"σελ. 217, 6 ταρ.",20,γρ.,
1895,IMG_1337.jpeg,Ε΄ ΓΛΩΣΣΑΙ,V. LANGUAGES,Β΄ ΓΑΛΛΙΚΗ,Κ. Βαρβάτη,K. Varvatis,Γαλλικῶν Συνωνύμων ᾿Εγχειρίδιον,Handbook of French Synonyms,σελ. 430,15,γρ.,
1895,IMG_1337.jpeg,Ε΄ ΓΛΩΣΣΑΙ,V. LANGUAGES,Β΄ ΓΑΛΛΙΚΗ,Μ. Δασκαλάκη,M. Daskalakis,"Γαλλισμοὶ ἐν διαλόγοις, κατὰ τὸν Peschier","Gallicisms in Dialogues, according to Peschier",σελ. 168,10,γρ.,
1895,IMG_1337.jpeg,Ε΄ ΓΛΩΣΣΑΙ,V. LANGUAGES,Β΄ ΓΑΛΛΙΚΗ,Δ. Π. Κοντογεώργη,D. P. Kontogeorgis,"Γνώσεις στοιχειώδεις τῆς γαλλικῆς γραμματικῆς (Le vade-mecum des écoliers grecs). Μέρος Β΄, ᾿Ανώμαλα ῾Ρήματα. — Συντακτικοὶ Κανόνες","Elementary Knowledge of French Grammar (The vade-mecum for Greek students). Part II, Irregular Verbs. — Syntax Rules","σελ. 200, χαρτόδ.",6 / 7,γρ.,Includes descriptive text about the work. Price: 6 groschen (unbound) / 7 groschen (paper-bound).
1895,IMG_1337.jpeg,Ε΄ ΓΛΩΣΣΑΙ,V. LANGUAGES,Β΄ ΓΑΛΛΙΚΗ,Γ. Βεντότη,G. Ventotis,Γραμματική,Grammar,σελ. 282,5,γρ.,
1895,IMG_1337.jpeg,Ε΄ ΓΛΩΣΣΑΙ,V. LANGUAGES,Β΄ ΓΑΛΛΙΚΗ,Γ. ῾Εμάρ,G. Hemar,"Γραμματική, μετὰ θεμάτων","Grammar, with exercises/topics","Τεῦχος Α΄, τεχνολογικόν, 8ον, σελ. 64",3,γρ.,
1895,IMG_1337.jpeg,Ε΄ ΓΛΩΣΣΑΙ,V. LANGUAGES,Β΄ ΓΑΛΛΙΚΗ,Ι. Καρασούτσα,I. Karasoutsas,Γραμματική,Grammar,"8ον, σελ. 157",4,γρ.,
1895,IMG_1337.jpeg,Ε΄ ΓΛΩΣΣΑΙ,V. LANGUAGES,Β΄ ΓΑΛΛΙΚΗ,Γ. Μ. Ζαδέ,G. M. Zades,"Γραμματική, μετὰ θεμάτων καὶ γυμνασμάτων","Grammar, with exercises and drills","8ον, σελ. ϛ΄-86",6,γρ.,
1895,IMG_1337.jpeg,Ε΄ ΓΛΩΣΣΑΙ,V. LANGUAGES,Β΄ ΓΑΛΛΙΚΗ,Γ. Μ. Ζαδέ,G. M. Zades,"Γραμματική, πρὸς χρῆσιν τῶν Γυμνασίων","Grammar, for use in Gymnasiums (High Schools)","8ον, σελ. 194",10,γρ.,
1895,IMG_1337.jpeg,Ε΄ ΓΛΩΣΣΑΙ,V. LANGUAGES,Β΄ ΓΑΛΛΙΚΗ,Κ. Λιβερίου,K. Liverios,Γραμματική,Grammar,"8ον, σελ. 112",3,γρ.,
1895,IMG_1337.jpeg,Ε΄ ΓΛΩΣΣΑΙ,V. LANGUAGES,Β΄ ΓΑΛΛΙΚΗ,Σ. Α. Π.,S. A. P.,Γραμματικὴ Λωμών,Lhomond's Grammar,"8ον, σελ. 56",5,γρ.,"Original grammar by Lhomond, edited/translated by S. A. P."
1895,IMG_1338.jpeg,Ε΄ ΓΛΩΣΣΑΙ,V. LANGUAGES,Β΄ ΓΑΛΛΙΚΗ,Γ. Ν. Μακρίδης,G. N. Makridis,Γραμματική,Grammar,σελ. 272,6,γρ.,
1895,IMG_1338.jpeg,Ε΄ ΓΛΩΣΣΑΙ,V. LANGUAGES,Β΄ ΓΑΛΛΙΚΗ,Ν. Γ. Οἰκονομίδης,N. G. Oikonomidis,Γραμματική,Grammar,"8ον, σελ. δ΄-580",15,γρ.,
1895,IMG_1338.jpeg,Ε΄ ΓΛΩΣΣΑΙ,V. LANGUAGES,Β΄ ΓΑΛΛΙΚΗ,Δ. Γ. Πανόπουλος,D. G. Panopoulos,Γραμματική,Grammar,"8ον, σ. 75",5,γρ.,
1895,IMG_1338.jpeg,Ε΄ ΓΛΩΣΣΑΙ,V. LANGUAGES,Β΄ ΓΑΛΛΙΚΗ,Δ. Γ. Πανόπουλος,D. G. Panopoulos,Γραμματική,Grammar,"8ον, σελ. 221",10,γρ.,
1895,IMG_1338.jpeg,Ε΄ ΓΛΩΣΣΑΙ,V. LANGUAGES,Β΄ ΓΑΛΛΙΚΗ,Ι. Ε. Σωμερίτης,I. E. Someritis,Γραμματική,Grammar,"8ον, σελ. 88",2,γρ.,
1895,IMG_1338.jpeg,Ε΄ ΓΛΩΣΣΑΙ,V. LANGUAGES,Β΄ ΓΑΛΛΙΚΗ,Γ. Δ. Δαμπίσης,G. D. Dampisis,"Διαλογικὸν ἐγχειρίδιον, περιέχον ποικίλην φρασεολογίαν καὶ τύπους","Dialogical handbook, containing varied phraseology and formulas",σελ. 247,5,γρ.,"Includes detailed description of content: vocabulary, exercises, dialogues, proverbs, letter templates, proper names, and major cities dictionary."
1895,IMG_1338.jpeg,Ε΄ ΓΛΩΣΣΑΙ,V. LANGUAGES,Β΄ ΓΑΛΛΙΚΗ,Κ. Καμβισίολος,K. Kambisiolos,Διάλογοι ἑλληνογαλλικοί,Greek-French Dialogues,σελ. θ΄-134,4,γρ.,
1895,IMG_1338.jpeg,Ε΄ ΓΛΩΣΣΑΙ,V. LANGUAGES,Β΄ ΓΑΛΛΙΚΗ,Ν. Β. Νάκης,N. V. Nakis,Διάλογοι ἑλληνογαλλικοί,Greek-French Dialogues,σελ. 160,5,γρ.,
1895,IMG_1338.jpeg,Ε΄ ΓΛΩΣΣΑΙ,V. LANGUAGES,Β΄ ΓΑΛΛΙΚΗ,Π. Δ. Σακελλάριος,P. D. Sakellarios,Διάλογοι ἑλληνογαλλικοί,Greek-French Dialogues,"8ον, σελ. 222",10,γρ.,
1895,IMG_1338.jpeg,Ε΄ ΓΛΩΣΣΑΙ,V. LANGUAGES,Β΄ ΓΑΛΛΙΚΗ,Διονύσιος Π. Κοντογεώργης,Dionysios P. Kontogeorgis,"Διδασκαλία Πρακτικὴ τῆς γαλλικῆς γλώσσης εἰς τρεῖς αὐτοτελεῖς βαθμῖδας κατὰ μέθοδον ὅλως νέαν. Α΄ βαθμίς, ἔκδοσις δευτέρα, ὅλως διάφορος τῆς πρώτης","Practical Teaching of the French language in three independent stages according to a completely new method. 1st Stage, second edition, completely different from the first",,6,γρ.,Includes detailed promotional note regarding the revised contents and method.
1895,IMG_1338.jpeg,Ε΄ ΓΛΩΣΣΑΙ,V. LANGUAGES,Β΄ ΓΑΛΛΙΚΗ,Α. Ρ. Ραγκαβής,A. R. Rangavis,Ἐγκυκλοπαιδεία,Encyclopedia,"8ον, σελ. β΄-508",8,γρ.,
1895,IMG_1338.jpeg,Ε΄ ΓΛΩΣΣΑΙ,V. LANGUAGES,Β΄ ΓΑΛΛΙΚΗ,Σ. Α. Π.,S. A. P.,Ἔμπειρος Γάλλος,Experienced Frenchman,σελ. 436,6,γρ.,
1895,IMG_1338.jpeg,Ε΄ ΓΛΩΣΣΑΙ,V. LANGUAGES,Β΄ ΓΑΛΛΙΚΗ,Μ. Δασκαλάκης,M. Daskalakis,Ἠχὼ Παρισίων,Echo of Paris,"8ον, σελ. 310",12,γρ.,
1895,IMG_1338.jpeg,Ε΄ ΓΛΩΣΣΑΙ,V. LANGUAGES,Β΄ ΓΑΛΛΙΚΗ,Μ. Δασκαλάκης,M. Daskalakis,Κλεὶς τῆς μεθόδου Ὀλλενδόρφου,Key to the Ollendorff Method,"8ον, σελ. 135",8,γρ.,
1895,IMG_1338.jpeg,Ε΄ ΓΛΩΣΣΑΙ,V. LANGUAGES,Β΄ ΓΑΛΛΙΚΗ,Ν. Κοντόπουλος,N. Kontopoulos,Κλεὶς τῆς μεθόδου Ὀλλενδόρφου,Key to the Ollendorff Method,"8ον, σελ. 88",8,γρ.,
1895,IMG_1339.jpeg,Ε΄ ΓΛΩΣΣΑΙ,V. Languages,Β΄ ΓΑΛΛΙΚΗ,Ἀ. Φατσέας,A. Fatseas,Κλεὶς τῆς μεθόδου Ὀλλενδόρφου,Key to the Ollendorff Method,"8ον, σελ. 47",8,γρ.,
1895,IMG_1339.jpeg,Ε΄ ΓΛΩΣΣΑΙ,V. Languages,Β΄ ΓΑΛΛΙΚΗ,Γ. Ἀ. Ῥάλλης,G. A. Rallis,Μαθήματα στοιχειώδη Γωτιέρου,Gaultier's Elementary Lessons,"Τόμος Α΄, σελ. ε΄-260",7,γρ.,
1895,IMG_1339.jpeg,Ε΄ ΓΛΩΣΣΑΙ,V. Languages,Β΄ ΓΑΛΛΙΚΗ,F. Ahn,F. Ahn,Μέθοδος Ahn,Ahn Method,σελ. 176,2.20,γρ.,
1895,IMG_1339.jpeg,Ε΄ ΓΛΩΣΣΑΙ,V. Languages,Β΄ ΓΑΛΛΙΚΗ,H. G. Ollendorff,H. G. Ollendorff,Μέθοδος Ὀλλενδόρφου,Ollendorff Method,"8ον, σελ. ε΄-632",10,γρ.,
1895,IMG_1339.jpeg,Ε΄ ΓΛΩΣΣΑΙ,V. Languages,Β΄ ΓΑΛΛΙΚΗ,"Κ. Γάνδος, Ἀ. Γκαρπόλας","C. Gand, A. Garpolas","Μέθοδος Ὀλλενδόρφου, ὑπὸ Κ. Γάνδου, ἐκ τοῦ γερμανικοῦ, ὑπὸ Ἀ. Γκαρπόλα","Ollendorff Method, by C. Gand, translated from German by A. Garpolas","8ον, σελ. ς΄-584",10,γρ.,
1895,IMG_1339.jpeg,Ε΄ ΓΛΩΣΣΑΙ,V. Languages,Β΄ ΓΑΛΛΙΚΗ,Μ. Δασκαλάκης,M. Daskalakis,Μέθοδος Ὀλλενδόρφου,Ollendorff Method,"8ον, σελ. 714",18,γρ.,
1895,IMG_1339.jpeg,Ε΄ ΓΛΩΣΣΑΙ,V. Languages,Β΄ ΓΑΛΛΙΚΗ,Ν. Κοντόπουλος,N. Kontopoulos,Μέθοδος τοῦ Emile Otto,Emile Otto's Method,"8ον, σ. 451",24,γρ.,
1895,IMG_1339.jpeg,Ε΄ ΓΛΩΣΣΑΙ,V. Languages,Β΄ ΓΑΛΛΙΚΗ,Κ. Βαρβάτης,K. Varvatis,Μέθοδος κατὰ Ἄν καὶ Ὀλλενδόρφαν,Method according to Ahn and Ollendorff,"8ον, σελ. 268",8,γρ.,
1895,IMG_1339.jpeg,Ε΄ ΓΛΩΣΣΑΙ,V. Languages,Β΄ ΓΑΛΛΙΚΗ,Ἀ. Ν. Γιάνναρης,A. N. Giannaris,Μέθοδος,Method,σελ. 224,7.20,γρ.,
1895,IMG_1339.jpeg,Ε΄ ΓΛΩΣΣΑΙ,V. Languages,Β΄ ΓΑΛΛΙΚΗ,Λέων Ὀλιβιέρος,Leon Olivier,Μέθοδος νεωτάτη,Newest Method,σελ. 192,8,γρ.,
1895,IMG_1339.jpeg,Ε΄ ΓΛΩΣΣΑΙ,V. Languages,Β΄ ΓΑΛΛΙΚΗ,Γ. Δ. Δαμπίσης,G. D. Dampisis,Ὁδηγὸς τῆς Γαλλικῆς Γλώσσης πρὸς ἐξάσκησιν τοῦ λαλεῖν αὐτήν,Guide to the French Language for Speaking Practice,σελ. 488,9,γρ.,
1895,IMG_1339.jpeg,Ε΄ ΓΛΩΣΣΑΙ,V. Languages,Β΄ ΓΑΛΛΙΚΗ,Διονύσιος Π. Κοντογεώργης,Dionysios P. Kontogeorgis,"Πραγματογνωσία γαλλιστὶ γεγραμμένη κατ' ἐρωταπόκρισιν, ἐπὶ τῇ βάσει τῆς μεθόδου A. Pellissier, μεθ' ἑρμηνείας εἰς τὴν ἑλληνικὴν πρὸς ἄσκησιν εἰς τὸ γαλλιστὶ διαλέγεσθαι (Leçons de choses par demandes et reponses d'après la méthode de M. A. Pellissier, avec une traduction interlinéaire en grec. Première partie)","Object lessons written in French by questions and answers, based on A. Pellissier's method, with translation into Greek for practice in speaking French (Object lessons by questions and answers according to Mr. A. Pellissier's method, with an interlinear translation in Greek. First part)",Première partie,4,γρ.,Includes descriptive paragraph explaining the pedagogical method.
1895,IMG_1339.jpeg,Ε΄ ΓΛΩΣΣΑΙ,V. Languages,Β΄ ΓΑΛΛΙΚΗ,Κ. Βίλμπεργ,C. Wilberg,"Χρηστομάθεια, Τόμ. Β΄","Chrestomathy, Vol. II","Τόμ. Β΄, σελ. 120",6,γρ.,
1895,IMG_1339.jpeg,Ε΄ ΓΛΩΣΣΑΙ,V. Languages,Β΄ ΓΑΛΛΙΚΗ,Κ. Βίλμπεργ,C. Wilberg,"Χρηστομάθεια, Τόμ. Γ΄","Chrestomathy, Vol. III","Τόμ. Γ΄, σελ. 143",8,γρ.,
1895,IMG_1339.jpeg,Ε΄ ΓΛΩΣΣΑΙ,V. Languages,Β΄ ΓΑΛΛΙΚΗ,Γ. Δ. Ζαδές,G. D. Zades,Χρηστομάθεια,Chrestomathy,"8ον, σελ. 288",10,γρ.,
1895,IMG_1339.jpeg,Ε΄ ΓΛΩΣΣΑΙ,V. Languages,Β΄ ΓΑΛΛΙΚΗ,Ἀ. Καποδίστριας,A. Kapodistrias,"Χρηστομάθεια, Τόμ. Α΄","Chrestomathy, Vol. I","Τόμ. Α΄, 8ον, σελ. 80",5,γρ.,
1895,IMG_1339.jpeg,Ε΄ ΓΛΩΣΣΑΙ,V. Languages,Β΄ ΓΑΛΛΙΚΗ,Ἀ. Καποδίστριας,A. Kapodistrias,"Χρηστομάθεια, Τόμ. Β΄","Chrestomathy, Vol. II","Τόμ. Β΄, σελ. 112",5,γρ.,
1895,IMG_1339.jpeg,Ε΄ ΓΛΩΣΣΑΙ,V. Languages,Β΄ ΓΑΛΛΙΚΗ,Ι. Καρασούτσας,I. Karasoutsas,Χρηστομάθεια,Chrestomathy,"8ον, σελ. 438",20,γρ.,
1895,IMG_1339.jpeg,Ε΄ ΓΛΩΣΣΑΙ,V. Languages,Β΄ ΓΑΛΛΙΚΗ,Γ. Ν. Μακρίδης,G. N. Makridis,Χρηστομάθεια,Chrestomathy,"Τόμ. Β΄, σελ. 230",10,γρ.,
1895,IMG_1339.jpeg,Ε΄ ΓΛΩΣΣΑΙ,V. Languages,Β΄ ΓΑΛΛΙΚΗ,Ν. Γ. Οικονομίδης,N. G. Oikonomidis,Χρηστομάθεια,Chrestomathy,σελ. 112,8,γρ.,
1895,IMG_1340.jpeg,Ε΄ ΓΛΩΣΣΑΙ,Languages,Ϛ΄ ΡΩΣΣΙΚΗ,Μ. Παλαιολόγου,M. Palaiologos,Γραμματική,Grammar,"8ον, σελ. 103",9,γρ.,
1895,IMG_1340.jpeg,Ε΄ ΓΛΩΣΣΑΙ,Languages,Ϛ΄ ΡΩΣΣΙΚΗ,Γ. Ζερβάτη—Περάκη,G. Zervati-Peraki,Διάλογοι Ἑλληνο-ῥωσσικοὶ μετὰ τοῦ ῥωσσικοῦ ἀλφαβήτου,Greek-Russian Dialogues with the Russian alphabet,σελ. 103,7,γρ.,
1895,IMG_1340.jpeg,Ε΄ ΓΛΩΣΣΑΙ,Languages,Ϛ΄ ΡΩΣΣΙΚΗ,,,"Διάλογοι Ἑλληνο-ῥωσσικοί, δι' ἑλληνικῶν χαρακτήρων","Greek-Russian Dialogues, in Greek characters","32ον, σελ. 20",1,γρ.,
1895,IMG_1340.jpeg,Ε΄ ΓΛΩΣΣΑΙ,Languages,Ϛ΄ ΡΩΣΣΙΚΗ,Α. Ι. Ἀδαμίδου,A. I. Adamidou,Ἐμπορικὴ Ἀλληλογραφία,Commercial Correspondence,"8ον, σελ. 152",18,γρ.,
1895,IMG_1340.jpeg,Ε΄ ΓΛΩΣΣΑΙ,Languages,Ϛ΄ ΡΩΣΣΙΚΗ,Α. Ι. Ἀδαμίδου,A. I. Adamidou,Κλεὶς Μεθόδου Ὀλλενδόρφου,Key to the Ollendorff Method,σελ. 99,,,Priced together with Method at 40 grosia
1895,IMG_1340.jpeg,Ε΄ ΓΛΩΣΣΑΙ,Languages,Ϛ΄ ΡΩΣΣΙΚΗ,Α. Ι. Ἀδαμίδου,A. I. Adamidou,Μέθοδος Ὀλλενδόρφου,Ollendorff Method,"8ον, σελ. 496",40,γρόσια,μετὰ τῆς Κλειδός
1895,IMG_1340.jpeg,Ε΄ ΓΛΩΣΣΑΙ,Languages,Ϛ΄ ΡΩΣΣΙΚΗ,,,"Σύνολον τῆς ῥωσσικῆς γλώσσης, κατὰ τὴν μέθοδον Ῥοβέρτου","The Whole of the Russian Language, according to the Robert method",σελ. IX-384,40,γρ.,
1895,IMG_1340.jpeg,Ε΄ ΓΛΩΣΣΑΙ,Languages,Ζ΄ ΤΟΥΡΚΙΚΗ,Ι. Ἰωαννίδου,I. Ioannidou,Ἀλφαβητάριον,Primer,,2,γρ.,"Μικρὸν εὐμέθοδον πόνημα, κάλλιστα ἐκτετυπωμένον καὶ χρήσιμον τῇ σπουδαζούσῃ Νεολαίᾳ, συνταχθὲν ἐπὶ τῇ βάσει τῶν ἀρίστων τουρκικῶν πρωτοτύπων."
1895,IMG_1340.jpeg,Ε΄ ΓΛΩΣΣΑΙ,Languages,Ζ΄ ΤΟΥΡΚΙΚΗ,Γρ. Π. Κακάβα,Gr. P. Kakava,"Ἀλφαβητάριον μέγα, καθ' ὅλως νέαν μέθοδον συντεταγμένον πρὸς ταχεῖαν ἐκμάθησιν τῆς τουρκικῆς ἀναγνώσεως","Great Primer, arranged according to an entirely new method for rapid learning of Turkish reading",,3,γρ.,"Τὸ ἔργον τοῦ λογίου κ. Κακάβα εἶναι συντεταγμένον μετὰ πολλῆς φροντίδος, ἐλπίζομεν δὲ ὅτι ὁ συγγραφεὺς ἐπέτυχε τοῦ ποθουμένου, ἤτοι τὴν ταχεῖαν ἐκμάθησιν τῆς δυσκόλου ἀναγνώσεως τῆς τουρκικῆς γλώσσης ὑπὸ τῶν ὁμογενῶν παίδων."
1895,IMG_1340.jpeg,Ε΄ ΓΛΩΣΣΑΙ,Languages,Ζ΄ ΤΟΥΡΚΙΚΗ,Ἐμμ. Μουτεβελλῆ,Emm. Moutevelli,Ἀναγνωσματάριον,Reader,σελ. 88,3,γρ.,
1895,IMG_1340.jpeg,Ε΄ ΓΛΩΣΣΑΙ,Languages,Ζ΄ ΤΟΥΡΚΙΚΗ,Ι. Π. Μηλιοπούλου,I. P. Miliopoulou,Ἀναγνωστικὸν Τουρκικὸν (Χαζαΐνι Κηραάτι Ὀσμανιέ),Turkish Reader (Hazine-i Kıraat-ı Osmaniye),,5,γρ.,"Τὸ τουρκικὸν Ἀναγνωστικὸν τοῦ εὐμαθοῦς κ. Μηλιοπούλου, συγγραφέως τῆς τριτεύχου Πνευματικῆς Τροφῆς, τοῦ Τουρκοελληνικοῦ Λεξι-"
1895,IMG_1341.jpeg,Ε΄ ΓΛΩΣΣΑΙ,Languages,Ζ΄ ΤΟΥΡΚΙΚΗ,Κλεάνθους Χαραλαμπίδου,Kleanthes Charalampides,᾿Ανθολογία ᾿Οθωμανική,Ottoman Anthology,"Τεῦχος Α΄, ἔκδ. γ΄, σελ. 105 + 16",10,γρόσια,"περιέχουσα ἀλφαβητάριον, συλλογὴν ἐκλεκτῶν τεμαχίων διαφόρων ὀθωμανῶν συγγραφέων, λεξιλόγιον καὶ γραμματικήν"
1895,IMG_1341.jpeg,Ε΄ ΓΛΩΣΣΑΙ,Languages,Ζ΄ ΤΟΥΡΚΙΚΗ,Χαφοὺζ ῾Ρεφῆ,Hafiz Refi,Γραμματική,Grammar,"8ον, σελ. 199",10,γρ.,
1895,IMG_1341.jpeg,Ε΄ ΓΛΩΣΣΑΙ,Languages,Ζ΄ ΤΟΥΡΚΙΚΗ,᾿Ι. Χλωροῦ,I. Chloros,Γραμματική,Grammar,"8ον, σελ. 255",12,γρ.,
1895,IMG_1341.jpeg,Ε΄ ΓΛΩΣΣΑΙ,Languages,Ζ΄ ΤΟΥΡΚΙΚΗ,᾿Αλ. Κωνσταντινίδου,Al. Konstantinides,Διάλογοι γαλλο-τουρκο-ἑλληνικοί,French-Turkish-Greek Dialogues,"8ον, σελ. 291",15,γρ.,
1895,IMG_1341.jpeg,Ε΄ ΓΛΩΣΣΑΙ,Languages,Ζ΄ ΤΟΥΡΚΙΚΗ,᾿Ι. Π. Μηλιοπούλου,I. P. Miliopoulos,Διάλογοι τουρκο-ἑλληνικοὶ καὶ ἑλληνοτουρκικοί,Turkish-Greek and Greek-Turkish Dialogues,"8ον, σελ. 275",10,γρ.,
1895,IMG_1341.jpeg,Ε΄ ΓΛΩΣΣΑΙ,Languages,Ζ΄ ΤΟΥΡΚΙΚΗ,᾿Αλεξάνδρου Κωνσταντινίδου Πασσᾶ,Alexander Konstantinides Pasha,᾿Εγκόλπιον ῾Ελληνο-ὀθωμανικόν,Greek-Ottoman Manual,σελ. λβ΄-319,5,γρ.,περιέχον καὶ τὸν Αὐτοκρατορικὸν Προνομιακὸν ᾿Οργανικὸν Χάρτην τῆς ἡγεμονίας Σάμου ἑλληνιστὶ καὶ τουρκιστί.
1895,IMG_1342.jpeg,Ε΄ ΓΛΩΣΣΑΙ,Languages,Ζ΄ ΤΟΥΡΚΙΚΗ,Κλεάνθης Χαραλαμπίδης,Kleanthes Charalampides,Ἐπιστολάριον Ὀθωμανικὸν μετὰ λεξιλογίου,Ottoman Epistolary with Vocabulary,,6,γρ.,"Τὸ Ὀθωμανικὸν Ἐπιστολάριον, τοῦ καθηγητοῦ κ. Χαραλαμπίδου, ὡς ἐκ τοῦ τίτλου αὐτοῦ φαίνεται, περιλαμβάνει ἐπιστολῶν καὶ ἀναφορῶν πρὸς διάφορα πρόσωπα διαφόρους τύπους, ἀφορῶντας εἰς πάσας τὰς κοινωνικὰς σχέσεις."
1895,IMG_1342.jpeg,Ε΄ ΓΛΩΣΣΑΙ,Languages,Ζ΄ ΤΟΥΡΚΙΚΗ,Κλ. Χαραλαμπίδης,Kl. Charalampides,Καλλιγραφία,Calligraphy,,2,γρ.,
1895,IMG_1342.jpeg,Ε΄ ΓΛΩΣΣΑΙ,Languages,Ζ΄ ΤΟΥΡΚΙΚΗ,Χαφοὺζ Ῥεφῆ,Hafouz Refi,Καλλιγραφία τουρκική,Turkish Calligraphy,,4,γρ.,
1895,IMG_1342.jpeg,Ε΄ ΓΛΩΣΣΑΙ,Languages,Ζ΄ ΤΟΥΡΚΙΚΗ,Κάμπερ,Kamper,Μέθοδος,Method,"Τόμοι Α΄, Β΄, Γ΄","5, 5, 7.50",γρ.,"Α΄. δεδεμ. γρ. 5, Β΄ γρ. 5, Γ΄ γρ. 7.50"
1895,IMG_1342.jpeg,Ε΄ ΓΛΩΣΣΑΙ,Languages,Ζ΄ ΤΟΥΡΚΙΚΗ,Ἀλφρ. Ἰ. Βιτάλης,Alfr. I. Vitalis,Μέθοδος Νέα,New Method,"Α΄ ἔτος σελ. 206, Β΄ σελ. 167","7, 7",γρ.,"Α΄ ἔτος γρ. 7, Β΄ γρ. 7"
1895,IMG_1342.jpeg,Ε΄ ΓΛΩΣΣΑΙ,Languages,Ζ΄ ΤΟΥΡΚΙΚΗ,,,METHODE (en caractères turcs et en caractères latines) pour aprendre la lanque Turque,Method (in Turkish characters and in Latin characters) for learning the Turkish language,σελ. 96,5,γρ.,
1895,IMG_1342.jpeg,Ε΄ ΓΛΩΣΣΑΙ,Languages,Ζ΄ ΤΟΥΡΚΙΚΗ,Π. Β. Μελιτόπουλος,P. V. Melitopoulos,Τουρκικὴ γλῶσσα,Turkish Language,σελ. 118,10,γρ.,
1895,IMG_1342.jpeg,Ε΄ ΓΛΩΣΣΑΙ,Languages,Ζ΄ ΤΟΥΡΚΙΚΗ,Α. Χαρακτίδης,A. Charaktides,Χρηστομάθεια,Chrestomathy,"8ον, σελ. η΄-231",12,γρ.,
1895,IMG_1343.jpeg,ΛΕΞΙΚΑ,Dictionaries,ϛ΄,Κ. Βαρβάτης,K. Varvatis,Λεξικὸν γαλλο-ἑλληνικόν,French-Greek Dictionary,σ. 1442,40,γρ.,
1895,IMG_1343.jpeg,ΛΕΞΙΚΑ,Dictionaries,ϛ΄,Κ. Βαρβάτης,K. Varvatis,Λεξικὸν ἑλληνο-γαλλικόν,Greek-French Dictionary,σ. 1218,40,γρ.,
1895,IMG_1343.jpeg,ΛΕΞΙΚΑ,Dictionaries,ϛ΄,Κ. Βαρβάτης,K. Varvatis,"Λεξικὸν ἐπίτομον τῶν κυρίων ὀνομάτων, ἱστορικῶν, μυθολογικῶν καὶ γεωγραφικῶν, ἑρμηνευομένων συντόμως γαλλιστί","Abridged Dictionary of Proper Names, Historical, Mythological, and Geographical, Briefly Explained in French","8ον, σελ. 320",10,γρ.,
1895,IMG_1343.jpeg,ΛΕΞΙΚΑ,Dictionaries,ϛ΄,,,Λεξικὸν ἰταλογραικικὸν Βενετίας,Italian-Greek Dictionary of Venice,σελ. 188,10,γρ.,
1895,IMG_1343.jpeg,ΛΕΞΙΚΑ,Dictionaries,ϛ΄,,,Λεξικὸν τουρκο-γραικικὸν Βενετίας,Turkish-Greek Dictionary of Venice,"8ον, σελ. 56",6,γρ.,
1895,IMG_1343.jpeg,ΛΕΞΙΚΑ,Dictionaries,ϛ΄,Ἀ. Βλάχος,A. Vlachos,Λεξικὸν ἑλληνο-γαλλικόν,Greek-French Dictionary,σ. 618,10,γρ.,
1895,IMG_1343.jpeg,ΛΕΞΙΚΑ,Dictionaries,ϛ΄,Στ. Ἰ. Βούτυρας,St. I. Voutyras,"Λεξικὸν ἱστορίας καὶ γεωγραφίας, διαλαμβάνον ἱστορίαν, φυσικὴν καὶ πολιτικὴν χωρογραφίαν,τοὺς βίους τῶν μεγάλων ἀνδρῶν, τοὺς μύθους καὶ τὰς παραδόσεις πάντων τῶν ἐθνῶν ἀπὸ τῶν ἀρχαιοτάτων χρόνων μέχρι τοῦ νῦν, τὸ πρῶτον καὶ μόνον ἐν τῇ ἡμετέρᾳ γλώσσῃ","Dictionary of History and Geography, Containing History, Physical and Political Chorography, the Lives of Great Men, Myths and Traditions of All Nations from Ancient Times to the Present, the First and Only One in Our Language","εἰς τόμους 9, 8ον μέγα δίστηλον, σελ. 11725",1200,γρ.,
1895,IMG_1343.jpeg,ΛΕΞΙΚΑ,Dictionaries,ϛ΄,Σκαρλάτος Δ. Βυζάντιος,Skarlatos D. Byzantios,Λεξικὸν τῆς ἑλληνικῆς γλώσσης μετὰ ἐπιτόμου λεξικοῦ τῶν κυρίων ὀνομάτων,Dictionary of the Greek Language with an Abridged Dictionary of Proper Names,"4ον, σελ. ΙϚ΄-1789",130,γρ.,
1895,IMG_1343.jpeg,ΛΕΞΙΚΑ,Dictionaries,ϛ΄,Σκαρλάτος Δ. Βυζάντιος,Skarlatos D. Byzantios,Λεξικὸν ἑλληνο-γαλλικὸν καὶ γαλλο-ἑλληνικόν,Greek-French and French-Greek Dictionary,"8ον, σελ. ι΄-942",65,γρ.,
1895,IMG_1343.jpeg,ΛΕΞΙΚΑ,Dictionaries,ϛ΄,Σκαρλάτος Δ. Βυζάντιος,Skarlatos D. Byzantios,"Λεξικὸν τῆς καθ' ἡμᾶς ἑλληνικῆς διαλέκτου, μεθηρμηνευμένης εἰς τὸ ἀρχαῖον ἑλληνικὸν καὶ γαλλικόν","Dictionary of Our Modern Greek Dialect, Translated into Ancient Greek and French","8ον, σελ. ιϚ΄—676",45,γρ.,
1895,IMG_1343.jpeg,ΛΕΞΙΚΑ,Dictionaries,ϛ΄,Ἄνθιμος Γαζῆς,Anthimos Gazis,"Λεξικὸν τῆς ἑλληνικῆς γλώσσης, τρίτομον","Dictionary of the Greek Language, Three Volumes","4ον, σελ. η΄—2605",400,γρ.,"ἐκδοθὲν δαπάνῃ Κ. Γκαρμπολᾶ καὶ Χ. Ματακίδου, ἐκδ. β΄, ἐν Βιέννῃ, 1835"
1895,IMG_1343.jpeg,ΛΕΞΙΚΑ,Dictionaries,ϛ΄,Ἠλ. Γεωργιάδης,Il. Georgiades,Λεξικὸν γαλλο-ἑλληνικὸν μικρόν,Small French-Greek Dictionary,"16ον, σ. 281",15,γρ.,
1895,IMG_1344.jpeg,ΛΕΞΙΚΑ,Dictionaries,,"Ἠλ. Γεωργιάδης, Κ. Βαρβάτης","Il. Georgiades, K. Varvatis","Λεξικὸν ἑλληνο-γαλλικὸν πρόχειρον, ὑπὸ Ἠλ. Γεωργιάδου, ἐπιθεωρηθὲν ὑπὸ Κ. Βαρβάτη","Concise Greek-French dictionary, by Il. Georgiades, revised by K. Varvatis","16ον, σελ. 544",15,γρ.,
1895,IMG_1344.jpeg,ΛΕΞΙΚΑ,Dictionaries,,Ἀ. Ν. Γιάνναρης,A. N. Giannaris,"Λεξικὸν ἑλληνικὸν μετὰ εἰσαγωγῆς εἰς τὴν ἑλληνικὴν γλῶσσαν καὶ φιλολογίαν, ὑπὸ Ἀ. Ν. Γιάνναρη","Greek dictionary with an introduction to the Greek language and philology, by A. N. Giannaris","Τόμ. 2, σελ. 9510",75,γρ.,
1895,IMG_1344.jpeg,ΛΕΞΙΚΑ,Dictionaries,,Ἀ. Ν. Γιάνναρης,A. N. Giannaris,"Λεξικὸν γερμανο-ἑλληνικὸν μετὰ προεισαγωγικῶν κανόνων περὶ προφορᾶς καὶ τονισμοῦ, καὶ πίνακος τῶν ἀνωμάλων ῥημάτων, ὑπὸ Ἀ. Ν. Γιάνναρη","German-Greek dictionary with introductory rules on pronunciation and accentuation, and a table of irregular verbs, by A. N. Giannaris","8ον, σελ. ιε΄—1146",40,γρ.,
1895,IMG_1344.jpeg,ΛΕΞΙΚΑ,Dictionaries,,Μάξιμος Δασκαλάκης,Maximos Daskalakis,"Λεξικὸν γαλλο-ἑλληνικὸν ἐπίτομον πλῆρες, περιλαμβάνον καὶ κύρια ὀνόματα μετὰ σημειώσεως τῆς προφορᾶς κατὰ μέθοδον ὅλως νέαν διὰ τοῦ συναγωγικοῦ τρόπου καὶ τῆς παραθέσεως συνωνύμων καὶ ἀντωνύμων κτλ., ὑπὸ Μαξίμου Δασκαλάκη","Complete concise French-Greek dictionary, including proper names with notes on pronunciation according to an entirely new method..., by Maximos Daskalakis","8ον, σελ. 974",45,γρ.,
1895,IMG_1344.jpeg,ΛΕΞΙΚΑ,Dictionaries,,Γ. Δ. Ζηκίδης,G. D. Zikidis,"Λεξικὸν ἁπάντων τῶν ῥημάτων τῆς ἀττικῆς πεζογραφικῆς διαλέκτου, ὑπὸ Γ. Δ. Ζηκίδου","Dictionary of all verbs of the Attic prose dialect, by G. D. Zikidis","8ον, σελ. λϐ΄—704",40,γρ.,
1895,IMG_1344.jpeg,ΛΕΞΙΚΑ,Dictionaries,,Ἰ. Καρασούτσας,I. Karasoutsas,"Λεξικὸν τῶν συνωνύμων τῆς γαλλικῆς γλώσσης, ὑπὸ Ἰ. Καρασούτσα","Dictionary of French language synonyms, by I. Karasoutsas",,12,γρ.,
1895,IMG_1344.jpeg,ΛΕΞΙΚΑ,Dictionaries,,Ν. Κοντόπουλος,N. Kontopoulos,"Λεξικὸν ἀγγλο-ἑλληνικόν, ὑπὸ Ν. Κοντοπούλου","English-Greek dictionary, by N. Kontopoulos","8ον, σ. 516",50,γρ.,
1895,IMG_1344.jpeg,ΛΕΞΙΚΑ,Dictionaries,,Ν. Κοντόπουλος,N. Kontopoulos,"Λεξικὸν ἑλληνο-ἀγγλικόν, ὑπὸ Ν. Κοντοπούλου","Greek-English dictionary, by N. Kontopoulos","8ον, σ. 480",50,γρ.,
1895,IMG_1344.jpeg,ΛΕΞΙΚΑ,Dictionaries,,Ν. Κοντόπουλος,N. Kontopoulos,"Λεξικὸν ἐπίτομον γαλλο-ἑλληνικόν, ὑπὸ Ν. Κοντοπούλου","Concise French-Greek dictionary, by N. Kontopoulos",σελ. 1076,40,γρ.,
1895,IMG_1344.jpeg,ΛΕΞΙΚΑ,Dictionaries,,Ἀδαμάντιος Κοραῆς,Adamantios Korais,"Λεξικὸν γαλλο-γραικικόν, περιέχον καὶ τὰς ἐν τῷ Λεξικῷ τῆς Γαλλικῆς Ἀκαδημείας ἰδιογράφους τοῦ Κοραῆ σημειώσεις. Τὰ μετὰ θάνατον εὑρεθέντα. Τόμος Α΄.","French-Greek dictionary, containing also Korais' autograph notes in the Dictionary of the French Academy. Posthumous works. Volume I.","8ον, σελ. 535",30,γρ.,
1895,IMG_1344.jpeg,ΛΕΞΙΚΑ,Dictionaries,,Theodor Kind,Theodor Kind,"Λεξικὸν τῆς νεοελληνικῆς καὶ τῆς γερμανικῆς γλώσσης σύντομον, ὑπὸ Theodor Kind","Concise dictionary of Modern Greek and German, by Theodor Kind","32ον, σελ. 672",22,γρ.,
1895,IMG_1344.jpeg,ΛΕΞΙΚΑ,Dictionaries,,Ἀ. Κωνσταντινίδης,A. Konstantinidis,"Λεξικὸν τῆς ἑλληνικῆς ὀρθογραφίας, ὑπὸ Ἀ. Κωνσταντινίδου","Dictionary of Greek orthography, by A. Konstantinidis",σελ. 96,7 π. 20,γρ.,
1895,IMG_1344.jpeg,ΛΕΞΙΚΑ,Dictionaries,,Ἀνέστης Κωνσταντινίδης,Anestis Konstantinidis,"Λεξικὸν τῶν κυρίων ὀνομάτων, μυθολογικῶν, ἱστορικῶν, γεωγραφικῶν κτλ. τῶν ἐν τοῖς Ἕλλησιν ἀπαντώντων, ἐκδίδεται ὑπὸ Ἀνέστη Κωνσταντινίδου, χρυσοδεμένον","Dictionary of proper names, mythological, historical, geographical, etc. found among the Greeks, published by Anestis Konstantinidis, gilt-bound",σελ. 537,35,γρ.,
1895,IMG_1344.jpeg,ΛΕΞΙΚΑ,Dictionaries,,Γ. Κωνσταντίνου,G. Konstantinou,"* Λεξικὸν τῶν Ἁγίων Γραφῶν, ἱστορικόν, ἐθνολογικόν, ἀρχαιολογικόν, θεολογικὸν κτλ., περιέχον 300 εἰκόνας, 12 γεωγραφικοὺς χάρτας καὶ 5 χρονολογικοὺς πίνακας, ὑπὸ Γ. Κωνσταντίνου","Dictionary of the Holy Scriptures, historical, ethnological, archaeological, theological, etc., containing 300 illustrations, 12 geographical maps and 5 chronological tables, by G. Konstantinou","8ον, σελ. 1125",40,γρ.,
1895,IMG_1344.jpeg,ΛΕΞΙΚΑ,Dictionaries,,Ε. Κοφινιώτης,E. Kofiniotis,"Λεξικὸν ὁμηρικὸν. μετὰ εἰκόνων καὶ παραρτήματος, ὑπὸ Ε. Κοφινιώτου","Homeric dictionary. With illustrations and appendix, by E. Kofiniotis","8ον, σελ. 415",40,γρ.,
1895,IMG_1345.jpeg,ΛΕΞΙΚΑ,Dictionaries,,Α. Μ. Λεβίδου,A. M. Levidis,Λεξικὸν ἑλληνο-τουρκικόν,Greek-Turkish Dictionary,"4ον, σ. 300",20,γρ.,
1895,IMG_1345.jpeg,ΛΕΞΙΚΑ,Dictionaries,,E. F. Leopold,E. F. Leopold,Λεξικὸν ἐπίτομον ἑλληνο-λατινικόν,Concise Greek-Latin Dictionary,"32ον, σελ. 895",25,γρ.,
1895,IMG_1345.jpeg,ΛΕΞΙΚΑ,Dictionaries,,Ιωάννου Π. Μηλιοπούλου,Ioannis P. Miliopoulos,Λεξικὸν τουρκοελληνικὸν μετὰ προχείρου γεωγραφικοῦ πίνακος,Turkish-Greek Dictionary with a Handy Geographical Map,"σελ. δίστηλοι ιβ΄—860, 16ον",40,γρ.,Πανόδετον γρ. 45. Δεδεμένον πολυτελῶς γρ. 50.
1895,IMG_1345.jpeg,ΛΕΞΙΚΑ,Dictionaries,,Κ. Μ. Μητσοπούλου,K. M. Mitsopoulos,Λεξικὸν 'Εγκυκλοπαιδικὸν πρακτικῶν γνώσεων,Encyclopedic Dictionary of Practical Knowledge,"τόμοι 2 μεγάλοι, 8ον, σελ. 1200",100,γρ.,Επιμελείᾳ Κ. Μ. Μητσοπούλου
1895,IMG_1345.jpeg,ΛΕΞΙΚΑ,Dictionaries,,Μπὰρτ καὶ Χίρστ,Barth and Hirst,"Λεξικὸν 'Εγκυκλοπαιδικόν, ἐκδιδόμενον ἐν 'Αθήναις κατὰ φυλλάδια","Encyclopedic Dictionary, published in Athens in fascicles","μέγα 8ον, 4 τόμοι ἐκ 30 φυλλαδίων ἕκαστος",4,γρ.,Price per fascicle (φυλλάδιον)
1895,IMG_1345.jpeg,ΛΕΞΙΚΑ,Dictionaries,,Δ. Ι. 'Ολυμπίου,D. I. Olympios,Λεξικὸν ὁμηρικόν,Homeric Dictionary,"μετὰ εἰκόνων, 8ον, σελ. ε΄—357, πίνακες XVI",30,γρ.,
1895,IMG_1345.jpeg,ΛΕΞΙΚΑ,Dictionaries,,Σ. Α. Κουμανούδη / Οὐλερίχου,S. A. Koumanoudis / Ulrichs,Λεξικὸν λατινο-ἑλληνικὸν Οὐλερίχου,Latin-Greek Dictionary of Ulrichs,"8ον, σελ. ιε΄—512",80,γρ.,ὑπὸ Σ. Α. Κουμανούδη
1895,IMG_1345.jpeg,ΛΕΞΙΚΑ,Dictionaries,,Ι. Πανταζίδου,I. Pantazidis,Λεξικὸν ὁμηρικόν,Homeric Dictionary,"8ον, σελ. κ΄—721",75,γρ.,
1895,IMG_1345.jpeg,ΛΕΞΙΚΑ,Dictionaries,,Μ. Π. Περίδου,M. P. Peridis,Λεξικὸν ἰταλικὸν καὶ ἑλληνικόν,Italian and Greek Dictionary,"8ον, σελ. η΄—1724",130,γρ.,
1895,IMG_1346.jpeg,ΛΕΞΙΚΑ,Dictionaries,ϛ΄,Ἰ. Περβανόγλου,I. Pervanoglou,"Λεξικὸν ἀγγλο-ἑλληνικὸν μετὰ προλόγου, εἰσαγωγῆς περὶ προφορᾶς τῆς ἀγγλικῆς γλώσσης, πίνακος τῶν ἀνωμάλων ῥημάτων καὶ συντετμημένων λέξεων","English-Greek Dictionary with preface, introduction on English pronunciation, table of irregular verbs and abbreviations",σ. 1097,40,γ.,
1895,IMG_1346.jpeg,ΛΕΞΙΚΑ,Dictionaries,ϛ΄,Ἰ. Περβανόγλου,I. Pervanoglou,"Λεξικὸν ἑλληνο-ἀγγλικόν, μετὰ εἰσαγωγῆς, πινάκων κτλ.","Greek-English Dictionary, with introduction, tables etc.","8ον, σελ. 1100",40,γρ.,
1895,IMG_1346.jpeg,ΛΕΞΙΚΑ,Dictionaries,ϛ΄,Γ. Πολυμέρη,G. Polymeris,Λεξικὸν ἀγγλο-ἑλληνικόν,English-Greek Dictionary,"8ον, σ. 661",25,γρ.,
1895,IMG_1346.jpeg,ΛΕΞΙΚΑ,Dictionaries,ϛ΄,Κ. Πρασσᾶ καὶ Γ. Ἑμάρ,K. Prassas and G. Hemar,Λεξικὸν γαλλο-ἑλληνικόν,French-Greek Dictionary,8ον,2,γρ.,Ἕκαστον τεῦχος τιμᾶται γρ. 2.
1895,IMG_1346.jpeg,ΛΕΞΙΚΑ,Dictionaries,ϛ΄,Ἀ. Ῥ. Ῥαγκαβῆ,A. R. Rangavis,"Λεξικὸν ἀρχαιολογικόν, μετὰ 1379 εἰκόνων καὶ πινάκων","Archaeological Dictionary, with 1379 images and plates","Τόμοι 2, 8ον, σελ. 1590",50,γρ.,
1895,IMG_1346.jpeg,ΛΕΞΙΚΑ,Dictionaries,ϛ΄,Ἀ. Ῥ. Ῥαγκαβῆ,A. R. Rangavis,Λεξικὸν κρυπτογραφικόν,Cryptographic Dictionary,"8ον, σ. 112",30,γ.,
1895,IMG_1346.jpeg,ΛΕΞΙΚΑ,Dictionaries,ϛ΄,Ἀ. Ἀ. Σακελλαρίου,A. A. Sakellarios,Λεξικὸν τῆς ἑλληνικῆς γλώσσης,Dictionary of the Greek Language,"τόμ. 3, σελ. 4397",220,γρ.,
1895,IMG_1346.jpeg,ΛΕΞΙΚΑ,Dictionaries,ϛ΄,Σμιδιτίου,Schmidt,Λεξικὸν ἑλληνο-γερμανικόν,Greek-German Dictionary,"32ον, σ. 812",25,γρ.,
1895,IMG_1346.jpeg,ΛΕΞΙΚΑ,Dictionaries,ϛ΄,Μ. Γ. Σχινα καὶ Ἰ. Ν. Λεβαδέως,M. G. Schinas and I. N. Levadeus,Λεξικὸν γαλλο-ἑλληνικόν,French-Greek Dictionary,"Τόμοι 2, 4ον, σελ. ια΄—2477",180,γρ.,
1895,IMG_1346.jpeg,ΛΕΞΙΚΑ,Dictionaries,ϛ΄,Π. Τζένου,P. Tzenos,Λεξικὸν τῆς ἑλληνικῆς γλώσσης Schmidt,Dictionary of the Greek Language Schmidt,"16ον, σελ. 1370",35,γρ.,
1895,IMG_1346.jpeg,ΛΕΞΙΚΑ,Dictionaries,ϛ΄,Ἐ. Δ. Τσακαλώτου,E. D. Tsakalotos,Λεξικὸν λατινο-ἑλληνικὸν μετὰ λατινικῆς γραμματολογίας,Latin-Greek Dictionary with Latin literary history,"8ον, σελ. κϛ΄—774",45,γρ.,
1895,IMG_1346.jpeg,ΛΕΞΙΚΑ,Dictionaries,ϛ΄,Σ. Τζιβανοπούλου,S. Tzivanopoulos,"Λεξικὸν τῶν ἑλληνικῶν καὶ ῥωμαϊκῶν ἀρχαιοτήτων, μετὰ 500 εἰκόνων κατὰ Smith καὶ ἄλλους","Dictionary of Greek and Roman Antiquities, with 500 illustrations after Smith and others","8ον, σελ. ιε΄—1072",100,γρ.,
1895,IMG_1346.jpeg,ΛΕΞΙΚΑ,Dictionaries,ϛ΄,Θ. Ν. Φιλαρέτου,Th. N. Filaretos,Λεξικὸν Νομικῆς,Legal Dictionary,8ον,5,γρ.,"ἐπιμελείᾳ Θ. Ν. Φιλαρέτου, ἐκδιδόμενον κατὰ τεύχη. Ἕκαστον τεῦχος τιμᾶται γρ. 5."
1895,IMG_1346.jpeg,ΛΕΞΙΚΑ,Dictionaries,ϛ΄,Σ. Α. Κουμανούδη,S. A. Koumanoudis,Συναγωγὴ λέξεων ἀθησαυρίστων ἐν τοῦς ἑλληνικοῖς λεξικοῖς,Collection of uncollected words in Greek dictionaries,"8ον, σελ. 399",50,γρ.,
1895,IMG_1346.jpeg,ΛΕΞΙΚΑ,Dictionaries,ϛ΄,A. Gazier,A. Gazier,Dictionnaire Nouveau classique illustré,New Illustrated Classic Dictionary,"16ον, σελ. 788",15,γρ.,
1895,IMG_1346.jpeg,ΛΕΞΙΚΑ,Dictionaries,ϛ΄,P. Larousse,P. Larousse,Dictionnaire Complet illustré,Complete Illustrated Dictionary,"16ον, σελ. 1464",20,γρ.,
1895,IMG_1346.jpeg,ΛΕΞΙΚΑ,Dictionaries,ϛ΄,V. Salva,V. Salva,Dictionnaire Espagnol-Français et Français-Espagnol,Spanish-French and French-Spanish Dictionary,"32ον, σελ. 440, cartonné",15,γρ.,
1895,IMG_1346.jpeg,ΛΕΞΙΚΑ,Dictionaries,ϛ΄,,,Dictionnaire Nouveau Français et Anglais,New French and English Dictionary,"8ov, σελ. 395",20,γρ.,
1895,IMG_1347.jpeg,ΛΕΞΙΚΑ,Dictionaries,ϛ΄,A. E.,A. E.,Dictionnaire Français et Grec vulgaire,French and Vulgar Greek Dictionary,"8ον, σελ. 626",30,γρ.,
1895,IMG_1347.jpeg,ΛΕΞΙΚΑ,Dictionaries,ϛ΄,Mehmed Chukri et Michel Asgiav,Mehmed Chukri and Michel Asgiav,Dictionnaire Français-Turc,French-Turkish Dictionary,"16ον, σελ. 2054",80,γρ.,
1895,IMG_1347.jpeg,ΛΕΞΙΚΑ,Dictionaries,ϛ΄,Ch. Samy Bey Fraschery,Ch. Samy Bey Fraschery,Dictionnaire petit Français-Turc,Small French-Turkish Dictionary,"32ον, σελ. 651, cartonné",15,γρ.,cartonné
1895,IMG_1347.jpeg,ΛΕΞΙΚΑ,Dictionaries,ϛ΄,N. Bouillet,N. Bouillet,Dictionnaire d'Histoire et de Geographie,Dictionary of History and Geography,"8ον, σελ. 2024",80,γρ.,
1895,IMG_1347.jpeg,ΛΕΞΙΚΑ,Dictionaries,ϛ΄,Ad. Franck,Ad. Franck,Dictionnaire des Sciences Philosophiques,Dictionary of Philosophical Sciences,"4ον, σελ. 1806",50,γρ.,
1895,IMG_1347.jpeg,ΛΕΞΙΚΑ,Dictionaries,ϛ΄,N. M.,N. M.,Lexique Turc-Français,Turkish-French Lexicon,"32ον, σελ. 159",5,γρ.,
1895,IMG_1347.jpeg,ΛΕΞΙΚΑ,Dictionaries,ϛ΄,N. M.,N. M.,Lexique Français-Turc,French-Turkish Lexicon,"32ον, σελ. 244",10,γρ.,
1895,IMG_1347.jpeg,ΛΕΞΙΚΑ,Dictionaries,ϛ΄,Georges Rhasis,Georges Rhasis,Vocabulaire Français-Turc,French-Turkish Vocabulary,"4ον, σελ. 328, δεδεμ.",40,γρ.,δεδεμ.
1895,IMG_1348.jpeg,ΠΑΙΔΑΓΩΓΙΚΑ,Pedagogics,Ζ΄,Δ. Γ. Χ. Κώνστας,D. G. Ch. Konstas,Ἀγωγὴ καὶ παιδεία παίδων παρ' Ἕλλησι καὶ Ῥωμαίοις,Upbringing and Education of Children among the Greeks and Romans,"8ov, σελ. 164",15,γρ.,
1895,IMG_1348.jpeg,ΠΑΙΔΑΓΩΓΙΚΑ,Pedagogics,Ζ΄,Μαρῖνος Δ. Βεργωτῆς,Marinos D. Vergotis,"Ἀγωγῆς καὶ Παιδείας Ἱστορικαὶ Μελέται, Τόμος Α΄. Ἀρχαῖοι Χρόνοι","Historical Studies on Upbringing and Education, Vol. I: Ancient Times","μέγα 8ov, σελ. 522",30,γρ.,
1895,IMG_1348.jpeg,ΠΑΙΔΑΓΩΓΙΚΑ,Pedagogics,Ζ΄,"Ἑρβέρτος Σπένσερ, ὑπὸ Π. Ἰ. Χαλκιοπούλου",Herbert Spencer (transl. P. I. Chalkiopoulos),Ἀγωγῆς (περί),On Education,σελ. ιϛ΄-104,8,γρ.,
1895,IMG_1348.jpeg,ΠΑΙΔΑΓΩΓΙΚΑ,Pedagogics,Ζ΄,Μ. Ἰ. Βρατσάνος,M. I. Vratsanos,Ἀνάγνωσις τεχνική,Technical Reading,σελ. 96,15,γρ.,
1895,IMG_1348.jpeg,ΠΑΙΔΑΓΩΓΙΚΑ,Pedagogics,Ζ΄,Β. Φαρσῆς,V. Farsis,Δημοσία Παίδευσις καὶ τὸ Διδασκαλικὸν ἐν Ἑλλάδι,Public Education and the Teaching Profession in Greece,"8ov, σελ. 108",5,γρ.,
1895,IMG_1348.jpeg,ΠΑΙΔΑΓΩΓΙΚΑ,Pedagogics,Ζ΄,Κ. Σ. Ξανθόπουλος,K. S. Xanthopoulos,Διδασκαλία τῆς ἑλληνικῆς γλώσσης,Teaching of the Greek Language,σελ. 120,5,γρ.,
1895,IMG_1348.jpeg,ΠΑΙΔΑΓΩΓΙΚΑ,Pedagogics,Ζ΄,Κ. Σ. Ξανθόπουλος,K. S. Xanthopoulos,Διδασκάλου καὶ τῆς τοῦ διδασκαλικοῦ ἐπαγγέλματος σπουδαιότητος (Περί),On the Teacher and the Importance of the Teaching Profession,"8ov, σ. 42",4,γρ.,
1895,IMG_1348.jpeg,ΠΑΙΔΑΓΩΓΙΚΑ,Pedagogics,Ζ΄,Ἰφιγένεια Παπαγεωργίου,Iphigeneia Papageorgiou,Διεύθυνσις Νηπιαγωγείων καὶ Πραγματογνωσία,Management of Kindergartens and Object Lessons,"8ov, σελ. 232",30,γρ.,
1895,IMG_1348.jpeg,ΠΑΙΔΑΓΩΓΙΚΑ,Pedagogics,Ζ΄,Γ. Γ. Παπαδόπουλος,G. G. Papadopoulos,Δοκίμιον πρακτικῶν παιδαγωγικῶν οδηγιῶν,Essay on Practical Pedagogical Instructions,"8ov, σελ. 60",5,γρ.,
1895,IMG_1348.jpeg,ΠΑΙΔΑΓΩΓΙΚΑ,Pedagogics,Ζ΄,Κ. Σ. Ξανθόπουλος,K. S. Xanthopoulos,Ἔκθεσις τῆς πνευματικῆς ἀναπτύξεως τῶν νεωτέρων Ἑλλήνων,Report on the Intellectual Development of Modern Greeks,σελ. 176,5,γρ.,
1895,IMG_1348.jpeg,ΠΑΙΔΑΓΩΓΙΚΑ,Pedagogics,Ζ΄,Σ. Μ. Παρίσης,S. M. Parisis,"Ἐκπαίδευσις Ἀνωτέρα καὶ Μέση, ἤτοι Συλλογὴ τῶν διεπόντων τὴν ἀνωτέραν καὶ μέσην ἐκπαίδευσιν νόμων κλπ. ἀπὸ τοῦ 1886—1893","Higher and Secondary Education, namely Collection of Laws etc. Governing Higher and Secondary Education from 1886–1893","8ov, τόμ. Γ΄, σελ. 326",30,γρ.,
1895,IMG_1348.jpeg,ΠΑΙΔΑΓΩΓΙΚΑ,Pedagogics,Ζ΄,Κ. Σ. Ξανθόπουλος,K. S. Xanthopoulos,Ἐπιστολαὶ περὶ διδασκαλίας τῆς Ἑλληνικῆς Γλώσσης,Letters on the Teaching of the Greek Language,"8ov, σελ. 144",8,γρ.,
1895,IMG_1348.jpeg,ΠΑΙΔΑΓΩΓΙΚΑ,Pedagogics,Ζ΄,Ἰ. Δ. Ἀριστοκλῆς,I. D. Aristokles,Ἐργόχειρα Καλλιτεχνικά,Artistic Handiwork,σελ. ιβ΄-50,6 παρ. 20,γρ.,Price written as γρ. 6 παρ. 20
1895,IMG_1348.jpeg,ΠΑΙΔΑΓΩΓΙΚΑ,Pedagogics,Ζ΄,Β. Σκορδέλης,V. Skordelis,"Ἡμερολόγιον Δημοδιδασκάλου, ἤτοι ἡ παιδαγωγία ἐν τῇ πράξει","Primary School Teacher's Diary, or Pedagogy in Practice",σελ. ϛ΄-116,5,γρ.,
1895,IMG_1349.jpeg,ΠΑΙΔΑΓΩΓΙΚΑ,Pedagogics,,Ἰ. Δ. Ἀριστοκλέους,I. D. Aristokles,Λογιστική,Accounting,,1.20,γρ.,
1895,IMG_1349.jpeg,ΠΑΙΔΑΓΩΓΙΚΑ,Pedagogics,,Ἰ. Δ. Ἀριστοκλέους,I. D. Aristokles,Μητρικὸν Ἐγκόλπιον,Maternal Vade Mecum,σ. 54,7.20,γρ.,
1895,IMG_1349.jpeg,ΠΑΙΔΑΓΩΓΙΚΑ,Pedagogics,,Δ. Γ. Πετρίδου,D. G. Petridis,Ὁδηγίαι πρακτικαὶ στοιχειώδεις περὶ διδασκαλίας ἐν τοῖς Δημοτικοῖς Σχολείοις,Elementary practical instructions on teaching in Primary Schools,σ. 200,7.20,γρ.,
1895,IMG_1349.jpeg,ΠΑΙΔΑΓΩΓΙΚΑ,Pedagogics,,Θεόδωρος Ν. Ἀποστολόπουλος,Theodoros N. Apostolopoulos,Ὁδηγὸς Πρακτικὸς τῶν Δημοδιδασκάλων καὶ ἀναλυτικὸν Πρόγραμμα τῶν μαθημάτων Δημοτικοῦ Σχολείου,Practical Guide for Primary School Teachers and detailed syllabus of Primary School subjects,"8ον, σελ. 120",10,γρ.,
1895,IMG_1349.jpeg,ΠΑΙΔΑΓΩΓΙΚΑ,Pedagogics,,Μ. Ι. Βρατσάνος,M. I. Vratsanos,Ὁδηγὸς θεωρητικὸς καὶ Πρακτικὸς τοῦ Δημοτικοῦ Σχολείου (Ἔτος σχολικὸν Β΄),Theoretical and Practical Guide to the Primary School (School Year 2),"8ον, σελ. 184",15,γρ.,
1895,IMG_1349.jpeg,ΠΑΙΔΑΓΩΓΙΚΑ,Pedagogics,,Μ. Παρανίκας,M. Paranikas,Ὁδηγὸς τῆς πρώτης καὶ μέσης παιδεύσεως,Guide to primary and secondary education,"8ον, σελ. 32",2,γρ.,*
1895,IMG_1349.jpeg,ΠΑΙΔΑΓΩΓΙΚΑ,Pedagogics,,Ἰ. Παπαθανασίου,I. Papathanasiou,Ὁδηγὸς πρακτικὸς τῆς ἑλληνικῆς γραφῆς καὶ ἀριθμητικῆς,Practical guide to Greek writing and arithmetic,σελ. 168,7.20,γρ.,
1895,IMG_1349.jpeg,ΠΑΙΔΑΓΩΓΙΚΑ,Pedagogics,,Γ. Ἱ. Τσιάκας,G. I. Tsiakas,Ὁδηγητικὸν δοκίμιον πρὸς τελεσφόρον διδασκαλίαν τῆς Ἱερᾶς Ἱστορίας,Introductory guide essay for effective teaching of Sacred History,"8ον, σελ. 62",2.20,γρ.,
1895,IMG_1349.jpeg,ΠΑΙΔΑΓΩΓΙΚΑ,Pedagogics,,Χ. Πούλιος,Ch. Poulios,Ὁδηγὸς πρακτικὸς πρὸς τὴν κατ' οἶκον ἀνατροφὴν τῶν παίδων,Practical guide for the upbringing of children at home,σελ. 537,30,γρ.,
1895,IMG_1349.jpeg,ΠΑΙΔΑΓΩΓΙΚΑ,Pedagogics,,Ἀ. Ἀργυρός,A. Argyros,"Ὁδηγὸς πρὸς χρῆσιν τῶν ἐν τῇ προκαταρκτικῇ τάξει διδασκόντων ἀνάγνωσιν, γραφήν, ἐποπτικὴν διδασκαλίαν, ἰχνογραφίαν, ᾠδικὴν κλπ.","Guide for teachers of reading, writing, visual instruction, drawing, singing, etc., in the preparatory class",σελ. 32,2,γρ.,
1895,IMG_1349.jpeg,ΠΑΙΔΑΓΩΓΙΚΑ,Pedagogics,,Βλάσιος Γ. Σκορδέλης,Vlasios G. Skordelis,"Ὁδηγὸς διδασκαλικός, ἤτοι θεωρητικὸς καὶ πρακτικὸς ὁδηγὸς τῶν Δημοτικῶν Σχολείων καὶ Παρθεναγωγεῖων","Teaching guide, namely a theoretical and practical guide for Primary Schools and Girls' Schools","8ον, σελ. 132",18.20,γρ.,
1895,IMG_1349.jpeg,ΠΑΙΔΑΓΩΓΙΚΑ,Pedagogics,,Δημ. Ἀ. Χαντσερῆς,Dim. A. Chantseris,Ὀλίγα τινὰ περὶ τῆς παρ' ἡμῖν ὑπαρχούσης παιδείας καὶ περὶ τῆς ἡμετέρας τῶν Ἑλλήνων Γλώσσης κατ' ἀντιπαράθεσιν πρὸς τὰς ῥωμανικὰς διαλέκτους,A few things about our current education system and our Greek Language compared to the Romance dialects,"8ον, σελ. 189",8,γρ.,
1895,IMG_1349.jpeg,ΠΑΙΔΑΓΩΓΙΚΑ,Pedagogics,,Αἰκατερίνη Δασκαρίδου,Aikaterini Daskaridou,Ὀλίγα τινὰ περὶ Φρειδερίκου Φρέβελ,A few words about Friedrich Fröbel,"8ον, σελ. 20",5,γρ.,
1895,IMG_1349.jpeg,ΠΑΙΔΑΓΩΓΙΚΑ,Pedagogics,,Χρ. Σαμαρτσίδης,Chr. Samartsidis,Παιδαγωγίας ἱστορία,History of Pedagogy,"8ον, σ. 146",5,γρ.,*
1895,IMG_1349.jpeg,ΠΑΙΔΑΓΩΓΙΚΑ,Pedagogics,,Γ. Μανοῦσος,G. Manousos,Παιδαγωγικὴ διαιτητικὴ καὶ παιδαγωγία,Pedagogical Dietetics and Pedagogy,"8ον, σελ. 266",5,γρ.,
1895,IMG_1349.jpeg,ΠΑΙΔΑΓΩΓΙΚΑ,Pedagogics,,Ἰ. Πανταζίδης,I. Pantazidis,"Παιδαγωγικὴ γυμνασιακή, πρὸς χρῆσιν τῶν τε φοιτητῶν τῆς φιλολογίας καὶ πάντων ἐν γένει τῶν διδασκάλων τῆς μέσης ἐκπαιδεύσεως","High School Pedagogy, for use by philology students and all teachers of secondary education in general","8ον, σελ. 310",40,γρ.,
1895,IMG_1349.jpeg,ΠΑΙΔΑΓΩΓΙΚΑ,Pedagogics,,Μιχ. Κ. Σακελλαρόπουλος,Mich. K. Sakellaropoulos,Παιδαγωγικὴ (ἡ) δημοτικοῦ σχολείου,Primary school pedagogy,"ἔκδ. β΄, 8ον, σελ. 212",17.20,γρ.,
1895,IMG_1350.jpeg,ΠΑΙΔΑΓΩΓΙΚΑ,Pedagogics,,Α. Κ. Σπαθάκη,A. K. Spathakis,"Παιδαγωγική, περιλαμβάνουσα συνοπτικῶς Ἱστορίαν τῆς Παιδαγωγίας, Ψυχολογίαν, Λογικήν, Γενικὴν Παιδαγωγικὴν καὶ Διδακτικήν","Pedagogy, concisely including History of Pedagogy, Psychology, Logic, General Pedagogy and Didactics","ἐκδ. δ΄, 8ον, σ. 272",12,γ.,ἐγκριθεῖσα τῷ 1894 ἐν τῷ διαγωνισμῷ τῶν διδακτικῶν βιβλίων
1895,IMG_1350.jpeg,ΠΑΙΔΑΓΩΓΙΚΑ,Pedagogics,,Α. Κ. Σπαθάκη,A. K. Spathakis,Παιδαγωγικῆς ἱστορία,History of Pedagogy,"8ον, σελ. 128",9,γ.,
1895,IMG_1350.jpeg,ΠΑΙΔΑΓΩΓΙΚΑ,Pedagogics,,Κ. Ἀ. Κεχαγιᾶ,K. A. Kechagias,Παιδαγωγικὸν ἐγκόλπιον,Pedagogical Vademecum,"8ον, σ. 136",5,γ.,
1895,IMG_1350.jpeg,ΠΑΙΔΑΓΩΓΙΚΑ,Pedagogics,,Δ. Μελά,D. Melas,Παιδαγωγικὸν ἐγκόλπιον,Pedagogical Vademecum,σελ. 216,9,γρ.,
1895,IMG_1350.jpeg,ΠΑΙΔΑΓΩΓΙΚΑ,Pedagogics,,Σταματούλας Βώτυρα,Stamatoula Votyra,Παιδαγωγικὸν ἐγχειρίδιον,Pedagogical Handbook,"8ον, σελ. 96",2,γρ.,
1895,IMG_1350.jpeg,ΠΑΙΔΑΓΩΓΙΚΑ,Pedagogics,,Α. Κ. Σπαθάκη,A. K. Spathakis,"Παιδαγωγός, περιέχων συνοπτικῶς Ψυχολογίαν, Λογικήν, Ἱστορίαν τῆς Παιδαγωγίας, Παιδαγωγίαν καὶ Διδακτικήν","Educator, containing concisely Psychology, Logic, History of Pedagogy, Pedagogy and Didactics","Τόμος Α΄, 8ον, σελ. η΄-93 / Τόμος Β΄, σελ. 352",12 / 15,γρ.,"Vol. A: 12 gr., Vol. B: 15 gr."
1895,IMG_1350.jpeg,ΠΑΙΔΑΓΩΓΙΚΑ,Pedagogics,,Ι. Δ. Ἀριστοκλέους,I. D. Aristokles,Παιδικαὶ Διδακτικαί,Children's Didactics,σ. 82,6.20,γ. π.,Price: 6 γρόσια 20 παράδες
1895,IMG_1350.jpeg,ΠΑΙΔΑΓΩΓΙΚΑ,Pedagogics,,Δ. Μαρούλη,D. Maroulis,Περὶ μορφώσεως ἑλλήνων δημοδιδασκάλων,On the Education of Greek Primary School Teachers,"8ον, σελ. 79",5,γρ.,
1895,IMG_1350.jpeg,ΠΑΙΔΑΓΩΓΙΚΑ,Pedagogics,,Κ. Σ. Ξανθοπούλου,K. S. Xanthopoulos,Παιδαγωγικῆς Διδασκαλίας (Περί),On Pedagogical Teaching,"8ον, σελ. 80",8,γρ.,
1895,IMG_1350.jpeg,ΠΑΙΔΑΓΩΓΙΚΑ,Pedagogics,,,,Πρόγραμμα Ἀναλυτικὸν τοῦ Ζωγραφείου τῆς Ἑλληνικῆς Ὀρθοδόξου Κοινότητος Σταυροδρομίου,Analytical Curriculum of the Zographeion of the Greek Orthodox Community of Stavrodromi,σελ. 38,2,γρ.,
1895,IMG_1350.jpeg,ΠΑΙΔΑΓΩΓΙΚΑ,Pedagogics,,Κ. Ξανθοπούλου,K. Xanthopoulos,"Πρώτη καὶ μέση ἐκπαίδευσις, καὶ περὶ ἀνατροφῆς καὶ ἐκπαιδεύσεως τῶν κορασίων","Primary and Secondary Education, and on the Upbringing and Education of Girls","8ον, σελ. 275",7,γ.,
1895,IMG_1350.jpeg,ΠΑΙΔΑΓΩΓΙΚΑ,Pedagogics,,Μ. Κ. Σακελλαροπούλου,M. K. Sakellaropoulos,"Πραγματογνωσίας Ὕλη, κατ' ἐπίτομον καὶ ἐλευθέραν μετάφρασιν ἐκ τῆς γερμανικῆς","Object Lessons Material, in a concise and free translation from German",εἰς τεύχη 4,18.20,γρ. παρ.,Price: 18 γρόσια 20 παράδες
1895,IMG_1350.jpeg,ΠΑΙΔΑΓΩΓΙΚΑ,Pedagogics,,Αἰκ. Δασκαρίδου,Aikaterini Daskaridou,"Ῥυθμικὰ παίγνια κατὰ τὴν φρεβελιανὴν μέθοδον διὰ τὰς οἰκογενείας, τοὺς νηπιακοὺς κήπους καὶ τὴν γυμναστικήν","Rhythmic Games according to the Froebelian Method for Families, Kindergartens, and Gymnastics","8ον, σελ. λβ΄-100",10,γρ.,
1895,IMG_1350.jpeg,ΠΑΙΔΑΓΩΓΙΚΑ,Pedagogics,,Ἰωακεὶμ Παυλίδου,Ioakeim Pavlidis,"Σύστημα Πρακτικὸν Δημοτικῆς Ἐκπαιδεύσεως παρὰ τοῖς Ἕλλησιν, ἤτοι Διδακτικὴ καὶ Παιδαγωγικὴ διὰ πλήρη Δημοτικὰ Σχολεῖα μετὰ τεχνικῆς ἐκπαιδεύσεως","Practical System of Primary Education among the Greeks, namely Didactics and Pedagogy for Complete Primary Schools with Vocational Education","Τόμος Α΄, Διδακτική, 8ον, σελ. κα΄-316",17,γρ.,
1895,IMG_1350.jpeg,ΠΑΙΔΑΓΩΓΙΚΑ,Pedagogics,,Α. Κ. Σπαθάκη,A. K. Spathakis,Σχολικὴ Παιδαγωγικὴ ἢ Θεωρία τῆς Παιδαγωγικῆς καὶ Μεθοδολογίας,School Pedagogy or Theory of Pedagogy and Methodology,"8ον, σελ. 144",10,γρ.,
1895,IMG_1351.jpeg,ΑΤΛΑΝΤΕΣ ΚΑΙ ΧΑΡΤΑΙ ΓΕΩΓΡΑΦΙΚΟΙ,Atlases and Geographical Maps,Α΄ ΑΤΛΑΝΤΕΣ ΓΕΩΓΡΑΦΙΚΟΙ,Ἀ. Ἀ. Σακελλαρίου,A. A. Sakellariou,Ἄτλας γεωγραφικὸς μικρὸς πρὸς χρῆσιν τῶν δημοτικῶν σχολείων,Small geographical atlas for the use of elementary schools,"εἰς 8 φύλλα, χαρτόδετος",7 π. 20,γρ.,
1895,IMG_1351.jpeg,ΑΤΛΑΝΤΕΣ ΚΑΙ ΧΑΡΤΑΙ ΓΕΩΓΡΑΦΙΚΟΙ,Atlases and Geographical Maps,Α΄ ΑΤΛΑΝΤΕΣ ΓΕΩΓΡΑΦΙΚΟΙ,Ἀ. Ἀ. Σακελλαρίου,A. A. Sakellariou,Ἄτλας γεωγραφικὸς νέος πρὸς χρῆσιν τῆς ἐν τοῖς Ἑλληνικοῖς σχολείοις καὶ γυμνασίοις σπουδαζούσης νεολαίας,New geographical atlas for the use of youth studying in Greek schools and gymnasiums,"εἰς 19 φύλλα, χαρτόδετος",15,γρ.,
1895,IMG_1351.jpeg,ΑΤΛΑΝΤΕΣ ΚΑΙ ΧΑΡΤΑΙ ΓΕΩΓΡΑΦΙΚΟΙ,Atlases and Geographical Maps,Α΄ ΑΤΛΑΝΤΕΣ ΓΕΩΓΡΑΦΙΚΟΙ,Ἰ. Δ. Νεράντζη,I. D. Nerantzis,"Ἄτλας γεωγραφικὸς μικρὸς πρὸς χρῆσιν τῶν ἐν τοῖς σχολείοις σπουδαζόντων, μέρος πολιτικόν","Small geographical atlas for the use of students in schools, political part",σελ. 19,9,γρ.,
1895,IMG_1351.jpeg,ΑΤΛΑΝΤΕΣ ΚΑΙ ΧΑΡΤΑΙ ΓΕΩΓΡΑΦΙΚΟΙ,Atlases and Geographical Maps,Α΄ ΑΤΛΑΝΤΕΣ ΓΕΩΓΡΑΦΙΚΟΙ,Ἀ. Ἀ. Σακελλαρίου,A. A. Sakellariou,Ἄτλας γεωγραφικὸς μετὰ γεωγραφικῶν καὶ στατιστικῶν σημειώσεων πρὸς χρῆσιν τῶν μαθητῶν καὶ τῶν πολλῶν,Geographical atlas with geographical and statistical notes for the use of students and the general public,"εἰς 19 φύλλα, χαρτόδετος",35,γρ.,
1895,IMG_1351.jpeg,ΑΤΛΑΝΤΕΣ ΚΑΙ ΧΑΡΤΑΙ ΓΕΩΓΡΑΦΙΚΟΙ,Atlases and Geographical Maps,Α΄ ΑΤΛΑΝΤΕΣ ΓΕΩΓΡΑΦΙΚΟΙ,Ἰ. Δ. Νεράντζη,I. D. Nerantzis,Ἄτλας γεωγραφικὸς μέγας πρὸς χρῆσιν τῶν ἐν τοῖς Ἑλληνικοῖς σχολείοις καὶ γυμνασίοις σπουδαζόντων,Large geographical atlas for the use of students in Greek schools and gymnasiums,σελ. 36,15,γρ.,
1895,IMG_1351.jpeg,ΑΤΛΑΝΤΕΣ ΚΑΙ ΧΑΡΤΑΙ ΓΕΩΓΡΑΦΙΚΟΙ,Atlases and Geographical Maps,Α΄ ΑΤΛΑΝΤΕΣ ΓΕΩΓΡΑΦΙΚΟΙ,Ἀνέστη Κωνσταντινίδου,Anestis Konstantinidis,"Ἄτλας γεωγραφικὸς πρὸς χρῆσιν τῶν γυμνασίων, ἑλληνικῶν σχολείων καὶ παρθεναγωγείων","Geographical atlas for the use of gymnasiums, Greek schools, and girls' schools","χρυσόδετος, ἔκδοσις δ΄",25,γρ.,
1895,IMG_1351.jpeg,ΑΤΛΑΝΤΕΣ ΚΑΙ ΧΑΡΤΑΙ ΓΕΩΓΡΑΦΙΚΟΙ,Atlases and Geographical Maps,Β΄ ΧΑΡΤΑΙ ΓΕΩΓΡΑΦΙΚΟΙ,Ἑ. Κίπερτ,H. Kiepert,Χάρτης τῶν δύο Ἡμισφαιρίων,Map of the Two Hemispheres,κεκολλημένος ἐπὶ πανίου καὶ μετὰ ξύλων ἄνωθεν καὶ κάτωθεν,115,Γρ.,"ἐκδοθέντες ὑπὸ τοῦ ἐν Ἀθήναις πρὸς διάδοσιν τῶν Ἑλληνικῶν Γραμμάτων Συλλόγου, δαπάνῃ Στεφάνου Ζαφειροπούλου."
1895,IMG_1351.jpeg,ΑΤΛΑΝΤΕΣ ΚΑΙ ΧΑΡΤΑΙ ΓΕΩΓΡΑΦΙΚΟΙ,Atlases and Geographical Maps,Β΄ ΧΑΡΤΑΙ ΓΕΩΓΡΑΦΙΚΟΙ,Ἑ. Κίπερτ,H. Kiepert,Χάρτης τῆς Εὐρώπης,Map of Europe,κεκολλημένος ἐπὶ πανίου καὶ μετὰ ξύλων ἄνωθεν καὶ κάτωθεν,120,Γρ.,"ἐκδοθέντες ὑπὸ τοῦ ἐν Ἀθήναις πρὸς διάδοσιν τῶν Ἑλληνικῶν Γραμμάτων Συλλόγου, δαπάνῃ Στεφάνου Ζαφειροπούλου."
1895,IMG_1351.jpeg,ΑΤΛΑΝΤΕΣ ΚΑΙ ΧΑΡΤΑΙ ΓΕΩΓΡΑΦΙΚΟΙ,Atlases and Geographical Maps,Β΄ ΧΑΡΤΑΙ ΓΕΩΓΡΑΦΙΚΟΙ,Ἑ. Κίπερτ,H. Kiepert,Χάρτης τῆς Ε΄ Ἑκατονταετηρίδος,Map of the 5th Century,κεκολλημένος ἐπὶ πανίου καὶ μετὰ ξύλων ἄνωθεν καὶ κάτωθεν,125,Γρ.,"ἐκδοθέντες ὑπὸ τοῦ ἐν Ἀθήναις πρὸς διάδοσιν τῶν Ἑλληνικῶν Γραμμάτων Συλλόγου, δαπάνῃ Στεφάνου Ζαφειροπούλου."
1895,IMG_1352.jpeg,ΑΤΛΑΝΤΕΣ ΚΑΙ ΧΑΡΤΑΙ ΓΕΩΓΡΑΦΙΚΟΙ,Atlases and Geographical Maps,Β΄ ΧΑΡΤΑΙ ΓΕΩΓΡΑΦΙΚΟΙ,Ἑ. Κίπερτ,H. Kiepert,Χάρτης τοῦ Μακεδονικοῦ Ἑλληνισμοῦ,Map of Macedonian Hellenism,,125,γρ.,
1895,IMG_1352.jpeg,ΑΤΛΑΝΤΕΣ ΚΑΙ ΧΑΡΤΑΙ ΓΕΩΓΡΑΦΙΚΟΙ,Atlases and Geographical Maps,Β΄ ΧΑΡΤΑΙ ΓΕΩΓΡΑΦΙΚΟΙ,Ἑ. Κίπερτ,H. Kiepert,Χάρτης τοῦ Μεσαιωνικοῦ Ἑλληνισμοῦ,Map of Medieval Hellenism,,125,γρ.,
1895,IMG_1352.jpeg,ΑΤΛΑΝΤΕΣ ΚΑΙ ΧΑΡΤΑΙ ΓΕΩΓΡΑΦΙΚΟΙ,Atlases and Geographical Maps,Β΄ ΧΑΡΤΑΙ ΓΕΩΓΡΑΦΙΚΟΙ,Ἑ. Κίπερτ,H. Kiepert,Χάρτης τῶν Χωρῶν τοῦ Αἵμου,Map of the Balkan Peninsula Countries (Haemus),,125,γρ.,
1895,IMG_1352.jpeg,ΑΤΛΑΝΤΕΣ ΚΑΙ ΧΑΡΤΑΙ ΓΕΩΓΡΑΦΙΚΟΙ,Atlases and Geographical Maps,Γ΄ ΧΑΡΤΑΙ Ι. Δ. ΝΕΡΑΝΤΖΗ,Ι. Δ. Νεράντζης,I. D. Nerantzis,Χάρτης Ἡμισφαιρίων,Map of Hemispheres,,50,γρ.,"Ἐκδοθεὶς ὑπὸ τοῦ ἐν Λειψίᾳ Ι. Δ. Νεράντζη, κεκολλημένος ἐπὶ πανίου πρὸς ἀνάρτησιν."
1895,IMG_1352.jpeg,ΑΤΛΑΝΤΕΣ ΚΑΙ ΧΑΡΤΑΙ ΓΕΩΓΡΑΦΙΚΟΙ,Atlases and Geographical Maps,Γ΄ ΧΑΡΤΑΙ Ι. Δ. ΝΕΡΑΝΤΖΗ,Ι. Δ. Νεράντζης,I. D. Nerantzis,Χάρτης τῆς Εὐρώπης,Map of Europe,,100,γρ.,"Ἐκδοθεὶς ὑπὸ τοῦ ἐν Λειψίᾳ Ι. Δ. Νεράντζη, κεκολλημένος ἐπὶ πανίου πρὸς ἀνάρτησιν."
1895,IMG_1352.jpeg,ΑΤΛΑΝΤΕΣ ΚΑΙ ΧΑΡΤΑΙ ΓΕΩΓΡΑΦΙΚΟΙ,Atlases and Geographical Maps,Γ΄ ΧΑΡΤΑΙ Ι. Δ. ΝΕΡΑΝΤΖΗ,Ι. Δ. Νεράντζης,I. D. Nerantzis,Χάρτης τῆς Ἑλλάδος,Map of Greece,,40,γρ.,"Ἐκδοθεὶς ὑπὸ τοῦ ἐν Λειψίᾳ Ι. Δ. Νεράντζη, κεκολλημένος ἐπὶ πανίου πρὸς ἀνάρτησιν."
1895,IMG_1352.jpeg,ΑΤΛΑΝΤΕΣ ΚΑΙ ΧΑΡΤΑΙ ΓΕΩΓΡΑΦΙΚΟΙ,Atlases and Geographical Maps,Γ΄ ΧΑΡΤΑΙ Ι. Δ. ΝΕΡΑΝΤΖΗ,Ι. Δ. Νεράντζης,I. D. Nerantzis,Χάρτης τῆς Κ/πόλεως μετὰ τῶν προαστείων αὐτῆς,Map of Constantinople with its Suburbs,,2,γρ.,"Ἐκδοθεὶς ὑπὸ τοῦ ἐν Λειψίᾳ Ι. Δ. Νεράντζη, κεκολλημένος ἐπὶ πανίου πρὸς ἀνάρτησιν."
1895,IMG_1352.jpeg,ΑΤΛΑΝΤΕΣ ΚΑΙ ΧΑΡΤΑΙ ΓΕΩΓΡΑΦΙΚΟΙ,Atlases and Geographical Maps,Γ΄ ΧΑΡΤΑΙ Ι. Δ. ΝΕΡΑΝΤΖΗ,Ι. Δ. Νεράντζης,I. D. Nerantzis,Χάρτης τῆς Ἀσίας,Map of Asia,,120,γρ.,"Ἐκδοθεὶς ὑπὸ τοῦ ἐν Λειψίᾳ Ι. Δ. Νεράντζη, κεκολλημένος ἐπὶ πανίου πρὸς ἀνάρτησιν."
1895,IMG_1352.jpeg,ΑΤΛΑΝΤΕΣ ΚΑΙ ΧΑΡΤΑΙ ΓΕΩΓΡΑΦΙΚΟΙ,Atlases and Geographical Maps,Γ΄ ΧΑΡΤΑΙ Ι. Δ. ΝΕΡΑΝΤΖΗ,Ι. Δ. Νεράντζης,I. D. Nerantzis,Χάρτης τῶν Χωρῶν τοῦ Αἵμου,Map of the Balkan Peninsula Countries (Haemus),,120,γρ.,"Ἐκδοθεὶς ὑπὸ τοῦ ἐν Λειψίᾳ Ι. Δ. Νεράντζη, κεκολλημένος ἐπὶ πανίου πρὸς ἀνάρτησιν."
1895,IMG_1352.jpeg,ΑΤΛΑΝΤΕΣ ΚΑΙ ΧΑΡΤΑΙ ΓΕΩΓΡΑΦΙΚΟΙ,Atlases and Geographical Maps,Δ΄ ΧΑΡΤΑΙ ΑΝΕΣΤΗ ΚΩΝΣΤΑΝΤΙΝΙΔΟΥ,Ἀνέστης Κωνσταντινίδης,Anestis Konstantinidis,"Χάρτης τῶν δύο Ἡμισφαιρίων, τῆς Εὐρώπης, τῆς Εὐρωπαϊκῆς Τουρκίας, τῆς Ἑλλάδος, τῆς Ἀσίας, τῆς Ἀφρικῆς, τῆς Ἀμερικῆς καὶ τῆς Αὐστραλίας","Map of the Two Hemispheres, Europe, European Turkey, Greece, Asia, Africa, America, and Australia",8 χάρται,25,γρόσια,Κεκολλημένοι ἐπὶ πανίου πρὸς ἀνάρτησιν: 25 γρόσια ἕκαστος. Εἰς φύλλα: 5 γρόσια ἕκαστος.
1895,IMG_1352.jpeg,ΑΛΛΑ ΕΝΤΥΠΑ ΠΡΟΣ ΧΡΗΣΙΝ ΤΩΝ ΣΧΟΛΕΙΩΝ ΕΝ ΓΕΝΕΙ,Other Printed Materials for General School Use,,,,Βαθμολόγιον,Grade book / Student mark register,,5,γρ.,
1895,IMG_1352.jpeg,ΑΛΛΑ ΕΝΤΥΠΑ ΠΡΟΣ ΧΡΗΣΙΝ ΤΩΝ ΣΧΟΛΕΙΩΝ ΕΝ ΓΕΝΕΙ,Other Printed Materials for General School Use,,,,Ἔλεγχος μηνιαῖος διαγωγῆς καὶ προόδου τῶν μαθητῶν,Monthly conduct and progress report card for male students,,1,γρ.,
1895,IMG_1352.jpeg,ΑΛΛΑ ΕΝΤΥΠΑ ΠΡΟΣ ΧΡΗΣΙΝ ΤΩΝ ΣΧΟΛΕΙΩΝ ΕΝ ΓΕΝΕΙ,Other Printed Materials for General School Use,,,,Ἔλεγχος μηνιαῖος διαγωγῆς καὶ προόδου τῶν μαθητριῶν,Monthly conduct and progress report card for female students,,1,γρ.,
1895,IMG_1352.jpeg,ΑΛΛΑ ΕΝΤΥΠΑ ΠΡΟΣ ΧΡΗΣΙΝ ΤΩΝ ΣΧΟΛΕΙΩΝ ΕΝ ΓΕΝΕΙ,Other Printed Materials for General School Use,,,,Εὔσημα διάφορα εἰς φύλλα,Various merit tokens / commendation stickers in sheets,,20,παρ.,
1895,IMG_1352.jpeg,ΑΛΛΑ ΕΝΤΥΠΑ ΠΡΟΣ ΧΡΗΣΙΝ ΤΩΝ ΣΧΟΛΕΙΩΝ ΕΝ ΓΕΝΕΙ,Other Printed Materials for General School Use,,,,Κατάλογος προσκλήσεως,Roll call / Convocation list,,20,παρ.,
1895,IMG_1352.jpeg,ΑΛΛΑ ΕΝΤΥΠΑ ΠΡΟΣ ΧΡΗΣΙΝ ΤΩΝ ΣΧΟΛΕΙΩΝ ΕΝ ΓΕΝΕΙ,Other Printed Materials for General School Use,,,,Μαθητολόγιον γενικὸν τῶν δημ. σχολείων,General student register for primary schools,,3.20,γρ. παρ.,Price printed as 3 γρ. 20 παρ.
1895,IMG_1352.jpeg,ΑΛΛΑ ΕΝΤΥΠΑ ΠΡΟΣ ΧΡΗΣΙΝ ΤΩΝ ΣΧΟΛΕΙΩΝ ΕΝ ΓΕΝΕΙ,Other Printed Materials for General School Use,,,,Πρόγραμμα γενικὸν πρὸς ἀνάρτησιν,General curriculum timetable for wall posting,,4,γρ.,
1895,IMG_1352.jpeg,ΑΛΛΑ ΕΝΤΥΠΑ ΠΡΟΣ ΧΡΗΣΙΝ ΤΩΝ ΣΧΟΛΕΙΩΝ ΕΝ ΓΕΝΕΙ,Other Printed Materials for General School Use,,,,Ὡρολόγιον πρὸς ἀναγραφὴν τῶν ὡρῶν,Schedule for recording class hours,,4,γρ.,
