catalog_year,source_file,main_category,main_category_english,subcategory_or_series,author,author_transcribed,title,title_english,pages_format,price,currency,notes
1904,IMG_1363.jpeg,ΠΙΝΑΞ ΤΩΝ ΠΕΡΙΕΧΟΜΕΝΩΝ,Table of Contents,,,,Δήλωσις,Notice,Σελ. γ',,,
1904,IMG_1363.jpeg,"Β' Γυμνάσια, Διδασκαλεῖα καὶ Παρθεναγωγεῖα","B' High Schools, Normal Schools and Girls' High Schools",ΙΑ' Φιλοσοφία,,,ΙΑ' Φιλοσοφία,K' Philosophy,Σελ. 32,,,
1904,IMG_1363.jpeg,"Β' Γυμνάσια, Διδασκαλεῖα καὶ Παρθεναγωγεῖα","B' High Schools, Normal Schools and Girls' High Schools",Ι' Φυσικὴ καὶ Μαθηματικὴ Γεωγραφία,,,Ι' Φυσικὴ καὶ Μαθηματικὴ Γεωγραφία,J' Physical and Mathematical Geography,Σελ. 32,,,
1904,IMG_1363.jpeg,"Β' Γυμνάσια, Διδασκαλεῖα καὶ Παρθεναγωγεῖα","B' High Schools, Normal Schools and Girls' High Schools",Θ' Χημεία,,,Θ' Χημεία,I' Chemistry,Σελ. 31,,,
1904,IMG_1363.jpeg,"Β' Γυμνάσια, Διδασκαλεῖα καὶ Παρθεναγωγεῖα","B' High Schools, Normal Schools and Girls' High Schools",Η' Φυσικὴ Πειραματική,,,Η' Φυσικὴ Πειραματική,H' Experimental Physics,Σελ. 31,,,
1904,IMG_1363.jpeg,"Β' Γυμνάσια, Διδασκαλεῖα καὶ Παρθεναγωγεῖα","B' High Schools, Normal Schools and Girls' High Schools",Ζ' Φυσικὴ Ἱστορία,,,Ζ' Φυσικὴ Ἱστορία,G' Natural History,Σελ. 30,,,
1904,IMG_1363.jpeg,"Β' Γυμνάσια, Διδασκαλεῖα καὶ Παρθεναγωγεῖα","B' High Schools, Normal Schools and Girls' High Schools",Ε' Ἀρχαιολογία,,,Ε' Ἀρχαιολογία,E' Archaeology,Σελ. 29,,,
1904,IMG_1363.jpeg,"Β' Γυμνάσια, Διδασκαλεῖα καὶ Παρθεναγωγεῖα","B' High Schools, Normal Schools and Girls' High Schools",Δ' Μυθολογία,,,Δ' Μυθολογία,D' Mythology,Σελ. 29,,,
1904,IMG_1363.jpeg,"Β' Γυμνάσια, Διδασκαλεῖα καὶ Παρθεναγωγεῖα","B' High Schools, Normal Schools and Girls' High Schools",Γ' Ἱστορία,,,Γ' Ἱστορία,C' History,Σελ. 28,,,
1904,IMG_1363.jpeg,"Β' Γυμνάσια, Διδασκαλεῖα καὶ Παρθεναγωγεῖα","B' High Schools, Normal Schools and Girls' High Schools",Β' Ἑλληνικὴ γλῶσσα,,,"Β' Ἑλληνικὴ γλῶσσα (Ἐκλογαὶ ἀρχαίων συγγραφέων, Γραμματικαὶ καὶ Συντακτικά, Ῥητορικαί, Γραμματολογία, Ἐκθέσεις, Θεματογραφίαι)","B' Greek Language (Ancient Author Selections, Grammars & Syntax, Rhetoric, Literature History, Essays, Theme Writing)",Σελ. 27-28,,,
1904,IMG_1363.jpeg,"Β' Γυμνάσια, Διδασκαλεῖα καὶ Παρθεναγωγεῖα","B' High Schools, Normal Schools and Girls' High Schools",Α' Θρησκεία,,,Α' Θρησκεία,A' Religion,Σελ. 26,,,
1904,IMG_1363.jpeg,"Α' Ἀστικαὶ Σχολαί. Νηπιαγωγεῖα, Δημοτικὰ Σχολεῖα, Ἑλληνικὰ Σχολεῖα καὶ Παρθεναγωγεῖα","A' Primary & Secondary Schools (Kindergartens, Elementary Schools, Hellenic Schools, Girls' Schools)",ΙΒ' Οἰκιακὴ Οἰκονομία,,,ΙΒ' Οἰκιακὴ Οἰκονομία. Ἔργόχειρα (πρὸς χρῆσιν μόνον τῶν Παρθεναγωγείων),L' Home Economics. Needlework (for Girls' Schools only),Σελ. 25,,,
1904,IMG_1363.jpeg,"Α' Ἀστικαὶ Σχολαί. Νηπιαγωγεῖα, Δημοτικὰ Σχολεῖα, Ἑλληνικὰ Σχολεῖα καὶ Παρθεναγωγεῖα","A' Primary & Secondary Schools (Kindergartens, Elementary Schools, Hellenic Schools, Girls' Schools)",ΙΑ' Μουσική,,,ΙΑ' Μουσική,K' Music,Σελ. 24,,,
1904,IMG_1363.jpeg,"Β' Γυμνάσια, Διδασκαλεῖα καὶ Παρθεναγωγεῖα","B' High Schools, Normal Schools and Girls' High Schools",Ϛ' Μαθηματικά,,,"Ϛ' Μαθηματικά (Θεωρητικὴ Ἀριθμητική, Ἄλγεβρα, Γεωμετρία, Τριγωνομετρία)","F' Mathematics (Theoretical Arithmetic, Algebra, Geometry, Trigonometry)",Σελ. 30,,,
1904,IMG_1363.jpeg,"Α' Ἀστικαὶ Σχολαί. Νηπιαγωγεῖα, Δημοτικὰ Σχολεῖα, Ἑλληνικὰ Σχολεῖα καὶ Παρθεναγωγεῖα","A' Primary & Secondary Schools (Kindergartens, Elementary Schools, Hellenic Schools, Girls' Schools)",Θ' Καλλιγραφία,,,Θ' Καλλιγραφία,I' Calligraphy,Σελ. 23,,,
1904,IMG_1363.jpeg,"Α' Ἀστικαὶ Σχολαί. Νηπιαγωγεῖα, Δημοτικὰ Σχολεῖα, Ἑλληνικὰ Σχολεῖα καὶ Παρθεναγωγεῖα","A' Primary & Secondary Schools (Kindergartens, Elementary Schools, Hellenic Schools, Girls' Schools)",Ι' Ἰχνογραφία,,,Ι' Ἰχνογραφία,J' Drawing / Sketching,Σελ. 24,,,
1904,IMG_1363.jpeg,ΠΙΝΑΞ ΤΩΝ ΠΕΡΙΕΧΟΜΕΝΩΝ,Table of Contents,,,,Ὅροι,Terms,Σελ. γ',,,
1904,IMG_1363.jpeg,ΠΙΝΑΞ ΤΩΝ ΠΕΡΙΕΧΟΜΕΝΩΝ,Table of Contents,,,,Παροράματα,Errata,Σελ. η',,,
1904,IMG_1363.jpeg,"Α' Ἀστικαὶ Σχολαί. Νηπιαγωγεῖα, Δημοτικὰ Σχολεῖα, Ἑλληνικὰ Σχολεῖα καὶ Παρθεναγωγεῖα","A' Primary & Secondary Schools (Kindergartens, Elementary Schools, Hellenic Schools, Girls' Schools)",Β' Ἑλληνικὴ Γλῶσσα,,,"Β' Ἑλληνικὴ Γλῶσσα (Ἀλφαβητάρια, Ἀναγνωσματάρια, Ἐκλογαὶ ἀρχαίων συγγραφέων, Γραμματικαί, Κατάλογοι ἀνωμάλων Ῥημάτων, Ὀρθογραφικὰ καὶ Τεχνολογικά, Συντακτικά, Συνθέσεις, Πραγματογνωσίαι, Ἀπαγγελία)","B' Greek Language (Primers, Readers, Ancient Author Selections, Grammars, Irregular Verb Lists, Orthography & Parsing, Syntax, Compositions, General Knowledge, Recitation)",Σελ. 4-13,,,
1904,IMG_1363.jpeg,"Α' Ἀστικαὶ Σχολαί. Νηπιαγωγεῖα, Δημοτικὰ Σχολεῖα, Ἑλληνικὰ Σχολεῖα καὶ Παρθεναγωγεῖα","A' Primary & Secondary Schools (Kindergartens, Elementary Schools, Hellenic Schools, Girls' Schools)",Γ' Ἱστορία,,,"Γ' Ἱστορία (Ἱστορίαι Ἀνατολικῶν Ἐθνῶν, Ἑλληνικαὶ Ἱστορίαι, Ἱστορίαι Ῥωμαϊκαί, Ἱστορίαι Βυζαντιναί, Ἱστορίαι Ὀθωμανικαί)","C' History (Eastern Nations History, Greek History, Roman History, Byzantine History, Ottoman History)",Σελ. 14-15,,,
1904,IMG_1363.jpeg,"Α' Ἀστικαὶ Σχολαί. Νηπιαγωγεῖα, Δημοτικὰ Σχολεῖα, Ἑλληνικὰ Σχολεῖα καὶ Παρθεναγωγεῖα","A' Primary & Secondary Schools (Kindergartens, Elementary Schools, Hellenic Schools, Girls' Schools)",Α' Θρησκεία,,,"Α' Θρησκεία (Συλλογαὶ Τροπαρίων, Προσευχαί, Ἱεραὶ Ἱστορίαι, Κατηχήσεις, Λειτουργικαί, Ἐκκλησιαστικαὶ Ἱστορίαι, Γεωγραφίαι τῆς Ἁγίας Γῆς, Εἰσαγωγαὶ εἰς τὴν Ἁγ. Γραφήν, Χριστιανικαὶ Διδασκαλίαι, Χριστιανικαὶ καὶ Ἠθικαί, Ἑρμηνεῖαι Εὐαγγελίων)","A' Religion (Collections of Hymns, Prayers, Sacred Histories, Catechisms, Liturgical Texts, Church Histories, Geographies of the Holy Land, Introductions to Holy Scripture, Christian Teachings, Christian & Moral Texts, Gospel Interpretations)",Σελ. 1-4,,,
1904,IMG_1363.jpeg,"Α' Ἀστικαὶ Σχολαί. Νηπιαγωγεῖα, Δημοτικὰ Σχολεῖα, Ἑλληνικὰ Σχολεῖα καὶ Παρθεναγωγεῖα","A' Primary & Secondary Schools (Kindergartens, Elementary Schools, Hellenic Schools, Girls' Schools)",Δ' Μυθολογία,,,Δ' Μυθολογία,D' Mythology,Σελ. 16,,,
1904,IMG_1363.jpeg,"Α' Ἀστικαὶ Σχολαί. Νηπιαγωγεῖα, Δημοτικὰ Σχολεῖα, Ἑλληνικὰ Σχολεῖα καὶ Παρθεναγωγεῖα","A' Primary & Secondary Schools (Kindergartens, Elementary Schools, Hellenic Schools, Girls' Schools)",Ε' Μαθηματικά,,,"Ε' Μαθηματικά (Ἀριθμητικαί, Προβληματολογία, Γεωμετρία, Διπλογραφία)","E' Mathematics (Arithmetic, Problem Books, Geometry, Bookkeeping)",Σελ. 16-19,,,
1904,IMG_1363.jpeg,"Α' Ἀστικαὶ Σχολαί. Νηπιαγωγεῖα, Δημοτικὰ Σχολεῖα, Ἑλληνικὰ Σχολεῖα καὶ Παρθεναγωγεῖα","A' Primary & Secondary Schools (Kindergartens, Elementary Schools, Hellenic Schools, Girls' Schools)",Ϛ' Φυσιογνωσία,,,"Ϛ' Φυσιογνωσία (Φυσικὴ Ἱστορία, Ἀνθρωπολογία, Φυσικὴ Πειραματική, Χημεία)","F' Natural History / Science (Natural History, Anthropology, Experimental Physics, Chemistry)",Σελ. 19-21,,,
1904,IMG_1363.jpeg,"Α' Ἀστικαὶ Σχολαί. Νηπιαγωγεῖα, Δημοτικὰ Σχολεῖα, Ἑλληνικὰ Σχολεῖα καὶ Παρθεναγωγεῖα","A' Primary & Secondary Schools (Kindergartens, Elementary Schools, Hellenic Schools, Girls' Schools)",Ζ' Γεωγραφία,,,Ζ' Γεωγραφία,G' Geography,Σελ. 21,,,
1904,IMG_1363.jpeg,"Α' Ἀστικαὶ Σχολαί. Νηπιαγωγεῖα, Δημοτικὰ Σχολεῖα, Ἑλληνικὰ Σχολεῖα καὶ Παρθεναγωγεῖα","A' Primary & Secondary Schools (Kindergartens, Elementary Schools, Hellenic Schools, Girls' Schools)",Η' Κοσμογραφία,,,Η' Κοσμογραφία,H' Cosmography,Σελ. 23,,,
1904,IMG_1364.jpeg,ΚΗ' Διάφορα,XXVIII. Miscellaneous,,,,ΚΗ' Διάφορα,XXVIII. Miscellaneous,178,,,
1904,IMG_1364.jpeg,ΚΓ' Ποιήματα,XXIII. Poetry,,,,ΚΓ' Ποιήματα,XXIII. Poetry,151,,,
1904,IMG_1364.jpeg,ΚΔ' Θέατρον,XXIV. Theatre,,,,ΚΔ' Θέατρον,XXIV. Theatre,154,,,"Includes: Α' Δράματα καὶ Τραγῳδίαι (154), Β' Κωμῳδίαι (158)"
1904,IMG_1364.jpeg,ΚΕ' Θεατρικὴ Βιβλιοθήκη,XXV. Theatrical Library,,,,ΚΕ' Θεατρικὴ Βιβλιοθήκη,XXV. Theatrical Library,162,,,"Includes Constantinople edition G. L. Xanthopoulos (162), Athens edition G. D. Fexis (163)"
1904,IMG_1364.jpeg,ΚΖ' Μυθιστορήματα καὶ Διηγήματα,XXVII. Novels and Short Stories,,,,ΚΖ' Μυθιστορήματα καὶ Διηγήματα,XXVII. Novels and Short Stories,166,,,
1904,IMG_1364.jpeg,"ΚΒ' Γεωργικά, Βιομηχανικά, Τεχνικά","XXII. Agricultural, Industrial, Technical",,,,"ΚΒ' Γεωργικά, Βιομηχανικά, Τεχνικά","XXII. Agricultural, Industrial, Technical",147,,,
1904,IMG_1364.jpeg,ΚΘ' Βιβλία τοῦ Λαοῦ,XXIX. Popular Books,,,,ΚΘ' Βιβλία τοῦ Λαοῦ,XXIX. Popular Books,181,,,"Includes: Α' Θρησκευτικά (181), Β' Διάφορα (184)"
1904,IMG_1364.jpeg,ΛΕ' Ἔντυπα,XXXV. Printed Forms / Documents,,,,ΛΕ' Ἔντυπα,XXXV. Printed Forms / Documents,195,,,
1904,IMG_1364.jpeg,ΛΑ' Ἔκδοσις Συλλόγου πρὸς διάδοσιν ὠφελίμων βιβλίων,XXXI. Edition of the Society for the Dissemination of Useful Books,,,,ΛΑ' Ἔκδοσις Συλλόγου πρὸς διάδοσιν ὠφελίμων βιβλίων,XXXI. Edition of the Society for the Dissemination of Useful Books,189,,,
1904,IMG_1364.jpeg,ΛΒ' Περιοδικὰ καὶ Ἡμερολόγια,XXXII. Periodicals and Calendars / Almanacs,,,,ΛΒ' Περιοδικὰ καὶ Ἡμερολόγια,XXXII. Periodicals and Calendars / Almanacs,191,,,
1904,IMG_1364.jpeg,ΛΓ' Βιβλία τουρκόφωνα δι' ἑλληνικῶν χαρακτήρων,XXXIII. Turkish-language books in Greek characters (Karamanlidika),,,,ΛΓ' Βιβλία τουρκόφωνα δι' ἑλληνικῶν χαρακτήρων,XXXIII. Turkish-language books in Greek characters (Karamanlidika),193,,,
1904,IMG_1364.jpeg,"ΛΔ' Λευκώματα, Φωτογραφίαι","XXXIV. Albums, Photographs",,,,"ΛΔ' Λευκώματα, Φωτογραφίαι","XXXIV. Albums, Photographs",194,,,
1904,IMG_1364.jpeg,Ἡμεροδείκται,Date indicators / Calendars,,,,Ἡμεροδείκται,Date indicators / Calendars,196,,,
1904,IMG_1364.jpeg,ΚΑ' Ναυτικά,XXI. Nautical / Maritime,,,,ΚΑ' Ναυτικά,XXI. Nautical / Maritime,145,,,
1904,IMG_1364.jpeg,Λ' Βιβλιοθήκη Μαρασλῆ,XXX. Maraslis Library,,,,Λ' Βιβλιοθήκη Μαρασλῆ,XXX. Maraslis Library,186,,,
1904,IMG_1364.jpeg,Κ' Ἐμπορικά,XX. Commercial,,,,Κ' Ἐμπορικά,XX. Commercial,142,,,
1904,IMG_1364.jpeg,ΙΔ' Φιλολογικά,XIV. Philological,,,,ΙΔ' Φιλολογικά,XIV. Philological,114,,,
1904,IMG_1364.jpeg,ΙΗ' Ἰατρικά,XVIII. Medical,,,,ΙΗ' Ἰατρικά,XVIII. Medical,129,,,
1904,IMG_1364.jpeg,ΙΘ' Νομικὰ καὶ Πολιτικά,XIX. Legal and Political,,,,ΙΘ' Νομικὰ καὶ Πολιτικά,XIX. Legal and Political,136,,,
1904,IMG_1364.jpeg,Γ' Παιδαγωγικά,III. Pedagogics,,,,Γ' Παιδαγωγικά,III. Pedagogics,33,,,"Includes: Α' Οδηγητικά νηπιαγωγείων (33), Β' Παιδαγωγικά (33)"
1904,IMG_1364.jpeg,Δ' Διδακτικὰ καὶ Σχολικὰ Ὅργανα,IV. Teaching Materials and School Instruments,,,,Δ' Διδακτικὰ καὶ Σχολικὰ Ὅργανα,IV. Teaching Materials and School Instruments,37,,,"Includes: Α' Ὑλικὸν νηπιαγωγείων (37), Β' Πίνακες καὶ Εἰκόνες χρωματιστοί (37), Γ' Ἄτλαντες Γεωγραφικοί (38), Δ' Χάρται Γεωγραφικοί (38), Ε' Διάφορα Σχολικὰ Ὅργανα (40)"
1904,IMG_1364.jpeg,Ε' Κλασικοὶ Ἕλληνες καὶ Λατῖνοι (κείμενα),V. Classical Greek and Latin Writers (Texts),,,,Ε' Κλασικοὶ Ἕλληνες καὶ Λατῖνοι (κείμενα),V. Classical Greek and Latin Writers (Texts),41,,,"Includes sub-sections for Greek and Latin texts (Teubner, Tauchnitz, Koropiotos, Maar, etc.)"
1904,IMG_1364.jpeg,"Ϛ' Κλασικοὶ Ἕλληνες καὶ Λατῖνοι Συγγραφεῖς (Σχόλια, Ἑρμηνεῖαι, Παραφράσεις καὶ Μεταφράσεις)","VI. Classical Greek and Latin Authors (Commentaries, Interpretations, Paraphrases and Translations)",,,,"Ϛ' Κλασικοὶ Ἕλληνες καὶ Λατῖνοι Συγγραφεῖς (Σχόλια, Ἑρμηνεῖαι, Παραφράσεις καὶ Μεταφράσεις)","VI. Classical Greek and Latin Authors (Commentaries, Interpretations, Paraphrases and Translations)",48,,,"Includes Greek and Latin commentaries, Hachette editions, Boissonade, etc."
1904,IMG_1364.jpeg,Η' Λεξικά. Dictionnaires,VIII. Dictionaries,,,,Η' Λεξικά. Dictionnaires,VIII. Dictionaries,80,,,"English, French, German, Greek, Italian, Latin, Russian, Turkish, Various"
1904,IMG_1364.jpeg,Θ' Δῶρα καὶ Βραβεῖα εἰς παιδία καὶ ἐφήβους,IX. Gifts and Prizes for Children and Youths,,,,Θ' Δῶρα καὶ Βραβεῖα εἰς παιδία καὶ ἐφήβους,IX. Gifts and Prizes for Children and Youths,87,,,
1904,IMG_1364.jpeg,Ζ' Ξέναι Γλῶσσαι,VII. Foreign Languages,,,,Ζ' Ξέναι Γλῶσσαι,VII. Foreign Languages,60,,,"English, French, German, Spanish, Italian, Latin, Russian, Turkish"
1904,IMG_1364.jpeg,ΙΑ' Μουσικά,XI. Music,,,,ΙΑ' Μουσικά,XI. Music,96,,,Church music and Songbooks
1904,IMG_1364.jpeg,ΙΒ' Θεολογικὰ καὶ Θρησκευτικά,XII. Theological and Religious,,,,ΙΒ' Θεολογικὰ καὶ Θρησκευτικά,XII. Theological and Religious,101,,,
1904,IMG_1364.jpeg,ΙΓ' Φιλοσοφικά,XIII. Philosophical,,,,ΙΓ' Φιλοσοφικά,XIII. Philosophical,112,,,
1904,IMG_1364.jpeg,"ΙΕ' Ἱστορικά, Μυθολογικά, Ἀρχαιολογικά","XV. Historical, Mythological, Archaeological",,,,"ΙΕ' Ἱστορικά, Μυθολογικά, Ἀρχαιολογικά","XV. Historical, Mythological, Archaeological",118,,,
1904,IMG_1364.jpeg,"ΙϚ' Μαθηματικά, Φυσιογνωστικά","XVI. Mathematical, Natural Sciences",,,,"ΙϚ' Μαθηματικά, Φυσιογνωστικά","XVI. Mathematical, Natural Sciences",125,,,
1904,IMG_1364.jpeg,"ΙΖ' Γεωγραφικά, Ἀστρονομικά","XVII. Geographical, Astronomical",,,,"ΙΖ' Γεωγραφικά, Ἀστρονομικά","XVII. Geographical, Astronomical",127,,,
1904,IMG_1364.jpeg,Ι' Ἐκκλησιαστικά,X. Ecclesiastical,,,,Ι' Ἐκκλησιαστικά,X. Ecclesiastical,92,,,"Constantinople, Venice, and Greece editions"
1904,IMG_1365.jpeg,ΠΑΡΟΡΑΜΑΤΑ,Errata,,,,Συνεδρίου Π. Σ. Διέποντες,Governing Board of P. S. Congress,20,7.—,,"Σελ. 153, Στήλη β΄"
1904,IMG_1365.jpeg,ΠΑΡΟΡΑΜΑΤΑ,Errata,,Boileau,Boileau,Art Poétique annoté par Brunetière,Art Poétique annotated by Brunetière,6,3.—,,"Σελ. 63, Στήλη α΄"
1904,IMG_1365.jpeg,ΠΑΡΟΡΑΜΑΤΑ,Errata,,Larousse & Deberle,Larousse & Deberle,Les Jeudis de l'instituteur,Les Jeudis de l'instituteur,8,1.20,,"Σελ. 68, Στήλη β΄"
1904,IMG_1365.jpeg,ΠΑΡΟΡΑΜΑΤΑ,Errata,,Louis E.,Louis E.,Histoire Elémentaire de la Littérature Française,Elementary History of French Literature,,10.—,,"Σελ. 69, Στήλη α΄"
1904,IMG_1365.jpeg,ΠΑΡΟΡΑΜΑΤΑ,Errata,,,,Τετραευάγγελον Μέγα,Great Four Gospels,,5.—,,"Σελ. 94, Στήλη β΄"
1904,IMG_1365.jpeg,ΠΑΡΟΡΑΜΑΤΑ,Errata,,Κλεόνου,Kleon,τὰ Σωζόμενα τοῦ ἐν Ἁγ. ἡμῶν Κυρίλλου,Extant Works of Our Saint Cyril,13,18.—,,"Σελ. 105, Στήλη α΄"
1904,IMG_1365.jpeg,ΠΑΡΟΡΑΜΑΤΑ,Errata,,,,Ἔχει τὸ χέρι ὀλίγο,Has a Little Hand,2,40.—,,"Σελ. 159, Στήλη α΄"
1904,IMG_1365.jpeg,ΠΑΡΟΡΑΜΑΤΑ,Errata,,,,Δελτίον τῆς Βιομηχανῆς καὶ Ἐμπορικῆς Ἀκαδημίας,Bulletin of the Industrial and Commercial Academy,5,10.—,,"Σελ. 191, Στήλη α΄"
1904,IMG_1365.jpeg,ΠΑΡΟΡΑΜΑΤΑ,Errata,,,,Ἱστορία τῆς Σιβύλλης,History of the Sybil,2,3.—,,"Σελ. 170, Στήλη β΄"
1904,IMG_1365.jpeg,ΠΑΡΟΡΑΜΑΤΑ,Errata,,Γαβριήλλ,Gabriell,Κλεοπάτρα,Cleopatra,,10.—,,"Σελ. 171, Στήλη α΄"
1904,IMG_1365.jpeg,ΠΑΡΟΡΑΜΑΤΑ,Errata,,,,Μυστήρια τοῦ γάμου ἀντὶ Μυστηρία τῶν μάγων,Mysteries of Marriage instead of Mysteries of the Magi,,5.—,,"Σελ. 173, Στήλη α΄"
1904,IMG_1365.jpeg,ΠΑΡΟΡΑΜΑΤΑ,Errata,,,,Περιπέτεια μιᾶς νεάνιδος,Adventure of a Young Woman,10,15.—,,"Σελ. 174, Στήλη α΄"
1904,IMG_1365.jpeg,ΠΑΡΟΡΑΜΑΤΑ,Errata,,,,Πινκούλλος Ἀλλίγαγας,Pinkoullos Alligagas,12,16.—,,"Σελ. 175, Στήλη β΄"
1904,IMG_1365.jpeg,ΠΑΡΟΡΑΜΑΤΑ,Errata,,,,Στηναὶ τῆς Ἐρήμου,Narrow Passages of the Desert,12,18.—,,"Σελ. 191, Στήλη α΄"
1904,IMG_1365.jpeg,ΠΑΡΟΡΑΜΑΤΑ,Errata,,Βιογλίδου Αἰνείας,Vioglidis Aineias,"βιβλίον Β΄, σχόλια Φ. Ζ. Δημαράτου","Book B, commentary by F. Z. Dimaratos",6,3.20,,"Σελ. 56, Στήλη β΄"
1904,IMG_1365.jpeg,ΠΑΡΟΡΑΜΑΤΑ,Errata,,,,Ἀνευὰ τοῦ Σιδηροῦ Προσωπείου,Anneuar of the Iron Mask,9,2.—,,"Σελ. 166, Στήλη β΄"
1904,IMG_1365.jpeg,ΠΑΡΟΡΑΜΑΤΑ,Errata,,Βιογλίδου Αἰνείας,Vioglidis Aineias,"βιβλίον Α΄, σχόλια Φ. Ζ. Δημαράτου","Book A, commentary by F. Z. Dimaratos",6,16.—,,"Σελ. 56, Στήλη α΄"
1904,IMG_1365.jpeg,ΘΡΗΣΚΕΙΑ,Religion,Β΄ ΙΕΡΑΙ ΙΣΤΟΡΙΑΙ,ΑΡΑΠΗ ΑΠ. Σ.,Arapis Ap. S.,"Ἱερὰ Ἱστορία, εἰς τρία τεύχη, μετὰ ῥητῶν, τροπαρίων, προσευχῶν, ἑρμηνευτικῶν σημειώσεων καὶ ἐκλεκτῶν εἰκόνων — Τεῦχ. Β΄ (διὰ τὴν Δ΄ τάξιν)","Sacred History, in three volumes, with sayings, troparia, prayers, explanatory notes and fine images — Vol. B (for 4th grade)",σ. 144,3.20,,
1904,IMG_1365.jpeg,ΠΑΡΟΡΑΜΑΤΑ,Errata,,Ἀράπη Σ. Α.,Arapis S. A.,Εἰκόνες Πραγματογνωσίας,Object Lesson Pictures,165,7.20,,"Σελ. 37, Στήλη β΄"
1904,IMG_1365.jpeg,ΠΑΡΟΡΑΜΑΤΑ,Errata,,Νεγρεπόντη,Negrepontis,Χάρτης Ὠκεανίας εἰς φύλλα,Map of Oceania in sheets,240,,,"Σελ. 39, Στήλη β΄"
1904,IMG_1365.jpeg,ΘΡΗΣΚΕΙΑ,Religion,"Α΄ ΣΥΛΛΟΓΑΙ ΤΡΟΠΑΡΙΩΝ, ΠΡΟΣΕΥΧΑΙ",ΔΕΠΑΣΤΑ Τ. Α.,Depastas T. A.,Ἐκλογὴ Τροπαρίων καὶ ποιημάτων,Selection of Hymns and Poems,σελ. 96,2.—,,
1904,IMG_1365.jpeg,ΘΡΗΣΚΕΙΑ,Religion,"Α΄ ΣΥΛΛΟΓΑΙ ΤΡΟΠΑΡΙΩΝ, ΠΡΟΣΕΥΧΑΙ",ΚΟΚΚΩΝΗ Ι. Π.,Kokkonis I. P.,Προσευχαί,Prayers,σελ. 14,0.10,,
1904,IMG_1365.jpeg,ΘΡΗΣΚΕΙΑ,Religion,"Α΄ ΣΥΛΛΟΓΑΙ ΤΡΟΠΑΡΙΩΝ, ΠΡΟΣΕΥΧΑΙ",ΜΕΛΑ ΛΕΟΝΤΟΣ,Melas Leondos,Χριστιανικαὶ Δόξεις μετ' ᾀσμάτων πρὸς οἰκοδομὴν τῶν Ἑλλήνων παίδων,Christian Beliefs with songs for the edification of Greek children,σελίδες 63 +,1.20,,
1904,IMG_1365.jpeg,ΘΡΗΣΚΕΙΑ,Religion,"Α΄ ΣΥΛΛΟΓΑΙ ΤΡΟΠΑΡΙΩΝ, ΠΡΟΣΕΥΧΑΙ",ΜΕΣΟΛΩΡΑ Ι. Ε.,Mesoloras I. E.,"Συλλογὴ καὶ Ἑρμηνεία τῶν Προσευχῶν, Ῥητῶν, Προσταριῶν καὶ τῶν ἐκκλησιαστικῶν Ἀσμάτων","Collection and Interpretation of Prayers, Sayings, Troparia and Ecclesiastical Chants",σ. 80 +,2.—,,
1904,IMG_1365.jpeg,ΘΡΗΣΚΕΙΑ,Religion,Β΄ ΙΕΡΑΙ ΙΣΤΟΡΙΑΙ,ΑΡΑΠΗ ΑΠ. Σ.,Arapis Ap. S.,"Ἱερὰ Ἱστορία, εἰς τρία τεύχη, μετὰ ῥητῶν, τροπαρίων, προσευχῶν, ἑρμηνευτικῶν σημειώσεων καὶ ἐκλεκτῶν εἰκόνων — Τεῦχ. Α΄ (δι' Α΄, Β΄ καὶ Γ΄ τάξ.)","Sacred History, in three volumes, with sayings, troparia, prayers, explanatory notes and fine images — Vol. A (for 1st, 2nd and 3rd grade)",σ. 128,2.20,,
1904,IMG_1365.jpeg,ΘΡΗΣΚΕΙΑ,Religion,Β΄ ΙΕΡΑΙ ΙΣΤΟΡΙΑΙ,ΑΡΑΠΗ ΑΠ. Σ.,Arapis Ap. S.,"Ἱερὰ Ἱστορία, εἰς τρία τεύχη, μετὰ ῥητῶν, τροπαρίων, προσευχῶν, ἑρμηνευτικῶν σημειώσεων καὶ ἐκλεκτῶν εἰκόνων — Τεῦχ. Γ΄ (διὰ τὴν Ε΄ τάξιν)","Sacred History, in three volumes, with sayings, troparia, prayers, explanatory notes and fine images — Vol. C (for 5th grade)",σ. 138,4.20,,
1904,IMG_1365.jpeg,ΘΡΗΣΚΕΙΑ,Religion,"Α΄ ΣΥΛΛΟΓΑΙ ΤΡΟΠΑΡΙΩΝ, ΠΡΟΣΕΥΧΑΙ",,,"Προσευχηντάριον, ἐγκρίσει τῆς ἐν τοῖς Πατριαρχείοις Κεντρικῆς Ἐκκλησιαστικῆς Ἐπιτροπῆς","Prayer Book, approved by the Central Ecclesiastical Committee at the Patriarchate","ἔκδ. η΄, σελ. 32×",1.—,,
1904,IMG_1365.jpeg,ΘΡΗΣΚΕΙΑ,Religion,Β΄ ΙΕΡΑΙ ΙΣΤΟΡΙΑΙ,ΒΕΡΝΑΡΔΑΚΗ Δ. Ν.,Bernardakis D. N.,Ἱστορία Ἱερὰ μεγάλη,"Sacred History, complete","8ον, σελίδες 232",4.—,,
1904,IMG_1365.jpeg,ΘΡΗΣΚΕΙΑ,Religion,Β΄ ΙΕΡΑΙ ΙΣΤΟΡΙΑΙ,ΒΡΕΤΟΥ Ι. Α.,Vretos I. A.,Ἀπάνθισμα Παλαιᾶς καὶ Καινῆς Διαθήκης,Anthology of Old and New Testaments,σ. 128,2.20,,
1904,IMG_1365.jpeg,ΘΡΗΣΚΕΙΑ,Religion,Β΄ ΙΕΡΑΙ ΙΣΤΟΡΙΑΙ,ΓΕΝΝΑΔΙΟΥ Γ.,Gennadios G.,Ἱστορίας Ἱερᾶς Σύνοψις,Synopsis of Sacred History,"8ον, σελίδες 78",1.—,,
1904,IMG_1365.jpeg,ΘΡΗΣΚΕΙΑ,Religion,Β΄ ΙΕΡΑΙ ΙΣΤΟΡΙΑΙ,ΘΗΒΑΙΟΥ Α. Α.,Thevaios A. A.,Ἐπίτομος Ἱερὰ Ἱστορία συναχθεῖσα ἐκ τῶν Θεοπνεύστων βιβλίων τῆς Παλαιᾶς καὶ Ν. Διαθήκης,Epitome of Sacred History compiled from the divinely inspired books of the Old and New Testaments,"8ον, σελίδες 120 +",6.—,,
1904,IMG_1365.jpeg,ΠΑΡΟΡΑΜΑΤΑ,Errata,,Αράπη Σ. Α.,Arapis S. A.,Ἀριθμητικὴ Τεῦχος Ε΄,Arithmetic Issue E,,5,Γφ.,"Σελ. 16, Στήλη α΄: ἀντὶ Γφ. 4 γράφε Γφ. 5"
1904,IMG_1365.jpeg,ΠΑΡΟΡΑΜΑΤΑ,Errata,,Μουστακίδου Β. Α.,Moustakidis V. A.,Γεωγραφίας Γενικὴ Ἐπιτομή,General Epitome of Geography,,,,"Σελ. 22, Στήλη β΄"
1904,IMG_1365.jpeg,ΘΡΗΣΚΕΙΑ,Religion,Β΄ ΙΕΡΑΙ ΙΣΤΟΡΙΑΙ,ΒΕΡΝΑΡΔΑΚΗ Δ. Ν.,Bernardakis D. N.,Ἱστορία Ἱερὰ μικρά,"Sacred History, concise",σελίδες 64,0.30,,
1904,IMG_1366.jpeg,Θρησκεία,Religion,Γ' ΚΑΤΗΧΗΣΕΙΣ,ΚΑΛΛΙΦΡΟΝΟΣ Β. Α.,Kallifronos V. A.,Κατήχησις Ἱερὰ ρωσιοκρίτων (μεγάλη),Sacred Catechism (large),"8ον, σελίδες 135",4.—,,
1904,IMG_1366.jpeg,Θρησκεία,Religion,Γ' ΚΑΤΗΧΗΣΕΙΣ,ΒΑΦΕΙΔΗΣ Κ.,Vafeidis K.,"Κατήχησις Ἱερὰ, Κώδ. Α'","Sacred Catechism, Code A'",σελίδες 47,1.20,,
1904,IMG_1366.jpeg,Θρησκεία,Religion,Γ' ΚΑΤΗΧΗΣΕΙΣ,ΔΑΡΒΑΡΗΣ Δ. Ν.,Darvaris D. N.,Κατήχησις Γενναίου,Catechism of Gennaios,"8ον, σελ. 55",2.—,,
1904,IMG_1366.jpeg,Θρησκεία,Religion,Γ' ΚΑΤΗΧΗΣΕΙΣ,ΔΑΜΑΛΑΣ Ν. Μ.,Damalas N. M.,Κατήχησις Στοιχειώδης,Elementary Catechism,σελίδες 64,3.—,,
1904,IMG_1366.jpeg,Θρησκεία,Religion,Γ' ΚΑΤΗΧΗΣΕΙΣ,ΒΕΡΝΑΡΔΑΚΗΣ Δ. Ν.,Bernardakis D. N.,Κατήχησις Ἱερὰ (μικρά),Sacred Catechism (small),σελίδες 48,0.30,,
1904,IMG_1366.jpeg,Θρησκεία,Religion,Γ' ΚΑΤΗΧΗΣΕΙΣ,ΒΑΦΕΙΔΗΣ Κ.,Vafeidis K.,"Κατήχησις Ἱερὰ, Κώδ. Β'","Sacred Catechism, Code B'",σελίδες 87,2.20,,
1904,IMG_1366.jpeg,Θρησκεία,Religion,Γ' ΚΑΤΗΧΗΣΕΙΣ,ΒΑΦΕΙΔΗΣ Κ.,Vafeidis K.,Κατήχησις Ἱερὰ (μεσαῖαι),Sacred Catechism (intermediate),σελίδες 85,1.20,,
1904,IMG_1366.jpeg,Θρησκεία,Religion,,ΤΣΙΑΚΑΤ.,Tsiakat.,Ἱστορία Ἱερὰ μετάβλητον καὶ εἰκόνων. Κώδ. Γ',Sacred History with illustrations. Code C',σελ. 110,2.20,,
1904,IMG_1366.jpeg,Θρησκεία,Religion,,ΧΡΙΣΤΟΔΟΥΛΟΥ Κ.,Christodoulou K.,Περίληψις τῶν Ἱερῶν Εὐαγγελίων,Summary of the Holy Gospels,σελ. 88,1.—,,
1904,IMG_1366.jpeg,Θρησκεία,Religion,,ΧΑΤΖΟΠΟΥΛΟΣ Μ. Σ.,Chatzopoulos M. S.,Παλαιὰ Διαθήκη,Old Testament,σελ. 183,2.—,,
1904,IMG_1366.jpeg,Θρησκεία,Religion,,ΧΑΤΖΟΠΟΥΛΟΣ Μ. Σ.,Chatzopoulos M. S.,"Ἱερὰ Ἱστορία, ἐγκρίσει τῆς Ἱερᾶς Συνόδου τῆς Ἑλλάδος, ἔχον τῷ ἁγ. Ἀποστόλων","Sacred History, approved by the Holy Synod of Greece",σ. 180,1.—,,
1904,IMG_1366.jpeg,Θρησκεία,Religion,,ΦΛΕΡΥ ΛΑΜΕ,Fleury Lame,"Ἱερὰ Ἱστορία διηγημένη εἰς τὰ παιδιά, ἐκ τοῦ γαλλικοῦ ὑπὸ Ε. Α. Σίμου","Sacred History told to children, translated from French by E. A. Simos","12ον, σελ. 6'-328, χρυσόδ.",10.—,,gilt bound
1904,IMG_1366.jpeg,Θρησκεία,Religion,,ΤΣΙΑΚΑΤ.,Tsiakat.,"Ἱστορία Ἱερὰ... Γ', Ἡνωμένον Β': Ἰσραηλιτικὸν","Sacred History... C', Combined B': Israelite",σελ. 52,1.10,,
1904,IMG_1366.jpeg,Θρησκεία,Religion,,ΤΣΙΑΚΑΤ.,Tsiakat.,Ἱστορία Ἱερὰ... Γ' Ἡνωμένον Α'-Β' Παλαιὰ Διαθήκη,Sacred History... C' Combined A'-B' Old Testament,σελ. 128,2.20,,
1904,IMG_1366.jpeg,Θρησκεία,Religion,Γ' ΚΑΤΗΧΗΣΕΙΣ,ΚΑΣΔΟΝΗΣ Δ. Α.,Kasdonis D. A.,Χρῆσις Ὀρθοδόξου Χριστιανικῆς Κατηχήσεως Ἐγχειρίδιον,Handbook of Orthodox Christian Catechism,"8ον, σελ. 67",3.—,,
1904,IMG_1366.jpeg,Θρησκεία,Religion,,ΤΣΙΑΚΑΤ.,Tsiakat.,Ἱστορία Ἱερὰ μετάβλητον καὶ εἰκόνων. Κώδ. Β',Sacred History with illustrations. Code B',σελ. 110,1.20,,
1904,IMG_1366.jpeg,Θρησκεία,Religion,Γ' ΚΑΤΗΧΗΣΕΙΣ,ΒΑΦΕΙΔΗΣ Κ.,Vafeidis K.,Κατήχησις Ἱερὰ (σχολ. κρό),Sacred Catechism (school ed.),σελίδες 47,1.—,,
1904,IMG_1366.jpeg,Θρησκεία,Religion,Γ' ΚΑΤΗΧΗΣΕΙΣ,,,Κατηχητικὴ Χριστιανικὴ κατ' ἔκτασιν,"Christian Catechetics, extended","8ον, σελ. 95",3.—,,
1904,IMG_1366.jpeg,Θρησκεία,Religion,Γ' ΚΑΤΗΧΗΣΕΙΣ,ΜΕΣΟΛΩΡΑΣ Ι. Ε.,Mesoloras I. E.,Κατήχησις (μεγάλη),Catechism (large),"8ον, σ. 80",2.20,,
1904,IMG_1366.jpeg,Θρησκεία,Religion,Γ' ΚΑΤΗΧΗΣΕΙΣ,ΚΟΡΑΗΣ Α.,Korais A.,Κατήχησις Ἱερὰ Σύνοψις (μικρά),Sacred Catechism Synopsis (small),σελίδες 56,0.30,,
1904,IMG_1366.jpeg,Θρησκεία,Religion,,ΤΣΙΑΚΑΤ.,Tsiakat.,Ἱστορία Ἱερὰ μετάβλητον καὶ εἰκόνων. Κώδ. Α',Sacred History with illustrations. Code A',σελ. 48,1.—,,
1904,IMG_1366.jpeg,Θρησκεία,Religion,Δ' ΛΕΙΤΟΥΡΓΙΚΑΙ,ΣΕΡΓΙΑΔΗΣ ΣΕΡΓΙΟΣ Ε.,Sergiadis Sergios E.,"Λειτουργικὴ Χριστιανικὴ Ὀρθόδοξος, πρὸς χρῆσιν","Orthodox Christian Liturgics, for use",,,,
1904,IMG_1366.jpeg,Θρησκεία,Religion,Δ' ΛΕΙΤΟΥΡΓΙΚΑΙ,ΠΑΛΑΜΑΣ ΓΡ.,Palamas Gr.,Λειτουργικὴ (μικρά),Liturgics (small),σελίδες 96,3.—,,
1904,IMG_1366.jpeg,Θρησκεία,Religion,Δ' ΛΕΙΤΟΥΡΓΙΚΑΙ,ΜΕΣΟΛΩΡΑΣ Ι. Ε.,Mesoloras I. E.,Λειτουργικῆς Ἐγχειρίδιον,Handbook of Liturgics,"8ον, σελ. 136",4.—,,
1904,IMG_1366.jpeg,Θρησκεία,Religion,Δ' ΛΕΙΤΟΥΡΓΙΚΑΙ,ΜΕΣΟΛΩΡΙΔΗΣ Δ. Μ.,Mesoloridis D. M.,Ἐγχειρίδιον Στοιχειώδους Λειτουργικῆς,Handbook of Elementary Liturgics,"8ον, σελίδες 42",1.20,,
1904,IMG_1366.jpeg,Θρησκεία,Religion,Δ' ΛΕΙΤΟΥΡΓΙΚΑΙ,ΚΟΦΙΝΙΩΤΗΣ Ε. Κ.,Kofiniotis E. K.,Λειτουργικὴ Ἐπιτομός,Epitome of Liturgics,"8ον, σελίδες 64",7.20,,
1904,IMG_1366.jpeg,Θρησκεία,Religion,Δ' ΛΕΙΤΟΥΡΓΙΚΑΙ,ΚΛΕΙΤΟΝΙΔΗΣ Α.,Kkleitonidis A.,Λειτουργικὴ Ὀρθόδοξος Χριστιανικὴ,Orthodox Christian Liturgics,"8ον, σελ. 76",5.—,,
1904,IMG_1366.jpeg,Θρησκεία,Religion,Γ' ΚΑΤΗΧΗΣΕΙΣ,ΚΟΡΑΗΣ Α.,Korais A.,Κατήχησις Ἱερὰ Σύνοψις,Sacred Catechism Synopsis,σελίδες 15,0.10,,
1904,IMG_1366.jpeg,Θρησκεία,Religion,Γ' ΚΑΤΗΧΗΣΕΙΣ,ΧΑΜΠΟΠΟΥΛΟΣ Μ. Δ.,Champopoulos M. D.,Ὀρθόδοξος Χριστιανικὴ Κατήχησις,Orthodox Christian Catechism,"8ον, σελ. 112",7.20,,
1904,IMG_1366.jpeg,Θρησκεία,Religion,Γ' ΚΑΤΗΧΗΣΕΙΣ,ΣΕΡΓΙΑΔΗΣ Σ. Ε.,Sergiadis S. E.,Κατήχησις Ὀρθόδοξος Χριστιανική,Orthodox Christian Catechism,"8ον, σ. 88",5.—,,
1904,IMG_1366.jpeg,Θρησκεία,Religion,Γ' ΚΑΤΗΧΗΣΕΙΣ,ΜΟΣΧΑΚΗΣ ΙΓΝ.,Moschakis Ign.,Κατήχησις Ἱερὰ τῶν ἀστικῶν καὶ δημοτικῶν σχολείων ἀμφοτέρων τῶν φύλων,Sacred Catechism of urban and primary schools for both genders,σελ. 74,2.20,,
1904,IMG_1366.jpeg,Θρησκεία,Religion,Γ' ΚΑΤΗΧΗΣΕΙΣ,ΜΕΣΟΛΩΡΑΣ Ι. Ε.,Mesoloras I. E.,Κατήχησις Ἱερὰ (μικρά),Sacred Catechism (small),σελίδες 64,1.20,,
1904,IMG_1366.jpeg,Θρησκεία,Religion,Γ' ΚΑΤΗΧΗΣΕΙΣ,ΚΥΡΙΑΚΟΣ Δ.,Kyriakos D.,Ἀπολογητικὴ Χριστιανικῆς Θρησκείας,Apologetics of the Christian Religion,"8ον, σελ. 64",1.—,,
1904,IMG_1366.jpeg,Θρησκεία,Religion,Γ' ΚΑΤΗΧΗΣΕΙΣ,ΘΕΟΔΟΡΟΥ,Theodorou,Χριστιανικὴ,Christian [Catechism],σελ. 48,1.20,,
1904,IMG_1366.jpeg,Θρησκεία,Religion,Γ' ΚΑΤΗΧΗΣΕΙΣ,ΚΟΦΙΝΙΩΤΗΣ Ε. Κ.,Kofiniotis E. K.,Κατήχησις (μεγάλη),Catechism (large),"8ον, σ. 88",1.—,,
1904,IMG_1366.jpeg,Θρησκεία,Religion,Γ' ΚΑΤΗΧΗΣΕΙΣ,ΚΟΦΙΝΙΩΤΗΣ Ε. Κ.,Kofiniotis E. K.,Ἱερὰ Κατήχησις (μικρά),Sacred Catechism (small),σελίδες 56,0.50,,
1904,IMG_1366.jpeg,Θρησκεία,Religion,Γ' ΚΑΤΗΧΗΣΕΙΣ,ΦΩΤΙΑΔΗΣ Φ.,Fotiadis F.,Κατήχησις Ἱερὰ,Sacred Catechism,σελίδες 30,1.—,,
1904,IMG_1366.jpeg,Θρησκεία,Religion,,ΜΕΣΟΛΩΡΑΣ Ι. Ε.,Mesoloras I. E.,Ἱστορία Ἱερὰ τῆς Παλαιᾶς Διαθήκης,Sacred History of the Old Testament,"8ον, σελ. 95",4.—,,
1904,IMG_1366.jpeg,Θρησκεία,Religion,,ΜΟΣΧΑΚΗΣ ΙΓΝ.,Moschakis Ign.,Ἱστορία Ἱερὰ τῆς Καινῆς Διαθήκης,Sacred History of the New Testament,σελ. 88,2.—,,
1904,IMG_1366.jpeg,Θρησκεία,Religion,,ΛΕΟΝΤΙΑΔΗΣ ΣΑΠΦΩ,Leontiadis Sappho,Ἐπιλόγιον Ἱερῶν,Epilogue of Sacred Subjects,σελίδες 166,5.—,,
1904,IMG_1366.jpeg,Θρησκεία,Religion,,ΣΕΡΓΙΑΔΗΣ Σ. Ε.,Sergiadis S. E.,"Ἱστορία Ἱερὰ (Εἰσαγωγὴ εἰς τὴν Ἱστορίαν τῆς Ἐκκλησίας ἐκ τῆς Παλαιᾶς Διαθήκης), μετὰ 24 εἰκόνων","Sacred History (Introduction to Church History from the Old Testament), with 24 illustrations",,2.—,,
1904,IMG_1366.jpeg,Θρησκεία,Religion,,ΣΕΡΓΙΑΔΗΣ Σ. Ε.,Sergiadis S. E.,"Ἱστορία Ἱερὰ, μετὰ ῥητῶν, τροπαρίων καὶ ἑρμηνείας","Sacred History, with verses, hymns and interpretation",σ. 23,4.—,,
1904,IMG_1366.jpeg,Θρησκεία,Religion,,ΠΑΛΑΜΑΣ ΓΡ.,Palamas Gr.,Ἱστορία Ἱερὰ τῆς Παλαιᾶς Διαθήκης,Sacred History of the Old Testament,"8ον, σ. 135",2.—,,
1904,IMG_1366.jpeg,Θρησκεία,Religion,,ΠΑΝΤΑΖΗΣ Δ.,Pantazis D.,"Ἱστορία Ἱερὰ, μετὰ εἰκόνων","Sacred History, with illustrations",σελ. 201,2.—,,
1904,IMG_1366.jpeg,Θρησκεία,Religion,,ΠΑΝΤΑΖΗΣ Δ.,Pantazis D.,"Περίληψις νεωτάτη τῆς Παλαιᾶς καὶ Νέας Διαθήκης, ἐτῶν τριῶν, μετὰ 24 εἰκόνων","Newest Summary of the Old and New Testament, three-year course, with 24 illustrations",σελίδες 85,1.—,,
1904,IMG_1366.jpeg,Θρησκεία,Religion,,ΠΑΝΤΑΖΗΣ Δ.,Pantazis D.,Ἱστορία Ἱερὰ,Sacred History,σελ. 95,2.—,,
1904,IMG_1366.jpeg,Θρησκεία,Religion,,ΠΑΝΤΑΖΗΣ Δ.,Pantazis D.,"Ἱστορία Ἱερὰ ἐκ Περιλήψεως νεωτάτη τῆς Παλαιᾶς καὶ Νέας Διαθήκης, μετὰ 24 εἰκόνων","Sacred History from the newest summary of the Old and New Testament, with 24 illustrations",σελίδες 89,1.—,,
1904,IMG_1366.jpeg,Θρησκεία,Religion,,ΞΑΝΘΟΣ Β. Α.,Xanthos V. A.,Ἱστορία Ἱερὰ τῆς Παλαιᾶς Διαθήκης,Sacred History of the Old Testament,"8ον, σ. 135",2.—,,
1904,IMG_1366.jpeg,Θρησκεία,Religion,,ΜΩΡΑΙΤΗΣ ΣΠ.,Moraitis Sp.,Ἱστορία Ἱερὰ,Sacred History,σ. 210,4.—,,
1904,IMG_1366.jpeg,Θρησκεία,Religion,,ΜΟΣΧΑΚΗΣ ΙΓΝ.,Moschakis Ign.,Ἱστορία Ἱερὰ τῆς Παλαιᾶς Διαθήκης,Sacred History of the Old Testament,σελ. 93,2.—,,
1904,IMG_1366.jpeg,Θρησκεία,Religion,,ΜΕΣΟΛΩΡΑΣ Ι. Ε.,Mesoloras I. E.,Ἱστορία Ἱερὰ τῆς Καινῆς Διαθήκης,Sacred History of the New Testament,"8ον, σ. 96",4.—,,
1904,IMG_1366.jpeg,Θρησκεία,Religion,,ΜΟΣΧΑΚΗΣ ΙΓΝ.,Moschakis Ign.,Ἱστορία Ἱερὰ τῆς Παλαιᾶς Διαθήκης,Sacred History of the Old Testament,σελ. 76,2.—,,
1904,IMG_1366.jpeg,Θρησκεία,Religion,,ΜΙΣΙΩΤΗΣ Δ.,Misiotis D.,"Ἱστορίας Ἱερᾶς Σύνοψις, εἰς τεύχη τρία. Τεῦχος Γ'","Synopsis of Sacred History, in three volumes. Volume C'",σελ. 95,3.—,,
1904,IMG_1366.jpeg,Θρησκεία,Religion,,ΜΙΣΙΩΤΗΣ Δ.,Misiotis D.,"Ἱστορίας Ἱερᾶς Σύνοψις, εἰς τεύχη τρία. Τεῦχος Β'","Synopsis of Sacred History, in three volumes. Volume B'",σελ. 88,2.—,,
1904,IMG_1366.jpeg,Θρησκεία,Religion,,ΜΙΣΙΩΤΗΣ Δ.,Misiotis D.,"Ἱστορίας Ἱερᾶς Σύνοψις, εἰς τεύχη τρία. Τεῦχος Α'","Synopsis of Sacred History, in three volumes. Volume A'",σελ. 52,1.20,,
1904,IMG_1366.jpeg,Θρησκεία,Religion,,ΣΕΡΓΙΑΔΗΣ Σ. Ε.,Sergiadis S. E.,"Περιληπτικῆς Κεντρικῆς Ἐκπαιδευτικῆς Ἐπιτροπῆς, πρὸς χρῆσιν τῶν ἀστικῶν καὶ δημοτικῶν σχολείων ἀμφοτέρων τῶν φύλων. Τεῦχος Α'","Summary of Central Educational Committee, for urban and primary schools. Part A'",σελ. 56,1.20,,
1904,IMG_1366.jpeg,Θρησκεία,Religion,,ΣΕΡΓΙΑΔΗΣ Σ. Ε.,Sergiadis S. E.,"Περιληπτικῆς Κεντρικῆς Ἐκπαιδευτικῆς Ἐπιτροπῆς... Τεῦχος Β', Π. Διαθήκη","Summary of Central Educational Committee... Part B', Old Testament",σελ. 135,2.20,,
1904,IMG_1366.jpeg,Θρησκεία,Religion,,ΜΟΣΧΑΚΗΣ ΙΓΝ.,Moschakis Ign.,Ἱστορία Ἱερὰ τῆς Καινῆς Διαθήκης,Sacred History of the New Testament,σελ. 100,2.—,,
1904,IMG_1366.jpeg,Θρησκεία,Religion,,ΣΟΥΡΛΗΣ,Sourlis,"Ἱστορία Ἱερὰ, μετὰ ῥητῶν, τροπαρίων καὶ προσευχῶν. Τεῦχος Α', μετ' εἰκόνων","Sacred History, with verses, hymns and prayers. Part A', illustrated",σ. 60,1.20,,
1904,IMG_1366.jpeg,Θρησκεία,Religion,,ΣΕΡΓΙΑΔΗΣ Σ. Ε.,Sergiadis S. E.,"Περιληπτικῆς Κεντρικῆς Ἐκπαιδευτικῆς Ἐπιτροπῆς... Τεῦχος Γ', Κ. Διαθήκη","Summary of Central Educational Committee... Part C', New Testament",σελ. 127,3.—,,
1904,IMG_1366.jpeg,Θρησκεία,Religion,,ΚΥΡΙΑΚΟΣ Δ. Α.,Kyriakos D. A.,Ἱστορία Ἱερὰ τῆς Παλαιᾶς καὶ Καινῆς Διαθήκης,Sacred History of the Old and New Testament,"8ον, σ. 144",6.—,,
1904,IMG_1366.jpeg,Θρησκεία,Religion,,ΚΥΡΙΑΚΟΣ Δ. Α.,Kyriakos D. A.,Ἱστορία Ἱερὰ Στοιχειώδης,Elementary Sacred History,"8ον, σελίδες 80",2.—,,
1904,IMG_1366.jpeg,Θρησκεία,Religion,,ΓΟΝΝΟΠΟΥΛΟΣ ΓΡ.,Gonnopoulos Gr.,Ἱστορία Ἱερὰ... Τεῦχος Γ',Sacred History... Part C',σελ. 120,3.—,,
1904,IMG_1366.jpeg,Θρησκεία,Religion,,ΓΟΝΝΟΠΟΥΛΟΣ ΓΡ.,Gonnopoulos Gr.,"Ἱστορία Ἱερὰ, συναρμολογηθεῖσα κατὰ τὰ προγράμματα τῆς Πατριαρχικῆς Κεντρικῆς Ἐκπαιδευτικῆς Ἐπιτροπῆς... Τεῦχος Α'","Sacred History, compiled according to the program of the Patriarchal Central Educational Committee... Part A'",σελ. 72,2.—,,
1904,IMG_1366.jpeg,Θρησκεία,Religion,,ΚΟΦΙΝΙΩΤΗΣ Ε. Κ.,Kofiniotis E. K.,"Ἱερὰ Ἱστορία τῆς Παλαιᾶς Διαθήκης, Ἑλλ. Σχολείων","Sacred History of the Old Testament, Hellenic Schools edition",σελ. 132,5.—,,
1904,IMG_1366.jpeg,Θρησκεία,Religion,,ΚΟΦΙΝΙΩΤΗΣ Ε. Κ.,Kofiniotis E. K.,"Ἱερὰ Ἱστορία τῆς Παλαιᾶς Διαθήκης, Ἑλλ. Σχολείων","Sacred History of the Old Testament, Hellenic Schools edition",σελίδες 144,5.—,,
1904,IMG_1366.jpeg,Θρησκεία,Religion,,ΚΟΦΙΝΙΩΤΗΣ Ε. Κ.,Kofiniotis E. K.,"Ἱερὰ Ἱστορία τῆς Καινῆς Διαθήκης, Δημ. Σχολῆς","Sacred History of the New Testament, Primary School edition","12ον, σελ. 72",2.20,,
1904,IMG_1366.jpeg,Θρησκεία,Religion,,ΓΟΝΝΟΠΟΥΛΟΣ ΓΡ.,Gonnopoulos Gr.,Ἱστορία Ἱερὰ... Τεῦχος Β',Sacred History... Part B',σελ. 120,2.20,,
1904,IMG_1366.jpeg,Θρησκεία,Religion,,ΚΟΤΖΟΥΛΑΡΗΣ Α. καὶ ΕΥΑΓΓΕΛΙΔΗΣ Ν.,Kotzoularis A. and Evangelidis N.,Ἱστορίας Ἱερᾶς Ἐγχειρίδιον κατ' εἰσαγωγὴν τῆς Παιδαγωγικῆς συντεταγμένον. Τεῦχος Β',Handbook of Sacred History according to Pedagogical principles. Part B',σελ. 64,2.20,,
1904,IMG_1366.jpeg,Θρησκεία,Religion,,ΚΟΤΖΟΥΛΑΡΗΣ Α. καὶ ΕΥΑΓΓΕΛΙΔΗΣ Ν.,Kotzoularis A. and Evangelidis N.,Ἱστορίας Ἱερᾶς Ἐγχειρίδιον κατ' εἰσαγωγὴν τῆς Παιδαγωγικῆς συντεταγμένον. Τεῦχος Α',Handbook of Sacred History according to Pedagogical principles. Part A',σελ. 46,2.—,,
1904,IMG_1366.jpeg,Θρησκεία,Religion,,ΚΟΡΑΗΣ Α.,Korais A.,Ἱστορίας Ἱερᾶς Σύνοψις,Synopsis of Sacred History,σελίδες 32,0.20,,
1904,IMG_1366.jpeg,Θρησκεία,Religion,,ΚΑΛΛΙΦΡΟΝΟΣ Β. Δ.,Kallifronos V. D.,Συγγενολόγιον Μαθημάτων Θεολογικῶν,Genealogy of Theological Lessons,σ. 74,1.20,,
1904,IMG_1366.jpeg,Θρησκεία,Religion,,,,"Καινῆς Διαθήκης Ἅπαντα, σχήματος μικροῦ","The Complete New Testament, small format","σελ. 568, πανδόδετον",3.—,,
1904,IMG_1366.jpeg,Θρησκεία,Religion,,,,Καινῆς Διαθήκης Ἅπαντα,The Complete New Testament,"σελίδες 511, πανδόδετον",6.—,,
1904,IMG_1366.jpeg,Θρησκεία,Religion,,ΚΟΦΙΝΙΩΤΗΣ Ε. Κ.,Kofiniotis E. K.,"Ἱερὰ Ἱστορία τῆς Παλαιᾶς Διαθήκης, Δημ. Σχολῆς","Sacred History of the Old Testament, Primary School edition","12ον, σελίδες 72",2.20,,
1904,IMG_1366.jpeg,Θρησκεία,Religion,,ΣΟΥΡΛΗΣ,Sourlis,"Ἱστορία Ἱερὰ, μετὰ ῥητῶν, τροπαρίων καὶ προσευχῶν. Τεῦχος Β', μετ' εἰκόνων","Sacred History, with verses, hymns and prayers. Part B', illustrated",σ. 164,3.20,,
1904,IMG_1367.jpeg,Θρησκεία,Religion,Γ' ΚΑΤΗΧΗΣΕΙΣ,ΚΟΦΙΝΙΩΤΟΥ Ε. Κ.,KOFINIOTIS E. K.,Κατήχησις (μεγάλη),Catechism (large),"8ον, σ. 88",5.—,,
1904,IMG_1367.jpeg,Θρησκεία,Religion,Γ' ΚΑΤΗΧΗΣΕΙΣ,ΚΟΦΙΝΙΩΤΟΥ Ε. Κ.,KOFINIOTIS E. K.,Ἱερὰ Κατήχησις (μικρή),Sacred Catechism (small),σελίδες 56,3.—,,
1904,IMG_1367.jpeg,Θρησκεία,Religion,Γ' ΚΑΤΗΧΗΣΕΙΣ,ΚΟΡΑΗ Α.,KORAIS A.,Κατήχησις Ἱερᾶς Σύνοψις,Synopsis of Sacred Catechism,σελίδες 44,0.30,,
1904,IMG_1367.jpeg,Θρησκεία,Religion,Γ' ΚΑΤΗΧΗΣΕΙΣ,ΚΟΡΑΗ Α.,KORAIS A.,Κατήχησις Ἱερᾶς Σύνοψις,Synopsis of Sacred Catechism,σελίδες 15,0.10,,
1904,IMG_1367.jpeg,Θρησκεία,Religion,Γ' ΚΑΤΗΧΗΣΕΙΣ,,,Κατήχησις Χριστιανικὴ κατ' ἔκτασιν,Comprehensive Christian Catechism,"8ον, σελ. 96+",3.—,,
1904,IMG_1367.jpeg,Θρησκεία,Religion,Γ' ΚΑΤΗΧΗΣΕΙΣ,ΚΑΛΛΙΦΡΟΝΟΣ Β. Δ.,KALLIFRONAS V. D.,Κατήχησις Ἱερὰ (μικρά),Sacred Catechism (small),σελίδες 35,1.—,,
1904,IMG_1367.jpeg,Θρησκεία,Religion,Γ' ΚΑΤΗΧΗΣΕΙΣ,ΚΑΛΛΙΦΡΟΝΟΣ Β. Δ.,KALLIFRONAS V. D.,"Κατήχησις Ἱερὰ Ὀρθόδοξος, κατ' ἐρωταπόκρισιν (μεγάλη)","Sacred Orthodox Catechism, in Q&A format (large)","8ον, σελίδες 135+",4.—,,
1904,IMG_1367.jpeg,Θρησκεία,Religion,Γ' ΚΑΤΗΧΗΣΕΙΣ,ΔΑΡΒΑΡΕΩΣ Δ. Δ.,DARVAREOS D. D.,Κατήχησις Γενναδίου,Catechism of Gennadios,"8ον, σελ. 55",2.—,,
1904,IMG_1367.jpeg,Θρησκεία,Religion,Γ' ΚΑΤΗΧΗΣΕΙΣ,ΚΥΡΙΑΚΟΥ Α. ΔΙΟΜΗΔΟΥΣ,KYRIAKOS A. DIOMIDIS,Σύνοψις τῆς Χριστιανικῆς,Synopsis of Christian Catechism,"8ον, σελ. 64",1.—,,
1904,IMG_1367.jpeg,Θρησκεία,Religion,Γ' ΚΑΤΗΧΗΣΕΙΣ,ΔΑΜΑΛΑ Ν. Μ.,DAMALAS N. M.,Κατήχησις Στοιχειώδης,Elementary Catechism,σελίδες 64,3.—,,
1904,IMG_1367.jpeg,Θρησκεία,Religion,Γ' ΚΑΤΗΧΗΣΕΙΣ,ΚΑΣΙΓΟΝΗ Δ. Α.,KASIGONIS D. A.,ΧΡΥΣΗΣ Ὀρθόδοξον Χριστιανικῆς Κατηχήσεως Ἐγχειρίδιον,CHRYSIS Orthodox Christian Catechism Handbook,"8ον, σελ. 67",3.—,,
1904,IMG_1367.jpeg,Θρησκεία,Religion,Γ' ΚΑΤΗΧΗΣΕΙΣ,ΚΥΡΙΑΚΟΥ Α. ΔΙΟΜΗΔΟΥΣ,KYRIAKOS A. DIOMIDIS,Χριστιανικὴ Κατήχησις,Christian Catechism,"8ον, σελίδες 128 +",5.20,,
1904,IMG_1367.jpeg,Θρησκεία,Religion,Δ' ΛΕΙΤΟΥΡΓΙΚΑ,ΚΑΣΙΓΟΝΗ Δ. Α.,KASIGONIS D. A.,Λειτουργικὴ Ὀρθόδοξος Χριστιανική,Orthodox Christian Liturgics,"8ον, σελ. 76+",5.—,,
1904,IMG_1367.jpeg,Θρησκεία,Religion,Γ' ΚΑΤΗΧΗΣΕΙΣ,ΜΕΣΟΛΩΡΑ Ι. Ε.,MESOLORAS I. E.,Κατήχησις Χριστιανική,Christian Catechism,σ. 64,2.20,,
1904,IMG_1367.jpeg,Θρησκεία,Religion,Γ' ΚΑΤΗΧΗΣΕΙΣ,ΜΟΣΧΑΚΗ ΙΓΝ.,MOSCHAKIS IGN.,Κατήχησις Χριστιανική (μικρά),Christian Catechism (small),σελίδες 64,1.20,,
1904,IMG_1367.jpeg,Θρησκεία,Religion,Γ' ΚΑΤΗΧΗΣΕΙΣ,ΜΟΣΧΑΚΗ ΙΓΝ.,MOSCHAKIS IGN.,Κατήχησις (μεγάλη),Catechism (large),"8ον, σ. 80+",5.—,,
1904,IMG_1367.jpeg,Θρησκεία,Religion,Γ' ΚΑΤΗΧΗΣΕΙΣ,ΝΕΣΤΟΡΙΔΟΥ Κ.,NESTORIDIS K.,Κατήχησις,Catechism,"8ον, σ. 98+",5.—,,
1904,IMG_1367.jpeg,Θρησκεία,Religion,Γ' ΚΑΤΗΧΗΣΕΙΣ,ΣΕΡΓΙΛΙΔΟΥ Σ. Ε.,SERGILIDIS S. E.,"Κατήχησις Ὀρθόδοξος Χριστιανική, πρὸς χρῆσιν τῶν ἀστικῶν καὶ δημοτικῶν σχολείων ἀμφοτέρων τῶν φύλων","Orthodox Christian Catechism, for use in civic and primary schools for both genders",σελ. 74,2.20,,
1904,IMG_1367.jpeg,Θρησκεία,Religion,Γ' ΚΑΤΗΧΗΣΕΙΣ,ΦΩΤΙΑΔΟΥ Φ.,FOTIADIS F.,Κατήχησις Ἱερὰ,Sacred Catechism,σελίδες 30,1.—,,
1904,IMG_1367.jpeg,Θρησκεία,Religion,Γ' ΚΑΤΗΧΗΣΕΙΣ,ΧΑΜΟΥΔΟΠΟΥΛΟΥ Μ. Δ.,CHAMOUDOPOULOS M. D.,Ὀρθόδοξος Χριστιανικὴ Κατήχησις,Orthodox Christian Catechism,"8ον, σελ. 112 +",7.20,,
1904,IMG_1367.jpeg,Θρησκεία,Religion,Δ' ΛΕΙΤΟΥΡΓΙΚΑ,ΚΟΦΙΝΙΩΤΟΥ Ε.,KOFINIOTIS E.,Λειτουργικὴ Ἱστορικός,Historical Liturgics,"8ον, σελίδες 64 +",7.20,,
1904,IMG_1367.jpeg,Θρησκεία,Religion,Δ' ΛΕΙΤΟΥΡΓΙΚΑ,ΜΕΛΙΣΣΟΠΟΥΛΟΥ Δ. Μ.,MELISSOPOULOS D. M.,Ἐγχειρίδιον Στοιχειώδους Λειτουργικῆς,Handbook of Elementary Liturgics,"8ον, σελίδες 42",1.20,,
1904,IMG_1367.jpeg,Θρησκεία,Religion,Δ' ΛΕΙΤΟΥΡΓΙΚΑ,ΜΕΣΟΛΩΡΑ Ι. Ε.,MESOLORAS I. E.,Λειτουργικῆς Ἔγχειρίδιον,Handbook of Liturgics,"8ον, σελ. 136 +",4.—,,
1904,IMG_1367.jpeg,Θρησκεία,Religion,Δ' ΛΕΙΤΟΥΡΓΙΚΑ,ΠΑΛΑΜΑ ΓΡ.,PALAMAS GR.,Λειτουργικὴ (μικρά),Liturgics (small),σελίδες 96,3.—,,
1904,IMG_1367.jpeg,Θρησκεία,Religion,Γ' ΚΑΤΗΧΗΣΕΙΣ,ΒΕΡΝΑΡΔΑΚΗ Δ. Ν.,VERNARDAKIS D. N.,Κατήχησις Ἱερὰ (μικρά),Sacred Catechism (small),σελίδες 48,0.30,,
1904,IMG_1367.jpeg,Θρησκεία,Religion,Γ' ΚΑΤΗΧΗΣΕΙΣ,ΜΕΣΟΛΩΡΑ Ι. Ε.,MESOLORAS I. E.,Κατήχησις,Catechism,σ. 88,5.—,,
1904,IMG_1367.jpeg,Θρησκεία,Religion,Γ' ΚΑΤΗΧΗΣΕΙΣ,ΒΑΦΕΙΔΟΥ Κ.,VAFEIDIS K.,"Κατήχησις Ἱερὰ, Κύκλος Β'","Sacred Catechism, Cycle B",σελίδες 87,2.20,,
1904,IMG_1367.jpeg,Θρησκεία,Religion,,ΜΟΣΧΑΚΗ ΙΓΝ.,MOSCHAKIS IGN.,Ἱστορία Ἱερὰ τῆς Καινῆς Διαθήκης,Sacred History of the New Testament,σελ. 88+,2.—,,
1904,IMG_1367.jpeg,Θρησκεία,Religion,Γ' ΚΑΤΗΧΗΣΕΙΣ,ΒΑΦΕΙΔΟΥ Κ.,VAFEIDIS K.,Κατήχησις Ἱερὰ (μεσαία),Sacred Catechism (medium),σελίδες 85,1.20,,
1904,IMG_1367.jpeg,Θρησκεία,Religion,Γ' ΚΑΤΗΧΗΣΕΙΣ,ΒΑΦΕΙΔΟΥ Κ.,VAFEIDIS K.,"Κατήχησις Ἱερὰ, Κύκλος Α'","Sacred Catechism, Cycle A",σελίδες 47,1.—,,
1904,IMG_1367.jpeg,Θρησκεία,Religion,,ΜΙΣΙΤΗ Δ.,MISITIS D.,"Ἱστορίας Ἱερᾶς Σύνοψις, εἰς τεύχη τρία. Τεῦχος Α'","Synopsis of Sacred History, in three volumes. Volume A",σελ. 52,1.20,,
1904,IMG_1367.jpeg,Θρησκεία,Religion,,ΜΙΣΙΤΗ Δ.,MISITIS D.,"Ἱστορίας Ἱερᾶς Σύνοψις, εἰς τεύχη τρία. Τεῦχος Β'","Synopsis of Sacred History, in three volumes. Volume B",σελ. 88,2.20,,
1904,IMG_1367.jpeg,Θρησκεία,Religion,,ΜΙΣΙΤΗ Δ.,MISITIS D.,"Ἱστορίας Ἱερᾶς Σύνοψις, εἰς τεύχη τρία. Τεῦχος Γ'","Synopsis of Sacred History, in three volumes. Volume C",σελ. 95,3.—,,
1904,IMG_1367.jpeg,Θρησκεία,Religion,,ΜΟΣΧΑΚΗ ΙΓΝ.,MOSCHAKIS IGN.,Ἱστορία Ἱερὰ τῆς Παλαιᾶς Διαθήκης,Sacred History of the Old Testament,σελ. 76+,2.—,,
1904,IMG_1367.jpeg,Θρησκεία,Religion,,ΜΑΡΑΤΟΥ ΣΠ.,MARATOS SP.,Ἱστορία Ἱερὰ τῆς Παλαιᾶς Διαθήκης,Sacred History of the Old Testament,"12ον, σελ. 128",1.20,,
1904,IMG_1367.jpeg,Θρησκεία,Religion,,ΠΑΛΑΙΜΑ ΓΡ.,PALAIMAS GR.,Ἱστορία Ἱερὰ τῆς Παλαιᾶς Διαθήκης,Sacred History of the Old Testament,"8ον, σ. 135",5.—,,
1904,IMG_1367.jpeg,Θρησκεία,Religion,,ΠΑΝΤΑΖΗ Δ.,PANTAZIS D.,Ἱστορία Ἱερὰ κατ' ἐπιτομήν,Abridged Sacred History,σελ. 201,2.—,,
1904,IMG_1367.jpeg,Θρησκεία,Religion,,ΠΑΝΤΑΖΗ Δ.,PANTAZIS D.,"Ἱστορία Ἱερὰ τῆς Παλαιᾶς καὶ Νέας Διαθήκης, μετὰ 24 εἰκόνων","Sacred History of the Old and New Testament, with 24 illustrations",σελίδες 89,1.—,,
1904,IMG_1367.jpeg,Θρησκεία,Religion,,ΣΕΡΓΙΛΙΔΟΥ Σ. Ε.,SERGILIDIS S. E.,"Ἱερὰ Ἱστορία, μετὰ ῥητῶν, τροπαρίων καὶ προσευχῶν... εἰς τεύχη τρία μετ' εἰκόνων. Τεῦχος Α'","Sacred History, with maxims, hymns and prayers... in three volumes with illustrations. Volume A",σελ. 56,1.20,,
1904,IMG_1367.jpeg,Θρησκεία,Religion,,ΣΕΡΓΙΛΙΔΟΥ Σ. Ε.,SERGILIDIS S. E.,"Ἱερὰ Ἱστορία... Τεῦχος Β', Π. Διαθήκη","Sacred History... Volume B, Old Testament",σελ. 135,2.20,,
1904,IMG_1367.jpeg,Θρησκεία,Religion,,ΣΕΡΓΙΛΙΔΟΥ Σ. Ε.,SERGILIDIS S. E.,"Ἱερὰ Ἱστορία... Τεῦχος Γ', Κ. Διαθήκη","Sacred History... Volume C, New Testament",σελ. 127,3.—,,
1904,IMG_1367.jpeg,Θρησκεία,Religion,,ΞΑΝΘΗ Β. Δ.,XANTHIS V. D.,Ἱστορίας Ἱερᾶς Ἐπιτομή,Epitome of Sacred History,σελίδες 128,1.20,,
1904,IMG_1367.jpeg,Θρησκεία,Religion,,ΣΟΥΡΛΑ Π.,SOURLAS P.,"Ἱστορία Ἱερὰ... Τεῦχος Β', μετ' εἰκόνων","Sacred History... Volume B, illustrated",σ. 164,3.20,,
1904,IMG_1367.jpeg,Θρησκεία,Religion,Γ' ΚΑΤΗΧΗΣΕΙΣ,ΒΑΦΕΙΔΟΥ Κ.,VAFEIDIS K.,Κατήχησις Ἱερὰ (μικρά),Sacred Catechism (small),σελίδες 47,1.20,,
1904,IMG_1367.jpeg,Θρησκεία,Religion,,ΣΟΥΡΛΑ Π.,SOURLAS P.,"Ἱστορία Ἱερὰ, μετὰ ῥητῶν, τροπαρίων καὶ προσευχῶν... εἰς τεύχη δύο. Τεῦχος Α', μετ' εἰκόνων","Sacred History, with maxims, hymns and prayers... in two volumes. Volume A, illustrated",σ. 60,1.20,,
1904,IMG_1367.jpeg,Θρησκεία,Religion,,ΧΡΙΣΤΟΔΟΥΛΟΥ Κ.,CHRISTODOULOU K.,Περίληψις Ἱστορικὴ τοῦ Ἱεροῦ Εὐαγγελίου,Historical Summary of the Holy Gospel,σελ. 80,1.—,,
1904,IMG_1367.jpeg,Θρησκεία,Religion,,ΧΡΙΣΤΟΔΟΥΛΟΥ Κ.,CHRISTODOULOU K.,Περίληψις τῶν Ἱερῶν ἔχων τῶν ἁγ. Ἀποστόλων,Summary of the Acts of the Holy Apostles,σ. 45,1.—,,
1904,IMG_1367.jpeg,Θρησκεία,Religion,,ΧΑΜΟΥΔΟΠΟΥΛΟΥ Μ. Δ.,CHAMOUDOPOULOS M. D.,"Ἱερὰ Ἱστορία, ἐγκρίσει τῆς Ἱερᾶς Συνόδου τῆς Ἑλλάδος - Παλαιὰ Διαθήκη","Sacred History, approved by the Holy Synod of Greece - Old Testament",σελ. 183 +,2.—,,
1904,IMG_1367.jpeg,Θρησκεία,Religion,,ΧΑΜΟΥΔΟΠΟΥΛΟΥ Μ. Δ.,CHAMOUDOPOULOS M. D.,"Ἱερὰ Ἱστορία, ἐγκρίσει τῆς Ἱερᾶς Συνόδου τῆς Ἑλλάδος - Καινὴ Διαθήκη","Sacred History, approved by the Holy Synod of Greece - New Testament",σελ. 180 +,2.—,,
1904,IMG_1367.jpeg,Θρησκεία,Religion,,ΤΣΙΑΚΑ Γ.,TSIAKAS G.,"Ἱστορία Ἱερὰ, μετὰ ῥητῶν καὶ εἰκόνων. Κύκλος Γ', Ἡμικύκλιον Β': Ἱστοριολογίον","Sacred History, with maxims and illustrations. Cycle C, Hemicycle B: Historiologion",σελ. 52 +,1.10,,
1904,IMG_1367.jpeg,Θρησκεία,Religion,,ΤΣΙΑΚΑ Γ.,TSIAKAS G.,"Ἱστορία Ἱερὰ, μετὰ ῥητῶν καὶ εἰκόνων. Κύκλος Γ', Ἡμικύκλιον Α': Παλαιὰ Διαθήκη","Sacred History, with maxims and illustrations. Cycle C, Hemicycle A: Old Testament",σελ. 128+,2.20,,
1904,IMG_1367.jpeg,Θρησκεία,Religion,,ΤΣΙΑΚΑ Γ.,TSIAKAS G.,"Ἱστορία Ἱερὰ, μετὰ ῥητῶν καὶ εἰκόνων. Κύκλος Β'","Sacred History, with maxims and illustrations. Cycle B",σελ. 110,1.20,,
1904,IMG_1367.jpeg,Θρησκεία,Religion,,ΤΣΙΑΚΑ Γ.,TSIAKAS G.,"Ἱστορία Ἱερὰ, μετὰ ῥητῶν καὶ εἰκόνων. Κύκλος Α'","Sacred History, with maxims and illustrations. Cycle A",σελ. 48,1.—,,
1904,IMG_1367.jpeg,Θρησκεία,Religion,,ΦΛΕΡΥ ΙΑΚΩΒ.,FLEURY JACOB,"Ἱερὰ Ἱστορία διηγημένη εἰς τὰ παιδιά, ἐκ τοῦ γαλλικοῦ ὑπὸ Ε. Δ. Σίμου","Sacred History told to children, translated from French by E. D. Simos","12ον, σελ. 6'-328",10.—,,χαρτόδ.
1904,IMG_1368.jpeg,Ἑλληνικὴ Γλῶσσα,Greek Language,Β΄ ΑΝΑΓΝΩΣΜΑΤΑΡΙΑ,,,"Χρηστομάθεια τῶν Δημοτικῶν Σχολείων, Τεῦχος Β΄","Chrestomathy of Elementary Schools, Part 2",σελ. 46,2.—,,
1904,IMG_1368.jpeg,Ἑλληνικὴ Γλῶσσα,Greek Language,Β΄ ΑΝΑΓΝΩΣΜΑΤΑΡΙΑ,ΑΡΙΣΤΟΚΛΕΟΥΣ Ι.,Aristokleous I.,"Ἠθικὴ Πρακτική, Κύκλος Β΄","Practical Ethics, Cycle 2",σελ. 166,4.—,,
1904,IMG_1368.jpeg,Ἑλληνικὴ Γλῶσσα,Greek Language,Β΄ ΑΝΑΓΝΩΣΜΑΤΑΡΙΑ,,,"Χρηστομάθεια τῶν Δημοτικῶν Σχολείων, Τεῦχος Γ΄","Chrestomathy of Elementary Schools, Part 3",σελ. 80,3.—,,
1904,IMG_1368.jpeg,Ἑλληνικὴ Γλῶσσα,Greek Language,Β΄ ΑΝΑΓΝΩΣΜΑΤΑΡΙΑ,,,"Χρηστομάθεια τῶν Δημοτικῶν Σχολείων, Τεῦχος Α΄","Chrestomathy of Elementary Schools, Part 1",σελ. 59,2.—,,
1904,IMG_1368.jpeg,Ἑλληνικὴ Γλῶσσα,Greek Language,Β΄ ΑΝΑΓΝΩΣΜΑΤΑΡΙΑ,ΑΡΙΣΤΟΚΛΕΟΥΣ Ι.,Aristokleous I.,"Ἠθικὴ Πρακτική, Κύκλος Α΄","Practical Ethics, Cycle 1",σελ. 76,2.—,,
1904,IMG_1368.jpeg,Ἑλληνικὴ Γλῶσσα,Greek Language,Β΄ ΑΝΑΓΝΩΣΜΑΤΑΡΙΑ,"ΑΘΑΝΑΣΙΑΔΟΥ Α., ΑΡΒΑΝΙΤΑΚΗ Ι., ΔΗΜΗΤΡΙΑΔΟΥ Ι.","Athanasiadis A., Arvanitakis I., Dimitriadis I.","Ἐκλογὴ Ἀναγνωσμάτων, Τεῦχος Α΄","Selection of Readings, Part 1",σελ. 64,1.20,,
1904,IMG_1368.jpeg,Ἑλληνικὴ Γλῶσσα,Greek Language,Β΄ ΑΝΑΓΝΩΣΜΑΤΑΡΙΑ,"ΑΘΑΝΑΣΙΑΔΟΥ Α., ΑΡΒΑΝΙΤΑΚΗ Ι., ΔΗΜΗΤΡΙΑΔΟΥ Ι.","Athanasiadis A., Arvanitakis I., Dimitriadis I.","Ἐκλογὴ Ἀναγνωσμάτων, Τεῦχος Δ΄","Selection of Readings, Part 4",σελ. 207,4.—,,
1904,IMG_1368.jpeg,Ἑλληνικὴ Γλῶσσα,Greek Language,Β΄ ΑΝΑΓΝΩΣΜΑΤΑΡΙΑ,"ΑΘΑΝΑΣΙΑΔΟΥ Α., ΑΡΒΑΝΙΤΑΚΗ Ι., ΔΗΜΗΤΡΙΑΔΟΥ Ι.","Athanasiadis A., Arvanitakis I., Dimitriadis I.","Ἐκλογὴ Ἀναγνωσμάτων, Τεῦχος Γ΄","Selection of Readings, Part 3",σελ. 176,3.20,,
1904,IMG_1368.jpeg,Ἑλληνικὴ Γλῶσσα,Greek Language,Β΄ ΑΝΑΓΝΩΣΜΑΤΑΡΙΑ,"ΑΘΑΝΑΣΙΑΔΟΥ Α., ΑΡΒΑΝΙΤΑΚΗ Ι., ΔΗΜΗΤΡΙΑΔΟΥ Ι.","Athanasiadis A., Arvanitakis I., Dimitriadis I.","Ἐκλογὴ Ἀναγνωσμάτων, Τεῦχος Β΄","Selection of Readings, Part 2",σελ. 87,1.20,,
1904,IMG_1368.jpeg,Ἑλληνικὴ Γλῶσσα,Greek Language,Α΄ ΑΛΦΑΒΗΤΑΡΙΑ,ΣΙΟΡΔΕΛΗ ΒΛ. Γ.,Siordelis Vl. G.,Ἀλφαβητάριον καὶ Ἀναγνωσματάριον,Alphabet Book and Reader,σελ. 92,1.—,,
1904,IMG_1368.jpeg,Ἑλληνικὴ Γλῶσσα,Greek Language,Β΄ ΑΝΑΓΝΩΣΜΑΤΑΡΙΑ,,,"Χρηστομάθεια τῶν Δημοτικῶν Σχολείων, Τεῦχος Δ΄","Chrestomathy of Elementary Schools, Part 4",σελ. 92,3.—,,
1904,IMG_1368.jpeg,Ἑλληνικὴ Γλῶσσα,Greek Language,Β΄ ΑΝΑΓΝΩΣΜΑΤΑΡΙΑ,ΑΝΑΣΤΑΣΟΠΟΥΛΟΥ Α.,Anastasopoulos A.,Βιβλίον Παιδικὸν,Children's Book,σελ. 224,5.—,,
1904,IMG_1368.jpeg,Ἑλληνικὴ Γλῶσσα,Greek Language,Β΄ ΑΝΑΓΝΩΣΜΑΤΑΡΙΑ,,,"Χρηστομάθεια τῶν Δημοτικῶν Σχολείων, Τεῦχος Ε΄","Chrestomathy of Elementary Schools, Part 5",σελ. 96,3.—,,
1904,IMG_1368.jpeg,Ἑλληνικὴ Γλῶσσα,Greek Language,,,,"Ἔτος α΄, Τεῦχος Β΄","Year 1, Part 2",σελ. 120,3.—,,
1904,IMG_1368.jpeg,Ἑλληνικὴ Γλῶσσα,Greek Language,,ΑΓΓΕΛΟΠΟΥΛΟΥ Μ.,Angelopoulos M.,"Μητρικὴ Γλῶσσα, Τεῦχος Α΄","Mother Tongue, Part 1",σελ. 120,3.—,,
1904,IMG_1368.jpeg,Ἑλληνικὴ Γλῶσσα,Greek Language,,,,Ροβινσὼν Κροῦσος,Robinson Crusoe,σελ. 208,5.—,,
1904,IMG_1368.jpeg,Ἑλληνικὴ Γλῶσσα,Greek Language,,ΒΑΛΑΒΑΝΗ ΙΩΑΝΝΟΥ,Valavanis Ioannis,Ἀναγνωσματάριον,Reader,σελ. 63,3.—,,
1904,IMG_1368.jpeg,Ἑλληνικὴ Γλῶσσα,Greek Language,,,,"Νεοελληνικὴ Χρηστομάθεια, Τόμος Α΄","Modern Greek Chrestomathy, Volume 1",σ. 224,5.—,,
1904,IMG_1368.jpeg,Ἑλληνικὴ Γλῶσσα,Greek Language,,,,"Νεοελληνικὴ Χρηστομάθεια, Τόμος Γ΄","Modern Greek Chrestomathy, Volume 3",σ. 212,5.—,,
1904,IMG_1368.jpeg,Ἑλληνικὴ Γλῶσσα,Greek Language,,ΒΑΛΣΑΜΟΥ ΑΜΑΛ.,Valsamos Amal.,"Παιδικὰ Ἀναγνώσματα, Τόμος Α΄","Children's Readings, Volume 1",σ. 32,1.—,,
1904,IMG_1368.jpeg,Ἑλληνικὴ Γλῶσσα,Greek Language,,ΒΑΜΠΑ Α.,Vampas A.,Μικρὰ Ἀλάσση,Little Alassi,σελ. 180,5.—,,
1904,IMG_1368.jpeg,Ἑλληνικὴ Γλῶσσα,Greek Language,,,,Μαργαριταρένιος Σταυρός,Pearly Cross,σελ. 180,5.—,,
1904,IMG_1368.jpeg,Ἑλληνικὴ Γλῶσσα,Greek Language,,ΒΑΣΙΛΕΙΟΥ ΙΩΑΝΝΟΥ,Vasileiou Ioannis,Ἀνθολογία τῶν Κορασίων,Anthology for Young Girls,,1.—,,
1904,IMG_1368.jpeg,Ἑλληνικὴ Γλῶσσα,Greek Language,,,,"Ἔτος α΄, Τεῦχος Α΄","Year 1, Part 1",σελ. 47,1.—,,
1904,IMG_1368.jpeg,Ἑλληνικὴ Γλῶσσα,Greek Language,Α΄ ΑΛΦΑΒΗΤΑΡΙΑ,ΠΟΛΙΤΟΥ Χ.,Politis Ch.,Ἀλφαβητάριον νέον,New Alphabet Book,σελ. 55,1.—,,
1904,IMG_1368.jpeg,Ἑλληνικὴ Γλῶσσα,Greek Language,,,,"Ἔτος α΄, Τεῦχος Γ΄","Year 1, Part 3",σελ. 153,4.—,,
1904,IMG_1368.jpeg,Ἑλληνικὴ Γλῶσσα,Greek Language,,,,"Ἔτος α΄, Τεῦχος Δ΄","Year 1, Part 4",σελ. 176,5.—,,
1904,IMG_1368.jpeg,Ἑλληνικὴ Γλῶσσα,Greek Language,,ΑΒΡΑΜΙΔΟΥ,Avramidou,"Διὰ τοῦ Πάσχα, διήγημα","Through Easter, a short story",σ. 44,0.20,,
1904,IMG_1368.jpeg,Ἑλληνικὴ Γλῶσσα,Greek Language,Α΄ ΑΛΦΑΒΗΤΑΡΙΑ,ΠΟΛΙΤΟΥ Χ.,Politis Ch.,Ἀλφαβητάριον νέον,New Alphabet Book,σελ. 78,1.—,,
1904,IMG_1368.jpeg,Ἑλληνικὴ Γλῶσσα,Greek Language,,,,"Νεοελληνικὴ Χρηστομάθεια, Τόμος Β΄","Modern Greek Chrestomathy, Volume 2",σ. 212,5.—,,
1904,IMG_1368.jpeg,Ἑλληνικὴ Γλῶσσα,Greek Language,Α΄ ΑΛΦΑΒΗΤΑΡΙΑ,ΚΩΝΣΤΑΝΤΙΝΟΥ Γ.,Konstantinou G.,Ἀλφαβητάριον,Alphabet Book,σελ. 16,0.10,,
1904,IMG_1368.jpeg,Ε΄ ΕΚΚΛΗΣΙΑΣΤΙΚΗ ΙΣΤΟΡΙΑ,5. Ecclesiastical History,,ΘΕΟΤΟΚΑ ΓΕΡΜΑΝΟΥ,Theotokas Germanos,Στοιχειώδης Ὀρθόδοξος Ἐκκλησιαστικὴ Ἱστορία ἀπὸ τῆς ἱδρύσεως τῆς Ἐκκλησίας μέχρι τῶν καθ' ἡμᾶς χρόνων,Elementary Orthodox Ecclesiastical History from the Foundation of the Church to Our Times,σελ. 61,3.—,,μητροπολίτου Ὕδρας καὶ Καλύμνου
1904,IMG_1368.jpeg,Ε΄ ΕΚΚΛΗΣΙΑΣΤΙΚΗ ΙΣΤΟΡΙΑ,5. Ecclesiastical History,,ΚΡΗΤΙΚΟΥ Α. Δ.,Kritikos A. D.,Ἱστορία Ἐκκλησιαστικὴ,Ecclesiastical History,σελ. 127,2.—,,
1904,IMG_1368.jpeg,Ε΄ ΕΚΚΛΗΣΙΑΣΤΙΚΗ ΙΣΤΟΡΙΑ,5. Ecclesiastical History,,ΛΕΩΝΙΔΑ Χ.,Leonidas Ch.,Ἐκκλησιαστικὴ Ἱστορία,Ecclesiastical History,σελ. 97,5.—,,
1904,IMG_1368.jpeg,Ε΄ ΕΚΚΛΗΣΙΑΣΤΙΚΗ ΙΣΤΟΡΙΑ,5. Ecclesiastical History,,ΠΑΝΤΑΖΙΔΟΥ ΧΡ.,Pantazidis Chr.,Ἱστορία Ἐκκλησιαστικὴ Βιογραφική,Biographical Ecclesiastical History,σελ. 72,4.—,,
1904,IMG_1368.jpeg,Ε΄ ΕΚΚΛΗΣΙΑΣΤΙΚΗ ΙΣΤΟΡΙΑ,5. Ecclesiastical History,,ΠΑΡΙΣΗ Κ. Σ.,Parisis K. S.,Ἱστορία Ἐκκλησιαστικὴ,Ecclesiastical History,σελ. 187,5.—,,
1904,IMG_1368.jpeg,Ζ΄ ΕΙΣΑΓΩΓΑΙ ΕΙΣ ΤΗΝ ΑΓ. ΓΡΑΦΗΝ,7. Introductions to Holy Scripture,,ΠΑΡΙΣΗ Κ. Σ.,Parisis K. S.,Εἰσαγωγὴ εἰς τὴν Ἁγίαν Γραφήν,Introduction to the Holy Scripture,σελ. 120,5.—,,
1904,IMG_1368.jpeg,Η΄ ΧΡΙΣΤΙΑΝΙΚΑΙ ΔΙΔΑΣΚΑΛΙΑΙ,8. Christian Teachings,,ΔΡΑΚΟΝΤΙΔΟΥ ΧΡ. Ν.,Drakontidis Chr. N.,Ἐλαφρυαὶ Διδασκαλίαι,Light Teachings,σελ. 120,5.—,,
1904,IMG_1368.jpeg,Η΄ ΧΡΙΣΤΙΑΝΙΚΑΙ ΔΙΔΑΣΚΑΛΙΑΙ,8. Christian Teachings,,ΙΩΑΝΝΙΔΟΥ Χ.,Ioannidis Ch.,Συνοπτικὴ Διδασκαλία,Concise Teaching,σελ. 96,6.—,,
1904,IMG_1368.jpeg,Η΄ ΧΡΙΣΤΙΑΝΙΚΑΙ ΔΙΔΑΣΚΑΛΙΑΙ,8. Christian Teachings,,ΚΑΡΤΑΛΗ Γ.,Kartalis G.,Στοιχειώδης Διδασκαλία τῆς Ὀρθοδόξου Ἀνατολικῆς Ἐκκλησίας,Elementary Teaching of the Orthodox Eastern Church,σελ. 112,4.—,,
1904,IMG_1368.jpeg,Θ΄ ΧΡΙΣΤΙΑΝΙΚΗ ΗΘΙΚΗ,9. Christian Ethics,,ΘΕΟΤΟΚΑ ΓΕΡΜΑΝΟΥ,Theotokas Germanos,Ἠθικὴ Χριστιανικὴ,Christian Ethics,σελ. 92,5.—,,μητροπολίτου Ὕδρας καὶ Καλύμνου
1904,IMG_1368.jpeg,Θ΄ ΧΡΙΣΤΙΑΝΙΚΗ ΗΘΙΚΗ,9. Christian Ethics,,ΠΡΟΤΟΠΑΠΑΔΑΚΗ ΑΝ.,Protopapadakis An.,Ἠθικὴ Χριστιανική,Christian Ethics,σελ. 95,5.—,,
1904,IMG_1368.jpeg,Ι΄ ΕΡΜΗΝΕΙAΙ ΕΥΑΓΓΕΛΙΩΝ,10. Gospel Interpretations,,ΔΕΛΙΚΑΝΗ ΚΑΛΛΙΝΙΚΟΥ,Delikanis Kallinikos,Ἑρμηνεία τῶν Αὐτοκρατορικῶν Εὐαγγελίων,Interpretation of the Imperial Gospels,σελ. 256,7.20,,ἀρχιμ.
1904,IMG_1368.jpeg,Ι΄ ΕΡΜΗΝΕΙAΙ ΕΥΑΓΓΕΛΙΩΝ,10. Gospel Interpretations,,ΜΕΛΑ ΛΕΟΝΤΟΣ,Melas Leon,Ὁμιλίαι Ἠθικαὶ ἐπὶ τῶν Κυριακῶν Εὐαγγελίων,Moral Homilies on the Sunday Gospels,σελ. 268,3.—,,
1904,IMG_1368.jpeg,Ε΄ ΕΚΚΛΗΣΙΑΣΤΙΚΗ ΙΣΤΟΡΙΑ,5. Ecclesiastical History,,ΠΑΡΙΣΗ Κ. Σ.,Parisis K. S.,Ἱστορία Ἐκκλησιαστικὴ Βιογραφικὴ,Biographical Ecclesiastical History,σελ. 152,5.—,,
1904,IMG_1368.jpeg,Γ΄ ΓΕΩΓΡΑΦΙΑ ΤΗΣ ΑΓΙΑΣ ΓΗΣ,3. Geography of the Holy Land,,ΠΑΝΤΑΖΗ Δ.,Pantazis D.,Γεωγραφία Ἱερᾶς Ἐπιστολῆς,Geography of the Sacred Epistle,σελ. 20,1.—,,
1904,IMG_1368.jpeg,Ι΄ ΕΡΜΗΝΕΙAΙ ΕΥΑΓΓΕΛΙΩΝ,10. Gospel Interpretations,,ΜΕΣΟΛΩΡΑ Ι. Ε.,Mesoloras I. E.,Κείμενον καὶ Ἑρμηνεία τῶν κατὰ Κυριακὴν ἀναγινωσκομένων Εὐαγγελίων,Text and Interpretation of the Gospels Read on Sundays,σ. 208,7.20,,
1904,IMG_1368.jpeg,Ἑλληνικὴ Γλῶσσα,Greek Language,Α΄ ΑΛΦΑΒΗΤΑΡΙΑ,ΚΟΥΡΤΙΔΟΥ Κ. καὶ ΚΩΝΣΤΑΝΤΙΝΙΔΟΥ,Kourtidis K. and Konstantinidis,Ἀλφαβητάριον,Alphabet Book,σελ. 112,1.20,,
1904,IMG_1368.jpeg,Ἑλληνικὴ Γλῶσσα,Greek Language,Α΄ ΑΛΦΑΒΗΤΑΡΙΑ,,,Συλλαβιστάριον,Spelling Book,σελ. 34,0.30,,
1904,IMG_1368.jpeg,Ἑλληνικὴ Γλῶσσα,Greek Language,Α΄ ΑΛΦΑΒΗΤΑΡΙΑ,ΚΟΡΩΝΗ Δ. Α.,Koronis D. A.,"Ἀλφαβητάριον, Μέρος Β΄","Alphabet Book, Part 2",σελ. 30,0.30,,
1904,IMG_1368.jpeg,Ἑλληνικὴ Γλῶσσα,Greek Language,Α΄ ΑΛΦΑΒΗΤΑΡΙΑ,ΚΟΡΩΝΗ Δ. Α.,Koronis D. A.,"Ἀλφαβητάριον, Μέρος Α΄","Alphabet Book, Part 1",σελ. 40,0.20,,
1904,IMG_1368.jpeg,Β΄ ΕΛΛΗΝΙΚΗ ΓΛΩΣΣΑ,2. Greek Language,Α΄ ΑΛΦΑΒΗΤΑΡΙΑ,,,Πινακίδες ἢ Νέον Ἀλφαβητάριον,Writing Tablets or New Alphabet Book,,0.20,,
1904,IMG_1368.jpeg,Ἑλληνικὴ Γλῶσσα,Greek Language,Α΄ ΑΛΦΑΒΗΤΑΡΙΑ,ΜΑΡΟΥΛΗ Κ. Ι.,Maroulis K. I.,Ἀλφαβητάριον,Alphabet Book,σελ. 64,0.20,,
1904,IMG_1368.jpeg,Β΄ ΕΛΛΗΝΙΚΗ ΓΛΩΣΣΑ,2. Greek Language,Α΄ ΑΛΦΑΒΗΤΑΡΙΑ,ΘΕΟΔΟΤΟΥ Δ.,Theodotou D.,Ἀλφαβητάριον,Alphabet Book,σελ. 112,1.—,,
1904,IMG_1368.jpeg,Β΄ ΕΛΛΗΝΙΚΗ ΓΛΩΣΣΑ,2. Greek Language,Α΄ ΑΛΦΑΒΗΤΑΡΙΑ,Β. Κ.,V. K.,"Ἀλφαβητάριον, μέγα","Alphabet Book, large",σελ. 64,0.20,,
1904,IMG_1368.jpeg,Β΄ ΕΛΛΗΝΙΚΗ ΓΛΩΣΣΑ,2. Greek Language,Α΄ ΑΛΦΑΒΗΤΑΡΙΑ,Β. Κ.,V. K.,"Ἀλφαβητάριον, μικρόν","Alphabet Book, small",σελ. 31,0.10,,
1904,IMG_1368.jpeg,Γ΄ ΓΕΩΓΡΑΦΙΑ ΤΗΣ ΑΓΙΑΣ ΓΗΣ,3. Geography of the Holy Land,,ΣΜΑΡΤΙΔΟΥ ΧΡ.,Smartidis Chr.,Γεωγραφία τῆς Ἁγίας Γῆς,Geography of the Holy Land,σελ. 121,2.20,,
1904,IMG_1368.jpeg,Γ΄ ΓΕΩΓΡΑΦΙΑ ΤΗΣ ΑΓΙΑΣ ΓΗΣ,3. Geography of the Holy Land,,ΠΑΡΙΣΗ Κ. Σ.,Parisis K. S.,Γεωγραφία τῆς Παλαιστίνης,Geography of Palestine,σελ. 36,2.20,,
1904,IMG_1368.jpeg,Β΄ ΕΛΛΗΝΙΚΗ ΓΛΩΣΣΑ,2. Greek Language,Α΄ ΑΛΦΑΒΗΤΑΡΙΑ,ΚΟΚΚΙΝΗ Ι. Π.,Kokkinis I. P.,Ἀλφαβητάριον,Alphabet Book,σελ. 31,0.10,,
1904,IMG_1369.jpeg,Ἑλληνικὴ Γλῶσσα,Greek Language,,ΒΡΟΥΝΑ,Vrouna,"Βιβλίον Πρώτον Ἀναγνώσεως καί Διδασκαλίας, μετά 70 εἰκόνων","First Book of Reading and Instruction, with 70 illustrations",σελίδες 150+,5.—,,
1904,IMG_1369.jpeg,Ἑλληνικὴ Γλῶσσα,Greek Language,,ΓΑΛΑΝΗ ΕΜΜ.,Galanis Emm.,"Περιλήψεις τοῦ Αἰνείου, Ὀδυσσέως, Α' + Β'","Summaries of Aeneas, Odysseus, Vol A' + B'",σελ. 214,4.—,,
1904,IMG_1369.jpeg,Ἑλληνικὴ Γλῶσσα,Greek Language,,ΓΑΛΑΝΗ ΕΜΜ.,Galanis Emm.,"Περιλήψεις τοῦ Αἰνείου, κατά Γ' Σέξτον","Summaries of Aeneas, according to Sextus",σελ. 147+,5.—,,
1904,IMG_1369.jpeg,Ἑλληνικὴ Γλῶσσα,Greek Language,,ΓΕΝΝΑΔΙΟΥ Γ.,Gennadios G.,Πρώτη Τροφή τοῦ Νοός,First Food for the Mind,σελίδες 128,2.—,,
1904,IMG_1369.jpeg,Ἑλληνικὴ Γλῶσσα,Greek Language,,ΓΕΩΡΓΑΛΑ Κ. Γ.,Georgalas K. G.,"Ἀναγνώσματα, ἔτους σχολικοῦ Α', τεῦχος α'","Readings, School Year 1, Part A",σελ. 68,1.20,,"New edition of 1897, revised"
1904,IMG_1369.jpeg,Ἑλληνικὴ Γλῶσσα,Greek Language,,ΓΕΩΡΓΑΛΑ Κ. Γ.,Georgalas K. G.,"Ἀναγνώσματα, ἔτους σχολικοῦ Β', τεῦχος β'","Readings, School Year 2, Part B",σελ. 79,1.20,,
1904,IMG_1369.jpeg,Ἑλληνικὴ Γλῶσσα,Greek Language,,ΓΕΩΡΓΑΛΑ Κ. Γ.,Georgalas K. G.,"Ἀναγνώσματα, ἔτους σχολικοῦ Γ', τεῦχος γ'","Readings, School Year 3, Part C",σελ. 220,3.20,,
1904,IMG_1369.jpeg,Ἑλληνικὴ Γλῶσσα,Greek Language,,ΓΕΩΡΓΑΛΑ Κ. Γ.,Georgalas K. G.,"Ἀναγνώσματα, ἔτους σχολικοῦ Δ', τεῦχος δ'","Readings, School Year 4, Part D",σελ. 223,4.20,,
1904,IMG_1369.jpeg,Ἑλληνικὴ Γλῶσσα,Greek Language,,ΓΕΩΡΓΑΛΑ Κ. Γ.,Georgalas K. G.,"Ἀναγνώσματα, ἔτους σχολικοῦ Ε', τεῦχος ε'","Readings, School Year 5, Part E",σελ. 232,4.20,,
1904,IMG_1369.jpeg,Ἑλληνικὴ Γλῶσσα,Greek Language,,ΔΑΡΒΑΡΕΩΣ Δ. Ν.,Darvareos D. N.,Ἐκλογάριον τοῦ Δάσους,Selections from the Forest,σ. 16,0.20,,
1904,IMG_1369.jpeg,Ἑλληνικὴ Γλῶσσα,Greek Language,,ΔΑΡΒΑΡΕΩΣ Δ. Ν.,Darvareos D. N.,Σοφίας Ἀπάνθισμα,Anthology of Wisdom,σελίδες 150,4.—,,
1904,IMG_1369.jpeg,Ἑλληνικὴ Γλῶσσα,Greek Language,,ΖΑΧΑΡΟΠΟΥΛΟΥ ΙΘ.,Zacharopoulos Ith.,Ὁ Παῖς,The Boy,σ. 112,3.—,,
1904,IMG_1369.jpeg,Ἑλληνικὴ Γλῶσσα,Greek Language,,ΚΟΓΚΟΥ Γ. Ι. καί ΙΜΛΙΟΥ Ι. Α.,Kogkos G. I. and Imlios I. A.,"Ἀναγνωστικόν, πρός χρῆσιν τῶν ἐν τοῖς δημοτικοῖς καί ἀστικοῖς σχολείοις διδασκομένων, ἔτος Α', τεῦχος α'","Reader for elementary and civic schools, Year 1, Part A",σ. 95,1.20,,
1904,IMG_1369.jpeg,Ἑλληνικὴ Γλῶσσα,Greek Language,,ΚΟΥΡΤΙΔΟΥ ΑΡ.,Kourtidos Ar.,Ἡρωϊκοί Χρόνοι τῆς Ἀρχαίας Ἑλλάδος,Heroic Times of Ancient Greece,σ. 160,1.20,,
1904,IMG_1369.jpeg,Ἑλληνικὴ Γλῶσσα,Greek Language,,ΜΙΣΤΡΙΩΤΗ Δ. Κ.,Mistriotis D. K.,"Πνευματική Τροφή τῶν Παίδων, ἔτος Α', τεῦχος α'","Spiritual Food for Children, Year 1, Part A",σελ. 72,1.20,,
1904,IMG_1369.jpeg,Ἑλληνικὴ Γλῶσσα,Greek Language,,ΜΟΣΤΡΑΤΟΥ Γ. Δ.,Mostratos G. D.,Ὀδύσσεια,Odyssey,σελ. 170,5.—,,Awarded in the Karpananeios competition of 1893
1904,IMG_1369.jpeg,Ἑλληνικὴ Γλῶσσα,Greek Language,,ΠΑΝΤΑΖΙΔ.,Pantazidis,Ταμεῖον Ὠφελίμων Γνώσεων,Treasury of Useful Knowledge,σελ. 120+,2.50,,
1904,IMG_1369.jpeg,Ἑλληνικὴ Γλῶσσα,Greek Language,,ΓΕΩΡΓΑΛΑ Κ. Γ.,Georgalas K. G.,"Ἀναγνώσματα, ἔτους σχολικοῦ ΣΤ', τεῦχος στ'","Readings, School Year 6, Part F",σελ. 256,5.—,,
1904,IMG_1369.jpeg,Ἑλληνικὴ Γλῶσσα,Greek Language,,ΚΩΝΣΤΑΝΤΙΝΙΔΟΥ ΧΡ.,Konstantinidos Chr.,"Ἤβη, παιδικά ἀναγνώσματα μετά 19 εἰκονογραφιῶν","Hebe, children's readings with 19 illustrations","8ον, σελ. 264",6.—,,
1904,IMG_1369.jpeg,Ἑλληνικὴ Γλῶσσα,Greek Language,,ΒΡΕΤΟΥ Ι. Α.,Vretos I. A.,Πτωχός Γέρων,The Poor Old Man,σελ. 94,1.20,,
1904,IMG_1369.jpeg,Ἑλληνικὴ Γλῶσσα,Greek Language,,ΒΡΕΤΟΥ Ι. Α.,Vretos I. A.,Παπᾶτος,Papatos,σελ. 144,1.20,,
1904,IMG_1369.jpeg,Ἑλληνικὴ Γλῶσσα,Greek Language,,ΒΡΕΤΟΥ Ι. Α.,Vretos I. A.,Συμβουλαί καί Γνῶσεις,Advice and Knowledge,σ. 80,2.—,,
1904,IMG_1369.jpeg,Ἑλληνικὴ Γλῶσσα,Greek Language,,ΒΛΕΧ Α.,Vlech A.,Βίου Παραλλήλων τοῦ Πλουτάρχου Ἐπιτομή,Abridgement of Plutarch's Parallel Lives,σελ. 184+,2.20,,
1904,IMG_1369.jpeg,Ἑλληνικὴ Γλῶσσα,Greek Language,,ΒΛΟΥΤΟΥ Κ.,Vloutos K.,"Ἀναγνωσματάριον ἐκ τῶν τοῦ Ἡροδότου, μετά εἰκόνων καί χαρτῶν, πρός χρῆσιν τῆς Δ' τάξεως τῶν δημοτικῶν σχολείων ἀρρένων καί θηλέων","Reader from Herodotus, with illustrations and maps, for the 4th grade of boys' and girls' elementary schools",σελ. 232,2.50,,
1904,IMG_1369.jpeg,Ἑλληνικὴ Γλῶσσα,Greek Language,,ΒΡΑΤΣΑΝΟΥ Μ.,Vratsanos M.,Παραμύθια Ἀδελφῶν Γρίμμ,Fairy Tales of the Brothers Grimm,σελίδες 80,1.—,,
1904,IMG_1369.jpeg,Ἑλληνικὴ Γλῶσσα,Greek Language,,ΒΡΕΤΟΥ Ι. Α.,Vretos I. A.,Ἀναγνώσματα,Readings,σ. 64,2.—,,
1904,IMG_1369.jpeg,Ἑλληνικὴ Γλῶσσα,Greek Language,,ΒΡΕΤΟΥ Ι. Α.,Vretos I. A.,Ἀνανθίσματα Ἱστορικά,Historical Selections,σελίδες 240,3.50,,
1904,IMG_1369.jpeg,Ἑλληνικὴ Γλῶσσα,Greek Language,,ΒΡΕΤΟΥ Ι. Α.,Vretos I. A.,Διδάσκαλος,Teacher,σελ. 64,2.—,,
1904,IMG_1369.jpeg,Ἑλληνικὴ Γλῶσσα,Greek Language,,ΒΡΕΤΟΥ Ι. Α.,Vretos I. A.,Διηγήματα Ἠθικά,Moral Stories,σ. 64,2.—,,
1904,IMG_1369.jpeg,Ἑλληνικὴ Γλῶσσα,Greek Language,,ΒΡΑΤΣΑΝΟΥ Μ.,Vratsanos M.,Ὅμηρου Ὀδύσσεια,Homer's Odyssey,σελίδες 288+,5.—,,
1904,IMG_1369.jpeg,Ἑλληνικὴ Γλῶσσα,Greek Language,,ΒΡΕΤΟΥ Ι. Α.,Vretos I. A.,Καλός πατήρ,The Good Father,σελ. 160,1.20,,
1904,IMG_1369.jpeg,Ἑλληνικὴ Γλῶσσα,Greek Language,,ΒΡΕΤΟΥ Ι. Α.,Vretos I. A.,Μάρμη,Marmi,σελ. 160,1.20,,
1904,IMG_1369.jpeg,Ἑλληνικὴ Γλῶσσα,Greek Language,,ΒΡΕΤΟΥ Ι. Α.,Vretos I. A.,Μικρά Μάρθα,Little Martha,σελ. 55,1.20,,
1904,IMG_1369.jpeg,Ἑλληνικὴ Γλῶσσα,Greek Language,,ΒΡΕΤΟΥ Ι. Α.,Vretos I. A.,Μικρά Ἑλένη,Little Helen,σελ. 51,1.—,,
1904,IMG_1369.jpeg,Ἑλληνικὴ Γλῶσσα,Greek Language,,ΒΡΕΤΟΥ Ι. Α.,Vretos I. A.,Μικρά Καλλιόπη,Little Calliope,σ. 64,1.—,,
1904,IMG_1369.jpeg,Ἑλληνικὴ Γλῶσσα,Greek Language,,ΒΡΕΤΟΥ Ι. Α.,Vretos I. A.,Μικρός Γεώργιος,Little George,σ. 60,1.—,,
1904,IMG_1369.jpeg,Ἑλληνικὴ Γλῶσσα,Greek Language,,ΒΡΕΤΟΥ Ι. Α.,Vretos I. A.,Μικρός Παῦλος,Little Paul,σελ. 54,1.—,,
1904,IMG_1369.jpeg,Ἑλληνικὴ Γλῶσσα,Greek Language,,ΒΡΕΤΟΥ Ι. Α.,Vretos I. A.,Ἑρμῆνις,Erminis,σελ. 64,1.—,,
1904,IMG_1369.jpeg,Ἑλληνικὴ Γλῶσσα,Greek Language,,ΒΡΕΤΟΥ Ι. Α.,Vretos I. A.,Μικρός Πέτρος,Little Peter,σελ. 128,1.20,,
1904,IMG_1370.jpeg,Ελληνική Γλώσσα,Greek Language,Γ΄ ΕΚΛΟΓΑΙ ΑΡΧΑΙΩΝ ΣΥΓΓΡΑΦΕΩΝ,ΒΑΛΑΒΑΝΗ ΙΩΑΚΕΙΜ,VALAVANI IOAKEIM,Ἐπεκτατέον Ἑλληνικὸν Γραμματεία - Τόμος Α΄,Extended Greek Literature - Volume 1,σελ. 156,5.—,,διὰ τὴν α΄ τάξιν τοῦ Σχολείου
1904,IMG_1370.jpeg,Ελληνική Γλώσσα,Greek Language,Γ΄ ΕΚΛΟΓΑΙ ΑΡΧΑΙΩΝ ΣΥΓΓΡΑΦΕΩΝ,ΑΝΤΩΝΙΑΔΟΥ Ι.,ANTONIADOU I.,"Χρηστομάθεια Ἑλληνική, μετὰ σχολίων καὶ λεξιλογίου. Τόμος Γ΄","Greek Chrestomathy, with commentary and vocabulary. Volume 3","8ον, σελ. 201+",7.—,,
1904,IMG_1370.jpeg,Ελληνική Γλώσσα,Greek Language,Γ΄ ΕΚΛΟΓΑΙ ΑΡΧΑΙΩΝ ΣΥΓΓΡΑΦΕΩΝ,ΑΝΤΩΝΙΑΔΟΥ Ι.,ANTONIADOU I.,"Χρηστομάθεια Ἑλληνική, μετὰ σχολίων καὶ λεξιλογίου. Τόμος Β΄","Greek Chrestomathy, with commentary and vocabulary. Volume 2","8ον, σελ. 96",3.—,,
1904,IMG_1370.jpeg,Ελληνική Γλώσσα,Greek Language,Γ΄ ΕΚΛΟΓΑΙ ΑΡΧΑΙΩΝ ΣΥΓΓΡΑΦΕΩΝ,ΑΝΤΩΝΙΑΔΟΥ Ι.,ANTONIADOU I.,"Χρηστομάθεια Ἑλληνική, μετὰ σχολίων καὶ λεξιλογίου. Τόμος Α΄","Greek Chrestomathy, with commentary and vocabulary. Volume 1","8ον, σελ. 187",3.—,,
1904,IMG_1370.jpeg,Ελληνική Γλώσσα,Greek Language,,ΨΑΡΑ Π.,PSARA P.,Ἀγγελόπουλος Παισαρετά,Angelopoulos Paisareta,σελίδες 52,1.—,,
1904,IMG_1370.jpeg,Ελληνική Γλώσσα,Greek Language,Βιβλιοθήκη Παιδική,ΣΤΕΛΙΑΝΙΔΟΥ Μ. Ν.,STELIANIDOU M. N.,"Ῥοβινσών, διασκευασθεὶς ἐκ τοῦ κειμένου τοῦ Campe","Robinson, adapted from Campe's text",σ. 143,3.—,,Ἐβραβεύθη ἐν τῷ Καραπανείῳ ἀγῶνι τοῦ Ἑλληνικοῦ Φιλολογικοῦ Συλλόγου Κων/πόλεως τῷ 1894
1904,IMG_1370.jpeg,Ελληνική Γλώσσα,Greek Language,,ΣΩΤΗΡΙΑΔΟΥ Β.,SOTIRIADOU V.,"Ὁ Παῖς ἐν τῷ οἴκῳ, ἤτοι Πρακτικὴ Ἠθική","The Child at Home, or Practical Ethics",σ. 152,3.—,,
1904,IMG_1370.jpeg,Ελληνική Γλώσσα,Greek Language,,ΣΟΑΒΙΟΥ Χρ.,SOAVIOU Chr.,Χρηστομάθεια,Chrestomathy,σ. 64,0.20,,
1904,IMG_1370.jpeg,Ελληνική Γλώσσα,Greek Language,,ΣΚΟΡΔΕΛΗ Βη.,SKORDELI Vi.,Ῥοβινσὼν ὁ Ἕλλην,Robinson the Greek,σελίδες 80,0.20,,
1904,IMG_1370.jpeg,Ελληνική Γλώσσα,Greek Language,Γ΄ ΕΚΛΟΓΑΙ ΑΡΧΑΙΩΝ ΣΥΓΓΡΑΦΕΩΝ,ΒΑΛΑΒΑΝΗ ΙΩΑΚΕΙΜ,VALAVANI IOAKEIM,Ἐπεκτατέον Ἑλληνικὸν Γραμματεία - Τόμος Β΄,Extended Greek Literature - Volume 2,σελ. η΄ + 263,6.—,,διὰ τὴν β΄ τάξιν τῶν Ἑλληνικῶν Σχολείων καὶ τὴν α΄ τῶν Γυμνασίων
1904,IMG_1370.jpeg,Ελληνική Γλώσσα,Greek Language,,ΧΡΗΣΤΙΔΟΥ Κ.,CHRISTIDOU K.,"Δύο Ἀδελφοί, διήγημα ἠθικόν","Two Brothers, a moral story",σελ. 64,1.—,,
1904,IMG_1370.jpeg,Ελληνική Γλώσσα,Greek Language,Γ΄ ΕΚΛΟΓΑΙ ΑΡΧΑΙΩΝ ΣΥΓΓΡΑΦΕΩΝ,ΒΑΛΑΒΑΝΗ ΙΩΑΚΕΙΜ,VALAVANI IOAKEIM,Ἐπεκτατέον Ἑλληνικὸν Γραμματεία - Τόμος Γ΄,Extended Greek Literature - Volume 3,σελ. ιβ΄ + 220,7.—,,διὰ τὴν γ΄ τάξιν τῶν Γυμνασίων
1904,IMG_1370.jpeg,Ελληνική Γλώσσα,Greek Language,,ΛΕΟΝΤΙΑΔΟΥ Σ. Κ.,LEONTIADOU S. K.,"Χρηστομάθεια Κορασιακή, πρὸς χρῆσιν τῶν Παρθεναγωγείων - Τόμος Α΄","Girls' Chrestomathy, for use in girls' schools - Volume 1",σ. 220,3.—,,
1904,IMG_1370.jpeg,Ελληνική Γλώσσα,Greek Language,Γ΄ ΕΚΛΟΓΑΙ ΑΡΧΑΙΩΝ ΣΥΓΓΡΑΦΕΩΝ,ΒΥΖΑΝΤΙΟΥ Σ. Δ. καὶ ΡΑΓΚΑΒΗ Α. Ρ.,BYZANTIOU S. D. kai RANGAVI A. R.,Ἑλληνικὴ Χρηστομάθεια. Τόμος Β΄,Greek Chrestomathy. Volume 2,"8ον, σελ. 286+",6.—,,
1904,IMG_1370.jpeg,Ελληνική Γλώσσα,Greek Language,Γ΄ ΕΚΛΟΓΑΙ ΑΡΧΑΙΩΝ ΣΥΓΓΡΑΦΕΩΝ,ΒΥΖΑΝΤΙΟΥ Σ. Δ. καὶ ΡΑΓΚΑΒΗ Α. Ρ.,BYZANTIOU S. D. kai RANGAVI A. R.,Ἑλληνικὴ Χρηστομάθεια. Τόμος Γ΄,Greek Chrestomathy. Volume 3,"8ον, σελ. 288+",6.—,,
1904,IMG_1370.jpeg,Ελληνική Γλώσσα,Greek Language,,ΖΗΛΙΔΟΥ Γ.,ZILIDOU G.,Χρηστομάθεια Ἑλληνική - Τόμος Α΄,Greek Chrestomathy - Volume 1,"8ον, σελ. 115",4.—,,
1904,IMG_1370.jpeg,Ελληνική Γλώσσα,Greek Language,,ΖΗΛΙΔΟΥ Γ.,ZILIDOU G.,Χρηστομάθεια Ἑλληνική - Τόμος Γ΄,Greek Chrestomathy - Volume 3,"8ον, σελ. 171+",9.—,,
1904,IMG_1370.jpeg,Ελληνική Γλώσσα,Greek Language,Εγκύκλιον Ελληνικών Μαθημάτων Σειρά,ΚΑΛΛΙΦΡΟΝΟΣ Β. Δ.,KALLIFRONOS V. D.,Ἐγκύκλιον Ἑλληνικῶν Μαθημάτων Σειρά - Τόμος Α΄,Encyclopedic Greek Courses Series - Volume 1,"8ον, σελ. η΄ - 165",5.—,,
1904,IMG_1370.jpeg,Ελληνική Γλώσσα,Greek Language,Εγκύκλιον Ελληνικών Μαθημάτων Σειρά,ΚΑΛΛΙΦΡΟΝΟΣ Β. Δ.,KALLIFRONOS V. D.,Ἐγκύκλιον Ἑλληνικῶν Μαθημάτων Σειρά - Τόμος Β΄,Encyclopedic Greek Courses Series - Volume 2,"8ον, σελ. λγ΄ - 174",6.—,,
1904,IMG_1370.jpeg,Ελληνική Γλώσσα,Greek Language,,ΚΟΦΙΝΙΩΤΟΥ Ε. Κ.,KOFINIOTOU E. K.,"Χρηστομάθεια Ἑλληνική - Τόμος Α΄, τάξις α΄","Greek Chrestomathy - Volume 1, grade 1",σελ. 160+,7.—,,
1904,IMG_1370.jpeg,Ελληνική Γλώσσα,Greek Language,,ΚΩΝΣΤΑΝΤΙΝΙΔΟΥ ΑΝΕΣΤΗ,KONSTANTINIDOU ANESTI,Χρηστομάθεια Ἑλληνική - Τόμος Α΄,Greek Chrestomathy - Volume 1,"8ον, σελ. 104",2.20,,
1904,IMG_1370.jpeg,Ελληνική Γλώσσα,Greek Language,,ΠΑΠΑΒΑΣΙΛΕΙΟΥ Γ. Α.,PAPAVASILEIOU G. A.,Χρηστομάθεια,Chrestomathy,σελίδες 125,3.—,,
1904,IMG_1370.jpeg,Ελληνική Γλώσσα,Greek Language,,ΠΑΠΑΘΕΟΔΩΡΟΥ Θ. Ι.,PAPATHEODOROU TH. I.,"Πρῶτα Μαθήματα τῆς Ἀρχαίας Ἑλληνικῆς, μετὰ Λεξιλογίου τῶν κοινῶν καὶ ὀνομάτων","First Lessons of Ancient Greek, with Vocabulary of common words and names",σελ. 72,1.—,,
1904,IMG_1370.jpeg,Ελληνική Γλώσσα,Greek Language,,ΠΑΠΑΚΩΝΣΤΑΝΤΙΝΟΥ Π. Γ.,PAPAKONSTANTINOU P. G.,"Ἀρχαία Γλῶσσα, Τόμος Α΄","Ancient Language, Volume 1",σελίδες 100+,1.—,,
1904,IMG_1370.jpeg,Ελληνική Γλώσσα,Greek Language,,ΣΚΟΡΔΕΛΗ ΒΑΙ. καὶ ΟΙΚΟΝΟΜΟΥ Π. Π.,SKORDELI VAI. kai OIKONOMOU P. P.,"Ἥρωες τῆς Ἀρχαίας Ἑλλάδος, Τεῦχος Α΄ καὶ Β΄","Heroes of Ancient Greece, Issue 1 and 2",8ον,5.—,,
1904,IMG_1370.jpeg,Ελληνική Γλώσσα,Greek Language,Γ΄ ΕΚΛΟΓΑΙ ΑΡΧΑΙΩΝ ΣΥΓΓΡΑΦΕΩΝ,ΒΥΖΑΝΤΙΟΥ Σ. Δ. καὶ ΡΑΓΚΑΒΗ Α. Ρ.,BYZANTIOU S. D. kai RANGAVI A. R.,Ἑλληνικὴ Χρηστομάθεια. Τόμος Α΄,Greek Chrestomathy. Volume 1,"8ον, σελ. 256",4.—,,
1904,IMG_1370.jpeg,Ελληνική Γλώσσα,Greek Language,,ΣΚΟΡΔΕΛΗ ΒΑΙ. καὶ ΟΙΚΟΝΟΜΟΥ Π. Π.,SKORDELI VAI. kai OIKONOMOU P. P.,"Ἥρωες τῆς Ἀρχαίας Ἑλλάδος, Τεῦχος Α΄","Heroes of Ancient Greece, Issue 1",σελίδες 80,1.—,,
1904,IMG_1370.jpeg,Ελληνική Γλώσσα,Greek Language,,ΠΑΝΤΑΖΙΔΟΥ ΧΡΗΣΤΟΥ,PANTAZIDOU CHRISTOU,Ελληνικά Αναγνώσματα - Ἔτος Β΄: Προσαναγνωστικόν,Greek Readings - Year 2: Supplementary Reader,σελ. 144,3.20,,"περιέχον: διηγήματα, ὕμνους, παραμύθια, πραγματογνωσία, βίους καὶ περιηγήσεις ἐκ τῆς Βίβλου"
1904,IMG_1370.jpeg,Ελληνική Γλώσσα,Greek Language,,ΣΚΟΡΔΕΛΗ Β.,SKORDELI V.,"Ἀναγνωσμάτιον Ἔτος Α΄, τεῦχ. Α΄, Ἀλφαβητάριον","Reader Year 1, issue 1, Alphabet book",σ. 84,1.—,,
1904,IMG_1370.jpeg,Ελληνική Γλώσσα,Greek Language,,ΠΑΝΤΑΖΙΔΟΥ ΧΡΗΣΤΟΥ,PANTAZIDOU CHRISTOU,"Ελληνικά Αναγνώσματα, τῶν πέντε πρώτων σχολικῶν ἐτῶν - Ἔτος Α΄, τεῦχος α΄, Ἀλφαβητάριον","Greek Readings, for the first five school years - Year 1, issue a, Alphabet book",σελίδες 80,1.20,,μετὰ πολλῶν καὶ λαμπρῶν ἐν τῷ κειμένῳ εἰκόνων
1904,IMG_1370.jpeg,Ελληνική Γλώσσα,Greek Language,,ΠΑΝΤΑΖΙΔΟΥ ΧΡΗΣΤΟΥ,PANTAZIDOU CHRISTOU,"Ελληνικά Αναγνώσματα - Ἔτος α΄, τεῦχος β΄, Προσαναγνωστήριον","Greek Readings - Year 1, issue b, Supplementary Reader",σελίδες 103,1.20,,"περιέχον: διηγήματα, παροιμίας, αἰνίγματα, πραγματογνωσία"
1904,IMG_1370.jpeg,Ελληνική Γλώσσα,Greek Language,,ΣΚΟΡΔΕΛΗ Β.,SKORDELI V.,Ἀναγνωσμάτιον Ἔτος Β΄,Reader Year 2,σελ. 220,4.—,,
1904,IMG_1370.jpeg,Ελληνική Γλώσσα,Greek Language,,ΠΑΝΤΑΖΙΔΟΥ ΧΡΗΣΤΟΥ,PANTAZIDOU CHRISTOU,"Ελληνικά Αναγνώσματα - Ἔτος Γ΄: Θρησκεία, Ὁμήρου Ὀδύσσεια, ἠθικὰ διηγήματα, Φυσιογνωσία, Λεξικόν","Greek Readings - Year 3: Religion, Homer's Odyssey, moral stories, Natural History, Dictionary",σελ. 192,4.—,,
1904,IMG_1370.jpeg,Ελληνική Γλώσσα,Greek Language,,ΠΑΝΤΑΖΙΔΟΥ ΧΡΗΣΤΟΥ,PANTAZIDOU CHRISTOU,"Ελληνικά Αναγνώσματα - Ἔτος Δ΄: Θρησκεία, Ἀναγνώσματα ἐκ τοῦ Ἡροδότου, ποικίλα ἱστορήματα καὶ διηγήματα, Φυσιογνωσία, Λεξικόν","Greek Readings - Year 4: Religion, Readings from Herodotus, various stories and tales, Natural History, Dictionary",σελίδες 224,5.—,,
1904,IMG_1370.jpeg,Ελληνική Γλώσσα,Greek Language,,ΠΑΠΑΓΕΩΡΓΙΟΥ Γ.,PAPAGEORGIOU G.,Βίος τοῦ Μεγάλου Ἀλεξάνδρου,Life of Alexander the Great,σελ. 112,1.20,,
1904,IMG_1370.jpeg,Ελληνική Γλώσσα,Greek Language,,ΠΑΠΑΜΑΡΚΟΥ ΧΑΡΙΣΙΟΥ,PAPAMARKOU CHARISIOU,"Ἀναγνωσματάριον Ἑλληνικόν, μετὰ εἰκόνων - Ἔτος Α΄, Μέρος α΄","Greek Reader, with illustrations - Year 1, Part a",σελ. 96,1.20,,
1904,IMG_1370.jpeg,Ελληνική Γλώσσα,Greek Language,,ΠΑΠΑΜΑΡΚΟΥ ΧΑΡΙΣΙΟΥ,PAPAMARKOU CHARISIOU,"Ἀναγνωσματάριον Ἑλληνικόν, μετὰ εἰκόνων - Ἔτος Α΄, Μέρος β΄","Greek Reader, with illustrations - Year 1, Part b",σελ. 128,1.20,,
1904,IMG_1370.jpeg,Ελληνική Γλώσσα,Greek Language,,ΠΑΠΑΜΑΡΚΟΥ ΧΑΡΙΣΙΟΥ,PAPAMARKOU CHARISIOU,"Ἀναγνωσματάριον Ἑλληνικόν, μετὰ εἰκόνων - Ἔτος Β΄, Μέρος β΄","Greek Reader, with illustrations - Year 2, Part b",σελ. 160,3.—,,
1904,IMG_1370.jpeg,Ελληνική Γλώσσα,Greek Language,,ΠΑΠΑΜΑΡΚΟΥ ΧΑΡΙΣΙΟΥ,PAPAMARKOU CHARISIOU,"Ἀναγνωσματάριον Ἑλληνικόν, μετὰ εἰκόνων - Ἔτος Γ΄, Μέρος β΄","Greek Reader, with illustrations - Year 3, Part b",σελ. 200,4.—,,
1904,IMG_1370.jpeg,Ελληνική Γλώσσα,Greek Language,,ΠΑΠΑΜΑΡΚΟΥ ΧΑΡΙΣΙΟΥ,PAPAMARKOU CHARISIOU,"Ἀναγνωσματάριον Ἑλληνικόν, μετὰ εἰκόνων - Ἔτος Δ΄, Μέρος β΄","Greek Reader, with illustrations - Year 4, Part b",σελ. 280,5.—,,
1904,IMG_1370.jpeg,Ελληνική Γλώσσα,Greek Language,,,,"Περιστερά, διήγημα","The Dove, a story",σελ. 28,0.20,,
1904,IMG_1370.jpeg,Ελληνική Γλώσσα,Greek Language,,ΠΑΝΤΑΖΗ ΜΑΤΘ.,PANTAZI MATTH.,Χρηστομάθεια,Chrestomathy,σελ. 32,2.20,,
1904,IMG_1370.jpeg,Ελληνική Γλώσσα,Greek Language,,ΠΙΤΣΙΠΙΟΥ Σ.,PITSIPIOU S.,Ἀναγνώσματα Παιδικά,Children's Readings,σελίδες 44,2.—,,
1904,IMG_1370.jpeg,Ελληνική Γλώσσα,Greek Language,,ΣΑΟΥΝΑΤΣΟΥ ΓΕΡ.,SAOUNATSOU GER.,"Χριστιανικὴ Οἰκογένεια, τέσσαρα ἠθικὰ διηγήματα ὑπὸ Σμίθ","Christian Family, four moral stories by Smith","8ον, σελ. 90+",1.—,,
1904,IMG_1370.jpeg,Ελληνική Γλώσσα,Greek Language,,ΣΑΚΕΛΛΑΡΙΟΥ Α. Α΄.,SAKELLARIOU A. A.,"Ὀδύσσεια, Μέρος Α΄ καὶ Β΄","Odyssey, Part 1 and 2",σελίδες 314+,6.—,,
1904,IMG_1370.jpeg,Ελληνική Γλώσσα,Greek Language,,ΣΑΚΕΛΛΑΡΙΟΥ Α. Α΄.,SAKELLARIOU A. A.,Ἐγχειρίδιον ἐγκυκλοπαιδεία Παιδική,Manual of Children's Encyclopedia,"σελ. 6, 1—144+",4.—,,
1904,IMG_1370.jpeg,Ελληνική Γλώσσα,Greek Language,,ΠΕΡΡΗ Π.,PERRI P.,Διηγήματα τρία,Three Stories,σελ. 62,2.—,,χαρτόδετον
1904,IMG_1370.jpeg,Ελληνική Γλώσσα,Greek Language,,ΡΑΛΛΗ ΜΑΡ.,RALLI MAR.,Διηγήματα Μητρὸς ἐκ τῆς Βίβλου,Mother's Stories from the Bible,σελ. 160+,5.—,,
1904,IMG_1370.jpeg,Ελληνική Γλώσσα,Greek Language,,ΡΙΧΑΡΔΟΥ Δ.,RICHARDOU D.,Ξενοφῶντος,Xenophon,"8ον, σελ. 156",3.—,,μετ' εἰκόνων
1904,IMG_1370.jpeg,Ελληνική Γλώσσα,Greek Language,,ΠΡΩΪΟΥ Ι.,PROIOU I.,Ὁ Παιδικὸς Φίλος. Χρηστομάθεια Νέα Ἑλληνική,The Children's Friend. New Greek Chrestomathy,σελ. 150,1.—,,
1904,IMG_1370.jpeg,Ελληνική Γλώσσα,Greek Language,,ΠΟΥΛΙΟΥ Χ.,POULIOU CH.,"Μέλισσα, Τόμος Β΄","Melissa, Volume 2",σελ. 128,1.—,,
1904,IMG_1370.jpeg,Ελληνική Γλώσσα,Greek Language,,ΠΟΥΛΙΟΥ Χ.,POULIOU CH.,Ἱστορία τοῦ Μεγάλου Ἀλεξάνδρου,History of Alexander the Great,σελ. 295+,7.—,,
1904,IMG_1370.jpeg,Ελληνική Γλώσσα,Greek Language,,ΠΟΛΥΧΡΟΝΙΑΔΟΥ Δ. καὶ ΟΙΚΟΝΟΜΙΔΟΥ Σ.,POLYCHRONIADOU D. kai OIKONOMIDOU S.,"Ἀναγνωστικόν, ἤτοι Ἠθικαὶ Γνώσεις","Reader, or Moral Knowledge",σελίδες 144,3.—,,
1904,IMG_1370.jpeg,Ελληνική Γλώσσα,Greek Language,,ΠΟΥΛΙΕΡΗ Γ. Σοφίας,POULIERI G. Sofias,Ἀπάνθισμα,Anthology,σελίδες 75,0.20,,
1904,IMG_1370.jpeg,Ελληνική Γλώσσα,Greek Language,,Ρ. Ε. Δ.,R. E. D.,Ἐγχειρίδιον Ἐπαγγέλων Πράξεων,Handbook of Professional Acts,"8ον, σελ. 95",1.20,,
1904,IMG_1371.jpeg,Ἑλληνικὴ Γλῶσσα,Greek Language,Δ΄ ΓΡΑΜΜΑΤΙΚΑΙ,ΚΑΣΙΜΑΤΗ Π.,Kasimati P.,"Γραμματική, μετὰ ὁδηγιῶν Συντακτικοῦ","Grammar, with Syntax instructions","8ον, σελ. 76",2.—,,
1904,IMG_1371.jpeg,Ἑλληνικὴ Γλῶσσα,Greek Language,Δ΄ ΓΡΑΜΜΑΤΙΚΑΙ,ΚΑΝΕΛΛΟΥ Γρ.,Kanellou Gr.,Γραμματικὴ Στοιχειώδης,Elementary Grammar,"8ον, σελ. 108",3.20,,
1904,IMG_1371.jpeg,Ἑλληνικὴ Γλῶσσα,Greek Language,Δ΄ ΓΡΑΜΜΑΤΙΚΑΙ,ΚΑΝΑΒΟΠΟΥΛΟΥ Ν. καὶ ΤΣΕΡΠΕΛΗ Ι.,Kanavopoulou N. and Tserpeli I.,Γραμματικὴ Ἑλληνικὴ τῆς Νέας Γλώσσης,Greek Grammar of Modern Language,"8ον, σελ. 103",3.—,,
1904,IMG_1371.jpeg,Ἑλληνικὴ Γλῶσσα,Greek Language,Δ΄ ΓΡΑΜΜΑΤΙΚΑΙ,ΚΑΛΛΙΦΡΟΝΟΣ Β. Δ.,Kallifronos V. D.,Γραμματικὴ Ἑλληνική,Greek Grammar,"8ον, σελ. 124",3.—,,
1904,IMG_1371.jpeg,Ἑλληνικὴ Γλῶσσα,Greek Language,Δ΄ ΓΡΑΜΜΑΤΙΚΑΙ,ΕΓΓΥΧΙΔΟΥ ΠΡ.,Engychidou Pr.,Γραμματικὴ τῆς Νεωτέρας Ἑλληνικῆς Γλώσσης,Grammar of Modern Greek Language,"8ον, σελ. 60",2.—,,
1904,IMG_1371.jpeg,Ἑλληνικὴ Γλῶσσα,Greek Language,Δ΄ ΓΡΑΜΜΑΤΙΚΑΙ,ΖΗΚΙΔΟΥ Γ. Δ.,Zikidou G. D.,Γραμματικὴ Μεγάλη,Great Grammar,"8ον, σελ. 248",7.—,,
1904,IMG_1371.jpeg,Ἑλληνικὴ Γλῶσσα,Greek Language,Δ΄ ΓΡΑΜΜΑΤΙΚΑΙ,ΖΗΚΙΔΟΥ Γ. Δ.,Zikidou G. D.,Γραμματικὴ Διδακτική,Didactic Grammar,"8ον, σελ. 96",3.—,,
1904,IMG_1371.jpeg,Ἑλληνικὴ Γλῶσσα,Greek Language,Δ΄ ΓΡΑΜΜΑΤΙΚΑΙ,ΖΗΚΙΔΟΥ Γ. Δ.,Zikidou G. D.,Ἑρμηνευτικὴ Τεχνολογία,Hermeneutic Technology,"8ον, σ. 64",2.20,,
1904,IMG_1371.jpeg,Ἑλληνικὴ Γλῶσσα,Greek Language,Δ΄ ΓΡΑΜΜΑΤΙΚΑΙ,ΕΥΤΥΧΙΔΟΥ ΠΡ. Α. Θ.,Eutychidou Pr. A. Th.,Γραμματικὴ τῆς Παλαιᾶς Ἑλληνικῆς Γλώσσης. Τεῦχος Α΄,Grammar of Ancient Greek Language. Volume A,"8ον, σ. 104",2.—,,
1904,IMG_1371.jpeg,Ἑλληνικὴ Γλῶσσα,Greek Language,Δ΄ ΓΡΑΜΜΑΤΙΚΑΙ,ΚΑΤΑΙΒΑΙΝΗ Γ.,Kataivaini G.,Γραμματικὴ μικρά,Short Grammar,"8ον, σελ. 124",3.—,,
1904,IMG_1371.jpeg,Ἑλληνικὴ Γλῶσσα,Greek Language,Δ΄ ΓΡΑΜΜΑΤΙΚΑΙ,ΙΑΣΕΜΙΔΟΥ ΠΕΡ.,Iasemidou Per.,Γραμματικὴ τῆς Νέας Ἑλληνικῆς Γλώσσης,Grammar of Modern Greek Language,"8ον, σελ. 180",5.—,,
1904,IMG_1371.jpeg,Ἑλληνικὴ Γλῶσσα,Greek Language,Δ΄ ΓΡΑΜΜΑΤΙΚΑΙ,ΚΟΚΚΙΝΗ Ι. Π.,Kokkini I. P.,Θεώρητον Γραμματικῆς,Theoretical Grammar,"8ον, σελ. 216",6.—,,
1904,IMG_1371.jpeg,Ἑλληνικὴ Γλῶσσα,Greek Language,Δ΄ ΓΡΑΜΜΑΤΙΚΑΙ,ΠΑΝΤΑΖΗ ΜΙΛΤ.,Pantazi Milt.,Γραμματικὴ τῆς Ἀττικῆς Διαλέκτου,Grammar of Attic Dialect,"8ον, σ. 132+",7.20,,
1904,IMG_1371.jpeg,Ἑλληνικὴ Γλῶσσα,Greek Language,Δ΄ ΓΡΑΜΜΑΤΙΚΑΙ,ΚΟΤΣΙΑ Κ.,Kotsia K.,Γραμματικὴ Ἑλληνική,Greek Grammar,"8ον, σελ. 161+",5.—,,
1904,IMG_1371.jpeg,Ἑλληνικὴ Γλῶσσα,Greek Language,Δ΄ ΓΡΑΜΜΑΤΙΚΑΙ,ΚΥΡΙΑΚΟΠΟΥΛΟΥ Δ. Η.,Kyriakopoulou D. H.,Γραμματική,Grammar,"8ον, σελ. 180+",5.—,,
1904,IMG_1371.jpeg,Ἑλληνικὴ Γλῶσσα,Greek Language,Δ΄ ΓΡΑΜΜΑΤΙΚΑΙ,"ΛΟΓΟΘΕΤΟΥ Γ., ΡΩΚΟΥ Μ., ΣΑΜΑΡΑ Γ. καὶ ΑΝΤΑΝΙΑΔΟΥ Ε.","Logothetou G., Rokou M., Samara G. and Antoniadou E.",Γραμματικὴ τῆς Ἑλληνικῆς Γλώσσης. Τεῦχος Α΄,Grammar of the Greek Language. Issue A,"8ον, σελ. 109",3.20,,
1904,IMG_1371.jpeg,Ἑλληνικὴ Γλῶσσα,Greek Language,Δ΄ ΓΡΑΜΜΑΤΙΚΑΙ,ΜΙΧΑΗΛΙΔΟΥ Δ.,Michailidou D.,Γραμματική,Grammar,"8ον, σελ. 184+",10.—,,
1904,IMG_1371.jpeg,Ἑλληνικὴ Γλῶσσα,Greek Language,Δ΄ ΓΡΑΜΜΑΤΙΚΑΙ,ΟΙΚΟΝΟΜΟΥ Π. Π.,Oikonomou P. P.,Γραμματικὴ Ἑλληνική,Greek Grammar,"8ον, σελ. 96",3.—,,
1904,IMG_1371.jpeg,Ἑλληνικὴ Γλῶσσα,Greek Language,Δ΄ ΓΡΑΜΜΑΤΙΚΑΙ,ΠΑΠΑΓΕΩΡΓΙΟΥ Δ. Χ.,Papageorgiou D. Ch.,Γραμματική,Grammar,"8ον, σελ. 191",10.—,,
1904,IMG_1371.jpeg,Ἑλληνικὴ Γλῶσσα,Greek Language,Δ΄ ΓΡΑΜΜΑΤΙΚΑΙ,ΠΑΠΑΝΙΚΟΛΑΟΥ Χ.,Papanikolaou Ch.,Γραμματική,Grammar,"8ον, σελ. 64",3.—,,
1904,IMG_1371.jpeg,Ἑλληνικὴ Γλῶσσα,Greek Language,Δ΄ ΓΡΑΜΜΑΤΙΚΑΙ,ΠΑΠΑΧΡΙΣΤΟΥ Γ.,Papachristou G.,Γραμματική,Grammar,"8ον, σελ. 191",6.—,,
1904,IMG_1371.jpeg,Ἑλληνικὴ Γλῶσσα,Greek Language,Δ΄ ΓΡΑΜΜΑΤΙΚΑΙ,ΠΕΤΡΑΚΙΔΟΥ Π. Γ.,Petrakidou P. G.,Γραμματικὴ τῆς Ἑλληνικῆς Γλώσσης,Grammar of the Greek Language,"8ον, σελ. 168+",8.—,,
1904,IMG_1371.jpeg,Ἑλληνικὴ Γλῶσσα,Greek Language,Δ΄ ΓΡΑΜΜΑΤΙΚΑΙ,ΣΑΝΕΛΛΑΡΙΟΥ ΑΘ.,Sanellariou Ath.,Γραμματικὴ Ἑλληνική,Greek Grammar,"8ον, σελ. 174",12.—,,
1904,IMG_1371.jpeg,Ἑλληνικὴ Γλῶσσα,Greek Language,Δ΄ ΓΡΑΜΜΑΤΙΚΑΙ,ΣΑΝΕΛΛΑΡΙΟΥ ΑΘ.,Sanellariou Ath.,Γραμματικὴ μετ' ἐπιτόμου Συντακτικοῦ,Grammar with Epitome of Syntax,"8ον, σελ. 210+",8.—,,
1904,IMG_1371.jpeg,Ἑλληνικὴ Γλῶσσα,Greek Language,Δ΄ ΓΡΑΜΜΑΤΙΚΑΙ,"ΓΟΣΠΟΔΙΝΟΥ Κ. Δ., ΕΓΓΟΝΟΠΟΥΛΟΥ Γ. Κ. καὶ ΚΑΙΤΑΙΠΗ Π.","Gospodinou K. D., Engonopoulou G. K. and Kaitaipi P.",Γραμματικὴ τῆς Νέας Ἑλληνικῆς Γλώσσης. Τεῦχος Γ΄,Grammar of Modern Greek Language. Issue C,"8ον, σελ. 188",5.—,,
1904,IMG_1371.jpeg,Ἑλληνικὴ Γλῶσσα,Greek Language,Δ΄ ΓΡΑΜΜΑΤΙΚΑΙ,ΚΟΡΖΟΥ Γ. Ι.,Korzou G. I.,Γραμματικὴ τῆς Νέας Ἑλληνικῆς Γλώσσης,Grammar of Modern Greek Language,"8ον, σελ. 80",2.—,,
1904,IMG_1371.jpeg,Ἑλληνικὴ Γλῶσσα,Greek Language,Δ΄ ΓΡΑΜΜΑΤΙΚΑΙ,"ΓΟΣΠΟΔΙΝΟΥ Κ. Δ., ΕΓΓΟΝΟΠΟΥΛΟΥ Γ. Κ. καὶ ΚΑΙΤΑΙΠΗ Π.","Gospodinou K. D., Engonopoulou G. K. and Kaitaipi P.",Γραμματικὴ τῆς Νέας Ἑλληνικῆς Γλώσσης. Τεῦχος Β΄,Grammar of Modern Greek Language. Issue B,"8ον, σελ. 107",2.—,,
1904,IMG_1371.jpeg,Ἑλληνικὴ Γλῶσσα,Greek Language,Δ΄ ΓΡΑΜΜΑΤΙΚΑΙ,ΠΑΠΑΧΡΙΣΤΟΥ Γ.,Papachristou G.,"Γραμματική, ἄνευ Συντακτικοῦ","Grammar, without Syntax","8ον, σελ. 186+",2.—,,
1904,IMG_1371.jpeg,Ἑλληνικὴ Γλῶσσα,Greek Language,Δ΄ ΓΡΑΜΜΑΤΙΚΑΙ,ΓΕΡΑΚΗ Γ.,Geraki G.,Γραμματικὴ τῆς Νέας Ἑλληνικῆς Γλώσσης,Grammar of Modern Greek Language,"8ον, σ. 216+",5.—,,
1904,IMG_1371.jpeg,Ἑλληνικὴ Γλῶσσα,Greek Language,Δ΄ ΓΡΑΜΜΑΤΙΚΑΙ,"ΓΟΣΠΟΔΙΝΟΥ Κ. Δ., ΕΓΓΟΝΟΠΟΥΛΟΥ Γ. Κ. καὶ ΚΑΙΤΑΙΠΗ Π.","Gospodinou K. D., Engonopoulou G. K. and Kaitaipi P.",Γραμματικὴ τῆς Νέας Ἑλληνικῆς Γλώσσης. Τεῦχος Α΄,Grammar of Modern Greek Language. Issue A,"8ον, σελ. 160",2.20,,
1904,IMG_1371.jpeg,Ἑλληνικὴ Γλῶσσα,Greek Language,,ΠΑΠΑΡΡΗΓΗ Π.,Paparrigi P.,Ἀνθολόγιον Ἑλληνικόν. Τεῦχος Β΄,Greek Anthology. Volume B,"8ον, σελ. 84",5.—,,
1904,IMG_1371.jpeg,Ἑλληνικὴ Γλῶσσα,Greek Language,,ΠΑΡΙΤΣΗ Κ. Σ.,Paritsi K. S.,"Χρηστομάθεια Ἱερά. Τόμος Α΄, περιέχων Βασίλειον τοῦ Μεγάλου, Ὁμιλίας Θ΄ εἰς τὴν Ἑξαήμερον","Sacred Chrestomathy. Volume A, containing Basil the Great, 9 Homilies on Hexaemeron","8ον, σελ. 122",5.—,,
1904,IMG_1371.jpeg,Ἑλληνικὴ Γλῶσσα,Greek Language,,ΣΑΚΕΛΛΑΡΙΟΥ Α. Α.,Sakellariou A. A.,Χρηστομάθεια Ἑλληνική. Τόμος Α΄,Greek Chrestomathy. Volume A,"8ον, σελ. 162+",3.—,,
1904,IMG_1371.jpeg,Ἑλληνικὴ Γλῶσσα,Greek Language,,ΣΑΚΕΛΛΑΡΙΟΥ Α. Α.,Sakellariou A. A.,Χρηστομάθεια Ἑλληνική. Τόμος Β΄,Greek Chrestomathy. Volume B,"8ον, σελ. 158+",4.—,,
1904,IMG_1371.jpeg,Ἑλληνικὴ Γλῶσσα,Greek Language,,ΣΑΚΕΛΛΑΡΙΟΥ Α. Α.,Sakellariou A. A.,Χρηστομάθεια Ἑλληνική. Τόμος Γ΄,Greek Chrestomathy. Volume C,"8ον, σελ. 166+",7.—,,
1904,IMG_1371.jpeg,Ἑλληνικὴ Γλῶσσα,Greek Language,,ΣΑΚΕΛΛΑΡΙΟΥ Α. Α.,Sakellariou A. A.,Χρηστομάθεια Ἑλληνική. Τόμος Δ΄,Greek Chrestomathy. Volume D,"8ον, σελ. 164+",7.—,,
1904,IMG_1371.jpeg,Ἑλληνικὴ Γλῶσσα,Greek Language,Σειρὰ Ἐγκυκλίων Μαθημάτων,,,Σειρὰ Ἐγκυκλίων Μαθημάτων. Τόμος Α΄,Series of Encyclopedic Lessons. Volume A,"8ον, σελ. 100",5.—,,
1904,IMG_1371.jpeg,Ἑλληνικὴ Γλῶσσα,Greek Language,Σειρὰ Ἐγκυκλίων Μαθημάτων,,,Σειρὰ Ἐγκυκλίων Μαθημάτων. Τόμος Β΄,Series of Encyclopedic Lessons. Volume B,"8ον, σελ. 138",7.—,,
1904,IMG_1371.jpeg,Ἑλληνικὴ Γλῶσσα,Greek Language,Σειρὰ Ἐγκυκλίων Μαθημάτων,,,Σειρὰ Ἐγκυκλίων Μαθημάτων. Τόμος Γ΄,Series of Encyclopedic Lessons. Volume C,"8ον, σελ. 480",15.—,,
1904,IMG_1371.jpeg,Ἑλληνικὴ Γλῶσσα,Greek Language,Σειρὰ Ἐγκυκλίων Μαθημάτων,,,Σειρὰ Ἐγκυκλίων Μαθημάτων. Τόμος Δ΄,Series of Encyclopedic Lessons. Volume D,"8ον, σελ. 584",20.—,,
1904,IMG_1371.jpeg,Ἑλληνικὴ Γλῶσσα,Greek Language,,ΤΑΓΗ ΑΝΑΣΤ. Γ.,Tagi Anast. G.,"Ἀνάπτυξις Ἑλληνικῶν Γραμμάτων εἰς ἐγκόλπιον διδασκαλίαν παίδων. Τόμος Β΄, τεῦχος Α΄","Development of Greek Letters into a handbook for teaching children. Volume B, Issue A","8ον, σ. 226",6.—,,
1904,IMG_1371.jpeg,Ἑλληνικὴ Γλῶσσα,Greek Language,,ΤΑΓΗ ΑΝΑΣΤ. Γ.,Tagi Anast. G.,"Ἀνάπτυξις Ἑλληνικῶν Γραμμάτων εἰς ἐγκόλπιον διδασκαλίαν παίδων. Τόμος Ι΄, τεῦχος Α΄","Development of Greek Letters into a handbook for teaching children. Volume I, Issue A","8ον, σελ. 257",7.—,,
1904,IMG_1371.jpeg,Ἑλληνικὴ Γλῶσσα,Greek Language,,ΠΑΠΑΡΡΗΓΗ Π.,Paparrigi P.,Ἀνθολόγιον Ἑλληνικόν. Τεῦχος Α΄,Greek Anthology. Volume A,"8ον, σελ. 120",5.—,,
1904,IMG_1371.jpeg,Ἑλληνικὴ Γλῶσσα,Greek Language,Δ΄ ΓΡΑΜΜΑΤΙΚΑΙ,ΑΘΑΝΑΣΙΑΔΟΥ ΑΝΤ. Π.,Athanasiadou Ant. P.,"Γραμματικὴ τῆς Νέας Ἑλληνικῆς Γλώσσης. Τεῦχ. Α΄, διὰ τὴν γ΄ τάξιν","Grammar of Modern Greek Language. Issue A, for 3rd grade","8ον, σελ. 84",2.20,,
1904,IMG_1371.jpeg,Ἑλληνικὴ Γλῶσσα,Greek Language,Δ΄ ΓΡΑΜΜΑΤΙΚΑΙ,ΑΔΑΜΙΔΟΥ Β. Ν.,Adamidou V. N.,Γραμματικὴ τῆς Νέας Ἑλληνικῆς ἐν σχέσει πρὸς τὴν ἀρχαίαν,Grammar of Modern Greek in relation to Ancient Greek,"8ον, σελ. 128",5.—,,
1904,IMG_1371.jpeg,Ἑλληνικὴ Γλῶσσα,Greek Language,Δ΄ ΓΡΑΜΜΑΤΙΚΑΙ,ΓΕΝΝΑΔΙΟΥ Γ.,Gennadiou G.,Γραμματική,Grammar,"8ον, σελ. 32",3.—,,
1904,IMG_1371.jpeg,Ἑλληνικὴ Γλῶσσα,Greek Language,Δ΄ ΓΡΑΜΜΑΤΙΚΑΙ,ΒΥΖΑΝΤΙΟΥ Β. Γ.,Byzantiou V. G.,Σύντομος Γραμματικὴ τῆς Ὀμηρικῆς Διαλέκτου,Concise Grammar of Homeric Dialect,"8ον, σελ. 96",3.—,,
1904,IMG_1371.jpeg,Ἑλληνικὴ Γλῶσσα,Greek Language,Δ΄ ΓΡΑΜΜΑΤΙΚΑΙ,ΒΟΥΛΤΙΟΥ Θ.,Voultiou Th.,Σύντομος Γραμματικὴ τῆς Ὀμηρικῆς Γλώσσης,Concise Grammar of Homeric Language,"8ον, σ. 31+",4.—,,
1904,IMG_1371.jpeg,Ἑλληνικὴ Γλῶσσα,Greek Language,Δ΄ ΓΡΑΜΜΑΤΙΚΑΙ,ΒΟΥΛΤΣΟΥ Κ.,Voultsou K.,Γραμματικὴ τῆς Ἑλληνικῆς Γλώσσης,Grammar of the Greek Language,"8ον, σελ. 216",4.—,,
1904,IMG_1371.jpeg,Ἑλληνικὴ Γλῶσσα,Greek Language,Δ΄ ΓΡΑΜΜΑΤΙΚΑΙ,ΓΕΝΝΑΔΙΟΥ Γ.,Gennadiou G.,"Γραμματική, διασκευασθεῖσα ὑπὸ Ε. Κοφινιώτου","Grammar, adapted by E. Kofiniotis","8ον, σ. 172+",5.—,,
1904,IMG_1371.jpeg,Ἑλληνικὴ Γλῶσσα,Greek Language,Δ΄ ΓΡΑΜΜΑΤΙΚΑΙ,ΒΕΡΝΑΡΔΑΚΗ Δ. Ν.,Vernardaki D. N.,"Γραμματικὴ τῆς Νέας Ἑλληνικῆς Γλώσσης, μετὰ πολλῶν ἀσκήσεων. Τεῦχος 1ον","Grammar of Modern Greek Language, with many exercises. Issue 1","8ον, σ. 120",1.20,,
1904,IMG_1371.jpeg,Ἑλληνικὴ Γλῶσσα,Greek Language,Δ΄ ΓΡΑΜΜΑΤΙΚΑΙ,ΒΕΡΝΑΡΔΑΚΗ Δ. Ν.,Vernardaki D. N.,Γραμματικὴ τῆς Νέας Ἑλληνικῆς Γλώσσης,Grammar of Modern Greek Language,"8ον, σελ. 160",5.—,,
1904,IMG_1371.jpeg,Ἑλληνικὴ Γλῶσσα,Greek Language,Δ΄ ΓΡΑΜΜΑΤΙΚΑΙ,ΑΠΟΣΤΟΛΟΠΟΥΛΟΥ Θ. Ν.,Apostolopoulou Th. N.,Γραμματικὴ Εὐμεθόδως τῆς Ἑλληνικῆς Γλώσσης,Methodical Grammar of the Greek Language,"8ον, σελ. 120+",3.20,,
1904,IMG_1371.jpeg,Ἑλληνικὴ Γλῶσσα,Greek Language,Δ΄ ΓΡΑΜΜΑΤΙΚΑΙ,ΑΝΤΩΝΙΑΔΟΥ ΑΝΤ.,Antoniadou Ant.,"Γραμματική, μετὰ πρακτικῶν γυμνασμάτων","Grammar, with practical exercises","8ον, σ. 232+",8.—,,
1904,IMG_1371.jpeg,Ἑλληνικὴ Γλῶσσα,Greek Language,Δ΄ ΓΡΑΜΜΑΤΙΚΑΙ,ΑΘΑΝΑΣΙΑΔΟΥ ΑΝΤ. Π.,Athanasiadou Ant. P.,Γραμματικὴ τῆς Νέας Ἑλληνικῆς Γλώσσης. Τεῦχ. Β΄,Grammar of Modern Greek Language. Issue B,"8ον, σελ. 100",3.—,,
1904,IMG_1371.jpeg,Ἑλληνικὴ Γλῶσσα,Greek Language,Δ΄ ΓΡΑΜΜΑΤΙΚΑΙ,ΒΕΡΝΑΡΔΑΚΗ Δ. Ν.,Vernardaki D. N.,Γραμματικὴ τῆς Νέας Ἑλληνικῆς Γλώσσης. Τεῦχος Β΄,Grammar of Modern Greek Language. Issue B,"8ον, σελ. 216",3.—,,
1904,IMG_1372.jpeg,Ζ΄ ΣΥΝΤΑΚΤΙΚΑ,Syntax Books,,ΧΡΙΣΤΟΠΟΥΛΟΥ Λ.,Christopoulos L.,"Συντακτικόν, μικρόν","Syntax, small","8ον, σελ. 110",2.—,,
1904,IMG_1372.jpeg,Ζ΄ ΣΥΝΤΑΚΤΙΚΑ,Syntax Books,,ΠΟΥΛΙΟΥ Χ.,Poulios Ch.,"Συντακτικόν, μικρόν","Syntax, small","8ον, σελ. 110",5.—,,
1904,IMG_1372.jpeg,Ζ΄ ΣΥΝΤΑΚΤΙΚΑ,Syntax Books,,ΠΑΠΑΝΙΚΟΛΑΟΥ Χ.,Papanikolaou Ch.,Συντακτικόν,Syntax,"8ον, σελίδες 79",1.—,,
1904,IMG_1372.jpeg,Ζ΄ ΣΥΝΤΑΚΤΙΚΑ,Syntax Books,,ΠΕΤΡΑΠΙΔΟΥ Π. Γ.,Petrapidis P. G.,"Συντακτικὸν ᾿Επίτομον τῆς ᾿Αττικῆς Γλώσσης, μάλιστα τῆς ἀττικῆς διαλέκτου","Epitome of Attic Syntax, especially of the Attic Dialect","8ον, σελίδες 96",4.20,,
1904,IMG_1372.jpeg,Ζ΄ ΣΥΝΤΑΚΤΙΚΑ,Syntax Books,,ΟΙΚΟΝΟΜΙΔΟΥ ΑΠ. Β.,Oikonomidis Ap. V.,Συντακτικὸν τῆς ᾿Ελληνικῆς Γλώσσης Στοιχειῶδες,Elementary Syntax of the Greek Language,σελίδες 148,4.—,,
1904,IMG_1372.jpeg,Ζ΄ ΣΥΝΤΑΚΤΙΚΑ,Syntax Books,,ΠΑΝΤΑΖΗ ΜΙΛΤ.,Pantazis Milt.,Συντακτικόν,Syntax,"8ον, σελίδες 178+",10.—,,
1904,IMG_1372.jpeg,Ζ΄ ΣΥΝΤΑΚΤΙΚΑ,Syntax Books,,ΞΑΝΘΟΠΟΥΛΟΥ Κ.,Xanthopoulos K.,Τὸ Μικρὸν Συντακτικὸν τῆς ᾿Αττικῆς Διαλέκτου,The Small Syntax of the Attic Dialect,σελίδες 200+,7.—,,
1904,IMG_1372.jpeg,Ζ΄ ΣΥΝΤΑΚΤΙΚΑ,Syntax Books,,ΚΥΡΙΑΚΟΠΟΥΛΟΥ Δ. Η.,Kyriakopoulos D. I.,Συντακτικὸν ᾿Επίτομον,Epitome of Syntax,"8ον, σελ. 78+",3.20,,
1904,IMG_1372.jpeg,Η΄ ΣΥΝΘΕΣΕΙΣ,Compositions,,ΑΓΑΝΙΚΟΥ Ι.,Aganikos I.,Προκαταρκτικαὶ ᾿Εκθέσεις ᾿Ιδεῶν,Preliminary Essays of Ideas,,7.—,,
1904,IMG_1372.jpeg,Ζ΄ ΣΥΝΤΑΚΤΙΚΑ,Syntax Books,,ΚΑΤΣΑΪΤΟΥ Κ. Σ.,Katsaitis K. S.,Συντακτικόν (μικρόν),Syntax (small),"8ον, σελ. 56+",2.20,,
1904,IMG_1372.jpeg,Ζ΄ ΣΥΝΤΑΚΤΙΚΑ,Syntax Books,,ΠΑΝΤΑΖΗ ΜΙΛΤ.,Pantazis Milt.,Συντακτικόν,Syntax,"8ον, σελ. 60 + 5",5.—,,
1904,IMG_1372.jpeg,Η΄ ΣΥΝΘΕΣΕΙΣ,Compositions,,ΑΓΑΝΙΚΟΥ Ι.,Aganikos I.,"Προκαταρκτικαὶ ᾿Εκθέσεις ᾿Ιδεῶν, Βιβλίον Α΄, πρὸς χρῆσιν τῶν μαθητῶν","Preliminary Essays of Ideas, Book 1, for student use",σελίδες 6—71,4.—,,
1904,IMG_1372.jpeg,Η΄ ΣΥΝΘΕΣΕΙΣ,Compositions,,ΜΕΛΑΝΙΝΟΥ ΧΑΡΙΛΑΟΥ Π.,Melaninos Charilaos P.,"Συνθέσεις, Τεῦχος Γ΄ (διὰ τὴν Ζ΄ καὶ Η΄ τάξιν)","Compositions, Volume 3 (for 7th and 8th grade)",,4.—,,
1904,IMG_1372.jpeg,Η΄ ΣΥΝΘΕΣΕΙΣ,Compositions,,ΓΕΡΑΚΗ Γ.,Gerakis G.,"Μεθοδικὴ Σειρὰ ᾿Εκθέσεων, Τεῦχος Α΄, διὰ τὴν α΄ καὶ β΄ τάξιν Σχολείου (Παρθεναγωγείου), καὶ τὴν β΄ καὶ γ΄ τάξιν (᾿Αρρεναγωγείου)","Methodical Series of Essays, Volume 1, for 1st and 2nd grade Girls' School, and 2nd and 3rd grade Boys' School",σελίδες 67,2.20,,
1904,IMG_1372.jpeg,Η΄ ΣΥΝΘΕΣΕΙΣ,Compositions,,ΓΕΡΑΚΗ Γ.,Gerakis G.,"Μεθοδικὴ Σειρὰ ᾿Εκθέσεων, Τεῦχος Β΄, διὰ τὴν γ΄ καὶ δ΄ τάξιν Σχολείου (Παρθεναγωγείου) καὶ τὴν δ΄ καὶ ε΄ τάξιν (᾿Αρρεναγωγείου)","Methodical Series of Essays, Volume 2, for 3rd and 4th grade Girls' School, and 4th and 5th grade Boys' School",σελίδες 103,3.20,,
1904,IMG_1372.jpeg,Η΄ ΣΥΝΘΕΣΕΙΣ,Compositions,,ΜΕΛΑΝΙΝΟΥ ΧΑΡΙΛΑΟΥ Π.,Melaninos Charilaos P.,"Συνθέσεις Δημοσιευμέναι εἰς τρία τεύχη, Τεῦχος Α΄ (διὰ τὴν γ΄ καὶ δ΄ τάξιν)","Compositions Published in three volumes, Volume 1 (for 3rd and 4th grade)",,7.—,,
1904,IMG_1372.jpeg,Η΄ ΣΥΝΘΕΣΕΙΣ,Compositions,,ΜΕΛΑΝΙΝΟΥ ΧΑΡΙΛΑΟΥ Π.,Melaninos Charilaos P.,"Συνθέσεις, Τεῦχος Β΄ (διὰ τὴν ε΄ καὶ Ϛ΄ τάξιν)","Compositions, Volume 2 (for 5th and 6th grade)",,4.—,,
1904,IMG_1372.jpeg,Η΄ ΣΥΝΘΕΣΕΙΣ,Compositions,,ΟΛΥΜΠΙΟΥ Σ. Μ.,Olympios S. M.,"᾿Εγχειρίδιον προφορικῶν καὶ γραπτῶν ἐκθέσεων ἰδεῶν, συνταχθὲν κατὰ νέαν μέθοδον","Handbook of oral and written essay writing, composed according to a new method",σελίδες η΄-80 +,4.—,,
1904,IMG_1372.jpeg,Η΄ ΣΥΝΘΕΣΕΙΣ,Compositions,,ΠΑΠΑΒΑΣΙΛΕΙΟΥ Γ. Α.,Papavasileiou G. A.,῾Υποδείγματα Συνθέσεων,Models of Compositions,"8ον, σελίδες κε΄-87 +",8.20,,
1904,IMG_1372.jpeg,Θ΄ ΠΡΑΓΜΑΤΩΝΩΣΙΑ,Object Lessons,,ΙΩΑΝΝΙΔΟΥ Β.,Ioannidis V.,"Πραγματογνωσία Μαθήματα, Τεῦχος Α΄","Object Lessons Courses, Volume 1","8ον, σελ. β΄-116",4.—,,
1904,IMG_1372.jpeg,Θ΄ ΠΡΑΓΜΑΤΩΝΩΣΙΑ,Object Lessons,,ΙΩΑΝΝΙΔΟΥ Β.,Ioannidis V.,"Πραγματογνωσία Μαθήματα, Τεῦχος Β΄","Object Lessons Courses, Volume 2","8ον, σελ. 108",4.—,,
1904,IMG_1372.jpeg,Ι΄ ΑΠΑΓΓΕΛΙΑ,Recitation,,ΒΑΓΙΑ Ν. Ι.,Vagias N. I.,Σχολικὴ Δρόσος,School Dew,"8ον, σελίδες 96 +",4.—,,
1904,IMG_1372.jpeg,Ι΄ ΑΠΑΓΓΕΛΙΑ,Recitation,,ΓΕΡΑΚΑΡΗ Δ. Γ. καὶ ΣΥΛΛΗΜΠΡΙΔΟΥ Ν. Α.,Gerakaris D. G. and Syllimpridis N. A.,Παιδαγωγικὰ Ποιήματα καὶ Μῦθοι,Pedagogical Poems and Fables,σελίδες 151 +,5.—,,
1904,IMG_1372.jpeg,Ζ΄ ΣΥΝΤΑΚΤΙΚΑ,Syntax Books,,ΚΑΛΛΙΦΡΟΝΟΣ Β.,Kalliphronos V.,Συντακτικόν,Syntax,"8ον, σελίδες 130 +",4.—,,
1904,IMG_1372.jpeg,Ι΄ ΑΠΑΓΓΕΛΙΑ,Recitation,,ΓΕΩΡΓΑΛΑ Κ. Γ.,Georgalas K. G.,"᾿Ακάνθισμα Στίχων, γυμνάσματα ἐκ Ποιημάτων, Διηγήσεων, ὕμνων, ᾀσμάτων καὶ μύθων διαφόρων","Anthology of Verses, exercises from Poems, Stories, hymns, songs and various fables",σελ. 188,3.20,,
1904,IMG_1372.jpeg,Η΄ ΣΥΝΘΕΣΕΙΣ,Compositions,,ΑΓΑΝΙΚΟΥ Ι.,Aganikos I.,"Προκαταρκτικαὶ ᾿Εκθέσεις ᾿Ιδεῶν, Βιβλίον Β΄, πρὸς χρῆσιν τῶν διδασκάλων","Preliminary Essays of Ideas, Book 2, for teacher use",σελίδες 143,7.—,,
1904,IMG_1372.jpeg,Ζ΄ ΣΥΝΤΑΚΤΙΚΑ,Syntax Books,,ΙΑΣΕΜΙΔΟΥ Π.,Iasemidis P.,Συντακτικόν (μικρόν),Syntax (small),"8ον, σελ. 64 +",3.—,,
1904,IMG_1372.jpeg,Ζ΄ ΣΥΝΤΑΚΤΙΚΑ,Syntax Books,,ΑΝΤΩΝΙΑΔΟΥ Α.,Antoniadis A.,"Συντακτικόν, Α΄","Syntax, Part 1","8ον, σελίδες 236 +",6.—,,
1904,IMG_1372.jpeg,Ζ΄ ΣΥΝΤΑΚΤΙΚΑ,Syntax Books,,ΕΥΤΥΧΙΔΟΥ ΠΡΟΔΡΟΜΟΥ Δ.,Eutychidis Prodromos D.,"Συντακτικὸν τῆς ᾿Αττικῆς Διαλέκτου ἐπίτομον, μετ᾿ ἐρωτημάτων","Epitome of Attic Dialect Syntax, with questions","8ον, σελ. 102",5.—,,
1904,IMG_1372.jpeg,᾿Ελληνικὴ Γλῶσσα,Greek Language,,ΣΕΡΓΙΛΟΥ Γ. Ε.,Sergilos G. E.,"Γραμματικὴ τῆς Νεωτέρας ᾿Ελληνικῆς Γλώσσης μετὰ γυμνασμάτων, Τεῦχος Α΄, διὰ τὴν β΄ καὶ γ΄ τάξιν","Grammar of Modern Greek with exercises, Volume 1, for 2nd and 3rd grade",σελίδες 104,3.—,,
1904,IMG_1372.jpeg,Ζ΄ ΣΥΝΤΑΚΤΙΚΑ,Syntax Books,,ΖΗΚΙΔΟΥ Γ.,Zikidis G.,Συντακτικόν (μικρόν),Syntax (small),"8ον, σελ. 50+",4.20,,
1904,IMG_1372.jpeg,᾿Ελληνικὴ Γλῶσσα,Greek Language,,ΣΙΛΙΑ ΑΝΔΡ. Ν.,Silia Andr. N.,Γραμματικὴ ᾿Ελληνική,Greek Grammar,"8ον, σελ. η΄-239 +",12.—,,
1904,IMG_1372.jpeg,᾿Ελληνικὴ Γλῶσσα,Greek Language,,ΣΤΑΘΟΠΟΥΛΟΥ ΗΛ.,Stathopoulos Il.,Γραμματικὴ ᾿Ελληνικῆς Διαλέκτου,Grammar of the Greek Dialect,"8ον, σελ. 154+",8.—,,
1904,IMG_1372.jpeg,᾿Ελληνικὴ Γλῶσσα,Greek Language,,ΧΑΣΙΩΤΟΥ Ε.,Chasiotis E.,Γραμματικὴ τῆς ᾿Αρχαίας ᾿Ελληνικῆς Γλώσσης (μικρά),Grammar of Ancient Greek Language (small),"8ον, σελίδες 215 +",2.20,,
1904,IMG_1372.jpeg,᾿Ελληνικὴ Γλῶσσα,Greek Language,,ΧΑΣΙΩΤΟΥ Ε.,Chasiotis E.,Γραμματικὴ (μεγάλη),Grammar (large),"8ον, σελίδες 344 +",7.—,,
1904,IMG_1372.jpeg,Ε΄ ΚΑΤΑΛΟΓΟΙ ΑΝΩΜΑΛΩΝ ΡΗΜΑΤΩΝ,Lists of Irregular Verbs,,ΒΑΡΙΝΟΥ Ε.,Varinos E.,᾿Ανώμαλα ᾿Ρήματα καὶ ᾿Ονόματα,Irregular Verbs and Nouns,"8ον, σελ. 123+",5.—,,
1904,IMG_1372.jpeg,Ε΄ ΚΑΤΑΛΟΓΟΙ ΑΝΩΜΑΛΩΝ ΡΗΜΑΤΩΝ,Lists of Irregular Verbs,,ΓΑΒΑΛΑ ΖΑΦ.,Gavalas Zaf.,᾿Ανώμαλα ᾿Ρήματα,Irregular Verbs,"8ον, σελίδες 72",6.—,,
1904,IMG_1372.jpeg,Ε΄ ΚΑΤΑΛΟΓΟΙ ΑΝΩΜΑΛΩΝ ΡΗΜΑΤΩΝ,Lists of Irregular Verbs,,ΖΗΚΙΔΟΥ Γ.,Zikidis G.,᾿Ανώμαλα ᾿Ρήματα καὶ ᾿Ονόματα τῆς ᾿Αττικῆς Διαλέκτου,Irregular Verbs and Nouns of the Attic Dialect,"8ον, σελ. 100",5.—,,
1904,IMG_1372.jpeg,Ε΄ ΚΑΤΑΛΟΓΟΙ ΑΝΩΜΑΛΩΝ ΡΗΜΑΤΩΝ,Lists of Irregular Verbs,,ΝΙΚΟΛΑΪΔΟΥ ΣΠ.,Nikolaidis Sp.,᾿Ανώμαλα ᾿Ρήματα καὶ ᾿Ονόματα,Irregular Verbs and Nouns,σελ. 116,2.—,,
1904,IMG_1372.jpeg,Ε΄ ΚΑΤΑΛΟΓΟΙ ΑΝΩΜΑΛΩΝ ΡΗΜΑΤΩΝ,Lists of Irregular Verbs,,ΠΑΝΤΑΖΗ Μ.,Pantazis M.,᾿Ανώμαλον ῾Ρημάτων Κατάλογος,Catalog of Irregular Verbs,"8ον, σελ. 60",3.—,,
1904,IMG_1372.jpeg,Ε΄ ΚΑΤΑΛΟΓΟΙ ΑΝΩΜΑΛΩΝ ΡΗΜΑΤΩΝ,Lists of Irregular Verbs,,ΣΑΚΕΛΛΑΡΙΟΥ ΑΘ.,Sakellariou Ath.,᾿Ανώμαλα καὶ ᾿Ελλιπῆ ῾Ρήματα,Irregular and Defective Verbs,"8ον, σελ. 427 + 10",10.—,,
1904,IMG_1372.jpeg,᾿Ελληνικὴ Γλῶσσα,Greek Language,,ΣΕΡΓΙΛΟΥ Γ. Ε.,Sergilos G. E.,"Γραμματικὴ τῆς Νεωτέρας ᾿Ελληνικῆς Γλώσσης μετὰ γυμνασμάτων, Τεῦχος Β΄, διὰ τὴν δ΄ καὶ ε΄ τάξιν, μετὰ Παραρτήματος περιέχοντος τὸ καθολικὸν ἐκ τῆς ἀρχαίας","Grammar of Modern Greek with exercises, Volume 2, for 4th and 5th grade, with Appendix",σ. 240,5.—,,
1904,IMG_1372.jpeg,Ε΄ ΚΑΤΑΛΟΓΟΙ ΑΝΩΜΑΛΩΝ ΡΗΜΑΤΩΝ,Lists of Irregular Verbs,,ΤΣΙΤΟΠΟΥΛΟΥ Λ.,Tsitopoulos L.,᾿Ανώμαλα ῾Ρήματα καὶ ᾿Ονόματα,Irregular Verbs and Nouns,"8ον, σελ. 194+",4.—,,
1904,IMG_1372.jpeg,Ε΄ ΚΑΤΑΛΟΓΟΙ ΑΝΩΜΑΛΩΝ ΡΗΜΑΤΩΝ,Lists of Irregular Verbs,,ΣΠΥΡΙΔΩΝΙΔΟΥ Ι.,Spyridonidis I.,Κατάλογος ᾿Ανωμάλων ῾Ρημάτων καὶ ᾿Ονομάτων μετὰ παραδείγματος ᾿Ομωνύμων Λέξεων,Catalog of Irregular Verbs and Nouns with examples of Homonymous Words,"8ον, σελίδες δ΄-208",5.—,,
1904,IMG_1372.jpeg,Ϛ΄ ΟΡΘΟΓΡΑΦΙΚΑ ΚΑΙ ΤΕΧΝΟΛΟΓΙΚΑ,Orthography and Parsing Works,,ΤΖΑΝΕΤΟΥ Δ. Χ.,Tzanetos D. Ch.,᾿Εγχειρίδιον ᾿Ορθογραφίας τῆς ῾Ελληνικῆς Γλώσσης,Handbook of Greek Language Orthography,"8ον, γ΄-128 +",7.—,,
1904,IMG_1372.jpeg,Ϛ΄ ΟΡΘΟΓΡΑΦΙΚΑ ΚΑΙ ΤΕΧΝΟΛΟΓΙΚΑ,Orthography and Parsing Works,,,,Συντακτικόν... ᾿Ορθογραφίας ἐφαρμογὴ τῆς Γραμματικῆς καὶ τοῦ Συντακτικοῦ,Syntax... Application of Grammar and Syntax Orthography,σελ. 63,7.—,,
1904,IMG_1372.jpeg,Ϛ΄ ΟΡΘΟΓΡΑΦΙΚΑ ΚΑΙ ΤΕΧΝΟΛΟΓΙΚΑ,Orthography and Parsing Works,,ΣΚΟΡΔΕΛΗ ΒΝ.,Skordelis Vn.,"᾿Ασκήσεις Γραπταί, πρὸς Γυμναστικήν",Written Exercises for Training,σελ. 63,4.—,,
1904,IMG_1372.jpeg,Ϛ΄ ΟΡΘΟΓΡΑΦΙΚΑ ΚΑΙ ΤΕΧΝΟΛΟΓΙΚΑ,Orthography and Parsing Works,,ΠΑΠΑΝΑΡΟΥ Γ.,Papanaros G.,"Γυμνάσματα περὶ τὸ εὐπεῖν τῆς ᾿Ελληνικῆς, Μέρος Β΄, τεῦχ. α΄","Exercises in Greek Eloquence, Part 2, vol. 1","8ον, σ. 88",6.—,,
1904,IMG_1372.jpeg,Ζ΄ ΣΥΝΤΑΚΤΙΚΑ,Syntax Books,,ΑΣΩΠΙΟΥ Κ.,Asopios K.,"Συντακτικὸν, Περίοδος Α΄","Syntax, Period 1",σελίδες 140+,3.—,,
1904,IMG_1372.jpeg,Ϛ΄ ΟΡΘΟΓΡΑΦΙΚΑ ΚΑΙ ΤΕΧΝΟΛΟΓΙΚΑ,Orthography and Parsing Works,,ΚΩΝΣΤΑΝΤΙΝΙΔΟΥ Α.,Konstantinidis A.,᾿Ορθογραφικὰ Γυμνάσματα,Orthographic Exercises,σελ. 90 +,3.—,,
1904,IMG_1372.jpeg,Ϛ΄ ΟΡΘΟΓΡΑΦΙΚΑ ΚΑΙ ΤΕΧΝΟΛΟΓΙΚΑ,Orthography and Parsing Works,,ΚΑΡΑΚΑΤΣΑΝΗ Ι.,Karakatsanis I.,"᾿Ορθογραφικαὶ ᾿Ασκήσεις, Τεῦχος Β΄","Orthographic Exercises, Volume 2",σελ. δ΄-128+,5.—,,
1904,IMG_1372.jpeg,Ϛ΄ ΟΡΘΟΓΡΑΦΙΚΑ ΚΑΙ ΤΕΧΝΟΛΟΓΙΚΑ,Orthography and Parsing Works,,ΚΑΡΑΚΑΤΣΑΝΗ Ι.,Karakatsanis I.,"᾿Ορθογραφικαὶ ᾿Ασκήσεις, Τεῦχος Α΄","Orthographic Exercises, Volume 1",σελ. η΄-128+,5.—,,
1904,IMG_1372.jpeg,Ϛ΄ ΟΡΘΟΓΡΑΦΙΚΑ ΚΑΙ ΤΕΧΝΟΛΟΓΙΚΑ,Orthography and Parsing Works,,ΑΓΓΕΛΙΔΟΥ Ι.,Angelidis I.,᾿Ορθογραφικόν,Orthography Book,"8ον, σελίδες 128",7.—,,
1904,IMG_1372.jpeg,Ϛ΄ ΟΡΘΟΓΡΑΦΙΚΑ ΚΑΙ ΤΕΧΝΟΛΟΓΙΚΑ,Orthography and Parsing Works,,ΠΑΠΑΝΑΡΟΥ Γ.,Papanaros G.,"Γυμνάσματα περὶ τὸ εὐπεῖν τῆς ᾿Ελληνικῆς, Μέρος Α΄","Exercises in Greek Eloquence, Part 1","8ον, σ. 63",6.—,,
1904,IMG_1373.jpeg,ΙΣΤΟΡΙΑ,History,Β΄ ΕΛΛΗΝΙΚΑΙ ΙΣΤΟΡΙΑΙ,ΡΑΓΚΑΒΗ Α. Ρ.,Rangavi A. R.,Ἱστορία ῾Ελληνική,Greek History,"8ον, σελίδες 190",3.—,,
1904,IMG_1373.jpeg,ΙΣΤΟΡΙΑ,History,Β΄ ΕΛΛΗΝΙΚΑΙ ΙΣΤΟΡΙΑΙ,ΒΙΟΥΣΗ Κ.,Viousi K.,"Βιογραφικὴ Ἱστορία τῆς ᾿Αρχαίας ῾Ελλάδος, μετὰ εἰκόνων (Τεῦχος Α΄, Β΄, Γ΄)","Biographical History of Ancient Greece, with illustrations (Issue A, B, C)","σελ. 91, 116, 239",2.20,,"Τῦχος Α΄ 2.20, Β΄ 3.20, Γ΄ (Χρονολογική) 6.—"
1904,IMG_1373.jpeg,ΙΣΤΟΡΙΑ,History,Β΄ ΕΛΛΗΝΙΚΑΙ ΙΣΤΟΡΙΑΙ,ΕΥΣΤΡΑΤΙΑΔΟΥ Σ.,Efstratiadou S.,"᾿Εγχειρίδιον ᾿Αρχαίας ῾Ελληνικῆς Ἱστορίας, πρὸς χρῆσιν τῶν σχολείων ἀρρένων καὶ θηλέων","Handbook of Ancient Greek History, for use in boys' and girls' schools",σελίδες 5΄-135,5.—,,
1904,IMG_1373.jpeg,ΙΣΤΟΡΙΑ,History,Β΄ ΕΛΛΗΝΙΚΑΙ ΙΣΤΟΡΙΑΙ,ΖΑΧΑΡΙΑΔΟΥ Κ.,Zachariadou K.,"Ἱστορία ῾Ελληνική, βιογραφικῶς (Τεῦχος Α΄, Β΄, Γ΄, Δ΄)","Greek History, Biographically (Issues A, B, C, D)","σελ. 67, 79, 127, 96",2.—,,"Τεῦχος Α΄ 2.—, Β΄ 2.20, Γ΄ 3.20, Δ΄ 3.20"
1904,IMG_1373.jpeg,ΙΣΤΟΡΙΑ,History,Β΄ ΕΛΛΗΝΙΚΑΙ ΙΣΤΟΡΙΑΙ,ΚΟΥΖΟΥ Γ. Ι.,Kouzou G. I.,"Ἱστορία Βιογραφικὴ τῆς ᾿Αρχαίας ῾Ελλάδος, μετὰ εἰκόνων (Τεῦχος Α΄, Β΄)","Biographical History of Ancient Greece, with illustrations (Part A, B)","σελ. 80, 96",2.—,,"Τεῦχος Α΄ 2.—, Β΄ 2.—"
1904,IMG_1373.jpeg,ΙΣΤΟΡΙΑ,History,Β΄ ΕΛΛΗΝΙΚΑΙ ΙΣΤΟΡΙΑΙ,ΞΑΝΘΟΠΟΥΛΟΥ Κ.,Xanthopoulou K.,"Ἱστορία ῾Ελληνική βιογραφικῶς (Τῦμος Α΄, Β΄)","Greek History Biographically (Volume A, B)","σελ. 80, 96",2.—,,"Τῦμος Α΄ 2.—, Β΄ 2.—"
1904,IMG_1373.jpeg,ΙΣΤΟΡΙΑ,History,Β΄ ΕΛΛΗΝΙΚΑΙ ΙΣΤΟΡΙΑΙ,ΠΑΝΤΑΖΙΔΟΥ ΧΡ. Γ.,Pantazidou Chr. G.,"᾿Αρχαία ῾Ελληνικὴ Ἱστορία, κατά βιοὺς συντεταγμένη μετ' εἰκόνων, ἀνακεφαλαιώσεων, γενικῆς ἐπόψεως, χρονολογικοῦ πίνακος καὶ λεξικοῦ","Ancient Greek History, arranged by lives with illustrations, summaries, overview, chronological table and dictionary","σελ. 96, 171, 262",2.20,,"Πρώτη βαθμὶς 2.20, Δευτέρα 4.—, Τρίτη 5.—"
1904,IMG_1373.jpeg,ΙΣΤΟΡΙΑ,History,Ε΄ ΙΣΤΟΡΙΑΙ ΟΘΩΜΑΝΙΚΑΙ,ΜΗΛΙΟΠΟΥΛΟΥ Ι.,Miliopoulou I.,Ἱστορία ᾿Οθωμανική,Ottoman History,σελίδες 202,5.—,,
1904,IMG_1373.jpeg,ΙΣΤΟΡΙΑ,History,Β΄ ΕΛΛΗΝΙΚΑΙ ΙΣΤΟΡΙΑΙ,ΠΟΥΛΙΟΥ Χ.,Pouliou Ch.,Βίοι ᾿Επιφανῶν ᾿Ανδρῶν τῆς ᾿Αρχαίας ῾Ελλάδος,Lives of Eminent Men of Ancient Greece,σελ. 144,5.—,,
1904,IMG_1373.jpeg,ΙΣΤΟΡΙΑ,History,Β΄ ΕΛΛΗΝΙΚΑΙ ΙΣΤΟΡΙΑΙ,ΦΛΕΡΥ ΛΑΜΕ,Fleury Lame,᾿Αρχαία ῾Ελλάς,Ancient Greece,σ. 250,5.—,,
1904,IMG_1373.jpeg,ΙΣΤΟΡΙΑ,History,Γ΄ ΙΣΤΟΡΙΑΙ ΡΩΜΑΪΚΑΙ,ΠΑΝΤΑΖΙΔΟΥ Χ. Γ.,Pantazidou Ch. G.,"Ρωμαϊκὴ Ἱστορία, ῥηθεῖσα, κατ' εἰκόνας, χρονολογικὸν τάξιν, μετ' εἰκόνων, ἀνακεφαλαιώσεων, γενικῆς ἐπόψεως, χρονολογικοῦ πίνακος καὶ λεξικοῦ","Roman History, arranged with illustrations, chronological order, summaries, overview, chronological table and dictionary",σελ. 112,3.20,,
1904,IMG_1373.jpeg,ΙΣΤΟΡΙΑ,History,Β΄ ΕΛΛΗΝΙΚΑΙ ΙΣΤΟΡΙΑΙ,ΦΡΑΓΚΙΣΤΑ Ε.,Fragkista E.,Ἱστορία ῾Ελληνική. Τόμος Α΄,Greek History. Volume A,"8ον, σελ. 235",5.—,,
1904,IMG_1373.jpeg,ΙΣΤΟΡΙΑ,History,Γ΄ ΙΣΤΟΡΙΑΙ ΡΩΜΑΪΚΑΙ,ΖΑΧΑΡΙΑΔΟΥ Κ.,Zachariadou K.,Ἱστορίας-Ρωμαϊκῆς ᾿Εγχειρίδιον,Handbook of Roman History,σελ. 134,4.30,,
1904,IMG_1373.jpeg,ΙΣΤΟΡΙΑ,History,Γ΄ ΙΣΤΟΡΙΑΙ ΡΩΜΑΪΚΑΙ,ΜΥΣΤΑΚΙΔΟΥ Β. Α.,Mystakidou V. A.,Ρωμαϊκῆς Ἱστορίας ᾿Εγχειρίδιον,Handbook of Roman History,σελ. 159,5.—,,
1904,IMG_1373.jpeg,ΙΣΤΟΡΙΑ,History,Γ΄ ΙΣΤΟΡΙΑΙ ΡΩΜΑΪΚΑΙ,ΜΩΡΑΪΤΟΠΟΥΛΟΥ Κ.,Moraitopoulou K.,"Ρωμαϊκὴ Ἱστορία, κατὰ βιογραφικὴν μέθοδον","Roman History, according to biographical method",σελίδες 120,5.—,,
1904,IMG_1373.jpeg,ΙΣΤΟΡΙΑ,History,Γ΄ ΙΣΤΟΡΙΑΙ ΡΩΜΑΪΚΑΙ,ΣΕΡΠΙΑΔΟΥ Γ.,Serpiadou G.,"Ρωμαϊκὴ Ἱστορία, πρὸς χρῆσιν τῶν ἀστικῶν σχολῶν ἀρρένων καὶ θηλέων","Roman History, for use in civic schools for boys and girls",σελ. 227,6.—,,
1904,IMG_1373.jpeg,ΙΣΤΟΡΙΑ,History,Δ΄ ΙΣΤΟΡΙΑΙ ΒΥΖΑΝΤΙΝΑΙ,ΖΑΧΑΡΙΑΔΟΥ Κ.,Zachariadou K.,Ἱστορία Βυζαντινή,Byzantine History,σελίδες 135,5.20,,
1904,IMG_1373.jpeg,ΙΣΤΟΡΙΑ,History,Ε΄ ΙΣΤΟΡΙΑΙ ΟΘΩΜΑΝΙΚΑΙ,ΒΑΠΟΡΙΔΟΥ ΑΒΡ.,Vaporidou Avr.,"Ἱστορία Βιογραφικὴ τῶν Σουλτάνων τῆς ᾿Οθωμανικῆς Αὐτοκρατορίας, μετὰ εἰκόνων (Τεῦχος Α΄, Β΄)","Biographical History of the Sultans of the Ottoman Empire, with illustrations (Issue A, B)","σελ. 191, 240",7.20,,"Τεῦχος Α΄ 7.20, Β΄ 7.20"
1904,IMG_1373.jpeg,ΙΣΤΟΡΙΑ,History,Ε΄ ΙΣΤΟΡΙΑΙ ΟΘΩΜΑΝΙΚΑΙ,ΚΑΣΤΕΛΛΟΥ Γ.,Kastellou G.,Ἱστορία ᾿Οθωμανική,Ottoman History,σελίδες 122,5.—,,
1904,IMG_1373.jpeg,ΙΣΤΟΡΙΑ,History,Β΄ ΕΛΛΗΝΙΚΑΙ ΙΣΤΟΡΙΑΙ,,,Ἱστορίας ῾Ελληνικῆς Σύνοψις,Synopsis of Greek History,σελίδες 58,1.—,,
1904,IMG_1373.jpeg,ΙΣΤΟΡΙΑ,History,Β΄ ΕΛΛΗΝΙΚΑΙ ΙΣΤΟΡΙΑΙ,ΦΛΕΡΥ ΛΑΜΕ,Fleury Lame,"῾Ελληνικὴ Ἱστορία διηγμένη εἰς τὰ παιδία, μετάφρασις Ε. Α. Σίμου","Greek History Told to Children, translation by E. A. Simos",σελίδες η΄-248,8.—,,χαρτόδετος
1904,IMG_1373.jpeg,ΙΣΤΟΡΙΑ,History,Β΄ ΕΛΛΗΝΙΚΑΙ ΙΣΤΟΡΙΑΙ,ΑΝΤΩΝΙΑΔΟΥ ΣΠ.,Antoniadou Sp.,Διδασκαλία ῾Ελληνικῆς Ἱστορίας,Teaching of Greek History,σελ. β΄-64,0.30,,
1904,IMG_1373.jpeg,ΒΙΒΛΙΟΠΩΛΕΙΑ,Bookstore / Books,,ΞΕΝΟΠΟΥΛΟΥ ΓΡ.,Xenopoulou Gr.,"Θεάτρον Παιδικόν, ἤτοι Μονόλογοι, Διάλογοι καὶ Δραμάτια, δι' ἑορτὰς σχολείων καὶ διδασκαλεῖα, Τεῦχος Α΄","Children's Theatre, Monologues, Dialogues and Short Plays for school celebrations, Issue A",σελ. 127,9.—,,
1904,IMG_1373.jpeg,ΙΣΤΟΡΙΑ,History,Β΄ ΕΛΛΗΝΙΚΑΙ ΙΣΤΟΡΙΑΙ,ΑΘΑΝΑΣΙΑΔΟΥ Α. καὶ ΔΗΜΗΤΡΙΑΔΟΥ Ι.,Athanasiadou A. and Dimitriadou I.,"Ἱστορία τῆς ᾿Αρχαίας ῾Ελλάδος (Τεῦχ. Α΄, Β΄, Γ΄)","History of Ancient Greece (Part A, B, C)","σελ. 59, 112",2.20,,"Τεῦχ. Α΄ (Βιογρ. Ἱστορ.) 2.20, Β΄ 3.20, Γ΄ (Χρονολογική) 5.20"
1904,IMG_1373.jpeg,ΙΣΤΟΡΙΑ,History,Β΄ ΕΛΛΗΝΙΚΑΙ ΙΣΤΟΡΙΑΙ,ΑΝΘΟΠΟΥΛΟΥ Ι.,Anthopoulou I.,"Ἱστορία ῾Ελληνική, μετὰ γνωμικῶν","Greek History, with maxims",σελ. 59,3.—,,
1904,IMG_1373.jpeg,ΒΙΒΛΙΟΠΩΛΕΙΑ,Bookstore / Books,,ΙΩΑΝΝΙΔΟΥ Ι. Π.,Ioannidou I. P.,Κιθάρα τῶν Παιδίων,The Lyre of Children,σελ. 8ον,12.—,,
1904,IMG_1373.jpeg,ΒΙΒΛΙΟΠΩΛΕΙΑ,Bookstore / Books,,ΙΩΑΝΝΙΔΟΥ Ν. καὶ ΜΑΡΚΟΠΟΥΛΟΥ Κ.,Ioannidou N. and Markopoulou K.,᾿Ανθών,Flower Garden / Anthology,"8ον, σελ. η΄-456",10.—,,τ. 1
1904,IMG_1373.jpeg,ΒΙΒΛΙΟΠΩΛΕΙΑ,Bookstore / Books,,ΚΑΜΠΟΥΡΟΓΛΟΥ Ι. Δ.,Kampouroglou I. D.,"Κὶδ τὰ Παιδιὰ (μικρά, μεγαλήτερα, μεγάλα), ἑλληνικὰ ποιήματα πρὸς ἀποστηθίσιν, ἀπαγγελίαν ἢ ἆσμα","For Children (small, older, big), Greek poems for recitation or song","32ον, σελ. 130",3.—,,
1904,IMG_1373.jpeg,ΒΙΒΛΙΟΠΩΛΕΙΑ,Bookstore / Books,,ΚΑΡΝΕΗ Ν. Δ.,Karnei N. D.,Συλλογὴ Νέων Παιδικῶν Διαλόγων,Collection of New Children's Dialogues,σελ. 112,5.—,,
1904,IMG_1373.jpeg,ΒΙΒΛΙΟΠΩΛΕΙΑ,Bookstore / Books,,ΚΟΡΤΙΛΟΥ Α. Π.,Kortilou A. P.,᾿Εκλογὴ Ποιημάτων,Selection of Poems,σελ. 136,4.—,,
1904,IMG_1373.jpeg,ΒΙΒΛΙΟΠΩΛΕΙΑ,Bookstore / Books,,,,Παιδικὰ Δράματα καὶ Κωμῳδίαι,Children's Dramas and Comedies,σελ. 194,10.—,,μετ' εἰκόνων
1904,IMG_1373.jpeg,ΒΙΒΛΙΟΠΩΛΕΙΑ,Bookstore / Books,,ΚΟΤΣΟΝΗ Σ.,Kotsoni S.,"Παιδικὴ ᾿Ανθολογία, ἢτοι συλλογὴ ποιημάτων δοκίμων ἑλλήνων ποιητῶν","Children's Anthology, collection of poems by reputable Greek poets","τεύχη δύο, σελ. 64–96",4.—,,τ. 5
1904,IMG_1373.jpeg,ΒΙΒΛΙΟΠΩΛΕΙΑ,Bookstore / Books,,ΛΑΖΟΥ Ι. Ν.,Lazou I. N.,Συλλογὴ ᾿Εκλεκτῶν Παιδικῶν Διαλόγων καὶ ᾿Ασμάτων,Collection of Select Children's Dialogues and Songs,σελίδες 83,4.—,,
1904,IMG_1373.jpeg,ΒΙΒΛΙΟΠΩΛΕΙΑ,Bookstore / Books,,ΛΑΜΠΙΣΗ Ν.,Lampisi N.,"Διάλογοι τοῦ Διέξωσου, Συλλογὴ ἐμμέτρων μύθων, δίσκων καὶ ἑρμάτων","Dialogues, Collection of rhymed fables and tales",σελ. 160,3.20,,
1904,IMG_1373.jpeg,ΒΙΒΛΙΟΠΩΛΕΙΑ,Bookstore / Books,,ΕΙΜΑΡΜΕΝΟΥ ΑΙΜ.,Eimarmenou Aim.,"Διάλογοι Παιδικοί. Σειρὰ Α΄, Σειρὰ Β΄","Children's Dialogues. Series A, Series B",σελ. 95,5.—,,"Σειρὰ Α΄, σελ. 95 / Σειρὰ Β΄, σελ. 95"
1904,IMG_1373.jpeg,ΒΙΒΛΙΟΠΩΛΕΙΑ,Bookstore / Books,,ΜΙΣΙΤΖΗ ΔΗΜ. Κ.,Misitzi Dim. K.,"᾿Ανθοδέσμη τῶν Παιδίων, ἤτοι ποιήματα θρησκευτικά, ἠθικά, πραγματολογικὰ καὶ σκηνικά","Children's Bouquet, religious, moral, factual and theatrical poems",σελίδες ιε΄-171,6.—,,Price variant 3.—
1904,IMG_1373.jpeg,ΒΙΒΛΙΟΠΩΛΕΙΑ,Bookstore / Books,,ΜΕΤΡΗΝΟΥ Α. Δ.,Metrinou A. D.,"Κυψέλη Παιδικῶν Διαλόγων, ἤτοι Συλλογὴ διαφόρων διαλόγων, ποιημάτων καὶ ἁσμάτων","Beehive of Children's Dialogues, Collection of various dialogues, poems and songs",σελίδες 106,5.—,,
1904,IMG_1373.jpeg,ΙΣΤΟΡΙΑ,History,Α΄ ΙΣΤΟΡΙΑΙ ΑΝΑΤΟΛΙΚΩΝ ΕΘΝΩΝ,ΚΟΥΖΟΥ Γ. Ι.,Kouzou G. I.,Ἱστορία τῶν ᾿Ανατολικῶν Ἔθνων Στοιχειώδης,Elementary History of Eastern Nations,σελ. 64,3.—,,μετὰ εἰκόνων
1904,IMG_1373.jpeg,ΒΙΒΛΙΟΠΩΛΕΙΑ,Bookstore / Books,,ΦΕΡΜΠΟΥ Π.,Fermpou P.,Μῦθοι,Fables,σελ. 110,6.—,,
1904,IMG_1373.jpeg,ΒΙΒΛΙΟΠΩΛΕΙΑ,Bookstore / Books,,ΠΡΕΒΕΖΙΩΤΟΥ ΚΟΡΝΗΛΙΑΣ Λ.,Preveziotou Kornelias L.,"Ψεκάδες, Συλλογὴ Ποιημάτων","Raindrops, Collection of Poems",σελ. 37,4.—,,
1904,IMG_1373.jpeg,ΙΣΤΟΡΙΑ,History,Α΄ ΙΣΤΟΡΙΑΙ ΑΝΑΤΟΛΙΚΩΝ ΕΘΝΩΝ,ΚΟΥΖΟΥ Ι. καὶ ΒΙΟΥΣΗ Κ.,Kouzou I. and Viousi K.,Στοιχειώδης Ἱστορία τῶν ᾿Ανατολικῶν Ἔθνων,Elementary History of Eastern Nations,σελ. 64,3.—,,μετὰ εἰκόνων
1904,IMG_1373.jpeg,ΒΙΒΛΙΟΠΩΛΕΙΑ,Bookstore / Books,,ΠΑΠΠΟΥΛΗ Γ.,Pappouli G.,᾿Εκλογὴ ἐκ τῶν ᾿Αστείων Ἱεροκλέους,Selection from Hierocles' Jokes,σελ. 5΄-144,8.—,,
1904,IMG_1373.jpeg,ΒΙΒΛΙΟΠΩΛΕΙΑ,Bookstore / Books,,ΟΙΚΟΝΟΜΙΔΟΥ Η. Ι.,Oikonomidou I. I.,Παιδικὸς Διάλογος διὰ παιδία 5 – 12 ἐτῶν,Children's Dialogue for kids 5-12 years old,σελίδες 96,4.—,,
1904,IMG_1373.jpeg,ΒΙΒΛΙΟΠΩΛΕΙΑ,Bookstore / Books,,ΞΕΝΟΠΟΥΛΟΥ Ν.,Xenopoulou N.,"᾿Αίσματα Διάφορα, οἷς προσετέθησαν καὶ ἐγκώμια διὰ τὰς ἑορτὰς τῶν Χριστιανῶν, ῾Αγίου Βασιλείου καὶ Φώτων","Various Songs, with added praises for Christian holidays, St. Basil and Epiphany",σελ. 15,1.—,,τ. 1
1904,IMG_1373.jpeg,ΒΙΒΛΙΟΠΩΛΕΙΑ,Bookstore / Books,,ΠΑΠΟΥΛΙΑ Ι.,Papoulia I.,"Παιδικοὶ Διάλογοι ἢ τέρπουσα διδασκαλία τῆς Παιδικῆς ῾Ηλικίας, τεῦχος Α΄","Children's Dialogues or Delightful Teaching of Childhood, Issue A","8ον, σελ. 96",5.—,,
1904,IMG_1374.jpeg,Ε΄ ΜΑΘΗΜΑΤΙΚΑ,5. Mathematics,Α΄ ΑΡΙΘΜΗΤΙΚΑΙ,ΓΕΩΡΓΙΛΟΥ ΚΡ.,Georgilou Kr.,Ἀριθμητικὴ Πρακτική - Τεῦχος Γ΄,Practical Arithmetic - Volume C,σελ. 167,3.—,,
1904,IMG_1374.jpeg,Ε΄ ΜΑΘΗΜΑΤΙΚΑ,5. Mathematics,Α΄ ΑΡΙΘΜΗΤΙΚΑΙ,ΕΞΕΣΤΑΙΟΛΟΥ Α.,Exestaiolou A.,Στοιχειώδης Ἀριθμητικὴ μετὰ πολλῶν προβλημάτων,Elementary Arithmetic with many problems,"8ον, σελίδες 148",5.20,,
1904,IMG_1374.jpeg,Ε΄ ΜΑΘΗΜΑΤΙΚΑ,5. Mathematics,Α΄ ΑΡΙΘΜΗΤΙΚΑΙ,ΔΑΜΑΣΚΗΝΟΥ Α.,Damaskinou A.,Ἀριθμητικὴ (μικρά),Arithmetic (Small),"8ον, σελίδες 167",3.—,,
1904,IMG_1374.jpeg,Ε΄ ΜΑΘΗΜΑΤΙΚΑ,5. Mathematics,Α΄ ΑΡΙΘΜΗΤΙΚΑΙ,ΘΑΝΑΣΗ Δ. Γ.,Thanasi D. G.,"Ἀριθμητικὴ Πρακτική, μετὰ 500 προβλημάτων - Τεῦχος Α΄: Αἱ 4 τῶν ἀκεραίων πράξεις","Practical Arithmetic, with 500 problems - Volume A: The 4 operations on integers",σελ. 74,2.—,,
1904,IMG_1374.jpeg,Ε΄ ΜΑΘΗΜΑΤΙΚΑ,5. Mathematics,Α΄ ΑΡΙΘΜΗΤΙΚΑΙ,ΘΑΝΑΣΗ Δ. Γ.,Thanasi D. G.,Ἀριθμητικὴ Πρακτική - Τεῦχος Β΄: Κλασματικοὶ καὶ συμμιγεῖς ἀριθμοί,Practical Arithmetic - Volume B: Fractional and compound numbers,σελ. 142,3.—,,
1904,IMG_1374.jpeg,Ε΄ ΜΑΘΗΜΑΤΙΚΑ,5. Mathematics,Α΄ ΑΡΙΘΜΗΤΙΚΑΙ,ΔΗΜΗΤΡΙΑΔΟΥ Ι.,Dimitriadou I.,"Πρακτικὴ Ἀριθμητική, πλήρης","Practical Arithmetic, Complete","8ον, σελ. 88",5.—,,
1904,IMG_1374.jpeg,Ε΄ ΜΑΘΗΜΑΤΙΚΑ,5. Mathematics,Α΄ ΑΡΙΘΜΗΤΙΚΑΙ,ΔΡΑΚΗ Ι.,Draki I.,"Ἀριθμητικῆς Ἐπιτομὴ πινάκων, μέτρων καὶ σταθμῶν - Τμῆμα Α΄: Αἱ τέσσαρες πράξεις","Epitome of Arithmetic Tables, Weights and Measures - Part A: The four operations",σελίδες 48,0.20,,
1904,IMG_1374.jpeg,Ε΄ ΜΑΘΗΜΑΤΙΚΑ,5. Mathematics,Α΄ ΑΡΙΘΜΗΤΙΚΑΙ,ΔΡΑΚΗ Ι.,Draki I.,"Ἀριθμητικῆς Ἐπιτομὴ πινάκων, μέτρων καὶ σταθμῶν - Τμῆμα Β΄: Κλασματικοὶ ἀριθμοὶ καὶ μέθοδοι","Epitome of Arithmetic Tables, Weights and Measures - Part B: Fractional numbers and methods",σελ. 50,0.20,,
1904,IMG_1374.jpeg,Ε΄ ΜΑΘΗΜΑΤΙΚΑ,5. Mathematics,Α΄ ΑΡΙΘΜΗΤΙΚΑΙ,ΖΗΣΙΜΟΠΟΥΛΟΥ Η. Κ.,Zisimopoulou I. K.,Ἀριθμητικὴ Πρακτική,Practical Arithmetic,σελ. 160,5.—,,
1904,IMG_1374.jpeg,Ε΄ ΜΑΘΗΜΑΤΙΚΑ,5. Mathematics,Α΄ ΑΡΙΘΜΗΤΙΚΑΙ,ΜΑΝΑΡΗ ΣΠ.,Manari Sp.,Ἀριθμητική,Arithmetic,"8ον, σ. 160",8.—,,
1904,IMG_1374.jpeg,Ε΄ ΜΑΘΗΜΑΤΙΚΑ,5. Mathematics,Α΄ ΑΡΙΘΜΗΤΙΚΑΙ,ΖΗΣΙΜΟΠΟΥΛΟΥ Η. Κ.,Zisimopoulou I. K.,Ἀριθμητικὴ Στοιχειώδης - Τεῦχος Β΄,Elementary Arithmetic - Volume B,σ. 104,3.20,,
1904,IMG_1374.jpeg,Ε΄ ΜΑΘΗΜΑΤΙΚΑ,5. Mathematics,Α΄ ΑΡΙΘΜΗΤΙΚΑΙ,ΖΗΣΙΜΟΠΟΥΛΟΥ Η. Κ.,Zisimopoulou I. K.,Κοινή: Ἀριθμητική,Combined Arithmetic,"8ον, σ. 224",10.—,,
1904,IMG_1374.jpeg,Ε΄ ΜΑΘΗΜΑΤΙΚΑ,5. Mathematics,Α΄ ΑΡΙΘΜΗΤΙΚΑΙ,ΗΛΙΟΠΟΥΛΟΥ Γ. Α.,Iliopoulou G. A.,Ἀριθμητικὴ Πρακτική,Practical Arithmetic,σελίδες 114,4.—,,
1904,IMG_1374.jpeg,Ε΄ ΜΑΘΗΜΑΤΙΚΑ,5. Mathematics,Α΄ ΑΡΙΘΜΗΤΙΚΑΙ,ΝΙΚΟΛΑΙΔΟΥ Β.,Nikolaidou V.,"Στοιχειώδης Ἀριθμητική, ἐκδόσεως δον","Elementary Arithmetic, 4th edition",σελ. 259,5.—,,
1904,IMG_1374.jpeg,Ε΄ ΜΑΘΗΜΑΤΙΚΑ,5. Mathematics,Α΄ ΑΡΙΘΜΗΤΙΚΑΙ,ΞΑΝΘΟΠΟΥΛΟΥ Γ. Ι.,Xanthopoulou G. I.,Στοιχειώδης Πρακτικὴ Ἀριθμητική,Elementary Practical Arithmetic,σελ. 119,3.—,,
1904,IMG_1374.jpeg,Ε΄ ΜΑΘΗΜΑΤΙΚΑ,5. Mathematics,Α΄ ΑΡΙΘΜΗΤΙΚΑΙ,ΞΗΡΟΓΙΑΝΝΗ Φ. καὶ ΛΟΥΒΑΡΗ Γ.,Xirogianni F. and Louvari G.,"Ἀριθμητικὴ Πρακτική, ἐφηρμοσμένη ἐν τῷ ἡμέρᾳ ἀγορᾷ - Τεῦχος Β΄",Practical Arithmetic Applied in Daily Commerce - Volume B,σελ. 115,4.—,,Volume A is listed as out of print (ἐξαντλήθη)
1904,IMG_1374.jpeg,Ε΄ ΜΑΘΗΜΑΤΙΚΑ,5. Mathematics,Α΄ ΑΡΙΘΜΗΤΙΚΑΙ,ΠΑΠΑΔΟΠΟΥΛΟΥ ΝΙΚ.,Papadopoulou Nik.,Ἀριθμητική,Arithmetic,"8ον, σελ. 231",4.—,,
1904,IMG_1374.jpeg,Ε΄ ΜΑΘΗΜΑΤΙΚΑ,5. Mathematics,Α΄ ΑΡΙΘΜΗΤΙΚΑΙ,ΓΕΩΡΓΙΛΟΥ ΚΡ.,Georgilou Kr.,Ἀριθμητικὴ Πρακτική - Τεῦχος Β΄,Practical Arithmetic - Volume B,σελ. 116,4.—,,
1904,IMG_1374.jpeg,Ε΄ ΜΑΘΗΜΑΤΙΚΑ,5. Mathematics,Α΄ ΑΡΙΘΜΗΤΙΚΑΙ,ΖΗΣΙΜΟΠΟΥΛΟΥ Η. Κ.,Zisimopoulou I. K.,Ἀριθμητικὴ Στοιχειώδης - Τεῦχος Α΄,Elementary Arithmetic - Volume A,σ. 110,3.—,,
1904,IMG_1374.jpeg,Ε΄ ΜΑΘΗΜΑΤΙΚΑ,5. Mathematics,Α΄ ΑΡΙΘΜΗΤΙΚΑΙ,ΓΕΩΡΓΙΛΟΥ ΚΡ.,Georgilou Kr.,"Ἀριθμητικὴ Πρακτική, μετὰ συλλογῆς 230 προβλημάτων - Τεῦχος Α΄","Practical Arithmetic, with a collection of 230 problems - Volume A",σελ. 72,2.—,,
1904,IMG_1374.jpeg,Ε΄ ΜΑΘΗΜΑΤΙΚΑ,5. Mathematics,Α΄ ΑΡΙΘΜΗΤΙΚΑΙ,ΓΕΡΑΚΗ Γ.,Geraki G.,"Ἀριθμητικὴ Πρακτική - Φυλλάδιον Γ΄: Δεκαδικοὶ ἀριθμοί, διαίρεσις ἐπὶ ἀκεραίων","Practical Arithmetic - Booklet C: Decimal numbers, division by integers",σ. 120,4.—,,
1904,IMG_1374.jpeg,Ε΄ ΜΑΘΗΜΑΤΙΚΑ,5. Mathematics,Α΄ ΑΡΙΘΜΗΤΙΚΑΙ,ΑΠΟΣΤΟΛΟΠΟΥΛΟΥ Θ.,Apostolopoulou Th.,Ἀριθμητικῆς Μαθήματα - Τεῦχος Α΄,Lessons in Arithmetic - Volume A,σελ. 48,3.—,,
1904,IMG_1374.jpeg,Ε΄ ΜΑΘΗΜΑΤΙΚΑ,5. Mathematics,Α΄ ΑΡΙΘΜΗΤΙΚΑΙ,ΓΕΡΑΚΗ Γ.,Geraki G.,Ἀριθμητικὴ Πρακτική - Φυλλάδιον Β΄: Αἱ τέσσαρες πράξεις ἐπὶ εὐρυτέρου κύκλου ἀριθμῶν,Practical Arithmetic - Booklet B: The four operations on a broader range of numbers,σελ. 120,3.20,,
1904,IMG_1374.jpeg,Δ΄ ΜΥΘΟΛΟΓΙΑ,4. Mythology,,ΓΕΡΟΥΖΕ Ε.,Gerouze E.,"Μυθολογία Ἐπίτομος περιέχουσα τὴν Ἑλληνικὴν καὶ Ῥωμαϊκὴν Μυθολογίαν, μετὰ συντόμου ἐκθέσεως τῶν δοξασιῶν τῶν Ἰνδῶν, Ἀσσυρίων, Αἰγυπτίων, Σκανδιναυῶν, Γαλατῶν, μεταφρασθεῖσα ὑπὸ Δημ. Νοννότου, μετὰ 48 χαλκογραφιῶν","Epitome of Mythology containing Greek and Roman Mythology, with a brief account of the beliefs of the Indians, Assyrians, Egyptians, Scandinavians, Gauls, translated by Dim. Nonnotos, with 48 copperplate engravings",σελ. 222,6.—,,
1904,IMG_1374.jpeg,Δ΄ ΜΥΘΟΛΟΓΙΑ,4. Mythology,,ΖΑΧΑΡΙΑΔΟΥ Κ.,Zachariadou K.,Μυθολογία Ἑλληνική,Greek Mythology,σελίδες 160,5.—,,
1904,IMG_1374.jpeg,Δ΄ ΜΥΘΟΛΟΓΙΑ,4. Mythology,,,,Προστάγματα Ἑλληνικῆς Μυθολογίας,Commands of Greek Mythology,σελίδες 120,2.—,,
1904,IMG_1374.jpeg,Ε΄ ΜΑΘΗΜΑΤΙΚΑ,5. Mathematics,Α΄ ΑΡΙΘΜΗΤΙΚΑΙ,ΑΚΟΥ ΑΓΑΜΕΜΝΟΝΟΣ,Akou Agamemnonos,Τὰ πρῶτα βήματα τῆς Ἀριθμητικῆς - Τεῦχος Α΄,First steps in Arithmetic - Volume A,σελ. 64,2.—,,
1904,IMG_1374.jpeg,Ε΄ ΜΑΘΗΜΑΤΙΚΑ,5. Mathematics,Α΄ ΑΡΙΘΜΗΤΙΚΑΙ,ΑΚΟΥ ΑΓΑΜΕΜΝΟΝΟΣ,Akou Agamemnonos,Τὰ πρῶτα βήματα τῆς Ἀριθμητικῆς - Τεῦχος Β΄,First steps in Arithmetic - Volume B,σελ. 88,2.—,,
1904,IMG_1374.jpeg,Ε΄ ΜΑΘΗΜΑΤΙΚΑ,5. Mathematics,Α΄ ΑΡΙΘΜΗΤΙΚΑΙ,ΑΠΟΣΤΟΛΟΠΟΥΛΟΥ Θ.,Apostolopoulou Th.,Ἀριθμητικῆς Μαθήματα - Τεῦχος Β΄,Lessons in Arithmetic - Volume B,σελ. 88,4.—,,
1904,IMG_1374.jpeg,Ε΄ ΜΑΘΗΜΑΤΙΚΑ,5. Mathematics,Α΄ ΑΡΙΘΜΗΤΙΚΑΙ,ΑΡΑΠΗ ΑΠ. Σ.,Arapi Ap. S.,Ἀριθμητικὴ Γυμνασμάτων - Τεῦχος Α΄ (Εἰσαγωγική. Α΄): Αἱ τέσσαρες θεμελιώδεις πράξεις ἐπὶ τῶν ἀριθμῶν 1—20,Arithmetic Exercises - Volume A (Introductory A): The four basic operations on numbers 1-20,σελίδες 59,1.20,,
1904,IMG_1374.jpeg,Ε΄ ΜΑΘΗΜΑΤΙΚΑ,5. Mathematics,Α΄ ΑΡΙΘΜΗΤΙΚΑΙ,ΑΡΑΠΗ ΑΠ. Σ.,Arapi Ap. S.,Ἀριθμητικὴ Γυμνασμάτων - Τεῦχος Γ΄ (Ἔτος σχολικόν. Γ΄): Αἱ τέσσαρες θεμελιώδεις πράξεις ἐπὶ τῶν ἀριθ. 1—1000,Arithmetic Exercises - Volume C (School Year C): The four basic operations on numbers 1-1000,σελ. 56,2.—,,
1904,IMG_1374.jpeg,Ε΄ ΜΑΘΗΜΑΤΙΚΑ,5. Mathematics,Α΄ ΑΡΙΘΜΗΤΙΚΑΙ,ΑΡΑΠΗ ΑΠ. Σ.,Arapi Ap. S.,Ἀριθμητικὴ Γυμνασμάτων - Τεῦχος Β΄ (Εἰσαγωγική. Β΄): Αἱ τέσσαρες θεμελιώδεις πράξεις ἐπὶ τῶν ἀριθμῶν 1—100,Arithmetic Exercises - Volume B (Introductory B): The four basic operations on numbers 1-100,σελίδες 59,1.20,,
1904,IMG_1374.jpeg,Ε΄ ΜΑΘΗΜΑΤΙΚΑ,5. Mathematics,Α΄ ΑΡΙΘΜΗΤΙΚΑΙ,ΑΡΑΠΗ ΑΠ. Σ.,Arapi Ap. S.,Ἀριθμητικὴ Γυμνασμάτων - Τεῦχος Ε΄ (Ἔτος ε΄ καὶ στ΄): Ὁ κύκλος τῶν ἀριθμῶν ἀπεριόριστος,Arithmetic Exercises - Volume E (School Years E and F): Unlimited range of numbers,,4.—,,
1904,IMG_1374.jpeg,Ε΄ ΜΑΘΗΜΑΤΙΚΑ,5. Mathematics,Α΄ ΑΡΙΘΜΗΤΙΚΑΙ,ΑΦΕΛΙΟΥ Γ. καὶ ΒΑΙΟΥΕΥ Κ.,Afeliou G. and Vaiouef K.,"Ἀριθμητική - Τεῦχος Α΄ (Ἔτος α΄ καὶ β΄): Αἱ τέσσαρες θεμελιώδεις πράξεις ἐπὶ τῶν ἀριθμῶν 1 μέχρι 10, 1 μέχρι 20 καὶ 1 μέχρι 100","Arithmetic - Volume A (Years 1 and 2): The four basic operations on numbers 1 to 10, 1 to 20, and 1 to 100",σελίδες 84,2.20,,
1904,IMG_1374.jpeg,Ε΄ ΜΑΘΗΜΑΤΙΚΑ,5. Mathematics,Α΄ ΑΡΙΘΜΗΤΙΚΑΙ,ΑΦΕΛΙΟΥ Γ. καὶ ΒΑΙΟΥΕΥ Κ.,Afeliou G. and Vaiouef K.,Ἀριθμητική - Τεῦχος Β΄ (Ἔτος γ΄): Αἱ τέσσαρες θεμελιώδεις πράξεις ἐπὶ τῶν ἀριθμῶν 1 μέχρι 1000,Arithmetic - Volume B (Year 3): The four basic operations on numbers 1 to 1000,σελ. 76,2.20,,
1904,IMG_1374.jpeg,Ε΄ ΜΑΘΗΜΑΤΙΚΑ,5. Mathematics,Α΄ ΑΡΙΘΜΗΤΙΚΑΙ,ΑΦΕΛΙΟΥ Γ. καὶ ΒΑΙΟΥΕΥ Κ.,Afeliou G. and Vaiouef K.,Ἀριθμητική - Τεῦχος Δ΄ (Ἔτος σχολικὸν ε΄): Ὑπολογισμὸς τῶν κλασμάτων κοινῶν καὶ δεκαδικῶν,Arithmetic - Volume D (School Year 5): Calculation of common and decimal fractions,σελίδες 103,3.20,,
1904,IMG_1374.jpeg,Ε΄ ΜΑΘΗΜΑΤΙΚΑ,5. Mathematics,Α΄ ΑΡΙΘΜΗΤΙΚΑΙ,ΑΦΕΛΙΟΥ Γ. καὶ ΒΑΙΟΥΕΥ Κ.,Afeliou G. and Vaiouef K.,Ἀριθμητική - Τεῦχος Ε΄ (Ἔτος σχολικὸν στ΄ καὶ ζ΄),Arithmetic - Volume E (School Years 6 and 7),σελ. 171,4.20,,
1904,IMG_1374.jpeg,Ε΄ ΜΑΘΗΜΑΤΙΚΑ,5. Mathematics,Α΄ ΑΡΙΘΜΗΤΙΚΑΙ,ΑΦΕΛΙΟΥ Γ. καὶ ΒΑΙΟΥΕΥ Κ.,Afeliou G. and Vaiouef K.,"Παραρτήματα, περιέχον τὰς λύσεις τῶν ἐν τοῖς τεύχεσι Γ΄, Δ΄ καὶ Ε΄ προβλημάτων","Appendices, containing solutions to problems in volumes C, D, and E",σελ. 112,5.—,,
1904,IMG_1374.jpeg,Ε΄ ΜΑΘΗΜΑΤΙΚΑ,5. Mathematics,Α΄ ΑΡΙΘΜΗΤΙΚΑΙ,ΒΑΛΣΑΜΑΚΗ ΗΛ.,Valsamaki Il.,"Ἀριθμητικὴ Στοιχειώδης - Τόμος Α΄, ἤτοι Ἑρμηνευμένη Ἀριθμητική, περιέχουσα 404 προβλήματα πρὸς λύσιν καὶ 101 ἀσκήσεις","Elementary Arithmetic - Volume A, Explained Arithmetic, containing 404 problems for solution and 101 exercises","8ον, σελίδες 268",7.—,,
1904,IMG_1374.jpeg,Ε΄ ΜΑΘΗΜΑΤΙΚΑ,5. Mathematics,Α΄ ΑΡΙΘΜΗΤΙΚΑΙ,ΒΑΦΑ Χ.,Vafa Ch.,Ἀριθμητικὴ Πρακτική - Μέρος Β΄,Practical Arithmetic - Part B,"8ον, σελ. 82",4.—,,
1904,IMG_1374.jpeg,Ε΄ ΜΑΘΗΜΑΤΙΚΑ,5. Mathematics,Α΄ ΑΡΙΘΜΗΤΙΚΑΙ,ΓΕΡΑΚΗ Γ.,Geraki G.,Ἀριθμητικὴ Πρακτική - Φυλλάδιον Α΄: Αἱ τέσσαρες πράξεις ἐπὶ τῶν ἀριθμῶν 1—100,Practical Arithmetic - Booklet A: The four operations on numbers 1-100,σελ. 72,3.20,,
1904,IMG_1374.jpeg,Ε΄ ΜΑΘΗΜΑΤΙΚΑ,5. Mathematics,Α΄ ΑΡΙΘΜΗΤΙΚΑΙ,ΑΡΑΠΗ ΑΠ. Σ.,Arapi Ap. S.,Ἀριθμητικὴ Γυμνασμάτων - Τεῦχος Δ΄ (Ἔτος σχολ. Δ΄): Ὁ κύκλος τῶν ἀριθμῶν 1—1000000,Arithmetic Exercises - Volume D (School Year D): The range of numbers 1-1000000,σελ. 92,3.—,,
1904,IMG_1375.jpeg,ΓΕΩΜΕΤΡΙΑ,Geometry,Γ' ΓΕΩΜΕΤΡΙΑ,ΓΕΡΑΚΗ Γ.,Geraki G.,Γεωμετρία Στοιχειώδης,Elementary Geometry,σελίδες 112,3.—,,
1904,IMG_1375.jpeg,ΓΕΩΜΕΤΡΙΑ,Geometry,Γ' ΓΕΩΜΕΤΡΙΑ,ΔΡΑΚΗ Ι.,Draki I.,Διαμετρική,Diametric,"μέγα 8ον, σελίδες 15",10.—,,
1904,IMG_1375.jpeg,ΓΕΩΜΕΤΡΙΑ,Geometry,Γ' ΓΕΩΜΕΤΡΙΑ,ΔΑΜΑΣΚΗΝΟΥ Α.,Damaskinou A.,Γεωμετρία Στοιχειώδης,Elementary Geometry,"8ον, σελ. 88",3.—,,
1904,IMG_1375.jpeg,ΓΕΩΜΕΤΡΙΑ,Geometry,Γ' ΓΕΩΜΕΤΡΙΑ,ΒΑΦΑ Χ.,Vafa Ch.,Γεωμετρία Στοιχειώδης,Elementary Geometry,σελίδες 83,5.—,,
1904,IMG_1375.jpeg,Ἀριθμητικὴ,Arithmetic,,ΠΕΤΡΙΔΟΥ Δ.,Petridou D.,Ἀριθμητικὰ Προβλήματα. Τεύχος Α',Arithmetic Problems. Volume A',"8ον, σελ. 59",3.—,,
1904,IMG_1375.jpeg,ΓΕΩΜΕΤΡΙΑ,Geometry,Γ' ΓΕΩΜΕΤΡΙΑ,ΑΦΕΙΔΟΥ Γ. καὶ ΒΙΟΥΣΟΥ Κ.,Afeidou G. and Viousou K.,Γεωμετρία Στοιχειώδης,Elementary Geometry,σελ. 115,4.—,,
1904,IMG_1375.jpeg,Ἀριθμητικὴ,Arithmetic,,ΣΤΑΜ Σ. Ε.,Stam S. E.,Προβλήματα ἐπὶ τῇ βάσει τῆς Στοιχε. Πρακτ. Ἀριθμητικῆς Ι. Ν. Χατζηδάκη,Problems based on the Elem. Pract. Arithmetic of I. N. Chatzidakis,"8ον, σελ. 112",5.—,,
1904,IMG_1375.jpeg,Ἀριθμητικὴ,Arithmetic,,ΠΟΥΛΙΟΥ Χ.,Pouliou Ch.,Προβλήματα Ἀριθμητικά. Τεύχος Α',Arithmetic Problems. Volume A',σελ. 32,2.—,,
1904,IMG_1375.jpeg,ΓΕΩΜΕΤΡΙΑ,Geometry,Γ' ΓΕΩΜΕΤΡΙΑ,ΜΑΝΤΑΚΗ Γ. Α.,Mantaki G. A.,Γεωμετρία,Geometry,σελ. 151,5.—,,
1904,IMG_1375.jpeg,ΓΕΩΜΕΤΡΙΑ,Geometry,Γ' ΓΕΩΜΕΤΡΙΑ,ΒΑΣΜΑΤΖΙΔΟΥ Γ. Ι.,Vasmatzidou G. I.,Γεωμετρία Στοιχειώδης,Elementary Geometry,σελ. 240,5.—,,
1904,IMG_1375.jpeg,ΓΕΩΜΕΤΡΙΑ,Geometry,Γ' ΓΕΩΜΕΤΡΙΑ,ΠΑΠΑΔΑΚΗ Κ. Γ.,Papadaki K. G.,Γεωμετρία Πρακτική,Practical Geometry,"8ον, σελ. 47",3.—,,
1904,IMG_1375.jpeg,ΦΥΣΙΟΓΝΩΣΙΑ,Natural History / Nature Study,Α' ΦΥΣΙΚΗ ΙΣΤΟΡΙA,ΑΘΑΝΑΣΙΑΔΟΥ Α. Π.,Athanasiadou A. P.,Φυσικὴ Ἱστορία,Natural History,σελ. 119,4.—,,
1904,IMG_1375.jpeg,ΓΕΩΜΕΤΡΙΑ,Geometry,Γ' ΓΕΩΜΕΤΡΙΑ,ΡΗΓΟΠΟΥΛΟΥ Δ. Ρ.,Rigopoulou D. R.,Γεωμετρία Πρακτική,Practical Geometry,"8ον, σελ. 112",5.—,,
1904,IMG_1375.jpeg,ΓΕΩΜΕΤΡΙΑ,Geometry,Γ' ΓΕΩΜΕΤΡΙΑ,ΣΑΚΕΛΛΑΡΟΠΟΥΛΟΥ ΘΟΝ.,Sakellaropoulou Thon.,Διδασκαλία Γεωμετρίας,Teaching of Geometry,"8ον, σελ. 68",4.—,,
1904,IMG_1375.jpeg,ΓΕΩΜΕΤΡΙΑ,Geometry,Γ' ΓΕΩΜΕΤΡΙΑ,ΣΚΟΡΔΕΛΗ ΒΛ.,Skordeli Vl.,Γεωμετρίας Πρακτικῆς Μαθήματα,Practical Geometry Lessons,"8ον, σ. 48",4.—,,
1904,IMG_1375.jpeg,ΦΥΣΙΟΓΝΩΣΙΑ,Natural History / Nature Study,Α' ΦΥΣΙΚΗ ΙΣΤΟΡΙA,ΒΙΟΥΣΟΥ Κ. καὶ ΑΦΕΙΔΟΥ Γ.,Viousou K. and Afeidou G.,Φυσικὴ Ἱστορία,Natural History,"8ον, σελ. 80",10.—,,
1904,IMG_1375.jpeg,ΓΕΩΜΕΤΡΙΑ,Geometry,Γ' ΓΕΩΜΕΤΡΙΑ,ΧΑΤΖΗΔΑΚΗ Ι.,Chatzidaki I.,Γεωμετρίας Στοιχεῖα (μικρά),Elements of Geometry (small),σελ. 138,3.20,,
1904,IMG_1375.jpeg,ΔΙΠΛΟΓΡΑΦΙΑ,Double-entry Bookkeeping,Δ' ΔΙΠΛΟΓΡΑΦΙΑ,ΚΩΣΤΟΠΟΥΛΟΥ Π. Κ.,Kostopoulou P. K.,Ὁ Λογιστὴς ἤτοι Πρακτική Διδασκαλία τῆς ἀλληλογραφίας,The Accountant or Practical Teaching of correspondence,"8ον, σελ. 275",10.—,,
1904,IMG_1375.jpeg,ΔΙΠΛΟΓΡΑΦΙΑ,Double-entry Bookkeeping,Δ' ΔΙΠΛΟΓΡΑΦΙΑ,ΣΑΡΛΗ Ν.,Sarli N.,Ερμηνευμένη Ἐμπορική Λογιστική,Interpreted Commercial Accounting,"8ον, σελ. 100",10.—,,
1904,IMG_1375.jpeg,ΔΙΠΛΟΓΡΑΦΙΑ,Double-entry Bookkeeping,Δ' ΔΙΠΛΟΓΡΑΦΙΑ,ΧΑΡΙΣΙΑΔΟΥ Ν.,Charisiadou N.,Λογιστικῆς Στοιχεῖα. Μέρος Α',Elements of Accounting. Part A',σελίδες 96,10.—,,
1904,IMG_1375.jpeg,ΔΙΠΛΟΓΡΑΦΙΑ,Double-entry Bookkeeping,Δ' ΔΙΠΛΟΓΡΑΦΙΑ,ΧΑΡΙΣΙΑΔΟΥ Ν.,Charisiadou N.,Λογιστικῆς Στοιχεῖα. Μέρος Β',Elements of Accounting. Part B',σελίδες 172,10.—,,
1904,IMG_1375.jpeg,ΓΕΩΜΕΤΡΙΑ,Geometry,Γ' ΓΕΩΜΕΤΡΙΑ,ΠΙΣΤΟΥ Γ. Α.,Pistou G. A.,Λύσεις τῶν ἐφαρμογῶν τῆς Στοιχειώδους Γεωμετρίας Χατζηδάκη,Solutions of applications of Elementary Geometry of Chatzidakis,"8ον, σελ. 47",7.10,,
1904,IMG_1375.jpeg,Ἀριθμητικὴ,Arithmetic,,ΜΩΡΑΪΤΟΥ ΣΠ.,Moraitou Sp.,Ἀριθμητικὰ Προβλήματα,Arithmetic Problems,σελ. 56,1.—,,
1904,IMG_1375.jpeg,Ἀριθμητικὴ,Arithmetic,,ΠΑΥΛΟΥ Π. Η.,Pavlou P. H.,Ἀριθμητικὴ Ἐμπορική Πρακτική,Commercial Practical Arithmetic,σ. 175 + 8,8.—,,
1904,IMG_1375.jpeg,Ἀριθμητικὴ,Arithmetic,Β' ΠΡΟΒΛΗΜΑΤΟΛΟΓΙΑ,ΔΑΜΑΣΚΗΝΟΥ Α.,Damaskinou A.,Προβλήματα Ἀριθμητικῶν Ἀσκήσεων καὶ Προβλημάτων Συλλογή,Problems of Arithmetic Exercises and Collection of Problems,σελ. 73,3.—,,
1904,IMG_1375.jpeg,Ἀριθμητικὴ,Arithmetic,,ΚΟΥΝΤΟΥΡΗ Γ.,Kountouri G.,Ἀριθμητικοὶ Πίνακες. Μέρος Α',Arithmetic Tables. Part A',"4ον, σελ. 20",2.20,,
1904,IMG_1375.jpeg,Ἀριθμητικὴ,Arithmetic,,,,1-100. Αἱ τέσσαρες πράξεις τῶν ἀκεραίων. Τεῦχος Α',1-100. The four operations of integers. Volume A',σελ. 72,2.20,,
1904,IMG_1375.jpeg,Ἀριθμητικὴ,Arithmetic,,,,Τεῦχος Β': Ἀριθμητικαὶ πρᾶξεις τῶν ἀκεραίων,Volume B': Arithmetic operations of integers,σελ. 69,2.20,,
1904,IMG_1375.jpeg,Ἀριθμητικὴ,Arithmetic,,,,Τεῦχος Γ': Ἐνὶ τῶν τεσσάρων πράξεων τῶν ἀκεραίων,Volume C': On the four operations of integers,σελ. 60,2.20,,
1904,IMG_1375.jpeg,Ἀριθμητικὴ,Arithmetic,,,,Τεῦχος Ε': Τετραγωνικὴ ῥίζα,Volume E': Square root,σελ. 118,3.20,,
1904,IMG_1375.jpeg,Ἀριθμητικὴ,Arithmetic,,ΠΑΠΑΝΑΣΤΑΣΙΟΥ Ε.,Papanastasiou E.,Λύσεις τῶν ἐν τῇ Πρακτικῇ Ἀριθμητικῇ Ι. Χατζηδάκι,Solutions to the Practical Arithmetic of I. Chatzidakis,σελ. 120,5.—,,
1904,IMG_1375.jpeg,Ἀριθμητικὴ,Arithmetic,,ΠΙΣΤΟΥ Γ. Α.,Pistou G. A.,Λύσεις τῶν Προβλημάτων τῆς Πρακτικῆς Ἀριθμητικῆς Ι. Χατζηδάκι,Solutions to the Problems of Practical Arithmetic of I. Chatzidakis,"8ον, σελ. 46+",2.20,,
1904,IMG_1375.jpeg,Ἀριθμητικὴ,Arithmetic,,,,Προπαιδεία ἢ Στοιχεῖα Ἀριθμητικῆς,Preparatory Schooling or Elements of Arithmetic,σελ. 15,0.20,,
1904,IMG_1375.jpeg,Ἀριθμητικὴ,Arithmetic,,ΡΗΓΟΠΟΥΛΟΥ Δ. Ρ.,Rigopoulou D. R.,Ἀριθμητικὴ Πρακτική,Practical Arithmetic,"8ον, σελ. 199+",9.—,,
1904,IMG_1375.jpeg,Ἀριθμητικὴ,Arithmetic,,ΣΚΟΡΔΕΛΗ ΒΛ.,Skordeli Vl.,Γ' Ἀριθμητική. Τεῦχος Α',C' Arithmetic. Volume A',σελ. 56,3.20,,
1904,IMG_1375.jpeg,Ἀριθμητικὴ,Arithmetic,,,,Τεῦχος Δ': Εἰσαγωγικαὶ γνώσεις,Volume D': Introductory knowledge,σελ. 88,3.—,,
1904,IMG_1375.jpeg,Ἀριθμητικὴ,Arithmetic,,ΤΕΡΖΑΚΗ Η. Α.,Terzaki H. A.,Στοιχειώδης Ἀριθμητική,Elementary Arithmetic,"8ον, σελ. 128+",10.—,,
1904,IMG_1375.jpeg,Ἀριθμητικὴ,Arithmetic,Β' ΠΡΟΒΛΗΜΑΤΟΛΟΓΙΑ,ΓΕΩΡΓΑΚΗ ΕΦΕΝΤΗ,Georgaki Efendi,Συλλογὴ Ἀριθμητικῶν Προβλημάτων,Collection of Arithmetic Problems,"32ον, σελ. 96",2.—,,
1904,IMG_1375.jpeg,Ἀριθμητικὴ,Arithmetic,,ΣΚΟΡΔΕΛΗ ΒΛ.,Skordeli Vl.,Γ' Ἀριθμητική. Τεῦχος Β',C' Arithmetic. Volume B',σελ. 80,3.20,,
1904,IMG_1375.jpeg,Ἀριθμητικὴ,Arithmetic,Β' ΠΡΟΒΛΗΜΑΤΟΛΟΓΙΑ,ΑΝΤΙΠΑ Λ.,Antipa L.,Ἀριθμητικῶν Ἀσκήσεων καὶ Προβλημάτων Συλλογή. Τεῦχος Γ',Collection of Arithmetic Exercises and Problems. Volume C',σελ. 41,2.—,,
1904,IMG_1375.jpeg,Ἀριθμητικὴ,Arithmetic,Β' ΠΡΟΒΛΗΜΑΤΟΛΟΓΙΑ,ΑΝΤΙΠΑ Λ.,Antipa L.,Ἀριθμητικῶν Ἀσκήσεων καὶ Προβλημάτων Συλλογή. Τεῦχος Α',Collection of Arithmetic Exercises and Problems. Volume A',σελ. 62,2.—,,
1904,IMG_1375.jpeg,Ἀριθμητικὴ,Arithmetic,Β' ΠΡΟΒΛΗΜΑΤΟΛΟΓΙΑ,ΑΝΤΙΠΑ Λ.,Antipa L.,Ἀριθμητικῶν Ἀσκήσεων καὶ Προβλημάτων Συλλογή. Τεῦχος Β',Collection of Arithmetic Exercises and Problems. Volume B',σελ. 63,2.—,,
1904,IMG_1375.jpeg,Ἀριθμητικὴ,Arithmetic,,ΧΑΤΖΗΔΑΚΙ Ι.,Chatzidaki I.,Ἀριθμητικῆς Σύνοψις,Synopsis of Arithmetic,σ. 286,5.—,,
1904,IMG_1375.jpeg,Ἀριθμητικὴ,Arithmetic,,ΧΑΤΖΗΔΑΚΙ Ι.,Chatzidaki I.,Πρακτικὴ Ἀριθμητική,Practical Arithmetic,σελ. 320,6.—,,
1904,IMG_1375.jpeg,Ἀριθμητικὴ,Arithmetic,,ΧΑΤΖΙΔΑΚΙ Ι.,Chatzidaki I.,Ἀριθμητική Πρακτική,Practical Arithmetic,"8ον, σελίδες 172+",3.20,,
1904,IMG_1375.jpeg,Ἀριθμητικὴ,Arithmetic,,ΦΙΛΙΠΠΟΥ Β.,Filippou V.,Σ. Ἀριθμητική Πρακτική,Elementary Practical Arithmetic,σελ. 312,2.20,,
1904,IMG_1375.jpeg,Ἀριθμητικὴ,Arithmetic,,ΧΛΩΡΟΥ ΑΡ.,Chlorou Ar.,Ἀριθμητική,Arithmetic,σελ. 84,2.—,,
1904,IMG_1376.jpeg,Β' ΑΝΘΡΩΠΟΛΟΓΙΑ,B' Anthropology,,ΦΛΩΡΑ Θ. Χ.,Floras Th. Ch.,"Πρῶτα Στοιχεῖα Σωματολογίας τοῦ Ἀνθρώπου, ὑπὸ Φ. Τέρεως","First Elements of Human Somatology, by F. Teres","8ον, σελ. 85",10.—,,
1904,IMG_1376.jpeg,Β' ΑΝΘΡΩΠΟΛΟΓΙΑ,B' Anthropology,,ΠΟΛΥΤΑΛΙΔΟΥ Θ.,Polytalidos Th.,Στοιχειώδης Ἀνθρωπολογία μετὰ ὑγιεινῶν παραγγελμάτων,Elementary Anthropology with hygiene advice,"8ον, σελ. ιε' - 152",4.10,,
1904,IMG_1376.jpeg,Β' ΑΝΘΡΩΠΟΛΟΓΙΑ,B' Anthropology,,ΣΚΟΡΔΕΛΗ ΒΛ.,Skordelis Vl.,"Ἀνθρωπολογία καὶ Στοιχεῖα Σωματολογίας, μετ' εἰκόνων","Anthropology and Elements of Somatology, illustrated","8ον, σελ. 54",8.—,,
1904,IMG_1376.jpeg,Β' ΑΝΘΡΩΠΟΛΟΓΙΑ,B' Anthropology,,ΡΑΛΛΗ Μ.,Rallis M.,Ὑγιεινή,Hygiene,σελ. 54,2.—,,
1904,IMG_1376.jpeg,Β' ΑΝΘΡΩΠΟΛΟΓΙΑ,B' Anthropology,,ΡΑΛΛΗ Μ.,Rallis M.,"Φυσιογνωσία. Βιβλίον Δ' : Ὁ Ἄνθρωπος, ἤτοι Στοιχεῖα Σωματολογίας, μετ' εἰκόνων καὶ ἑνὸς χρωμογραφημένου πίνακος τῶν ὀργάνων τῶν αἰσθήσεων","Physiognomy. Book D: Man, or Elements of Somatology, with illustrations and one color plate of sensory organs",σελ. 54,5.—,,
1904,IMG_1376.jpeg,Β' ΑΝΘΡΩΠΟΛΟΓΙΑ,B' Anthropology,,ΚΑΣΙΜΗ Π.,Kasimis P.,Ἀνθρωπολογία. Σύντομος μετὰ ὑγιεινῶν παραγγελμάτων,Anthropology. Concise with hygiene advice,σ. 6,2.—,,
1904,IMG_1376.jpeg,Β' ΑΝΘΡΩΠΟΛΟΓΙΑ,B' Anthropology,,ΑΓΓΕΡΙΝΟΥ,Aggerinos,Ὁ Ἄνθρωπος μετ' εἰκόνων,Man with illustrations,σελ. 84,5.—,,
1904,IMG_1376.jpeg,Β' ΑΝΘΡΩΠΟΛΟΓΙΑ,B' Anthropology,,ΕΛΕΥΘΕΡΟΠΟΥΛΟΥ ΑΡΙΣΤ.,Eleftheropoulos Arist.,Ἀνθρωπολογία Στοιχειώδης,Elementary Anthropology,σελ. 152,2.20,,
1904,IMG_1376.jpeg,Β' ΑΝΘΡΩΠΟΛΟΓΙΑ,B' Anthropology,,Β. Π.,V. P.,Ἀνθρωπολογικὸν Ἐγχειρίδιον ἐπὶ τῇ βάσει τῆς τοῦ Ν. Χορτάκη,Anthropological Handbook based on that of N. Chortakis,σελίδες 58,1.—,,
1904,IMG_1376.jpeg,Β' ΑΝΘΡΩΠΟΛΟΓΙΑ,B' Anthropology,,ΑΡΙΣΤΟΤΕΛΟΥΣ Ι. Δ.,Aristotelous I. D.,Σωματολογία Κιλικίας,Somatology of Cilicia,σελ. 50,2.—,,
1904,IMG_1376.jpeg,Β' ΑΝΘΡΩΠΟΛΟΓΙΑ,B' Anthropology,,ΑΠΟΣΤΟΛΟΠΟΥΛΟΥ Θ. Ν.,Apostolopoulos Th. N.,Ἄνθρωπος,Man,σελίδες 120,2.—,,
1904,IMG_1376.jpeg,Β' ΑΝΘΡΩΠΟΛΟΓΙΑ,B' Anthropology,,ΧΟΡΤΑΚΗ Ν.,Chortakis N.,Ἀνθρωπολογία Σύντομος μετὰ ὑγιεινῶν παραγγελμάτων,Concise Anthropology with hygiene rules,σ. 20,0.20,,
1904,IMG_1376.jpeg,Β' ΑΝΘΡΩΠΟΛΟΓΙΑ,B' Anthropology,,ΓΙΑΝΝΟΠΟΥΛΟΥ ΑΡΙΣΤ.,Giannopoulos Arist.,Ἀνθρωπολογία Σύντομος μετὰ 8 χαλκογραφιῶν,Concise Anthropology with 8 copper engravings,σελ. 94,2.20,,
1904,IMG_1376.jpeg,Γ' ΦΥΣΙΚΗ ΠΕΙΡΑΜΑΤΙΚΗ,C' Experimental Physics,,ΓΕΡΜΑΝΟΥ Ν. Κ.,Germanos N. K.,Στοιχεῖα Φυσικῆς Χημείας καὶ Κοσμογραφίας,Elements of Physical Chemistry and Cosmography,"8ον, σελίδες 268",10.—,,
1904,IMG_1376.jpeg,Δ' ΧΗΜΕΙΑ,D' Chemistry,,ΚΟΝΑΡΗ Π.,Konaris P.,Χημεία,Chemistry,"8ον, σ. 173",10.—,,
1904,IMG_1376.jpeg,Γ' ΦΥΣΙΚΗ ΠΕΙΡΑΜΑΤΙΚΗ,C' Experimental Physics,,ΕΥΣΤΑΘΙΟΥ Α.,Eustathiou A.,Στοιχειώδης Φυσικὴ Πειραματικὴ μετὰ τῶν σχημάτων φυτοτυπίας,Elementary Experimental Physics with nature-printed figures,"8ον, σελ. 196",8.—,,
1904,IMG_1376.jpeg,Γ' ΦΥΣΙΚΗ ΠΕΙΡΑΜΑΤΙΚΗ,C' Experimental Physics,,ΖΩΓΑ Κ.,Zogas K.,Φυσικῆς Πειραματικῆς Πρακτικὰ Μαθήματα,Practical Lessons of Experimental Physics,σ. 95,4.20,,
1904,IMG_1376.jpeg,Γ' ΦΥΣΙΚΗ ΠΕΙΡΑΜΑΤΙΚΗ,C' Experimental Physics,,Κ. Ι. Π.,K. I. P.,Φυσικῆς Μαθήματα,Lessons of Physics,σ. 74,1.20,,
1904,IMG_1376.jpeg,Γ' ΦΥΣΙΚΗ ΠΕΙΡΑΜΑΤΙΚΗ,C' Experimental Physics,,ΚΟΝΑΡΗ Π.,Konaris P.,Φυσική,Physics,σελ. 156,13.—,,
1904,IMG_1376.jpeg,Γ' ΦΥΣΙΚΗ ΠΕΙΡΑΜΑΤΙΚΗ,C' Experimental Physics,,ΠΑΠΑΓΕΩΡΓΙΟΥ Γ. Χ.,Papageorgiou G. Ch.,"Στοιχειώδης Φυσιογνωσία (Φυσική, Χημεία καὶ Κοσμογραφία)","Elementary Physiognomy (Physics, Chemistry, and Cosmography)","8ον, σελ. 216",5.—,,
1904,IMG_1376.jpeg,Γ' ΦΥΣΙΚΗ ΠΕΙΡΑΜΑΤΙΚΗ,C' Experimental Physics,,ΠΑΠΑΝΔΡΕΟΥ Ι.,Papandreou I.,Φυσικὴ Στοιχειώδης,Elementary Physics,"8ον, σελίδες 216",5.—,,
1904,IMG_1376.jpeg,Γ' ΦΥΣΙΚΗ ΠΕΙΡΑΜΑΤΙΚΗ,C' Experimental Physics,,ΠΑΠΑΒΑΣΙΛΕΙΟΥ Κ.,Papavasileiou K.,Ἐκλογὴ Πειραματικῆς,Selection of Experimental Physics,"8ον, σελ. 101",5.—,,
1904,IMG_1376.jpeg,Γ' ΦΥΣΙΚΗ ΠΕΙΡΑΜΑΤΙΚΗ,C' Experimental Physics,,ΣΚΟΡΔΕΛΗ ΒΛ. καὶ ΣΚΕΛΑΡΟΠΟΥΛΟΥ Μ.,Skordelis Vl. and Skelaropoulos M.,Φυσικῆς Διδασκαλία,Teaching of Physics,σελ. 88,3.—,,
1904,IMG_1376.jpeg,Δ' ΧΗΜΕΙΑ,D' Chemistry,,ΙΩΑΝΝΟΥ Ι. Α.,Ioannou I. A.,"Χημεία Στοιχειώδης, μετ' εἰκόνων, βραβευθεῖσα ἐν τῷ Καρπανείῳ ἀγῶνι ὑπὸ τοῦ Ἑλληνικοῦ Φιλολογικοῦ Συλλόγου","Elementary Chemistry, illustrated, awarded in the Karpaneios contest by the Greek Philological Association","8ον, σελ. 152",7.20,,
1904,IMG_1376.jpeg,Ζ' ΓΕΩΓΡΑΦΙΑ,Z' Geography,,,,"Γεωγραφίας Ἐγχειρίδιον εἰς τρεῖς ὁμοκέντρους περιόδους, μετὰ 17 χαρτῶν","Geography Handbook in three concentric periods, with 17 maps","8ον, σελ. 200",5.—,,
1904,IMG_1376.jpeg,Ζ' ΓΕΩΓΡΑΦΙΑ,Z' Geography,,ΒΑΚΑΛΟΠΟΥΛΟΥ Γ. Α.,Vakalopoulos G. A.,Γεωγραφία. Περίοδος Β',Geography. Period B,σελ. 267,12.—,,
1904,IMG_1376.jpeg,Ζ' ΓΕΩΓΡΑΦΙΑ,Z' Geography,,ΑΦΕΛΙΔΟΥ Γ. καὶ ΒΛΟΤΣΟΥ Κ.,Afelidos G. and Vlotsos K.,"Γεωγραφίας Στοιχεῖα, εἰς δύο τεύχη. Τεῦχος Β' : Εἰσαγωγικαὶ γνώσεις, ἡ Εὐρώπη πλὴν τῆς Χερσονήσου τοῦ Αἵμου, αἱ λοιπαὶ ἤπειροι","Elements of Geography, in two volumes. Volume B: Introductory knowledge, Europe except the Balkan Peninsula, the other continents",σ. 80,2.—,,
1904,IMG_1376.jpeg,Φυσιογνωσία,Natural History / Physiognomy,,ΣΚΟΡΔΕΛΗ ΒΛ.,Skordelis Vl.,"Φυσικῆς Ἱστορίας Μαθήματα, μετὰ εἰκόνων","Lessons of Natural History, with illustrations",σελ. 158,4.—,,
1904,IMG_1376.jpeg,Γ' ΦΥΣΙΚΗ ΠΕΙΡΑΜΑΤΙΚΗ,C' Experimental Physics,,ΔΑΜΑΣΚΗΝΟΥ ΑΝΤ. Β.,Damaskinos Ant. V.,Φυσικῆς Πειραματικῆς Μαθήματα,Lessons of Experimental Physics,"8ον, σελ. 166",15.—,,
1904,IMG_1376.jpeg,Φυσιογνωσία,Natural History / Physiognomy,,ΣΑΜΑΡΤΖΙΔΟΥ ΧΡ.,Samartzidos Chr.,Ζῳολογία,Zoology,σελ. 127,3.—,,
1904,IMG_1376.jpeg,Φυσιογνωσία,Natural History / Physiognomy,,ΓΙΑΝΝΟΠΟΥΛΟΥ ΕΜΜ.,Giannopoulos Emm.,"Φυσιογνωσία. Τόμος Α' : Ζῳολογία, Φυτολογία καὶ Ὀρυκτολογία μετὰ Γεωλογίας","Physiognomy. Volume A: Zoology, Phytology, and Mineralogy with Geology",σ. 394,10.—,,
1904,IMG_1376.jpeg,Φυσιογνωσία,Natural History / Physiognomy,,ΡΙΤΣΟΥ Α.,Ritsos A.,"Πρακτικαὶ Γνώσεις Ὀρυκτολογίας, Ἀνθρώπου, Διῴου καὶ Μετάλλων","Practical Knowledge of Mineralogy, Man, Animal and Metals","8ον, σελ. 56",8.—,,
1904,IMG_1376.jpeg,Φυσιογνωσία,Natural History / Physiognomy,,,,"Περίοδος Β', Μέρος γ' ! Περιγραφαὶ ἀθροισμάτων ζῴων, φυτῶν καὶ ὀρυκτῶν ἐν συγκρίσει πρὸς ἀλλήλα","Period B, Part C: Descriptions of animal, plant, and mineral groups in comparison with each other","8ον, σελίδες 105",5.—,,
1904,IMG_1376.jpeg,Φυσιογνωσία,Natural History / Physiognomy,,,,"Περίοδος Γ', Μέρος δ' ! Συστηματικὴ ταξινόμησις τῶν ζῴων, φυτῶν καὶ ὀρυκτῶν","Period C, Part D: Systematic classification of animals, plants, and minerals","8ον, σελ. 136",5.—,,
1904,IMG_1376.jpeg,Φυσιογνωσία,Natural History / Physiognomy,,ΓΕΡΜΑΝΟΥ Ν.,Germanos N.,Στοιχεῖα Φυσικῆς Ἱστορίας,Elements of Natural History,"8ον, σ. 224",5.—,,
1904,IMG_1376.jpeg,Φυσιογνωσία,Natural History / Physiognomy,,ΓΕΩΡΓΙΑΔΟΥ Α. καὶ ΠΑΠΑΔΟΠΟΥΛΟΥ Ν.,Georgiadis A. and Papadopoulos N.,Φυσικῆς Ἱστορίας Στοιχειώδης Γνῶσις. Τεῦχος Α'. Ζῳολογία,Elementary Knowledge of Natural History. Volume A: Zoology,σ. 126,4.20,,
1904,IMG_1376.jpeg,Φυσιογνωσία,Natural History / Physiognomy,,ΣΑΚΚΟΡΡΑΦΟΥ Μ. Δ.,Sakkorrafos M. D.,"Φυσικὴ Ἱστορία, μετὰ ἀνεκδότων. Μέρος Α' : Θηλαστικά","Natural History, with anecdotes. Part A: Mammals",σ. 250,3.—,,
1904,IMG_1376.jpeg,Φυσιογνωσία,Natural History / Physiognomy,,ΓΩΓΟΣΙΟΠΟΥΛΟΥ Κ. Δ.,Gogosiopoulos K. D.,"Φυσικῆς Ἱστορίας Ἐγχειρίδιον, μετὰ εἰκόνων. Μέρος Α' : Ὀρυκτολογία. Μέρος Β' : Φυτολογία","Handbook of Natural History, illustrated. Part A: Mineralogy. Part B: Phytology",σελ. 192,3.20,,
1904,IMG_1376.jpeg,Φυσιογνωσία,Natural History / Physiognomy,,ΔΑΜΙΑΝΟΥ Ι.,Damianos I.,Πρῶται Γνώσεις ἢ ἁπλῆ διδασκαλία τῶν κυριωτέρων φαινομένων τῆς Φύσεως διὰ τὴν στοιχειώδη ἐκπαίδευσιν,First Knowledge or simple teaching of the principal natural phenomena for elementary education,"τεῦχ. δύο, σ. 148",6.20,,
1904,IMG_1376.jpeg,Φυσιογνωσία,Natural History / Physiognomy,,ΚΑΡΠΑΘΙΟΥ,Karpathios,Ζῳολογία,Zoology,σελ. 122,3.20,,
1904,IMG_1376.jpeg,Φυσιογνωσία,Natural History / Physiognomy,,ΚΟΤΣΟΜΗΤΟΠΟΥΛΟΥ Δ.,Kotsomitopoulos D.,Φυσιογνωσία. Μέρος Α' : Φυσικὴ Ἱστορία,Physiognomy. Part A: Natural History,"8ον, σελίδες 165",5.—,,
1904,IMG_1376.jpeg,Φυσιογνωσία,Natural History / Physiognomy,,ΚΟΤΣΟΜΗΤΟΠΟΥΛΟΥ Δ.,Kotsomitopoulos D.,"Φυσιογνωσία. Μέρος Β' : Στοιχεῖα Φυσικῆς, Χημείας καὶ Κοσμογραφίας","Physiognomy. Part B: Elements of Physics, Chemistry, and Cosmography","8ον, σ. 155",10.—,,
1904,IMG_1376.jpeg,Φυσιογνωσία,Natural History / Physiognomy,,ΚΟΤΣΟΜΗΤΟΠΟΥΛΟΥ Δ.,Kotsomitopoulos D.,Φυσικῆς Ἱστορίας Ἀναγνώσματα,Readings in Natural History,σελίδες 104,5.—,,
1904,IMG_1376.jpeg,Φυσιογνωσία,Natural History / Physiognomy,,ΚΥΡΙΑΚΟΠΟΥΛΟΥ Δ. Η.,Kyriakopoulos D. H.,Στοιχειώδης Φυσικὴ Ἱστορία,Elementary Natural History,"8ον, σ. 115",12.—,,
1904,IMG_1376.jpeg,Φυσιογνωσία,Natural History / Physiognomy,,ΚΥΡΙΑΚΟΠΟΥΛΟΥ Δ. Η.,Kyriakopoulos D. H.,Στοιχειώδης Ζῳολογία,Elementary Zoology,σ. 174,12.—,,
1904,IMG_1376.jpeg,Φυσιογνωσία,Natural History / Physiognomy,,ΠΕΤΡΟΥ Ι. Α.,Petrou I. A.,Ζῳολογία,Zoology,σελ. 75,2.—,,
1904,IMG_1376.jpeg,Φυσιογνωσία,Natural History / Physiognomy,,ΛΑΜΠΙΣΗ Γ.,Lampisis G.,"Φυσικὴ Ἱστορία Στοιχειώδης. Βιβλίον Β' : Βοτανική, μετ' εἰκόνων","Elementary Natural History. Book B: Botany, illustrated","8ον, σελ. 173",4.—,,
1904,IMG_1376.jpeg,Φυσιογνωσία,Natural History / Physiognomy,,ΚΩΝΣΤΑΝΤΙΝΙΔΟΥ Α.,Konstantinidos A.,Φυσιογνωσία Στοιχειώδης (Φυσικὴ Ἱστορία),Elementary Physiognomy (Natural History),σελ. 174,10.—,,
1904,IMG_1376.jpeg,Φυσιογνωσία,Natural History / Physiognomy,,ΡΑΛΛΗ Μ.,Rallis M.,"Φυσιογνωσία. Βιβλίον Γ' : Ζῳολογία, μετὰ 93 εἰκόνων","Physiognomy. Book C: Zoology, with 93 illustrations",σελ. ϛ' - 223,8.—,,
1904,IMG_1376.jpeg,Φυσιογνωσία,Natural History / Physiognomy,,ΡΑΛΛΗ Μ.,Rallis M.,"Φυσιογνωσία. Βιβλίον Α' : Ὀρυκτολογία, μετὰ 26 σχημάτων καλλιγράφων περὶ τὴν διδασκαλίαν","Physiognomy. Book A: Mineralogy, with 26 calligraphic figures for teaching",σελ. ζ' - 72,3.20,,
1904,IMG_1376.jpeg,Φυσιογνωσία,Natural History / Physiognomy,,ΠΟΝΗΡΟΠΟΥΛΟΥ Ε.,Poniropoulos E.,Φυσικὴ Ἱστορία. Τεῦχος Δ' : Ζῳολογία,Natural History. Volume D: Zoology,"8ον, σ. 159",6.20,,
1904,IMG_1376.jpeg,Φυσιογνωσία,Natural History / Physiognomy,,ΠΟΝΗΡΟΠΟΥΛΟΥ Ε.,Poniropoulos E.,Φυσικὴ Ἱστορία. Τεῦχος Γ' : Περιγραφὴ τῶν χρησιμωτέρων φυτῶν,Natural History. Volume C: Description of the most useful plants,"8ον, σ. 76",6.20,,
1904,IMG_1376.jpeg,Φυσιογνωσία,Natural History / Physiognomy,,ΠΟΝΗΡΟΠΟΥΛΟΥ Ε.,Poniropoulos E.,Φυσικὴ Ἱστορία. Τεῦχος Β' : Φυτολογία,Natural History. Volume B: Phytology,"8ον, σ. 76",6.20,,
1904,IMG_1376.jpeg,Φυσιογνωσία,Natural History / Physiognomy,,ΡΑΛΛΗ Μ.,Rallis M.,"Φυσιογνωσία. Βιβλίον Β' : Φυτολογία, μετὰ 111 σχημάτων καὶ ὁδηγίαν περὶ τὴν διδασκαλίαν","Physiognomy. Book B: Phytology, with 111 figures and teaching instructions",σελ. 120,4.20,,
1904,IMG_1376.jpeg,Φυσιογνωσία,Natural History / Physiognomy,,ΜΗΛΙΑΡΑΚΗ ΣΠ.,Miliarakis Sp.,Ἐκ τῆς Φυσικῆς Ἱστορίας Μάθημα Στοιχειῶδες,Elementary Lesson from Natural History,σελ. 192,2.20,,
1904,IMG_1376.jpeg,Φυσιογνωσία,Natural History / Physiognomy,,ΜΗΛΙΑΡΑΚΗ ΣΠ.,Miliarakis Sp.,Φυσικῆς Ἱστορίας Ἐγχειρίδιον,Handbook of Natural History,"8ον, σελ. 128",4.—,,
1904,IMG_1376.jpeg,Φυσιογνωσία,Natural History / Physiognomy,,ΜΗΛΙΑΡΑΚΗ ΣΠ.,Miliarakis Sp.,Ἐγχειρίδιον Φυσικῆς Ἱστορίας. Ἐγχειρίδιον μετὰ πολλῶν ξυλογραφιῶν,Handbook of Natural History. Handbook with many woodcuts,"8ον, σελίδες 276",10.—,,
1904,IMG_1376.jpeg,Φυσιογνωσία,Natural History / Physiognomy,,ΜΗΛΙΑΡΑΚΗ ΣΠ.,Miliarakis Sp.,Φυσικῆς Ἱστορίας Ἐγχειρίδιον. Μέρος Α' : Στοιχεῖα Φυσικῆς Ἱστορίας—Βοτανική,Handbook of Natural History. Part A: Elements of Natural History—Botany,σελίδες 168,9.—,,
1904,IMG_1376.jpeg,Φυσιογνωσία,Natural History / Physiognomy,,ΜΑΝΟΥ Β.,Manos V.,"Φυσικὴ Ἱστορία (Τεῦχος Α', Β', Γ', Δ')","Natural History (Vols. A, B, C, D)",,6.—,,
1904,IMG_1376.jpeg,Φυσιογνωσία,Natural History / Physiognomy,,ΠΟΝΗΡΟΠΟΥΛΟΥ Ε.,Poniropoulos E.,Φυσικὴ Ἱστορία. Τεῦχος Α' : Γεωλογία καὶ Ὀρυκτολογία,Natural History. Volume A: Geology and Mineralogy,"8ον, σελ. 76",6.20,,
1904,IMG_1377.jpeg,Η' ΚΟΣΜΟΓΡΑΦΙΑ,Cosmography,,ΙΑΣΕΜΙΔΟΥ Π.,Iasemidis P.,"Στοιχεῖα, μετεωρικόν","Elements, meteorological","8ον, σ. 56+",6.—,,
1904,IMG_1377.jpeg,Η' ΚΟΣΜΟΓΡΑΦΙΑ,Cosmography,,ΙΑΣΕΜΙΔΟΥ Π.,Iasemidis P.,Κοσμογραφία Μαθήματα,Cosmography Lessons,"8ον, σ. 56+",6.—,,
1904,IMG_1377.jpeg,Η' ΚΟΣΜΟΓΡΑΦΙΑ,Cosmography,,ΓΕΡΜΑΝΟΥ Ν.,Germanos N.,Ἰδὲ ἐν Πειραματικῇ Φυσικῇ.,See under Experimental Physics.,,,,Cross-reference entry
1904,IMG_1377.jpeg,Γεωγραφία,Geography,,ΣΤΑΜΟΠΟΥΛΟΥ-ΓΕΩΡΓΙΑΔΟΥ Μ.,Stamopoulou-Georgiadou M.,Γεωγραφία. Τεῦχος Α' τῆς ἐπιστήμης πορίσματα,Geography. Volume 1 scientific findings,,2.20,,
1904,IMG_1377.jpeg,Γεωγραφία,Geography,Γ. Γεωγραφία Στοιχειώδης,ΣΕΡΓΙΛΟΥ Γ.,Sergilos G.,Γεωγραφία Στοιχειώδης. Τεῦχος Ε' Ασία,Elementary Geography. Volume 5 Asia,σελ. 286,5.—,,
1904,IMG_1377.jpeg,Γεωγραφία,Geography,Γ. Γεωγραφία Στοιχειώδης,ΣΕΡΓΙΛΟΥ Γ.,Sergilos G.,Γεωγραφία Στοιχειώδης. Τεῦχος Δ' Εὐρώπη,Elementary Geography. Volume 4 Europe,σελ. 288,5.—,,
1904,IMG_1377.jpeg,Γεωγραφία,Geography,Γ. Γεωγραφία Στοιχειώδης,ΣΕΡΓΙΛΟΥ Γ.,Sergilos G.,Γεωγραφία Στοιχειώδης. Τεῦχος Γ' Φυσικὴ καὶ πολιτικὴ γεωγραφία τῆς Εὐρώπης,Elementary Geography. Volume 3 Physical and political geography of Europe,σελ. 288,3.—,,
1904,IMG_1377.jpeg,Η' ΚΟΣΜΟΓΡΑΦΙΑ,Cosmography,,ΚΟΤΣΙΦΟΠΟΥΛΟΥ Δ.,Kotsifopoulos D.,Ἰδὲ ἐν Φυσικῇ Ἱστορίᾳ.,See under Natural History.,,,,Cross-reference entry
1904,IMG_1377.jpeg,Γεωγραφία,Geography,Γ. Γεωγραφία Στοιχειώδης,ΣΕΡΓΙΛΟΥ Γ.,Sergilos G.,"Γεωγραφία Στοιχειώδης. Τεῦχος Β' περιέχον τὴν Κρήτην, τῆς Εὐρώπης καὶ τὰς λοιπὰς ἠπείρους","Elementary Geography. Volume 2 containing Crete, Europe and other continents",σελ. 70,7.20,,
1904,IMG_1377.jpeg,Γεωγραφία,Geography,Γ. Γεωγραφία Στοιχειώδης,ΣΕΡΓΙΛΟΥ Γ.,Sergilos G.,Γεωγραφία Στοιχειώδης,Elementary Geography,"12ον, σελ. 176+",5.—,,
1904,IMG_1377.jpeg,Η' ΚΟΣΜΟΓΡΑΦΙΑ,Cosmography,,ΚΩΝΣΤΑΝΤΙΝΙΟΥ Α.,Konstantiniou A.,Ἰδὲ ἐν Πειραματικῇ Φυσικῇ.,See under Experimental Physics.,,,,Cross-reference entry
1904,IMG_1377.jpeg,Θ' ΚΑΛΛΙΓΡΑΦΙΑ,Calligraphy,,ΑΡΒΑΝΙΤΑΚΗ Ι. Γ.,Arvanitakis I. G.,Καλλιγραφίας 'Ελληνικῆς Τετράδια μεθ' ὑποδειγμάτων. Τεῦχος Δ',Greek Calligraphy Workbooks with models. Volume 4,,0.20,,
1904,IMG_1377.jpeg,Η' ΚΟΣΜΟΓΡΑΦΙΑ,Cosmography,,ΠΑΠΑΓΕΩΡΓΙΟΥ Α.,Papageorgiou A.,Ἰδὲ ἐν Πειραματικῇ Φυσικῇ.,See under Experimental Physics.,,,,Cross-reference entry
1904,IMG_1377.jpeg,Η' ΚΟΣΜΟΓΡΑΦΙΑ,Cosmography,,ΣΚΥΡΙΑΝΟΥ Α. Ι.,Skyrianos A. I.,Κοσμογραφία,Cosmography,"8ον, σελ. δ'-128++",8.—,,
1904,IMG_1377.jpeg,Θ' ΚΑΛΛΙΓΡΑΦΙΑ,Calligraphy,,ΑΡΒΑΝΙΤΑΚΗ Ι. Γ.,Arvanitakis I. G.,Καλλιγραφία 'Ελληνική. Τεῦχος Α' (ἐν σχήματι βιβλίου),Greek Calligraphy. Volume 1 (in book format),σελ. 16,0.20,,
1904,IMG_1377.jpeg,Θ' ΚΑΛΛΙΓΡΑΦΙΑ,Calligraphy,,ΑΡΒΑΝΙΤΑΚΗ Ι. Γ.,Arvanitakis I. G.,Καλλιγραφίας 'Ελληνικῆς Τετράδια μεθ' ὑποδειγμάτων. Τεῦχος Α' Παρθέματα τρεις γραφῆς,Greek Calligraphy Workbooks with models. Volume 1,,0.20,,
1904,IMG_1377.jpeg,Θ' ΚΑΛΛΙΓΡΑΦΙΑ,Calligraphy,,ΑΡΒΑΝΙΤΑΚΗ Ι. Γ.,Arvanitakis I. G.,Καλλιγραφίας 'Ελληνικῆς Τετράδια μεθ' ὑποδειγμάτων. Τεῦχος Β' Ἐξάσκησις εἰς τὴν συνήθη γραφὴν ἐπίδοτου γραμμάτων,Greek Calligraphy Workbooks with models. Volume 2,,0.20,,
1904,IMG_1377.jpeg,Θ' ΚΑΛΛΙΓΡΑΦΙΑ,Calligraphy,,ΕΥΣΤΡΑΤΙΑΔΟΥ ΑΘ.,Efstratiadis Ath.,Καλλιγραφία,Calligraphy,,2.—,,
1904,IMG_1377.jpeg,Θ' ΚΑΛΛΙΓΡΑΦΙΑ,Calligraphy,,ΚΑΛΛΙΓΑ ΓΡ.,Kalligas Gr.,Καλλιγραφία 'Ελληνική,Greek Calligraphy,σελ. 16,2.—,,
1904,IMG_1377.jpeg,Θ' ΚΑΛΛΙΓΡΑΦΙΑ,Calligraphy,,ΚΑΛΛΙΓΑΡΗ Η.,Kalligaris H.,Καλλιγραφία (Βασιλέων)...,Calligraphy (Royal)...,,2.—,,
1904,IMG_1377.jpeg,Θ' ΚΑΛΛΙΓΡΑΦΙΑ,Calligraphy,,ΚΑΛΛΙΓΑΡΗ Η.,Kalligaris H.,"Καλλιγραφία 'Ελληνική, μικρά","Greek Calligraphy, small",σελ. 10,2.—,,
1904,IMG_1377.jpeg,Θ' ΚΑΛΛΙΓΡΑΦΙΑ,Calligraphy,,,,(ΔΙΠΛΟΥΟΥ) Καλλιγραφία 'Ελληνική...,(Double) Greek Calligraphy...,,2.—,,
1904,IMG_1377.jpeg,Γεωγραφία,Geography,Γ. Γεωγραφία Στοιχειώδης,ΣΕΡΓΙΛΟΥ Γ.,Sergilos G.,"Γεωγραφία Στοιχειώδης. Τεῦχος Α' περιέχον τὴν Ὀθωμανικὴν Αὐτοκρατορίαν, τὴν Ἑλλάδα καὶ τὴν 'Ασιατικὴν Τουρκίαν","Elementary Geography. Volume 1 containing the Ottoman Empire, Greece and Asiatic Turkey","8ον, σελ. 226",2.20,,
1904,IMG_1377.jpeg,Η' ΚΟΣΜΟΓΡΑΦΙΑ,Cosmography,,ΜΕΓΑ Α. Ε.,Megas A. E.,Κοσμογραφίας Μαθήματα,Cosmography Lessons,σελ. 100Χ,5.20,,
1904,IMG_1377.jpeg,Γεωγραφία,Geography,,ΣΑΚΕΛΛΑΡΙΟΥ Α. Α.,Sakellariou A. A.,Γεωγραφία (μικρά),Geography (small),"8ον, σελίδες 60",1.20,,
1904,IMG_1377.jpeg,Θ' ΚΑΛΛΙΓΡΑΦΙΑ,Calligraphy,,ΑΡΒΑΝΙΤΑΚΗ Ι. Γ.,Arvanitakis I. G.,"Καλλιγραφίας 'Ελληνικῆς Τετράδια μεθ' ὑποδειγμάτων. Τεῦχος Γ' Γραφὴ λεπτή, συνήθης ἐπὶ μιᾶς γραμμῆς...",Greek Calligraphy Workbooks with models. Volume 3 Fine handwriting...,,0.20,,
1904,IMG_1377.jpeg,Γεωγραφία,Geography,,ΠΑΠΑΡΡΗΓΟΠΟΥΛΟΥ Π.,Paparrigopoulos P.,Γεωγραφίας Στοιχεῖα. Τεῦχος Γ',Elements of Geography. Volume 3,σελ. 280,6.—,,
1904,IMG_1377.jpeg,Γεωγραφία,Geography,,ΒΑΣΑΚΟΠΟΥΛΟΥ ΑΠ.,Vasakopoulos Ap.,"Γεωγραφία, εἰς τεύχη τρία, βραβευθεῖσα ἐν τῷ Καραπανείῳ ἀγῶνι ὑπὸ τοῦ Ἑλληνικοῦ Φιλολογικοῦ Συλλόγου, μετ' εἰκόνων. Τεῦχος Α'","Geography, in three volumes, awarded in the Karapaneios competition... Volume 1",σελ. 104,2.20,,
1904,IMG_1377.jpeg,Γεωγραφία,Geography,,ΒΑΣΑΚΟΠΟΥΛΟΥ ΑΠ.,Vasakopoulos Ap.,"Γεωγραφία, εἰς τεύχη τρία... Τεῦχος Β'","Geography, in three volumes... Volume 2",σελ. 131,4.—,,
1904,IMG_1377.jpeg,Γεωγραφία,Geography,,ΒΑΣΑΚΟΠΟΥΛΟΥ ΑΠ.,Vasakopoulos Ap.,"Γεωγραφία, εἰς τεύχη τρία... Τεῦχος Γ'","Geography, in three volumes... Volume 3",σελ. 167,5.—,,
1904,IMG_1377.jpeg,Γεωγραφία,Geography,,ΓΕΩΡΓΙΑΔΟΥ Α.,Georgiadis A.,Γεωγραφία,Geography,σ. 95 ++,2.20,,
1904,IMG_1377.jpeg,Γεωγραφία,Geography,,ΔΟΥΚΑ Ε.,Doukas E.,Γεωγραφικὴ Βαθμὶς Πρώτη... Τεῦχος Α': Πρακτικαὶ διδασκαλίαι καὶ διδασκαλικαὶ ὁδηγίαι πατριδογραφίας,Geographical First Step... Volume 1: Practical teachings and guidance for homeland studies,,2.20,,
1904,IMG_1377.jpeg,Γεωγραφία,Geography,,ΔΟΥΚΑ Ε.,Doukas E.,Γεωγραφικὴ Βαθμὶς Πρώτη... Τεῦχος Β': Πατριδογραφία μετ' ἐπιτόμου Γεωγραφίας,Geographical First Step... Volume 2: Homeland studies with concise Geography,,2.20,,
1904,IMG_1377.jpeg,Γεωγραφία,Geography,,ΔΡΑΪΚΗ Ι.,Draikis I.,Γεωγραφία,Geography,σελ. 60,1.—,,
1904,IMG_1377.jpeg,Γεωγραφία,Geography,,ΖΑΧΑΡΙΑΔΟΥ Κ. καὶ ΣΠΑΘΑΡΗ Α.,Zachariadis K. and Spatharis A.,Γεωγραφία. Τεῦχος Α',Geography. Volume 1,σελ. δ'-182,4.20,,
1904,IMG_1377.jpeg,Γεωγραφία,Geography,,ΖΑΧΑΡΙΑΔΟΥ Κ. καὶ ΣΠΑΘΑΡΗ Α.,Zachariadis K. and Spatharis A.,Γεωγραφία. Τεῦχος Β',Geography. Volume 2,σελ. 183-472,5.20,,
1904,IMG_1377.jpeg,Γεωγραφία,Geography,,ΘΩΜΑ Δ.,Thomas D.,Ἐπίτομος Γεωγραφία. Τεῦχος Α',Epitome Geography. Volume 1,σελ. 96,3.20,,
1904,IMG_1377.jpeg,Γεωγραφία,Geography,,ΘΩΜΑ Δ.,Thomas D.,Ἐπίτομος Γεωγραφία. Τεῦχος Β',Epitome Geography. Volume 2,σελ. 103,3.20,,
1904,IMG_1377.jpeg,Γεωγραφία,Geography,,ΒΑΣΑΚΟΠΟΥΛΟΥ ΑΠ.,Vasakopoulos Ap.,"Τοπογραφία τῆς Κωνσταντινουπόλεως καὶ τῶν προαστείων αὐτῆς, μετὰ μακρᾶς εἰσαγωγῆς εἰς τὴν πατριδογραφίαν, μετ' εἰκόνων καὶ χάρτου τῆς Κων/πόλεως","Topography of Constantinople and its suburbs, with a long introduction to homeland studies, with images and map",σελ. 158,5.—,,
1904,IMG_1377.jpeg,Γεωγραφία,Geography,,ΚΡΙΨΙΩΤΟΥ Ι. Γ.,Kripsiotis I. G.,"Κωνσταντινούπολις ἢ περιγραφὴ αὐτῆς, μετὰ χάρτου τῆς Κων/πόλεως καὶ τῶν προαστείων αὐτῆς","Constantinople or description thereof, with map of Constantinople and its suburbs",σελ. 160,3.—,,
1904,IMG_1377.jpeg,Γεωγραφία,Geography,,ΚΟΚΚΩΝΗ Ι. Π.,Kokkonis I. P.,"Γεωγραφία Πολιτική, Μαθηματικὴ καὶ Φυσική. Περίοδος Β'","Geography Political, Mathematical and Physical. Period 2","8ον, σελ. δ'-300 +",3.—,,
1904,IMG_1377.jpeg,Γεωγραφία,Geography,,ΠΑΠΑΡΡΗΓΟΠΟΥΛΟΥ Π.,Paparrigopoulos P.,Γεωγραφίας Στοιχεῖα. Τεῦχος Β',Elements of Geography. Volume 2,σελ. 136,3.—,,
1904,IMG_1377.jpeg,Γεωγραφία,Geography,,ΠΑΠΑΡΡΗΓΟΠΟΥΛΟΥ Π.,Paparrigopoulos P.,Γεωγραφίας Στοιχεῖα. Τεῦχος Α',Elements of Geography. Volume 1,,ἑξηντλήθη,,Out of print
1904,IMG_1377.jpeg,Γεωγραφία,Geography,,ΜΩΡΑΪΤΟΠΟΥΛΟΥ Γ. Κ.,Moraitopoulos G. K.,Τοπογραφία Κωνσταντινουπόλεως,Topography of Constantinople,σελ. 67,2.20,,
1904,IMG_1377.jpeg,Γεωγραφία,Geography,,ΜΩΡΑΪΤΟΠΟΥΛΟΥ Γ. Κ.,Moraitopoulos G. K.,"Γεωγραφία εἰς τεύχη τρία... Τεῦχος Γ' Η 'Ασία, 'Αφρική, 'Αμερικὴ καὶ Ὠκεανία","Geography in three volumes... Volume 3: Asia, Africa, America and Oceania",σελ. 134,4.20,,
1904,IMG_1377.jpeg,Γεωγραφία,Geography,,ΜΩΡΑΪΤΟΠΟΥΛΟΥ Γ. Κ.,Moraitopoulos G. K.,Γεωγραφία εἰς τεύχη τρία... Τεῦχος Β' Η Εὐρώπη πλὴν τῶν κρατῶν τοῦ Αἵμου,Geography in three volumes... Volume 2: Europe excluding the Balkan States,σελ. 120,4.20,,
1904,IMG_1377.jpeg,Γεωγραφία,Geography,,ΜΕΛΑΝΙΝΟΥ ΔΗΜΟΣΘΕΝΟΥΣ Π.,Melaninos Demosthenes P.,"Πατριδογραφία (α', β' καὶ γ' ἔτους)","Homeland studies (1st, 2nd and 3rd year)",σελ. η'-87,3.—,,
1904,IMG_1377.jpeg,Γεωγραφία,Geography,,ΜΩΡΑΪΤΟΠΟΥΛΟΥ Γ. Κ.,Moraitopoulos G. K.,Γεωγραφία εἰς τεύχη τρία μετ' εἰκόνων. Τεῦχος Α' Η Ὀθωμανικὴ Αὐτοκρατορία καὶ τὰ Κράτη τοῦ Αἵμου,Geography in three volumes with images. Volume 1: The Ottoman Empire and the Balkan States,σελ. 124,4.20,,
1904,IMG_1377.jpeg,Γεωγραφία,Geography,,ΜΙΤΤΑΚΙΔΟΥ Β. Α.,Mittakidis V. A.,"Γεωγραφίας Γενικῆς... Τεῦχος Β', περιλαμβάνον τὴν Ἑλλάδα, τὴν Εὐρώπην καὶ πάσας τὰς ἠπείρους...","General Geography... Volume 2, including Greece, Europe and all continents...","8ον, σελ. 241",8.20,,
1904,IMG_1377.jpeg,Γεωγραφία,Geography,,ΜΙΤΤΑΚΙΔΟΥ Β. Α.,Mittakidis V. A.,"Γεωγραφίας Γενικῆς — Γεωγραφικὸν Ἐγχειρίδιον... Τεῦχος Α', περιλαμβάνον τὰς προκαταρκτικὰς γνώσεις ἐκ τῆς καθόλου Γεωγραφίας καὶ περιγραφὴν τῆς Ὀθωμανικῆς Αὐτοκρατορίας","General Geography — Geographical Manual... Volume 1, including introductory knowledge of General Geography and description of the Ottoman Empire","8ον, σελ. 235",8.20,,
1904,IMG_1377.jpeg,Γεωγραφία,Geography,,ΜΕΛΑΝΙΝΟΥ ΔΗΜΟΣΘΕΝΟΥΣ Π.,Melaninos Demosthenes P.,"Γεωγραφικὴ Σειρὰ εἰς τεύχη δύο. Τεῦχος Β', Στοιχειώδης Γεωγραφία, πρὸς χρῆσιν τῶν Δημοτικῶν καὶ Ἀστικῶν Σχολῶν...","Geographical Series in two volumes. Volume 2, Elementary Geography, for primary and urban schools...",σελ. 144,5.—,,
1904,IMG_1377.jpeg,Γεωγραφία,Geography,,ΜΕΛΑΝΙΝΟΥ ΔΗΜΟΣΘΕΝΟΥΣ Π.,Melaninos Demosthenes P.,"Γεωγραφικὴ Σειρὰ εἰς τεύχη δύο. Τεῦχος Α', Πατριδογραφία, ἤτοι περιγραφὴ τῆς ἰδιαιτέρας τοῦ μαθητοῦ πατρίδος...","Geographical Series in two volumes. Volume 1, Homeland studies...",σελ. 62,2.20,,
1904,IMG_1378.jpeg,ΜΟΥΣΙΚΗ,Music,,ΜΑΛΤΟΥ Α.,Maltou A.,"Ἀσμάτων Συλλογὴ διφώνων, τριφώνων καὶ τετραφώνων","Collection of Songs for 2, 3, and 4 Voices",σελ. 64 +,10.—,,
1904,IMG_1378.jpeg,ΜΟΥΣΙΚΗ,Music,,ΜΕΛΑ Α.,Mela A.,"Ἀσμάτια Χριστιανικά, μετὰ δύο μουσικῶν μελῶν","Christian Songs, with two musical settings",σ. 50 +,2.20,,
1904,IMG_1378.jpeg,ΜΟΥΣΙΚΗ,Music,,ΠΑΠΑΝ Α.,Papan A.,"Μουσικὴ Παιδαγωγία, ἤτοι ἄσματα ἐκκλησιαστικά, σχολιακὰ καὶ ἄλλα","Musical Pedagogy, namely ecclesiastical, school, and other songs",,4.—,,
1904,IMG_1378.jpeg,ΜΟΥΣΙΚΗ,Music,,ΠΑΠΑΝ Α.,Papan A.,Μουσικὴ Παιδαγωγία: Τεῦχος Α',Musical Pedagogy: Volume A,"8ον, σελ. 112",5.—,,
1904,IMG_1378.jpeg,ΜΟΥΣΙΚΗ,Music,,ΠΑΠΑΔΟΠΟΥΛΟΥ Φ. Σ.,Papadopoulou F. S.,Στοιχειώδης Γνώσεως Ἐκκλησιαστικῆς Μελεῳδίας,Elementary Knowledge of Ecclesiastical Chant,,5.—,,
1904,IMG_1378.jpeg,ΜΟΥΣΙΚΗ,Music,,ΤΑΝΤΑΛΙΔΟΥ ΗΛ.,Tantalidou Il.,Ἀσματα Παιδικὰ εἰς εὐρωπαϊκὴν μελῳδίαν,Children's Songs set to European Melody,"μέγα 8ον, σελίδες 52 +",6.—,,
1904,IMG_1378.jpeg,ΜΟΥΣΙΚΗ,Music,,ΤΑΝΤΑΛΙΔΟΥ ΗΛ.,Tantalidou Il.,Ἀσματα διὰ Σχολεῖα εἰς εὐρωπαϊκὴν μελῳδίαν,Songs for Schools set to European Melody,"4ον, σ. 40 +",6.—,,
1904,IMG_1378.jpeg,"ΟΙΚΙΑΚΗ ΟΙΚΟΝΟΜΙΑ, ΕΡΓΟΧΕΙΡΑ","Home Economics, Handicrafts",Πρὸς χρῆσιν μόνον τῶν Παρθεναγωγείων,ΑΛΕΞΙΑΔΟΥ Α.,Alexiadou A.,Καλλιγραφία Κεντήματος μεγάλη ἐπὶ λευκοῦ ὑφάσματος,"Calligraphy Embroidery, Large on White Fabric","4ον, σ. 16 +",5.—,,
1904,IMG_1378.jpeg,"ΟΙΚΙΑΚΗ ΟΙΚΟΝΟΜΙΑ, ΕΡΓΟΧΕΙΡΑ","Home Economics, Handicrafts",Πρὸς χρῆσιν μόνον τῶν Παρθεναγωγείων,ΖΥΓΟΥΡΑ ΞΕΝ.,Zygoura Xen.,Ὁδηγὸς τῆς Οἰκοδεσποίνης Πρακτικός,Practical Housewife's Guide,"8ον, σελίδες 265",8.—,,
1904,IMG_1378.jpeg,"ΟΙΚΙΑΚΗ ΟΙΚΟΝΟΜΙΑ, ΕΡΓΟΧΕΙΡΑ","Home Economics, Handicrafts",Πρὸς χρῆσιν μόνον τῶν Παρθεναγωγείων,ΖΥΓΟΥΡΑ ΞΕΝ.,Zygoura Xen.,Ἐγχειρίδιον Οἰκιακῆς Οἰκονομίας (Οἰκιακὴ Λογιστική),Manual of Domestic Economy (Household Bookkeeping),"8ον, σ. 208 + 10",10.—,,
1904,IMG_1378.jpeg,"ΟΙΚΙΑΚΗ ΟΙΚΟΝΟΜΙΑ, ΕΡΓΟΧΕΙΡΑ","Home Economics, Handicrafts",Πρὸς χρῆσιν μόνον τῶν Παρθεναγωγείων,ΠΡΕΒΕΖΙΩΤΟΥ Α. Λ.,Preveziotou A. L.,Οἰκιακὴ Οἰκονομία,Domestic Economy,σελ. 172 +,5.—,,
1904,IMG_1378.jpeg,"ΟΙΚΙΑΚΗ ΟΙΚΟΝΟΜΙΑ, ΕΡΓΟΧΕΙΡΑ","Home Economics, Handicrafts",Πρὸς χρῆσιν μόνον τῶν Παρθεναγωγείων,ΖΥΓΟΥΡΑ ΞΕΝ.,Zygoura Xen.,"Ῥαπτική, Κοπτική, Πλεκτικὴ καὶ Ποικιλτικὴ μετὰ σχημάτων","Sewing, Pattern Cutting, Knitting and Embroidery with figures",σελίδες 184 +,5.—,,
1904,IMG_1378.jpeg,"ΟΙΚΙΑΚΗ ΟΙΚΟΝΟΜΙΑ, ΕΡΓΟΧΕΙΡΑ","Home Economics, Handicrafts",Πρὸς χρῆσιν μόνον τῶν Παρθεναγωγείων,ΘΕΟΧΑΡΗ Σ. Κ.,Theocharis S. K.,Οἰκιακὴ Οἰκονομία,Domestic Economy,"8ον, σελίδες 8-159",6.—,,
1904,IMG_1378.jpeg,"ΟΙΚΙΑΚΗ ΟΙΚΟΝΟΜΙΑ, ΕΡΓΟΧΕΙΡΑ","Home Economics, Handicrafts",Πρὸς χρῆσιν μόνον τῶν Παρθεναγωγείων,ΚΑΒΑΝΙΑΡΗ Α.,Kavaniari A.,Περὶ Οἰκονομίας Οἰκιακῆς,On Domestic Economy,σελίδες 112 +,6.—,,
1904,IMG_1378.jpeg,"ΟΙΚΙΑΚΗ ΟΙΚΟΝΟΜΙΑ, ΕΡΓΟΧΕΙΡΑ","Home Economics, Handicrafts",Πρὸς χρῆσιν μόνον τῶν Παρθεναγωγείων,ΠΕΝΤΙΛΑΔΕΣ,Pentilades,Σπουδαῖς Οἰκονομία Οἰκιακή,Studies in Household Economy,σελ. 228 +,6.—,,
1904,IMG_1378.jpeg,"ΟΙΚΙΑΚΗ ΟΙΚΟΝΟΜΙΑ, ΕΡΓΟΧΕΙΡΑ","Home Economics, Handicrafts",Πρὸς χρῆσιν μόνον τῶν Παρθεναγωγείων,ΜΟΡΦΙΛΛΟΥ ΣΤ.,Morfillou St.,Κοσμηματογραφία,Ornamental Drawing,σελίδες 24 +,8.—,,
1904,IMG_1378.jpeg,"ΟΙΚΙΑΚΗ ΟΙΚΟΝΟΜΙΑ, ΕΡΓΟΧΕΙΡΑ","Home Economics, Handicrafts",Πρὸς χρῆσιν μόνον τῶν Παρθεναγωγείων,ΜΟΡΦΙΛΛΟΥ ΣΤ.,Morfillou St.,Ἀλφάβητα σύμμεκτα καὶ ἁπλᾶ,Alphabets Mixed and Simple,σελίδες 24 +,8.—,,
1904,IMG_1378.jpeg,ΜΟΥΣΙΚΗ,Music,,ΜΑΛΤΟΥ Α.,Maltou A.,"Μελπομένη: Τεῦχος Β', περιέχον 14 δίφωνα καὶ 27 τρίφωνα ἄσματα","Melpomene: Volume B, containing 14 two-part and 27 three-part songs",σελίδες 170 +,10.—,,
1904,IMG_1378.jpeg,"ΟΙΚΙΑΚΗ ΟΙΚΟΝΟΜΙΑ, ΕΡΓΟΧΕΙΡΑ","Home Economics, Handicrafts",Πρὸς χρῆσιν μόνον τῶν Παρθεναγωγείων,ΖΥΓΟΥΡΑ ΞΕΝ.,Zygoura Xen.,Οἰκονομικῆς Ἐγχειρίδιον,Economics Handbook,"8ον, σελίδες 143 +",5.—,,
1904,IMG_1378.jpeg,"ΟΙΚΙΑΚΗ ΟΙΚΟΝΟΜΙΑ, ΕΡΓΟΧΕΙΡΑ","Home Economics, Handicrafts",Πρὸς χρῆσιν μόνον τῶν Παρθεναγωγείων,ΚΑΛΟΦΩΝΟΥ Ι.,Kalofonou I.,Ἑλληνικὴ Καλλιγραφία,Greek Calligraphy,σελ. 24 +,5.—,,
1904,IMG_1378.jpeg,ΜΟΥΣΙΚΗ,Music,,ΜΑΛΤΟΥ Α.,Maltou A.,"Μελπομένη: Τεῦχος Α', περιέχον 20 μονόφωνα καὶ 100 δίφωνα ἄσματα","Melpomene: Volume A, containing 20 monophonic and 100 two-part songs",σελίδες 196,18.—,,
1904,IMG_1378.jpeg,ΜΟΥΣΙΚΗ,Music,,ΜΑΛΤΟΥ Α.,Maltou A.,"Μελπομένη, ἤτοι Συλλ. Ἀσμάτ. Τεῦχος Α', περιέχον 27 μονόφωνα ἄσματα","Melpomene, or Collection of Songs, Vol. A, containing 27 monophonic songs",σελ. 24 +,1.20,,
1904,IMG_1378.jpeg,ΜΟΥΣΙΚΗ,Music,,ΜΑΛΤΟΥ Α.,Maltou A.,"Μελπομένη: Τετράφωνον, ἤτοι Συλλογὴ Χορικῶν Ἁσμάτων","Melpomene: Four-part, or Collection of Choral Songs",,12.—,,
1904,IMG_1378.jpeg,Καλλιγραφία,Calligraphy,,ΝΕΡΑΝΤΖΗ Ι. Δ.,Nerantzi I. D.,Καλλιγραφίας Δείγματα,Calligraphy Samples,σελ. 17 +,2.—,,
1904,IMG_1378.jpeg,Καλλιγραφία,Calligraphy,,ΝΕΡΑΝΤΖΗ Ι. Δ.,Nerantzi I. D.,Καλλιγραφίας Δείγματα,Calligraphy Samples,"12ον, σ. 16, πίνακες 32 +",5.—,,
1904,IMG_1378.jpeg,Καλλιγραφία,Calligraphy,,ΠΑΠΑΔΟΠΟΥΛΟΥ Ν. καὶ ΓΕΩΡΓΙΑΔΟΥ Α.,Papadopoulou N. and Georgiadou A.,Χάρακες μετὰ Καλλιγραφικῶν Δειγμάτων,Rulers with Calligraphy Samples,,3.20,,
1904,IMG_1378.jpeg,Καλλιγραφία,Calligraphy,,ΣΙΜΟΥ Μ. Κ.,Simou M. K.,Καλλιγραφία Ἑλληνικὴ (μεγάλη),Greek Calligraphy (Large),πίνακες 21,2.20,,
1904,IMG_1378.jpeg,Καλλιγραφία,Calligraphy,,ΣΙΜΟΥ Μ. Κ.,Simou M. K.,Καλλιγραφίας Ἑλληνικῆς Στοιχεῖα,Elements of Greek Calligraphy,πίνακες 16,1.20,,
1904,IMG_1378.jpeg,Καλλιγραφία,Calligraphy,,ΣΤΕΦΑΝΙΔΟΥ Α. Γ.,Stefanidou A. G.,Καλλιγραφία Ἑλληνικὴ (μικρά),Greek Calligraphy (Small),σελ. 12 +,2.—,,
1904,IMG_1378.jpeg,ΙΧΝΟΓΡΑΦΙΑ,Drawing,,ΒΟΥΡΟΥ Ν. Γ.,Vourou N. G.,Στοιχειώδης Ἰχνογραφία,Elementary Drawing,"12ον, σ. 16, πίνακες 32 +",5.—,,
1904,IMG_1378.jpeg,ΙΧΝΟΓΡΑΦΙΑ,Drawing,,ΒΟΥΡΟΥ Ν. Γ.,Vourou N. G.,"Ἰχνογραφίας Στοιχεῖα, ἐπὶ τῇ βάσει γαλλικῶν καὶ γερμανικῶν συγγραμμάτων. Μέρος Α' : Γραμμικὴ Ἰχνογραφία. Τεῦχος Α'","Elements of Drawing, based on French and German textbooks. Part A: Linear Drawing. Volume A","8ον, σελ. 41, πίνακες 32, σχήμ. 121",7.20,,
1904,IMG_1378.jpeg,Καλλιγραφία,Calligraphy,,ΡΩΜΑΝΟΥ Α.,Romanou A.,Καλλιγραφίας Δείγματα διὰ τοὺς πρωτοπείρ. τῆς γαλλ.,Calligraphy Samples for Beginners in French,,2.20,,
1904,IMG_1378.jpeg,ΙΧΝΟΓΡΑΦΙΑ,Drawing,,ΒΟΥΡΟΥ Ν. Γ.,Vourou N. G.,Ἰχνογραφίας Στοιχεῖα. Μέρος Γ' : Προσωπογραφία,Elements of Drawing. Part C: Portraiture,27,2.20,,
1904,IMG_1378.jpeg,ΙΧΝΟΓΡΑΦΙΑ,Drawing,,ΒΟΥΡΟΥ Ν. Γ.,Vourou N. G.,"Ἰχνογραφίας Τετράδια, μεθ' ὑποδειγμάτων (Τεύχη 1-24)","Drawing Workbooks, with models (Issues 1-24)",,1.20,,Price per issue (Έκαστον τεῦχος τιμᾶται)
1904,IMG_1378.jpeg,ΙΧΝΟΓΡΑΦΙΑ,Drawing,,ΔΡΑΚΗ Ι.,Draki I.,"Ἰχνογραφία Γραμμικὴ Στοιχειώδης, μετ' Ἐπιτόμου Διαμετρικῆς","Elementary Linear Drawing, with Concise Axonometry","μετὰ 126 σχημάτων, σελ. 87",2.—,,
1904,IMG_1378.jpeg,ΙΧΝΟΓΡΑΦΙΑ,Drawing,,ΔΡΑΚΗ Ι.,Draki I.,"Ἰχνογράφος ὁ Μικρός, 12 τετράδια μεθ' ὑποδειγμάτων","The Little Draftsman, 12 workbooks with models",14 σελίδας μεγάλου 8ου σχήματος,0.20,,Price per issue
1904,IMG_1378.jpeg,ΙΧΝΟΓΡΑΦΙΑ,Drawing,,ΜΑΓΚΑΚΗ Ε.,Magkaki E.,Ἰχνογραφίας Ἐγχειρίδιον,Drawing Manual,σελ. 64 +,2.—,,
1904,IMG_1378.jpeg,ΜΟΥΣΙΚΗ,Music,,,,"Ἀσμάτια Παιδαγωγικά, δαπάνῃ τῆς Φιλεκπ. Ἑταιρείας","Pedagogical Songs, published by the Society for the Promotion of Education","8ον, σ. 32 +",4.—,,
1904,IMG_1378.jpeg,ΜΟΥΣΙΚΗ,Music,,ΒΙΝΤΖΕΝΤΙΝΗ Α.,Vintzentini A.,Ἐπίτομος Θεωρία τῆς Εὐρωπαϊκῆς Μουσικῆς,Concise Theory of European Music,"8ον, σ. 30 × 10",1.—,,
1904,IMG_1378.jpeg,ΜΟΥΣΙΚΗ,Music,,ΕΝΙΓΓ ΙΟΥΛΙΟΥ,Enigg Iouliou,Ἀσμάτια Παιδαγωγικὰ Νέα,New Pedagogical Songs,εἰς μέρη (φυλλάδια) 10,2.20,,
1904,IMG_1378.jpeg,ΙΧΝΟΓΡΑΦΙΑ,Drawing,,ΒΟΥΡΟΥ Ν. Γ.,Vourou N. G.,Ἰχνογραφίας Στοιχεῖα. Τεῦχος Β',Elements of Drawing. Volume B,"8ον, σελ. 36, πίνακες 54, σχήμ. 86",8.20,,
1904,IMG_1378.jpeg,ΜΟΥΣΙΚΗ,Music,,ΙΩΑΝΝΙΔΟΥ Ν.,Ioannidou N.,Ἀσματολόγιον,Songbook,σελ. 30 +,3.20,,
1904,IMG_1379.jpeg,Β΄ ΕΛΛΗΝΙΚΗ ΓΛΩΣΣΑ,Greek Language,Β΄ ΓΡΑΜΜΑΤΙΚΑΙ ΚΑΙ ΣΥΝΤΑΚΤΙΚΑ,ΔΗΜΗΤΡΙΑΔΟΥ ΑΘ.,Dimitriadou Ath.,"Ἐπίτομος Πρ. Συντακτικὸν Ἐντελὲς τῆς Ἀττικῆς Διαλέκτου, μετ' ἐπιμελημένης Γραμματικῆς","Epitome of Complete Syntax of Attic Dialect, with meticulous Grammar","8ον, σελ. 192",5.—,,
1904,IMG_1379.jpeg,Β΄ ΕΛΛΗΝΙΚΗ ΓΛΩΣΣΑ,Greek Language,Β΄ ΓΡΑΜΜΑΤΙΚΑΙ ΚΑΙ ΣΥΝΤΑΚΤΙΚΑ,ΔΗΜΗΤΡΙΑΔΟΥ ΑΘ.,Dimitriadou Ath.,Μορφολογία Ὁμηρική,Homeric Morphology,"8ον, σελ. 226+",5.—,,
1904,IMG_1379.jpeg,Β΄ ΕΛΛΗΝΙΚΗ ΓΛΩΣΣΑ,Greek Language,Β΄ ΓΡΑΜΜΑΤΙΚΑΙ ΚΑΙ ΣΥΝΤΑΚΤΙΚΑ,ΒΥΣΑΝΤΙΝΟΥ Β. Γ.,Vyzantinou V. G.,Ἐπίτομος τοῦ Ἡροδότου Γραμματικὴ κατὰ Krüger καὶ Abicht,Epitome of Herodotus's Grammar according to Krüger and Abicht,"8ον, σελ. 45+",6.—,,
1904,IMG_1379.jpeg,Β΄ ΕΛΛΗΝΙΚΗ ΓΛΩΣΣΑ,Greek Language,Β΄ ΓΡΑΜΜΑΤΙΚΑΙ ΚΑΙ ΣΥΝΤΑΚΤΙΚΑ,ΒΟΥΛΤΣΟΥ Θ.,Voultsou Th.,Εἰσαγωγὴ εἰς τὸν Ἡρόδοτον καὶ Γραμματικὴ τῆς διαλέκτου αὐτοῦ,Introduction to Herodotus and Grammar of his dialect,"8ον, σελ. 68+",3.—,,
1904,IMG_1379.jpeg,Β΄ ΕΛΛΗΝΙΚΗ ΓΛΩΣΣΑ,Greek Language,Α΄ ΕΚΛΟΓΑΙ ΑΡΧΑΙΩΝ ΣΥΓΓΡΑΦΕΩΝ,ΚΟΦΙΝΙΩΤΟΥ Ε.,Kofiniotou E.,"Ἀναγνώσματα Ἑλλήνων Συγγραφέων μετὰ σημειώσεων, διὰ τὴν Α΄ τάξιν τοῦ Γυμνασίου","Readings of Greek Authors with notes, for the 1st class of Gymnasium","8ον, σελ. 93+...",5.—,,
1904,IMG_1379.jpeg,Β΄ ΕΛΛΗΝΙΚΗ ΓΛΩΣΣΑ,Greek Language,Α΄ ΕΚΛΟΓΑΙ ΑΡΧΑΙΩΝ ΣΥΓΓΡΑΦΕΩΝ,ΙΑΣΕΜΙΔΟΥ Π.,Iasemidou P.,"Ἀναγνώσματα ἐκ τοῦ Διοδώρου, μετὰ σχολίων","Readings from Diodorus, with commentary","8ον, σ. 209+",6.—,,
1904,IMG_1379.jpeg,Β΄ ΕΛΛΗΝΙΚΗ ΓΛΩΣΣΑ,Greek Language,Α΄ ΕΚΛΟΓΑΙ ΑΡΧΑΙΩΝ ΣΥΓΓΡΑΦΕΩΝ,ΚΑΛΛΙΦΡΟΝΟΣ Β. Δ.,Kallifronos V. D.,"Τόμος Ε΄, διὰ τὴν β΄ γυμνασίου","Volume E, for 2nd Gymnasium","8ον, σελ. ξη΄-180",5.—,,
1904,IMG_1379.jpeg,Β΄ ΕΛΛΗΝΙΚΗ ΓΛΩΣΣΑ,Greek Language,Α΄ ΕΚΛΟΓΑΙ ΑΡΧΑΙΩΝ ΣΥΓΓΡΑΦΕΩΝ,ΚΑΛΛΙΦΡΟΝΟΣ Β. Δ.,Kallifronos V. D.,"Ἐγχειρίδιον Ἑλληνικῶν Μαθημάτων Σειρὰ Χ. Τόμος Δ΄, διὰ τὴν α΄ γυμνασίου","Manual of Greek Lessons Series X. Volume D, for 1st Gymnasium","8ον, σελ. σθ΄-92",5.—,,
1904,IMG_1379.jpeg,Β΄ ΕΛΛΗΝΙΚΗ ΓΛΩΣΣΑ,Greek Language,Α΄ ΕΚΛΟΓΑΙ ΑΡΧΑΙΩΝ ΣΥΓΓΡΑΦΕΩΝ,ΖΑΓΓΟΓΙΑΝΝΗ Δ. Κ.,Zanggogianni D. K.,"Ἀρχαῖοι Ἕλληνες Λυρικοί, κατ' ἐκλογὴν ἐκδόθεντες μετὰ μαθητικῶν ὑπομνημάτων","Ancient Greek Lyrists, selected edition with student notes","8ον, σ. γ΄-30 +",6.—,,
1904,IMG_1379.jpeg,Β΄ ΕΛΛΗΝΙΚΗ ΓΛΩΣΣΑ,Greek Language,Β΄ ΓΡΑΜΜΑΤΙΚΑΙ ΚΑΙ ΣΥΝΤΑΚΤΙΚΑ,ΖΗΚΙΔΟΥ Γ.,Zikidou G.,Γραμματικὴ Ὁμηρική,Homeric Grammar,"8ον, σελίδες 256 +",12.—,,
1904,IMG_1379.jpeg,Β΄ ΕΛΛΗΝΙΚΗ ΓΛΩΣΣΑ,Greek Language,Α΄ ΕΚΛΟΓΑΙ ΑΡΧΑΙΩΝ ΣΥΓΓΡΑΦΕΩΝ,ΚΟΦΙΝΙΩΤΟΥ Ε.,Kofiniotou E.,"Ἀναγνώσματα ἐκ τοῦ Ἡροδότου, μετὰ εἰσαγωγῆς περί τοῦ βίου καὶ τῆς διαλέκτου αὐτοῦ","Readings from Herodotus, with an introduction on his life and dialect","8ον, σελίδες 184 +",10.—,,
1904,IMG_1379.jpeg,Β΄ ΕΛΛΗΝΙΚΗ ΓΛΩΣΣΑ,Greek Language,Β΄ ΓΡΑΜΜΑΤΙΚΑΙ ΚΑΙ ΣΥΝΤΑΚΤΙΚΑ,ΖΗΚΙΔΟΥ Γ.,Zikidou G.,Συντακτικὸν (μέγα),Syntax (Large),"8ον, σ. 244 +",10.—,,
1904,IMG_1379.jpeg,Β΄ ΕΛΛΗΝΙΚΗ ΓΛΩΣΣΑ,Greek Language,Β΄ ΓΡΑΜΜΑΤΙΚΑΙ ΚΑΙ ΣΥΝΤΑΚΤΙΚΑ,ΚΟΦΙΝΙΩΤΟΥ Ι. Κ.,Kofiniotou I. K.,Συντακτικὸν τῆς Ἑλληνικῆς Γλώσσης,Syntax of the Greek Language,"8ον, σελ. 232 +",12.—,,
1904,IMG_1379.jpeg,Β΄ ΕΛΛΗΝΙΚΗ ΓΛΩΣΣΑ,Greek Language,Β΄ ΓΡΑΜΜΑΤΙΚΑΙ ΚΑΙ ΣΥΝΤΑΚΤΙΚΑ,ΙΑΣΕΜΙΔΟΥ Π.,Iasemidou P.,Συντακτικόν (μέγα),Syntax (Large),"8ον, σελ. 264+",15.—,,
1904,IMG_1379.jpeg,Β΄ ΕΛΛΗΝΙΚΗ ΓΛΩΣΣΑ,Greek Language,Β΄ ΓΡΑΜΜΑΤΙΚΑΙ ΚΑΙ ΣΥΝΤΑΚΤΙΚΑ,ΙΑΣΕΜΙΔΟΥ Π.,Iasemidou P.,Συντακτικὸν (μέγα),Syntax (Large),"8ον, σελ. 296+",20.—,,
1904,IMG_1379.jpeg,Β΄ ΕΛΛΗΝΙΚΗ ΓΛΩΣΣΑ,Greek Language,Β΄ ΓΡΑΜΜΑΤΙΚΑΙ ΚΑΙ ΣΥΝΤΑΚΤΙΚΑ,ΚΑΛΛΙΦΡΟΝΟΣ Β. Δ.,Kallifronos V. D.,Συμπλήρωμα Συντακτικῆς. Μέρος Δ΄,Supplement to Syntax. Part D,"8ον, σελ. 16΄-130",6.—,,
1904,IMG_1379.jpeg,Β΄ ΕΛΛΗΝΙΚΗ ΓΛΩΣΣΑ,Greek Language,Β΄ ΓΡΑΜΜΑΤΙΚΑΙ ΚΑΙ ΣΥΝΤΑΚΤΙΚΑ,ΚΑΛΛΙΦΡΟΝΟΣ Β. Δ.,Kallifronos V. D.,Συμπλήρωμα Συντακτικῆς. Μέρος Ε΄,Supplement to Syntax. Part E,"8ον, σελ. ιϛ΄-74",4.—,,
1904,IMG_1379.jpeg,Β΄ ΕΛΛΗΝΙΚΗ ΓΛΩΣΣΑ,Greek Language,Β΄ ΓΡΑΜΜΑΤΙΚΑΙ ΚΑΙ ΣΥΝΤΑΚΤΙΚΑ,ΚΑΤΑΚΑΛΗ Κ. Σ.,Katakali K. S.,Συντακτικόν (μέγα),Syntax (Large),"8ον, σελ. 206+",12.—,,
1904,IMG_1379.jpeg,Β΄ ΕΛΛΗΝΙΚΗ ΓΛΩΣΣΑ,Greek Language,Β΄ ΓΡΑΜΜΑΤΙΚΑΙ ΚΑΙ ΣΥΝΤΑΚΤΙΚΑ,ΚΑΤΑΚΑΛΗ Κ. Σ.,Katakali K. S.,Συντακτικόν,Syntax,"8ον, σελ. 183 + 457 +",6.—,,
1904,IMG_1379.jpeg,Β΄ ΕΛΛΗΝΙΚΗ ΓΛΩΣΣΑ,Greek Language,Β΄ ΓΡΑΜΜΑΤΙΚΑΙ ΚΑΙ ΣΥΝΤΑΚΤΙΚΑ,ΚΟΤΜΗ Κ.,Kotmi K.,"Γραμματική, διασκευασθεῖσα ὑπὸ Γ. Παπαπαύλου","Grammar, adapted by G. Papapavlou","8ον, σελίδες 15΄-122+",15.—,,
1904,IMG_1379.jpeg,Β΄ ΕΛΛΗΝΙΚΗ ΓΛΩΣΣΑ,Greek Language,Β΄ ΓΡΑΜΜΑΤΙΚΑΙ ΚΑΙ ΣΥΝΤΑΚΤΙΚΑ,ΚΟΦΙΝΙΩΤΟΥ Ε.,Kofiniotou E.,Γραμματικὴ Διαλέκτων,Grammar of Dialects,"8ον, σελ. 148 +",10.—,,
1904,IMG_1379.jpeg,Β΄ ΕΛΛΗΝΙΚΗ ΓΛΩΣΣΑ,Greek Language,Β΄ ΓΡΑΜΜΑΤΙΚΑΙ ΚΑΙ ΣΥΝΤΑΚΤΙΚΑ,ΚΟΦΙΝΙΩΤΟΥ Ε.,Kofiniotou E.,Γραμματικὴ Ὁμηρική,Homeric Grammar,"8ον, σελ. 122+",9.—,,
1904,IMG_1379.jpeg,Β΄ ΕΛΛΗΝΙΚΗ ΓΛΩΣΣΑ,Greek Language,Β΄ ΓΡΑΜΜΑΤΙΚΑΙ ΚΑΙ ΣΥΝΤΑΚΤΙΚΑ,ΚΡΙΓΓΕΡΟΥ,Kringgerou,"Γραμματικὴ Διαλέκτων, μεταφρασθεῖσα ὑπὸ Κωνσταντοπούλου","Grammar of Dialects, translated by Konstantopoulos","8ον, σελίδες 15΄-184+",7.20,,
1904,IMG_1379.jpeg,Β΄ ΕΛΛΗΝΙΚΗ ΓΛΩΣΣΑ,Greek Language,Β΄ ΓΡΑΜΜΑΤΙΚΑΙ ΚΑΙ ΣΥΝΤΑΚΤΙΚΑ,ΚΟΤΣΑΚΗ Α. Α.,Kotsaki A. A.,Γραμματική,Grammar,"8ον, σελίδες 176+",8.—,,
1904,IMG_1379.jpeg,Β΄ ΕΛΛΗΝΙΚΗ ΓΛΩΣΣΑ,Greek Language,Α΄ ΕΚΛΟΓΑΙ ΑΡΧΑΙΩΝ ΣΥΓΓΡΑΦΕΩΝ,ΒΥΘΟΥΛΚΑ Β.,Vythoulka V.,"Χρηστομάθεια Ὁμηρική. Τεύχος Β΄ (Ὀδύσσεια, Ζ, Θ, Ι)","Homeric Chrestomathy. Issue B (Odyssey, Z, Th, I)","8ον, σελ. ϛ΄-92 +",6.—,,
1904,IMG_1379.jpeg,Β΄ ΕΛΛΗΝΙΚΗ ΓΛΩΣΣΑ,Greek Language,Β΄ ΓΡΑΜΜΑΤΙΚΑΙ ΚΑΙ ΣΥΝΤΑΚΤΙΚΑ,ΙΑΣΕΜΙΔΟΥ Π.,Iasemidou P.,"Γραμματικὴ τῆς Ἑλλ. Γλώσσης, κατὰ Κ. Γκέρτον","Grammar of the Greek Language, according to G. Curtius","8ον, σ. 157",15.—,,
1904,IMG_1379.jpeg,Β΄ ΕΛΛΗΝΙΚΗ ΓΛΩΣΣΑ,Greek Language,Α΄ ΕΚΛΟΓΑΙ ΑΡΧΑΙΩΝ ΣΥΓΓΡΑΦΕΩΝ,ΒΥΖΑΝΤΙΟΥ Σ. Δ. καὶ ΡΑΓΚΑΒΗ Α. Ρ.,Vyzantiou S. D. and Rangavi A. R.,Χρηστομάθεια. Τόμος Δ΄ / Τόμος Ε΄,Chrestomathy. Volume D / Volume E,"8ον, σελ. 242 / σελ. 230",6.—,,"Listed with two volumes, each 6.—"
1904,IMG_1379.jpeg,"Β΄ ΓΥΜΝΑΣΙΑ, ΔΙΔΑΣΚΑΛΕΙΑ ΚΑΙ ΠΑΡΘΕΝΑΓΩΓΕΙΑ","Secondary Education, Normal Schools and Girls' Schools",Α΄ ΘΡΗΣΚΕΙΑ,ΚΥΡΙΑΚΟΥ Δ. Α.,Kyriakou D. A.,Ἀπάνθισμα τῆς Ἁγίας Γραφῆς,Anthology of Holy Scripture,"8ον, σελ. ια΄-248 +",10.—,,
1904,IMG_1379.jpeg,"Β΄ ΓΥΜΝΑΣΙΑ, ΔΙΔΑΣΚΑΛΕΙΑ ΚΑΙ ΠΑΡΘΕΝΑΓΩΓΕΙΑ","Secondary Education, Normal Schools and Girls' Schools",Α΄ ΘΡΗΣΚΕΙΑ,ΠΛΑΤΩΝΟΣ,Platonos,"Ὀρθόδοξος Διδασκαλία, μετάφρ. Ἀ. Κοραῆ","Orthodox Teaching, translated by A. Korais","8ον, σ. 144+",6.—,,
1904,IMG_1379.jpeg,"Β΄ ΓΥΜΝΑΣΙΑ, ΔΙΔΑΣΚΑΛΕΙΑ ΚΑΙ ΠΑΡΘΕΝΑΓΩΓΕΙΑ","Secondary Education, Normal Schools and Girls' Schools",Α΄ ΘΡΗΣΚΕΙΑ,ΑΝΤΩΝΙΑΔΟΥ Β.,Antoniadou V.,"Ἐπίτομος Ἱερὰ Ἱστορία. Μέρος Α΄, Ἱστορία τῆς Παλαιᾶς Διαθήκης","Epitome of Sacred History. Part A, History of the Old Testament","8ον, σελ. 135 +",5.—,,
1904,IMG_1379.jpeg,"Β΄ ΓΥΜΝΑΣΙΑ, ΔΙΔΑΣΚΑΛΕΙΑ ΚΑΙ ΠΑΡΘΕΝΑΓΩΓΕΙΑ","Secondary Education, Normal Schools and Girls' Schools",Α΄ ΘΡΗΣΚΕΙΑ,ΑΝΤΩΝΙΑΔΟΥ Β.,Antoniadou V.,"Ἐπίτομος Ἱερὰ Ἱστορία. Μέρος Β΄, Ἱστορία τῆς Καινῆς Διαθήκης","Epitome of Sacred History. Part B, History of the New Testament","8ον, σελ. 103 +",5.—,,
1904,IMG_1379.jpeg,"Β΄ ΓΥΜΝΑΣΙΑ, ΔΙΔΑΣΚΑΛΕΙΑ ΚΑΙ ΠΑΡΘΕΝΑΓΩΓΕΙΑ","Secondary Education, Normal Schools and Girls' Schools",Α΄ ΘΡΗΣΚΕΙΑ,ΑΠΟΣΤΟΛΙΔΟΥ Μ.,Apostolidou M.,Ἠθικὴ Χριστιανική,Christian Ethics,"8ον, σελίδες 336+",7.20,,
1904,IMG_1379.jpeg,"Β΄ ΓΥΜΝΑΣΙΑ, ΔΙΔΑΣΚΑΛΕΙΑ ΚΑΙ ΠΑΡΘΕΝΑΓΩΓΕΙΑ","Secondary Education, Normal Schools and Girls' Schools",Α΄ ΘΡΗΣΚΕΙΑ,ΒΑΣΙΛΕΙΟΥ Κ.,Vasileiou K.,Κατήχησις Ὀρθόδοξος Χριστιανική (Μεγάλη),Orthodox Christian Catechism (Large),"8ον, σ. 186",5.—,,
1904,IMG_1379.jpeg,"Β΄ ΓΥΜΝΑΣΙΑ, ΔΙΔΑΣΚΑΛΕΙΑ ΚΑΙ ΠΑΡΘΕΝΑΓΩΓΕΙΑ","Secondary Education, Normal Schools and Girls' Schools",Α΄ ΘΡΗΣΚΕΙΑ,ΒΑΣΙΛΕΙΟΥ ΦΙΛΑΡΕΤΟΥ,Vasileiou Filaretou,Ἱστορία Ἐκκλησιαστική (Ἐπίτομος),Ecclesiastical History (Epitome),"8ον, σελ. 247 +",8.—,,
1904,IMG_1379.jpeg,"Β΄ ΓΥΜΝΑΣΙΑ, ΔΙΔΑΣΚΑΛΕΙΑ ΚΑΙ ΠΑΡΘΕΝΑΓΩΓΕΙΑ","Secondary Education, Normal Schools and Girls' Schools",Α΄ ΘΡΗΣΚΕΙΑ,ΓΕΔΕΩΝ Σ.,Gedeon S.,Ἑρμηνεία ἐκλεκτῶν Περικοπῶν ἐκ τῆς Καινῆς Διαθήκης μετ' εἰσαγωγῆς,Interpretation of Selected Passages from the New Testament with an introduction,"8ον, σελ. 224 +",9.—,,
1904,IMG_1379.jpeg,"Β΄ ΓΥΜΝΑΣΙΑ, ΔΙΔΑΣΚΑΛΕΙΑ ΚΑΙ ΠΑΡΘΕΝΑΓΩΓΕΙΑ","Secondary Education, Normal Schools and Girls' Schools",Α΄ ΘΡΗΣΚΕΙΑ,ΓΕΔΕΩΝ Σ.,Gedeon S.,Ἑρμηνεία τῶν κατὰ τὰς Κυριακὰς ἀναγινωσκομένων Πράξεων,Interpretation of the Acts Read on Sundays,"8ον, σελ. 168+",14.—,,
1904,IMG_1379.jpeg,"Β΄ ΓΥΜΝΑΣΙΑ, ΔΙΔΑΣΚΑΛΕΙΑ ΚΑΙ ΠΑΡΘΕΝΑΓΩΓΕΙΑ","Secondary Education, Normal Schools and Girls' Schools",Α΄ ΘΡΗΣΚΕΙΑ,ΔΑΜΑΛΑ Μ. Ν.,Damala M. N.,Ὀρθόδοξος Κατήχησις,Orthodox Catechism,"8ον, σελ. ιε΄+ 167 +",10.—,,
1904,IMG_1379.jpeg,"Β΄ ΓΥΜΝΑΣΙΑ, ΔΙΔΑΣΚΑΛΕΙΑ ΚΑΙ ΠΑΡΘΕΝΑΓΩΓΕΙΑ","Secondary Education, Normal Schools and Girls' Schools",Α΄ ΘΡΗΣΚΕΙΑ,ΔΕΛΙΚΑΝΗ Κ.,Delikani K.,Ἑρμηνεία Περικοπῶν τοῦ Εὐαγγελίου μετ' ἐπιτόμου εἰσαγωγῆς εἰς τὴν Καινὴν Διαθήκην,Interpretation of Gospel Passages with a concise introduction to the New Testament,"8ον, σελίδες 256",7.20,,
1904,IMG_1379.jpeg,"Β΄ ΓΥΜΝΑΣΙΑ, ΔΙΔΑΣΚΑΛΕΙΑ ΚΑΙ ΠΑΡΘΕΝΑΓΩΓΕΙΑ","Secondary Education, Normal Schools and Girls' Schools",Α΄ ΘΡΗΣΚΕΙΑ,ΔΕΡΒΟΥ Γ.,Dervou G.,Ἑρμηνεία τῶν Εὐαγγελίων,Interpretation of the Gospels,"8ον, σελ. 150 +",12.—,,
1904,IMG_1379.jpeg,Β΄ ΕΛΛΗΝΙΚΗ ΓΛΩΣΣΑ,Greek Language,Α΄ ΕΚΛΟΓΑΙ ΑΡΧΑΙΩΝ ΣΥΓΓΡΑΦΕΩΝ,ΒΑΛΑΒΑΝΗ Ι.,Valavani I.,"Ἀπάνθισμα Ἑλληνικῶν Γραμμάτων... Τόμος Δ΄, διὰ τὴν α΄ τάξιν τῶν Γυμνασίων, περιέχων Ἐκλογὴν ἐκ τῶν Ξενοφῶντος Ἀπομνημονευμάτων, τὸν Λυσίου Ἐπιτάφιον καὶ Κορνηλίου Βόρθους καὶ ἐκ τῶν Ἰσοκράτους Ἀρεοπαγιτικοῦ...","Anthology of Greek Letters... Volume D, for the 1st class of Gymnasiums...","8ον, σελ. 16΄-220...",7.—,,
1904,IMG_1379.jpeg,"Β΄ ΓΥΜΝΑΣΙΑ, ΔΙΔΑΣΚΑΛΕΙΑ ΚΑΙ ΠΑΡΘΕΝΑΓΩΓΕΙΑ","Secondary Education, Normal Schools and Girls' Schools",Α΄ ΘΡΗΣΚΕΙΑ,ΚΥΡΙΑΚΟΥ Δ. Α.,Kyriakou D. A.,Ἠθικὴ Χριστιανική,Christian Ethics,"8ον, σ. 96+",3.—,,
1904,IMG_1379.jpeg,"Β΄ ΓΥΜΝΑΣΙΑ, ΔΙΔΑΣΚΑΛΕΙΑ ΚΑΙ ΠΑΡΘΕΝΑΓΩΓΕΙΑ","Secondary Education, Normal Schools and Girls' Schools",Α΄ ΘΡΗΣΚΕΙΑ,ΓΕΔΕΩΝ Σ.,Gedeon S.,Ἑρμηνεία τῶν κατὰ τὰς Κυριακὰς Ἀναγινωσκομένων Περικοπῶν ἐκ τῶν Πράξεων τῶν Ἀποστόλων καὶ τῶν Ἐπιστολῶν τοῦ Παύλου,Interpretation of Sunday Lectionary Passages from the Acts of the Apostles and the Epistles of Paul,"8ον, σ. 128 +",9.—,,
1904,IMG_1379.jpeg,"Β΄ ΓΥΜΝΑΣΙΑ, ΔΙΔΑΣΚΑΛΕΙΑ ΚΑΙ ΠΑΡΘΕΝΑΓΩΓΕΙΑ","Secondary Education, Normal Schools and Girls' Schools",Α΄ ΘΡΗΣΚΕΙΑ,ΚΥΡΙΑΚΟΥ Δ. Α.,Kyriakou D. A.,Ἱερὰ Ἱστορία τῆς Παλ. καὶ Καινῆς Διαθήκης,Sacred History of the Old and New Testaments,"8ον, σ. 144 +",5.—,,
1904,IMG_1379.jpeg,"Β΄ ΓΥΜΝΑΣΙΑ, ΔΙΔΑΣΚΑΛΕΙΑ ΚΑΙ ΠΑΡΘΕΝΑΓΩΓΕΙΑ","Secondary Education, Normal Schools and Girls' Schools",Α΄ ΘΡΗΣΚΕΙΑ,ΚΥΡΙΑΚΟΥ Δ. Α.,Kyriakou D. A.,Ἠθικὴ Χριστιανική,Christian Ethics,"8ον, σ. 126+",14.—,,
1904,IMG_1379.jpeg,"Β΄ ΓΥΜΝΑΣΙΑ, ΔΙΔΑΣΚΑΛΕΙΑ ΚΑΙ ΠΑΡΘΕΝΑΓΩΓΕΙΑ","Secondary Education, Normal Schools and Girls' Schools",Α΄ ΘΡΗΣΚΕΙΑ,ΠΑΠΑΔΟΠΟΥΛΟΥ ΦΙΛ. Π.,Papadopoulou Fil. P.,Ἰωάννου τοῦ Χρυσοστόμου Ἐξήγησις τῶν κατὰ τὰς Κυριακὰς ἀναγινωσκομένων Ἀποστολικῶν περικοπῶν,John Chrysostom's Explanation of Apostolic Passages Read on Sundays,"8ον, σελ. 167 +",7.20,,
1904,IMG_1379.jpeg,"Β΄ ΓΥΜΝΑΣΙΑ, ΔΙΔΑΣΚΑΛΕΙΑ ΚΑΙ ΠΑΡΘΕΝΑΓΩΓΕΙΑ","Secondary Education, Normal Schools and Girls' Schools",Α΄ ΘΡΗΣΚΕΙΑ,ΠΑΝΤΑΖΗ Δ.,Pantazi D.,Ἱερὰ Ἱστορία κατ' ἔκτασιν,Sacred History Extended,"8ον, σελ. 200 +",10.—,,
1904,IMG_1379.jpeg,"Β΄ ΓΥΜΝΑΣΙΑ, ΔΙΔΑΣΚΑΛΕΙΑ ΚΑΙ ΠΑΡΘΕΝΑΓΩΓΕΙΑ","Secondary Education, Normal Schools and Girls' Schools",Α΄ ΘΡΗΣΚΕΙΑ,ΠΑΛΑΜΑ ΓΡ.,Palama Gr.,Λειτουργικὴ Ὀρθόδοξος (μεγάλη),Orthodox Liturgics (Large),"8ον, σελ. 201",10.—,,
1904,IMG_1379.jpeg,"Β΄ ΓΥΜΝΑΣΙΑ, ΔΙΔΑΣΚΑΛΕΙΑ ΚΑΙ ΠΑΡΘΕΝΑΓΩΓΕΙΑ","Secondary Education, Normal Schools and Girls' Schools",Α΄ ΘΡΗΣΚΕΙΑ,ΠΑΛΑΜΑ ΓΡ.,Palama Gr.,Ἠθικὴ Χριστιανική,Christian Ethics,"8ον, σελ. 201",8.—,,
1904,IMG_1379.jpeg,"Β΄ ΓΥΜΝΑΣΙΑ, ΔΙΔΑΣΚΑΛΕΙΑ ΚΑΙ ΠΑΡΘΕΝΑΓΩΓΕΙΑ","Secondary Education, Normal Schools and Girls' Schools",Α΄ ΘΡΗΣΚΕΙΑ,ΜΟΣΧΑΚΗ ΙΓΝ.,Moschaki Ign.,Ἱστορία τῶν Ἀποστόλων,History of the Apostles,"8ον, σελ. 201",7.20,,
1904,IMG_1379.jpeg,"Β΄ ΓΥΜΝΑΣΙΑ, ΔΙΔΑΣΚΑΛΕΙΑ ΚΑΙ ΠΑΡΘΕΝΑΓΩΓΕΙΑ","Secondary Education, Normal Schools and Girls' Schools",Α΄ ΘΡΗΣΚΕΙΑ,ΠΑΡΙΤΣΗ Κ. Σ.,Paritsi K. S.,Ἠθικὴ Ὀρθόδοξος Χριστιανικὴ Ἐπίτομος,Orthodox Christian Ethics Epitome,"8ον, σελίδες 223",6.—,,
1904,IMG_1379.jpeg,"Β΄ ΓΥΜΝΑΣΙΑ, ΔΙΔΑΣΚΑΛΕΙΑ ΚΑΙ ΠΑΡΘΕΝΑΓΩΓΕΙΑ","Secondary Education, Normal Schools and Girls' Schools",Α΄ ΘΡΗΣΚΕΙΑ,ΜΟΣΧΑΚΗ ΙΓΝ.,Moschaki Ign.,Ἑρμηνεία εἰς Περικοπὰς τῶν Εὐαγγελίων καὶ τῶν Πράξεων καὶ Ἐπιστολῶν τῶν Ἀποστόλων,"Interpretation of Passages from the Gospels, the Acts, and the Epistles of the Apostles","8ον, σελ. 192+",12.—,,
1904,IMG_1379.jpeg,"Β΄ ΓΥΜΝΑΣΙΑ, ΔΙΔΑΣΚΑΛΕΙΑ ΚΑΙ ΠΑΡΘΕΝΑΓΩΓΕΙΑ","Secondary Education, Normal Schools and Girls' Schools",Α΄ ΘΡΗΣΚΕΙΑ,ΜΕΣΟΛΩΡΑ Ι. Ε.,Mesolora I. E.,Ὀρθόδοξος Χριστιανικὴ Κατήχησις,Orthodox Christian Catechism,"8ον, σελ. 112 +",8.20,,
1904,IMG_1379.jpeg,"Β΄ ΓΥΜΝΑΣΙΑ, ΔΙΔΑΣΚΑΛΕΙΑ ΚΑΙ ΠΑΡΘΕΝΑΓΩΓΕΙΑ","Secondary Education, Normal Schools and Girls' Schools",Α΄ ΘΡΗΣΚΕΙΑ,ΜΕΣΟΛΩΡΑ Ι. Ε.,Mesolora I. E.,Ἐγχειρίδιον Λειτουργικῆς τῆς Ὀρθοδόξου Ἀνατολικῆς Ἐκκλησίας,Manual of Liturgics of the Orthodox Eastern Church,"8ον, σελ. 240 +",12.—,,
1904,IMG_1379.jpeg,"Β΄ ΓΥΜΝΑΣΙΑ, ΔΙΔΑΣΚΑΛΕΙΑ ΚΑΙ ΠΑΡΘΕΝΑΓΩΓΕΙΑ","Secondary Education, Normal Schools and Girls' Schools",Α΄ ΘΡΗΣΚΕΙΑ,ΚΥΡΙΑΚΟΥ Δ. Α.,Kyriakou D. A.,Χριστιανικὴ Κατήχησις,Christian Catechism,"8ον, σελίδες 128+",7.20,,
1904,IMG_1379.jpeg,"Β΄ ΓΥΜΝΑΣΙΑ, ΔΙΔΑΣΚΑΛΕΙΑ ΚΑΙ ΠΑΡΘΕΝΑΓΩΓΕΙΑ","Secondary Education, Normal Schools and Girls' Schools",Α΄ ΘΡΗΣΚΕΙΑ,ΜΟΣΧΑΚΗ ΙΓΝ.,Moschaki Ign.,Ἑρμηνεία τῶν Ἀποστόλων κατὰ τὰς Κυριακὰς τοῦ ἔτους ἀναγινωσκομένων,Interpretation of the Apostolic Passages Read on Sundays of the Year,"8ον, σελίδες 80+",7.20,,
1904,IMG_1380.jpeg,Γ΄. ΙΣΤΟΡΙΑ,III. History,Βιβλίον Α΄,ΟΥΜΒΕΡΤΟΥ Γ.,Oumbertou G.,Σύνοψις τῆς Παγκοσμίου Ἱστορίας — Βιβλίον Α΄: Ἱστορία τοῦ Παλαίου Κόσμου,Synopsis of World History - Book I: History of the Ancient World,"8ον, σελ. 184",8.—,,
1904,IMG_1380.jpeg,Γ΄. ΙΣΤΟΡΙΑ,III. History,,ΚΥΡΙΑΚΟΠΟΥΛΟΥ Δ. Η.,Kyriakopoulou D. H.,Ἱστορία Ἑλληνική,Greek History,"8ον, σελίδες 232+",12.—,,
1904,IMG_1380.jpeg,Γ΄. ΙΣΤΟΡΙΑ,III. History,,ΚΡΕΜΟΥ ΓΕΩΡΓ. Π.,Kremou Georg. P.,Ἐπιτομὴ Ἱστορίας,Epitome of History,σελίδες 216+,12.—,,
1904,IMG_1380.jpeg,Γ΄. ΙΣΤΟΡΙΑ,III. History,,ΤΟΛΙΔΟΥ Κ.,Tolidou K.,Ῥωμαϊκή,Roman [History],σ. δ΄ - 186+,6.—,,
1904,IMG_1380.jpeg,Γ΄. ΙΣΤΟΡΙΑ,III. History,,ΤΟΛΙΔΟΥ Κ.,Tolidou K.,Ἱστορία Ἀρχαία τῶν Ἀνατολικῶν Ἐθνῶν,Ancient History of Eastern Nations,σελίδες 232+,6.—,,
1904,IMG_1380.jpeg,Γ΄. ΙΣΤΟΡΙΑ,III. History,,ΖΑΧΑΡΙΟΥ Δ.,Zachariou D.,Ἱστορία Ἀρχαία τῶν Ἀνατολικῶν Ἐθνῶν,Ancient History of Eastern Nations,σελίδες 139+,4.30,,
1904,IMG_1380.jpeg,Γ΄. ΙΣΤΟΡΙΑ,III. History,,ΔΡΑΓΑΤΣΗ ΙΑΚ. Χ.,Dragatsi Iak. Ch.,Ἱστορία Ῥωμαϊκή,Roman History,"8ον, σελίδες 210+",8.—,,
1904,IMG_1380.jpeg,Γ΄. ΙΣΤΟΡΙΑ,III. History,,ΔΡΑΓΑΤΣΗ ΙΑΚ. Χ.,Dragatsi Iak. Ch.,Ἱστορία τῶν Ῥωμαίων μέχρι τοῦ Σχίσματος τοῦ Κράτους,History of the Romans until the Schism of the State,"8ον, σ. 168+",8.—,,
1904,IMG_1380.jpeg,Γ΄. ΙΣΤΟΡΙΑ,III. History,,ΓΕΝΝΑΔΙΟΥ Γ.,Gennadiou G.,Ἱστορία Γενικὴ Κλημερίου,General History of Klemery,"8ον, σελ. 168+",8.—,,
1904,IMG_1380.jpeg,Γ΄. ΙΣΤΟΡΙΑ,III. History,,ΒΕΝΙΖΕΛΟΥ Θ. Β.,Venizelou Th. V.,Ἱστορία τῶν Ἀνατολικῶν Ἐθνῶν καὶ τοῦ Ἑλληνικοῦ Ἔθνους,History of Eastern Nations and the Greek Nation,"8ον, σελίδες 224",13.—,,
1904,IMG_1380.jpeg,Γ΄. ΙΣΤΟΡΙΑ,III. History,,ΒΕΝΙΖΕΛΟΥ Θ. Β.,Venizelou Th. V.,Ἱστορία Ῥωμαϊκή,Roman History,"8ον, σ. δ΄ - 112",8.—,,
1904,IMG_1380.jpeg,Γ΄. ΙΣΤΟΡΙΑ,III. History,,ΔΙΑΜΑΝΤΟΠΟΥΛΟΥ Ι. Ε.,Diamantopoulou I. E.,Δοκίμιον Ἱστορίας τῶν Ἀρχαίων Ἀνατολικῶν Ἐθνῶν καὶ τῆς Ἀρχαίας Ἑλλάδος,Essay on the History of Ancient Eastern Nations and Ancient Greece,"8ον, σελίδες δ΄ - 207+",4.30,,
1904,IMG_1380.jpeg,Γ΄. ΙΣΤΟΡΙΑ,III. History,,ΠΑΠΑΠΑΝΤΗ ΕΥΑΓ. Δ.,Papapanti Evag. D.,Ἱστορία τοῦ Μεσαίωνος,History of the Middle Ages,"8ον, σελ. 171",8.—,,
1904,IMG_1380.jpeg,Ε΄ ΑΡΧΑΙΟΛΟΓΙΑ,V. Archaeology,,ΖΑΧΑΡΙΑΔΟΥ Κ.,Zachariadou K.,Ἀρχαιολογίας Ἑλληνικῆς Ἐγχειρίδιον,Handbook of Greek Archaeology,"8ον, σελ. 364+",10.—,,
1904,IMG_1380.jpeg,Γ΄. ΙΣΤΟΡΙΑ,III. History,,ΠΑΠΑΠΑΝΤΗ ΕΥΑΓ. Δ.,Papapanti Evag. D.,Ἱστορία Νεωτάτη,Contemporary History,"8ον, σ. 304",10.—,,
1904,IMG_1380.jpeg,Γ΄. ΙΣΤΟΡΙΑ,III. History,,ΣΠΥΡΙΔΩΝΙΔΟΥ Γ.,Spyridonidou G.,Ῥωμαϊκὴ Ἱστορία,Roman History,σελίδες 227+,6.—,,
1904,IMG_1380.jpeg,Γ΄. ΙΣΤΟΡΙΑ,III. History,,ΤΣΙΒΑΝΟΠΟΥΛΟΥ Σ.,Tsivanopoulou S.,Ἱστορία τῶν Ἀρχαίων Ἀνατολικῶν Λαῶν καὶ τῆς Ἑλλάδος,History of the Ancient Eastern Peoples and Greece,"8ον, σελ. 160+",10.—,,
1904,IMG_1380.jpeg,Γ΄. ΙΣΤΟΡΙΑ,III. History,,ΤΣΙΒΑΝΟΠΟΥΛΟΥ Σ.,Tsivanopoulou S.,"Ἱστορία Γενική, μέχρι τοῦ Μεγάλου Ἀλεξάνδρου","General History, up to Alexander the Great","8ον, σελίδες 299+",12.—,,
1904,IMG_1380.jpeg,Γ΄. ΙΣΤΟΡΙΑ,III. History,Βιβλίον Α΄. Μέρος Α΄,ΧΡΥΣΟΒΕΡΓΗ Γ.,Chrysovergi G.,Ἱστορία Γενική — Βιβλίον Α΄. Μέρος Α΄: Ἱστορία τῶν Κυρίως Ἀρχαίων Ἐθνῶν,General History - Book I. Part I: History of the Principal Ancient Nations,"8ον, σελ. 76",2.—,,
1904,IMG_1380.jpeg,Δ΄ ΜΥΘΟΛΟΓΙΑ,IV. Mythology,,ΓΕΡΟΖΗΣ Ε.,Gerozis E.,"Μυθολογία Ἐπίτομος, περιέχουσα τὴν Ἑλληνικὴν καὶ Ῥωμαϊκὴν Μυθολογίαν, μετὰ συντόμου ἐκθέσεως τῶν δοξασιῶν τῶν Ἰνδῶν, Περσῶν, Αἰγυπτίων, Σκανδιναυῶν καὶ Γαλατῶν","Epitome of Mythology, containing Greek and Roman Mythology, with a concise exposition of the beliefs of the Indians, Persians, Egyptians, Scandinavians and Gauls","μετὰ 48 χαλκογραφιῶν, σελίδες 222",6.—,,"Translated from the latest French edition by Aim. Peroan, Alginton, etc."
1904,IMG_1380.jpeg,Δ΄ ΜΥΘΟΛΟΓΙΑ,IV. Mythology,,ΙΑΣΕΜΙΔΟΥ Π.,Iasemidou P.,Μυθολογία,Mythology,"8ον, σελ. δ΄ - 337+",20.—,,
1904,IMG_1380.jpeg,Δ΄ ΜΥΘΟΛΟΓΙΑ,IV. Mythology,,ΠΑΝΤΑΖΗ Μ.,Pantazi M.,Μυθολογία,Mythology,σ. 16 - 360,10.—,,
1904,IMG_1380.jpeg,Δ΄ ΜΥΘΟΛΟΓΙΑ,IV. Mythology,,ΠΑΝΤΑΖΗ Μ.,Pantazi M.,Σύνοψις Μυθολογίας,Synopsis of Mythology,σελίδες ί - 226 +,4.—,,
1904,IMG_1380.jpeg,Ε΄ ΑΡΧΑΙΟΛΟΓΙΑ,V. Archaeology,,ΑΝΤΩΝΙΑΔΟΥ ΣΠ.,Antoniadou Sp.,Ἀρχαιολογία Ἑλληνική - Ἰδιωτικὴ Ἰδιότης (μικρά),Greek Archaeology - Private Life (Small),"8ον, σ. 160",4.—,,
1904,IMG_1380.jpeg,Ε΄ ΑΡΧΑΙΟΛΟΓΙΑ,V. Archaeology,,ΑΝΤΩΝΙΑΔΟΥ ΣΠ.,Antoniadou Sp.,Ἀρχαιολογία Ἑλληνική (μεγάλη),Greek Archaeology (Large),"8ον, σελίδες 443+",12.—,,
1904,IMG_1380.jpeg,Γ΄. ΙΣΤΟΡΙΑ,III. History,Τόμος Α΄,ΒΕΝΙΖΕΛΟΥ Θ. Β.,Venizelou Th. V.,Ἱστορία τῆς Ἑλλάδος. — Τόμος Α΄. Ἀρχαία Ἱστορία,History of Greece - Volume I: Ancient History,"8ον, σελίδες 314",15.—,,
1904,IMG_1380.jpeg,Ε΄ ΑΡΧΑΙΟΛΟΓΙΑ,V. Archaeology,,ΡΟΥΣΟΠΟΥΛΟΥ ΑΘ.,Rousopoulou Ath.,Ἀρχαιολογία,Archaeology,"8ον, σελίδες 288+",25.—,,
1904,IMG_1380.jpeg,Γ΄. ΙΣΤΟΡΙΑ,III. History,,ΠΑΠΑΠΑΝΤΗ ΕΥΑΓ. Δ.,Papapanti Evag. D.,Ἱστορία τῶν Νεωτέρων Χρόνων,History of Modern Times,"8ον, σ. 158",8.—,,
1904,IMG_1380.jpeg,Γ΄. ΙΣΤΟΡΙΑ,III. History,,ΒΑΣΜΑΤΖΙΔΟΥ Ι.,Vasmatzidou I.,"Ἱστορία Ἀρχαία τῶν Ἀνατολικῶν Ἐθνῶν, ἐπεξεργασθεῖσα κατά τάς νεωτάτας πηγάς","Ancient History of Eastern Nations, revised according to the latest sources","8ον, σελίδες δ΄ - 160+",6.—,,
1904,IMG_1380.jpeg,Γ΄. ΙΣΤΟΡΙΑ,III. History,Τόμος Β΄,ΒΕΝΙΖΕΛΟΥ Θ. Β.,Venizelou Th. V.,Ἱστορία τῆς Ἑλλάδος. — Τόμος Β΄. Μεσαιωνικὴ καὶ Νεωτέρα,History of Greece - Volume II: Medieval and Modern,"8ον, σελ. 135",9.—,,
1904,IMG_1380.jpeg,Γ΄. ΙΣΤΟΡΙΑ,III. History,Τεῦχος Γ΄,ΒΑΚΑΛΟΠΟΥΛΟΥ Γ. Α.,Vakalopoulou G. A.,Ἱστορία Γενικὴ ὑπὸ Γουλλιέλμου Πίτσιου - Τεῦχος Γ΄,General History by Wilhelm Pütz - Issue III,σελ. 212,5.—,,
1904,IMG_1380.jpeg,Γ΄. ΙΣΤΟΡΙΑ,III. History,Τεῦχος Δ΄,ΒΑΚΑΛΟΠΟΥΛΟΥ Γ. Α.,Vakalopoulou G. A.,Ἱστορία Γενικὴ ὑπὸ Γουλλιέλμου Πίτσιου - Τεῦχος Δ΄,General History by Wilhelm Pütz - Issue IV,σελ. 188,5.—,,
1904,IMG_1380.jpeg,Ελληνική Γλώσσα,Greek Language,,ΟΛΥΜΠΙΟΥ Δ. Ι.,Olympiou D. I.,Γραμματικὴ τῆς Ὁμηρικῆς Διαλέκτου καὶ τῆς Ἰωνικῆς τοῦ Ἡροδότου,Grammar of the Homeric Dialect and the Ionic Dialect of Herodotus,"8ον, σελ. 400+",3.20,,
1904,IMG_1380.jpeg,Ελληνική Γλώσσα,Greek Language,,ΠΑΝΤΑΖΗ ΜΙΛΤ.,Pantazi Milt.,Συντακτικόν,Syntax,"8ον, σελίδες 218+",8.—,,
1904,IMG_1380.jpeg,Ελληνική Γλώσσα,Greek Language,,ΠΟΥΛΙΟΥ Κ.,Pouliou K.,Συντακτικὸν τῆς Ἑλληνικῆς Γλώσσης,Syntax of the Greek Language,"8ον, σελ. 144+",10.—,,
1904,IMG_1380.jpeg,Ελληνική Γλώσσα,Greek Language,,ΖΑΧΑΡΙΟΥ Δ.,Zachariou D.,Συντακτικὸν τῆς Ἑλληνικῆς Γλώσσης,Syntax of the Greek Language,"8ον, σελ. 452+",15.—,,
1904,IMG_1380.jpeg,Ελληνική Γλώσσα,Greek Language,,ΤΣΙΟΥΛΚΑ Κ. Ι.,Tsioulka K. I.,Συντακτικὸν τῆς Ἑλληνικῆς Γλώσσης,Syntax of the Greek Language,"8ον, σελ. 238+",14.—,,
1904,IMG_1380.jpeg,Ελληνική Γλώσσα,Greek Language,,ΧΡΙΣΤΟΔΟΥΛΟΥ Λ.,Christodoulou L.,Συντακτικὸν (μέγα),Syntax (Large),"8ον, σελ. 258+",6.—,,
1904,IMG_1380.jpeg,"Γ΄ Ρητορική, Γραμματολογία, Εκθέσεις, Θεματογραφία","III. Rhetoric, Literature, Essays, Theme Writing",,ΓΑΛΑΝΗ ΕΜΜ.,Galani Emm.,Γραμματολογία Ἑλληνικῶν Κειμένων,History of Literature of Greek Texts,"8ον, σελ. 287",12.—,,
1904,IMG_1380.jpeg,"Γ΄ Ρητορική, Γραμματολογία, Εκθέσεις, Θεματογραφία","III. Rhetoric, Literature, Essays, Theme Writing",Μέρος Α΄,ΓΑΛΑΝΗ ΕΜΜ.,Galani Emm.,"Θεματογραφικαὶ Ἀσκήσεις, πρὸς ἐφαρμογὴν τῶν συντακτικῶν κανόνων τῆς ἀρχαίας ἑλλήν. γλώσσης","Theme Exercises, for the application of syntactic rules of the ancient Greek language - Part I","8ον, σελ. 184",9.—,,
1904,IMG_1380.jpeg,"Γ΄ Ρητορική, Γραμματολογία, Εκθέσεις, Θεματογραφία","III. Rhetoric, Literature, Essays, Theme Writing",Μέρος Β΄,ΓΑΛΑΝΗ ΕΜΜ.,Galani Emm.,Θεματογραφικαὶ Ἀσκήσεις... Μέρος Β΄,Theme Exercises... Part II,"8ον, σελ. 168",9.—,,
1904,IMG_1380.jpeg,Γραμματολογία,History of Literature,,ΓΕΝΝΑΔΙΟΥ Γ.,Gennadiou G.,Γραμματολογία συνταχθεῖσα γερμανιστὶ ὑπὸ Ἰ. Ἐγκοφίου,History of Literature composed in German by J. Egkofios,"8ον, σελίδες 203+",15.—,,
1904,IMG_1380.jpeg,Γραμματολογία,History of Literature,,ΕΥΣΤΑΘΟΠΟΥΛΟΥ Κ.,Eustathopoulou K.,Σύνοψις τῆς Ἑλληνικῆς Γραμματολογίας,Synopsis of Greek History of Literature,"8ον, σελ. 254+",20.—,,
1904,IMG_1380.jpeg,Γραμματολογία,History of Literature,,ΖΑΛΟΚΩΣΤΑ Δ.,Zalokosta D.,Συλλογή,Collection,"8ον, σ. 360+",10.—,,
1904,IMG_1380.jpeg,"Γ΄ Ρητορική, Γραμματολογία, Εκθέσεις, Θεματογραφία","III. Rhetoric, Literature, Essays, Theme Writing",,ΒΥΘΟΥΛΚΑ Β. Γ.,Vythoulka V. G.,Γραμματολογία Ἑλληνικῆς Ἱστορίας,Literary History of Greek History,"8ον, σελίδες 289+",15.—,,
1904,IMG_1380.jpeg,Γραμματολογία,History of Literature,,ΚΑΙΜΑΤΗ Κ. Π.,Kaimati K. P.,Θεματογραφία Ὁμηρική,Homeric Theme Writing,"8ον, σελίδες 240+",20.—,,
1904,IMG_1380.jpeg,Γ΄. ΙΣΤΟΡΙΑ,III. History,Τεῦχος Β΄,ΒΑΚΑΛΟΠΟΥΛΟΥ Γ. Α.,Vakalopoulou G. A.,Ἱστορία Γενικὴ ὑπὸ Γουλλιέλμου Πίτσιου - Τεῦχος Β΄,General History by Wilhelm Pütz - Issue II,σελ. 176,5.—,,
1904,IMG_1380.jpeg,Γραμματολογία,History of Literature,,ΒΟΘΥΛΟΠΟΥΛΟΥ Γ. Δ.,Vothylopoulou G. D.,Γραμματολογία,History of Literature,"8ον, σελ. 207+",5.—,,
1904,IMG_1380.jpeg,Γ΄. ΙΣΤΟΡΙΑ,III. History,Τόμος Γ΄,ΑΝΤΩΝΙΑΔΟΥ Α. Ι.,Antoniadou A. I.,Σύνοψις Παγκοσμίου Ἱστορίας. — Τόμος Γ΄. Ἱστορία τῶν Νεωτέρων Χρόνων,Synopsis of World History - Volume III: History of Modern Times,σελ. 272,10.—,,
1904,IMG_1380.jpeg,Γ΄. ΙΣΤΟΡΙΑ,III. History,Τόμος Β΄,ΑΝΤΩΝΙΑΔΟΥ Α. Ι.,Antoniadou A. I.,Σύνοψις Παγκοσμίου Ἱστορίας. — Τόμος Β΄. Ἱστορία Ῥωμαίων καὶ τοῦ Βυζ. Κράτους,Synopsis of World History - Volume II: History of Romans and the Byzantine State,σελ. 247,10.—,,
1904,IMG_1380.jpeg,Γ΄. ΙΣΤΟΡΙΑ,III. History,Τόμος Α΄,ΑΝΤΩΝΙΑΔΟΥ Α. Ι.,Antoniadou A. I.,Σύνοψις Παγκοσμίου Ἱστορίας. — Τόμος Α΄. Ἱστορία Ἀνατολικῶν Λαῶν,Synopsis of World History - Volume I: History of Eastern Peoples,σελ. 152,10.—,,
1904,IMG_1380.jpeg,Γραμματολογία,History of Literature,,ΣΑΚΕΛΛΑΡΟΠΟΥΛΟΥ Σ. Κ.,Sakellaropoulou S. K.,Γραμματολογία Ἑλληνική,Greek History of Literature,"8ον, σελ. 252+",15.—,,
1904,IMG_1380.jpeg,Γ΄. ΙΣΤΟΡΙΑ,III. History,,ΑΝΤΩΝΙΑΔΟΥ Α. Ι.,Antoniadou A. I.,Ἑλληνικὴ Ἱστορία ἀπὸ τῶν ἀρχαιοτάτων χρόνων μέχρι τῶν καθ' ἡμᾶς,Greek History from ancient times to our present day,"8ον, σελ. 344+",10.—,,
1904,IMG_1380.jpeg,Γραμματολογία,History of Literature,,ΡΑΓΚΑΒΗ Α. Ρ.,Rangavi A. R.,Μετοχή,Participle,"8ον, σ. 64+",6.—,,
1904,IMG_1380.jpeg,Γραμματολογία,History of Literature,,ΠΑΠΑΝΔΡΕΟΥ Α. Γ.,Papandreou A. G.,Θέματα ἐκ τῆς Νεωτέρας Ἑλληνικῆς εἰς τὴν Ἀρχαίαν,Themes from Modern Greek into Ancient Greek,"8ον, σελ. η΄ - 170",10.—,,
1904,IMG_1380.jpeg,Γραμματολογία,History of Literature,,ΝΕΣΤΟΡΙΔΟΥ Κ.,Nestoridou K.,Δοκίμιον Θεματογραφίας,Essay on Theme Writing,"8ον, σελ. 5΄ - 142+",12.—,,
1904,IMG_1380.jpeg,Γραμματολογία,History of Literature,,ΚΩΝΣΤΑΝΤΙΝΙΔΟΥ Κ.,Konstantinidou K.,Δοκίμιον Θεματογραφίας,Essay on Theme Writing,"8ον, σελ. 5΄ - 142+",12.—,,
1904,IMG_1380.jpeg,Γραμματολογία,History of Literature,,ΚΩΝΣΤΑΝΤΙΝΟΥ Κ. Ι.,Konstantinou K. I.,Συντακτικαὶ Ἀσκήσεις,Syntactic Exercises,"8ον, σελ. 176, χαρτόδετον",10.—,,Paperbound
1904,IMG_1380.jpeg,Γραμματολογία,History of Literature,,ΣΑΚΕΛΛΑΡΟΠΟΥΛΟΥ Σ. Α.,Sakellaropoulou S. A.,Σύνοψις Ἑλληνικῆς Γραμματολογίας,Synopsis of Greek History of Literature,"8ον, σ. 260+",14.—,,
1904,IMG_1381.jpeg,Ζ' ΦΥΣΙΚΗ ΙΣΤΟΡΙΑ,Natural History,,ΡΑΛΛΗ Μ.,Ralli M.,Φυσικῆς Ἱστορίας βιβλίον Δ': Ζωολογία μετὰ 194 εἰκόνων καὶ ἑνὸς χρωματογραφημένου πίνακος τῶν ὀργάνων τῆς κυκλοφορίας τοῦ ἀνθρώπου,Natural History book IV: Zoology with 194 illustrations and one color-printed plate of human circulatory organs,σελίδες 351,15.—,,
1904,IMG_1381.jpeg,Ζ' ΦΥΣΙΚΗ ΙΣΤΟΡΙΑ,Natural History,,ΣΠΑΘΑΡΗ καί ΧΑΤΖΙΔΑΚΙ,Spathari and Chatzidaki,Φυσικὴ Ἱστορία,Natural History,"8ον, σ. 364 + 15",17.—,,
1904,IMG_1381.jpeg,Ζ' ΦΥΣΙΚΗ ΙΣΤΟΡΙΑ,Natural History,,ΡΑΛΛΗ Μ.,Ralli M.,"Ἀνθρωπολογία, ἤτοι Στοιχεῖα Σωματολογίας, μετ' εἰκόνων καὶ ἑνὸς χρωματογραφημένου πίνακος τῶν ὀργάνων τῆς ἀναπνοῆς, τοῦ ἐγκεφάλου","Anthropology, or Elements of Somatology, with illustrations and one color-printed plate of respiratory organs and brain",σελ. ε' 148,8.—,,
1904,IMG_1381.jpeg,Ζ' ΦΥΣΙΚΗ ΙΣΤΟΡΙΑ,Natural History,,ΣΠΑΘΑΡΗ καί ΧΑΤΖΙΔΑΚΙ,Spathari and Chatzidaki,"Ἐγχειρίδιον Φυτολογίας, ᾧ προσετέθησαν καὶ στοιχεῖα Γεωλογίας","Handbook of Phytology (Botany), to which are added elements of Geology","8ον, σελίδες 158+",14.—,,
1904,IMG_1381.jpeg,Ζ' ΦΥΣΙΚΗ ΙΣΤΟΡΙΑ,Natural History,,ΣΠΑΘΑΡΗ καί ΧΑΤΖΙΔΑΚΙ,Spathari and Chatzidaki,"Ἐγχειρίδιον Ζωολογίας, περιέχον καὶ πλήρη Ἀνθρωπολογίαν","Handbook of Zoology, containing full Anthropology","8ον, σελίδες 212+",18.—,,
1904,IMG_1381.jpeg,Ζ' ΦΥΣΙΚΗ ΙΣΤΟΡΙΑ,Natural History,,ΣΠΑΘΑΡΗ καί ΧΑΤΖΙΔΑΚΙ,Spathari and Chatzidaki,Ἀνθρωπολογία,Anthropology,"8ον, σελ. 212+",18.—,,
1904,IMG_1381.jpeg,Ζ' ΦΥΣΙΚΗ ΙΣΤΟΡΙΑ,Natural History,,ΚΟΤΤΣΟΜΗΤΟΠΟΥΛΟΥ Δ.,Kottsomitopoulou D.,Βοτανικὴ μετὰ ἀρχαιολογίας καὶ Γεωλογίας,Botany with Archaeology and Geology,σελ. 172 + 10,10.—,,
1904,IMG_1381.jpeg,Ζ' ΦΥΣΙΚΗ ΙΣΤΟΡΙΑ,Natural History,,ΜΙΧΑΛΑΡΑΚΗ ΣΠ.,Michalaraki Sp.,Φυτολογία,Phytology (Botany),"8ον, σελ. 350+",25.—,,
1904,IMG_1381.jpeg,Ζ' ΦΥΣΙΚΗ ΙΣΤΟΡΙΑ,Natural History,,ΜΙΧΑΛΑΡΑΚΗ ΣΠ.,Michalaraki Sp.,Ζωολογία,Zoology,"8ον, σελ. 350+",15.—,,
1904,IMG_1381.jpeg,Ζ' ΦΥΣΙΚΗ ΙΣΤΟΡΙΑ,Natural History,,ΚΥΡΙΑΚΟΠΟΥΛΟΥ Δ. Η.,Kyriakopoulou D. I.,Ζωολογία,Zoology,σελ. 300+,10.—,,
1904,IMG_1381.jpeg,Ζ' ΦΥΣΙΚΗ ΙΣΤΟΡΙΑ,Natural History,,ΚΥΡΙΑΚΟΠΟΥΛΟΥ Δ. Η.,Kyriakopoulou D. I.,Στοιχειώδης Φυσικὴ Ἱστορία,Elementary Natural History,σ. 200+,8.—,,
1904,IMG_1381.jpeg,Ζ' ΦΥΣΙΚΗ ΙΣΤΟΡΙΑ,Natural History,,ΚΟΤΤΣΟΜΗΤΟΠΟΥΛΟΥ Δ.,Kottsomitopoulou D.,Στοιχειώδης Ζωολογία,Elementary Zoology,"8ον, σελ. 250+",20.—,,
1904,IMG_1381.jpeg,Ζ' ΦΥΣΙΚΗ ΙΣΤΟΡΙΑ,Natural History,,ΤΣΑΜΑΡΟΥ Π. Γ.,Tsamarou P. G.,Ζωολογία περιλαμβάνουσα πλήρη Ἀνθρωπολογίαν μετὰ ἁγιογραφίας,Zoology including complete Anthropology with iconography,σελ. ις' - 175 x 32 +,18.—,,
1904,IMG_1381.jpeg,Ζ' ΦΥΣΙΚΗ ΙΣΤΟΡΙΑ,Natural History,,ΜΙΧΑΛΑΡΑΚΗ ΣΠ.,Michalaraki Sp.,Φυσικὴ Ἱστορία,Natural History,"8ον, σ. 364+15",15.—,,
1904,IMG_1381.jpeg,Ζ' ΦΥΣΙΚΗ ΙΣΤΟΡΙΑ,Natural History,,ΤΣΑΜΑΡΟΥ Π. Γ.,Tsamarou P. G.,Φυτολογία καὶ Γεωλογία,Phytology (Botany) and Geology,"8ον, σελ. 168+",18.—,,
1904,IMG_1381.jpeg,Θ' ΧΗΜΕΙΑ,Chemistry,,ΙΑΛΙΛΟΥ Ι. Α.,Ialilou I. A.,"Χημεία Στοιχειώδης, μετ' εἰκόνων, βραβευθεῖσα ἐν τῷ Καραπανείῳ ἀγῶνι ὑπὸ τοῦ Ἑλληνικοῦ Φιλολογικοῦ Συλλόγου","Elementary Chemistry, with illustrations, awarded in the Karapaneios competition by the Hellenic Philological Society","8ον, σελίδες 152χ",7.20,,
1904,IMG_1381.jpeg,Ζ' ΦΥΣΙΚΗ ΙΣΤΟΡΙΑ,Natural History,,ΨΑΡΑ Π.,Psara P.,"Ζωολογία, ἐγκεκριμένη","Zoology, approved edition","8ον, σελίδες 331+",15.—,,
1904,IMG_1381.jpeg,Ζ' ΦΥΣΙΚΗ ΙΣΤΟΡΙΑ,Natural History,,ΨΑΡΑ Π.,Psara P.,Ζωολογία,Zoology,"8ον, σελίδες 376, παιδότοπος +",20.—,,
1904,IMG_1381.jpeg,Η' ΦΥΣΙΚΗ ΠΕΙΡΑΜΑΤΙΚΗ,Experimental Physics,,ΑΡΓΥΡΟΠΟΥΛΟΥ Τ.,Argyropoulou T.,"Φυσική, ἐγκεκριμένη","Physics, approved edition","8ον, σελίδες 416+",14.—,,
1904,IMG_1381.jpeg,Η' ΦΥΣΙΚΗ ΠΕΙΡΑΜΑΤΙΚΗ,Experimental Physics,,ΓΕΡΜΑΝΟΥ Ν. Κ.,Germanou N. K.,Φυσική,Physics,"8ον, σελίδες 468+138+κστα' +",24.—,,
1904,IMG_1381.jpeg,Η' ΦΥΣΙΚΗ ΠΕΙΡΑΜΑΤΙΚΗ,Experimental Physics,,ΔΑΜΑΣΚΗΝΟΥ ΑΝΤ.,Damaskinou Ant.,Φυσική,Physics,"8ον, σελίδες 462+",35.—,,
1904,IMG_1381.jpeg,Η' ΦΥΣΙΚΗ ΠΕΙΡΑΜΑΤΙΚΗ,Experimental Physics,,ΔΑΣΚΑΛΑΚΗ Μ.,Daskalaki M.,Φυσική,Physics,"8ον, σ. 248+ 14",14.—,,
1904,IMG_1381.jpeg,Η' ΦΥΣΙΚΗ ΠΕΙΡΑΜΑΤΙΚΗ,Experimental Physics,,ΚΟΝΔΥΛΗ Π. Σ.,Kondyli P. S.,Φυσική,Physics,"8ον, σ. 480+30",30.—,,
1904,IMG_1381.jpeg,Η' ΦΥΣΙΚΗ ΠΕΙΡΑΜΑΤΙΚΗ,Experimental Physics,,ΚΩΝΣΤΑΝΤΙΝΙΔΟΥ Α.,Konstantinidou A.,Φυσική,Physics,"8ον, σ. 416+20",20.—,,
1904,IMG_1381.jpeg,Η' ΦΥΣΙΚΗ ΠΕΙΡΑΜΑΤΙΚΗ,Experimental Physics,,ΛΑΚΩΝΟΣ Β.,Lakonov B.,Φυσική,Physics,"8ον, σελ. 352+ 27",27.—,,
1904,IMG_1381.jpeg,Η' ΦΥΣΙΚΗ ΠΕΙΡΑΜΑΤΙΚΗ,Experimental Physics,,ΣΠΑΘΑΡΗ ΑΝΑΡ.,Spathari Anar.,Φυσικὴ Πειραματική,Experimental Physics,"8ον, σελίδες 405+",54.—,,
1904,IMG_1381.jpeg,Θ' ΧΗΜΕΙΑ,Chemistry,,ΒΑΛΣΑΜΑΚΗ Η. Γ.,Valsamaki I. G.,Χημείας Ἀνοργάνου Στοιχεῖα,Elements of Inorganic Chemistry,"8ον, σελ. λδ' - 168 15",15.—,,
1904,IMG_1381.jpeg,Θ' ΧΗΜΕΙΑ,Chemistry,,ROSCOE & SCHORLEMMER,Roscoe & Schorlemmer,"Ἐπίτομον Ἐγχειρίδιον τῆς Χημείας κατὰ τὰς νεωτάτας θεωρίας τῆς ἐπιστήμης, μετάφρ. Ὀ. Α. Ῥουσσοπούλου. + Β': Ὀργανικὴ Χημεία","Abridged Handbook of Chemistry according to the newest theories of science, translated by O. A. Roussopoulos. Volume B: Organic Chemistry","8ον, σελίδες 256",25.—,,
1904,IMG_1381.jpeg,Θ' ΧΗΜΕΙΑ,Chemistry,,ROSCOE & SCHORLEMMER,Roscoe & Schorlemmer,"Ἐπίτομον Ἐγχειρίδιον τῆς Χημείας κατὰ τὰς νεωτάτας θεωρίας τῆς ἐπιστήμης, μετάφρ. Ὀ. Α. Ῥουσσοπούλου. + Α': Ἀνόργανος Χημεία","Abridged Handbook of Chemistry according to the newest theories of science, translated by O. A. Roussopoulos. Volume A: Inorganic Chemistry","8ον, σελίδες 383",35.—,,
1904,IMG_1381.jpeg,Ζ' ΦΥΣΙΚΗ ΙΣΤΟΡΙΑ,Natural History,,ΚΑΡΑΠΑΝΑΓΙΩΤΟΥ Γ.,Karapanagiotou G.,"Ὑγιεινή, ἐγκεκριμένη","Hygiene, approved edition","8ον, σελ. 84+",5.—,,
1904,IMG_1381.jpeg,Ζ' ΦΥΣΙΚΗ ΙΣΤΟΡΙΑ,Natural History,,ΧΟΡΤΑΚΗ Ν.,Chortaki N.,Ἀνθρωπολογία,Anthropology,"8ον, σελίδες 168+",6.—,,
1904,IMG_1381.jpeg,Ζ' ΦΥΣΙΚΗ ΙΣΤΟΡΙΑ,Natural History,,ΓΡΗΓΟΡΙΑ Α.,Grigoria A.,Ὑγιεινή,Hygiene,"8ον, σ. 190x 10",10.—,,
1904,IMG_1381.jpeg,Θ' ΧΗΜΕΙΑ,Chemistry,,ΔΑΜΒΕΡΓΗ Α. Κ.,Damvergi A. K.,Στοιχεῖα Χημείας,Elements of Chemistry,"8ον, σελ. 156+",15.—,,
1904,IMG_1381.jpeg,Ζ' ΦΥΣΙΚΗ ΙΣΤΟΡΙΑ,Natural History,,ΓΕΡΑΚΗ Ι. Γ.,Geraki I. G.,Γεωλογία,Geology,σελ. 112+,8.—,,
1904,IMG_1381.jpeg,Ζ' ΦΥΣΙΚΗ ΙΣΤΟΡΙΑ,Natural History,,ΓΕΡΜΑΝΟΥ Ν. Κ.,Germanou N. K.,Ζωολογίας Ἐγχειρίδιον,Handbook of Zoology,"8ον, σελ. 320+",20.—,,
1904,IMG_1381.jpeg,Ϛ' ΜΑΘΗΜΑΤΙΚΑ,Mathematics,Α' ΘΕΩΡΗΤΙΚΗ ΑΡΙΘΜΗΤΙΚΗ,ΑΓΓΕΛΟΠΟΥΛΟΥ Δ. Ν.,Angelopoulou D. N.,Λύσεις καί Ἀποδείξεις βλημάτων ἀνεξαρτήτως σὺν ἄλλων προ-βλημάτων καὶ ζητημάτων πρὸς ἄσκησιν Ὅλων τῶν ἐν τῇ Θεωρητικῇ Ἀριθμητικῇ Ἰω. Ν. Χατζιδάκη περιεχομένων,Solutions and Proofs of problems independent of other problems and questions for practice from all included in Theoretical Arithmetic by Io. N. Chatzidakis,"8ον, σελίδες 56+",6.—,,
1904,IMG_1381.jpeg,Ϛ' ΜΑΘΗΜΑΤΙΚΑ,Mathematics,Α' ΘΕΩΡΗΤΙΚΗ ΑΡΙΘΜΗΤΙΚΗ,ΒΑΛΣΑΜΑΚΗ Η. Γ.,Valsamaki I. G.,Ἀριθμητική,Arithmetic,"8ον, σελίδες 235+",10.—,,
1904,IMG_1381.jpeg,Ϛ' ΜΑΘΗΜΑΤΙΚΑ,Mathematics,Α' ΘΕΩΡΗΤΙΚΗ ΑΡΙΘΜΗΤΙΚΗ,ΒΑΛΣΑΜΑΚΗ Η. Γ.,Valsamaki I. G.,"Ἀριθμητική, Τόμος Β'","Arithmetic, Volume B","8ον, σελίδες θ'—155, χαρτόδετον",6.—,,
1904,IMG_1381.jpeg,Ϛ' ΜΑΘΗΜΑΤΙΚΑ,Mathematics,Α' ΘΕΩΡΗΤΙΚΗ ΑΡΙΘΜΗΤΙΚΗ,ΔΑΜΑΣΚΗΝΟΥ Α.,Damaskinou A.,Ἀριθμητική,Arithmetic,"8ον, σελίδες η'—264",8.—,,
1904,IMG_1381.jpeg,Ϛ' ΜΑΘΗΜΑΤΙΚΑ,Mathematics,Α' ΘΕΩΡΗΤΙΚΗ ΑΡΙΘΜΗΤΙΚΗ,ΔΑΜΑΣΚΗΝΟΥ Α.,Damaskinou A.,"Λογαριθμικοὶ Πίνακες Καλλέτου, ἀπὸ τοῦ ἀριθμοῦ 1-500","Logarithmic Tables of Lalande / Callet, from number 1-500","70, σ. 86+12",6.—,,
1904,IMG_1381.jpeg,Ϛ' ΜΑΘΗΜΑΤΙΚΑ,Mathematics,Α' ΘΕΩΡΗΤΙΚΗ ΑΡΙΘΜΗΤΙΚΗ,ΛΑΚΩΝΟΣ Β.,Lakonov B.,Ἀριθμητική,Arithmetic,"8ον, σ. 160+",8.—,,
1904,IMG_1381.jpeg,Ϛ' ΜΑΘΗΜΑΤΙΚΑ,Mathematics,Α' ΘΕΩΡΗΤΙΚΗ ΑΡΙΘΜΗΤΙΚΗ,ΛΑΚΩΝΟΣ Β.,Lakonov B.,Δύσεις τῶν ἐν τῇ Θεωρητικῇ Ἀριθμητικῇ,Solutions to Theoretical Arithmetic,"8ον, σελ. 250+",18.—,,
1904,IMG_1381.jpeg,Ϛ' ΜΑΘΗΜΑΤΙΚΑ,Mathematics,Α' ΘΕΩΡΗΤΙΚΗ ΑΡΙΘΜΗΤΙΚΗ,ΜΑΝΑΡΗ Σ.,Manari S.,Ἀριθμητική,Arithmetic,"8ον, σ. 160",5.—,,
1904,IMG_1381.jpeg,Ϛ' ΜΑΘΗΜΑΤΙΚΑ,Mathematics,Α' ΘΕΩΡΗΤΙΚΗ ΑΡΙΘΜΗΤΙΚΗ,ΠΙΚΟΥ Γ.,Pikou G.,Λύσεις τῶν ἐν τῇ Θεωρητικῇ Ἀριθμητικῇ κατ' ἀσκήσεις προβλημάτων,Solutions to exercise problems in Theoretical Arithmetic,"8ον, σελίδες 64+",5.—,,
1904,IMG_1381.jpeg,Ϛ' ΜΑΘΗΜΑΤΙΚΑ,Mathematics,Α' ΘΕΩΡΗΤΙΚΗ ΑΡΙΘΜΗΤΙΚΗ,ΧΑΤΖΙΔΑΚΙ Α.,Chatzidaki A.,Ἀριθμητική,Arithmetic,"8ον, σ. 163 12",6.—,,
1904,IMG_1381.jpeg,Ϛ' ΜΑΘΗΜΑΤΙΚΑ,Mathematics,Α' ΘΕΩΡΗΤΙΚΗ ΑΡΙΘΜΗΤΙΚΗ,ΧΑΤΖΙΔΑΚΙ Ι.,Chatzidaki I.,Ἀριθμητική (μεγάλη),Arithmetic (large edition),"8ον, σελίδες 218+",8.—,,
1904,IMG_1381.jpeg,Ϛ' ΜΑΘΗΜΑΤΙΚΑ,Mathematics,Β' ΑΛΓΕΒΡΑ,ΔΑΜΑΣΚΗΝΟΥ ΑΝΤ. Β.,Damaskinou Ant. V.,Ἄλγεβρα,Algebra,"8ον, σελίδες 296+",17.—,,
1904,IMG_1381.jpeg,Ϛ' ΜΑΘΗΜΑΤΙΚΑ,Mathematics,Β' ΑΛΓΕΒΡΑ,ΔΑΜΑΣΚΗΝΟΥ ΑΝΤ. Β.,Damaskinou Ant. V.,Ἀλγεβρικαὶ Ἀσκήσεις,Algebraic Exercises,"8ον, σελίδες 192+",11.—,,
1904,IMG_1381.jpeg,Ϛ' ΜΑΘΗΜΑΤΙΚΑ,Mathematics,Β' ΑΛΓΕΒΡΑ,ΣΑΚΙΟΥ Γ.,Sakiou G.,Ἄλγεβρα,Algebra,"8ον, σ. ια' - 288 + 12",20.—,,
1904,IMG_1381.jpeg,Ϛ' ΜΑΘΗΜΑΤΙΚΑ,Mathematics,Α' ΘΕΩΡΗΤΙΚΗ ΑΡΙΘΜΗΤΙΚΗ,ΒΑΦΑ Χ.,Vafa Ch.,Ἀριθμητική,Arithmetic,"8ον, σ. 159+",6.—,,
1904,IMG_1381.jpeg,Ϛ' ΜΑΘΗΜΑΤΙΚΑ,Mathematics,Β' ΑΛΓΕΒΡΑ,ΚΥΠΑΡΙΣΣΟΥ ΑΘ.,Kyparissou Ath.,Ἄλγεβρα,Algebra,"8ον, σελίδες 402+",8.—,,
1904,IMG_1381.jpeg,Ϛ' ΜΑΘΗΜΑΤΙΚΑ,Mathematics,Β' ΑΛΓΕΒΡΑ,ΚΑΜΙΝΑΡΗ ΣΤ.,Kaminari St.,Λύσεις Ἀλγεβρικῶν Προβλημάτων Χατζιδάκη,Solutions of Chatzidakis Algebraic Problems,"8ον, σελίδες 43+",20.—,,
1904,IMG_1381.jpeg,Ζ' ΦΥΣΙΚΗ ΙΣΤΟΡΙΑ,Natural History,,ΑΠΟΣΤΟΛΙΔΟΥ Ν. Χ.,Apostolidou N. Ch.,Ζωολογία,Zoology,"8ον, σελίδες 248+",14.—,,
1904,IMG_1381.jpeg,Ϛ' ΜΑΘΗΜΑΤΙΚΑ,Mathematics,Δ' ΤΡΙΓΩΝΟΜΕΤΡΙΑ,ΧΑΤΖΙΔΑΚΙ Ι.,Chatzidaki I.,Τριγωνομετρία,Trigonometry,"8ον, σελίδες 88+",10.—,,
1904,IMG_1381.jpeg,Ϛ' ΜΑΘΗΜΑΤΙΚΑ,Mathematics,Δ' ΤΡΙΓΩΝΟΜΕΤΡΙΑ,ΛΑΚΩΝΟΣ Β.,Lakonov B.,Στοιχειώδης Εὐθύγραμμος Τριγωνομετρία,Elementary Rectilinear Trigonometry,"8ον, σελ. 96+ 10",10.—,,
1904,IMG_1381.jpeg,Ϛ' ΜΑΘΗΜΑΤΙΚΑ,Mathematics,Γ' ΓΕΩΜΕΤΡΙΑ,ΧΑΤΖΙΔΑΚΙ Ι.,Chatzidaki I.,Γεωμετρία (μεγάλη),Geometry (large edition),"8ον, σελίδες 323+",17.—,,
1904,IMG_1381.jpeg,Ϛ' ΜΑΘΗΜΑΤΙΚΑ,Mathematics,Γ' ΓΕΩΜΕΤΡΙΑ,ΣΧΙΝΑ Ν. Θ.,Schina N. Th.,Γεωμετρία Βασιλικέ,Royal Geometry,"8ον, σελίδες 168+",15.—,,
1904,IMG_1381.jpeg,Ϛ' ΜΑΘΗΜΑΤΙΚΑ,Mathematics,Γ' ΓΕΩΜΕΤΡΙΑ,ΣΠΑΘΑΡΗ ΑΝΑΡ.,Spathari Anar.,Γεωμετρία,Geometry,"8ον, σελίδες 92+",12.—,,
1904,IMG_1381.jpeg,Ϛ' ΜΑΘΗΜΑΤΙΚΑ,Mathematics,Δ' ΤΡΙΓΩΝΟΜΕΤΡΙΑ,ΣΠΑΘΑΡΗ ΑΝΑΡ.,Spathari Anar.,Τριγωνομετρία,Trigonometry,"8ον, σελίδες 76+",8.—,,
1904,IMG_1381.jpeg,Ϛ' ΜΑΘΗΜΑΤΙΚΑ,Mathematics,Γ' ΓΕΩΜΕΤΡΙΑ,ΣΑΚΙΟΥ Γ.,Sakiou G.,Γεωμετρία Ἐπιγένδρου,Geometry of Epigendros,"8ον, σελίδες 298+",6.—,,
1904,IMG_1381.jpeg,Ϛ' ΜΑΘΗΜΑΤΙΚΑ,Mathematics,Γ' ΓΕΩΜΕΤΡΙΑ,ΔΗΜΗΤΡΙΑΔΟΥ Γ. Α.,Dimitriadou G. A.,"Γεωμετρία θεωρητική, Πρακτικὴ καὶ Ἑρμηνευμένη","Theoretical, Practical and Interpreted Geometry","8ον, σελίδες 520+",54.—,,
1904,IMG_1381.jpeg,Ϛ' ΜΑΘΗΜΑΤΙΚΑ,Mathematics,Γ' ΓΕΩΜΕΤΡΙΑ,ΔΑΜΑΣΚΗΝΟΥ ΑΝΤ. Β.,Damaskinou Ant. V.,"Γεωμετρία, (μεγάλη)",Geometry (large edition),"8ον, σελ. 304 +",8.—,,
1904,IMG_1381.jpeg,Ϛ' ΜΑΘΗΜΑΤΙΚΑ,Mathematics,Β' ΑΛΓΕΒΡΑ,ΧΑΤΖΙΔΑΚΙ Α.,Chatzidaki A.,Ἄλγεβρα,Algebra,"8ον, σ. ιε-240+ 17",17.—,,
1904,IMG_1381.jpeg,Ϛ' ΜΑΘΗΜΑΤΙΚΑ,Mathematics,Β' ΑΛΓΕΒΡΑ,ΣΠΑΘΑΡΗ ΑΝΑΡ.,Spathari Anar.,Ἄλγεβρα,Algebra,σελ. 116+ 12,12.—,,
1904,IMG_1381.jpeg,Ϛ' ΜΑΘΗΜΑΤΙΚΑ,Mathematics,Γ' ΓΕΩΜΕΤΡΙΑ,ΛΑΚΩΝΟΣ Β.,Lakonov B.,Γεωμετρία,Geometry,"8ον, σ. 304 15",15.—,,
1904,IMG_1381.jpeg,Ϛ' ΜΑΘΗΜΑΤΙΚΑ,Mathematics,Β' ΑΛΓΕΒΡΑ,ΜΕΛΕΤΟΠΟΥΛΟΥ,Meletopoulou,Κλεὶς τῆς Ἀλγεβρέας Χατζιδάκη,Key to Chatzidakis Algebra,"8ον, σελ. 78",6.—,,
1904,IMG_1382.jpeg,Γ΄ ΠΑΙΔΑΓΩΓΙΚΑ,3. Pedagogy,Α΄ ΟΔΗΓΗΤΙΚΑ ΝΗΠΙΑΓΩΓΩΝ,ΑΡΙΣΤΟΤΕΛΟΥΣ Ι. Δ.,Aristotelous I. D.,Δοκιμαστική,Testing / Experimental,"8ον, σελ. 32",5.—,,
1904,IMG_1382.jpeg,Γ΄ ΠΑΙΔΑΓΩΓΙΚΑ,3. Pedagogy,Α΄ ΟΔΗΓΗΤΙΚΑ ΝΗΠΙΑΓΩΓΩΝ,ΑΡΙΣΤΟΤΕΛΟΥΣ Ι. Δ.,Aristotelous I. D.,Ἐγχείριος Καλλιτεχνία,Manual of Handicraft,"8ον, σελίδες 16—50",5.—,,
1904,IMG_1382.jpeg,Γ΄ ΠΑΙΔΑΓΩΓΙΚΑ,3. Pedagogy,Α΄ ΟΔΗΓΗΤΙΚΑ ΝΗΠΙΑΓΩΓΩΝ,ΑΡΙΣΤΟΤΕΛΟΥΣ Ι. Δ.,Aristotelous I. D.,Ἐγκόλπιον Νηπιαγωγῶν,Vademecum for Kindergarten Teachers,"8ον, σελ. ιδ΄+ 54",5.—,,
1904,IMG_1382.jpeg,ΙΑ΄ ΦΙΛΟΣΟΦΙΑ,11. Philosophy,,ΧΟΡΤΑΚΗ Ν.,Chortaki N.,Λογική,Logic,"8ον, σελ. 103",8.—,,
1904,IMG_1382.jpeg,ΙΑ΄ ΦΙΛΟΣΟΦΙΑ,11. Philosophy,,ΠΑΠΑΔΟΠΟΥΛΟΥ,Papadopoulou,Λογική,Logic,"8ον, σ. 80",6.20,,
1904,IMG_1382.jpeg,ΙΑ΄ ΦΙΛΟΣΟΦΙΑ,11. Philosophy,,ΣΠΑΘΑΚΗ ΑΡΙΣΤ.,Spathaki Arist.,Λογική,Logic,"8ον, σελίδος 84",6.20,,
1904,IMG_1382.jpeg,ΙΑ΄ ΦΙΛΟΣΟΦΙΑ,11. Philosophy,,ΟΣΤΕΡΜΑΝΝΟΥ Γ.,Ostermannou G.,"Παιδαγωγική Ψυχολογία, μεταφρασθεῖσα ὑπό Γ. Α. Ἀποστολίδου καί Ι. Α. Βαρελᾶ","Pedagogical Psychology, translated by G. A. Apostolidou and I. A. Varela","8ον, σελίδες η΄— 120",10.—,,
1904,IMG_1382.jpeg,Γ΄ ΠΑΙΔΑΓΩΓΙΚΑ,3. Pedagogy,Α΄ ΟΔΗΓΗΤΙΚΑ ΝΗΠΙΑΓΩΓΩΝ,ΑΡΙΣΤΟΤΕΛΟΥΣ Ι. Δ.,Aristotelous I. D.,Νηπιαγωγική,Kindergarten Education,"8ον, σελ. 124",12.—,,
1904,IMG_1382.jpeg,ΙΑ΄ ΦΙΛΟΣΟΦΙΑ,11. Philosophy,,ΟΛΥΜΠΙΟΥ Δ. Π.,Olympiou D. P.,Ψυχολογία,Psychology,"8ον, σ. 106",6.20,,
1904,IMG_1382.jpeg,ΙΑ΄ ΦΙΛΟΣΟΦΙΑ,11. Philosophy,,ΣΠΑΘΑΚΗ ΑΡΙΣΤ.,Spathaki Arist.,Ψυχολογία,Psychology,"8ον, σελίδες 96",6.20,,
1904,IMG_1382.jpeg,Γ΄ ΠΑΙΔΑΓΩΓΙΚΑ,3. Pedagogy,Α΄ ΟΔΗΓΗΤΙΚΑ ΝΗΠΙΑΓΩΓΩΝ,ΑΡΙΣΤΟΤΕΛΟΥΣ Ι. Δ.,Aristotelous I. D.,Παιδιαί Διδακτικαί,Educational Games,"8ον, σελίδες 82",6.—,,
1904,IMG_1382.jpeg,Γ΄ ΠΑΙΔΑΓΩΓΙΚΑ,3. Pedagogy,Β΄ ΠΑΙΔΑΓΩΓΙΚΑ,ΒΑΣΜΑΤΖΙΔΟΥ Ι.,Vasmatzidou I.,"Περί ἠθικῆς ἐξ ἁπάσης ὀρθῆς προόδου, Παιδαγωγική Διατριβή","On Moral Conduct from All Proper Progress, Pedagogical Dissertation","8ον, σελ. 32",2.—,,
1904,IMG_1382.jpeg,Γ΄ ΠΑΙΔΑΓΩΓΙΚΑ,3. Pedagogy,Α΄ ΟΔΗΓΗΤΙΚΑ ΝΗΠΙΑΓΩΓΩΝ,ΑΡΙΣΤΟΤΕΛΟΥΣ Ι. Δ.,Aristotelous I. D.,Πίνακες Πραγματολογίας,Object-Lesson Charts,Πίνακες 36,55.—,,
1904,IMG_1382.jpeg,Γ΄ ΠΑΙΔΑΓΩΓΙΚΑ,3. Pedagogy,Α΄ ΟΔΗΓΗΤΙΚΑ ΝΗΠΙΑΓΩΓΩΝ,ΑΡΙΣΤΟΤΕΛΟΥΣ Ι. Δ.,Aristotelous I. D.,Πραγματολογία,Object Lessons,"8ον, σελίδες ιδ΄-151",15.—,,
1904,IMG_1382.jpeg,Γ΄ ΠΑΙΔΑΓΩΓΙΚΑ,3. Pedagogy,Α΄ ΟΔΗΓΗΤΙΚΑ ΝΗΠΙΑΓΩΓΩΝ,,,"Διηγήματα καί Πρακτικά Μαθήματα, ἐκδιδόμενα ὑπὸ τῆς Φιλεκπαιδευτικῆς Ἑταιρείας","Stories and Practical Lessons, published by the Society for Promoting Education","8ον, σελ. 224",9.—,,
1904,IMG_1382.jpeg,Γ΄ ΠΑΙΔΑΓΩΓΙΚΑ,3. Pedagogy,Α΄ ΟΔΗΓΗΤΙΚΑ ΝΗΠΙΑΓΩΓΩΝ,,,"Μαθήματα Ἱερᾶς Ἱστορίας, ἐκδιδόμενα ὑπὸ τῆς Φιλεκπαιδευτικῆς Ἑταιρείας. Μέρος Α΄","Sacred History Lessons, published by the Society for Promoting Education. Part A","8ον, σελ. 81",3.—,,
1904,IMG_1382.jpeg,Γ΄ ΠΑΙΔΑΓΩΓΙΚΑ,3. Pedagogy,Β΄ ΠΑΙΔΑΓΩΓΙΚΑ,ΑΠΟΣΤΟΛΟΠΟΥΛΟΥ Θ. Ν.,Apostolopoulou Th. N.,Ὁδηγός Πρακτικός τῶν Δημοδιδασκάλων καὶ Ἀναγνωστικόν Πρόγραμμα τῶν μαθημάτων Δημοτικοῦ Σχολείου,Practical Guide for Primary Teachers and Reading Syllabus for Primary School Courses,"8ον, σελ. ϛ΄-151",15.—,,
1904,IMG_1382.jpeg,Γ΄ ΠΑΙΔΑΓΩΓΙΚΑ,3. Pedagogy,Β΄ ΠΑΙΔΑΓΩΓΙΚΑ,ΑΡΑΠΗ Α. Σ.,Arapi A. S.,Ἐγχειρίδιον Πραγματογνωσίας,Manual of Object-Lessons / Knowledge of Things,"8ον, σελ. 5΄-151",15.—,,
1904,IMG_1382.jpeg,Γ΄ ΠΑΙΔΑΓΩΓΙΚΑ,3. Pedagogy,Β΄ ΠΑΙΔΑΓΩΓΙΚΑ,ΒΕΛΜΟΝΤ DE,Belmont de,"Ἀποθήκη τῶν Παίδων, ἤτοι διάλογοι μεταξύ διδασκάλου καί μαθητοῦ","Storehouse of Children, namely dialogues between teacher and student","32ον, σελ. 997",3.—,,
1904,IMG_1382.jpeg,Γ΄ ΠΑΙΔΑΓΩΓΙΚΑ,3. Pedagogy,Β΄ ΠΑΙΔΑΓΩΓΙΚΑ,,,διδασκαλίαν τῆς Ἱερᾶς Ἱστορίας,Teaching of Sacred History,"32ον, σελ. 55",1.20,,
1904,IMG_1382.jpeg,Γ΄ ΠΑΙΔΑΓΩΓΙΚΑ,3. Pedagogy,Β΄ ΠΑΙΔΑΓΩΓΙΚΑ,,,Ὁδηγός Πρακτικός πρός διδασκαλίαν τοῦ κύκλου τῶν ἀριθμῶν 1—10 ἐν μεθοδικοῖς μαθήμασι,Practical Guide for Teaching the Circle of Numbers 1-10 in Methodical Lessons,σελίδες 90,3.—,,
1904,IMG_1382.jpeg,Γ΄ ΠΑΙΔΑΓΩΓΙΚΑ,3. Pedagogy,Β΄ ΠΑΙΔΑΓΩΓΙΚΑ,ΑΓΓΡΟΥ Α.,Aggrou A.,"Ὁδηγός πρός χρῆσιν ἐν τῇ προπαρασκευαστικῇ τάξει διδασκάλων ἀνάγνωσιν, γραφήν, ἐπιστολάς, πρός αὐτογνωσίαν, ἰχνογραφίαν, ᾠδικήν κλπ.","Guide for Use in Preparatory Class for Teachers in Reading, Writing, Letters, Self-Knowledge, Drawing, Singing, etc.",σελίδες 32,2.—,,
1904,IMG_1382.jpeg,ΙΑ΄ ΦΙΛΟΣΟΦΙΑ,11. Philosophy,,ΛΙΒΕΡΙΟΥ Δ.,Liveriou D.,Λογική Βεκίου,Beck's Logic,"8ον, σ. 86",4.—,,
1904,IMG_1382.jpeg,Γ΄ ΠΑΙΔΑΓΩΓΙΚΑ,3. Pedagogy,Α΄ ΟΔΗΓΗΤΙΚΑ ΝΗΠΙΑΓΩΓΩΝ,ΑΡΙΣΤΟΤΕΛΟΥΣ Ι. Δ.,Aristotelous I. D.,Πίνακες Παιδικῶν Διδακτικῶν. Πίνακες 27 εἰς μὲν...,Educational Children's Charts. 27 Charts...,,12.—,,
1904,IMG_1382.jpeg,ΙΑ΄ ΦΙΛΟΣΟΦΙΑ,11. Philosophy,,ΛΕΛΕΚΟΥ Σ.,Lelekou S.,Λογική,Logic,"8ον, σελ. 78",12.—,,
1904,IMG_1382.jpeg,Γ΄ ΠΑΙΔΑΓΩΓΙΚΑ,3. Pedagogy,Α΄ ΟΔΗΓΗΤΙΚΑ ΝΗΠΙΑΓΩΓΩΝ,,,"Μαθήματα Ἱερᾶς Ἱστορίας, ἐκδιδόμενα ὑπὸ τῆς Φιλεκπαιδευτικῆς Ἑταιρείας. Μέρος Β΄","Sacred History Lessons, published by the Society for Promoting Education. Part B","8ον, σελ. 48",3.—,,
1904,IMG_1382.jpeg,ΙΑ΄ ΦΙΛΟΣΟΦΙΑ,11. Philosophy,,ΖΑΜΑΡΙΟΥ Α.,Zamariou A.,Στοιχεῖα Ἐμπειρικῆς Ψυχολογίας,Elements of Empirical Psychology,"8ον, σελίδες 112",6.—,,
1904,IMG_1382.jpeg,ΙΑ΄ ΦΙΛΟΣΟΦΙΑ,11. Philosophy,,ΖΗΚΙΔΟΥ Γ. Δ.,Zikidou G. D.,Ἔγχειρίδιον Ἐμπειρικῆς Ψυχολογίας,Manual of Empirical Psychology,"8ον, σ. ι΄-62",9.—,,
1904,IMG_1382.jpeg,Ι΄ ΦΥΣΙΚΗ ΚΑΙ ΜΑΘΗΜΑΤΙΚΗ ΓΕΩΓΡΑΦΙΑ,10. Physical and Mathematical Geography,,ΒΑΦΑ Χ.,Vafa Ch.,Κοσμογραφίας Μαθήματα,Lessons of Cosmography,"8ον, σελίδες 96",10.—,,
1904,IMG_1382.jpeg,Ι΄ ΦΥΣΙΚΗ ΚΑΙ ΜΑΘΗΜΑΤΙΚΗ ΓΕΩΓΡΑΦΙΑ,10. Physical and Mathematical Geography,,ΓΑΛΑΝΗ ΕΜΜ.,Galani Emm.,Φυσική Γεωγραφία,Physical Geography,σελ. η΄— 135,6.—,,
1904,IMG_1382.jpeg,Ι΄ ΦΥΣΙΚΗ ΚΑΙ ΜΑΘΗΜΑΤΙΚΗ ΓΕΩΓΡΑΦΙΑ,10. Physical and Mathematical Geography,,ΔΗΜΙΤΣΑ Μ. Γ.,Dimitsa M. G.,Πολιτική Γεωγραφία. Μέρος Α΄. Γεωγραφία τῆς Χερσονήσου,Political Geography. Part A. Geography of the Peninsula,"8ον, σελ. ϛ΄— 312",12.—,,
1904,IMG_1382.jpeg,Ι΄ ΦΥΣΙΚΗ ΚΑΙ ΜΑΘΗΜΑΤΙΚΗ ΓΕΩΓΡΑΦΙΑ,10. Physical and Mathematical Geography,,ΔΗΜΙΤΣΑ Μ. Γ.,Dimitsa M. G.,"Πολιτική Γεωγραφία. Μέρος Β΄ τεῦχος Α΄. Εὐρώπη, πλὴν τῆς Χερσονήσου","Political Geography. Part B Issue A. Europe, except the Peninsula","8ον, σ. ϛ΄— 274",12.—,,
1904,IMG_1382.jpeg,Ι΄ ΦΥΣΙΚΗ ΚΑΙ ΜΑΘΗΜΑΤΙΚΗ ΓΕΩΓΡΑΦΙΑ,10. Physical and Mathematical Geography,,ΔΗΜΙΤΣΑ Μ. Γ.,Dimitsa M. G.,"Πολιτική Γεωγραφία. Μέρος Β΄ τεῦχος Β΄. Ἀσία, Ἀφρική, Ἀμερική, Ὠκεανία","Political Geography. Part B Issue B. Asia, Africa, America, Oceania","8ον, σ. 252",12.—,,
1904,IMG_1382.jpeg,Ι΄ ΦΥΣΙΚΗ ΚΑΙ ΜΑΘΗΜΑΤΙΚΗ ΓΕΩΓΡΑΦΙΑ,10. Physical and Mathematical Geography,,ΕΥΣΤΡΑΤΙΑΔΟΥ Ι.,Efstratiadou I.,Κοσμογραφία,Cosmography,"8ον, σελίδες 175",12.—,,
1904,IMG_1382.jpeg,Ι΄ ΦΥΣΙΚΗ ΚΑΙ ΜΑΘΗΜΑΤΙΚΗ ΓΕΩΓΡΑΦΙΑ,10. Physical and Mathematical Geography,,ΖΑΧΑΡΙΑΔΟΥ Κ.,Zachariadou K.,Κοσμογραφία μετά Παραρτήματος,Cosmography with Appendix,σελίδες 171,7.20,,
1904,IMG_1382.jpeg,Ι΄ ΦΥΣΙΚΗ ΚΑΙ ΜΑΘΗΜΑΤΙΚΗ ΓΕΩΓΡΑΦΙΑ,10. Physical and Mathematical Geography,,ΚΑΣΔΟΝΗ Σ. και ΝΥΣΤΕΡΑΚΗ Ν.,Kasdoni S. and Nysteraki N.,Στοιχειώδης Κοσμογραφία,Elementary Cosmography,"8ον, σελ. 152",18.—,,
1904,IMG_1382.jpeg,Ι΄ ΦΥΣΙΚΗ ΚΑΙ ΜΑΘΗΜΑΤΙΚΗ ΓΕΩΓΡΑΦΙΑ,10. Physical and Mathematical Geography,,ΚΟΚΚΙΔΟΥ Δ. Κ.,Kokkidou D. K.,Κοσμογραφία,Cosmography,σελίδες 143,5.—,,
1904,IMG_1382.jpeg,Ι΄ ΦΥΣΙΚΗ ΚΑΙ ΜΑΘΗΜΑΤΙΚΗ ΓΕΩΓΡΑΦΙΑ,10. Physical and Mathematical Geography,,ΛΑΚΩΝΟΣ Β.,Lakonos V.,Κοσμογραφία,Cosmography,"8ον, σελίδες 143",15.—,,
1904,IMG_1382.jpeg,Ι΄ ΦΥΣΙΚΗ ΚΑΙ ΜΑΘΗΜΑΤΙΚΗ ΓΕΩΓΡΑΦΙΑ,10. Physical and Mathematical Geography,,ΑΙΓΙΝΗΤΟΥ Δ.,Aiginitou D.,Κοσμογραφία,Cosmography,"8ον, σελίδες 127",16.—,,
1904,IMG_1382.jpeg,Ι΄ ΦΥΣΙΚΗ ΚΑΙ ΜΑΘΗΜΑΤΙΚΗ ΓΕΩΓΡΑΦΙΑ,10. Physical and Mathematical Geography,,ΠΑΠΑΠΕΤΡΟΥ Χ.,Papapetrou Ch.,Κοσμογραφία,Cosmography,"8ον, σελίδες 176",15.—,,
1904,IMG_1382.jpeg,Ι΄ ΦΥΣΙΚΗ ΚΑΙ ΜΑΘΗΜΑΤΙΚΗ ΓΕΩΓΡΑΦΙΑ,10. Physical and Mathematical Geography,,ΜΑΣΣΙΝΟΥ Μ.,Massinou M.,"Στοιχεῖα Ἀστρονομίας μετὰ σχημάτων, ὑπὸ J. Norman Lockyer","Elements of Astronomy with diagrams, by J. Norman Lockyer",σελίδες η΄— 142,6.20,,
1904,IMG_1382.jpeg,ΙΑ΄ ΦΙΛΟΣΟΦΙΑ,11. Philosophy,,ΒΙΖΗΝΟΥ Γ. Μ.,Vizinou G. M.,Ψυχολογία,Psychology,"8ον, σελίδες 112",10.—,,
1904,IMG_1382.jpeg,ΙΑ΄ ΦΙΛΟΣΟΦΙΑ,11. Philosophy,,ΒΙΖΗΝΟΥ Γ. Μ.,Vizinou G. M.,Λογική,Logic,"8ον, σ. 112",10.—,,
1904,IMG_1382.jpeg,ΙΑ΄ ΦΙΛΟΣΟΦΙΑ,11. Philosophy,,ΑΡΙΣΤΟΤΕΛΟΥΣ Ι. Δ.,Aristotelous I. D.,Ψυχολογία,Psychology,"8ον, σελ. 268",20.—,,
1904,IMG_1382.jpeg,ΙΑ΄ ΦΙΛΟΣΟΦΙΑ,11. Philosophy,,ΑΡΙΣΤΟΤΕΛΟΥΣ Ι. Δ.,Aristotelous I. D.,Λογική,Logic,"8ον, σελίδες 246",10.—,,
1904,IMG_1382.jpeg,ΙΑ΄ ΦΙΛΟΣΟΦΙΑ,11. Philosophy,,ΓΑΛΑΝΗ Ε.,Galani E.,"Φιλοσοφική Προπαιδεία, ἤτοι Λογική καί Ψυχολογία","Philosophical Propaedeutics, namely Logic and Psychology","8ον, σελίδες 16—151",6.—,,
1904,IMG_1382.jpeg,ΙΑ΄ ΦΙΛΟΣΟΦΙΑ,11. Philosophy,,ΑΡΙΣΤΟΤΕΛΟΥΣ Ι. Δ.,Aristotelous I. D.,Εἰσαγωγή εἰς τήν Φιλοσοφίαν,Introduction to Philosophy,"8ον, σελ. 50",7.20,,
1904,IMG_1382.jpeg,ΙΑ΄ ΦΙΛΟΣΟΦΙΑ,11. Philosophy,,ΑΝΤΩΝΑΚΟΠΟΥΛΟΥ Δ. Α.,Antonakopoulou D. A.,Ἠθικῆς Στοιχεῖα ἢ Ἠθικός Νόμος,Elements of Ethics or Moral Law,"8ον, σελ. 68",7.—,,
1904,IMG_1382.jpeg,Ι΄ ΦΥΣΙΚΗ ΚΑΙ ΜΑΘΗΜΑΤΙΚΗ ΓΕΩΓΡΑΦΙΑ,10. Physical and Mathematical Geography,,ΧΟΡΤΑΚΗ Ν.,Chortaki N.,Μαθηματική καί Φυσική Γεωγραφία,Mathematical and Physical Geography,"8ον, σ. 252",9.—,,
1904,IMG_1382.jpeg,Ι΄ ΦΥΣΙΚΗ ΚΑΙ ΜΑΘΗΜΑΤΙΚΗ ΓΕΩΓΡΑΦΙΑ,10. Physical and Mathematical Geography,,ΡΗΓΟΠΟΥΛΟΥ Δ. Ρ.,Rigopoulou D. R.,Στοιχειώδης Κοσμογραφία,Elementary Cosmography,"8ον, σελίδες 172",20.—,,
1904,IMG_1382.jpeg,ΙΑ΄ ΦΙΛΟΣΟΦΙΑ,11. Philosophy,,ΑΡΙΣΤΟΤΕΛΟΥΣ Ι. Δ.,Aristotelous I. D.,Ἠθική Φιλοσοφία,Moral Philosophy,"8ον, σ. 319",15.—,,
1904,IMG_1383.jpeg,Παιδαγωγικά,Pedagogy,,ΛΑΣΚΑΡΙΔΟΥ ΑΙΚ.,Laskaridou Aik.,Πραγματεία περὶ τοῦ Φρεβελιανοῦ συστήματος,Treatise on the Froebelian System,"8ον, σ. 100 + 9",9.—,,
1904,IMG_1383.jpeg,Παιδαγωγικά,Pedagogy,,NIELANDER C.,Nielander C.,"Σουηδικὴ Γυμναστική, πρός χρῆσιν τῶν Δημοτικῶν καὶ Ἑλληνικῶν Σχολείων, τῶν Γυμνασίων καὶ Διδασκαλείων...","Swedish Gymnastics, for Use in Primary and Greek Schools, High Schools and Teacher Colleges...","8ον, σελ. λ΄—372 + 15",15.—,,
1904,IMG_1383.jpeg,Παιδαγωγικά,Pedagogy,,ΛΕΟΝΤΑΡΗ Κ.,Leontaris K.,Παιδαγωγικὴ καὶ Διδακτικὴ τῶν Γραμματιστῶν,Pedagogy and Didactics for Elementary Teachers,"8ον, σ. 304 + 16",16.—,,
1904,IMG_1383.jpeg,Παιδαγωγικά,Pedagogy,,ΛΕΡΙΟΥ Θ. Ν.,Lerio Th. N.,Ὁδηγὸς Προκαταρκτικῆς Παιδεύσεως,Guide to Preparatory Education,"8ον, σ. 279 + 12",12.—,,
1904,IMG_1383.jpeg,Παιδαγωγικά,Pedagogy,,ΛΙΑΚΟΠΟΥΛΟΥ Α.,Liakopoulos A.,"Συλλογὴ 2000 Ἀριθμητικῶν Προβλημάτων καὶ Ἀσκήσεων, Βιβλίον διδασκόντων","Collection of 2000 Arithmetic Problems and Exercises, Teacher's Book","8ον, σ. 327 + 40",40.—,,
1904,IMG_1383.jpeg,Παιδαγωγικά,Pedagogy,,ΛΙΝΑΡΔΑΤΟΥ,Linardatos,Παιδαγωγικὴ καὶ Μεθοδική,Pedagogy and Methodology,"8ον, σελίδες 256 + 20",20.—,,
1904,IMG_1383.jpeg,Παιδαγωγικά,Pedagogy,,ΜΑΡΟΥΛΗ Χ.,Maroulis Ch.,"Παιδαγωγικὴ Γενική, μετάφρασις Χρ. Ἀ. Παπαδοπούλου","General Pedagogy, translated by Chr. A. Papadopoulos","8ον, σελίδες 120 + 8",8.—,,
1904,IMG_1383.jpeg,Παιδαγωγικά,Pedagogy,,ΜΑΝΤΖΟΥ Γ.,Mantzou G.,Παιδαγωγικὴ Διδασκαλία,Pedagogical Instruction,"8ον, σελ. 266 + 9",9.—,,
1904,IMG_1383.jpeg,Παιδαγωγικά,Pedagogy,,ΜΑΡΟΛΗ Δ.,Marolis D.,Περὶ μορφώσεως Ἑλλήνων δημοδιδασκάλων,On the Education of Greek Primary School Teachers,"8ον, σελ. 79 + 5",5.—,,
1904,IMG_1383.jpeg,Παιδαγωγικά,Pedagogy,,ΜΕΛΑ ΛΕΟΝΤΟΣ,Melas Leon,Παιδαγωγικά,Pedagogical Works,8ον,5.—,,
1904,IMG_1383.jpeg,Παιδαγωγικά,Pedagogy,,ΞΑΝΘΟΠΟΥΛΟΥ Κ. Σ.,Xanthopoulos K. S.,Ἔκθεσις τῆς πνευματικῆς ἀναπτύξεως τῶν νεωτέρων Ἑλλήνων,Report on the Intellectual Development of Modern Greeks,σελίδες 170 + 6,6.—,,
1904,IMG_1383.jpeg,Παιδαγωγικά,Pedagogy,,ΠΑΠΑΒΑΣΙΛΕΙΟΥ Ι.,Papavasileiou I.,Ὁδηγὸς Πρακτικὸς τῆς Ἑλληνικῆς Γραφῆς καὶ Ἀριθμητικῆς,Practical Guide to Greek Writing and Arithmetic,σελίδες 168 + 5,5.—,,
1904,IMG_1383.jpeg,Παιδαγωγικά,Pedagogy,,ΞΑΝΘΟΠΟΥΛΟΥ Κ. Σ.,Xanthopoulos K. S.,Πρώτη καὶ Μέση Ἐκπαίδευσις καὶ περί ἀνατροφῆς τῶν παίδων ὡς μέσου πνευματικῆς ἀναπτύξεως,Primary and Secondary Education and the Upbringing of Children as a Means of Intellectual Development,"8ον, σ. 51 + 8",8.—,,
1904,IMG_1383.jpeg,Παιδαγωγικά,Pedagogy,,ΠΑΝΤΑΖΙΔΟΥ Ι.,Pantazidis I.,Παιδαγωγικὴ Γυμναστική,Pedagogical Gymnastics,"8ον, σελίδες 310 + 24",24.—,,
1904,IMG_1383.jpeg,Παιδαγωγικά,Pedagogy,,ΠΑΠΑΔΟΠΟΥΛΟΥ Γ. Γ.,Papadopoulos G. G.,Δοκίμιον Πρακτικῶν Παιδαγωγικῶν Ὁδηγιῶν,Essay on Practical Pedagogical Instructions,"8ον, σελίδες 60 + 5",5.—,,
1904,IMG_1383.jpeg,Παιδαγωγικά,Pedagogy,,ΠΑΠΑΜΑΡΚΟΥ Χ.,Papamarkou Ch.,"Τὰ Ἀναγνωστικὰ βιβλία τῶν μικρῶν Ἑλληνοπαίδων, Τόμοι 2","The Reading Books for Young Greek Children, 2 Volumes","μέγα 8ον, σελ. ι'—1229 + 60",60.—,,
1904,IMG_1383.jpeg,Παιδαγωγικά,Pedagogy,,ΠΑΠΑΜΑΡΚΟΥ Χ.,Papamarkou Ch.,Αἱ φιλοσοφικαὶ καὶ παιδαγωγικαὶ δόξασαι τοῦ Πολυβίου,The Philosophical and Pedagogical Views of Polybius,"8ον, σελίδες ιϛ'—221 + 20",20.—,,
1904,IMG_1383.jpeg,Παιδαγωγικά,Pedagogy,,ΠΑΠΑΣΩΤΗΡΙΟΥ Γ.,Papasotiriou G.,Ὑποδείγματα Διδασκαλίας ἐν τοῖς Δημοτικοῖς Σχολείοις. Διδασκαλείων μαθημάτων. Τόμ. 3,Teaching Models in Elementary Schools. Teacher Training Subjects. Vol. 3,"8ον, σελίδες 480 + 40",40.—,,
1904,IMG_1383.jpeg,Παιδαγωγικά,Pedagogy,,ΠΑΡΕΝΙΚΑ Μ.,Parenikas M.,Ὁδηγὸς τῆς Πρώτης καὶ Μέσης Παιδεύσεως,Guide to Primary and Secondary Education,"8ον, σ. 32 + 2",2.—,,
1904,IMG_1383.jpeg,Παιδαγωγικά,Pedagogy,,ΠΑΡΙΣΗ Σ. Μ.,Parisis S. M.,"Ἐνσταλτάσεις. Ἀνάλογα καὶ Μέση, ἤτοι συλλογὴ τῶν διεπόντων τὴν ἀνατροφήν καὶ μέσην ἐκπαίδευσιν νόμων κλπ. ἀπὸ τοῦ 1856—1893. Τόμος Γ'","Regulations. Primary and Secondary, i.e., Collection of Laws Governing Upbringing and Secondary Education from 1856-1893. Volume C","8ον, σελίδες 326 + 30",30.—,,
1904,IMG_1383.jpeg,Παιδαγωγικά,Pedagogy,,ΠΑΥΛΙΔΟΥ Ι.,Pavlidou I.,"Σύστημα Πρακτικῶν Δημοτικῆς Ἐκπαιδεύσεως ἢ Παιδαγωγικαὶ διὰ τὰ Δημοτικὰ Σχολεῖα μετὰ τεχνικῆς ἐκπαιδεύσεως. Τόμος Α', Διδακτική","System of Practical Elementary Education or Pedagogics for Primary Schools with Technical Education. Volume A, Didactics","8ον, σελίδες 120, 'κα—375",25.—,,
1904,IMG_1383.jpeg,Παιδαγωγικά,Pedagogy,,ΛΑΣΚΑΡΙΔΟΥ ΑΙΚ.,Laskaridou Aik.,"Παίγνια Ῥυθμικά, Μέρος Α΄, Τεῦχος Γ΄, Ἄσματα καὶ παίγνια νηπίων","Rhythmic Games, Part I, Issue III, Songs and games for infants","8ον, σελ. 160",16.—,,
1904,IMG_1383.jpeg,Παιδαγωγικά,Pedagogy,,ΠΑΥΛΙΔΟΥ Ι.,Pavlidou I.,"Σύστημα Πρακτικῶν Δημοτικῆς Ἐκπαιδεύσεως... Τόμος Β', Παιδαγωγική","System of Practical Elementary Education... Volume B, Pedagogy","8ον, σελίδες 370",20.—,,
1904,IMG_1383.jpeg,Παιδαγωγικά,Pedagogy,,ΞΑΝΘΟΠΟΥΛΟΥ Κ. Σ.,Xanthopoulos K. S.,Διδασκαλία τῆς Ἑλληνικῆς Γλώσσης,Teaching of the Greek Language,σελίδες 120 + 5,5.—,,
1904,IMG_1383.jpeg,Παιδαγωγικά,Pedagogy,,ΛΑΣΚΑΡΙΔΟΥ ΑΙΚ.,Laskaridou Aik.,"Παίγνια Ῥυθμικά, Μέρος Α΄, Τεῦχος Β΄, Ἄσματα καὶ παίγνια νηπίων","Rhythmic Games, Part I, Issue II, Songs and games for infants","8ον, σελ. 68",6.—,,
1904,IMG_1383.jpeg,Παιδαγωγικά,Pedagogy,,ΚΩΝΣΤΑΝΤΙΝΙΔΟΥ Γ.,Konstantinidos G.,Ὁδηγὸς τῆς Ἀλληλοδιδακτικῆς Μεθόδου,Guide to the Mutual-Instruction (Lancasterian) Method,"8ον, σελίδες ϛ'– 87 + 5",5.—,,
1904,IMG_1383.jpeg,Παιδαγωγικά,Pedagogy,,ΛΑΣΚΑΡΙΔΟΥ ΑΙΚ.,Laskaridou Aik.,Ὀλίγα τινὰ περί Φρεβελεικῶν Μεθόδων,A Few Words on Froebelian Methods,"8ον, σ. 20 + 5",5.—,,
1904,IMG_1383.jpeg,Παιδαγωγικά,Pedagogy,,ΒΟΥΛΓΑΡΕΩΣ Β. Ν.,Voulgareos V. N.,Μελέται Κοινωνικαὶ καὶ Παιδαγωγικαί,Social and Pedagogical Studies,"8ον, σελ. 396 + 15",2.—,,
1904,IMG_1383.jpeg,Παιδαγωγικά,Pedagogy,,ΛΑΣΚΑΡΙΔΟΥ ΑΙΚ.,Laskaridou Aik.,"Παίγνια Ῥυθμικά, κατὰ τὴν φρεβελιανὴν μέθοδον διὰ τὰς οἰκογενείας, τοὺς νηπιακούς κήπους καὶ τὴν γυμναστικήν. Μέρος Α΄, Τεῦχος Α΄, Ἄσματα καὶ παίγνια νηπίων","Rhythmic Games, according to the Froebelian method for families, kindergartens and gymnastics. Part I, Issue I, Songs and games for infants","8ον, σελ. 32",6.—,,
1904,IMG_1383.jpeg,Παιδαγωγικά,Pedagogy,,ΒΡΑΤΣΑΝΟΥ Μ. Ι.,Vratsanos M. I.,"Ἑλληνικὸν παιδαγωγικὸν διδασκαλεῖον, ἤτοι σύστημα ἀγωγῆς καὶ διδασκαλίας, Τόμος Α΄. Γενικὴ Παιδαγωγική","Greek Pedagogical Teacher's School, or System of Upbringing and Teaching, Volume I. General Pedagogy","8ον, σελ. 15 – 370 + 27",12.—,,
1904,IMG_1383.jpeg,Παιδαγωγικά,Pedagogy,,ΒΡΑΤΣΑΝΟΥ Μ. Ι.,Vratsanos M. I.,Ἡ Πραγματογνωσία τοῦ Δημοτικοῦ Σχολείου ἐν μεθοδικαῖς μαθήμασι μετὰ πολλῶν εἰκόνων,Object Lessons for the Primary School in Methodical Lessons with Many Illustrations,"8ον, σ. 232 + 15",4.—,,
1904,IMG_1383.jpeg,Παιδαγωγικά,Pedagogy,,ΒΡΑΤΣΑΝΟΥ Μ. Ι.,Vratsanos M. I.,Περὶ Τεχνικῆς Ἀναγνώσεως καὶ Ἀπαγγελίας,On Technical Reading and Recitation,"8ον, σελ. 5 — 396 + 36",14.—,,
1904,IMG_1383.jpeg,Παιδαγωγικά,Pedagogy,,ΒΡΑΤΣΑΝΟΥ Μ. Ι.,Vratsanos M. I.,"Οἱ Ἕλληνες Παιδαγωγοί. Τόμος Α΄, τεῦχος Α΄, Ξενοφῶντος Κύρου Παιδεία","The Greek Pedagogues. Volume I, Issue I, Xenophon's Cyropaedia","32ον, σελίδες 96 + 4",12.—,,
1904,IMG_1383.jpeg,Παιδαγωγικά,Pedagogy,,De AMICIS E.,De Amicis E.,"Ἡ Καρδία, ἤτοι Ἱστορία ἑνὸς σχολικοῦ ἔτους, μετάφρασις Μ. Κ. Σακελλαροπούλου","Heart (Cuore), or Story of a School Year, translated by M. K. Sakellaropoulou","8ον, σελ. 334 + 12",4.—,,
1904,IMG_1383.jpeg,Παιδαγωγικά,Pedagogy,,ΖΑΓΓΟΓΙΑΝΝΗ Δ. Κ.,Zanggogiannis D. K.,"Παιδαγωγικὰ Διδάγματα, ἤτοι Ἔννοιαι καὶ Οὐσιωδέστατα ταύτης Ἀπαιτήσεις","Pedagogical Teachings, or Concepts and Essential Demands","μέγα 8ον, σελίδες 136 + 15",10.—,,
1904,IMG_1383.jpeg,Παιδαγωγικά,Pedagogy,,ΖΑΓΓΟΓΙΑΝΝΗ Δ. Κ.,Zanggogiannis D. K.,Ἡ μεταρρύθμισις τῶν Γυμνασίων ἐν Γερμανίᾳ καὶ τὰ κατ' αὐτῆς διδάγματα,The Reform of High Schools in Germany and Its Lessons,"8ον, σελ. 198 + 18",12.—,,
1904,IMG_1383.jpeg,Παιδαγωγικά,Pedagogy,,ΖΑΓΓΟΓΙΑΝΝΗ Δ. Κ.,Zanggogiannis D. K.,"Συμβολαὶ εἰς τὴν ἀναμόρφωσιν τῆς παρ' ἡμῖν παιδεύσεως, τεύχη δύο","Contributions to the Reform of Education in Our Country, two volumes","8ον, σελ. 115 + 15",15.—,,
1904,IMG_1383.jpeg,Παιδαγωγικά,Pedagogy,,ΖΑΜΑΡΙΟΥ Α.,Zamarios A.,Θεμελιώδεις ἀρχαὶ τῆς παιδευτικῆς διδασκαλίας,Fundamental Principles of Educational Teaching,"8ον, σελίδες 125 + 12",2.—,,
1904,IMG_1383.jpeg,Παιδαγωγικά,Pedagogy,,ΒΟΥΤΣΙΝΑ ΣΤΑΜΑΤΟΠΟΥΛΟΥ,Voutsina Stamatopoulou,Παιδαγωγικὸν Ἐγχειρίδιον,Pedagogical Manual,"8ον, σελ. 96 + 2",2.—,,
1904,IMG_1383.jpeg,Παιδαγωγικά,Pedagogy,,ΖΥΓΟΥΡΑ ΕΤΒ.,Zygouras Etb.,Παιδαγωγικὰ Στιγμιοχρήματα,Pedagogical Momentary Uses,σελ. 48 + 2,2.—,,
1904,IMG_1383.jpeg,Παιδαγωγικά,Pedagogy,,ΖΩΤΤΕΡ καὶ ΒΟΥΡΟΥ,Zotter and Vourou,Ἐγχειρίδιον Γυμναστικῆς μετὰ 144 εἰκόνων καὶ σχημάτων,Gymnastics Manual with 144 Illustrations and Diagrams,"8ον, σελ. 200 + 15",2.—,,
1904,IMG_1383.jpeg,Παιδαγωγικά,Pedagogy,,ΚΩΝΣΤΑ Λ. Γ. Χ.,Konstas L. G. Ch.,Ἀγωγή καὶ Παιδευτικὴ παρ' Ἕλλησι καὶ Ῥωμαίοις,Upbringing and Education Among the Greeks and Romans,"8ον, σελίδες 164 + 15",15.—,,
1904,IMG_1383.jpeg,Παιδαγωγικά,Pedagogy,,ΚΥΡΙΑΚΟΥ Χ.,Kyriakos Ch.,"Δημοτικὴ Παιδαγωγική, ἤτοι ἀναπτύσσονται αἱ ἀρχαὶ καὶ τὰ μέσa τῆς ἀγωγῆς τῶν παίδων, ἐν σχέσει πρὸς τὴν Ψυχολογίαν καὶ τὴν Ἠθικήν","Primary Pedagogy, Expounding the Principles and Means of Children's Upbringing in Relation to Psychology and Ethics","8ον, σελίδες 249 + 16",16.—,,
1904,IMG_1383.jpeg,Παιδαγωγικά,Pedagogy,,ΚΟΝΡΑΔΟΥ Π.,Konrados P.,"Ψυχολογία καὶ Ἀγωγή, ἤτοι εἴς τὴν διδασκαλίαν καὶ μεθοδολογίαν καθόλου, ἐξελληνισθεῖσα ὑπὸ Δ. Κ. Ζαγγογιάννη","Psychology and Education, or On Teaching and General Methodology, Translated into Greek by D. K. Zanggogiannis","8ον, σελ. ϛ'—396 + 36",36.—,,
1904,IMG_1383.jpeg,Παιδαγωγικά,Pedagogy,,ΚΩΝΣΤΑΝΤΙΝΟΥ Χ. Β.,Konstantinou Ch. V.,Γυμναστικὴ Ὀλικὴ ἤτοι Πρακτικὴ καὶ Θεωρητικὴ Διδασκαλία,"Total Gymnastics, Practical and Theoretical Instruction","8ον, σελ. 184 + 5",5.—,,
1904,IMG_1383.jpeg,Παιδαγωγικά,Pedagogy,,ΚΕΡΑΤΕΑ ΚΑΛΛΙΟΠΗΣ,Keratea Kalliopi,Ἐγκόλπιον Παιδαγωγικόν,Pedagogical Manual/Vade-mecum,"8ον, σελ. 136 + 10",10.—,,
1904,IMG_1383.jpeg,Παιδαγωγικά,Pedagogy,,ΚΑΡΑΘΑΝΟΥ Γ. Ν.,Karathanos G. N.,"Γυμναστικῆς Στοιχειώδη Μαθήματα, μετὰ πολλῶν εἰκόνων καὶ σχημάτων","Elementary Gymnastics Lessons, with Many Illustrations and Diagrams","8ον, σελ. 80",7.20,,
1904,IMG_1383.jpeg,Παιδαγωγικά,Pedagogy,,ΙΩΑΝΝΙΔΟΥ Α.,Ioannidou A.,"Γυμναστικὴ Ὀργανικῆς Ἐγχειρίδιον, μετ' εἰκόνων, φυλλάδια 4","Organic Gymnastics Manual, with Illustrations, 4 Booklets","32ον, σελ. θ'— 337 + 10",10.—,,
1904,IMG_1383.jpeg,Παιδαγωγικά,Pedagogy,,ΙΑΤΡΟΥ καὶ ΘΩΜΑΙΔΟΥ,Iatrou and Thomaidou,"Ὁ Οἶκος καὶ τὸ Σχολεῖον, ἤτοι πῶς δέον ν' ἀνατρέφωνται καὶ ἐκπαιδεύωνταί τις ἐν ὑγιείᾳ","The Home and the School, or How One Should Be Raised and Educated in Health","8ον, σελίδες 103 + 6",6.—,,
1904,IMG_1383.jpeg,Παιδαγωγικά,Pedagogy,,ΚΕΡΑΤΕΑ ΚΑΛΛΙΟΠΗΣ,Keratea Kalliopi,"Παιδαγωγικαὶ Μελέται, ἤτοι Λόγοι ἐκφωνηθέντες ἐν τῷ Ζαππείῳ κατὰ τὴν διανομήν τῶν βραβείων","Pedagogical Studies, or Speeches Delivered at the Zappeion During the Distribution of Prizes","8ον, σελίδες ϛ'—306 + 40",40.—,,
1904,IMG_1384.jpeg,Δ΄ ΔΙΔΑΚΤΙΚΑ ΚΑΙ ΣΧΟΛΙΚΑ ΟΡΓΑΝΑ,Educational and School Instruments,Α΄ ΥΛΙΚΟΝ ΝΗΠΙΑΓΩΓΕΙΩΝ,,,"᾿Αλφάβητον κινητόν, ἤτοι τὰ κεφαλαῖα καὶ μικρὰ γράμματα, τόνοι κλπ., ἐπὶ χονδροῦ χαρτονίου","Movable alphabet (capital/small letters, accents etc. on heavy cardboard)",,50.—,,
1904,IMG_1384.jpeg,Παιδαγωγικά,Pedagogy,,ΤΣΙΝΚΑ Γ.,Tsinka G.,Ὁδηγητικὸν Δοκίμιον πρὸς ἐξερεύνησιν τῆς Ἱστορίας τῆς Ἱερᾶς Ἱστορίας,Guidance Essay for exploring Sacred History,"8ον, σελίδες 62",5.—,,
1904,IMG_1384.jpeg,Παιδαγωγικά,Pedagogy,,ΦΑΡΡΗ Β.,Farri V.,Δημοσία Παιδευσις καὶ τὸ Διδασκαλεῖον ἐν Ἑλλάδι,Public Education and Teachers' College in Greece,"8ον, σελίδες 108",5.—,,
1904,IMG_1384.jpeg,Παιδαγωγικά,Pedagogy,,ΧΑΛΚΙΟΠΟΥΛΟΥ Π. Ι.,Chalkiopoulou P. I.,Περί ἀγωγῆς,On Education,"8ον, σελίδες 15 - 104",9.—,,
1904,IMG_1384.jpeg,Παιδαγωγικά,Pedagogy,,ΧΡΗΣΤΙΔΟΥ Δ.,Christidou D.,Οἱ διδάσκαλοι τῆς Κωνσταντινουπόλεως,The Teachers of Constantinople,"8ον, σελ. 34",3.—,,
1904,IMG_1384.jpeg,Παιδαγωγικά,Pedagogy,,ΧΡΗΣΤΙΔΟΥ Δ.,Christidou D.,Τὰ Σχολεῖα τῆς Κωνσταντινουπόλεως,The Schools of Constantinople,"8ον, σελίδες 128",4.—,,
1904,IMG_1384.jpeg,Παιδαγωγικά,Pedagogy,,ΨΑΡΟΥ Σ. Δ.,Psarou S. D.,"Τὸ Παιδίον, ἤτοι ἡ προσήκουσα ἀνατροφὴ καὶ μόρφωσις","The Child, or proper upbringing and education","8ον, σελίδες η' - 144",18.—,,
1904,IMG_1384.jpeg,Δ΄ ΔΙΔΑΚΤΙΚΑ ΚΑΙ ΣΧΟΛΙΚΑ ΟΡΓΑΝΑ,Educational and School Instruments,Α΄ ΥΛΙΚΟΝ ΝΗΠΙΑΓΩΓΕΙΩΝ,,,"᾿Αριθμητήριον, ἤτοι ὄργανον πρὸς διδασκαλίαν τῆς ᾿Αριθμητικῆς εἰς τὰ νήπια",Abacus / arithmetic tool for infants,,14.—,,
1904,IMG_1384.jpeg,Δ΄ ΔΙΔΑΚΤΙΚΑ ΚΑΙ ΣΧΟΛΙΚΑ ΟΡΓΑΝΑ,Educational and School Instruments,Β΄ ΠΙΝΑΚΕΣ ΚΑΙ ΕΙΚΟΝΕΣ,,,"᾿Αστρονομικὸν Διάγραμμα, ἐκ τοῦ ἀγγλικοῦ, 41 Χ 12, Πίνακες 53","Astronomical Chart, translated from English, 53 plates",Πίνακες 53,165.—,,
1904,IMG_1384.jpeg,Δ΄ ΔΙΔΑΚΤΙΚΑ ΚΑΙ ΣΧΟΛΙΚΑ ΟΡΓΑΝΑ,Educational and School Instruments,Β΄ ΠΙΝΑΚΕΣ ΚΑΙ ΕΙΚΟΝΕΣ,"Kenngott A., Dr.","Kenngott A., Dr.","Εἰκόνες ᾿Ορυκτολογίας, ὑπὸ Dr A. Kenngott, πίνακες 24","Mineralogy Pictures by Dr. A. Kenngott, 24 plates",πίνακες 24,75.—,,
1904,IMG_1384.jpeg,Δ΄ ΔΙΔΑΚΤΙΚΑ ΚΑΙ ΣΧΟΛΙΚΑ ΟΡΓΑΝΑ,Educational and School Instruments,Β΄ ΠΙΝΑΚΕΣ ΚΑΙ ΕΙΚΟΝΕΣ / ΧΡΩΜΑΤΙΣΤΑΙ,,,"᾿Ανατομικὴ τοῦ ᾿Ανθρώπου εἰς Πίνακας 19 μετὰ 100 εἰκόνων, εἰς βιβλίον δεδεμένον","Human Anatomy in 19 Plates with 100 images, bound book",19 πίνακες,40.—,,
1904,IMG_1384.jpeg,Δ΄ ΔΙΔΑΚΤΙΚΑ ΚΑΙ ΣΧΟΛΙΚΑ ΟΡΓΑΝΑ,Educational and School Instruments,Β΄ ΠΙΝΑΚΕΣ ΚΑΙ ΕΙΚΟΝΕΣ / ΧΡΩΜΑΤΙΣΤΑΙ,ΑΠΟΣΤΟΛΙΔΟΥ Ν. Χ.,Apostolidou N. Ch.,"Βασίλειον τῶν Ζῴων, 90 Πίνακες κεχρωματισμένοι κατὰ φύσιν, δεδεμένοι","Animal Kingdom, 90 natural color plates, bound",90 πίνακες,130.—,,
1904,IMG_1384.jpeg,Δ΄ ΔΙΔΑΚΤΙΚΑ ΚΑΙ ΣΧΟΛΙΚΑ ΟΡΓΑΝΑ,Educational and School Instruments,Β΄ ΠΙΝΑΚΕΣ ΚΑΙ ΕΙΚΟΝΕΣ / ΧΡΩΜΑΤΙΣΤΑΙ,ΑΡΑΠΗ Σ. Α.,Arapi S. A.,Εἰκόνες Πραγματογνωσίας (14 πίνακες),Object Lesson Wall Charts (14 plates),"14 πίνακες, 0.88x0.66m",165.—,,Single chart price 7 each
1904,IMG_1384.jpeg,Δ΄ ΔΙΔΑΚΤΙΚΑ ΚΑΙ ΣΧΟΛΙΚΑ ΟΡΓΑΝΑ,Educational and School Instruments,Β΄ ΠΙΝΑΚΕΣ ΚΑΙ ΕΙΚΟΝΕΣ,"Rolle Fr., Dr.","Rolle Fr., Dr.","Ἄτλας Εἰκονογραφημένος τοῦ ᾿Εντόμου ... ὕπο Dr Fr. Rolle, Πίν. 18","Illustrated Insect Atlas by Dr. Fr. Rolle, 18 plates",Πίν. 18,50.—,,
1904,IMG_1384.jpeg,Δ΄ ΔΙΔΑΚΤΙΚΑ ΚΑΙ ΣΧΟΛΙΚΑ ΟΡΓΑΝΑ,Educational and School Instruments,Β΄ ΠΙΝΑΚΕΣ ΚΑΙ ΕΙΚΟΝΕΣ,"Rolle Fr., Dr.","Rolle Fr., Dr.",Εἰκόνες Γεωλογίας καὶ Παλαιοντολογίας,Pictures of Geology and Paleontology,Πίν. 18,50.—,,
1904,IMG_1384.jpeg,Δ΄ ΔΙΔΑΚΤΙΚΑ ΚΑΙ ΣΧΟΛΙΚΑ ΟΡΓΑΝΑ,Educational and School Instruments,Β΄ ΠΙΝΑΚΕΣ ΚΑΙ ΕΙΚΟΝΕΣ,,,"Εἰκόνες Ζωολογίας, ἐκδ. Hachette μετὰ γαλλικοῦ κειμένου, πίνακες 1-50","Zoology Pictures, Hachette edition with French text, plates 1-50",πίνακες 1-50,150.—,,
1904,IMG_1384.jpeg,Παιδαγωγικά,Pedagogy,,ΤΟΛΣΤΟΗ Λ.,Tolstoy L.,"Τὸ Σχολεῖον τῆς Γιασναΐας Πολιάνας, μεταφρασθὲν ὑπὸ Π. Γ. Σκορδέλη","The School of Yasnaya Polyana, translated by P. G. Skordelis",σελ. λα' - 195,6.—,,
1904,IMG_1384.jpeg,Δ΄ ΔΙΔΑΚΤΙΚΑ ΚΑΙ ΣΧΟΛΙΚΑ ΟΡΓΑΝΑ,Educational and School Instruments,Α΄ ΥΛΙΚΟΝ ΝΗΠΙΑΓΩΓΕΙΩΝ,,,Κασσελίνα φροέβελης,Froebel Box / Case,,14.—,,
1904,IMG_1384.jpeg,Παιδαγωγικά,Pedagogy,,ΣΦΟΥΓΓΟΥ Κ. Ι.,Sfouggou K. I.,Σχολικαὶ Παιδιαί,School Games,"8ον, σελίδες 95",6.—,,
1904,IMG_1384.jpeg,Δ΄ ΔΙΔΑΚΤΙΚΑ ΚΑΙ ΣΧΟΛΙΚΑ ΟΡΓΑΝΑ,Educational and School Instruments,Β΄ ΠΙΝΑΚΕΣ ΚΑΙ ΕΙΚΟΝΕΣ / ΧΡΩΜΑΤΙΣΤΑΙ,,,᾿Ανατομικὴ τοῦ ᾿Ανθρώπου (4 πίνακες ὁμοῦ),Human Anatomy (4 wall charts set),Πίνακες 1-4,175.—,,Includes individual plates at 22 each or all 4 for 175
1904,IMG_1384.jpeg,Παιδαγωγικά,Pedagogy,,ΣΠΑΘΑΡΗ ΑΡ.,Spathari Ar.,Οἰκιακὴ Παιδαγωγικὴ ἢ περί τῆς κατ' οἶκον ἀγωγῆς τῶν παίδων,Domestic Pedagogy or on the home education of children,σελίδες 120,10.—,,
1904,IMG_1384.jpeg,Παιδαγωγικά,Pedagogy,,,,Πρόγραμμα ᾿Αναλυτικὸν τοῦ Συγγράφειου τῆς ἑλληνικῆς ὀρθοδόξου Κοινότητος Σταυροδρομίου,Analytical Program of the Syggrafion of the Greek Orthodox Community of Stavrodromi,σ. 38,2.—,,
1904,IMG_1384.jpeg,Παιδαγωγικά,Pedagogy,,ΠΙΡΓΟΤ Ν.,Pirgot N.,Παιδαγωγικὴ ᾿Αναγέννησις Γυμναστικὴ μετὰ εἰκονογραφιῶν,Pedagogical Renaissance Gymnastics with illustrations,σελ. 148,7.—,,
1904,IMG_1384.jpeg,Παιδαγωγικά,Pedagogy,,ΠΙΡΓΟΤ Ν.,Pirgot N.,Παιδαγωγική Ἠμερογονική Γυμναστική,Pedagogical Daily Gymnastics,σελ. 126,6.—,,
1904,IMG_1384.jpeg,Παιδαγωγικά,Pedagogy,,ΡΙΕΗ ΣΤ. Λ.,Rieh St. L.,Εγχειρίδιον Παιδαγωγικῆς,Manual of Pedagogy,"8ον, σελίδες 127",8.—,,
1904,IMG_1384.jpeg,Παιδαγωγικά,Pedagogy,,ΣΑΚΕΛΛΑΡΙΟΥ Ι. Β.,Sakellariou I. V.,"Μοῦσα, ἤτοι Βιβλίον Παιδαγωγικόν Μουσικόν","Musa, or Pedagogical Music Book","8ον, σελίδες 212",20.—,,
1904,IMG_1384.jpeg,Παιδαγωγικά,Pedagogy,,ΣΑΚΕΛΛΑΡΙΟΥ Ι. Β.,Sakellariou I. V.,Εγχειρίδιον Μουσικόν Κ. Ἦ Παιδαγωγικὴ τοῦ Δημοτικοῦ Σχολείου,Music Manual / Pedagogy of Primary School,"8ον, σελίδες 120",6.—,,
1904,IMG_1384.jpeg,Παιδαγωγικά,Pedagogy,,ΣΑΚΕΛΛΑΡΙΟΥ Ι. Β.,Sakellariou I. V.,"Πραγματογνωσίας Ὕλη, κατ' ἐπίτομον ἐκ τῆς γερμανικῆς μετάφρασιν","Material of Object Lessons, translated abridged from German","8ον, σελίδες 176",15.—,,
1904,IMG_1384.jpeg,Παιδαγωγικά,Pedagogy,,ΣΑΜΑΡΤΣΙΔΟΥ ΧΡΙΣΤΟΦ.,Samartsidou Christof.,Ἱστορία τῆς Παιδαγωγίας,History of Pedagogy,"8ον, σελ. 146",9.—,,
1904,IMG_1384.jpeg,Παιδαγωγικά,Pedagogy,,ΣΠΙΝΗ Β.,Spini V.,"Γυμναστικὴ Οἰκιακὴ δι' ὑγιεῖς καὶ ἀσθενεῖς, μετὰ πολλῶν εἰκόνων","Home Gymnastics for the healthy and sick, with many illustrations","8ον, σελίδες 177",20.—,,
1904,IMG_1384.jpeg,Παιδαγωγικά,Pedagogy,,ΣΑΜΑΡΤΣΙΔΟΥ ΧΡΙΣΤΟΦ.,Samartsidou Christof.,Παιδαγωγικαὶ Ὑποθῆκαι,Pedagogical Precepts,"8ον, σελίδες 320",10.—,,
1904,IMG_1384.jpeg,Παιδαγωγικά,Pedagogy,,ΣΑΜΑΡΤΣΙΔΟΥ ΧΡΙΣΤΟΦ.,Samartsidou Christof.,"Παιδαγωγικὸν ᾿Εγκόλπιον, πρὸς χρῆσιν τῶν διδασκάλων καὶ τῶν γονέων","Pedagogical Handbook, for teachers and parents","8ον, σελίδες 211",6.—,,
1904,IMG_1384.jpeg,Παιδαγωγικά,Pedagogy,,SCHREBER,Schreber,Εγχειρίδιον τῆς Ὑγιεινῆς Σωματικῆς,Manual of Physical Hygiene,σελίδες 91,4.—,,
1904,IMG_1384.jpeg,Παιδαγωγικά,Pedagogy,,ΣΙΚΕΛΙΑΝΟΥ ΑΝΤ.,Sikelianou Ant.,᾿Επιστολαὶ Διδασκάλου πρὸς Μαθητήν,Letters from a Teacher to a Student,"8ον, σ. 190",4.—,,
1904,IMG_1384.jpeg,Παιδαγωγικά,Pedagogy,,ΣΚΟΡΔΕΛΗ ΒΗ.,Skordeli Vi.,"Ἡμερολόγιον Δημοδιδασκάλου, ἤτοι ἡ παιδαγωγία ἐν τῇ πράξει","Teacher's Calendar, or Pedagogy in Practice",σελίδες 116,5.—,,
1904,IMG_1384.jpeg,Παιδαγωγικά,Pedagogy,,ΣΚΟΡΔΕΛΗ ΒΗ.,Skordeli Vi.,Ὁδηγὸς Διδασκαλικός,Teaching Guide,"8ον, σελίδες 132",12.—,,
1904,IMG_1384.jpeg,Παιδαγωγικά,Pedagogy,,ΣΠΑΘΑΡΗ ΑΡ.,Spathari Ar.,"Παιδαγωγική, περιλαμβάνουσα συνοπτικῶς Ἱστορίαν τῆς Παιδαγωγίας, Ψυχολογίαν, Λογικήν, Γενικὴν Παιδαγωγικὴν καὶ Διδακτικήν","Pedagogy, concisely including History of Pedagogy, Psychology, Logic, General Pedagogy and Didactics","8ον, σελίδες 272",15.—,,
1904,IMG_1384.jpeg,Παιδαγωγικά,Pedagogy,,ΣΠΑΘΑΡΗ ΑΡ.,Spathari Ar.,"Παιδαγωγός, περιέχων συνοπτικῶς Ψυχολογίαν, Λογικήν, Ἱστορίαν τῆς Παιδαγωγίας, Παιδαγωγικὴν καὶ Διδακτικήν. Τόμος Α΄","Pedagogue, Volume I","8ον, σελ. ν' - 93",12.—,,
1904,IMG_1384.jpeg,Παιδαγωγικά,Pedagogy,,ΣΑΜΑΡΤΣΙΔΟΥ ΧΡΙΣΤΟΦ.,Samartsidou Christof.,"Μεθοδική, ἢ ὁδηγίαι περὶ τῆς πορείας καὶ ἀκολουθίας, τῆς μορφῆς καὶ τῶν πρώτων τῆς διδασκαλίας ἐν καλῶς καταρτισμένῃ Δημοτικῇ ἢ ᾿Αστικῇ Σχολῇ μετά τινων διδασκαλιῶν καὶ τῶν γονέων","Methodology, or instructions on teaching methods in primary schools","8ον, σελίδες 242",15.—,,
1904,IMG_1385.jpeg,Χάρται Γεωγραφικοί,Geographical Maps,,ΒΙΛΛΜΠΕΡ Κ.,Villmber K.,"Χάρτης τοῦ Βασιλείου τῆς Ἑλλάδος, εἰς φῦλλον","Map of the Kingdom of Greece, single sheet",,5.—,,
1904,IMG_1385.jpeg,Χάρται Γεωγραφικοί,Geographical Maps,,ΑΠΟΣΤΟΛΟΠΟΥΛΟΥ Θ.,Apostolopoulou Th.,Χάρτης τῆς Ἑλλάδος,Map of Greece,,2.—,,
1904,IMG_1385.jpeg,Γ' ΑΤΛΑΝΤΕΣ ΓΕΩΓΡΑΦΙΚΟΙ,C' Geographical Atlases,,ΣΑΚΕΛΛΑΡΙΟΥ ΑΘ.,Sakellariou Ath.,"Ἄτλας Γεωγραφικὸς (μεσαῖος), εἰς φύλλα 19, χαρτόδετος +","Geographical Atlas (medium), in 19 sheets, paperbound",,30.—,,
1904,IMG_1385.jpeg,Δ' ΧΑΡΤΑΙ ΓΕΩΓΡΑΦΙΚΟΙ,D' Geographical Maps,,ΑΓΓΕΛΟΜΑΤΟΥ ΚΑΙ ΜΥΡΣΙΛΙΔΟΥ,Angelomatou & Myrsilidou,Χάρτης τοῦ νομοῦ Αἰδινίου εἰς φῦλλον,"Map of Aydin prefecture, single sheet",,10.—,,eis panion pros anartisin 30.—
1904,IMG_1385.jpeg,Γ' ΑΤΛΑΝΤΕΣ ΓΕΩΓΡΑΦΙΚΟΙ,C' Geographical Atlases,,ΣΑΚΕΛΛΑΡΙΟΥ ΑΘ.,Sakellariou Ath.,"Ἄτλας Γεωγραφικὸς (μέγας), μετὰ γεωγραφικῶν καὶ στατιστικῶν σημειώσεων, εἰς φύλλα 19, χαρτόδ. +","Geographical Atlas (large), with geographical and statistical notes, in 19 sheets, paperbound",,30.—,,
1904,IMG_1385.jpeg,Χάρται Γεωγραφικοί,Geographical Maps,,ΚΑΣΔΟΝΗ Γ. καὶ ΚΟΛΜΑΝ Γ.,Kasdoni G. & Kolman G.,Χάρτης τῆς Ἠπείρου,Map of Epirus,,1.—,,
1904,IMG_1385.jpeg,Δ' ΧΑΡΤΑΙ ΓΕΩΓΡΑΦΙΚΟΙ,D' Geographical Maps,,ΑΓΓΕΛΟΜΑΤΟΥ ΚΑΙ ΜΥΡΣΙΛΙΔΟΥ,Angelomatou & Myrsilidou,Χάρτης Μικρᾶς Ἀσίας εἰς φῦλλον,"Map of Asia Minor, single sheet",,10.—,,eis panion pros anartisin 30.—
1904,IMG_1385.jpeg,Χάρται Γεωγραφικοί,Geographical Maps,,ΚΕΙΠΕΡΤ Ε.,Kiepert E.,Χάρτης τῶν δύο Ἡμισφαιρίων,Map of the Two Hemispheres,,125.—,,Approved for school hanging by the Society for the Propagation of Greek Letters
1904,IMG_1385.jpeg,Χάρται Γεωγραφικοί,Geographical Maps,,ΣΑΚΕΛΛΑΡΙΟΥ Ι. Γ.,Sakellariou I. G.,Χάρτης τῆς Εὐρωπαϊκῆς καὶ Ἀσιατικῆς Τουρκίας καὶ τῆς Ἑλλάδος,Map of European and Asian Turkey and Greece,,3.—,,
1904,IMG_1385.jpeg,Χάρται Γεωγραφικοί,Geographical Maps,,ΚΩΝΣΤΑΝΤΙΝΙΔΟΥ ΑΝΕΣΤΗ,Konstantinidou Anesti,Χάρτης Εὐρωπαϊκ. Τουρκίας,Map of European Turkey,,3.—,,
1904,IMG_1385.jpeg,Χάρται Γεωγραφικοί,Geographical Maps,,ΚΩΝΣΤΑΝΤΙΝΙΔΟΥ ΑΝΕΣΤΗ,Konstantinidou Anesti,Χάρτης Ἑλλάδος,Map of Greece,,4.—,,
1904,IMG_1385.jpeg,Χάρται Γεωγραφικοί,Geographical Maps,,ΣΑΛΙΒΕΡΟΥ Μ.,Saliverou M.,Χάρτης Ἑλλάδος,Map of Greece,,3.20,,
1904,IMG_1385.jpeg,Χάρται Γεωγραφικοί,Geographical Maps,,ΣΑΛΙΒΕΡΟΥ Μ.,Saliverou M.,Χάρτης Εὐρώπης,Map of Europe,,3.20,,
1904,IMG_1385.jpeg,Χάρται Γεωγραφικοί,Geographical Maps,,ΦΕΞΙ Γ.,Fexi G.,Χάρτης Ἑλλάδος,Map of Greece,,3.—,,
1904,IMG_1385.jpeg,Χάρται Γεωγραφικοί,Geographical Maps,,ΧΡΥΣΟΧΟΟΥ Μ.,Chrysochoou M.,Χάρτης τοῦ Βασιλείου τῆς Ἑλλάδος,Map of the Kingdom of Greece,,2.—,,
1904,IMG_1385.jpeg,Γ' ΑΤΛΑΝΤΕΣ ΓΕΩΓΡΑΦΙΚΟΙ,C' Geographical Atlases,,PERIOT Ch.,Periot Ch.,"Atlas Géographique Moderne, de trente sept cartes coloriées et gravées sur cuivre dedémonos","Modern Geographical Atlas, thirty-seven colored and copper-engraved maps",,40.—,,
1904,IMG_1385.jpeg,Χάρται Γεωγραφικοί,Geographical Maps,,ΚΩΝΣΤΑΝΤΙΝΙΔΟΥ ΑΝΕΣΤΗ,Konstantinidou Anesti,Χάρτης Εὐρώπης,Map of Europe,,3.—,,
1904,IMG_1385.jpeg,Γ' ΑΤΛΑΝΤΕΣ ΓΕΩΓΡΑΦΙΚΟΙ,C' Geographical Atlases,,ΝΕΡΑΝΤΖΗ Ι.,Nerantzi I.,"Ἄτλας Γεωγραφικὸς (μέγας), πίνακες 36 ++","Geographical Atlas (large), 36 plates",,20.—,,
1904,IMG_1385.jpeg,Γ' ΑΤΛΑΝΤΕΣ ΓΕΩΓΡΑΦΙΚΟΙ,C' Geographical Atlases,,PERTHES JUSTUS,Perthes Justus,"Atlas Général composé de 40 cartes, εἰς φύλλα 8, χαρτόδετος +","General Atlas composed of 40 maps, 8 sheets, paperbound",8vo,7.20,,
1904,IMG_1385.jpeg,Γ' ΑΤΛΑΝΤΕΣ ΓΕΩΓΡΑΦΙΚΟΙ,C' Geographical Atlases,,ΝΕΡΑΝΤΖΗ Ι.,Nerantzi I.,"Ἄτλας Γεωγραφικὸς (μικρός), πίνακες 36 ++","Geographical Atlas (small), 36 plates",,17.—,,
1904,IMG_1385.jpeg,Γ' ΑΤΛΑΝΤΕΣ ΓΕΩΓΡΑΦΙΚΟΙ,C' Geographical Atlases,,ΝΕΡΑΝΤΖΗ Ι.,Nerantzi I.,"Μέρος Πολιτικόν, πίν. 19 ++","Political Section, 19 plates",,10.—,,
1904,IMG_1385.jpeg,Χάρται Γεωγραφικοί,Geographical Maps,,,,"Εἰκόνες τῆς Παλαιᾶς καὶ τῆς Νέας Διαθήκης, Πίνακες 50+25, ἐκδ. Hachette ++","Pictures of the Old and New Testament, 50+25 plates, Hachette ed.",,240.—,,
1904,IMG_1385.jpeg,Χάρται Γεωγραφικοί,Geographical Maps,,Ἀνέστη Κωνσταντινίδου,Anesti Konstantinidou,"Εἰκόνες Παλαιᾶς καὶ Καινῆς Διαθήκης, Πίνακες 27+20 μέγεθος 51X37, ἐκδ. Εἰκόνες Ἀνέστη Κωνσταντινίδου ++","Pictures of the Old and New Testament, 27+20 plates size 51x37",,175.—,,
1904,IMG_1385.jpeg,Χάρται Γεωγραφικοί,Geographical Maps,,Θεόδωρος,Theodoros,"Εἰκόνες Σωματολογίας τοῦ Ἀνθρώπου, εἰς πλάκας ++","Pictures of Human Somatology, on plates",,15.—,,
1904,IMG_1385.jpeg,Χάρται Γεωγραφικοί,Geographical Maps,,,,"Εἰκόνες τῆς καλλιεργείας καὶ χρήσεως τοῦ σίτου, πίνακες 6 ++","Pictures of wheat cultivation and use, 6 plates",,25.—,,
1904,IMG_1385.jpeg,Χάρται Γεωγραφικοί,Geographical Maps,,,,"Εἰκόνες τῶν τεχνικῶν καὶ ἐπαγγελμάτων, πίνακες 6 ++","Pictures of crafts and professions, 6 plates",,25.—,,
1904,IMG_1385.jpeg,Χάρται Γεωγραφικοί,Geographical Maps,,ΡΩΣΣΑΚΗ Α.,Rossaki A.,"Πίνακες Καλλιγραφικοὶ ἀνεγνωσμένοι, πρὸς ἀνάρτησιν ἐν τοῖς σχολείοις, μεγέθους 2,50 μ.x 1,50 μ. ἐπὶ πανίου ++","Calligraphy Charts for school hanging, size 2.50 m x 1.50 m on canvas",,100.—,,
1904,IMG_1385.jpeg,Γ' ΑΤΛΑΝΤΕΣ ΓΕΩΓΡΑΦΙΚΟΙ,C' Geographical Atlases,,ΑΝΤΩΝΙΑΔΟΥ Α. Ι.,Antoniadou A. I.,"Νέος Γεωγραφικὸς Ἄτλας, πίνακες 22 +","New Geographical Atlas, 22 plates",,18.—,,
1904,IMG_1385.jpeg,Γ' ΑΤΛΑΝΤΕΣ ΓΕΩΓΡΑΦΙΚΟΙ,C' Geographical Atlases,,BAMBERET Ch. & PERIOT Ch.,Bamberet Ch. & Periot Ch.,"Atlas Universel de Géographie Physique et Politique Ancienne du Moyen Age et Moderne, 80 Cartes ++","Universal Atlas of Physical and Political Geography Ancient Middle Ages and Modern, 80 Maps",,75.—,,
1904,IMG_1385.jpeg,Χάρται Γεωγραφικοί,Geographical Maps,,,,"Εἰκόνες τῶν βιομηχανικῶν γνώσεων, πίνακες 10 ++","Pictures of industrial knowledge, 10 plates",,40.—,,
1904,IMG_1385.jpeg,Γ' ΑΤΛΑΝΤΕΣ ΓΕΩΓΡΑΦΙΚΟΙ,C' Geographical Atlases,,CORTAMBERT,Cortambert,"Atlas de Géographie Moderne, 4ον, 66 Cartes ++","Atlas of Modern Geography, 4to, 66 Maps",4ον,60.—,,
1904,IMG_1385.jpeg,Γ' ΑΤΛΑΝΤΕΣ ΓΕΩΓΡΑΦΙΚΟΙ,C' Geographical Atlases,,ΖΑΧΑΡΙΑΔΟΥ Κ.,Zachariadou K.,"Γεωγραφικοὶ Πίνακες τοῦ Κράτους τῆς Χερσονήσου τοῦ Αἵμου, πίνακες 32, 4ον","Geographical Maps of the Balkan Peninsula State, 32 plates, 4to",4ον,4.20,,
1904,IMG_1385.jpeg,Γ' ΑΤΛΑΝΤΕΣ ΓΕΩΓΡΑΦΙΚΟΙ,C' Geographical Atlases,,HICKMANN A. L.,Hickmann A. L.,Atlas Universel Politique Statistique Commerce,Universal Political Statistical Commerce Atlas,,30.—,,
1904,IMG_1385.jpeg,Γ' ΑΤΛΑΝΤΕΣ ΓΕΩΓΡΑΦΙΚΟΙ,C' Geographical Atlases,,ΚΛΑΔΟΥ Α.,Kladou A.,"Νέος Ἄτλας Γεωγραφικὸς τοῦ βασιλείου τῆς Ἑλλάδος, 4ον, πίνακες 19 ++","New Geographical Atlas of the Kingdom of Greece, 4to, 19 plates",4ον,7.—,,
1904,IMG_1385.jpeg,Γ' ΑΤΛΑΝΤΕΣ ΓΕΩΓΡΑΦΙΚΟΙ,C' Geographical Atlases,,ΚΩΝΣΤΑΝΤΙΝΙΔΟΥ ΑΝΕΣΤΗ,Konstantinidou Anesti,"Μέγας Γεωγραφικὸς Ἄτλας Ὀκτάγλωσσος (Ἡμισφαίρια, Εὐρώπη, Ἀσία, Ἀφρική, Ἀμερική, Αὐστραλία, Ἑλλάς, Εὐρωπαϊκὴ Τουρκία) +","Great Eight-Language Geographical Atlas (Hemispheres, Europe, Asia, Africa, America, Australia, Greece, European Turkey)",,35.—,,
1904,IMG_1385.jpeg,Γ' ΑΤΛΑΝΤΕΣ ΓΕΩΓΡΑΦΙΚΟΙ,C' Geographical Atlases,,,,"Atlas Géographique πρὸς χρῆσιν τῶν Γυμνασίων, Ἑλληνικῶν Σχολείων καὶ Παρθεναγωγείων, χρυσόδετος +","Geographical Atlas for Gymnasiums, Greek Schools and Girls' Schools, gilt bound",,30.—,,
1904,IMG_1385.jpeg,Γ' ΑΤΛΑΝΤΕΣ ΓΕΩΓΡΑΦΙΚΟΙ,C' Geographical Atlases,,CORTAMBERT,Cortambert,"Petit Atlas Géographique du première âge, 32ον, 9 Cartes ++","Small Geographical Atlas of early age, 32mo, 9 Maps",32ον,5.—,,
1904,IMG_1385.jpeg,Γ' ΑΤΛΑΝΤΕΣ ΓΕΩΓΡΑΦΙΚΟΙ,C' Geographical Atlases,,MEISSAS & MICHELOT,Meissas & Michelot,D. Atlas Universel de Géographie Moderne,D. Universal Atlas of Modern Geography,,20.—,,
1904,IMG_1386.jpeg,Ε΄ ΚΛΑΣΣΙΚΟΙ ΕΛΛΗΝΕΣ ΚΑΙ ΛΑΤΙΝΟΙ ΣΥΓΓΡΑΦΕΙΣ (ΚΕΙΜΕΝΑ),E' Classical Greek and Latin Authors (Texts),Β΄ ΤΗΙ ΕΝ ΛΕΙΨΙΑΙ ΣΤΕΡΕΟΤ. ΕΚΔΟΣΕΩΣ Β. G. TEUBNER,ΑΙΛΙΑΝΟΣ,Ailianos,Ποικίλη Ἱστορία,Varia Historia,,5.20,,
1904,IMG_1386.jpeg,Ε΄ ΚΛΑΣΣΙΚΟΙ ΕΛΛΗΝΕΣ ΚΑΙ ΛΑΤΙΝΟΙ ΣΥΓΓΡΑΦΕΙΣ (ΚΕΙΜΕΝΑ),E' Classical Greek and Latin Authors (Texts),Β΄ ΤΗΙ ΕΝ ΛΕΙΨΙΑΙ ΣΤΕΡΕΟΤ. ΕΚΔΟΣΕΩΣ Β. G. TEUBNER,ΑΙΛΙΑΝΟΣ,Ailianos,"Ἅπαντα, Τόμ. 2","Complete Works, Vol. 2",,54.—,,
1904,IMG_1386.jpeg,Ε΄ ΚΛΑΣΣΙΚΟΙ ΕΛΛΗΝΕΣ ΚΑΙ ΛΑΤΙΝΟΙ ΣΥΓΓΡΑΦΕΙΣ (ΚΕΙΜΕΝΑ),E' Classical Greek and Latin Authors (Texts),Β΄ ΤΗΙ ΕΝ ΛΕΙΨΙΑΙ ΣΤΕΡΕΟΤ. ΕΚΔΟΣΕΩΣ Β. G. TEUBNER,ΑΘΗΝΑΙΟΣ,Athēnaios,"Δειπνοσοφισταί, Τ. 3","Deipnosophistae, Vol. 3",,102.20,,
1904,IMG_1386.jpeg,Ε΄ ΚΛΑΣΣΙΚΟΙ ΕΛΛΗΝΕΣ ΚΑΙ ΛΑΤΙΝΟΙ ΣΥΓΓΡΑΦΕΙΣ (ΚΕΙΜΕΝΑ),E' Classical Greek and Latin Authors (Texts),Α΄ ΗΜΕΤΕΡΑΙ ΣΧΟΛΙΚΑΙ ΕΚΔΟΣΕΙΣ,ΠΛΟΥΤΑΡΧΟΣ,Ploutarchos,"Βίοι Παράλληλοι: Ἄγις, Κλεομένης, Θεμιστοκλῆς καὶ Ἀριστείδης","Parallel Lives: Agis, Cleomenes, Themistocles and Aristides",σελίδες 140,6.—,,
1904,IMG_1386.jpeg,Ε΄ ΚΛΑΣΣΙΚΟΙ ΕΛΛΗΝΕΣ ΚΑΙ ΛΑΤΙΝΟΙ ΣΥΓΓΡΑΦΕΙΣ (ΚΕΙΜΕΝΑ),E' Classical Greek and Latin Authors (Texts),Α΄ ΗΜΕΤΕΡΑΙ ΣΧΟΛΙΚΑΙ ΕΚΔΟΣΕΙΣ,ΞΕΝΟΦΩΝ,Xenophon,Κύρου Ἀνάβασις,Anabasis of Cyrus,σελ. 270,5.—,,
1904,IMG_1386.jpeg,Ε΄ ΚΛΑΣΣΙΚΟΙ ΕΛΛΗΝΕΣ ΚΑΙ ΛΑΤΙΝΟΙ ΣΥΓΓΡΑΦΕΙΣ (ΚΕΙΜΕΝΑ),E' Classical Greek and Latin Authors (Texts),Α΄ ΗΜΕΤΕΡΑΙ ΣΧΟΛΙΚΑΙ ΕΚΔΟΣΕΙΣ,ΠΛΟΥΤΑΡΧΟΣ,Ploutarchos,Βίοι Παράλληλοι: Ἄγις καὶ Κλεομένης,Parallel Lives: Agis and Cleomenes,σελίδες 65,3.—,,
1904,IMG_1386.jpeg,Ε΄ ΚΛΑΣΣΙΚΟΙ ΕΛΛΗΝΕΣ ΚΑΙ ΛΑΤΙΝΟΙ ΣΥΓΓΡΑΦΕΙΣ (ΚΕΙΜΕΝΑ),E' Classical Greek and Latin Authors (Texts),Α΄ ΗΜΕΤΕΡΑΙ ΣΧΟΛΙΚΑΙ ΕΚΔΟΣΕΙΣ,ΞΕΝΟΦΩΝ,Xenophon,Ἀπομνημονεύματα,Memorabilia,σελίδες 168,3.—,,
1904,IMG_1386.jpeg,Ε΄ ΚΛΑΣΣΙΚΟΙ ΕΛΛΗΝΕΣ ΚΑΙ ΛΑΤΙΝΟΙ ΣΥΓΓΡΑΦΕΙΣ (ΚΕΙΜΕΝΑ),E' Classical Greek and Latin Authors (Texts),Α΄ ΗΜΕΤΕΡΑΙ ΣΧΟΛΙΚΑΙ ΕΚΔΟΣΕΙΣ,ΛΥΣΙΑΣ,Lysias,Ἐπιτάφιος τοῖς Κορινθίων βοηθοῖς,Funeral Oration for those who aided the Corinthians,σελίδες 23,2.—,,
1904,IMG_1386.jpeg,Ε΄ ΚΛΑΣΣΙΚΟΙ ΕΛΛΗΝΕΣ ΚΑΙ ΛΑΤΙΝΟΙ ΣΥΓΓΡΑΦΕΙΣ (ΚΕΙΜΕΝΑ),E' Classical Greek and Latin Authors (Texts),Β΄ ΤΗΙ ΕΝ ΛΕΙΨΙΑΙ ΣΤΕΡΕΟΤ. ΕΚΔΟΣΕΩΣ Β. G. TEUBNER,ΑΙΝΕΙΑΣ,Aineias,Στρατηγικόν,How to Survive under Siege (Tacticus),,8.20,,
1904,IMG_1386.jpeg,Ε΄ ΚΛΑΣΣΙΚΟΙ ΕΛΛΗΝΕΣ ΚΑΙ ΛΑΤΙΝΟΙ ΣΥΓΓΡΑΦΕΙΣ (ΚΕΙΜΕΝΑ),E' Classical Greek and Latin Authors (Texts),Β΄ ΤΗΙ ΕΝ ΛΕΙΨΙΑΙ ΣΤΕΡΕΟΤ. ΕΚΔΟΣΕΩΣ Β. G. TEUBNER,ΑΠΠΙΑΝΟΣ,Appianos,"Ῥωμαϊκὴ Ἱστορία, Τόμοι 2","Roman History, 2 Volumes",,54.—,,
1904,IMG_1386.jpeg,Ε΄ ΚΛΑΣΣΙΚΟΙ ΕΛΛΗΝΕΣ ΚΑΙ ΛΑΤΙΝΟΙ ΣΥΓΓΡΑΦΕΙΣ (ΚΕΙΜΕΝΑ),E' Classical Greek and Latin Authors (Texts),Β΄ ΤΗΙ ΕΝ ΛΕΙΨΙΑΙ ΣΤΕΡΕΟΤ. ΕΚΔΟΣΕΩΣ Β. G. TEUBNER,ΑΙΣΧΙΝΗΣ,Aischinēs,Λόγοι,Speeches,,5.20,,
1904,IMG_1386.jpeg,Ε΄ ΚΛΑΣΣΙΚΟΙ ΕΛΛΗΝΕΣ ΚΑΙ ΛΑΤΙΝΟΙ ΣΥΓΓΡΑΦΕΙΣ (ΚΕΙΜΕΝΑ),E' Classical Greek and Latin Authors (Texts),Β΄ ΤΗΙ ΕΝ ΛΕΙΨΙΑΙ ΣΤΕΡΕΟΤ. ΕΚΔΟΣΕΩΣ Β. G. TEUBNER,ΑΝΤΙΦΩΝ,Antiphōn,Ἀντιφῶν,Antiphon,,12.—,,
1904,IMG_1386.jpeg,Ε΄ ΚΛΑΣΣΙΚΟΙ ΕΛΛΗΝΕΣ ΚΑΙ ΛΑΤΙΝΟΙ ΣΥΓΓΡΑΦΕΙΣ (ΚΕΙΜΕΝΑ),E' Classical Greek and Latin Authors (Texts),Β΄ ΤΗΙ ΕΝ ΛΕΙΨΙΑΙ ΣΤΕΡΕΟΤ. ΕΚΔΟΣΕΩΣ Β. G. TEUBNER,ΑΙΣΧΥΛΟΣ,Aischylos,Πέρσαι,Persians,,2.—,,
1904,IMG_1386.jpeg,Ε΄ ΚΛΑΣΣΙΚΟΙ ΕΛΛΗΝΕΣ ΚΑΙ ΛΑΤΙΝΟΙ ΣΥΓΓΡΑΦΕΙΣ (ΚΕΙΜΕΝΑ),E' Classical Greek and Latin Authors (Texts),Β΄ ΤΗΙ ΕΝ ΛΕΙΨΙΑΙ ΣΤΕΡΕΟΤ. ΕΚΔΟΣΕΩΣ Β. G. TEUBNER,ΑΙΣΩΠΟΣ,Aisōpos,Αἴσωπου Μῦθοι,Aesop's Fables,,5.20,,
1904,IMG_1386.jpeg,Ε΄ ΚΛΑΣΣΙΚΟΙ ΕΛΛΗΝΕΣ ΚΑΙ ΛΑΤΙΝΟΙ ΣΥΓΓΡΑΦΕΙΣ (ΚΕΙΜΕΝΑ),E' Classical Greek and Latin Authors (Texts),Β΄ ΤΗΙ ΕΝ ΛΕΙΨΙΑΙ ΣΤΕΡΕΟΤ. ΕΚΔΟΣΕΩΣ Β. G. TEUBNER,ΑΛΕΞΑΝΔΡΟΣ ΑΠΟΛΛΩΝΙΤΗΣ,Alexandros Apollōnitēs,Αλέξανδρος Ἀπολλωνίτης,Alexander of Apollonia,,6.—,,
1904,IMG_1386.jpeg,Ε΄ ΚΛΑΣΣΙΚΟΙ ΕΛΛΗΝΕΣ ΚΑΙ ΛΑΤΙΝΟΙ ΣΥΓΓΡΑΦΕΙΣ (ΚΕΙΜΕΝΑ),E' Classical Greek and Latin Authors (Texts),Β΄ ΤΗΙ ΕΝ ΛΕΙΨΙΑΙ ΣΤΕΡΕΟΤ. ΕΚΔΟΣΕΩΣ Β. G. TEUBNER,ΑΝΑΚΡΕΩΝ,Anakreōn,Ἀνακρέων,Anacreon,,7.20,,
1904,IMG_1386.jpeg,Ε΄ ΚΛΑΣΣΙΚΟΙ ΕΛΛΗΝΕΣ ΚΑΙ ΛΑΤΙΝΟΙ ΣΥΓΓΡΑΦΕΙΣ (ΚΕΙΜΕΝΑ),E' Classical Greek and Latin Authors (Texts),Β΄ ΤΗΙ ΕΝ ΛΕΙΨΙΑΙ ΣΤΕΡΕΟΤ. ΕΚΔΟΣΕΩΣ Β. G. TEUBNER,,,Ἀνθολογία Ἑλληνικῶν Ἐπιγραμμάτων. Τόμος Α΄,"Anthology of Greek Epigrams, Volume 1",,36.—,,
1904,IMG_1386.jpeg,Ε΄ ΚΛΑΣΣΙΚΟΙ ΕΛΛΗΝΕΣ ΚΑΙ ΛΑΤΙΝΟΙ ΣΥΓΓΡΑΦΕΙΣ (ΚΕΙΜΕΝΑ),E' Classical Greek and Latin Authors (Texts),Β΄ ΤΗΙ ΕΝ ΛΕΙΨΙΑΙ ΣΤΕΡΕΟΤ. ΕΚΔΟΣΕΩΣ Β. G. TEUBNER,BERGK,Bergk,Ἀνθολογία Λυρική,Lyric Anthology,,18.—,,
1904,IMG_1386.jpeg,Ε΄ ΚΛΑΣΣΙΚΟΙ ΕΛΛΗΝΕΣ ΚΑΙ ΛΑΤΙΝΟΙ ΣΥΓΓΡΑΦΕΙΣ (ΚΕΙΜΕΝΑ),E' Classical Greek and Latin Authors (Texts),Β΄ ΤΗΙ ΕΝ ΛΕΙΨΙΑΙ ΣΤΕΡΕΟΤ. ΕΚΔΟΣΕΩΣ Β. G. TEUBNER,ΑΝΝΑ ΚΟΜΝΗΝΗ,Anna Komnēnē,"Ἄννα Κομνηνή, Τόμ. 2","Anna Comnena, Vol. 2",,45.—,,
1904,IMG_1386.jpeg,Ε΄ ΚΛΑΣΣΙΚΟΙ ΕΛΛΗΝΕΣ ΚΑΙ ΛΑΤΙΝΟΙ ΣΥΓΓΡΑΦΕΙΣ (ΚΕΙΜΕΝΑ),E' Classical Greek and Latin Authors (Texts),Β΄ ΤΗΙ ΕΝ ΛΕΙΨΙΑΙ ΣΤΕΡΕΟΤ. ΕΚΔΟΣΕΩΣ Β. G. TEUBNER,ΑΠΟΛΛΩΝΙΟΣ,Apollōnios,"Κωνικά, Τόμ. 2","Conics, Vol. 2",,54.—,,
1904,IMG_1386.jpeg,Ε΄ ΚΛΑΣΣΙΚΟΙ ΕΛΛΗΝΕΣ ΚΑΙ ΛΑΤΙΝΟΙ ΣΥΓΓΡΑΦΕΙΣ (ΚΕΙΜΕΝΑ),E' Classical Greek and Latin Authors (Texts),Β΄ ΤΗΙ ΕΝ ΛΕΙΨΙΑΙ ΣΤΕΡΕΟΤ. ΕΚΔΟΣΕΩΣ Β. G. TEUBNER,ΑΠΟΛΛΩΝΙΟΣ ΡΟΔΙΟΣ,Apollōnios Rhodios,"Ἀργοναυτικά, Τόμοι 2","Argonautica, 2 Volumes",,6.—,,
1904,IMG_1386.jpeg,Ε΄ ΚΛΑΣΣΙΚΟΙ ΕΛΛΗΝΕΣ ΚΑΙ ΛΑΤΙΝΟΙ ΣΥΓΓΡΑΦΕΙΣ (ΚΕΙΜΕΝΑ),E' Classical Greek and Latin Authors (Texts),Α΄ ΗΜΕΤΕΡΑΙ ΣΧΟΛΙΚΑΙ ΕΚΔΟΣΕΙΣ,ΛΟΥΚΙΑΝΟΣ,Loukianos,Ἐνύπνιον καὶ Νεκρικοὶ Διάλογοι,The Dream and Dialogues of the Dead,σελίδες 103,4.—,,
1904,IMG_1386.jpeg,Ε΄ ΚΛΑΣΣΙΚΟΙ ΕΛΛΗΝΕΣ ΚΑΙ ΛΑΤΙΝΟΙ ΣΥΓΓΡΑΦΕΙΣ (ΚΕΙΜΕΝΑ),E' Classical Greek and Latin Authors (Texts),Β΄ ΤΗΙ ΕΝ ΛΕΙΨΙΑΙ ΣΤΕΡΕΟΤ. ΕΚΔΟΣΕΩΣ Β. G. TEUBNER,ΑΙΣΧΥΛΟΣ,Aischylos,Τραγῳδίαι,Tragedies,,8.10,,
1904,IMG_1386.jpeg,Ε΄ ΚΛΑΣΣΙΚΟΙ ΕΛΛΗΝΕΣ ΚΑΙ ΛΑΤΙΝΟΙ ΣΥΓΓΡΑΦΕΙΣ (ΚΕΙΜΕΝΑ),E' Classical Greek and Latin Authors (Texts),Α΄ ΗΜΕΤΕΡΑΙ ΣΧΟΛΙΚΑΙ ΕΚΔΟΣΕΙΣ,ΙΣΟΚΡΑΤΗΣ,Isokrates,Πρὸς Δημόνικον Παραινέσεις,To Demonicus,σελίδες 16,1.20,,
1904,IMG_1386.jpeg,Ε΄ ΚΛΑΣΣΙΚΟΙ ΕΛΛΗΝΕΣ ΚΑΙ ΛΑΤΙΝΟΙ ΣΥΓΓΡΑΦΕΙΣ (ΚΕΙΜΕΝΑ),E' Classical Greek and Latin Authors (Texts),Α΄ ΗΜΕΤΕΡΑΙ ΣΧΟΛΙΚΑΙ ΕΚΔΟΣΕΙΣ,ΠΛΟΥΤΑΡΧΟΣ,Ploutarchos,Βίοι Παράλληλοι: Θεμιστοκλῆς καὶ Ἀριστείδης,Parallel Lives: Themistocles and Aristides,σ. 77,3.20,,
1904,IMG_1386.jpeg,Ε΄ ΚΛΑΣΣΙΚΟΙ ΕΛΛΗΝΕΣ ΚΑΙ ΛΑΤΙΝΟΙ ΣΥΓΓΡΑΦΕΙΣ (ΚΕΙΜΕΝΑ),E' Classical Greek and Latin Authors (Texts),Α΄ ΗΜΕΤΕΡΑΙ ΣΧΟΛΙΚΑΙ ΕΚΔΟΣΕΙΣ,ΒΑΣΙΛΕΙΟΣ Ο ΜΕΓΑΣ,Vasileios o Megas,Ὁμιλία εἰς τὸ Πρόσεχε σεαυτῷ,Homily on 'Take heed to thyself',σελ. 17,1.20,,
1904,IMG_1386.jpeg,Ε΄ ΚΛΑΣΣΙΚΟΙ ΕΛΛΗΝΕΣ ΚΑΙ ΛΑΤΙΝΟΙ ΣΥΓΓΡΑΦΕΙΣ (ΚΕΙΜΕΝΑ),E' Classical Greek and Latin Authors (Texts),Α΄ ΗΜΕΤΕΡΑΙ ΣΧΟΛΙΚΑΙ ΕΚΔΟΣΕΙΣ,ΙΣΟΚΡΑΤΗΣ,Isokrates,Ἀρεοπαγιτικός,Areopagiticus,σ. 26,2.—,,
1904,IMG_1386.jpeg,Ε΄ ΔΙΑΦΟΡΑ ΣΧΟΛΙΚΑ ΟΡΓΑΝΑ,E' Miscellaneous School Equipment,Χάρται,ΧΡΥΣΟΧΟΟΥ Μ.,Chrysochoou M.,Χάρτης τῆς Ἑλλάδος εἰς 4 φύλλα,Map of Greece in 4 sheets,,18.—,,
1904,IMG_1386.jpeg,Ε΄ ΔΙΑΦΟΡΑ ΣΧΟΛΙΚΑ ΟΡΓΑΝΑ,E' Miscellaneous School Equipment,Χάρται,ΧΡΥΣΟΧΟΟΥ Μ.,Chrysochoou M.,Χάρτης τῆς Ἑλλάδος ἐπὶ πανίου πρὸς ἀνάρτησιν,Map of Greece mounted on cloth for hanging,,50.—,,
1904,IMG_1386.jpeg,Ε΄ ΔΙΑΦΟΡΑ ΣΧΟΛΙΚΑ ΟΡΓΑΝΑ,E' Miscellaneous School Equipment,Χάρται,ΧΡΥΣΟΧΟΟΥ Μ.,Chrysochoou M.,Πίναξ Γεωγραφικὸς τῆς μεσημβρινῆς Ἠπείρου καὶ τῆς Θεσσαλίας εἰς 8 φύλλα,Geographical map of southern Epirus and Thessaly in 8 sheets,,50.—,,
1904,IMG_1386.jpeg,Ε΄ ΔΙΑΦΟΡΑ ΣΧΟΛΙΚΑ ΟΡΓΑΝΑ,E' Miscellaneous School Equipment,Χάρται,ΧΡΥΣΟΧΟΟΥ Μ.,Chrysochoou M.,Πίναξ Γεωγραφικὸς τῆς μεσημβρινῆς Ἠπείρου καὶ τῆς Θεσσαλίας ἐπὶ πανίου πρὸς ἀνάρτησιν,Geographical map of southern Epirus and Thessaly mounted on cloth for hanging,,120.—,,
1904,IMG_1386.jpeg,Ε΄ ΔΙΑΦΟΡΑ ΣΧΟΛΙΚΑ ΟΡΓΑΝΑ,E' Miscellaneous School Equipment,Χάρται,ΧΡΥΣΟΧΟΟΥ Μ.,Chrysochoou M.,"Πίναξ τῆς Μακεδονίας, Ἠπείρου καὶ Ἠπείρου, εἰς φύλλα","Map of Macedonia and Epirus, in sheets",,40.—,,
1904,IMG_1386.jpeg,Ε΄ ΔΙΑΦΟΡΑ ΣΧΟΛΙΚΑ ΟΡΓΑΝΑ,E' Miscellaneous School Equipment,Χάρται,ΧΡΥΣΟΧΟΟΥ Μ.,Chrysochoou M.,"Χάρτης τῆς παρὰ τὴν Ἤπειρον καὶ Μακεδονίαν δρυεθείσης γραμμῆς τῆς Ἑλλάδος, εἰς φύλλον","Map of the border line of Greece near Epirus and Macedonia, single sheet",,3.—,,
1904,IMG_1386.jpeg,Ε΄ ΔΙΑΦΟΡΑ ΣΧΟΛΙΚΑ ΟΡΓΑΝΑ,E' Miscellaneous School Equipment,Ὑδρόγειοι Σφαῖραι,,,"Ὑδρόγειος Σφαῖρα, Ἀρ. 1 (1 μ. περιφέρειαν μὲ μεταλλίνην βάσιν)","Terrestrial Globe, No. 1 (1 m circumference with metal base)",,250.—,,
1904,IMG_1386.jpeg,Ε΄ ΔΙΑΦΟΡΑ ΣΧΟΛΙΚΑ ΟΡΓΑΝΑ,E' Miscellaneous School Equipment,Ὑδρόγειοι Σφαῖραι,,,"Ὑδρόγειος Σφαῖρα, Ἀρ. 2 (0,80 μ. περιφέρειαν με βάσιν μεταλλίνην καὶ τόξον)","Terrestrial Globe, No. 2 (0.80 m circumference with metal base and meridian ring)",,150.—,,
1904,IMG_1386.jpeg,Ε΄ ΔΙΑΦΟΡΑ ΣΧΟΛΙΚΑ ΟΡΓΑΝΑ,E' Miscellaneous School Equipment,Ὑδρόγειοι Σφαῖραι,,,"Ὑδρόγειος Σφαῖρα, Ἀρ. 3 (0,80 μ. περιφέρειαν μὲ βάσιν ξυλίνην καὶ πυξίδα)","Terrestrial Globe, No. 3 (0.80 m circumference with wooden base and compass)",,95.—,,
1904,IMG_1386.jpeg,Ε΄ ΔΙΑΦΟΡΑ ΣΧΟΛΙΚΑ ΟΡΓΑΝΑ,E' Miscellaneous School Equipment,Ὑδρόγειοι Σφαῖραι,,,"Ὑδρόγειος Σφαῖρα, Ἀρ. 4 (0,25 μ. περιφέρειαν) μὲ βάσιν ξυλίνην καὶ πυξίδα","Terrestrial Globe, No. 4 (0.25 m circumference) with wooden base and compass",,35.—,,
1904,IMG_1386.jpeg,Ε΄ ΔΙΑΦΟΡΑ ΣΧΟΛΙΚΑ ΟΡΓΑΝΑ,E' Miscellaneous School Equipment,Χάρται,ΧΡΥΣΟΧΟΟΥ Μ.,Chrysochoou M.,"Πίναξ τῆς Μακεδονίας, Ἠπείρου ἐπὶ πανίου πρὸς ἀνάρτησιν",Map of Macedonia and Epirus mounted on cloth for hanging,,100.—,,
1904,IMG_1386.jpeg,Ε΄ ΔΙΑΦΟΡΑ ΣΧΟΛΙΚΑ ΟΡΓΑΝΑ,E' Miscellaneous School Equipment,,,,Φανὸς ἀμφίλυχνος ἐπὶ στηρίγματος μὲ διαφράγματα ἐκ χάρτου,Twilight/projection lantern on stand with paper diaphragms,,35.—,,
1904,IMG_1386.jpeg,Ϛ΄ ΕΝΤΥΠΑ ΣΧΟΛΙΚΑ,ST' Printed School Forms & Materials,,,,Ἔλεγχος ἐτήσιος τῆς διαγωγῆς καὶ προόδου τοῦ μαθητοῦ,Annual report card of conduct and progress for male student,,1.—,,
1904,IMG_1386.jpeg,Ϛ΄ ΕΝΤΥΠΑ ΣΧΟΛΙΚΑ,ST' Printed School Forms & Materials,,,,Ἔλεγχος ἐτήσιος τῆς διαγωγῆς καὶ προόδου τῆς μαθήτριας,Annual report card of conduct and progress for female student,,1.—,,
1904,IMG_1386.jpeg,Ϛ΄ ΕΝΤΥΠΑ ΣΧΟΛΙΚΑ,ST' Printed School Forms & Materials,,,,Ἔλεγχος μηνιαῖος τῆς διαγωγῆς καὶ προόδου τῶν μαθητῶν καὶ μαθητριῶν,Monthly report card of conduct and progress for male and female students,σελίδες 12,0.20,,
1904,IMG_1386.jpeg,Ϛ΄ ΕΝΤΥΠΑ ΣΧΟΛΙΚΑ,ST' Printed School Forms & Materials,,,,Κατάλογος προσκλήσεως,Roll call book / Invitation register,,0.10,,
1904,IMG_1386.jpeg,Ϛ΄ ΕΝΤΥΠΑ ΣΧΟΛΙΚΑ,ST' Printed School Forms & Materials,,,,Μαθητολόγιον γενικὸν τῶν Δημοτικῶν Σχολείων,General student registry for Primary Schools,,3.20,,
1904,IMG_1386.jpeg,Ϛ΄ ΕΝΤΥΠΑ ΣΧΟΛΙΚΑ,ST' Printed School Forms & Materials,,,,Πρόγραμμα πρὸς ἀνάρτησιν μετὰ πλαισίου,"Class schedule for hanging, framed",,4.—,,
1904,IMG_1386.jpeg,Ϛ΄ ΕΝΤΥΠΑ ΣΧΟΛΙΚΑ,ST' Printed School Forms & Materials,,,,Τετράδια Καλλιγραφίας κεχαραγμένα (τὰ 100 πρὸς 16 φύλλ. καλοῦ χάρτου),"Calligraphy notebooks lined (100 units, 16 leaves good paper)",16 φύλλ.,25.—,,
1904,IMG_1386.jpeg,Ϛ΄ ΕΝΤΥΠΑ ΣΧΟΛΙΚΑ,ST' Printed School Forms & Materials,,,,"Τετράδια ἐξηγήσεων, ἐκθέσεων κλ. κεχαραγμένα (τὰ 100 πρὸς 16 φύλλα καλ. χάρτ.)","Exercise/essay notebooks lined (100 units, 16 leaves good paper)",16 φύλλα,35.—,,
1904,IMG_1386.jpeg,Ε΄ ΔΙΑΦΟΡΑ ΣΧΟΛΙΚΑ ΟΡΓΑΝΑ,E' Miscellaneous School Equipment,Σχήματα Στερεομετρίας,,,Σχήματα Στερεομετρίας (13 τεμάχια) ἐντὸς κουτίου,Stereometry Models (13 pieces) in a box,,95.—,,
1904,IMG_1386.jpeg,Ϛ΄ ΕΝΤΥΠΑ ΣΧΟΛΙΚΑ,ST' Printed School Forms & Materials,,,,"Ὡρολόγιον, πρὸς ἀνάρτησιν μετὰ πλαισίου","Timetable chart for hanging, framed",,4.—,,
1904,IMG_1387.jpeg,Έλληνες Συγγραφεῖς,Greek Authors,,ΟΜΗΡΟΣ,Homer,Ὕμνοι καὶ Βατραχομυομαχία,Hymns and Batrachomyomachia,,5.—,,
1904,IMG_1387.jpeg,Έλληνες Συγγραφεῖς,Greek Authors,,ΠΑΥΣΑΝΙΑΣ,Pausanias,Περιήγησις τῆς Ἑλλάδος,Description of Greece,Τόμοι 2,23.—,,
1904,IMG_1387.jpeg,Έλληνες Συγγραφεῖς,Greek Authors,,ΠΙΝΔΑΡΟΣ,Pindar,"Ποήματα (νέα ἔκδ., πληρεστάτη)",Poems (new complete edition),,11.—,,
1904,IMG_1387.jpeg,Έλληνες Συγγραφεῖς,Greek Authors,,ΠΛΑΤΩΝ,Plato,Διάλογοι,Dialogues,Τόμ. 6,63.—,,
1904,IMG_1387.jpeg,Έλληνες Συγγραφεῖς,Greek Authors,,ΠΟΛΥΒΙΟΣ,Polybius,Ἱστορία,Histories,Τόμ. 4,55.—,,
1904,IMG_1387.jpeg,Έλληνες Συγγραφεῖς,Greek Authors,ΠΛΑΤΩΝΟΣ ΔΙΑΛΟΓΟΙ,Πλάτων,Plato,Ἀριθ. 11. Πολιτεία,No. 11. Republic,,9.—,,
1904,IMG_1387.jpeg,Έλληνες Συγγραφεῖς,Greek Authors,,ΠΛΟΥΤΑΡΧΟΣ,Plutarch,Βίοι Παράλληλοι,Parallel Lives,Τόμοι 5,50.—,,
1904,IMG_1387.jpeg,Έλληνες Συγγραφεῖς,Greek Authors,,ΠΛΟΥΤΑΡΧΟΣ,Plutarch,Ἠθικά (Ὑπὸ Γρ. Ν. Βερναρδάκη),Moralia (Edited by Gr. N. Bernardakis),Τόμ. 7,170.—,,
1904,IMG_1387.jpeg,Έλληνες Συγγραφεῖς,Greek Authors,,ΟΜΗΡΟΣ,Homer,Ὀδύσσεια,Odyssey,Τόμ. 2,9.—,,
1904,IMG_1387.jpeg,Έλληνες Συγγραφεῖς,Greek Authors,ΠΛΑΤΩΝΟΣ ΔΙΑΛΟΓΟΙ,Πλάτων,Plato,Ἀριθ. 1. Εὐθύφρων. Ἀπολογία Σωκράτους. Κρίτων. Φαίδων,"No. 1. Euthyphro, Apology of Socrates, Crito, Phaedo",,3.20,,
1904,IMG_1387.jpeg,Έλληνες Συγγραφεῖς,Greek Authors,,ΟΜΗΡΟΣ,Homer,Ἰλιάς,Iliad,Τόμ. 2,9.—,,
1904,IMG_1387.jpeg,Έλληνες Συγγραφεῖς,Greek Authors,,ΠΛΩΤΙΝΟΣ,Plotinus,Τὰ Σῳζόμενα,Surviving Works (Enneads),Τόμ. 2,80.—,,
1904,IMG_1387.jpeg,Έλληνες Συγγραφεῖς,Greek Authors,,ΑΡΡΙΑΝΟΣ,Arrian,Ἰνδική,Indica,,3.20,,
1904,IMG_1387.jpeg,Έλληνες Συγγραφεῖς,Greek Authors,,ΑΡΧΙΜΗΔΗΣ,Archimedes,Ἅπαντα,Complete Works,Τόμ. 3,108.—,,
1904,IMG_1387.jpeg,Έλληνες Συγγραφεῖς,Greek Authors,ΑΡΙΣΤΟΤΕΛΗΣ,Αριστοτέλης,Aristotle,Περὶ Ψυχῆς,On the Soul (De Anima),,7.20,,
1904,IMG_1387.jpeg,Έλληνες Συγγραφεῖς,Greek Authors,ΑΡΙΣΤΟΤΕΛΗΣ,Αριστοτέλης,Aristotle,Ἠθικὰ Εὐδήμια,Eudemian Ethics,,11.—,,
1904,IMG_1387.jpeg,Έλληνες Συγγραφεῖς,Greek Authors,ΑΡΙΣΤΟΤΕΛΗΣ,Αριστοτέλης,Aristotle,Τέχνη Ῥητορική,Rhetoric,,21.20,,
1904,IMG_1387.jpeg,Έλληνες Συγγραφεῖς,Greek Authors,ΑΡΙΣΤΟΤΕΛΗΣ,Αριστοτέλης,Aristotle,Μεταφυσικά,Metaphysics,,15.—,,
1904,IMG_1387.jpeg,Έλληνες Συγγραφεῖς,Greek Authors,ΑΡΙΣΤΟΤΕΛΗΣ,Αριστοτέλης,Aristotle,Ἠθικὰ Μεγάλα,Magna Moralia,,7.20,,
1904,IMG_1387.jpeg,Έλληνες Συγγραφεῖς,Greek Authors,ΑΡΙΣΤΟΤΕΛΗΣ,Αριστοτέλης,Aristotle,Οἰκονομικά,Economics,,9.—,,
1904,IMG_1387.jpeg,Έλληνες Συγγραφεῖς,Greek Authors,ΑΡΙΣΤΟΤΕΛΗΣ,Αριστοτέλης,Aristotle,Ἀθηναίων Πολιτεία,Constitution of the Athenians,,14.—,,
1904,IMG_1387.jpeg,Έλληνες Συγγραφεῖς,Greek Authors,,ΑΡΙΣΤΟΦΑΝΗΣ,Aristophanes,Κωμῳδίαι,Comedies,Τόμ. 2,11.—,,
1904,IMG_1387.jpeg,Έλληνες Συγγραφεῖς,Greek Authors,,ΑΡΡΙΑΝΟΣ,Arrian,Ἀνάβασις Ἀλεξάνδρου,Anabasis of Alexander,,8.20,,
1904,IMG_1387.jpeg,Έλληνες Συγγραφεῖς,Greek Authors,ΑΡΙΣΤΟΤΕΛΗΣ,Αριστοτέλης,Aristotle,Ἀποσπάσματα,Fragments,,27.—,,
1904,IMG_1388.jpeg,Έλληνες Συγγραφεῖς,Greek Authors,Γ' ΕΚΔΟΣΕΙΣ ΔΙΑΦΟΡΟΙ,ΑΡΡΙΑΝΟΣ,Arrian,Ἀνάβασις Ἀλεξάνδρου. Τόμ. Β',Anabasis of Alexander. Vol. B,"8ov, σελ. VII–500",20.—,,ἐκδ. Ἰο. Επ. Εἰlendt 1832 δεμ.
1904,IMG_1388.jpeg,Έλληνες Συγγραφεῖς,Greek Authors,Γ' ΕΚΔΟΣΕΙΣ ΔΙΑΦΟΡΟΙ,ΞΕΝΟΦΩΝ,Xenophon,"Ἑλληνικά, ἐκδ. δρ.-Βλαντῆ","Hellenica, ed. Dr. Vlantis","8ov, σελίδες 576",15.—,,
1904,IMG_1388.jpeg,Έλληνες Συγγραφεῖς,Greek Authors,Γ' ΕΚΔΟΣΕΙΣ ΔΙΑΦΟΡΟΙ,ΛΟΥΚΙΑΝΟΣ,Lucian,"Χάρων ἢ Ἐπισκοποῦντες, ὑπὸ Α. Κ. Χούρη","Charon or Inspectors, by A. K. Chouris","32ov, σ. 32",1.—,,
1904,IMG_1388.jpeg,Έλληνες Συγγραφεῖς,Greek Authors,Γ' ΕΚΔΟΣΕΙΣ ΔΙΑΦΟΡΟΙ,ΘΕΟΚΡΙΤΟΣ,Theocritus,"Εἰδύλλια, Ἐπιγράμματα καὶ Λείψανα. Les Idylles de Théocrite, suivies de ses inscriptions, traduites en vers français, par Firmin Didot","Idylls, Epigrams and Fragments. The Idylls of Theocritus...","8ov, σελ. XLVII–501",40.—,,δεδεμ.
1904,IMG_1388.jpeg,Έλληνες Συγγραφεῖς,Greek Authors,Γ' ΕΚΔΟΣΕΙΣ ΔΙΑΦΟΡΟΙ,ΗΡΩΔΙΑΝΟΣ,Herodian,"Τῆς μετὰ Μάρκον βασιλείας Ἱστοριῶν, βιβλία ὀκτώ, ἤδη τρίτον ἐκδοθέντα καὶ ἐπιμελῶς διορθωθέντα παρὰ Σπυρίδωνος Βλαντῆ, εἰς ὀκτάτομον καὶ Ἐπίκτητου Ἐγχειρίδιον","History of the Empire after Marcus, eight books... and Epictetus Enchiridion",σελίδες 316,20.—,,1803
1904,IMG_1388.jpeg,Έλληνες Συγγραφεῖς,Greek Authors,Γ' ΕΚΔΟΣΕΙΣ ΔΙΑΦΟΡΟΙ,ΕΥΡΙΠΙΔΗΣ,Euripides,Τραγῳδίαι. Τόμος Γ',Tragedies. Volume C,"8ov, σελ. 380",20.—,,"ἐκδ. Λειψίας, 1841 δεμ."
1904,IMG_1388.jpeg,Έλληνες Συγγραφεῖς,Greek Authors,Γ' ΕΚΔΟΣΕΙΣ ΔΙΑΦΟΡΟΙ,ΕΠΙΚΤΗΤΟΣ,Epictetus,"Ἐγχειρίδιον Βίου Θεραπεία τοῦ Δημοφίλου, Ἑρμοῦ τοῦ Τρισμεγίστου Ποιμάνδρης","Enchiridion, Life Remedy of Demophilus, Hermes Trismegistus Poimandres","8ov, σελ. 40",3.—,,
1904,IMG_1388.jpeg,Έλληνες Συγγραφεῖς,Greek Authors,Γ' ΕΚΔΟΣΕΙΣ ΔΙΑΦΟΡΟΙ,ΔΗΜΟΣΘΕΝΗΣ,Demosthenes,"Ὀλυνθιακοὶ καὶ Φιλιππικός Α', κατὰ τὸ κείμενον τῆς Λειψίας","Olynthiacs and First Philippic, according to the Leipzig text",σελ. 48,1.20,,μετ' εἰσαγωγῆς
1904,IMG_1388.jpeg,Έλληνες Συγγραφεῖς,Greek Authors,Γ' ΕΚΔΟΣΕΙΣ ΔΙΑΦΟΡΟΙ,ΔΗΜΟΣΘΕΝΗΣ,Demosthenes,Περὶ τοῦ στεφάνου,On the Crown,"8ov, σελίδες 107",5.—,,
1904,IMG_1388.jpeg,Έλληνες Συγγραφεῖς,Greek Authors,Ε' ΕΚΔΟΣΕΙΣ ΜΠΑΡΤ,ΟΜΗΡΟΣ,Homer,"Ἰλιάδος Η, Θ, Ι","Iliad H, Th, I",,1.20,,
1904,IMG_1388.jpeg,Έλληνες Συγγραφεῖς,Greek Authors,ΔΕΠΑΣΤΑ-ΣΦΥΡΑ-ΓΕΡΑΡΔΟΥ,ΣΟΦΟΚΛΗΣ,Sophocles,Ἀντιγόνη,Antigone,,1.20,,
1904,IMG_1388.jpeg,Έλληνες Συγγραφεῖς,Greek Authors,ΔΕΠΑΣΤΑ-ΣΦΥΡΑ-ΓΕΡΑΡΔΟΥ,ΠΛΑΤΩΝ,Plato,Γοργίας,Gorgias,,3.—,,
1904,IMG_1388.jpeg,Έλληνες Συγγραφεῖς,Greek Authors,Ε' ΕΚΔΟΣΕΙΣ ΜΠΑΡΤ,ΟΜΗΡΟΣ,Homer,"Ὀδυσσείας Δ, Ε, Ζ","Odyssey D, E, F",,1.20,,
1904,IMG_1388.jpeg,Έλληνες Συγγραφεῖς,Greek Authors,Ε' ΕΚΔΟΣΕΙΣ ΜΠΑΡΤ,ΟΜΗΡΟΣ,Homer,"Ὀδυσσείας Α, Β, Γ","Odyssey A, B, C",,1.20,,
1904,IMG_1388.jpeg,Έλληνες Συγγραφεῖς,Greek Authors,Γ' ΕΚΔΟΣΕΙΣ ΔΙΑΦΟΡΟΙ,ΠΛΑΤΩΝ,Plato,"Ἀπολογία Σωκράτους, ἐκδ. δρ.-Βλαντῆ","Apology of Socrates, ed. Dr. Vlantis",σελίδες 29,1.20,,
1904,IMG_1388.jpeg,Έλληνες Συγγραφεῖς,Greek Authors,Ε' ΕΚΔΟΣΕΙΣ ΜΠΑΡΤ,ΟΜΗΡΟΣ,Homer,"Ἰλιάδος Δ, Ε, Ζ","Iliad D, E, F",,1.20,,
1904,IMG_1388.jpeg,Έλληνες Συγγραφεῖς,Greek Authors,Ε' ΕΚΔΟΣΕΙΣ ΜΠΑΡΤ,ΟΜΗΡΟΣ,Homer,"Ἰλιάδος Α, Β, Γ","Iliad A, B, C",,1.20,,
1904,IMG_1388.jpeg,Έλληνες Συγγραφεῖς,Greek Authors,Ε' ΕΚΔΟΣΕΙΣ ΜΠΑΡΤ,ΞΕΝΟΦΩΝ,Xenophon,"Κύρου Ἀνάβασις Γ', Δ'","Anabasis of Cyrus III, IV",,1.20,,
1904,IMG_1388.jpeg,Έλληνες Συγγραφεῖς,Greek Authors,Ε' ΕΚΔΟΣΕΙΣ ΜΠΑΡΤ,ΞΕΝΟΦΩΝ,Xenophon,"Κύρου Ἀνάβασις Α', Β'","Anabasis of Cyrus I, II",,1.20,,
1904,IMG_1388.jpeg,Έλληνες Συγγραφεῖς,Greek Authors,Ε' ΕΚΔΟΣΕΙΣ ΜΠΑΡΤ,ΞΕΝΟΦΩΝ,Xenophon,"Κύρου Ἀνάβασις Α', Β', Γ'","Anabasis of Cyrus I, II, III",,2.20,,
1904,IMG_1388.jpeg,Έλληνες Συγγραφεῖς,Greek Authors,Γ' ΕΚΔΟΣΕΙΣ ΔΙΑΦΟΡΟΙ,ΑΙΣΧΙΝΗΣ,Aeschines,Κατὰ Κτησιφῶντος,Against Ctesiphon,,3.—,,
1904,IMG_1388.jpeg,Έλληνες Συγγραφεῖς,Greek Authors,Γ' ΕΚΔΟΣΕΙΣ ΔΙΑΦΟΡΟΙ,ΠΛΑΤΩΝ,Plato,"Γοργίας, ἐκδ. ἄριστη Κατασταθέντων ἀνδρῶν Κορνηλίου","Gorgias, fine ed. by Cornelius",σελ 135,5.—,,
1904,IMG_1388.jpeg,Έλληνες Συγγραφεῖς,Greek Authors,Γ' ΕΚΔΟΣΕΙΣ ΔΙΑΦΟΡΟΙ,ΠΛΟΥΤΑΡΧΟΣ,Plutarch,"Ἀνάγνωσμα, ὑπὸ Δ. Π. Πητροπούλου","Reading, by D. P. Pitropoulos",σελ. 179,3.—,,
1904,IMG_1388.jpeg,Έλληνες Συγγραφεῖς,Greek Authors,Γ' ΕΚΔΟΣΕΙΣ ΔΙΑΦΟΡΟΙ,ΠΛΟΥΤΑΡΧΟΣ,Plutarch,"Νικίας, Δίων, Κλεομένης, Ἄγις","Nicias, Dion, Cleomenes, Agis",,3.—,,
1904,IMG_1388.jpeg,Έλληνες Συγγραφεῖς,Greek Authors,Ε' ΕΚΔΟΣΕΙΣ ΜΠΑΡΤ,ΛΥΣΙΑΣ,Lysias,Κατὰ Ἐρατοσθένους καὶ Ἀγοράτου,Against Eratosthenes and Agoratus,,1.20,,
1904,IMG_1388.jpeg,Λατῖνοι Συγγραφεῖς,Latin Authors,Β' ΛΑΤΙΝΟΙ - Α' ΤΗΣ ΕΝ ΛΕΙΨΙΑΙ ΣΤΕΡΕΟΤ. ΕΚΔΟΣΕΩΣ B. G. TEUBNER,CICERO,Cicero,No 9a Actionis in C. Verrem actio sive accusatio,No 9a Second Action against C. Verres or Accusation,,11.—,,
1904,IMG_1388.jpeg,Λατῖνοι Συγγραφεῖς,Latin Authors,Β' ΛΑΤΙΝΟΙ - Α' ΤΗΣ ΕΝ ΛΕΙΨΙΑΙ ΣΤΕΡΕΟΤ. ΕΚΔΟΣΕΩΣ B. G. TEUBNER,CICERO,Cicero,No 8 Divinatio in Caecilium et actio in Verrem I,No 8 Divination against Caecilius and First Action against Verres,,4.20,,
1904,IMG_1388.jpeg,Λατῖνοι Συγγραφεῖς,Latin Authors,Β' ΛΑΤΙΝΟΙ - Α' ΤΗΣ ΕΝ ΛΕΙΨΙΑΙ ΣΤΕΡΕΟΤ. ΕΚΔΟΣΕΩΣ B. G. TEUBNER,CICERO,Cicero,"No 7 Orationes pro Quinctio, Sex. Roscio Amerino, Roscio Comoedo","No 7 Speeches for Quinctius, Sextus Roscius of Ameria, Roscius the Comedian",,5.—,,
1904,IMG_1388.jpeg,Λατῖνοι Συγγραφεῖς,Latin Authors,Β' ΛΑΤΙΝΟΙ - Α' ΤΗΣ ΕΝ ΛΕΙΨΙΑΙ ΣΤΕΡΕΟΤ. ΕΚΔΟΣΕΩΣ B. G. TEUBNER,CICERO,Cicero,"No 6 Topica, partitiones et de genere oratorio","No 6 Topics, Partitions and On the Oratorical Genre",,4.—,,
1904,IMG_1388.jpeg,Λατῖνοι Συγγραφεῖς,Latin Authors,Β' ΛΑΤΙΝΟΙ - Α' ΤΗΣ ΕΝ ΛΕΙΨΙΑΙ ΣΤΕΡΕΟΤ. ΕΚΔΟΣΕΩΣ B. G. TEUBNER,CICERO,Cicero,No 5 Orator,No 5 Orator,,4.—,,
1904,IMG_1388.jpeg,Λατῖνοι Συγγραφεῖς,Latin Authors,Β' ΛΑΤΙΝΟΙ - Α' ΤΗΣ ΕΝ ΛΕΙΨΙΑΙ ΣΤΕΡΕΟΤ. ΕΚΔΟΣΕΩΣ B. G. TEUBNER,CICERO,Cicero,No 4 Brutus,No 4 Brutus,,5.—,,
1904,IMG_1388.jpeg,Λατῖνοι Συγγραφεῖς,Latin Authors,Β' ΛΑΤΙΝΟΙ - Α' ΤΗΣ ΕΝ ΛΕΙΨΙΑΙ ΣΤΕΡΕΟΤ. ΕΚΔΟΣΕΩΣ B. G. TEUBNER,CICERO,Cicero,No 3 De oratore,No 3 On the Orator,,6.—,,
1904,IMG_1388.jpeg,Λατῖνοι Συγγραφεῖς,Latin Authors,Β' ΛΑΤΙΝΟΙ - Α' ΤΗΣ ΕΝ ΛΕΙΨΙΑΙ ΣΤΕΡΕΟΤ. ΕΚΔΟΣΕΩΣ B. G. TEUBNER,CICERO,Cicero,No 2 De inventione,No 2 On Invention,,4.20,,
1904,IMG_1388.jpeg,Έλληνες Συγγραφεῖς,Greek Authors,Γ' ΕΚΔΟΣΕΙΣ ΔΙΑΦΟΡΟΙ,ΠΛΟΥΤΑΡΧΟΣ,Plutarch,Ἄρατος,Aratus,"8ov, σελ. 104",3.—,,
1904,IMG_1388.jpeg,Λατῖνοι Συγγραφεῖς,Latin Authors,Β' ΛΑΤΙΝΟΙ - Α' ΤΗΣ ΕΝ ΛΕΙΨΙΑΙ ΣΤΕΡΕΟΤ. ΕΚΔΟΣΕΩΣ B. G. TEUBNER,CICERO,Cicero,No 1 Rhetorica ad Herennium,No 1 Rhetoric to Herennius,,4.20,,
1904,IMG_1388.jpeg,Λατῖνοι Συγγραφεῖς,Latin Authors,Β' ΛΑΤΙΝΟΙ - Α' ΤΗΣ ΕΝ ΛΕΙΨΙΑΙ ΣΤΕΡΕΟΤ. ΕΚΔΟΣΕΩΣ B. G. TEUBNER,CELSUS,Celsus,De medicinis libri octo,On Medicine in Eight Books,,18.—,,
1904,IMG_1388.jpeg,Λατῖνοι Συγγραφεῖς,Latin Authors,Β' ΛΑΤΙΝΟΙ - Α' ΤΗΣ ΕΝ ΛΕΙΨΙΑΙ ΣΤΕΡΕΟΤ. ΕΚΔΟΣΕΩΣ B. G. TEUBNER,CAESAR,Caesar,De bello civili,On the Civil War,,4.—,,
1904,IMG_1388.jpeg,Λατῖνοι Συγγραφεῖς,Latin Authors,Β' ΛΑΤΙΝΟΙ - Α' ΤΗΣ ΕΝ ΛΕΙΨΙΑΙ ΣΤΕΡΕΟΤ. ΕΚΔΟΣΕΩΣ B. G. TEUBNER,CAESAR,Caesar,De bello gallico,On the Gallic War,,5.—,,
1904,IMG_1388.jpeg,Λατῖνοι Συγγραφεῖς,Latin Authors,Β' ΛΑΤΙΝΟΙ - Α' ΤΗΣ ΕΝ ΛΕΙΨΙΑΙ ΣΤΕΡΕΟΤ. ΕΚΔΟΣΕΩΣ B. G. TEUBNER,CAESAR,Caesar,"Commentarii, cum supplementis","Commentaries, with supplements",,9.—,,
1904,IMG_1388.jpeg,Λατῖνοι Συγγραφεῖς,Latin Authors,Β' ΛΑΤΙΝΟΙ - Α' ΤΗΣ ΕΝ ΛΕΙΨΙΑΙ ΣΤΕΡΕΟΤ. ΕΚΔΟΣΕΩΣ B. G. TEUBNER,,,Anthologia Latina. Τόμ. 2,Latin Anthology. Vol. 2,,50.—,,
1904,IMG_1388.jpeg,Έλληνες Συγγραφεῖς,Greek Authors,Γ' ΕΚΔΟΣΕΙΣ ΔΙΑΦΟΡΟΙ,ΠΛΟΥΤΑΡΧΟΣ,Plutarch,Σωζόμενα ἐκ τῶν ποιημάτων τοῦ Ἁγίου Κυρίλλου,Extant works from the poems of Saint Cyril,,3.—,,
1904,IMG_1388.jpeg,Έλληνες Συγγραφεῖς,Greek Authors,Γ' ΕΚΔΟΣΕΙΣ ΔΙΑΦΟΡΟΙ,ΠΛΟΥΤΑΡΧΟΣ,Plutarch,Β. Νάκη,V. Nakis,σελ. 163,3.—,,
1904,IMG_1388.jpeg,Έλληνες Συγγραφεῖς,Greek Authors,Γ' ΕΚΔΟΣΕΙΣ ΔΙΑΦΟΡΟΙ,ΠΛΟΥΤΑΡΧΟΣ,Plutarch,Χαρμίδης,Charmides,"8ov, σελ. 273",10.—,,
1904,IMG_1388.jpeg,Έλληνες Συγγραφεῖς,Greek Authors,Γ' ΕΚΔΟΣΕΙΣ ΔΙΑΦΟΡΟΙ,ΠΛΟΥΤΑΡΧΟΣ,Plutarch,Βίοι. Γράκχος. Τεῦχ. 2,Lives. Gracchus. Issue 2,8ov,7.—,,
1904,IMG_1388.jpeg,Λατῖνοι Συγγραφεῖς,Latin Authors,Β' ΛΑΤΙΝΟΙ - Α' ΤΗΣ ΕΝ ΛΕΙΨΙΑΙ ΣΤΕΡΕΟΤ. ΕΚΔΟΣΕΩΣ B. G. TEUBNER,CICERO,Cicero,Scripta Omnia. Τόμ. 11,Complete Works. Vol. 11,,162.—,,
1904,IMG_1388.jpeg,Έλληνες Συγγραφεῖς,Greek Authors,Ε' ΕΚΔΟΣΕΙΣ ΜΠΑΡΤ,ΛΥΚΟΥΡΓΟΣ,Lycurgus,Κατὰ Λεωκράτους,Against Leocrates,,2.—,,
1904,IMG_1388.jpeg,Έλληνες Συγγραφεῖς,Greek Authors,Δ' ΕΚΔΟΣΕΙΣ ΕΥΑΓΓΕΛΟΥ ΚΟΦΙΝΙΩΤΟΥ,ΣΟΦΟΚΛΗΣ,Sophocles,"Τραγῳδίαι. Τόμος Α' α' Αἴας, Ἠλέκτρα","Tragedies. Volume A' a' Ajax, Electra",,5.—,,
1904,IMG_1388.jpeg,Έλληνες Συγγραφεῖς,Greek Authors,Ε' ΕΚΔΟΣΕΙΣ ΜΠΑΡΤ,ΙΣΟΚΡΑΤΗΣ,Isocrates,Πανηγυρικός,Panegyricus,,2.20,,
1904,IMG_1388.jpeg,Έλληνες Συγγραφεῖς,Greek Authors,Γ' ΤΗΣ ΕΝ ΛΕΙΨΙΑΙ ΣΤΕΡΕΟΤ. ΕΚΔΟΣΕΩΣ TAUCHNITZ,ΠΛΟΥΤΑΡΧΟΣ,Plutarch,Τόμοι 5 εἰς 1 δεδεμ.,5 Volumes bound in 1,,50.—,,
1904,IMG_1388.jpeg,Έλληνες Συγγραφεῖς,Greek Authors,Γ' ΤΗΣ ΕΝ ΛΕΙΨΙΑΙ ΣΤΕΡΕΟΤ. ΕΚΔΟΣΕΩΣ TAUCHNITZ,ΠΛΑΤΩΝ,Plato,"Ἀριθ. 5 Συμπόσιον, Φαῖδρος","No 5 Symposium, Phaedrus",8ov,4.—,,
1904,IMG_1388.jpeg,Έλληνες Συγγραφεῖς,Greek Authors,Γ' ΤΗΣ ΕΝ ΛΕΙΨΙΑΙ ΣΤΕΡΕΟΤ. ΕΚΔΟΣΕΩΣ TAUCHNITZ,ΠΛΑΤΩΝ,Plato,"Ἀριθ. 1 Εὐθύφρων, Ἀπολογία, Κρίτων, Φαίδων","No 1 Euthyphro, Apology, Crito, Phaedo",8ov,6.—,,
1904,IMG_1388.jpeg,Έλληνες Συγγραφεῖς,Greek Authors,Γ' ΤΗΣ ΕΝ ΛΕΙΨΙΑΙ ΣΤΕΡΕΟΤ. ΕΚΔΟΣΕΩΣ TAUCHNITZ,ΟΜΗΡΟΣ,Homer,Ὀδύσσεια,Odyssey,8ov,9.—,,
1904,IMG_1388.jpeg,Έλληνες Συγγραφεῖς,Greek Authors,Γ' ΤΗΣ ΕΝ ΛΕΙΨΙΑΙ ΣΤΕΡΕΟΤ. ΕΚΔΟΣΕΩΣ TAUCHNITZ,ΟΜΗΡΟΣ,Homer,Ὀδύσσεια. Τόμ. 2 εἰς 1 δεδεμ.,Odyssey. 2 Vols in 1 bound,,10.—,,
1904,IMG_1388.jpeg,Έλληνες Συγγραφεῖς,Greek Authors,Γ' ΤΗΣ ΕΝ ΛΕΙΨΙΑΙ ΣΤΕΡΕΟΤ. ΕΚΔΟΣΕΩΣ TAUCHNITZ,ΟΜΗΡΟΣ,Homer,"Ἰλιάς, τόμοι 2","Iliad, 2 volumes",8ov,40.—,,
1904,IMG_1388.jpeg,Έλληνες Συγγραφεῖς,Greek Authors,Γ' ΤΗΣ ΕΝ ΛΕΙΨΙΑΙ ΣΤΕΡΕΟΤ. ΕΚΔΟΣΕΩΣ TAUCHNITZ,ΞΕΝΟΦΩΝ,Xenophon,Πολιτικὰ,Politics,,17.—,,
1904,IMG_1388.jpeg,Έλληνες Συγγραφεῖς,Greek Authors,Γ' ΤΗΣ ΕΝ ΛΕΙΨΙΑΙ ΣΤΕΡΕΟΤ. ΕΚΔΟΣΕΩΣ TAUCHNITZ,ΗΡΟΔΟΤΟΣ,Herodotus,Τόμοι 2,2 Volumes,8ov,15.—,,
1904,IMG_1388.jpeg,Έλληνες Συγγραφεῖς,Greek Authors,Γ' ΤΗΣ ΕΝ ΛΕΙΨΙΑΙ ΣΤΕΡΕΟΤ. ΕΚΔΟΣΕΩΣ TAUCHNITZ,ΗΡΟΔΟΤΟΣ,Herodotus,Τόμοι 2,2 Volumes,8ov,20.—,,
1904,IMG_1388.jpeg,Έλληνες Συγγραφεῖς,Greek Authors,Γ' ΤΗΣ ΕΝ ΛΕΙΨΙΑΙ ΣΤΕΡΕΟΤ. ΕΚΔΟΣΕΩΣ TAUCHNITZ,ΕΥΡΙΠΙΔΗΣ,Euripides,Τόμοι 4 δεδ. εἰς 2 τόμ.,4 Volumes bound in 2 vols,,25.—,,
1904,IMG_1388.jpeg,Έλληνες Συγγραφεῖς,Greek Authors,Γ' ΤΗΣ ΕΝ ΛΕΙΨΙΑΙ ΣΤΕΡΕΟΤ. ΕΚΔΟΣΕΩΣ TAUCHNITZ,,,Ἑλληνικὴ Ἀνθολογία. Ἐπιγράμματα. Τόμοι 3,Greek Anthology. Epigrams. 3 Volumes,,50.—,,
1904,IMG_1388.jpeg,Έλληνες Συγγραφεῖς,Greek Authors,Γ' ΤΗΣ ΕΝ ΛΕΙΨΙΑΙ ΣΤΕΡΕΟΤ. ΕΚΔΟΣΕΩΣ TAUCHNITZ,ΦΙΛΟΣΤΡΑΤΟΣ,Philostratus,Τόμ. 2,Vol. 2,,13.—,,
1904,IMG_1388.jpeg,Έλληνες Συγγραφεῖς,Greek Authors,Γ' ΤΗΣ ΕΝ ΛΕΙΨΙΑΙ ΣΤΕΡΕΟΤ. ΕΚΔΟΣΕΩΣ TAUCHNITZ,ΥΠΕΡΕΙΔΗΣ,Hypereides,Λόγοι καὶ Ἀποσπάσματα,Speeches and Fragments,,4.—,,
1904,IMG_1388.jpeg,Έλληνες Συγγραφεῖς,Greek Authors,Γ' ΤΗΣ ΕΝ ΛΕΙΨΙΑΙ ΣΤΕΡΕΟΤ. ΕΚΔΟΣΕΩΣ TAUCHNITZ,ΣΥΜΕΩΝ ΣΗΘ,Symeon Seth,Σύνταγμα,Syntagma,,11.—,,
1904,IMG_1388.jpeg,Έλληνες Συγγραφεῖς,Greek Authors,Γ' ΤΗΣ ΕΝ ΛΕΙΨΙΑΙ ΣΤΕΡΕΟΤ. ΕΚΔΟΣΕΩΣ TAUCHNITZ,ΣΤΡΑΒΩΝ,Strabo,Γεωγραφικά. Τόμ. 3,Geography. Vol. 3,,36.—,,
1904,IMG_1388.jpeg,Έλληνες Συγγραφεῖς,Greek Authors,Γ' ΤΗΣ ΕΝ ΛΕΙΨΙΑΙ ΣΤΕΡΕΟΤ. ΕΚΔΟΣΕΩΣ TAUCHNITZ,ΣΤΟΒΑΙΟΣ Ι.,Stobaeus J.,Ἔκλογαὶ Φυσικαὶ καὶ Ἠθικαί. Τόμ. 2,Physical and Moral Selections. Vol. 2,,36.—,,
1904,IMG_1388.jpeg,Έλληνες Συγγραφεῖς,Greek Authors,Γ' ΤΗΣ ΕΝ ΛΕΙΨΙΑΙ ΣΤΕΡΕΟΤ. ΕΚΔΟΣΕΩΣ TAUCHNITZ,ΣΤΟΒΑΙΟΣ Ι.,Stobaeus J.,Ἀνθολόγιον. Τόμ. 4,Anthology. Vol. 4,,50.—,,
1904,IMG_1388.jpeg,Έλληνες Συγγραφεῖς,Greek Authors,Γ' ΤΗΣ ΕΝ ΛΕΙΨΙΑΙ ΣΤΕΡΕΟΤ. ΕΚΔΟΣΕΩΣ TAUCHNITZ,ΣΟΦΟΚΛΗΣ,Sophocles,Τραγῳδίαι,Tragedies,,9.—,,
1904,IMG_1388.jpeg,Έλληνες Συγγραφεῖς,Greek Authors,Γ' ΤΗΣ ΕΝ ΛΕΙΨΙΑΙ ΣΤΕΡΕΟΤ. ΕΚΔΟΣΕΩΣ TAUCHNITZ,,,Ρωμαϊκοὶ Μῦθοι. Τόμ. Α',Roman Myths. Vol. A,,25.—,,
1904,IMG_1388.jpeg,Έλληνες Συγγραφεῖς,Greek Authors,Γ' ΤΗΣ ΕΝ ΛΕΙΨΙΑΙ ΣΤΕΡΕΟΤ. ΕΚΔΟΣΕΩΣ TAUCHNITZ,ΣΟΦΟΚΛΗΣ,Sophocles,δεδεμ.,bound,,10.—,,
1904,IMG_1388.jpeg,Έλληνες Συγγραφεῖς,Greek Authors,Γ' ΤΗΣ ΕΝ ΛΕΙΨΙΑΙ ΣΤΕΡΕΟΤ. ΕΚΔΟΣΕΩΣ TAUCHNITZ,ΣΟΦΟΚΛΗΣ,Sophocles,Ἔργα,Works,8ov,9.—,,
1904,IMG_1388.jpeg,Έλληνες Συγγραφεῖς,Greek Authors,Γ' ΤΗΣ ΕΝ ΛΕΙΨΙΑΙ ΣΤΕΡΕΟΤ. ΕΚΔΟΣΕΩΣ TAUCHNITZ,ΑΡΙΣΤΟΦΑΝΗΣ,Aristophanes,Κωμῳδίαι. Τόμ. 3,Comedies. Vol. 3,,15.—,,
1904,IMG_1388.jpeg,Έλληνες Συγγραφεῖς,Greek Authors,Γ' ΤΗΣ ΕΝ ΛΕΙΨΙΑΙ ΣΤΕΡΕΟΤ. ΕΚΔΟΣΕΩΣ TAUCHNITZ,ΧΡΥΣΟΣΤΟΜΟΣ,Chrysostom,Περὶ Ἱερωσύνης,On Priesthood,8ov,5.—,,
1904,IMG_1388.jpeg,Έλληνες Συγγραφεῖς,Greek Authors,Γ' ΤΗΣ ΕΝ ΛΕΙΨΙΑΙ ΣΤΕΡΕΟΤ. ΕΚΔΟΣΕΩΣ TAUCHNITZ,ΦΙΛΩΝ ΙΟΥΔΑΙΟΣ,Philo Judaeus,Ἅπαντα. Τόμοι 8 δεδεμ. εἰς 4 τόμ.,Complete Works. 8 Volumes bound in 4 vols,,120.—,,
1904,IMG_1388.jpeg,Έλληνες Συγγραφεῖς,Greek Authors,Ε' ΕΚΔΟΣΕΙΣ ΜΠΑΡΤ,ΔΗΜΟΣΘΕΝΗΣ,Demosthenes,Ἐπιτάφιος καὶ Ἐρωτικός,Funeral Oration and Erotic Essay,,2.20,,
1904,IMG_1388.jpeg,Έλληνες Συγγραφεῖς,Greek Authors,Ε' ΕΚΔΟΣΕΙΣ ΜΠΑΡΤ,ΔΗΜΟΣΘΕΝΗΣ,Demosthenes,Συναμφότεροι,Both Together,,2.20,,
1904,IMG_1388.jpeg,Έλληνες Συγγραφεῖς,Greek Authors,Ε' ΕΚΔΟΣΕΙΣ ΜΠΑΡΤ,ΔΗΜΟΣΘΕΝΗΣ,Demosthenes,Ὀλυνθιακοὶ καὶ Α' Φιλιππικός,Olynthiacs and First Philippic,,1.20,,
1904,IMG_1388.jpeg,Έλληνες Συγγραφεῖς,Greek Authors,Ε' ΕΚΔΟΣΕΙΣ ΜΠΑΡΤ,ΑΡΡΙΑΝΟΣ,Arrian,Ἀνάβασις Ἀλεξάνδρου Γ',Anabasis of Alexander III,,1.20,,
1904,IMG_1388.jpeg,Έλληνες Συγγραφεῖς,Greek Authors,Ε' ΕΚΔΟΣΕΙΣ ΜΠΑΡΤ,ΑΡΙΣΤΟΤΕΛΗΣ,Aristotle,Πολιτεία Ἀθηναίων. Κεφ. 1-41,Constitution of the Athenians. Ch. 1-41,,2.20,,
1904,IMG_1388.jpeg,Έλληνες Συγγραφεῖς,Greek Authors,Δ' ΕΚΔΟΣΕΙΣ ΕΥΑΓΓΕΛΟΥ ΚΟΦΙΝΙΩΤΟΥ,ΣΟΦΟΚΛΗΣ,Sophocles,"Τραγῳδίαι. Τόμος Α' β' Ἀντιγόνη, Οἰδίπους Τύραννος καὶ Φιλοκτήτης","Tragedies. Volume A' b' Antigone, Oedipus Rex and Philoctetes",,5.—,,
1904,IMG_1388.jpeg,Έλληνες Συγγραφεῖς,Greek Authors,Ε' ΕΚΔΟΣΕΙΣ ΜΠΑΡΤ,ΙΣΟΚΡΑΤΗΣ,Isocrates,Ἀρχίδαμος καὶ περὶ Εἰρήνης,Archidamus and On Peace,,2.20,,
1904,IMG_1388.jpeg,Έλληνες Συγγραφεῖς,Greek Authors,Δ' ΕΚΔΟΣΕΙΣ ΕΥΑΓΓΕΛΟΥ ΚΟΦΙΝΙΩΤΟΥ,ΠΑΥΣΑΝΙΑΣ,Pausanias,Ἀχαϊκά,Achaica,,4.—,,
1904,IMG_1388.jpeg,Έλληνες Συγγραφεῖς,Greek Authors,Δ' ΕΚΔΟΣΕΙΣ ΕΥΑΓΓΕΛΟΥ ΚΟΦΙΝΙΩΤΟΥ,ΠΑΥΣΑΝΙΑΣ,Pausanias,Ἀττικά,Attica,,4.—,,
1904,IMG_1388.jpeg,Έλληνες Συγγραφεῖς,Greek Authors,Ε' ΕΚΔΟΣΕΙΣ ΜΠΑΡΤ,ΑΡΡΙΑΝΟΣ,Arrian,Ἀνάβασις Ἀλεξάνδρου,Anabasis of Alexander,,1.20,,
1904,IMG_1388.jpeg,Έλληνες Συγγραφεῖς,Greek Authors,Δ' ΕΚΔΟΣΕΙΣ ΕΥΑΓΓΕΛΟΥ ΚΟΦΙΝΙΩΤΟΥ,ΟΜΗΡΟΣ,Homer,Ἰλιάς. Μέρος Α' (Ραψ. Α-Ζ),Iliad. Part A (Rhapsodies A-Z),,3.20,,
1904,IMG_1388.jpeg,Έλληνες Συγγραφεῖς,Greek Authors,Δ' ΕΚΔΟΣΕΙΣ ΕΥΑΓΓΕΛΟΥ ΚΟΦΙΝΙΩΤΟΥ,ΟΜΗΡΟΣ,Homer,Ὀδύσσεια (Ραψ. Α-Μ),Odyssey (Rhapsodies A-M),,3.20,,
1904,IMG_1388.jpeg,Έλληνες Συγγραφεῖς,Greek Authors,Δ' ΕΚΔΟΣΕΙΣ ΕΥΑΓΓΕΛΟΥ ΚΟΦΙΝΙΩΤΟΥ,ΞΕΝΟΦΩΝ,Xenophon,Κύρου Παιδεία. Μ. Α',Cyropaedia. Part A,,3.20,,
1904,IMG_1388.jpeg,Έλληνες Συγγραφεῖς,Greek Authors,Δ' ΕΚΔΟΣΕΙΣ ΕΥΑΓΓΕΛΟΥ ΚΟΦΙΝΙΩΤΟΥ,ΛΥΣΙΑΣ,Lysias,"Τόμος Α' α'; κατὰ Ἐρατοσθένους, ὁ Δήμου καταλύσεως, ὁ ὑπὲρ Μαντιθέου, ὁ κατὰ Νικομάχου, ὁ ὑπὲρ τῶν Ἀριστοφάνους Χρημάτων, ὁ κατὰ Ἀγοράτου, ὁ ὑπὲρ τοῦ ἀδυνάτου","Volume A' a'; Against Eratosthenes, On the Overthrow of the Democracy, For Mantitheus, Against Nicomachus, On the Property of Aristophanes, Against Agoratus, For the Invalided",,5.—,,
1904,IMG_1388.jpeg,Έλληνες Συγγραφεῖς,Greek Authors,Δ' ΕΚΔΟΣΕΙΣ ΕΥΑΓΓΕΛΟΥ ΚΟΦΙΝΙΩΤΟΥ,ΘΟΥΚΥΔΙΔΗΣ,Thucydides,Τόμος Α' β',Volume A' b',,3.20,,
1904,IMG_1388.jpeg,Έλληνες Συγγραφεῖς,Greek Authors,Δ' ΕΚΔΟΣΕΙΣ ΕΥΑΓΓΕΛΟΥ ΚΟΦΙΝΙΩΤΟΥ,ΘΟΥΚΥΔΙΔΗΣ,Thucydides,Τόμος Α' α',Volume A' a',,3.20,,
1904,IMG_1388.jpeg,Έλληνες Συγγραφεῖς,Greek Authors,Δ' ΕΚΔΟΣΕΙΣ ΕΥΑΓΓΕΛΟΥ ΚΟΦΙΝΙΩΤΟΥ,ΗΡΟΔΟΤΟΣ,Herodotus,"Τόμ. Β', α' (Βιβλ. Ε'-Ζ')","Vol. B, a' (Books E-Z)",,6.20,,
1904,IMG_1388.jpeg,Έλληνες Συγγραφεῖς,Greek Authors,Δ' ΕΚΔΟΣΕΙΣ ΕΥΑΓΓΕΛΟΥ ΚΟΦΙΝΙΩΤΟΥ,ΔΗΜΟΣΘΕΝΗΣ,Demosthenes,"Τόμος Α', α' 1 Ὀλυνθιακοί, οἱ 2 Φιλιππικοί, ὁ περὶ Εἰρήνης, ὁ περὶ Ἁλοννήσου καὶ ὁ περὶ Χερρονήσου","Volume A, a' 1 Olynthiacs, the 2 Philippics, On Peace, On Halonnesus and On Chersonese",,4.—,,
1904,IMG_1388.jpeg,Έλληνες Συγγραφεῖς,Greek Authors,Δ' ΕΚΔΟΣΕΙΣ ΕΥΑΓΓΕΛΟΥ ΚΟΦΙΝΙΩΤΟΥ,ΟΜΗΡΟΣ,Homer,Ἰλιάς. Μέρος Β' (Ραψ. Η-Μ),Iliad. Part B (Rhapsodies H-M),,3.20,,
1904,IMG_1388.jpeg,Έλληνες Συγγραφεῖς,Greek Authors,Δ' ΕΚΔΟΣΕΙΣ ΕΥΑΓΓΕΛΟΥ ΚΟΦΙΝΙΩΤΟΥ,ΑΡΙΣΤΟΤΕΛΗΣ,Aristotle,Ἀθηναίων Πολιτεία,Constitution of the Athenians,,3.—,,
1904,IMG_1389.jpeg,Λατῖνοι Συγγραφεῖς,Latin Authors,,Plinius Secundus,Pliny the Younger,PLINII SECUNDI Epistulae,Pliny the Younger's Letters,,7.20,,
1904,IMG_1389.jpeg,Λατῖνοι Συγγραφεῖς,Latin Authors,,Phaedrus,Phaedrus,PHAEDRUS,Phaedrus,,2.—,,
1904,IMG_1389.jpeg,Λατῖνοι Συγγραφεῖς,Latin Authors,,Ovidius,Ovid,Vol. III. Tristia. Ibis. Ex Ponto libri. Fasti. Halieutica,"Vol. III. Tristia, Ibis, Letters from Pontus, Fasti, Halieutica",,6.—,,
1904,IMG_1389.jpeg,Λατῖνοι Συγγραφεῖς,Latin Authors,,Ovidius,Ovid,Vol. II. Metamorphoses,Vol. II. Metamorphoses,,6.—,,
1904,IMG_1389.jpeg,Λατῖνοι Συγγραφεῖς,Latin Authors,,Ovidius,Ovid,OVIDII P. NASONIS Vol. I. Amores Epistulae. Medicamina faciei. Ars amatoria. Remedia amoris,"P. Ovidius Naso Vol. I: Amores, Epistles, Cosmetics, Art of Love, Cure for Love",,6.—,,
1904,IMG_1389.jpeg,Λατῖνοι Συγγραφεῖς,Latin Authors,,Eutropius,Eutropius,EUTROPII Breviarium historiae romanae,Eutropius' Summary of Roman History,,3.20,,
1904,IMG_1389.jpeg,Λατῖνοι Συγγραφεῖς,Latin Authors,,Justinianus,Justinian,JUSTINIANI Institutiones,Institutes of Justinian,,6.—,,
1904,IMG_1389.jpeg,Λατῖνοι Συγγραφεῖς,Latin Authors,,Aulus Gellius,"Gellius, Aulus",GELLI AULI Noctium Atticarum libri XX,Aulus Gellius Attic Nights 20 books,Τόμ. 2,25.—,,
1904,IMG_1389.jpeg,Λατῖνοι Συγγραφεῖς,Latin Authors,,Quintus Curtius Rufus,"Curtius Rufus, Quintus",CURTII Q. RUFI de gestis Alexandri Magni,Q. Curtius Rufus on the Deeds of Alexander the Great,,7.20,,
1904,IMG_1389.jpeg,Λατῖνοι Συγγραφεῖς,Latin Authors,,Plinius Secundus,Pliny,PLINII SECUNDI quae fertur una cum Gargilii Martialis Medicina,Pliny Secundus together with Gargilius Martialis Medicine,,17.—,,
1904,IMG_1389.jpeg,Λατῖνοι Συγγραφεῖς,Latin Authors,,Cornelius Nepos,"Nepos, Cornelius",CORNELII NEPOTIS De excellentibus ducibus exterarum gentium,Cornelius Nepos On the Eminent Commanders of Foreign Nations,,2.—,,
1904,IMG_1389.jpeg,Λατῖνοι Συγγραφεῖς,Latin Authors,,,,Metrologicorum et scriptorum Reliquiae,Relics of Metrological Writers,Τόμ. 2,32.—,,
1904,IMG_1389.jpeg,Λατῖνοι Συγγραφεῖς,Latin Authors,,Plinius Secundus,Pliny the Elder,PLINII SECUNDI Naturalis Historiae Libri XXIII—XXXII,Pliny the Elder Natural History Books XXIII-XXXII,Τόμ. 2,36.—,,
1904,IMG_1389.jpeg,Λατῖνοι Συγγραφεῖς,Latin Authors,Β΄ ΤΗΣ ΕΝ ΛΕΙΨΙΑΙ ΣΤΕΡΕΟΤ. ΕΚΔΟΣΕΩΣ TAUCHNITZ,Ovidius,Ovid,P. OVIDII NASONIS Opera omnia T. I I X,Complete Works of P. Ovidius Naso Vol. 1-10,,5.—,,
1904,IMG_1389.jpeg,Λατῖνοι Συγγραφεῖς,Latin Authors,,Sallustius,Sallust,SALLUSTI GAI CRISPI de Catilina et de bello Jugurthino,Gaius Sallustius Crispus on Catiline and the Jugurthine War,,36.—,,
1904,IMG_1389.jpeg,Λατῖνοι Συγγραφεῖς,Latin Authors,,Suetonius,Suetonius,"SUETONI Tranquilli, quae supersunt omnia","Suetonius Tranquillus, complete surviving works",,9.—,,
1904,IMG_1389.jpeg,Λατῖνοι Συγγραφεῖς,Latin Authors,,Tacitus,Tacitus,TACITI C. CORNELII Opera,Works of C. Cornelius Tacitus,Τόμ. 2,15.—,,
1904,IMG_1389.jpeg,Λατῖνοι Συγγραφεῖς,Latin Authors,,Titus Livius,Livy,TITI LIVI Ab urbe condita libri CXL,Livy's History of Rome 140 Books,Τόμ. 6,36.—,,
1904,IMG_1389.jpeg,Λατῖνοι Συγγραφεῖς,Latin Authors,,Virgilius,Virgil,VERGILII P. MARONIS Opera omnia,Complete Works of P. Vergilius Maro,,9.—,,
1904,IMG_1389.jpeg,Λατῖνοι Συγγραφεῖς,Latin Authors,,Virgilius,Virgil,Eneis,Aeneid,,6.—,,
1904,IMG_1389.jpeg,Λατῖνοι Συγγραφεῖς,Latin Authors,,Virgilius,Virgil,Bucolica et Georgica,Eclogues and Georgics,,3.—,,
1904,IMG_1389.jpeg,Λατῖνοι Συγγραφεῖς,Latin Authors,Β΄ ΤΗΣ ΕΝ ΛΕΙΨΙΑΙ ΣΤΕΡΕΟΤ. ΕΚΔΟΣΕΩΣ TAUCHNITZ,Cicero,Cicero,CICERONIS Opera. Vol. I,Works of Cicero. Vol. I,8ov,9.—,,
1904,IMG_1389.jpeg,Λατῖνοι Συγγραφεῖς,Latin Authors,Β΄ ΤΗΣ ΕΝ ΛΕΙΨΙΑΙ ΣΤΕΡΕΟΤ. ΕΚΔΟΣΕΩΣ TAUCHNITZ,Cicero,Cicero,CICERONIS Opera N. 13. Orationes,Works of Cicero No. 13 Orations,,3.20,,
1904,IMG_1389.jpeg,Λατῖνοι Συγγραφεῖς,Latin Authors,Γ΄ ΤΗΣ ΕΝ ΑΘΗΝΑΙΣ ΣΤΕΡΕΟΤ. ΕΚΔΟΣΕΩΣ Ε. ΚΟΦΙΝΙΩΤΟΥ,Caesar,Julius Caesar,"CAESARIS De bello civili. Pars I, libri I—II","Caesar's Civil War Part I, Books I-II",,3.20,,
1904,IMG_1389.jpeg,Λατῖνοι Συγγραφεῖς,Latin Authors,Γ΄ ΤΗΣ ΕΝ ΑΘΗΝΑΙΣ ΣΤΕΡΕΟΤ. ΕΚΔΟΣΕΩΣ Ε. ΚΟΦΙΝΙΩΤΟΥ,"Κικέρων, Μάρκος Τύλλιος","Cicero, Marcus Tullius","ΚΙΚΕΡΩΝΟΣ ΜΑΡΚΟΥ ΤΥΛΛΙΟΥ Διάλογος, ἤτοι Περὶ Γήρως",Marcus Tullius Cicero's Dialogue: On Old Age,"8ον, σελ. 39",5.—,,
1904,IMG_1389.jpeg,Λατῖνοι Συγγραφεῖς,Latin Authors,,Cicero,"Cicero, Marcus Tullius","CICERONIS Orationes Selectae XXI. Pars II: Orat. pro Sulla, pro Archia, pro Sestio, pro Plancio, pro Milone, pro Marcello, pro Ligario, pro Deiotaro, Philippicae I, II, XIV",Cicero's Selected Orations XXI. Part II,,5.—,,
1904,IMG_1389.jpeg,Λατῖνοι Συγγραφεῖς,Latin Authors,,Quintilianus,Quintilian,QUINTILIANI M. FABII Institutionis oratoriae Libri XII,M. Fabius Quintilian Institutes of Oratory 12 Books,Τόμ. 2,15.—,,
1904,IMG_1389.jpeg,Λατῖνοι Συγγραφεῖς,Latin Authors,,Cicero,"Cicero, Marcus Tullius","CICERONIS Orationes Selectae XXI. Pars I: Orat. pro Roscio Amerino, in Caecilium, in Verrem te IV et V, pro lege Manilia, in Catilinam, pro Murena",Cicero's Selected Orations XXI. Part I,,5.—,,
1904,IMG_1389.jpeg,Λατῖνοι Συγγραφεῖς,Latin Authors,,Horatius,Horace,HORATII Q. FLACCI Opera omnia,Complete Works of Q. Horatius Flaccus,,5.—,,
1904,IMG_1389.jpeg,Λατῖνοι Συγγραφεῖς,Latin Authors,,Cicero,"Cicero, Marcus Tullius",De officiis ad Marcum filium libri tres,On Duties to his son Marcus three books,,4.—,,Item 36
1904,IMG_1389.jpeg,Λατῖνοι Συγγραφεῖς,Latin Authors,,Cicero,"Cicero, Marcus Tullius","Cato maior de senectute, Laelius de amicitia. Paradoxa","Cato the Elder on Old Age, Laelius on Friendship, Paradoxes",,3.—,,Item 37
1904,IMG_1389.jpeg,Λατῖνοι Συγγραφεῖς,Latin Authors,,Cicero,"Cicero, Marcus Tullius",libri IV-V,Books 4-5,,5.20,,Item 9b
1904,IMG_1389.jpeg,Λατῖνοι Συγγραφεῖς,Latin Authors,,Cicero,"Cicero, Marcus Tullius","Orationes pro M. Tullio, pro M. Fonteio, pro A. Caecina, de Imperio Cn. Pompeii (pro lege Manilia)","Orations for M. Tullius, for M. Fonteius, for A. Caecina, on the command of Cn. Pompeius",,3.—,,Item 10
1904,IMG_1389.jpeg,Λατῖνοι Συγγραφεῖς,Latin Authors,,Cicero,"Cicero, Marcus Tullius","pro A. Cluentio Habito, de lege agraria tres, pro C. Rabirio perduellionis reo","Orations for A. Cluentius Habitus, three on the Agrarian Law, for C. Rabirius",,4.—,,Item 11
1904,IMG_1389.jpeg,Λατῖνοι Συγγραφεῖς,Latin Authors,,Cicero,"Cicero, Marcus Tullius","in L. Catilinam, pro L. Murena","Against Catiline, for L. Murena",,4.20,,Item 12
1904,IMG_1389.jpeg,Λατῖνοι Συγγραφεῖς,Latin Authors,,Cicero,"Cicero, Marcus Tullius","pro P. Sulla, pro Archia poeta, pro Flacco","For P. Sulla, for the poet Archias, for Flaccus",,3.—,,Item 13
1904,IMG_1389.jpeg,Λατῖνοι Συγγραφεῖς,Latin Authors,,Cicero,"Cicero, Marcus Tullius","post reditum in senatu et post reditum ad Quirites habita, de domo sua, de haruspicum responso","Speeches after his return in the senate and to the citizens, On his House, On the Response of the Haruspices",,4.—,,Item 14
1904,IMG_1389.jpeg,Λατῖνοι Συγγραφεῖς,Latin Authors,,Cicero,"Cicero, Marcus Tullius","de provinciis consularibus, pro L. Cornelio Balbo, in L. Calpurnium Pisonem, pro Plancio, pro Rabirio Postumo","On the Consular Provinces, for L. Cornelius Balbus, against L. Calpurnius Piso, for Plancius, for Rabirius Postumus",,4.—,,Item 16
1904,IMG_1389.jpeg,Λατῖνοι Συγγραφεῖς,Latin Authors,,Cicero,"Cicero, Marcus Tullius","pro T. Annio Milone, pro M. Marcello, pro Q. Ligario, pro rege Deiotaro","For T. Annius Milo, for M. Marcellus, for Q. Ligarius, for King Deiotarus",,3.—,,Item 17
1904,IMG_1389.jpeg,Λατῖνοι Συγγραφεῖς,Latin Authors,,Cicero,"Cicero, Marcus Tullius",in M. Antonium Philippicae XIV,Philippics against Mark Antony XIV,,5.20,,Item 18
1904,IMG_1389.jpeg,Λατῖνοι Συγγραφεῖς,Latin Authors,,Cicero,"Cicero, Marcus Tullius",Epistolarum ad familiares libri I-IV,Letters to Friends Books I-IV,,4.—,,Item 19
1904,IMG_1389.jpeg,Λατῖνοι Συγγραφεῖς,Latin Authors,,Cicero,"Cicero, Marcus Tullius",Epistolarum ad familiares libri V-VIII,Letters to Friends Books V-VIII,,4.—,,Item 20
1904,IMG_1389.jpeg,Λατῖνοι Συγγραφεῖς,Latin Authors,,Cicero,"Cicero, Marcus Tullius",Epistolarum ad familiares libri IX-XII,Letters to Friends Books IX-XII,,4.—,,Item 21
1904,IMG_1389.jpeg,Λατῖνοι Συγγραφεῖς,Latin Authors,,Cicero,"Cicero, Marcus Tullius",Epistolarum ad familiares libri XIII-XVI,Letters to Friends Books XIII-XVI,,4.—,,Item 22
1904,IMG_1389.jpeg,Λατῖνοι Συγγραφεῖς,Latin Authors,,Cicero,"Cicero, Marcus Tullius","pro P. Sestio, in P. Vatinium, pro M. Caelio","For P. Sestius, against P. Vatinius, for M. Caelius",,4.—,,Item 15
1904,IMG_1389.jpeg,Λατῖνοι Συγγραφεῖς,Latin Authors,,Cicero,"Cicero, Marcus Tullius",Epistolarum ad Atticum libri I-IV,Letters to Atticus Books I-IV,,6.—,,Item 24
1904,IMG_1389.jpeg,Λατῖνοι Συγγραφεῖς,Latin Authors,,Cicero,"Cicero, Marcus Tullius","Epistolae ad Quintum fratrem, Q. Ciceronis de petitione consulatus an M. fratrem liber, eiusdem versus quidam de eisdem XII, eiusdem ut fertur epigramma de amore feminarum","Letters to Quintus, Q. Cicero on canvassing for the consulship, etc.",,3.—,,Item 23
1904,IMG_1389.jpeg,Λατῖνοι Συγγραφεῖς,Latin Authors,,Cicero,"Cicero, Marcus Tullius",De re publica liberorum quae supersunt,"On the Republic, surviving fragments",,4.—,,Item 34
1904,IMG_1389.jpeg,Λατῖνοι Συγγραφεῖς,Latin Authors,,Cicero,"Cicero, Marcus Tullius","De divinatione libri duo, libri de fato","On Divination two books, books on fate",,4.—,,Item 33
1904,IMG_1389.jpeg,Λατῖνοι Συγγραφεῖς,Latin Authors,,Cicero,"Cicero, Marcus Tullius",De natura deorum libri tres,On the Nature of the Gods three books,,4.—,,Item 32
1904,IMG_1389.jpeg,Λατῖνοι Συγγραφεῖς,Latin Authors,,Cicero,"Cicero, Marcus Tullius",De finibus bonorum et malorum libri quinque,On the Ends of Good and Evil five books,,5.20,,Item 30
1904,IMG_1389.jpeg,Λατῖνοι Συγγραφεῖς,Latin Authors,,Cicero,"Cicero, Marcus Tullius",Tusculanarum disputationum libri quinque,Tusculan Disputations five books,,4.20,,Item 31
1904,IMG_1389.jpeg,Λατῖνοι Συγγραφεῖς,Latin Authors,,Cicero,"Cicero, Marcus Tullius",Academicorum ad M. Varronem libri duo,Academics dedicated to M. Varro two books,,4.—,,Item 29
1904,IMG_1389.jpeg,Λατῖνοι Συγγραφεῖς,Latin Authors,,Cicero,"Cicero, Marcus Tullius",Epistolae ad Brutum libri duo et epistolae ad Octavium,Letters to Brutus two books and letters to Octavius,,4.—,,Item 28
1904,IMG_1389.jpeg,Λατῖνοι Συγγραφεῖς,Latin Authors,,Cicero,"Cicero, Marcus Tullius",Epistolarum ad Atticum libri XIII-XVI,Letters to Atticus Books XIII-XVI,,6.—,,Item 27
1904,IMG_1389.jpeg,Λατῖνοι Συγγραφεῖς,Latin Authors,,Cicero,"Cicero, Marcus Tullius",Epistolarum ad Atticum libri IX-XII,Letters to Atticus Books IX-XII,,6.—,,Item 26
1904,IMG_1389.jpeg,Λατῖνοι Συγγραφεῖς,Latin Authors,,Cicero,"Cicero, Marcus Tullius",Epistolarum ad Atticum libri V-VIII,Letters to Atticus Books V-VIII,,6.—,,Item 25
1904,IMG_1389.jpeg,Λατῖνοι Συγγραφεῖς,Latin Authors,,Cicero,"Cicero, Marcus Tullius",De legibus libri tres,On the Laws three books,,4.—,,Item 35
1904,IMG_1390.jpeg,ΚΛΑΣΙΚΟΙ ΕΛΛΗΝΕΣ ΚΑΙ ΛΑΤΙΝΟΙ ΣΥΓΓΡΑΦΕΙΣ,Classic Greek and Latin Authors,Α΄ ΕΛΛΗΝΕΣ,ΒΑΣΙΛΕΙΟΣ Ο ΜΕΓΑΣ,Basil the Great,Παρααινετικός,Exhortation,σελίδες 162,5.—,,"μετὰ σημειώσεων, ὑπὸ ᾿Απ. Β. Οἰκονομίδου"
1904,IMG_1390.jpeg,Έλληνες Συγγραφεῖς,Greek Authors,,ΔΗΜΟΣΘΕΝΗΣ,Demosthenes,Τρεῖς Ὀλυνθιακοὶ,Three Olynthiacs,"8ον, σελίδες 88",6.20,,"μετὰ σχολίων, ἐκδοθέντες ὑπὸ Α. Σ. Καρπαθινάκη"
1904,IMG_1390.jpeg,Έλληνες Συγγραφεῖς,Greek Authors,,ΔΗΜΟΣΘΕΝΗΣ,Demosthenes,"Λόγοι κατ' ἐκλογήν, Τεῦχος Α΄: Ὀλυνθιακοί","Selected Orations, Issue A: Olynthiacs","8ον, σελ. 53",5.—,,μετὰ κριτικῶν καὶ ἑρμηνευτικῶν σχολίων ὑπὸ Γ. Κωνσταντινίδου
1904,IMG_1390.jpeg,Έλληνες Συγγραφεῖς,Greek Authors,,ΔΗΜΟΣΘΕΝΗΣ,Demosthenes,"Λόγοι κατ' ἐκλογήν, Τεῦχος Β΄: Ὁ Α΄ κατὰ Φιλίππου","Selected Orations, Issue B: First Philippic","8ον, σ. 127",12.—,,ὑπὸ Γ. Κωνσταντινίδου
1904,IMG_1390.jpeg,Έλληνες Συγγραφεῖς,Greek Authors,,ΔΗΜΟΣΘΕΝΗΣ,Demosthenes,Πρὸς Λεπτίνην,Against Leptines,σελ. 60,4.—,,μετάφρασις Δ. Δουκάκη
1904,IMG_1390.jpeg,Έλληνες Συγγραφεῖς,Greek Authors,,ΔΗΜΟΣΘΕΝΗΣ,Demosthenes,Ὀλυνθιακοί,Olynthiacs,"12ον, σελ. 56",3.—,,"Σχόλια, ὑπὸ Κ. Ζάμπα"
1904,IMG_1390.jpeg,Έλληνες Συγγραφεῖς,Greek Authors,,ΔΗΜΟΣΘΕΝΗΣ,Demosthenes,Τρεῖς Ὀλυνθιακοὶ,Three Olynthiacs,"8ον, σελίδες 256",10.—,,σχολιασθέντες καὶ μεταφρασθέντες ὑπὸ Χ. Κ. Κοκκινάκη
1904,IMG_1390.jpeg,Έλληνες Συγγραφεῖς,Greek Authors,,ΔΗΜΟΣΘΕΝΗΣ,Demosthenes,"Φιλιππικοὶ Α΄, Β΄, Γ΄ καὶ ὁ περὶ Εἰρήνης","Philippics I, II, III and On the Peace","12ον, σελ. 88",5.—,,Σχόλια ὑπὸ Κ. Ζάμπα
1904,IMG_1390.jpeg,Έλληνες Συγγραφεῖς,Greek Authors,,ΔΗΜΟΣΘΕΝΗΣ,Demosthenes,Περὶ τοῦ στεφάνου,On the Crown,σελίδες 116,5.—,,μεταφρασθεὶς ὑπὸ Δ. Χ. Δουκάκη
1904,IMG_1390.jpeg,Έλληνες Συγγραφεῖς,Greek Authors,,ΔΗΜΟΣΘΕΝΗΣ,Demosthenes,Περὶ τοῦ στεφάνου,On the Crown,"8ον, σ. 134",8.—,,μετάφρασις εἰς Χ. Παλαιστίνη
1904,IMG_1390.jpeg,Έλληνες Συγγραφεῖς,Greek Authors,,ΔΗΜΟΣΘΕΝΗΣ,Demosthenes,Τρεῖς Ὀλυνθιακοί,Three Olynthiacs,"8ον, σελίδες κδ΄ - 276",10.—,,μετὰ σημειώσεων ὑπὸ Γ. Σοφοκλέους
1904,IMG_1390.jpeg,Έλληνες Συγγραφεῖς,Greek Authors,,ΔΗΜΟΣΘΕΝΗΣ,Demosthenes,Πολιτεία ᾿Αθηναίων (Περιέχει τόν Α' κατά Φιλίππου καί τούς τρεῖς Ὀλυνθιακούς),State of the Athenians (Contains First Philippic and the Three Olynthiacs),"8ον, σελίδες 344",22.—,,"προλεγόμενα καὶ σημειώσεις, ὑπὸ Κ. Ηροκλέους Βασιάδου"
1904,IMG_1390.jpeg,Έλληνες Συγγραφεῖς,Greek Authors,,ΔΗΜΟΣΘΕΝΗΣ,Demosthenes,Τέσσαρες Φιλιππικοί,Four Philippics,"8ον, σ. 66",4.—,,μετάφρασις Ι. Η. Ζηλημόνος
1904,IMG_1390.jpeg,Έλληνες Συγγραφεῖς,Greek Authors,,ΔΗΜΟΣΘΕΝΗΣ,Demosthenes,Τέσσαρες Φιλιππικοί,Four Philippics,σελίδες 83,5.—,,"μεταφρασθέντες μετὰ σημειώσεων, ὑπὸ Σ. Κωντέλλη"
1904,IMG_1390.jpeg,ΚΛΑΣΙΚΟΙ ΕΛΛΗΝΕΣ ΚΑΙ ΛΑΤΙΝΟΙ ΣΥΓΓΡΑΦΕΙΣ,Classic Greek and Latin Authors,Α΄ ΕΛΛΗΝΕΣ,ΑΡΙΣΤΟΦΑΝΗΣ,Aristophanes,Βάτραχοι,Frogs,"8ον, σελίδες 141",5.—,,ὑπὸ Velsen
1904,IMG_1390.jpeg,Έλληνες Συγγραφεῖς,Greek Authors,,ΔΗΜΟΣΘΕΝΗΣ,Demosthenes,Τρεῖς Ὀλυνθιακοὶ,Three Olynthiacs,σελίδες 48,3.—,,"μετάφρασις μετὰ σημειώσεων, ὑπὸ Μ. Π. Σάγγα"
1904,IMG_1390.jpeg,ΚΛΑΣΙΚΟΙ ΕΛΛΗΝΕΣ ΚΑΙ ΛΑΤΙΝΟΙ ΣΥΓΓΡΑΦΕΙΣ,Classic Greek and Latin Authors,Α΄ ΕΛΛΗΝΕΣ,ΑΡΙΣΤΟΦΑΝΗΣ,Aristophanes,"᾿Αριστοφάνης, Τόμ 3","Aristophanes, Vol. 3","σ. ια΄, 867 + 30",18.—,,σχολιασθεὶς ὑπὸ Νεοφύτου Δούκα
1904,IMG_1390.jpeg,ΚΛΑΣΙΚΟΙ ΕΛΛΗΝΕΣ ΚΑΙ ΛΑΤΙΝΟΙ ΣΥΓΓΡΑΦΕΙΣ,Classic Greek and Latin Authors,Α΄ ΕΛΛΗΝΕΣ,ΑΡΙΣΤΟΤΕΛΗΣ,Aristotle,᾿Αθηναίων Πολιτεία,Constitution of the Athenians,"8ον, σελίδες ι΄ - 56",6.—,,"ἐκδιδομένη ἐπὶ τῇ βάσει τῶν 2ας ἀγγλικῆς τοῦ Κ. Κέννυ ἐκδόσεως, προτάσσεται δὲ εἰσαγωγὴ ὑπὸ ᾿Αχ. ᾿Αγαθονίκου"
1904,IMG_1390.jpeg,ΚΛΑΣΙΚΟΙ ΕΛΛΗΝΕΣ ΚΑΙ ΛΑΤΙΝΟΙ ΣΥΓΓΡΑΦΕΙΣ,Classic Greek and Latin Authors,Α΄ ΕΛΛΗΝΕΣ,ΑΡΙΣΤΟΤΕΛΗΣ,Aristotle,Πολιτεία ᾿Αθηναίων. Κεφ. 1-41,Constitution of the Athenians. Ch. 1-41,σ. 80,5.—,,Σχόλια ὑπὸ Γουλ. Πράϊτ
1904,IMG_1390.jpeg,ΚΛΑΣΙΚΟΙ ΕΛΛΗΝΕΣ ΚΑΙ ΛΑΤΙΝΟΙ ΣΥΓΓΡΑΦΕΙΣ,Classic Greek and Latin Authors,Α΄ ΕΛΛΗΝΕΣ,ΑΡΙΣΤΟΤΕΛΗΣ,Aristotle,Πολιτεία ᾿Αθηναίων,Constitution of the Athenians,"8ον, σελίδες 80",4.—,,"μετὰ σχολίων ἑρμηνευτικῶν, ἱστορικῶν καὶ ἀρχαιολογικῶν, ὑπὸ Δημ. Παπαγεωργίου"
1904,IMG_1390.jpeg,ΚΛΑΣΙΚΟΙ ΕΛΛΗΝΕΣ ΚΑΙ ΛΑΤΙΝΟΙ ΣΥΓΓΡΑΦΕΙΣ,Classic Greek and Latin Authors,Α΄ ΕΛΛΗΝΕΣ,ΑΙΣΧΙΝΗΣ,Aeschines,Κατὰ Κτησιφῶντος,Against Ctesiphon,"8ον, σελ. 147-123",9.—,,μετάφρασις Χ. Παπαηλιού
1904,IMG_1390.jpeg,ΚΛΑΣΙΚΟΙ ΕΛΛΗΝΕΣ ΚΑΙ ΛΑΤΙΝΟΙ ΣΥΓΓΡΑΦΕΙΣ,Classic Greek and Latin Authors,Α΄ ΕΛΛΗΝΕΣ,ΑΙΣΧΥΛΟΣ,Aeschylus,Δράματα Σωζόμενα καὶ ᾿Απολωλότων ᾿Αποσπάσματα (Τόμος Α΄ & Τόμος Β΄),Surviving Plays and Fragments of Lost Works (Vol. A & Vol. B),"μέγα 8ον, σ. 1-552, 648",47.20,,"μετὰ ἐξηγητικῶν καὶ κριτικῶν σημειώσεων, ὑπὸ N. Wecklein, τῇ συνεργασίᾳ Ε. Ζωμαρίδου (Ζωγραφείου Ἑλληνικὴ Βιβλιοθήκη)"
1904,IMG_1390.jpeg,ΚΛΑΣΙΚΟΙ ΕΛΛΗΝΕΣ ΚΑΙ ΛΑΤΙΝΟΙ ΣΥΓΓΡΑΦΕΙΣ,Classic Greek and Latin Authors,Α΄ ΕΛΛΗΝΕΣ,ΑΙΣΧΥΛΟΣ,Aeschylus,"᾿Αποσπάσματα, Τόμος Γ΄, τεῦχος Α΄","Fragments, Vol. C, Issue A",σελίδες 149,10.—,,ὑπὸ N. Wecklein
1904,IMG_1390.jpeg,ΚΛΑΣΙΚΟΙ ΕΛΛΗΝΕΣ ΚΑΙ ΛΑΤΙΝΟΙ ΣΥΓΓΡΑΦΕΙΣ,Classic Greek and Latin Authors,Α΄ ΕΛΛΗΝΕΣ,ΑΙΣΧΥΛΟΣ,Aeschylus,Εἰς παλαιὰ Σχόλια Κριτικὰ καὶ Παλαιογραφικά,On Ancient Scholia Critical and Palaeographical,"8ον, σελ. 36",3.—,,ὑπὸ Π. Ν. Παπαγεωργίου
1904,IMG_1390.jpeg,ΚΛΑΣΙΚΟΙ ΕΛΛΗΝΕΣ ΚΑΙ ΛΑΤΙΝΟΙ ΣΥΓΓΡΑΦΕΙΣ,Classic Greek and Latin Authors,Α΄ ΕΛΛΗΝΕΣ,ΑΙΣΧΥΛΟΣ,Aeschylus,Πέρσαι,Persians,σελ. 61,5.—,,μετάφρασις ἔμμετρος Κ. Ξανθοπούλου
1904,IMG_1390.jpeg,ΚΛΑΣΙΚΟΙ ΕΛΛΗΝΕΣ ΚΑΙ ΛΑΤΙΝΟΙ ΣΥΓΓΡΑΦΕΙΣ,Classic Greek and Latin Authors,Α΄ ΕΛΛΗΝΕΣ,SAINT VICTOR (DE),Paul de Saint-Victor,Les Deux Masques,The Two Masks,"μέγα 8ον, σελ. 112",5.—,,de Saint Victor
1904,IMG_1390.jpeg,ΚΛΑΣΙΚΟΙ ΕΛΛΗΝΕΣ ΚΑΙ ΛΑΤΙΝΟΙ ΣΥΓΓΡΑΦΕΙΣ,Classic Greek and Latin Authors,Α΄ ΕΛΛΗΝΕΣ,ΑΙΣΧΙΝΗΣ Ο ΣΩΚΡΑΤΙΚΟΣ,Aeschines Socraticus,Διάλογοι Τρεῖς,Three Dialogues,"8ον, σ. 356 + 20",20.—,,ἐπεξεργασθέντες καὶ ἐκδοθέντες ὑπὸ Νεοφύτου Δούκα
1904,IMG_1390.jpeg,ΚΛΑΣΙΚΟΙ ΕΛΛΗΝΕΣ ΚΑΙ ΛΑΤΙΝΟΙ ΣΥΓΓΡΑΦΕΙΣ,Classic Greek and Latin Authors,Α΄ ΕΛΛΗΝΕΣ,BURNOUF (EM.),Émile Burnouf,Perses (Les),The Persians,σελίδες 48,5.—,,par Em. Burnouf
1904,IMG_1390.jpeg,ΚΛΑΣΙΚΟΙ ΕΛΛΗΝΕΣ ΚΑΙ ΛΑΤΙΝΟΙ ΣΥΓΓΡΑΦΕΙΣ,Classic Greek and Latin Authors,Α΄ ΕΛΛΗΝΕΣ,ΑΝΑΚΡΕΩΝ,Anacreon,Ὠδαί,Odes,σελίδες 135,3.—,,παράφρασις Χ. Στεφανίδου
1904,IMG_1390.jpeg,ΚΛΑΣΙΚΟΙ ΕΛΛΗΝΕΣ ΚΑΙ ΛΑΤΙΝΟΙ ΣΥΓΓΡΑΦΕΙΣ,Classic Greek and Latin Authors,Α΄ ΕΛΛΗΝΕΣ,ΑΝΑΚΡΕΩΝ,Anacreon,Μετάφρασις ἔμμετρος καὶ ὁμοιοκατάληκτος εἰς νεωτέραν ἑλληνικὴν τῶν τοῦ ᾿Ανακρέοντος ᾀσμάτων...,Verse and Rhyming Translation into Modern Greek of Anacreon's Songs...,"12ον, σελ. ιά - 152",7.20,,ὑπὸ Ἐρν. Νοννότ
1904,IMG_1390.jpeg,ΚΛΑΣΙΚΟΙ ΕΛΛΗΝΕΣ ΚΑΙ ΛΑΤΙΝΟΙ ΣΥΓΓΡΑΦΕΙΣ,Classic Greek and Latin Authors,Α΄ ΕΛΛΗΝΕΣ,BUCHHOLZ (E.),E. Buchholz,"᾿Ανθολογία ᾿Αρχαίων ποιητῶν, Τεῦχος Α΄: Ἐλεγειακοὶ Ποιηταί","Anthology of Ancient Poets, Issue A: Elegiac Poets","8ον, σελίδες 195",11.—,,ὑπὸ E. Buchholz
1904,IMG_1390.jpeg,ΚΛΑΣΙΚΟΙ ΕΛΛΗΝΕΣ ΚΑΙ ΛΑΤΙΝΟΙ ΣΥΓΓΡΑΦΕΙΣ,Classic Greek and Latin Authors,Α΄ ΕΛΛΗΝΕΣ,BUCHHOLZ (E.),E. Buchholz,"᾿Ανθολογία ᾿Αρχαίων ποιητῶν, Τεῦχος Β΄: Μελικοὶ Ποιηταί","Anthology of Ancient Poets, Issue B: Melic Poets","8ον, σελίδες 220",13.—,,ὑπὸ E. Buchholz
1904,IMG_1390.jpeg,ΚΛΑΣΙΚΟΙ ΕΛΛΗΝΕΣ ΚΑΙ ΛΑΤΙΝΟΙ ΣΥΓΓΡΑΦΕΙΣ,Classic Greek and Latin Authors,Α΄ ΕΛΛΗΝΕΣ,ΑΙΣΧΥΛΟΣ,Aeschylus,Πέρσαι,Persians,"8ον, σελίδες 15΄ - 112",6.—,,"μετὰ προλεγομένων, ἀναλύσεως τοῦ δράματος, βιογραφίας τοῦ ποιητοῦ, κειμένου, μεταφράσεως καὶ σημειώσεων, ὑπὸ Π. Μαστραχᾶ"
1904,IMG_1390.jpeg,ΚΛΑΣΙΚΟΙ ΕΛΛΗΝΕΣ ΚΑΙ ΛΑΤΙΝΟΙ ΣΥΓΓΡΑΦΕΙΣ,Classic Greek and Latin Authors,Α΄ ΕΛΛΗΝΕΣ,ΑΡΙΣΤΑΙΝΕΤΟΣ,Aristaenetus,᾿Αρισταίνετος,Aristaenetus,"8ον, σελ. XVI - 760",8.—,,ὑπὸ Jo. F. Boissonade
1904,IMG_1391.jpeg,ΔΗΜΟΣΙΕΥΜΑΤΑ ΣΟΥΡΛΑ-ΓΕΡΑΡΔΟΥ,Sourlas-Gerardos Publications,Έλληνες Συγγραφεῖς,Δημοσθένης,Demosthenes,Ἐννέα Φιλιππικοί,Nine Philippics,"8ον, σελ. 131",9.—,,"Σχολιασθέντες ὑπὸ Ἐμμ. Γαλάνη (Τεῦχος Α' : Ὀλυνθιακοί, σ. 125, Τεῦχος Β' : Ὁ Α' Κατὰ Φιλίππου. Περὶ Εἰρήνης)"
1904,IMG_1391.jpeg,ΔΗΜΟΣΙΕΥΜΑΤΑ ΣΟΥΡΛΑ-ΓΕΡΑΡΔΟΥ,Sourlas-Gerardos Publications,Έλληνες Συγγραφεῖς,Δημοσθένης,Demosthenes,Τέσσαρες Φιλιππικοί,Four Philippics,σελίδες 83,5.—,,"Μεταφρασθέντες μετὰ σημειώσεων, ὑπὸ Σ. Χωρετάλλη"
1904,IMG_1391.jpeg,ΔΗΜΟΣΙΕΥΜΑΤΑ ΣΟΥΡΛΑ-ΓΕΡΑΡΔΟΥ,Sourlas-Gerardos Publications,Έλληνες Συγγραφεῖς,Δημοσθένης,Demosthenes,Τέσσαρες Φιλιππικοί,Four Philippics,"8ον, σ. 66",4.—,,Μετάφρασις Ι. Ζηλημόνου
1904,IMG_1391.jpeg,ΔΗΜΟΣΙΕΥΜΑΤΑ ΣΟΥΡΛΑ-ΓΕΡΑΡΔΟΥ,Sourlas-Gerardos Publications,Έλληνες Συγγραφεῖς,Δημοσθένης,Demosthenes,"Φιλιππικοὶ Α', Β', Γ' καὶ ὁ περὶ Εἰρήνης","Philippics 1, 2, 3 and On the Peace","12ον, σελ. 88",5.—,,Σχόλια ὑπὸ Κ. Ζάμπα
1904,IMG_1391.jpeg,ΔΗΜΟΣΙΕΥΜΑΤΑ ΣΟΥΡΛΑ-ΓΕΡΑΡΔΟΥ,Sourlas-Gerardos Publications,Έλληνες Συγγραφεῖς,Δημοσθένης,Demosthenes,Περὶ τοῦ στεφάνου,On the Crown,"8ον, σ. 134",8.—,,Μετάφρασις ὑπὸ Σ. Παπαγιάννη
1904,IMG_1391.jpeg,ΔΗΜΟΣΙΕΥΜΑΤΑ ΣΟΥΡΛΑ-ΓΕΡΑΡΔΟΥ,Sourlas-Gerardos Publications,Έλληνες Συγγραφεῖς,Δημοσθένης,Demosthenes,Περὶ τοῦ στεφάνου,On the Crown,"8ον, σελίδες 105",10.—,,Μετὰ σημειώσεων ὑπὸ Γ. Σοφοκλέους
1904,IMG_1391.jpeg,ΔΗΜΟΣΙΕΥΜΑΤΑ ΣΟΥΡΛΑ-ΓΕΡΑΡΔΟΥ,Sourlas-Gerardos Publications,Έλληνες Συγγραφεῖς,Δημοσθένης,Demosthenes,Περὶ τοῦ στεφάνου,On the Crown,σελίδες 116,5.—,,Μεταφρασθεὶς ὑπὸ Δ. Χ. Δουκάκη
1904,IMG_1391.jpeg,ΔΗΜΟΣΙΕΥΜΑΤΑ ΣΟΥΡΛΑ-ΓΕΡΑΡΔΟΥ,Sourlas-Gerardos Publications,Έλληνες Συγγραφεῖς,Δημοσθένης,Demosthenes,Τρεῖς Ὀλυνθιακοί,Three Olynthiacs,σελίδες 48,5.—,,"Μετάφρασις μετὰ σημειώσεων, ὑπὸ Μ. Π. Σάκκα"
1904,IMG_1391.jpeg,ΔΗΜΟΣΙΕΥΜΑΤΑ ΣΟΥΡΛΑ-ΓΕΡΑΡΔΟΥ,Sourlas-Gerardos Publications,Έλληνες Συγγραφεῖς,Δημοσθένης,Demosthenes,Περὶ τῶν ἐν Χερρονήσῳ Λόγος,Speech on the Chersonese,σελ. 24,3.—,,Μετὰ παραφράσεως εἰς τὴν ὁμιλουμένην ὑπὸ Περ. Ἰασαμβίδου
1904,IMG_1391.jpeg,ΔΗΜΟΣΙΕΥΜΑΤΑ ΣΟΥΡΛΑ-ΓΕΡΑΡΔΟΥ,Sourlas-Gerardos Publications,Έλληνες Συγγραφεῖς,Δημοσθένης,Demosthenes,Φιλιππικοί,Philippics,"8ον, σελίδες 50",22.—,,"Μετὰ προλεγομένων καὶ σημειώσεων, ὑπὸ Κ. Ἡρακλέους Βασιλιάδου (Περιέχει τὸν Α' καὶ ὀκτὼ Φιλιππικοὺς)"
1904,IMG_1391.jpeg,ΔΗΜΟΣΙΕΥΜΑΤΑ ΣΟΥΡΛΑ-ΓΕΡΑΡΔΟΥ,Sourlas-Gerardos Publications,Έλληνες Συγγραφεῖς,Ἰσοκράτης,Isocrates,Ἰσοκράτους Ἀπολογία,Isocrates' Apology,σελ. 204,6.—,,"Μετὰ σχολίων, ὑπὸ Π. Ἰασαμβίδου"
1904,IMG_1391.jpeg,ΔΗΜΟΣΙΕΥΜΑΤΑ ΣΟΥΡΛΑ-ΓΕΡΑΡΔΟΥ,Sourlas-Gerardos Publications,Έλληνες Συγγραφεῖς,Εὐριπίδης,Euripides,Ἰφιγένεια ἡ ἐν Ταύροις,Iphigenia in Tauris,"8ον, σ. 239",17.—,,Μετὰ σχολίων ὑπὸ Γ. Μιστριώτου
1904,IMG_1391.jpeg,ΔΗΜΟΣΙΕΥΜΑΤΑ ΣΟΥΡΛΑ-ΓΕΡΑΡΔΟΥ,Sourlas-Gerardos Publications,Έλληνες Συγγραφεῖς,Εὐριπίδης,Euripides,Μήδεια,Medea,σ. 660,75.—,,
1904,IMG_1391.jpeg,ΔΗΜΟΣΙΕΥΜΑΤΑ ΣΟΥΡΛΑ-ΓΕΡΑΡΔΟΥ,Sourlas-Gerardos Publications,Έλληνες Συγγραφεῖς,Εὐριπίδης,Euripides,"Ἑκάβη, Ἱππόλυτος, Μήδεια","Hecuba, Hippolytus, Medea",σ. 698,47.20,,
1904,IMG_1391.jpeg,ΔΗΜΟΣΙΕΥΜΑΤΑ ΣΟΥΡΛΑ-ΓΕΡΑΡΔΟΥ,Sourlas-Gerardos Publications,Έλληνες Συγγραφεῖς,Εὐριπίδης,Euripides,"Ἰφιγένεια ἡ ἐν Αὐλίδι, Ἰφιγένεια ἡ ἐν Ταύροις, Ἠλέκτρα, Ἄλκηστις","Iphigenia in Aulis, Iphigenia in Tauris, Electra, Alcestis",σελίδες 717,47.20,,
1904,IMG_1391.jpeg,ΔΗΜΟΣΙΕΥΜΑΤΑ ΣΟΥΡΛΑ-ΓΕΡΑΡΔΟΥ,Sourlas-Gerardos Publications,Έλληνες Συγγραφεῖς,Εὐριπίδης,Euripides,Ἠλέκτρα,Electra,"8ον, σελ. 162",12.—,,Μετὰ κριτικῶν σημειώσεων καὶ σχολίων ἑρμηνευτικῶν
1904,IMG_1391.jpeg,ΔΗΜΟΣΙΕΥΜΑΤΑ ΣΟΥΡΛΑ-ΓΕΡΑΡΔΟΥ,Sourlas-Gerardos Publications,Έλληνες Συγγραφεῖς,Εὐριπίδης,Euripides,Ἱππόλυτος Στεφανηφόρος,Hippolytus,"8ον, σελ. 246",17.—,,Ἔμμετρος μετάφρασις ὑπὸ Ι. Ι. Γιαννίδου
1904,IMG_1391.jpeg,ΔΗΜΟΣΙΕΥΜΑΤΑ ΣΟΥΡΛΑ-ΓΕΡΑΡΔΟΥ,Sourlas-Gerardos Publications,Έλληνες Συγγραφεῖς,Εὐριπίδης,Euripides,Ἰφιγένεια ἐν Αὐλίδι,Iphigenia in Aulis,"8ον, σελ. 105",6.—,,"Μετάφρασις μετὰ σχολίων, ὑπὸ Γ. Ι. Γιαννίδου"
1904,IMG_1391.jpeg,ΔΗΜΟΣΙΕΥΜΑΤΑ ΣΟΥΡΛΑ-ΓΕΡΑΡΔΟΥ,Sourlas-Gerardos Publications,Έλληνες Συγγραφεῖς,Εὐριπίδης,Euripides,Ἰφιγένεια ἡ ἐν Ταύροις,Iphigenia in Tauris,"8ον, σελ. 109",7.20,,Κείμενον καὶ μετάφρασις Σ. Α. Σακελλαροπούλου
1904,IMG_1391.jpeg,ΔΗΜΟΣΙΕΥΜΑΤΑ ΣΟΥΡΛΑ-ΓΕΡΑΡΔΟΥ,Sourlas-Gerardos Publications,Έλληνες Συγγραφεῖς,Εὐριπίδης,Euripides,Μήδεια,Medea,"8ον, σελ. 80",5.—,,"Μετὰ σημειώσεων, ὑπὸ Ν. Ζευγαράκη"
1904,IMG_1391.jpeg,ΔΗΜΟΣΙΕΥΜΑΤΑ ΣΟΥΡΛΑ-ΓΕΡΑΡΔΟΥ,Sourlas-Gerardos Publications,Έλληνες Συγγραφεῖς,Εὐριπίδης,Euripides,Μήδεια,Medea,"8ον, σελ. 243",17.—,,"Μετὰ σχολίων, ὑπὸ Γ. Μιστριώτου"
1904,IMG_1391.jpeg,ΔΗΜΟΣΙΕΥΜΑΤΑ ΣΟΥΡΛΑ-ΓΕΡΑΡΔΟΥ,Sourlas-Gerardos Publications,Έλληνες Συγγραφεῖς,Δημοσθένης,Demosthenes,Τρεῖς Ὀλυνθιακοί,Three Olynthiacs,"8ον, σελίδες 256",10.—,,Σχολιασθέντες καὶ μεταφρασθέντες ὑπὸ Χ. Κ. Κοκκινάκη
1904,IMG_1391.jpeg,ΔΗΜΟΣΙΕΥΜΑΤΑ ΣΟΥΡΛΑ-ΓΕΡΑΡΔΟΥ,Sourlas-Gerardos Publications,Έλληνες Συγγραφεῖς,Εὐριπίδης,Euripides,Εὐριπίδου Δράματα,Plays of Euripides,Μέγα 8ον,7.20,,Ἐξ ἑρμηνείας Α. Ν. Βερναρδάκη (Ζωγράφειος Ἑλληνικὴ Βιβλιοθήκη)
1904,IMG_1391.jpeg,ΔΗΜΟΣΙΕΥΜΑΤΑ ΣΟΥΡΛΑ-ΓΕΡΑΡΔΟΥ,Sourlas-Gerardos Publications,Έλληνες Συγγραφεῖς,Δημοσθένης,Demosthenes,Ὀλυνθιακοὶ μετὰ σχολίων,Olynthiacs with Commentary,"8ον, σελίδες 256",6.20,,Ἐκδοθέντες ὑπὸ Α. Σ. Καραπαναγιώτου
1904,IMG_1391.jpeg,ϛ' ΚΛΑΣΙΚΟΙ ΕΛΛΗΝΕΣ ΚΑΙ ΛΑΤΙΝΟΙ ΣΥΓΓΡΑΦΕΙΣ,6. Classical Greek and Latin Authors,Α' ΕΛΛΗΝΕΣ,,,Ἀνθολογία Ἀρχαϊκὴ ὑπὸ Ε. Buchholz (Τεύχος Β' Μελικαὶ Ποιήσεις),Archaic Anthology by E. Buchholz (Issue B: Lyric Poetry),"8ον, σελίδες 220",13.—,,
1904,IMG_1391.jpeg,ΔΗΜΟΣΙΕΥΜΑΤΑ ΣΟΥΡΛΑ-ΓΕΡΑΡΔΟΥ,Sourlas-Gerardos Publications,Έλληνες Συγγραφεῖς,Δημοσθένης,Demosthenes,Πρὸς Λεπτίνην,Against Leptines,σελ. 60,4.—,,Μετάφρασις Δ. Α. Δουκάκη
1904,IMG_1391.jpeg,ΔΗΜΟΣΙΕΥΜΑΤΑ ΣΟΥΡΛΑ-ΓΕΡΑΡΔΟΥ,Sourlas-Gerardos Publications,Έλληνες Συγγραφεῖς,Δημοσθένης,Demosthenes,"Ὀλυνθιακοί, Σχόλια","Olynthiacs, Commentary","12ον, σελ. 56",3.—,,Ὑπὸ Κ. Ζάμπα
1904,IMG_1391.jpeg,ϛ' ΚΛΑΣΙΚΟΙ ΕΛΛΗΝΕΣ ΚΑΙ ΛΑΤΙΝΟΙ ΣΥΓΓΡΑΦΕΙΣ,6. Classical Greek and Latin Authors,Α' ΕΛΛΗΝΕΣ,Αἰσχίνης,Aeschines,Κατὰ Κτησιφῶντος,Against Ctesiphon,"8ον, σελ. 123",9.—,,Μετάφρασις Χ. Παπανίκου
1904,IMG_1391.jpeg,ϛ' ΚΛΑΣΙΚΟΙ ΕΛΛΗΝΕΣ ΚΑΙ ΛΑΤΙΝΟΙ ΣΥΓΓΡΑΦΕΙΣ,6. Classical Greek and Latin Authors,Α' ΕΛΛΗΝΕΣ,Αἰσχίνης ὁ Σωκρατικός,Aeschines Socraticus,Διάλογοι Τρεῖς,Three Dialogues,"8ον, σ. 358",20.—,,Ἐπεξεργασθέντες καὶ ἐκδοθέντες ὑπὸ Νεοφύτου Δούκα
1904,IMG_1391.jpeg,ϛ' ΚΛΑΣΙΚΟΙ ΕΛΛΗΝΕΣ ΚΑΙ ΛΑΤΙΝΟΙ ΣΥΓΓΡΑΦΕΙΣ,6. Classical Greek and Latin Authors,Α' ΕΛΛΗΝΕΣ,Αἰσχύλος,Aeschylus,Δράματα Σωζόμενα καὶ Ἀποσπάσματα,Extant Plays and Fragments,μέγα 8ον,7.20,,"Μετὰ ἐξηγήσεων Ν. Wecklein, τῇ συνεργασίᾳ Ε. Ζουμπουλίδου (Ζωγράφειος Ἑλληνικὴ Βιβλιοθήκη)"
1904,IMG_1391.jpeg,ϛ' ΚΛΑΣΙΚΟΙ ΕΛΛΗΝΕΣ ΚΑΙ ΛΑΤΙΝΟΙ ΣΥΓΓΡΑΦΕΙΣ,6. Classical Greek and Latin Authors,Α' ΕΛΛΗΝΕΣ,Ἀνακρέων,Anacreon,Ὠδαί,Odes,σελίδες 135,3.—,,Παράφρασις Χ. Στεφανίδου
1904,IMG_1391.jpeg,ϛ' ΚΛΑΣΙΚΟΙ ΕΛΛΗΝΕΣ ΚΑΙ ΛΑΤΙΝΟΙ ΣΥΓΓΡΑΦΕΙΣ,6. Classical Greek and Latin Authors,Α' ΕΛΛΗΝΕΣ,Ἀνακρέων,Anacreon,Μετάφρασις ἔμμετρος καὶ ὠδαὶ κατ' ἀπομίμησιν ἐς νεωτέραν ἑλληνικήν,Verse Translation and Imitations into Modern Greek,"12ον, σελ. ια'–152",7.20,,Ὑπὸ Ἀναγνώστου ἐμμέτρων ποιητῶν καὶ ὑπὸ Ἐμμ. Νουνίου
1904,IMG_1391.jpeg,ϛ' ΚΛΑΣΙΚΟΙ ΕΛΛΗΝΕΣ ΚΑΙ ΛΑΤΙΝΟΙ ΣΥΓΓΡΑΦΕΙΣ,6. Classical Greek and Latin Authors,Α' ΕΛΛΗΝΕΣ,Ἀρισταίνετος,Aristaenetus,Ἐπιστολαὶ,Epistles,"8ον, σελ. XVI–760",6.—,,Ἐκδ. ὑπὸ Jo. F. Boissonade
1904,IMG_1391.jpeg,ϛ' ΚΛΑΣΙΚΟΙ ΕΛΛΗΝΕΣ ΚΑΙ ΛΑΤΙΝΟΙ ΣΥΓΓΡΑΦΕΙΣ,6. Classical Greek and Latin Authors,Α' ΕΛΛΗΝΕΣ,Ἀριστοτέλης,Aristotle,Ἀθηναίων Πολιτεία,Constitution of the Athenians,"8ον, σελίδες ι'–50",5.—,,Ἐκδιδομένη ἐπὶ τῇ βάσει τῆς 2ας ἀγγλικῆς τοῦ Κ. Κένυον ἐκδόσεως· προτασσομένης δ' εἰσαγωγῆς ὑπὸ Ἀγ. Ἀγαθονίκου
1904,IMG_1391.jpeg,ϛ' ΚΛΑΣΙΚΟΙ ΕΛΛΗΝΕΣ ΚΑΙ ΛΑΤΙΝΟΙ ΣΥΓΓΡΑΦΕΙΣ,6. Classical Greek and Latin Authors,Α' ΕΛΛΗΝΕΣ,Ἀριστοτέλης,Aristotle,Ἀθηναίων Πολιτεία (Κεφ. 1–41),Constitution of the Athenians (Ch. 1–41),"8ον, σελίδες 50",1.—,,Μετάφρασις ἐκ τοῦ ἀγγλικοῦ
1904,IMG_1391.jpeg,ϛ' ΚΛΑΣΙΚΟΙ ΕΛΛΗΝΕΣ ΚΑΙ ΛΑΤΙΝΟΙ ΣΥΓΓΡΑΦΕΙΣ,6. Classical Greek and Latin Authors,Α' ΕΛΛΗΝΕΣ,Ἀριστοτέλης,Aristotle,Ἀθηναίων Πολιτεία μετὰ σχολίων λογικῶν,Constitution of the Athenians with Logical Commentary,"8ον, σελίδες 80",4.—,,Ὑπὸ Δημ. Παπαγεωργίου
1904,IMG_1391.jpeg,ϛ' ΚΛΑΣΙΚΟΙ ΕΛΛΗΝΕΣ ΚΑΙ ΛΑΤΙΝΟΙ ΣΥΓΓΡΑΦΕΙΣ,6. Classical Greek and Latin Authors,Α' ΕΛΛΗΝΕΣ,,,Ἀνθολογία Ἀρχαϊκὴ ὑπὸ Ε. Buchholz (Τεύχος Α' Ἠθικά),Archaic Anthology by E. Buchholz (Issue A: Moral Works),"8ον, σελίδες 195",11.—,,
1904,IMG_1391.jpeg,ϛ' ΚΛΑΣΙΚΟΙ ΕΛΛΗΝΕΣ ΚΑΙ ΛΑΤΙΝΟΙ ΣΥΓΓΡΑΦΕΙΣ,6. Classical Greek and Latin Authors,Α' ΕΛΛΗΝΕΣ,Ἀριστοφάνης,Aristophanes,Βάτραχοι,The Frogs,"8ον, σελίδες 141",6.—,,Σχολιασθεὶς κτλ. ὑπὸ J. van Velsen
1904,IMG_1391.jpeg,ϛ' ΚΛΑΣΙΚΟΙ ΕΛΛΗΝΕΣ ΚΑΙ ΛΑΤΙΝΟΙ ΣΥΓΓΡΑΦΕΙΣ,6. Classical Greek and Latin Authors,Α' ΕΛΛΗΝΕΣ,Βασίλειος ὁ Μέγας,Basil the Great,Παρανετικὸς μετὰ σημειώσεων,Hortatory Address with Notes,σελίδες 162,5.—,,Ὑπὸ Ἀπ. Β. Οἰκονομίδου
1904,IMG_1391.jpeg,ϛ' ΚΛΑΣΙΚΟΙ ΕΛΛΗΝΕΣ ΚΑΙ ΛΑΤΙΝΟΙ ΣΥΓΓΡΑΦΕΙΣ,6. Classical Greek and Latin Authors,Α' ΕΛΛΗΝΕΣ,Αἰσχύλος,Aeschylus,Ἑπτὰ ἐπὶ Θήβας (Τόμος Β' Προμηθεύς),Seven Against Thebes (Volume B: Prometheus),"8ον, σελ. 552",10.—,,"Εἰσαγωγή, Κείμενον, Σχόλια ὑπὸ Π. Ν. Παπαγεωργίου"
1904,IMG_1391.jpeg,ϛ' ΚΛΑΣΙΚΟΙ ΕΛΛΗΝΕΣ ΚΑΙ ΛΑΤΙΝΟΙ ΣΥΓΓΡΑΦΕΙΣ,6. Classical Greek and Latin Authors,Α' ΕΛΛΗΝΕΣ,Αἰσχύλος,Aeschylus,"Ἀγαμέμνων, Ἐπιτομή","Agamemnon, Epitome",σελίδες 648,47.20,,Μετὰ σημειώσεων
1904,IMG_1391.jpeg,ΔΗΜΟΣΙΕΥΜΑΤΑ ΣΟΥΡΛΑ-ΓΕΡΑΡΔΟΥ,Sourlas-Gerardos Publications,Έλληνες Συγγραφεῖς,Δημοσθένης,Demosthenes,Ὀλυνθιακοί,Olynthiacs,σ. 127,12.—,,
1904,IMG_1391.jpeg,ϛ' ΚΛΑΣΙΚΟΙ ΕΛΛΗΝΕΣ ΚΑΙ ΛΑΤΙΝΟΙ ΣΥΓΓΡΑΦΕΙΣ,6. Classical Greek and Latin Authors,Α' ΕΛΛΗΝΕΣ,,,Εἰς τὰ παλαιὰ Σχόλια Κριτικαὶ καὶ Παλαιογραφικαί,Critical and Palaeographical Notes on the Ancient Scholia,σελ. 149,7.—,,Ὑπὸ Π. Ν. Παπαγεωργίου
1904,IMG_1391.jpeg,ϛ' ΚΛΑΣΙΚΟΙ ΕΛΛΗΝΕΣ ΚΑΙ ΛΑΤΙΝΟΙ ΣΥΓΓΡΑΦΕΙΣ,6. Classical Greek and Latin Authors,Α' ΕΛΛΗΝΕΣ,Aeschylus,Aeschylus,Les Perses,The Persians,"32ον, σελίδες 56",3.—,,"Ἐκ τοῦ συγγράμματος τοῦ Paul de Saint Victor, ὑπὸ Δημ. Μασσούρα"
1904,IMG_1391.jpeg,ϛ' ΚΛΑΣΙΚΟΙ ΕΛΛΗΝΕΣ ΚΑΙ ΛΑΤΙΝΟΙ ΣΥΓΓΡΑΦΕΙΣ,6. Classical Greek and Latin Authors,Α' ΕΛΛΗΝΕΣ,Αἰσχύλος,Aeschylus,Πέρσαι,The Persians,"8ον, σελίδες ιϛ'–112",6.—,,"Μετὰ προλεγομένων, ἀναλύσεως, τοῦ δράματος, βιογραφίας τοῦ ποιητοῦ, κειμένου, μεταφράσεως καὶ σημειώσεων ὑπὸ Η. Μαστραχᾶ"
1904,IMG_1391.jpeg,ϛ' ΚΛΑΣΙΚΟΙ ΕΛΛΗΝΕΣ ΚΑΙ ΛΑΤΙΝΟΙ ΣΥΓΓΡΑΦΕΙΣ,6. Classical Greek and Latin Authors,Α' ΕΛΛΗΝΕΣ,Aeschylus,Aeschylus,Perses (Les) par Em. Burnouf,The Persians by Em. Burnouf,σελίδες 48,5.—,,
1904,IMG_1391.jpeg,ΔΗΜΟΣΙΕΥΜΑΤΑ ΣΟΥΡΛΑ-ΓΕΡΑΡΔΟΥ,Sourlas-Gerardos Publications,Έλληνες Συγγραφεῖς,Δημοσθένης,Demosthenes,Δῆλοι Λόγοι κατ' ἐκλογήν,Selected Public Speeches,8ον,5.—,,Μετὰ κριτικῶν καὶ ἑρμηνευτικῶν σχολίων ὑπὸ Γ. Κωνσταντινίδου
1904,IMG_1391.jpeg,ϛ' ΚΛΑΣΙΚΟΙ ΕΛΛΗΝΕΣ ΚΑΙ ΛΑΤΙΝΟΙ ΣΥΓΓΡΑΦΕΙΣ,6. Classical Greek and Latin Authors,Α' ΕΛΛΗΝΕΣ,Ἀριστοφάνης,Aristophanes,Σφῆκες,The Wasps,"Τόμ. 3, σ. ιβ' 867 + 30",18.—,,Ἐκδοθεῖσαι κτλ. ὑπὸ Νεοφύτου Δούκα
1904,IMG_1392.jpeg,Λατῖνοι Συγγραφεῖς,Latin Authors,,Ovidius,Publius Ovidius Naso,OVIDII P. NASONIS Vol. III. Tristia. Ibis. Ex-Ponto libri. Fasti. Halieutica,"Ovid: Vol. III. Tristia, Ibis, Letters from Pontus, Fasti, Halieutica",,6.—,,
1904,IMG_1392.jpeg,Λατῖνοι Συγγραφεῖς,Latin Authors,,Ovidius,Publius Ovidius Naso,OVIDII P. NASONIS 1ab. Medicamina faciei. Ars amatoria. Remedia amoris,"Ovid: Facial Cosmetics, The Art of Love, Remedies for Love",,6.—,,
1904,IMG_1392.jpeg,Λατῖνοι Συγγραφεῖς,Latin Authors,,,,Metrologicorum et scriptorum Reliquiae,Relics of Metrological Writers,Τόμ. 2,32.—,,
1904,IMG_1392.jpeg,Λατῖνοι Συγγραφεῖς,Latin Authors,,Justinianus,Justinian I,JUSTINIANI Institutiones,Institutes of Justinian,,6.—,,
1904,IMG_1392.jpeg,Λατῖνοι Συγγραφεῖς,Latin Authors,,Cornelius Nepos,Cornelius Nepos,CORNELII NEPOTIS De excellentibus ducibus exterarum gentium,Cornelius Nepos: On the Eminent Commanders of Foreign Nations,,2.—,,
1904,IMG_1392.jpeg,Λατῖνοι Συγγραφεῖς,Latin Authors,,Aulus Gellius,Aulus Gellius,GELLII AULI Noctium Atticarum libri XX,"Aulus Gellius: Attic Nights, 20 books",Τόμ. 2,25.—,,
1904,IMG_1392.jpeg,Λατῖνοι Συγγραφεῖς,Latin Authors,,Eutropius,Eutropius,EUTROPII Breviarium historiae romanae,Eutropius: Abridgement of Roman History,,3.20,,
1904,IMG_1392.jpeg,Λατῖνοι Συγγραφεῖς,Latin Authors,,Q. Curtius Rufus,Quintus Curtius Rufus,CURTII Q. RUFI de gestis Alexandri Magni,Quintus Curtius Rufus: On the Deeds of Alexander the Great,,7.20,,
1904,IMG_1392.jpeg,Λατῖνοι Συγγραφεῖς,Latin Authors,,Plinius Younger,Pliny the Younger,PLINII CAECILII SECUNDI Epistulae,Pliny the Younger: Letters,,2.—,,
1904,IMG_1392.jpeg,Λατῖνοι Συγγραφεῖς,Latin Authors,CICERONIS Orationes Selectae XXI,Cicero,Marcus Tullius Cicero,"CICERONIS Orationes Selectae XXI. Pars II: Orat. pro Sulla, pro Archia, pro Sestio, pro Plancio, pro Milone, pro Marcello, pro Ligario, pro Deiotaro, Philippicae I, II, XIV","Cicero's Selected Orations 21, Part II",,5.—,,
1904,IMG_1392.jpeg,Λατῖνοι Συγγραφεῖς,Latin Authors,,Horatius,Quintus Horatius Flaccus,HORATII Q. FLACCI Opera omnia,Horace: Complete Works,,5.—,,
1904,IMG_1392.jpeg,Λατῖνοι Συγγραφεῖς,Latin Authors,,Plinius Elder,Pliny the Elder,PLINII SECUNDI Naturalis Historiae libri XXXIII-XXXVII,"Pliny the Elder: Natural History, Books XXXIII-XXXVII",,7.20,,
1904,IMG_1392.jpeg,Λατῖνοι Συγγραφεῖς,Latin Authors,Β΄ ΤΗΣ ΕΝ ΛΕΙΨΙᾼ ΣΤΕΡΕΟΤ. ΕΚΔΟΣΕΩΣ TAUCHNITZ,Ovidius,Publius Ovidius Naso,P. OVIDII NASONIS opera omnia. Τ. I-IX,Ovid: Complete Works. Vol. I-IX,Τ. I-IX,5.—,,Tauchnitz edition
1904,IMG_1392.jpeg,Λατῖνοι Συγγραφεῖς,Latin Authors,,Sallustius,Gaius Sallustius Crispus,SALLUSTI GAI CRISPI de Catilina et de bello Iugurtico,Sallust: On Catiline and the Jugurthine War,,3.—,,
1904,IMG_1392.jpeg,Λατῖνοι Συγγραφεῖς,Latin Authors,,Suetonius,Gaius Suetonius Tranquillus,"SUETONI Tranquilli, quae supersunt omnia",Suetonius: Complete Extant Works,,9.—,,
1904,IMG_1392.jpeg,Λατῖνοι Συγγραφεῖς,Latin Authors,,Tacitus,Publius Cornelius Tacitus,TACITI C. CORNELII Opera,Tacitus: Works,Τόμ. 2,15.—,,
1904,IMG_1392.jpeg,Λατῖνοι Συγγραφεῖς,Latin Authors,,Livius,Titus Livius,TITI LIVI Ab urbe condita libri CXL,"Livy: From the Founding of the City, 140 books",Τόμ. 6,36.—,,
1904,IMG_1392.jpeg,Λατῖνοι Συγγραφεῖς,Latin Authors,,Vergilius,Publius Vergilius Maro,VERGILI P. MARONIS Opera omnia,Virgil: Complete Works,,9.—,,
1904,IMG_1392.jpeg,Λατῖνοι Συγγραφεῖς,Latin Authors,,Vergilius,Publius Vergilius Maro,VERGILI P. MARONIS Eneis,Virgil: Aeneid,,6.—,,
1904,IMG_1392.jpeg,Λατῖνοι Συγγραφεῖς,Latin Authors,,Vergilius,Publius Vergilius Maro,VERGILI P. MARONIS Bucolica et Georgica,Virgil: Eclogues and Georgics,,3.—,,
1904,IMG_1392.jpeg,Λατῖνοι Συγγραφεῖς,Latin Authors,Β΄ ΤΗΣ ΕΝ ΛΕΙΨΙᾼ ΣΤΕΡΕΟΤ. ΕΚΔΟΣΕΩΣ TAUCHNITZ,Cicero,Marcus Tullius Cicero,"CICERONIS Opera. Vol. I, 8ov","Cicero: Works. Vol. I, 8vo",8ov,9.—,,Tauchnitz edition
1904,IMG_1392.jpeg,Λατῖνοι Συγγραφεῖς,Latin Authors,Β΄ ΤΗΣ ΕΝ ΛΕΙΨΙᾼ ΣΤΕΡΕΟΤ. ΕΚΔΟΣΕΩΣ TAUCHNITZ,Cicero,Marcus Tullius Cicero,CICERONIS Opera № 13. Orationes,Cicero: Works No. 13. Orations,,3.20,,Tauchnitz edition
1904,IMG_1392.jpeg,Λατῖνοι Συγγραφεῖς,Latin Authors,CICERONIS Orationes Selectae XXI,Cicero,Marcus Tullius Cicero,"CICERONIS Orationes Selectae XXI. Pars I: Orat. pro Roscio Amerino, in Caecilium, in Verrem IV et V, pro lege Manilia, in Catilinam, pro Murena","Cicero's Selected Orations 21, Part I",,5.—,,
1904,IMG_1392.jpeg,Λατῖνοι Συγγραφεῖς,Latin Authors,Γ΄ ΤΗΣ ΕΝ ΑΘΗΝΑΙΣ ΣΤΕΡΕΟΤ. ΕΚΔΟΣΕΩΣ Ε. ΚΟΦΙΝΙΩΤΟΥ,Caesar,Gaius Julius Caesar,"CESARIS de bello civili. Pars I, II - bri I-II","Caesar: On the Civil War. Parts I, II - books I-II",,3.20,,E. Kofiniotou Stereotype Edition
1904,IMG_1392.jpeg,Λατῖνοι Συγγραφεῖς,Latin Authors,Γ΄ ΤΗΣ ΕΝ ΑΘΗΝΑΙΣ ΣΤΕΡΕΟΤ. ΕΚΔΟΣΕΩΣ Ε. ΚΟΦΙΝΙΩΤΟΥ,Κικέρων,Marcus Tullius Cicero,ΚΙΚΕΡΩΝΟΣ ΜΑΡΚΟΥ ΤΥΛΛΙΟΥ Διάλογος ἤτοι Περὶ Φιλίας,Cicero: Dialogue or On Friendship,"8ον, σελ. 39",5.—,,"E. Kofiniotou Stereotype Edition, 2nd edition"
1904,IMG_1392.jpeg,Λατῖνοι Συγγραφεῖς,Latin Authors,,Quintilianus,Marcus Fabius Quintilianus,QUINTILIANI M. FABII Institutionis oratoriae libri XII,"Quintilian: Institutes of Oratory, 12 books",Τόμ. 2,15.—,,
1904,IMG_1392.jpeg,Λατῖνοι Συγγραφεῖς,Latin Authors,,Cicero,Marcus Tullius Cicero,"Cato maior de senectute, Laelius de amicitia, Paradoxa (№ 37)","Cato the Elder on Old Age, Laelius on Friendship, Paradoxes (No. 37)",,3.—,,
1904,IMG_1392.jpeg,Λατῖνοι Συγγραφεῖς,Latin Authors,,Ovidius,Publius Ovidius Naso,OVIDII P. NASONIS Vol. II. Metamorphoses,Ovid: Vol. II. Metamorphoses,,6.—,,
1904,IMG_1392.jpeg,Λατῖνοι Συγγραφεῖς,Latin Authors,,Cicero,Marcus Tullius Cicero,De legibus libri tres (№ 35),"On the Laws, three books (No. 35)",,4.—,,
1904,IMG_1392.jpeg,Λατῖνοι Συγγραφεῖς,Latin Authors,,Cicero,Marcus Tullius Cicero,Orationes № 9b. libri IV-V,Orations No. 9b. Books IV-V,,5.20,,
1904,IMG_1392.jpeg,Λατῖνοι Συγγραφεῖς,Latin Authors,,Cicero,Marcus Tullius Cicero,"Orationes № 10. Orationes pro M. Tullio, pro M. Fonteio, pro A. Caecina, de imperio Cn. Pompeii (pro lege Manilia)","Orations No. 10. Speeches for M. Tullius, M. Fonteius, A. Caecina, on the command of Cn. Pompeius",,5.20,,
1904,IMG_1392.jpeg,Λατῖνοι Συγγραφεῖς,Latin Authors,,Cicero,Marcus Tullius Cicero,"Orationes № 11. Orationes pro A. Cluentio Habito, pro A. Cornelia (pro lege agraria), pro C. Rabirio perduellionis reo","Orations No. 11. Speeches for A. Cluentius Habitus, A. Cornelia, C. Rabirius",,4.20,,
1904,IMG_1392.jpeg,Λατῖνοι Συγγραφεῖς,Latin Authors,,Cicero,Marcus Tullius Cicero,"Orationes № 12. in L. Catilinam quattuor, pro L. Murena","Orations No. 12. Four speeches against Catiline, for L. Murena",,3.—,,
1904,IMG_1392.jpeg,Λατῖνοι Συγγραφεῖς,Latin Authors,,Cicero,Marcus Tullius Cicero,"Orationes № 13. pro P. Sulla, pro Archia poeta, pro Flacco","Orations No. 13. Speeches for P. Sulla, Archias the poet, Flaccus",,4.—,,
1904,IMG_1392.jpeg,Λατῖνοι Συγγραφεῖς,Latin Authors,,Cicero,Marcus Tullius Cicero,"Orationes № 14. post reditum in senatu, post reditum ad Quirites, de domo sua, de haruspicum responso","Orations No. 14. Speeches after his return, etc.",,4.—,,
1904,IMG_1392.jpeg,Λατῖνοι Συγγραφεῖς,Latin Authors,,Cicero,Marcus Tullius Cicero,"Orationes № 15. pro P. Sestio, in P. Vatinium, pro M. Caelio","Orations No. 15. Speeches for P. Sestius, against P. Vatinius, for M. Caelius",,4.—,,
1904,IMG_1392.jpeg,Λατῖνοι Συγγραφεῖς,Latin Authors,,Cicero,Marcus Tullius Cicero,"Orationes № 16. de provinciis consularibus, pro L. Cornelio Balbo, in L. Calpurnium Pisonem, pro Plancio, pro Rabirio Postumo","Orations No. 16. Speeches on consular provinces, for Balbus, against Piso, etc.",,4.—,,
1904,IMG_1392.jpeg,Λατῖνοι Συγγραφεῖς,Latin Authors,,Cicero,Marcus Tullius Cicero,Orationes № 18. in M. Antonium Philippicae XIV,Orations No. 18. 14 Philippics against Mark Antony,,5.20,,
1904,IMG_1392.jpeg,Λατῖνοι Συγγραφεῖς,Latin Authors,,Cicero,Marcus Tullius Cicero,Epistolarum ad familiares libri I-IV (№ 19),"Letters to Friends, Books I-IV (No. 19)",,4.—,,
1904,IMG_1392.jpeg,Λατῖνοι Συγγραφεῖς,Latin Authors,,Cicero,Marcus Tullius Cicero,Epistolarum ad familiares libri V-VIII (№ 20),"Letters to Friends, Books V-VIII (No. 20)",,4.—,,
1904,IMG_1392.jpeg,Λατῖνοι Συγγραφεῖς,Latin Authors,,Cicero,Marcus Tullius Cicero,Epistolarum ad familiares libri IX-XII (№ 21),"Letters to Friends, Books IX-XII (No. 21)",,4.—,,
1904,IMG_1392.jpeg,Λατῖνοι Συγγραφεῖς,Latin Authors,,Cicero,Marcus Tullius Cicero,"Orationes № 17. pro T. Annio Milone, pro M. Marcello, pro Q. Ligario, pro rege Deiotaro","Orations No. 17. Speeches for Milo, Marcellus, Ligarius, King Deiotarus",,3.—,,
1904,IMG_1392.jpeg,Λατῖνοι Συγγραφεῖς,Latin Authors,,Cicero,Marcus Tullius Cicero,"Epistolae ad Quintum fratrem, Q. Ciceronis de petitione consulatus ad M. fratrem liber (№ 23)","Letters to Quintus, Q. Cicero on canvassing for the consulship",,3.—,,
1904,IMG_1392.jpeg,Λατῖνοι Συγγραφεῖς,Latin Authors,,Cicero,Marcus Tullius Cicero,De re publica liberum de divinatione quae supersunt (№ 34),"On the Republic, etc. (No. 34)",,4.—,,
1904,IMG_1392.jpeg,Λατῖνοι Συγγραφεῖς,Latin Authors,,Cicero,Marcus Tullius Cicero,Epistolarum ad familiares libri XIII-XVI (№ 22),"Letters to Friends, Books XIII-XVI (No. 22)",,4.—,,
1904,IMG_1392.jpeg,Λατῖνοι Συγγραφεῖς,Latin Authors,,Cicero,Marcus Tullius Cicero,De natura deorum libri tres (№ 32),"On the Nature of the Gods, three books (No. 32)",,4.—,,
1904,IMG_1392.jpeg,Λατῖνοι Συγγραφεῖς,Latin Authors,,Cicero,Marcus Tullius Cicero,Tusculanarum disputationum libri quinque (№ 31),"Tusculan Disputations, five books (No. 31)",,4.20,,
1904,IMG_1392.jpeg,Λατῖνοι Συγγραφεῖς,Latin Authors,,Cicero,Marcus Tullius Cicero,De finibus bonorum et malorum libri quinque (№ 30),"On the Ends of Good and Evil, five books (No. 30)",,4.20,,
1904,IMG_1392.jpeg,Λατῖνοι Συγγραφεῖς,Latin Authors,,Cicero,Marcus Tullius Cicero,Academicorum libri duo. - Varronem libri duo (№ 29),Academica two books. - Varro two books (No. 29),,4.—,,
1904,IMG_1392.jpeg,Λατῖνοι Συγγραφεῖς,Latin Authors,,Cicero,Marcus Tullius Cicero,"De divinatione libri duo, de fato (№ 33)","On Divination two books, On Fate (No. 33)",,4.—,,
1904,IMG_1392.jpeg,Λατῖνοι Συγγραφεῖς,Latin Authors,,Cicero,Marcus Tullius Cicero,Epistolarum ad Atticum libri XIII-XVI (№ 27),"Letters to Atticus, Books XIII-XVI (No. 27)",,6.—,,
1904,IMG_1392.jpeg,Λατῖνοι Συγγραφεῖς,Latin Authors,,Cicero,Marcus Tullius Cicero,Epistolarum ad Atticum libri IX-XII (№ 26),"Letters to Atticus, Books IX-XII (No. 26)",,6.—,,
1904,IMG_1392.jpeg,Λατῖνοι Συγγραφεῖς,Latin Authors,,Cicero,Marcus Tullius Cicero,Epistolarum ad Atticum libri V-VIII (№ 25),"Letters to Atticus, Books V-VIII (No. 25)",,6.—,,
1904,IMG_1392.jpeg,Λατῖνοι Συγγραφεῖς,Latin Authors,,Cicero,Marcus Tullius Cicero,Epistolarum ad Atticum libri I-IV (№ 24),"Letters to Atticus, Books I-IV (No. 24)",,6.—,,
1904,IMG_1392.jpeg,Λατῖνοι Συγγραφεῖς,Latin Authors,,Cicero,Marcus Tullius Cicero,Epistolarum ad Brutum libri duo et epistolae ad Octavium (№ 28),Letters to Brutus in two books and letters to Octavius (No. 28),,4.—,,
1904,IMG_1392.jpeg,Λατῖνοι Συγγραφεῖς,Latin Authors,,Cicero,Marcus Tullius Cicero,De officiis libri tres (№ 36),"On Duties, three books (No. 36)",,4.—,,
1904,IMG_1393.jpeg,Έλληνες Συγγραφείς,Greek Authors,,ΗΣΙΟΔΟΥ,Hesiod,"Ἐξιδύλλια, μεταφρασθεῖσα ὑπὸ Ι. Δούκα","Idylls, translated by I. Doukas",σελ. 150,9.—,,
1904,IMG_1393.jpeg,Έλληνες Συγγραφείς,Greek Authors,,ΞΕΝΟΦΩΝΤΟΣ,Xenophon,Ἀπομνημονεύματα,Memorabilia,σελ. 176,6.—,,μετὰ σημειώσεων ὑπὸ Ἰωακεὶμ Βαλαβάνη
1904,IMG_1393.jpeg,Έλληνες Συγγραφείς,Greek Authors,,ΙΣΟΚΡΑΤΟΥΣ,Isocrates,Ἀρεοπαγιτικὸς καὶ Πανηγυρικός,Areopagiticus and Panegyricus,"8ον, σελ. 112",8.20,,μετὰ σχολίων Κ. Κορινθίου
1904,IMG_1393.jpeg,Έλληνες Συγγραφείς,Greek Authors,,ΘΟΥΚΥΔΙΔΟΥ,Thucydides,Ἐπιτάφιος τοῦ Περικλέους καὶ Διάλογος τῶν Μηλίων,Pericles' Funeral Oration and Melian Dialogue,"8ον, σελίδα 80",6.—,,μετὰ σημειώσεων ὑπὸ Β. Γ. Βουβούλη
1904,IMG_1393.jpeg,Έλληνες Συγγραφείς,Greek Authors,,ΘΟΥΚΥΔΙΔΟΥ,Thucydides,"Ἱστορία, Βιβλίον Α', Τεῦχος Δ'","History, Book A, Issue D",σελ. 40,3.—,,
1904,IMG_1393.jpeg,Έλληνες Συγγραφείς,Greek Authors,,ΘΟΥΚΥΔΙΔΟΥ,Thucydides,"Ἱστορία, Βιβλίον Α', Τεῦχος Γ'","History, Book A, Issue C",σελ. 47,3.—,,
1904,IMG_1393.jpeg,Έλληνες Συγγραφείς,Greek Authors,,ΘΟΥΚΥΔΙΔΟΥ,Thucydides,"Ἱστορία, Βιβλίον Α', Τεῦχος Β'","History, Book A, Issue B",σελ. 155,9.—,,
1904,IMG_1393.jpeg,Έλληνες Συγγραφείς,Greek Authors,,ΘΟΥΚΥΔΙΔΟΥ,Thucydides,"Ἱστορία, Βιβλίον Α', Τεῦχος Α'","History, Book A, Issue A",σελ. 80,6.—,,ὑπὸ Β. Γ. Βουβούλη
1904,IMG_1393.jpeg,Έλληνες Συγγραφείς,Greek Authors,,ΘΕΟΚΡΙΤΟΥ,Theocritus,"Εἰδύλλια, μεταφρασθέντα","Idylls, translated","8ον, σελ. 22",2.20,,ὑπὸ Π. Ι. Βέη
1904,IMG_1393.jpeg,Έλληνες Συγγραφείς,Greek Authors,,ΗΣΙΟΔΟΥ,Hesiod,"Ἅπαντα, ἐξ ἐρμηνείας Καρύδου","Works, interpretation by Karydos","8ον, σελ. 154",5.—,,
1904,IMG_1393.jpeg,Έλληνες Συγγραφείς,Greek Authors,,ΗΡΟΔΟΤΟΥ,Herodotus,"Ἱστορία, ἐξηγηθεῖσα ὑπὸ Ε. Κ. Κορωνίου","History, annotated by E. K. Koronios","τόμ. 2, 8ον",11.—,,
1904,IMG_1393.jpeg,Έλληνες Συγγραφείς,Greek Authors,,ΗΡΟΔΟΤΟΥ,Herodotus,"Ἱστορία, μετὰ ἐκλογῆς περὶ τοῦ βίου αὐτοῦ","History, with selections on his life","8ον, σελ. 184",10.—,,ὑπὸ Ε. Κ. Κορωνίου
1904,IMG_1393.jpeg,Έλληνες Συγγραφείς,Greek Authors,,ΕΥΡΙΠΙΔΟΥ,Euripides,Les Phéniciennes avec un choix de scholies grecques et des notes,The Phoenician Women with a selection of Greek scholia and notes,"8ον, σελ. 184",20.—,,par Fr. Thurot
1904,IMG_1393.jpeg,Έλληνες Συγγραφείς,Greek Authors,,ΕΥΡΙΠΙΔΟΥ,Euripides,"Σχόλια, ὑπὸ Δ. Γ. Παπαγεωργίου","Scholia, by D. G. Papageorgiou","8ον, σελ. 100",3.—,,
1904,IMG_1393.jpeg,Έλληνες Συγγραφείς,Greek Authors,,ΕΥΡΙΠΙΔΟΥ,Euripides,"Σχόλια, ὑπὸ Ι. Καστόρχη","Scholia, by I. Kastorchis","8ον, σελ. 100",3.20,,
1904,IMG_1393.jpeg,Έλληνες Συγγραφείς,Greek Authors,,ΕΥΡΙΠΙΔΟΥ,Euripides,"Μήδεια, μεταφρασθεῖσα ὑπὸ Γ. Μ. Σακελλαρίου","Medea, translated by G. M. Sakellariou","8ον, σελ. 40",3.—,,
1904,IMG_1393.jpeg,Έλληνες Συγγραφείς,Greek Authors,,ΕΥΡΙΠΙΔΟΥ,Euripides,"Μήδεια, κείμενον καὶ μετάφρασις","Medea, text and translation","8ον, σελ. 96+",7.20,,ὑπὸ Α. Σ. Σακελλαριάδου
1904,IMG_1393.jpeg,Έλληνες Συγγραφείς,Greek Authors,,ΗΡΟΔΟΤΟΥ,Herodotus,"Περσικοὶ πόλεμοι, κατ' ἐκλογὴν ἐκ τῶν βιβλίων Ε-Θ","Persian Wars, selected from Books E-Th","8ον, σελ. 205",9.—,,ὑπὸ Εὐαγγ. Κορτοπέλη
1904,IMG_1394.jpeg,Έλληνες Συγγραφεῖς,Greek Authors,,Ὅμηρος,Homer,"Ἰλιάς, μετά σχολίων καί ἐκδοθεῖσα ὑπό Γ. Μιστριώτου (Τόμος Γ΄, τεῦχος Β΄, ραψῳδία Φ-Ω)","Iliad, edited with scholia by G. Mistriotis (Volume C, issue B, rhapsody F-O)","8ον, σελίδες 438",16.20,,
1904,IMG_1394.jpeg,Έλληνες Συγγραφεῖς,Greek Authors,,Ὅμηρος,Homer,"Ἰλιάς, μετά σχολίων καί ἐκδοθεῖσα ὑπό Γ. Μιστριώτου (Τόμος Β΄, τεῦχος Β΄, ραψῳδία Λ-Ο)","Iliad, edited with scholia by G. Mistriotis (Volume B, issue B, rhapsody L-O)","8ον, σελίδες 260",45.—,,
1904,IMG_1394.jpeg,Έλληνες Συγγραφεῖς,Greek Authors,,Ὅμηρος,Homer,"Ἰλιάς, μετά σχολίων καί ἐκδοθεῖσα ὑπό Γ. Μιστριώτου (Τόμος Β΄, τεῦχος Α΄, ραψῳδία Η-Κ)","Iliad, edited with scholia by G. Mistriotis (Volume B, issue A, rhapsody H-K)","8ον, σελίδες 236",15.—,,
1904,IMG_1394.jpeg,Έλληνες Συγγραφεῖς,Greek Authors,,Ὅμηρος,Homer,"Ἰλιάς, μετά σχολίων καί ἐκδοθεῖσα ὑπό Γ. Μιστριώτου (Τόμος Α΄, ραψῳδία Γ-Ζ)","Iliad, edited with scholia by G. Mistriotis (Volume A, rhapsody C-Z)","8ον, σελίδες 236",15.—,,
1904,IMG_1394.jpeg,Έλληνες Συγγραφεῖς,Greek Authors,,Ὅμηρος,Homer,"Ἰλιάς, μετά σχολίων καί ἐκδοθεῖσα ὑπό Γ. Μιστριώτου (Τόμος Α΄, ραψῳδία Α-Β)","Iliad, edited with scholia by G. Mistriotis (Volume A, rhapsody A-B)","8ον, σελ. 15–208",12.—,,
1904,IMG_1394.jpeg,Έλληνες Συγγραφεῖς,Greek Authors,,Ὅμηρος,Homer,Ἰλιάδος μετάφρασις Ἀνέστη Κωνσταντινίδου,Iliad translation by Anestis Konstantinidou,σελ. 474 + 10,6.—,,
1904,IMG_1394.jpeg,Έλληνες Συγγραφεῖς,Greek Authors,,Ὅμηρος,Homer,Ἰλιάς σύν τοῖς σχολίοις ψευδεπιγράφοις Διδύμου,Iliad with the pseudo-Didymus scholia,"Τόμοι 2, σελίδες 836, δεδεμένη",40.—,,
1904,IMG_1394.jpeg,Έλληνες Συγγραφεῖς,Greek Authors,,Ὅμηρος,Homer,"Ἰλιάς, παραφρασθεῖσα καί ὁμοιοκαταλήκτως στιχουργηθεῖσα μεθ' ὑποσημειώσεων κτλ. καί χαλκογραφικῶν εἰκόνων, παρά Γεωργίου 'Ρουσιάνδου","Iliad, paraphrased and rhymed verse with footnotes etc. and copperplate illustrations, by Georgios Rousiandos","δεδεμένη εἰς 5 τόμους, 8ον, σελίδες 1224",9.—,,
1904,IMG_1394.jpeg,Έλληνες Συγγραφεῖς,Greek Authors,,Ὅμηρος,Homer,Ἰλιάδος σφαιρική ἄνησις καί τοπογραφία μετά 2 στρατηγικῶν πινάκων ὑπό Γ. Νικολαΐδου,Iliad topographics and geography with 2 strategic maps by G. Nikolaidou,"8ον, σ. 340 + 25",50.—,,
1904,IMG_1394.jpeg,Έλληνες Συγγραφεῖς,Greek Authors,,Ὅμηρος,Homer,"Ἰλιάδος ἐξάμετρος ἀπόδοσις μετάφρασις ὑπό Β. Ἀποστολίδου Μέρος Α΄, ῥαψῳδία Α-Μ","Iliad hexameter translation by V. Apostolidou Part A, rhapsody A-M","8ον, σ. 330+ 20",25.—,,
1904,IMG_1394.jpeg,Έλληνες Συγγραφεῖς,Greek Authors,,Ξενοφῶν Ἐφέσιος,Xenophon of Ephesus,"Τά κατ' Ἀνθίαν καί Ἁβροκόμην, μετάφρασις Κ. Ἰ. Καρρᾶ","Ephesian Tale of Anthia and Habrocomes, translation by K. I. Karra",σελίδες 104 +,2.20,,
1904,IMG_1394.jpeg,Έλληνες Συγγραφεῖς,Greek Authors,,Ὅμηρος,Homer,"Ἰλιάς, μετά σημειώσεων κατά τόν La Roche καί ἑρμηνείας ὑπό Α. Σ. Καραδημήτρη","Iliad, with notes after La Roche and commentary by A. S. Karadimitri","Τ. 8, 8ον, 1732 + 100",10.—,,
1904,IMG_1394.jpeg,Έλληνες Συγγραφεῖς,Greek Authors,,Ὅμηρος,Homer,"Ἰλιάς, ὑπό Ἐμμ. Γαλάτη, Τεῦχ. 3, ῥαψῳδίαι Α, Β, Γ τῆς Ἰλιάδος","Iliad, by Emm. Galatis, Part 3, rhapsodies A, B, C of the Iliad","3ον, σελίδες ἦ΄–550 +",6.—,,
1904,IMG_1394.jpeg,Έλληνες Συγγραφεῖς,Greek Authors,,Ὅμηρος,Homer,"Ὀδύσσεια, μετά σημειώσεων, ὑπό Β. Βυβουλάκη","Odyssey, with notes, by V. Vyvoulaki","τεῦχ. 2, σελ. 224 +",8.—,,
1904,IMG_1394.jpeg,Έλληνες Συγγραφεῖς,Greek Authors,,Ὅμηρος,Homer,"Ὀδύσσεια, ὑπό Κ. Ἀμφιέλη. Δι' ἐπισχολίων καί ἑρμηνείας, ὑπό Α. Σ. Καραδημητρίου, ραψῳδίαι Α-Θ","Odyssey, by K. Amfielis. With commentary and interpretation by A. S. Karadimitriou, rhapsodies A-TH","8ον, σελίδες 496 +",6.—,,
1904,IMG_1394.jpeg,Έλληνες Συγγραφεῖς,Greek Authors,,Ὅμηρος,Homer,"Ὀδύσσεια, μεθερμηνευθεῖσα εἰς τήν καθωμιλημένην πρός χρῆσιν τοῦ λαοῦ ὑπό Ν. Αργυριάδου","Odyssey, translated into the vernacular for public use by N. Argyriadou",σελ. 304 + 20,18.—,,
1904,IMG_1394.jpeg,Έλληνες Συγγραφεῖς,Greek Authors,,Ὅμηρος,Homer,"Ὀδύσσεια, ραψῳδία Κ, μετάφρασις Νικ. Κυριακοῦ","Odyssey, rhapsody K, translation by Nik. Kyriakou",σελ. 26,1.—,,
1904,IMG_1394.jpeg,Έλληνες Συγγραφεῖς,Greek Authors,,Ὅμηρος,Homer,"Ὀδύσσεια, μετάφρασις Ἀνέστη Κωνσταντινίδου, μετά εἰκόνων","Odyssey, translation by Anestis Konstantinidou, illustrated",σελ. 304 + δεδεμ. 355 +,10.—,,
1904,IMG_1394.jpeg,Έλληνες Συγγραφεῖς,Greek Authors,,Ὅμηρος,Homer,"Ὀδύσσεια, ἔμμετρος μετάφρασις Ἰακώβου Πολυλᾶ","Odyssey, verse translation by Iakovos Polylas","τεῦχη 4, 8ον, σελίδες 355 +",6.—,,
1904,IMG_1394.jpeg,Έλληνες Συγγραφεῖς,Greek Authors,,Ὅμηρος,Homer,"Ὀδύσσεια, μετάφρασις, ἐκδ. Ἀ. Ἀ. Σακελλαρίου","Odyssey, translation, ed. A. A. Sakellariou",σελίδες 314 +,6.—,,
1904,IMG_1394.jpeg,Έλληνες Συγγραφεῖς,Greek Authors,,Ὅμηρος,Homer,"Ὀδύσσεια, μετενεχθεῖσα εἰς τήν καθωμιλημένην, ὑπό Κ. Φιλαδέλφους","Odyssey, rendered into vernacular, by K. Filadelfous","8ον, σελίδες 410+",8.—,,
1904,IMG_1394.jpeg,Έλληνες Συγγραφεῖς,Greek Authors,,Ὅμηρος,Homer,"Ὀδύσσεια, μετενεχθεῖσα εἰς τήν καθωμιλημένην μετά σημειώσεων, ὑπό Σ. Χωστέλλη (Τεῦχος Α΄, Α-Ε)","Odyssey, rendered into vernacular with notes, by S. Chostellis (Issue A, A-E)","8ον, σελ. 91",5.—,,
1904,IMG_1394.jpeg,Έλληνες Συγγραφεῖς,Greek Authors,,Ὅμηρος,Homer,"Ὀδύσσεια, μετενεχθεῖσα εἰς τήν καθωμιλημένην μετά σημειώσεων, ὑπό Σ. Χωστέλλη (Τεῦχος Β΄, Ζ-Μ)","Odyssey, rendered into vernacular with notes, by S. Chostellis (Issue B, Z-M)","8ον, σελ. 112",5.—,,
1904,IMG_1394.jpeg,Έλληνες Συγγραφεῖς,Greek Authors,,Ὅμηρος,Homer,"Ὀδύσσεια, μετενεχθεῖσα εἰς τήν καθωμιλημένην μετά σημειώσεων, ὑπό Σ. Χωστέλλη (Τεῦχος Γ΄, Ν-Σ)","Odyssey, rendered into vernacular with notes, by S. Chostellis (Issue C, N-S)","8ον, σελ. 93",5.—,,
1904,IMG_1394.jpeg,Έλληνες Συγγραφεῖς,Greek Authors,,Ὅμηρος,Homer,"Ὀδύσσεια, μετενεχθεῖσα εἰς τήν καθωμιλημένην μετά σημειώσεων, ὑπό Σ. Χωστέλλη (Τεῦχος Δ΄, Τ-Ω)","Odyssey, rendered into vernacular with notes, by S. Chostellis (Issue D, T-O)","8ον, σελ. 87",5.—,,
1904,IMG_1394.jpeg,Έλληνες Συγγραφεῖς,Greek Authors,Συγγραφεῖς Ἑλληνικῆς Βιβλιοθήκης,Ξενοφῶν,Xenophon,Συγγράμματα ἐκ διορθώσεως καί ἑρμηνείας Ἰωάννου Πανταζίδου. Τόμος Α΄: Ἀνάβασις,Works revised and interpreted by Ioannis Pantazidis. Volume A: Anabasis,"8ον, σελίδες ια΄–646+",47.20,,
1904,IMG_1394.jpeg,Έλληνες Συγγραφεῖς,Greek Authors,,Ὅμηρος,Homer,"Ἰλιάς. Ἐπί τοῦ Βιβλίου, δι' οὗ δύναταί τις νά ννοῇ τόν Ὅμηρον, μεταφρασθέν ἐκ τοῦ ἀγγλικοῦ καί πλουτισθέν ὑπό Δ. Ι. Κορμητέα. Ἰλιάς","Iliad. Book enabling understanding of Homer, translated from English and enriched by D. I. Kormitea. Iliad","8ον, σελ. 656, δεδεμένη +",25.—,,
1904,IMG_1394.jpeg,Έλληνες Συγγραφεῖς,Greek Authors,,Ξενοφῶν,Xenophon,"Ὀικονομικός Ἀνάλογος, φιλοπονηθείς, ὑπό Γ. Α. Αριστείδου","Oeconomicus, edited by G. A. Aristeidou",σελίδες 103 +,10.—,,
1904,IMG_1394.jpeg,Έλληνες Συγγραφεῖς,Greek Authors,,Ὅμηρος,Homer,"Ἰλιάς, μετά σχολίων καί ἐκδοθεῖσα ὑπό Γ. Μιστριώτου (Τόμος Γ΄, τεῦχος Α΄, ραψῳδία Π-Υ)","Iliad, edited with scholia by G. Mistriotis (Volume C, issue A, rhapsody P-Y)","8ον, σελίδες 498",16.20,,
1904,IMG_1394.jpeg,Έλληνες Συγγραφεῖς,Greek Authors,,Ξενοφῶν,Xenophon,"Κύρου Παιδείας καί Ἑλληνικῶν ἐκλογή, μετά σημειώσεων, ὑπό Γ. Ι. Απαδασκέτου","Selection from Cyropaedia and Hellenica, with notes, by G. I. Apadasketou","8ον, σελ. 162 +",6.—,,
1904,IMG_1394.jpeg,Έλληνες Συγγραφεῖς,Greek Authors,,Ξενοφῶν,Xenophon,Απομνημονεύματα μετά σχολίων κατά τόν Lühwitz Breitenbach,Memorabilia with notes after Lühwitz Breitenbach,σελίδες 158,5.—,,
1904,IMG_1394.jpeg,Έλληνες Συγγραφεῖς,Greek Authors,,Ξενοφῶν,Xenophon,"Απομνημονεύματα, μετά εἰσαγωγῆς καί σημειώσεων, ὑπό Γ. Μεταξοπούλου","Memorabilia, with introduction and notes, by G. Metaxopoulos",σελίδες 254 +,12.—,,
1904,IMG_1394.jpeg,Έλληνες Συγγραφεῖς,Greek Authors,,Ξενοφῶν,Xenophon,"Απομνημονεύματα, μετά εἰσαγωγῆς καί σημειώσεων, παρά τῆς γραμματικῆς ὡς καί παραρτήματος μετά σημειώσεων","Memorabilia, with introduction and notes, grammar and appendix with notes",σελίδες 218 +,6.—,,
1904,IMG_1394.jpeg,Έλληνες Συγγραφεῖς,Greek Authors,,Ξενοφῶν,Xenophon,"Απομνημονεύματα, μετά εἰσαγωγῆς, παρατηρήσεων, συνδέσεως τῶν λέξεων καί μεταφράσεως εἰς τήν καθωμιλημένην, ὑπό Εὐαγγ. Γ. Παπαχατζῆ. Τεῦχος Α΄: Βιβλίον Α΄ καί Β΄","Memorabilia, with introduction, observations, word syntax and translation into vernacular, by Evang. G. Papachatzi. Issue A: Book A and B",σελίδες 215 +,9.—,,
1904,IMG_1394.jpeg,Έλληνες Συγγραφεῖς,Greek Authors,,Ξενοφῶν,Xenophon,"Απομνημονεύματα, μετά σημειώσεων, ὑπό Α. Σταθακοπούλου","Memorabilia, with notes, by A. Stathakopoulos",σ. 280 +,12.—,,
1904,IMG_1394.jpeg,Έλληνες Συγγραφεῖς,Greek Authors,,Ξενοφῶν,Xenophon,"Απομνημονεύματα, μετά εἰσαγωγῆς καί σημειώσεων, ὑπό Ε. Δ. Τσακαλώτου","Memorabilia, with introduction and notes, by E. D. Tsakalotos","8ον, σελίδες 208 +",15.—,,
1904,IMG_1394.jpeg,Έλληνες Συγγραφεῖς,Greek Authors,,Ξενοφῶν,Xenophon,"Ελληνικά, μετά σχολίων κατά τόν Büchsenschütz (Βιβλίον Α΄-Δ΄)","Hellenica, with notes after Büchsenschütz (Book A-D)",σ. 171,4.—,,
1904,IMG_1394.jpeg,Έλληνες Συγγραφεῖς,Greek Authors,,Ξενοφῶν,Xenophon,"Ελληνικά, μετά σχολίων κατά τόν Büchsenschütz (Βιβλίον Ε΄-Ζ΄)","Hellenica, with notes after Büchsenschütz (Book E-Z)",σ. 162,4.—,,
1904,IMG_1394.jpeg,Έλληνες Συγγραφεῖς,Greek Authors,,Ξενοφῶν,Xenophon,"Ἑλληνικά, κατ' ἐκλογήν ἐκ τοῦ Α΄ καί Β΄ βιβλίου μετά ποικίλων σχολίων ἑρμηνευτικῶν, κριτικῶν κτλ. ὑπό Δ. Ζηκίδου","Hellenica, selected from Books A and B with various explanatory and critical notes etc. by D. Zikidou","8ον, σελίδες 79 + 171 +",6.20,,
1904,IMG_1394.jpeg,Έλληνες Συγγραφεῖς,Greek Authors,,Ξενοφῶν,Xenophon,"Ἑλληνικά, μετά σημειώσεων, ὑπό Δ. Η. Κυριακοπούλου (Τεῦχος Α΄, Βιβλίον Α΄ καί Β΄)","Hellenica, with notes, by D. I. Kyriakopoulou (Issue A, Book A and B)","8ον, σελ. 1–134",12.—,,
1904,IMG_1394.jpeg,Έλληνες Συγγραφεῖς,Greek Authors,,Ξενοφῶν,Xenophon,"Ἑλληνικά, μετάφρασις Α΄ καί Β΄, μετά σημειώσεων","Hellenica, translation A and B, with notes","τόμ. 2, σ. 470 + 15",15.—,,
1904,IMG_1394.jpeg,Έλληνες Συγγραφεῖς,Greek Authors,,Ξενοφῶν,Xenophon,"Ἑλληνικά. Κείμενον, ἀνάλυσις καί ἑρμηνεία. Βιβλίον Α΄, ὑπό Β. Ι. Παλαμᾶ","Hellenica. Text, analysis and interpretation. Book A, by V. I. Palama","8ον, σελίδες 80+",6.—,,
1904,IMG_1394.jpeg,Έλληνες Συγγραφεῖς,Greek Authors,,Ξενοφῶν,Xenophon,"Ἱέρων ἤ Τυραννικός, ὑπό L. Breitenbach","Hiero or On Tyranny, by L. Breitenbach","8ον, σελίδες 70+",15.—,,
1904,IMG_1394.jpeg,Έλληνες Συγγραφεῖς,Greek Authors,,Ξενοφῶν,Xenophon,"Απομνημονεύματα μετάφρασις Ε. Δ. Τσακαλώτου, μετά προλεγομένων καί σημειώσεων","Memorabilia translation by E. D. Tsakalotos, with foreword and notes",σελίδες 207 +,4.—,,
1904,IMG_1394.jpeg,Έλληνες Συγγραφεῖς,Greek Authors,,Ξενοφῶν,Xenophon,"Κύρου Ἀνάβασις, μετενεχθεῖσα εἰς τήν γραμματικήν γλῶσσαν ὑπό Μ. Βρατσάνου (Τεῦχος Α΄, Βιβλ. Α-Β)","Anabasis of Cyrus, rendered into grammatical language by M. Vratsanos (Issue A, Book A-B)",σελ. 109,2.20,,
1904,IMG_1394.jpeg,Έλληνες Συγγραφεῖς,Greek Authors,Ἀπάνθισμα τῶν Ἑλληνικῶν Γραμματιῶν,Ξενοφῶν,Xenophon,"Κύρου Ἀνάβασις, Βιβλίον Α΄, Β΄ καί Γ΄, μετά ποικίλων σημειώσεων, ὑπό Ἰωακείμ Βαλαβάνη","Anabasis of Cyrus, Book A, B and C, with various notes, by Ioakeim Valavani",σελ. ἦ΄+ 203 + 257 +,7.—,,Τόμος Β΄ τοῦ Ἀπανθίσματος τῶν Ἑλληνικῶν Γραμματιῶν
1904,IMG_1394.jpeg,Έλληνες Συγγραφεῖς,Greek Authors,Ἀπάνθισμα τῶν Ἑλληνικῶν Γραμματιῶν,Ξενοφῶν,Xenophon,"Κύρου Ἀνάβασις, Βιβλίον Α΄ καί Β΄, μετά σχολίων σημειώσεων, ὑπό Ἀν. Γ. Τάγη","Anabasis of Cyrus, Book A and B, with explanatory notes, by An. G. Tagis",σελίδες ι΄-226 +,6.—,,Τόμος Β΄ τοῦ Ἀπανθίσματος τῶν Ἑλληνικῶν Γραμματιῶν
1904,IMG_1394.jpeg,Έλληνες Συγγραφεῖς,Greek Authors,,Ξενοφῶν,Xenophon,"Κύρου Ἀνάβασις, μετά σημειώσεων καί πίνακος γεωγραφικοῦ, ὑπό Γ. Α. Παπαβασιλείου (Γ΄ καί Δ΄)","Anabasis of Cyrus, with notes and geographic map, by G. A. Papavasileiou (Books C and D)",σελ. 140,9.—,,
1904,IMG_1394.jpeg,Έλληνες Συγγραφεῖς,Greek Authors,,Ξενοφῶν,Xenophon,"Κύρου Ἀνάβασις, μετά σημειώσεων καί πίνακος γεωγραφικοῦ, ὑπό Γ. Α. Παπαβασιλείου (Δύος Α΄ καί Β΄)","Anabasis of Cyrus, with notes and geographic map, by G. A. Papavasileiou (Books A and B)",σελ. 133,9.—,,
1904,IMG_1394.jpeg,Έλληνες Συγγραφεῖς,Greek Authors,,Ξενοφῶν,Xenophon,"Κύρου Ἀνάβασις, Βιβλίον Α΄-Δ΄, μετά ποικίλων σημειώσεων, εἰκόνων καί γεωγραφικοῦ χάρτου, ὑπό Ε. Κ. Κορφιωτάκη","Anabasis of Cyrus, Book A-D, with various notes, illustrations and geographic map, by E. K. Korfiotaki",σελ. 110 +,6.20,,
1904,IMG_1394.jpeg,Έλληνες Συγγραφεῖς,Greek Authors,,Ξενοφῶν,Xenophon,"Κύρου Ἀνάβασις, μετά σημειώσεων, ὑπό Α. Κασιγάνη","Anabasis of Cyrus, with notes, by A. Kasigani","τόμοι 2, 8ον, σελίδες 337 +",8.—,,
1904,IMG_1394.jpeg,Έλληνες Συγγραφεῖς,Greek Authors,,Ξενοφῶν,Xenophon,"Κύρου Ἀνάβασις, μετά σημειώσεων καί πίνακος γεωγραφικοῦ, ὑπό Γ. Α. Μπουκουβάλα","Anabasis of Cyrus, with notes and geographic map, by G. A. Boukouvala",σελ. 110 +,6.—,,
1904,IMG_1394.jpeg,Έλληνες Συγγραφεῖς,Greek Authors,,Ξενοφῶν,Xenophon,"Κύρου Ἀνάβασις, μετά ποικίλων σημειώσεων, ὑπό Γ. Δ. Ζηκίδου (Τεῦχος Β΄, Βιβλίον Γ΄ καί Δ΄)","Anabasis of Cyrus, with various notes, by G. D. Zikidou (Issue B, Book C and D)","8ον, σελίδες 176",9.—,,
1904,IMG_1394.jpeg,Έλληνες Συγγραφεῖς,Greek Authors,,Ξενοφῶν,Xenophon,"Κύρου Ἀνάβασις, μετά ποικίλων σημειώσεων, ὑπό Γ. Δ. Ζηκίδου (Τεῦχος Α΄, Βιβλίον Α΄ καί Β΄)","Anabasis of Cyrus, with various notes, by G. D. Zikidou (Issue A, Book A and B)","8ον, σελίδες 151",9.—,,
1904,IMG_1394.jpeg,Έλληνες Συγγραφεῖς,Greek Authors,,Ξενοφῶν,Xenophon,"Κύρου Ἀνάβασις, μετενεχθεῖσα εἰς τήν γραμματικήν γλῶσσαν ὑπό Μ. Βρατσάνου (Τεῦχος Γ΄, Βιβλ. Ε-Ζ)","Anabasis of Cyrus, rendered into grammatical language by M. Vratsanos (Issue C, Book E-Z)",σελ. 192,6.—,,
1904,IMG_1394.jpeg,Έλληνες Συγγραφεῖς,Greek Authors,,Ξενοφῶν,Xenophon,"Κύρου Ἀνάβασις, μετενεχθεῖσα εἰς τήν γραμματικήν γλῶσσαν ὑπό Μ. Βρατσάνου (Τεῦχος Β΄, Βιβλ. Γ-Δ)","Anabasis of Cyrus, rendered into grammatical language by M. Vratsanos (Issue B, Book C-D)",σελ. 103,3.20,,
1904,IMG_1394.jpeg,Έλληνες Συγγραφεῖς,Greek Authors,Ἀπάνθισμα τῶν Ἑλληνικῶν Γραμματιῶν,Ξενοφῶν,Xenophon,"Κύρου Παιδείας καί Ἑλληνικῶν Ἐκλογή, μετά ποικίλων σημειώσεων, ὑπό Ἀν. Γ. Τάγη","Selection from Cyropaedia and Hellenica, with various notes, by An. G. Tagis",σελ. 257 +,7.—,,"Τόμος Γ΄, τεῦχος Α΄ τοῦ Ἀπανθίσματος τῶν Ἑλληνικῶν Γραμματιῶν"
1904,IMG_1395.jpeg,Έλληνες Συγγραφεῖς,Greek Authors,"Τραγῳδίαι, μετά σχολίων, ὑπό Γ. Μιστριώτου",ΣΟΦΟΚΛΕΟΥΣ,Sophocles,Ἀντιγόνη,Antigone,"8ον, σελ. 272",17.—,,
1904,IMG_1395.jpeg,Έλληνες Συγγραφεῖς,Greek Authors,"Τραγῳδίαι, μετά σχολίων, ὑπό Γ. Μιστριώτου",ΣΟΦΟΚΛΕΟΥΣ,Sophocles,Οἰδίπους Τύραννος,Oedipus Rex,"8ον, σελ. 254",17.—,,
1904,IMG_1395.jpeg,Έλληνες Συγγραφεῖς,Greek Authors,"Τραγῳδίαι, μετά σχολίων, ὑπό Γ. Μιστριώτου",ΣΟΦΟΚΛΕΟΥΣ,Sophocles,Οἰδίπους ἐπί Κολωνῷ,Oedipus at Colonus,"8ον, σ. 320",18.—,,
1904,IMG_1395.jpeg,Έλληνες Συγγραφεῖς,Greek Authors,"Τραγῳδίαι, μετά σχολίων, ὑπό Γ. Μιστριώτου",ΣΟΦΟΚΛΕΟΥΣ,Sophocles,Ἠλέκτρα,Electra,"8ον, σελ. 200",17.—,,
1904,IMG_1395.jpeg,Έλληνες Συγγραφεῖς,Greek Authors,"Τραγῳδίαι, μετά σχολίων, ὑπό Γ. Μιστριώτου",ΣΟΦΟΚΛΕΟΥΣ,Sophocles,Τραχίνιαι,Women of Trachis,"8ον, σελ. 220",22.20,,
1904,IMG_1395.jpeg,Έλληνες Συγγραφεῖς,Greek Authors,"Τραγῳδίαι, μετά σχολίων, ὑπό Γ. Μιστριώτου",ΣΟΦΟΚΛΕΟΥΣ,Sophocles,Φιλοκτήτης,Philoctetes,"8ον, σελίδες 277",18.—,,
1904,IMG_1395.jpeg,Έλληνες Συγγραφεῖς,Greek Authors,"Τραγῳδίαι, μετά σχολίων, ὑπό Γ. Μιστριώτου",ΣΟΦΟΚΛΕΟΥΣ,Sophocles,Αἴας,Ajax,"8ον, σελ. 240",17.—,,
1904,IMG_1395.jpeg,Έλληνες Συγγραφεῖς,Greek Authors,,ΣΟΦΟΚΛΕΟΥΣ,Sophocles,Οἰδίπους Τύραννος,Oedipus Rex,σελίδες 136,9.—,,ὑπό Bounoer
1904,IMG_1395.jpeg,Έλληνες Συγγραφεῖς,Greek Authors,"Τραγῳδίαι, ἐσχολιασμέναι καί ἑρμηνευμέναι ὑπό Α. Σ. Κεραμέως",ΣΟΦΟΚΛΕΟΥΣ,Sophocles,Οἰδίπους ἐπί Κολωνῷ,Oedipus at Colonus,σ. 192,14.—,,
1904,IMG_1395.jpeg,Έλληνες Συγγραφεῖς,Greek Authors,"Τραγῳδίαι, ἐσχολιασμέναι καί ἑρμηνευμέναι ὑπό Α. Σ. Κεραμέως",ΣΟΦΟΚΛΕΟΥΣ,Sophocles,Οἰδίπους Τύραννος,Oedipus Rex,σελ. 107,6.—,,
1904,IMG_1395.jpeg,Έλληνες Συγγραφεῖς,Greek Authors,"Τραγῳδίαι, ἐσχολιασμέναι καί ἑρμηνευμέναι ὑπό Α. Σ. Κεραμέως",ΣΟΦΟΚΛΕΟΥΣ,Sophocles,Αἴας,Ajax,"8ον, σελίδες 150",14.—,,
1904,IMG_1395.jpeg,Έλληνες Συγγραφεῖς,Greek Authors,,ΣΟΦΟΚΛΕΟΥΣ,Sophocles,"Τραγῳδίαι, μετάφρασις Β. Βουβουλίκου. Τεῦχος Α' : Οἰδίπους Τύραννος, Ἠλέκτρα","Tragedies, translation by V. Vouvoulikos. Volume A: Oedipus Rex, Electra",σελίδες 158 + 6.—,6.—,,
1904,IMG_1395.jpeg,Έλληνες Συγγραφεῖς,Greek Authors,,ΣΟΦΟΚΛΕΟΥΣ,Sophocles,"Οἰδίπους Τύραννος, κείμενον καί μετάφρασις","Oedipus Rex, text and translation","8ον, σελίδες 159.—",8.—,,ὑπό Σ. Α. Σκαλεαροπούλου
1904,IMG_1395.jpeg,Έλληνες Συγγραφεῖς,Greek Authors,,ΣΟΦΟΚΛΕΟΥΣ,Sophocles,"Τραγῳδίαι, μεταφρασθεῖσαι εἰς τήν νέαν ἑλληνικήν","Tragedies, translated into Modern Greek","Τόμοι 2, 8ον, σελ. 332 + 12.—",12.—,,ὑπό Κ. Παπαδανασίου
1904,IMG_1395.jpeg,Έλληνες Συγγραφεῖς,Greek Authors,,ΣΟΦΟΚΛΕΟΥΣ,Sophocles,"Τραγῳδίαι, μετάφρασις Γ. Π. Κορυζῆ","Tragedies, translation by G. P. Koryzis",σελίδες 384,16.—,,
1904,IMG_1395.jpeg,Έλληνες Συγγραφεῖς,Greek Authors,Ζουγράφειος Ἑλληνική Βιβλιοθήκη,ΣΟΦΟΚΛΕΟΥΣ,Sophocles,Τραγῳδίαι. Διώρθωσε καί ἐξηγήσατο Δ. Χ. Σεμιτέλος. Τόμος Α' : Ἀντιγόνη,Tragedies. Revised and explained by D. Ch. Semitelos. Volume A: Antigone,"8ον, σελ. 714",70.—,,
1904,IMG_1395.jpeg,Έλληνες Συγγραφεῖς,Greek Authors,Β' ΤΗΣ ΕΝ ΠΑΡΙΣΙΟΙΣ ΕΚΔΟΣΕΩΣ HACHETTE,ΓΡΗΓΟΡΙΟΥ ΝΑΖΙΑΝΖΗΝΟΥ,Gregory of Nazianzus,Ὁμιλία περί Μακκαβαίων,Homily on the Maccabees,,8,,Hachette Edition
1904,IMG_1395.jpeg,Έλληνες Συγγραφεῖς,Greek Authors,,ΦΙΛΟΣΤΡΑΤΟΣ,Philostratus,"Φιλόστρατος, μετ' ἀναλυτικῆς περιλήψεως καί σημειώσεων","Philostratus, with analytical summary and notes","8ον, σελίδες 68 + 6.—",6.—,,ὑπό A. M. 'Αναστασιάδου
1904,IMG_1395.jpeg,Έλληνες Συγγραφεῖς,Greek Authors,Β' ΤΗΣ ΕΝ ΠΑΡΙΣΙΟΙΣ ΕΚΔΟΣΕΩΣ HACHETTE,ΔΗΜΟΣΘΕΝΟΥΣ,Demosthenes,Ὁ πρός Λεπτίνην,Against Leptines,,8,,Hachette Edition
1904,IMG_1395.jpeg,Έλληνες Συγγραφεῖς,Greek Authors,Β' ΤΗΣ ΕΝ ΠΑΡΙΣΙΟΙΣ ΕΚΔΟΣΕΩΣ HACHETTE,ΓΡΗΓΟΡΙΟΥ ΝΥΣΣΗΣ,Gregory of Nyssa,Κατά τῶν τοκιζόντων,Against Usurers,,8,,Hachette Edition
1904,IMG_1395.jpeg,Έλληνες Συγγραφεῖς,Greek Authors,Β' ΤΗΣ ΕΝ ΠΑΡΙΣΙΟΙΣ ΕΚΔΟΣΕΩΣ HACHETTE,ΓΡΗΓΟΡΙΟΥ ΝΥΣΣΗΣ,Gregory of Nyssa,Ἐπιτάφιος εἰς Μελέτιον,Funeral Oration on Meletius,,8,,Hachette Edition
1904,IMG_1395.jpeg,Έλληνες Συγγραφεῖς,Greek Authors,,ΣΟΦΟΚΛΕΟΥΣ,Sophocles,"Οἰδίπους Τύραννος, κατά λέξιν ὅσον οἷόν τε πιστή μετάφρασις","Oedipus Rex, as faithful a literal translation as possible","8ον, σελίδες 45 + 4.—",4.—,,ὑπό Β. Π. Βοζίκη
1904,IMG_1395.jpeg,Έλληνες Συγγραφεῖς,Greek Authors,Β' ΤΗΣ ΕΝ ΠΑΡΙΣΙΟΙΣ ΕΚΔΟΣΕΩΣ HACHETTE,ΒΑΣΙΛΕΙΟΥ ΤΟΥ ΜΕΓΑΛΟΥ,Basil the Great,Κατά τῶν τοκιζόντων,Against Usurers,,8,,Hachette Edition
1904,IMG_1395.jpeg,Έλληνες Συγγραφεῖς,Greek Authors,Β' ΤΗΣ ΕΝ ΠΑΡΙΣΙΟΙΣ ΕΚΔΟΣΕΩΣ HACHETTE,ΒΑΣΙΛΕΙΟΥ ΤΟΥ ΜΕΓΑΛΟΥ,Basil the Great,Παραίνεσις πρός τούς νέους,Address to Young Men,,8,,Hachette Edition
1904,IMG_1395.jpeg,Έλληνες Συγγραφεῖς,Greek Authors,Β' ΤΗΣ ΕΝ ΠΑΡΙΣΙΟΙΣ ΕΚΔΟΣΕΩΣ HACHETTE,ΒΑΒΡΙΟΥ,Babrius,Μῦθοι,Fables,,27.—,,Hachette Edition
1904,IMG_1395.jpeg,Έλληνες Συγγραφεῖς,Greek Authors,Β' ΤΗΣ ΕΝ ΠΑΡΙΣΙΟΙΣ ΕΚΔΟΣΕΩΣ HACHETTE,ΑΡΙΣΤΟΦΑΝΟΥΣ,Aristophanes,Πλοῦτος,Plutus,,15.—,,Hachette Edition
1904,IMG_1395.jpeg,Έλληνες Συγγραφεῖς,Greek Authors,Β' ΤΗΣ ΕΝ ΠΑΡΙΣΙΟΙΣ ΕΚΔΟΣΕΩΣ HACHETTE,ΑΙΣΧΥΛΟΥ,Aeschylus,Ἑπτά ἐπί Θήβας,Seven Against Thebes,,10.—,,Hachette Edition
1904,IMG_1395.jpeg,Έλληνες Συγγραφεῖς,Greek Authors,Β' ΤΗΣ ΕΝ ΠΑΡΙΣΙΟΙΣ ΕΚΔΟΣΕΩΣ HACHETTE,ΑΙΣΧΙΝΟΥ,Aeschines,Κατά Κτησιφῶντος,Against Ctesiphon,,27.—,,Hachette Edition
1904,IMG_1395.jpeg,Έλληνες Συγγραφεῖς,Greek Authors,,ΧΡΥΣΟΣΤΟΜΟΥ ΙΩΑΝΝΟΥ,John Chrysostom,"Περὶ Προσευχῆς καί Λουκιανοῦ Ἐνύπνιον, μετά σχολίων καί μεταφράσεως","On Prayer and Lucian's Dream, with notes and translation",σ. 152 X 7.—,7.—,,"ὑπό A. Χ. Λιδωρικιώτου, καί Κ. Π. Βλαχογιάννη"
1904,IMG_1395.jpeg,Έλληνες Συγγραφεῖς,Greek Authors,,ΧΡΥΣΟΣΤΟΜΟΥ,John Chrysostom,Joannis Chrysostomi Homiliae V,Five Homilies of John Chrysostom,"8ov, σελίδες 35 + 12.20",12.20,,Edidit Fred. M. G. Th. M. Boueier
1904,IMG_1395.jpeg,Έλληνες Συγγραφεῖς,Greek Authors,,ΧΡΥΣΟΣΤΟΜΟΥ,John Chrysostom,Γόνις τοῖς μεγάλα τά παρόντα νομίζουσιν καί στέργι τά τοῦ βίου Ιωάννου τοῦ ἐστομημένου,Homily to those who deem present things great...,,20.—,,
1904,IMG_1395.jpeg,Έλληνες Συγγραφεῖς,Greek Authors,,ΣΤΡΑΒΩΝΟΣ,Strabo,"Τά περί Μικρᾶς Ἀσίας, μετά σημειώσεων καί γεωγραφικοῦ χάρτου τῆς Μικρᾶς Ἀσίας","On Asia Minor, with notes and a geographical map of Asia Minor","8ον, σελίδες 256 + 20.—",20.—,,ὑπό Π. Καρολίδου
1904,IMG_1395.jpeg,Έλληνες Συγγραφεῖς,Greek Authors,,ΦΙΛΟΣΤΡΑΤΟΣ,Philostratus,"Φιλόστρατος, μετά σχολίων καί μεταφράσεως","Philostratus, with notes and translation","8ον, σελίδες 152 + 12.—",12.—,,ὑπό Π. Ἱερεώτου
1904,IMG_1395.jpeg,Έλληνες Συγγραφεῖς,Greek Authors,,ΣΟΦΟΚΛΕΟΥΣ,Sophocles,Τραχίνιαι,Women of Trachis,"8ov, σελίδες 192 + 12.20",12.20,,ὑπό Wunder
1904,IMG_1395.jpeg,Έλληνες Συγγραφεῖς,Greek Authors,,ΣΟΦΟΚΛΕΟΥΣ,Sophocles,Ἠλέκτρα,Electra,σελίδες 104 + 4.—,4.—,,ὑπό Ι. Π. Κωνσταντινίδου
1904,IMG_1395.jpeg,Έλληνες Συγγραφεῖς,Greek Authors,,ΣΟΦΟΚΛΕΟΥΣ,Sophocles,"Ἠλέκτρα, ἔμμετρος μετάφρασις","Electra, verse translation",σελ. 127 + 11.—,11.—,,ὑπό Ν. Ι. Κυπαρίσση
1904,IMG_1395.jpeg,Έλληνες Συγγραφεῖς,Greek Authors,,ΣΟΦΟΚΛΕΟΥΣ,Sophocles,"Ἠλέκτρα, κατά λέξιν μετάφρασις","Electra, word-for-word translation",σελ. 48 + 3.—,3.—,,ὑπό Β. Π. Βοζίκη
1904,IMG_1395.jpeg,Έλληνες Συγγραφεῖς,Greek Authors,,ΠΛΑΤΩΝΟΣ,Plato,"Κρίτων, μετά σχολίων","Crito, with notes","8ον, σελίδες 104 X 9",9.—,,ὑπό Γ. Μιστριώτου
1904,IMG_1395.jpeg,Έλληνες Συγγραφεῖς,Greek Authors,,ΠΛΑΤΩΝΟΣ,Plato,"Κρίτων, μετά κριτικῶν καί ἑρμηνευτικῶν σχολίων","Crito, with critical and explanatory notes","8ον, σελίδες 98 + 4",6.—,,ὑπό Γ. Κωνσταντινίδου
1904,IMG_1395.jpeg,Έλληνες Συγγραφεῖς,Greek Authors,,ΠΛΑΤΩΝΟΣ,Plato,"Κρίτων, κείμενον, σχόλια καί μετάφρασις","Crito, text, notes and translation","8ον, σελίδες 77 + 6",6.—,,ὑπό Π. Δ. Κουτσιλιέρη
1904,IMG_1395.jpeg,Έλληνες Συγγραφεῖς,Greek Authors,,ΠΛΑΤΩΝΟΣ,Plato,"Κρίτων, μετάφρασις ἐν τῇ καθ' ἡμᾶς γλώσσῃ","Crito, translation into modern Greek",σελ. 32 + 3,3.—,,ὑπό Γ. Δ. Ζηκίδου
1904,IMG_1395.jpeg,Έλληνες Συγγραφεῖς,Greek Authors,,ΠΛΑΤΩΝΟΣ,Plato,"Κρίτων, μετά σχολίων ἑρμηνευτικῶν, κριτικῶν κτλ.","Crito, with explanatory, critical notes, etc.",σελίδες 119 + 3,3.—,,ὑπό Γ. Δ. Ζηκίδου
1904,IMG_1395.jpeg,Έλληνες Συγγραφεῖς,Greek Authors,,ΠΛΑΤΩΝΟΣ,Plato,"Κρίτων, Σχόλια","Crito, Notes","12ον, σελίδες 32 + 3",3.—,,ὑπό Β. Π. Βοζίκη
1904,IMG_1395.jpeg,Έλληνες Συγγραφεῖς,Greek Authors,,ΠΛΑΤΩΝΟΣ,Plato,"Κρίτων, μετά σχολίων","Crito, with notes",σελίδες 64 + 7,7.—,,ὑπό Θ. Παπαθεοδώρου
1904,IMG_1395.jpeg,Έλληνες Συγγραφεῖς,Greek Authors,,ΠΛΑΤΩΝΟΣ,Plato,"Εὐθύφρων, μετά κριτικῶν καί ἑρμηνευτικῶν σχολίων","Euthyphro, with critical and explanatory notes","8ον, σελίδες III + 15",3.—,,ὑπό Γ. Κωνσταντινίδου
1904,IMG_1395.jpeg,Έλληνες Συγγραφεῖς,Greek Authors,,ΠΛΑΤΩΝΟΣ,Plato,"Γοργίας, μετάφρασις μετά φιλοσοφικῆς ἀναλύσεως τῶν κεφαλαίων","Gorgias, translation with philosophical analysis of the chapters","Τεῦχος Α' (1—40), σελ. 96 + 6",6.—,,ὑπό Εὐαγγ. Γ. Παπαχατζῆ
1904,IMG_1395.jpeg,Έλληνες Συγγραφεῖς,Greek Authors,,ΠΛΑΤΩΝΟΣ,Plato,"Γοργίας, μετά σχολίων","Gorgias, with notes","8ον, σελ. 15 −427 X 26",15.—,,ὑπό Γ. Μιστριώτου
1904,IMG_1395.jpeg,Έλληνες Συγγραφεῖς,Greek Authors,,ΠΛΑΤΩΝΟΣ,Plato,"Ἀπολογία Σωκράτους, μετά σχολίων","Apology of Socrates, with notes","8ον, σ. 144 X 13",8.—,,ὑπό Γ. Μιστριώτου
1904,IMG_1395.jpeg,Έλληνες Συγγραφεῖς,Greek Authors,,ΠΛΑΤΩΝΟΣ,Plato,"Ἀπολογία Σωκράτους, μετενεχθεῖσα εἰς τὴν καθωμιλημένην","Apology of Socrates, rendered into the vernacular",σελίδες 52 + 3,3.—,,ἐκδόσει Ἀνέστη Κωνσταντινίδου
1904,IMG_1395.jpeg,Έλληνες Συγγραφεῖς,Greek Authors,,ΠΛΑΤΩΝΟΣ,Plato,"Ἀπολογία Σωκράτους, μεταφρασμένη ἐν τῇ καθ' ἡμᾶς γλώσσῃ","Apology of Socrates, translated into modern language",σελίδες 48 + 3,3.20,,ὑπό Γ. Δ. Ζηκίδου
1904,IMG_1395.jpeg,Έλληνες Συγγραφεῖς,Greek Authors,,ΠΛΑΤΩΝΟΣ,Plato,"Ἀπολογία Σωκράτους, μετά σχολίων, ἑρμηνευτικῶν, κριτικῶν κτλ.","Apology of Socrates, with explanatory and critical notes, etc.",σελ. 208 + 12,3.20,,ὑπό Γ. Δ. Ζηκίδου
1904,IMG_1395.jpeg,Έλληνες Συγγραφεῖς,Greek Authors,,ΠΛΑΤΩΝΟΣ,Plato,"Γοργίας (Gorgias, Dialogue de Platon avec une Introduction et des notes)","Gorgias (Gorgias, Dialogue of Plato with an Introduction and notes)","8ov, σελίδες 76 (1815), δεδεμ.",3.—,,par F. Thurot
1904,IMG_1395.jpeg,Έλληνες Συγγραφεῖς,Greek Authors,,ΠΛΑΤΩΝΟΣ,Plato,"Λάχης, μετά σχολίων","Laches, with notes","8ον, σελίδες 128 X 15",15.—,,ὑπό Γ. Μιστριώτου
1904,IMG_1395.jpeg,Έλληνες Συγγραφεῖς,Greek Authors,,ΠΛΑΤΩΝΟΣ,Plato,"Ἀπολογία Σωκράτους, μετά κριτικῶν καί ἑρμηνευτικῶν σχολίων","Apology of Socrates, with critical and explanatory notes","8ον, σελίδες 217 + 9",9.—,,ὑπό Γ. Κωνσταντινίδου
1904,IMG_1395.jpeg,Έλληνες Συγγραφεῖς,Greek Authors,,ΠΛΑΤΩΝΟΣ,Plato,"Πρωταγόρας, μετά σχολίων","Protagoras, with notes","8ον, σελίδες 128 X 17",17.—,,ὑπό Γ. Μιστριώτου
1904,IMG_1395.jpeg,Έλληνες Συγγραφεῖς,Greek Authors,,ΠΛΑΤΩΝΟΣ,Plato,"Μενέξενος, μετά σχολίων","Menexenus, with notes","8ον, σελίδες 121 X",9.—,,ὑπό Γ. Μιστριώτου
1904,IMG_1395.jpeg,Έλληνες Συγγραφεῖς,Greek Authors,Δράματα,ΣΟΦΟΚΛΕΟΥΣ,Sophocles,"Ἀντιγόνη, μετά προλεγομένων κείμενου μεταφράσεως καί σημειώσεων","Antigone, with introduction, text, translation and notes",σελίδες 20,20.—,,ἐκδοθεῖσα ὑπό Σ. Δ. Χουντέλλα
1904,IMG_1395.jpeg,Έλληνες Συγγραφεῖς,Greek Authors,Δράματα,ΣΟΦΟΚΛΕΟΥΣ,Sophocles,"Ἀντιγόνη, κείμενον καί μετάφρασις γαλλική","Antigone, text and French translation",σελίδες 48 + 2.—,2.—,,ὑπό Ἀ. Ῥ. Ῥαγκαβῆ
1904,IMG_1395.jpeg,Έλληνες Συγγραφεῖς,Greek Authors,Δράματα,ΣΟΦΟΚΛΕΟΥΣ,Sophocles,"Ἀντιγόνη, μετά σχολίων","Antigone, with notes",,14.—,,
1904,IMG_1395.jpeg,Έλληνες Συγγραφεῖς,Greek Authors,Δράματα,ΣΟΦΟΚΛΕΟΥΣ,Sophocles,"Αἴας καί Οἰδίπους Τύραννος, μετά σημειώσεων","Ajax and Oedipus Rex, with notes",σελίδες 260 + 12.—,12.—,,ὑπό Ἀ. II. Μίστου
1904,IMG_1395.jpeg,Έλληνες Συγγραφεῖς,Greek Authors,,ΠΟΛΥΒΙΟΥ,Polybius,"Ἀναγνώσματα, μετά σημειώσεων","Readings, with notes",σ. 84 + 3.20,3.20,,ὑπό Π. Ι. Ἰασεμίδου
1904,IMG_1395.jpeg,Έλληνες Συγγραφεῖς,Greek Authors,,ΠΛΟΥΤΑΡΧΟΥ,Plutarch,"Περὶ Παίδων Ἀγωγῆς, μετά σχολίων","On the Education of Children, with notes","8ον, σελίδες 81 + 3.20",3.20,,ὑπό Γ. Παπαδοπούλου
1904,IMG_1395.jpeg,Έλληνες Συγγραφεῖς,Greek Authors,Δράματα,ΣΟΦΟΚΛΕΟΥΣ,Sophocles,"Ἀντιγόνη, μεταφρασθεῖσα εἰς τήν νέαν ἑλληνικήν","Antigone, translated into Modern Greek",σελίδες 48 + 2.—,2.—,,ὑπό Ἀ. Ῥ. Ῥαγκαβῆ
1904,IMG_1395.jpeg,Έλληνες Συγγραφεῖς,Greek Authors,,ΠΛΟΥΤΑΡΧΟΥ,Plutarch,"Βίοι Παράλληλοι, μετάφρασις Ἀρ. 'Ραγκαβῆ","Parallel Lives, translation by Ar. Rangavis","8ον, Τόμοι 10, οἱ 3 0ν, 318+100",100.—,,
1904,IMG_1395.jpeg,Έλληνες Συγγραφεῖς,Greek Authors,,ΠΛΟΥΤΑΡΧΟΥ,Plutarch,"Ἄγις καί Κλεομένης, μετά σχολίων","Agis and Cleomenes, with notes",σελ. 107 + 6,6.—,,ὑπό A. M. Γιαννούλη
1904,IMG_1395.jpeg,Έλληνες Συγγραφεῖς,Greek Authors,,ΠΛΑΤΩΝΟΣ,Plato,"Χαρμίδης, μετά σχολίων","Charmides, with notes","8ον, σελίδες 130 X 9",9.—,,ὑπό Γ. Μιστριώτου
1904,IMG_1395.jpeg,Έλληνες Συγγραφεῖς,Greek Authors,,ΠΛΑΤΩΝΟΣ,Plato,"Φαίδων, μετενεχθείς εἰς τὴν νέαν ἑλληνικήν","Phaedo, rendered into Modern Greek",σελίδες ΙΙΙ + 6,6.—,,ὑπό Νικ. Σπ. Φεραντάκη
1904,IMG_1395.jpeg,Έλληνες Συγγραφεῖς,Greek Authors,,ΠΛΑΤΩΝΟΣ,Plato,"Φαίδων, ἐκδόσεως μετά σχολίων","Phaedo, edition with notes","8ον, σελ. 360 X 18",18.—,,ὑπό Γ. Μιστριώτου
1904,IMG_1395.jpeg,Έλληνες Συγγραφεῖς,Greek Authors,,ΠΛΟΥΤΑΡΧΟΥ,Plutarch,"Θεμιστοκλῆς, κείμενον, σχόλια καί μετάφρασις","Themistocles, text, notes and translation","8ον, σελίδες 240 + 8",8.—,,ὑπό Γ. Α. Κεραμέως
1904,IMG_1395.jpeg,Έλληνες Συγγραφεῖς,Greek Authors,,ΠΛΑΤΩΝΟΣ,Plato,"Πρωταγόρας, μετάφρασις μετά διασαφητικῶν καί συντακτικῶν σημειώσεων","Protagoras, translation with explanatory and syntactic notes",σ. 74 + 8,8.—,,ὑπό Ἀν. 'Πασαγιάννη
1904,IMG_1396.jpeg,Έλληνες Συγγραφεῖς,Greek Authors,,ΣΟΦΟΚΛΗΣ,Sophocles,Φιλοκτήτης,Philoctetes,,16.—,,
1904,IMG_1396.jpeg,Έλληνες Συγγραφεῖς,Greek Authors,,ΣΟΦΟΚΛΗΣ,Sophocles,Οἰδίπους ἐπὶ Κολωνῷ,Oedipus at Colonus,,13.—,,
1904,IMG_1396.jpeg,Έλληνες Συγγραφεῖς,Greek Authors,,ΣΟΦΟΚΛΗΣ,Sophocles,Ἠλέκτρα,Electra,,20.—,,
1904,IMG_1396.jpeg,Έλληνες Συγγραφεῖς,Greek Authors,,ΣΟΦΟΚΛΗΣ,Sophocles,Ἀντιγόνη,Antigone,,16.—,,
1904,IMG_1396.jpeg,Έλληνες Συγγραφεῖς,Greek Authors,,ΣΟΦΟΚΛΗΣ,Sophocles,Αἴας,Ajax,,20.—,,
1904,IMG_1396.jpeg,Έλληνες Συγγραφεῖς,Greek Authors,,ΠΛΟΥΤΑΡΧΟΣ,Plutarch,Πομπηΐου,Lives of Pompey,,32.20,,
1904,IMG_1396.jpeg,Έλληνες Συγγραφεῖς,Greek Authors,,ΠΛΟΥΤΑΡΧΟΣ,Plutarch,Σύλλα,Lives of Sulla,,20.—,,
1904,IMG_1396.jpeg,Έλληνες Συγγραφεῖς,Greek Authors,,ΠΛΟΥΤΑΡΧΟΣ,Plutarch,Μαρίου,Lives of Marius,,20.—,,
1904,IMG_1396.jpeg,Έλληνες Συγγραφεῖς,Greek Authors,,ΠΛΟΥΤΑΡΧΟΣ,Plutarch,Θεμιστοκλέους,Lives of Themistocles,,13.—,,
1904,IMG_1396.jpeg,Έλληνες Συγγραφεῖς,Greek Authors,,ΧΡΥΣΟΣΤΟΜΟΣ,Chrysostom,Ὁμιλία ἐπὶ τῇ ἐπιστροφῇ τοῦ ἐπισκόπου Φλαβιανοῦ,Homily on the Return of Bishop Flavian,,6.20,,
1904,IMG_1396.jpeg,Έλληνες Συγγραφεῖς,Greek Authors,,ΠΛΟΥΤΑΡΧΟΣ,Plutarch,Βίοι Ἀριστείδου,Lives of Aristides,,13.—,,
1904,IMG_1396.jpeg,Έλληνες Συγγραφεῖς,Greek Authors,,ΠΛΟΥΤΑΡΧΟΣ,Plutarch,Πῶς δεῖ τὸν νέον ποιημάτων ἀκούειν,How the Young Should Listen to Poetry,,16.—,,
1904,IMG_1396.jpeg,Έλληνες Συγγραφεῖς,Greek Authors,Γ΄ ΕΚΔΟΣΕΙΣ BOISSONADE,ΑΙΣΧΙΝΗΣ,Aeschines,Τραγῳδίαι. Τόμοι 2,Tragedies. 2 Volumes,"32ον, σελίδες 603+",60.—,,Editions Boissonade
1904,IMG_1396.jpeg,Λατῖνοι Συγγραφεῖς,Latin Authors,ΔΕΠΑΣΤΑ-ΣΦΥΡΑ-ΓΕΡΑΡΟΥ,ΒΙΡΓΙΛΙΟΣ,Virgil,"Αἰνειάς, Τόμος Α΄, βιβλία Α΄–Γ΄","Aeneid, Volume 1, books 1-3",σελίδες 196,6.—,,
1904,IMG_1396.jpeg,Λατῖνοι Συγγραφεῖς,Latin Authors,Β΄ ΛΑΤΙΝΟΙ,ΒΙΡΓΙΛΙΟΣ,Virgil,"Αἰνειάς, μετάφρασις διπλῆ, ἐλευθέρα καὶ κατὰ λέξιν, μετὰ τοῦ κειμένου, σχολίων καὶ σημειώσεων, βιβλία Α΄–Δ΄","Aeneid, double translation, free and literal, with text, notes and commentary, books 1-4",σελίδες 378+,18.—,,
1904,IMG_1396.jpeg,Λατῖνοι Συγγραφεῖς,Latin Authors,Β΄ ΛΑΤΙΝΟΙ,ΒΙΡΓΙΛΙΟΣ,Virgil,"Αἰνειάς, μετάφρασις Β. Γ. Βουτιερίδου","Aeneid, translation by V. G. Voutierides","8ον, σελίδες 16΄+272+12",4.—,,
1904,IMG_1396.jpeg,Λατῖνοι Συγγραφεῖς,Latin Authors,Β΄ ΛΑΤΙΝΟΙ,ΒΙΡΓΙΛΙΟΣ,Virgil,"Αἰνειάς, βιβλίον Α΄, σχόλια ὑπὸ Φ. Ζ. Δημαράτου","Aeneid, Book 1, commentary by F. Z. Demaratos",σελ. 64+,6.—,,
1904,IMG_1396.jpeg,Λατῖνοι Συγγραφεῖς,Latin Authors,Β΄ ΛΑΤΙΝΟΙ,ΒΙΡΓΙΛΙΟΣ,Virgil,"Αἰνειάς, βιβλίον Β΄, σχόλια ὑπὸ Φ. Ζ. Δημαράτου","Aeneid, Book 2, commentary by F. Z. Demaratos",σελ. 112+,6.—,,
1904,IMG_1396.jpeg,Λατῖνοι Συγγραφεῖς,Latin Authors,Β΄ ΛΑΤΙΝΟΙ,ΒΙΡΓΙΛΙΟΣ,Virgil,"Αἰνειάς, βιβλίον Β΄, μετὰ σχολίων καὶ λεξιλογίου, ὑπὸ Ὁ. Ἰ. Ἰασονίδου","Aeneid, Book 2, with notes and vocabulary, by O. I. Iasonides","8ον, σελίδες 73+",7.20,,
1904,IMG_1396.jpeg,Λατῖνοι Συγγραφεῖς,Latin Authors,ΔΕΠΑΣΤΑ-ΣΦΥΡΑ-ΓΕΡΑΡΟΥ,ΒΙΡΓΙΛΙΟΣ,Virgil,"Αἰνειάς, μετάφρασις Α΄. Π. Μιστρίου","Aeneid, translation A'. P. Mistriou",8ον,4.—,,
1904,IMG_1396.jpeg,Λατῖνοι Συγγραφεῖς,Latin Authors,ΔΕΠΑΣΤΑ-ΣΦΥΡΑ-ΓΕΡΑΡΟΥ,ΒΙΡΓΙΛΙΟΣ,Virgil,"Αἰνειάς, Τόμος Β΄, βιβλία Ζ΄–ΙΒ΄","Aeneid, Volume 2, books 7-12",σελίδες 196,6.—,,
1904,IMG_1396.jpeg,Λατῖνοι Συγγραφεῖς,Latin Authors,,ΚΑΙΣΑΡ,Caesar,"Ἀπομνημονεύματα περὶ τοῦ Ἐμφυλίου Πολέμου, μετάφρασις Γ. Καρατζᾶ","Memoirs of the Civil War, translation by G. Karatzas",σελίδες 199+,9.—,,
1904,IMG_1396.jpeg,Λατῖνοι Συγγραφεῖς,Latin Authors,,ΚΑΙΣΑΡ,Caesar,"Ἀπομνημονεύματα τοῦ Γαλατικοῦ Πολέμου, μεθερμηνευθέντα ὑπὸ Κ. Δ. Θεοφάνους, Τόμος Α΄, τὰ 4 πρῶτα βιβλία","Memoirs of the Gallic War, translated by K. D. Theophanous, Volume 1, first 4 books",σελίδες 68+,5.—,,
1904,IMG_1396.jpeg,Λατῖνοι Συγγραφεῖς,Latin Authors,,ΚΑΙΣΑΡ,Caesar,Γαλατικὸς Πόλεμος. Σχόλια,Gallic War. Commentary,"Τεύχη 2, σελίδες 175+",6.—,,
1904,IMG_1396.jpeg,Λατῖνοι Συγγραφεῖς,Latin Authors,,ΚΙΚΕΡΩΝ,Cicero,Ἀνάλογος,Laelius or On Friendship (Analogos),σελίδες 15-126+,8.—,,
1904,IMG_1396.jpeg,Έλληνες Συγγραφεῖς,Greek Authors,,ΠΛΑΤΩΝ,Plato,Φαίδων,Phaedo,,32.20,,
1904,IMG_1396.jpeg,Έλληνες Συγγραφεῖς,Greek Authors,Γ΄ ΕΚΔΟΣΕΙΣ BOISSONADE,ΕΥΡΙΠΙΔΗΣ,Euripides,Τόμοι 5,5 Volumes,"32ον, σελίδες η΄-1848+",27.—,,Editions Boissonade
1904,IMG_1396.jpeg,Έλληνες Συγγραφεῖς,Greek Authors,,ΠΛΑΤΩΝ,Plato,Κρίτων,Crito,,8.—,,
1904,IMG_1396.jpeg,Λατῖνοι Συγγραφεῖς,Latin Authors,,ΚΙΚΕΡΩΝ,Cicero,Ὁ 'Α' 'Αντωνιακὸς ἔχει μετάφρασιν ὑπὸ Μ. Βικεντίνη,"The First Philippic, with translation by M. Vikentinis",σελίδες 95+9,8.—,,
1904,IMG_1396.jpeg,Έλληνες Συγγραφεῖς,Greek Authors,,ΠΛΑΤΩΝ,Plato,Ἀλκιβιάδης Α΄,Alcibiades 1,,16.—,,
1904,IMG_1396.jpeg,Έλληνες Συγγραφεῖς,Greek Authors,,ΠΛΑΤΩΝ,Plato,Γοργίας,Gorgias,,40.—,,
1904,IMG_1396.jpeg,Έλληνες Συγγραφεῖς,Greek Authors,,ΔΗΜΟΣΘΕΝΗΣ,Demosthenes,Κατὰ Κτησιφῶντος ἢ περὶ τοῦ στεφάνου,Against Ctesiphon or On the Crown,8ov,25.—,,
1904,IMG_1396.jpeg,Έλληνες Συγγραφεῖς,Greek Authors,,ΔΗΜΟΣΘΕΝΗΣ,Demosthenes,Περὶ παραπρεσβείας,On the False Embassy,,40.—,,
1904,IMG_1396.jpeg,Έλληνες Συγγραφεῖς,Greek Authors,,ΔΙΟΝΥΣΙΟΣ ΑΛΙΚΑΡΝΑΣΣΕΥΣ,Dionysius of Halicarnassus,Ἐπιστολὴ πρὸς Ἀμμαῖον ἡ προτέρα,First Letter to Ammaeus,,10.—,,
1904,IMG_1396.jpeg,Έλληνες Συγγραφεῖς,Greek Authors,,ΕΥΡΙΠΙΔΗΣ,Euripides,Ἑκάβη,Hecuba,,13.—,,
1904,IMG_1396.jpeg,Έλληνες Συγγραφεῖς,Greek Authors,,ΕΥΡΙΠΙΔΗΣ,Euripides,Ἱππόλυτος,Hippolytus,,20.—,,
1904,IMG_1396.jpeg,Έλληνες Συγγραφεῖς,Greek Authors,,ΕΥΡΙΠΙΔΗΣ,Euripides,Ἰφιγένεια ἡ ἐν Αὐλίδι,Iphigenia in Aulis,,22.20,,
1904,IMG_1396.jpeg,Έλληνες Συγγραφεῖς,Greek Authors,,ΗΡΟΔΟΤΟΣ,Herodotus,Ἐκλεκτὰ τεμάχια,Selected Passages,,50.—,,
1904,IMG_1396.jpeg,Έλληνες Συγγραφεῖς,Greek Authors,,ΘΕΟΚΡΙΤΟΣ,Theocritus,Εἰδύλλια,Idylls,,50.—,,
1904,IMG_1396.jpeg,Έλληνες Συγγραφεῖς,Greek Authors,,ΙΣΟΚΡΑΤΗΣ,Isocrates,Ἀρχίδαμος,Archidamus,,10.—,,
1904,IMG_1396.jpeg,Έλληνες Συγγραφεῖς,Greek Authors,,ΙΣΟΚΡΑΤΗΣ,Isocrates,Πανηγυρικός,Panegyricus,,16.—,,
1904,IMG_1396.jpeg,Έλληνες Συγγραφεῖς,Greek Authors,,ΙΣΟΚΡΑΤΗΣ,Isocrates,Πρὸς Εὐαγόραν,To Evagoras,,6.20,,
1904,IMG_1396.jpeg,Έλληνες Συγγραφεῖς,Greek Authors,,ΛΟΥΚΙΑΝΟΣ,Lucian,Νεκρικοὶ Διάλογοι,Dialogues of the Dead,,15.—,,
1904,IMG_1396.jpeg,Έλληνες Συγγραφεῖς,Greek Authors,,ΕΥΡΙΠΙΔΗΣ,Euripides,Ἡλέκτρα,Electra,,30.—,,
1904,IMG_1396.jpeg,Έλληνες Συγγραφεῖς,Greek Authors,,ΞΕΝΟΦΩΝ,Xenophon,Κύρου Ἀνάβασις. Βιβλία 7,Anabasis of Cyrus. 7 Books,,75.—,,
1904,IMG_1396.jpeg,Έλληνες Συγγραφεῖς,Greek Authors,,ΛΟΥΚΙΑΝΟΣ,Lucian,Πῶς δεῖ ἱστορίαν συγγράφειν,How to Write History,,13.—,,
1904,IMG_1396.jpeg,Έλληνες Συγγραφεῖς,Greek Authors,,ΠΙΝΔΑΡΟΣ,Pindar,Ὀλυμπιονῖκαι,Olympian Odes,,22.20,,
1904,IMG_1396.jpeg,Έλληνες Συγγραφεῖς,Greek Authors,,ΠΙΝΔΑΡΟΣ,Pindar,Νεμεονῖκαι,Nemean Odes,,20.—,,
1904,IMG_1396.jpeg,Έλληνες Συγγραφεῖς,Greek Authors,,ΠΙΝΔΑΡΟΣ,Pindar,Ἰσθμιονῖκαι,Isthmian Odes,,46.—,,
1904,IMG_1396.jpeg,Έλληνες Συγγραφεῖς,Greek Authors,,ΟΜΗΡΟΣ,Homer,Ὀδύσσεια. Ἕκαστος τόμος ἰδιαιτέρως,Odyssey. Each volume separately,,26.—,,
1904,IMG_1396.jpeg,Έλληνες Συγγραφεῖς,Greek Authors,,ΟΜΗΡΟΣ,Homer,Ὀδύσσεια. Τόμοι 6,Odyssey. 6 Volumes,,156.—,,
1904,IMG_1396.jpeg,Έλληνες Συγγραφεῖς,Greek Authors,,ΠΙΝΔΑΡΟΣ,Pindar,Πυθιονῖκαι,Pythian Odes,,22.20,,
1904,IMG_1396.jpeg,Έλληνες Συγγραφεῖς,Greek Authors,,ΟΜΗΡΟΣ,Homer,Ἰλιάς. Τόμοι 6,Iliad. 6 Volumes,,135.—,,
1904,IMG_1396.jpeg,Έλληνες Συγγραφεῖς,Greek Authors,,ΞΕΝΟΦΩΝ,Xenophon,Ἐκλεκτὰ τεμάχια,Selected Passages,,50.—,,
1904,IMG_1396.jpeg,Έλληνες Συγγραφεῖς,Greek Authors,,ΞΕΝΟΦΩΝ,Xenophon,Κύρου Παιδεία. Βιβλίον Β΄,Cyropaedia. Book 2,,8.—,,
1904,IMG_1396.jpeg,Έλληνες Συγγραφεῖς,Greek Authors,,ΞΕΝΟΦΩΝ,Xenophon,Κύρου Παιδεία. Βιβλίον Α΄,Cyropaedia. Book 1,,8.—,,
1904,IMG_1396.jpeg,Έλληνες Συγγραφεῖς,Greek Authors,,ΞΕΝΟΦΩΝ,Xenophon,Κύρου Ἀνάβασις. Ἕκαστον βιβλίον,Anabasis of Cyrus. Each book,,13.—,,
1904,IMG_1396.jpeg,Έλληνες Συγγραφεῖς,Greek Authors,,ΟΜΗΡΟΣ,Homer,Ἰλιάς. Ἕκαστος τόμος περιέχει ἀνὰ τέσσαρας ῥαψῳδίας,Iliad. Each volume containing four books,,22.20,,
1904,IMG_1397.jpeg,Λατῖνοι Συγγραφεῖς,Latin Authors,,Φαῖδρος,Phaedrus,"Μῦθοι, Στοινάρφου","Fables, Steinhöwel",σελίδες 86 +,5.—,,ὑπὸ Β. Β.
1904,IMG_1397.jpeg,Λατῖνοι Συγγραφεῖς,Latin Authors,,Τίτος Λίβιος,Livy,Ab Urbe Condita liber XXI ad verbum in graecum expressus,Ab Urbe Condita Book XXI translated word-for-word into Greek,"8ον, σελίδες 92 +",9.—,,ὑπὸ Ἀν. Σκάσση
1904,IMG_1397.jpeg,Λατῖνοι Συγγραφεῖς,Latin Authors,,Τίτος Λίβιος,Livy,"Ἐκλογαί, ἐκ τοῦ 31 καὶ 32 βιβλίου, μετὰ πολλῶν σημειώσεων ἑρμηνευτικῶν, γραμματικῶν, ἀρχαιολογικῶν καὶ ἱστορικῶν","Selections from Books 31 and 32, with extensive explanatory, grammatical, archaeological and historical notes","8ον, σελίδες 112 +",8.20,,ὑπὸ Δ. Παπαγεωργίου
1904,IMG_1397.jpeg,Λατῖνοι Συγγραφεῖς,Latin Authors,,Τάκιτος Κορνήλιος,Cornelius Tacitus,"Ἀγρικόλας, ἐξ ἑρμηνείας","Agricola, interpreted","8ον, σ. 94+",6.20,,Ε. Δ. Τσακαλώτου
1904,IMG_1397.jpeg,Λατῖνοι Συγγραφεῖς,Latin Authors,,Σαλούστιος,Sallust,"Ἡ Συνομωσία τοῦ Κατιλίνα, μετὰ σημειώσεων ἑρμηνευτικῶν καὶ κριτικῶν","The Conspiracy of Catiline, with explanatory and critical notes","8ον, σελίδες XXVIII–164+",15.—,,ὑπὸ Φ. Ζ. Φιλαρετοπούλου
1904,IMG_1397.jpeg,Λατῖνοι Συγγραφεῖς,Latin Authors,,Σαλούστιος,Sallust,"Κατιλιναϊκός, μετὰ σημειώσεων","Catiline Oration, with notes","8ον, σ. 106+",9.—,,ὑπὸ Ν. Ζενενάκη
1904,IMG_1397.jpeg,Λατῖνοι Συγγραφεῖς,Latin Authors,,Οράτιος,Horace,Τεῦχος Α',Volume I,"8ον, σελ. 114",20.—,,
1904,IMG_1397.jpeg,Λατῖνοι Συγγραφεῖς,Latin Authors,,Οράτιος,Horace,"Ὠδῶν βιβλίον Α' καὶ Β', μετάφρασις πιστή, ἐλευθέρα καὶ κατὰ λέξιν μετὰ τοῦ λατινικοῦ κειμένου καὶ τῶν πολλῶν σχολίων καὶ σημειώσεων","Odes Books I and II, faithful, free, and literal translation with the Latin text and extensive commentaries and notes",σελ. 339+,10.—,,
1904,IMG_1397.jpeg,Λατῖνοι Συγγραφεῖς,Latin Authors,,Οράτιος,Horace,Τεῦχος Β',Volume II,80,11.—,,
1904,IMG_1397.jpeg,Λατῖνοι Συγγραφεῖς,Latin Authors,,Οράτιος,Horace,"Ὀδαί, μετὰ κειμένου, εἰσαγωγῆς, μεταφράσεως, ἔτι δὲ λεξιλογίου τῶν κυρίων ὀνομάτων καὶ τῶν συνθέτων ὀνομάτων","Odes, with text, introduction, translation, and vocabulary of proper and compound names",σ. 83 +,5.—,,ὑπὸ Β. Βυθούλκα
1904,IMG_1397.jpeg,Λατῖνοι Συγγραφεῖς,Latin Authors,,Οράτιος,Horace,"Ὀδαί, μετὰ ποικίλων σχολίων καὶ γραμματικῶν σημειώσεων","Odes, with various commentaries and grammatical notes","8ον, Ι, 80",5.—,,ὑπὸ Μ. Βενιέρη
1904,IMG_1397.jpeg,Λατῖνοι Συγγραφεῖς,Latin Authors,,Οράτιος,Horace,"Ὀδαί, Βιβλίον Γ'–Ε', μεταφρασθεῖσαι καὶ σχολιασθεῖσαι","Odes, Books III–V, translated and annotated",σελίδες 72+,5.—,,ὑπὸ Μ. Χ. Βενιέρη
1904,IMG_1397.jpeg,Λατῖνοι Συγγραφεῖς,Latin Authors,,Σαλούστιος,Sallust,"Κατιλίνας, μετάφρασις","Catiline, translation","8ον, σελίδες 87+",10.—,,Μ. Λέρφου
1904,IMG_1397.jpeg,Λατῖνοι Συγγραφεῖς,Latin Authors,,Φαῖδρος,Phaedrus,"Μῦθοι, μετὰ σημειώσεων","Fables, with notes","8ον, σ. 148 +",12.—,,ὑπὸ Ἐ. Γαλάνη
1904,IMG_1397.jpeg,Λατῖνοι Συγγραφεῖς,Latin Authors,Β' ΤΕΣ ΕΝ ΠΑΡΙΣΙΟΙΣ ΕΚΔΟΣΕΩΣ HACHETTE,Virgile,Virgil,"Les X, XI et XII","Books X, XI and XII",,27.—,,
1904,IMG_1397.jpeg,Λατῖνοι Συγγραφεῖς,Latin Authors,,Φαῖδρος,Phaedrus,Fabulae Aesopiae μετὰ ποικίλων σχολίων,Aesop's Fables with various commentaries,σ. 79+,3.20,,ὑπὸ Β. Βυθούλκα
1904,IMG_1397.jpeg,Λατῖνοι Συγγραφεῖς,Latin Authors,Β' ΤΕΣ ΕΝ ΠΑΡΙΣΙΟΙΣ ΕΚΔΟΣΕΩΣ HACHETTE,César,Julius Caesar,"Commentaires sur la guerre des Gaules, livres V, VI et VII","Commentaries on the Gallic War, books V, VI and VII",,32.20,,Μετὰ δύο γαλλικῶν μεταφράσεων
1904,IMG_1397.jpeg,Λατῖνοι Συγγραφεῖς,Latin Authors,Β' ΤΕΣ ΕΝ ΠΑΡΙΣΙΟΙΣ ΕΚΔΟΣΕΩΣ HACHETTE,Cicéron,Cicero,Les Catilinaires,The Catiline Orations,,13.20,,
1904,IMG_1397.jpeg,Λατῖνοι Συγγραφεῖς,Latin Authors,Β' ΤΕΣ ΕΝ ΠΑΡΙΣΙΟΙΣ ΕΚΔΟΣΕΩΣ HACHETTE,Cicéron,Cicero,Dialogue sur l'Amitié,Dialogue on Friendship,,8.20,,
1904,IMG_1397.jpeg,Λατῖνοι Συγγραφεῖς,Latin Authors,Β' ΤΕΣ ΕΝ ΠΑΡΙΣΙΟΙΣ ΕΚΔΟΣΕΩΣ HACHETTE,Cicéron,Cicero,Plaidoyer pour Archias,Defense of Archias,,6.—,,
1904,IMG_1397.jpeg,Λατῖνοι Συγγραφεῖς,Latin Authors,Β' ΤΕΣ ΕΝ ΠΑΡΙΣΙΟΙΣ ΕΚΔΟΣΕΩΣ HACHETTE,Cicéron,Cicero,Plaidoyer pour Murena,Defense of Murena,,16.—,,
1904,IMG_1397.jpeg,Λατῖνοι Συγγραφεῖς,Latin Authors,Β' ΤΕΣ ΕΝ ΠΑΡΙΣΙΟΙΣ ΕΚΔΟΣΕΩΣ HACHETTE,Cicéron,Cicero,Songe de Scipion,Dream of Scipio,,5.—,,
1904,IMG_1397.jpeg,Λατῖνοι Συγγραφεῖς,Latin Authors,Β' ΤΕΣ ΕΝ ΠΑΡΙΣΙΟΙΣ ΕΚΔΟΣΕΩΣ HACHETTE,Cicéron,Cicero,Traité des Devoirs,Treatise on Duties,,40.—,,
1904,IMG_1397.jpeg,Λατῖνοι Συγγραφεῖς,Latin Authors,Β' ΤΕΣ ΕΝ ΠΑΡΙΣΙΟΙΣ ΕΚΔΟΣΕΩΣ HACHETTE,Phèdre,Phaedrus,Fables,Fables,,5.—,,
1904,IMG_1397.jpeg,Λατῖνοι Συγγραφεῖς,Latin Authors,Β' ΤΕΣ ΕΝ ΠΑΡΙΣΙΟΙΣ ΕΚΔΟΣΕΩΣ HACHETTE,Virgile,Virgil,Les Bucoliques,The Bucolics,,6.20,,
1904,IMG_1397.jpeg,Λατῖνοι Συγγραφεῖς,Latin Authors,Β' ΤΕΣ ΕΝ ΠΑΡΙΣΙΟΙΣ ΕΚΔΟΣΕΩΣ HACHETTE,Virgile,Virgil,Le V livre de l'Énéide,The Fifth Book of the Aeneid,,10.—,,
1904,IMG_1397.jpeg,Λατῖνοι Συγγραφεῖς,Latin Authors,Β' ΤΕΣ ΕΝ ΠΑΡΙΣΙΟΙΣ ΕΚΔΟΣΕΩΣ HACHETTE,Virgile,Virgil,"Les VII, VIII et IX","Books VII, VIII and IX",,27.—,,
1904,IMG_1397.jpeg,Λατῖνοι Συγγραφεῖς,Latin Authors,,Οράτιος,Horace,Σατυρῶν καὶ Ἐπιστολῶν μετάφρασις μετὰ συντόμου βιογραφίας τοῦ ποιητοῦ,Translation of Satires and Epistles with a brief biography of the poet,"8ον, σελίδες 188 +",10.—,,ὑπὸ Μ. Χ. Μικρουλέου
1904,IMG_1397.jpeg,Λατῖνοι Συγγραφεῖς,Latin Authors,,Φαῖδρος,Phaedrus,"Μῦθοι, μεταφρασθέντες εἰς τὴν ἑλληνικήν","Fables, translated into Greek",σ. 48+,3.20,,ὑπὸ Β. Βυθούλκα
1904,IMG_1397.jpeg,Λατῖνοι Συγγραφεῖς,Latin Authors,,Οράτιος,Horace,"Ἕκαστος ἐλεύθερος Ὕμνος καὶ Ἐπῳδοί, κείμενον καὶ μετάφρασις μετὰ προσθήκης εἰσαγωγῆς καὶ σημειώσεων","Secular Hymn and Epodes, text and translation with added introduction and notes","8ον, σελ. 110, προσθέτων καὶ Ὀδαί, σελ. 16+",12.—,,ὑπὸ Δ. Α. Κασσιδότου
1904,IMG_1397.jpeg,Λατῖνοι Συγγραφεῖς,Latin Authors,,Ὀβίδιος Νάσων,Ovid,"Μεταμορφώσεων τὰ ὀκτὼ πρῶτα βιβλία, μετάφρασις","The First Eight Books of Metamorphoses, translation","8ον, σ. 164 +",12.—,,Ἀ Παπαγεωργίου καὶ Γ. Παπαφωτίου
1904,IMG_1397.jpeg,Λατῖνοι Συγγραφεῖς,Latin Authors,,Ὀβίδιος Νάσων,Ovid,"Μεταμορφώσεις, ἐκλογαὶ ἐκ τῶν βιβλίων ΙΙΙ, IV καὶ V, μετὰ μακρᾶς εἰσαγωγῆς καὶ ἑρμηνευτικῶν σημειώσεων","Metamorphoses, selections from Books III, IV and V, with extensive introduction and explanatory notes","8ον, σελίδες 165 + 157+",12.—,,ὑπὸ Δ. Η. Χατζηεμμανουήλ
1904,IMG_1397.jpeg,Λατῖνοι Συγγραφεῖς,Latin Authors,,Κικέρων,Cicero,"Ἐπιστολαὶ κατ' ἐκλογήν, μετενεχθεῖσαι εἰς τὴν ἑλληνικὴν","Selected Letters, translated into Greek",σελίδες 47+,6.—,,ὑπὸ Γ. Π.
1904,IMG_1397.jpeg,Λατῖνοι Συγγραφεῖς,Latin Authors,,Κικέρων,Cicero,"Κατιλιναῖκοί, Α' καὶ Β'· Σχόλια","Catiline Orations, I and II; Commentary","12ον, σελ. 104+",3.—,,ὑπὸ Ἑμμ. Γαλάνη
1904,IMG_1397.jpeg,Λατῖνοι Συγγραφεῖς,Latin Authors,,Κικέρων,Cicero,"Λόγος ὑπὲρ τοῦ Ἀρχίου Μίλωνος, μεταφρασθεὶς","Speech For Archias and Milo, translated",σελίδες 44 +,3.—,,ὑπὸ Α. Χ. Δουκάκη
1904,IMG_1397.jpeg,Λατῖνοι Συγγραφεῖς,Latin Authors,,Κικέρων,Cicero,"Λόγος ὑπὲρ Ἀρχίου Μίλωνος, μεταφρασθεὶς εἰς τὴν καθωμιλουμένην","Speech For Archias and Milo, translated into vernacular Greek","8ον, σ. 60 +",7.—,,ὑπὸ Κ. Π. Σούτσα
1904,IMG_1397.jpeg,Λατῖνοι Συγγραφεῖς,Latin Authors,,Κικέρων,Cicero,"Λόγος ὑπὲρ Ἀρχίου Μίλωνος, μεταφρασθεὶς","Speech For Archias and Milo, translated",σ. 72 +,4.—,,ὑπὸ Γ. Καρατζᾶ
1904,IMG_1397.jpeg,Λατῖνοι Συγγραφεῖς,Latin Authors,,Κικέρων,Cicero,"Λόγος ὑπὲρ Δ. Λικινίου Μουρήνα, μεταφρασθεὶς","Speech For L. Licinius Murena, translated",σελίδες 78+,5.—,,ὑπὸ Γ. Ν. Καρατζᾶ
1904,IMG_1397.jpeg,Λατῖνοι Συγγραφεῖς,Latin Authors,,Κικέρων,Cicero,"Λόγος Ε' κατὰ Βέῤῥου, μεταφρασθεὶς","Fifth Oration against Verres, translated",σ. 62+,3.20,,ὑπὸ Γ. Ν. Καρατζᾶ
1904,IMG_1397.jpeg,Λατῖνοι Συγγραφεῖς,Latin Authors,,Κικέρων,Cicero,"Λόγος ὑπὲρ Ποπλίου Σύλλα, μεταφρασθεὶς καὶ δι' ὑποσημειώσεων διασαφηνισθεὶς","Speech For Publius Sulla, translated and explained with footnotes",σ. 62+,3.—,,ὑπὸ Γ. Καρατζᾶ
1904,IMG_1397.jpeg,Λατῖνοι Συγγραφεῖς,Latin Authors,,Κικέρων,Cicero,"Περὶ Καθηκόντων (De Officiis), μεταφρασθεὶς","On Duties (De Officiis), translated",σελ. 38 +,7.—,,ὑπὸ Γ. Καρατζᾶ
1904,IMG_1397.jpeg,Λατῖνοι Συγγραφεῖς,Latin Authors,,Κικέρων,Cicero,pro Lygario. Σχόλια,Pro Ligario. Commentary,"12ον, σελ. 38 +",3.—,,ὑπὸ Ἑμμ. Γαλάνη
1904,IMG_1397.jpeg,Λατῖνοι Συγγραφεῖς,Latin Authors,,Κικέρων,Cicero,pro Marcello. Σχόλια,Pro Marcello. Commentary,"12ον, σελ. 48 +",3.20,,ὑπὸ Ἑμμ. Γαλάνη
1904,IMG_1397.jpeg,Λατῖνοι Συγγραφεῖς,Latin Authors,,Κικέρων,Cicero,"Tusculanarum Διατριβαί, Βιβλίον Α', μεταφρασθὲν σχεδὸν κατὰ λέξιν","Tusculan Disputations, Book I, translated almost verbatim",σελ. 68 +,5.—,,ὑπὸ Ν. Κοντοπούλου
1904,IMG_1397.jpeg,Λατῖνοι Συγγραφεῖς,Latin Authors,,Κικέρων,Cicero,"Tusculanarum Quaestionum, libri quinque ex recensione J. V. Le Clerc, edidit et notis gallicis auxit C. Jourdain","Tusculan Disputations, five books from the edition of J. V. Le Clerc, edited and with French notes by C. Jourdain",selides 189 Cart. +,5.—,,
1904,IMG_1397.jpeg,Λατῖνοι Συγγραφεῖς,Latin Authors,,Γ. Καλλιμέρης,G. Kallimeris,[...τέρων χωρίων],[...of other passages],σελίδες 40+,4.—,,Incomplete entry continued from previous page
1904,IMG_1397.jpeg,Λατῖνοι Συγγραφεῖς,Latin Authors,,Κικέρων,Cicero,Οἱ τέσσαρες κατὰ Κατιλίνα Λόγοι καὶ ὁ ὑπὲρ Ἀρχίου τοῦ ποιητοῦ Σχολιασθέντες καὶ μεταφρασθέντες,"The Four Speeches Against Catiline and For Archias the Poet, annotated and translated","8ον, σελ. 245+",16.—,,ὑπὸ Ε. Κ. Λιθεριώτου
1904,IMG_1397.jpeg,Λατῖνοι Συγγραφεῖς,Latin Authors,,Ὀβίδιος Νάσων,Ovid,"Τεῦχος Α', Βιβλίον Α' καὶ Β', μετὰ εἰσαγωγῆς","Volume I, Books I and II, with introduction","8ον, σελίδες 192+",11.—,,
1904,IMG_1397.jpeg,Λατῖνοι Συγγραφεῖς,Latin Authors,,Ὀβίδιος Νάσων,Ovid,"Μεταμορφώσεις, ἑρμηνευθεῖσα καὶ μεταφρασθεῖσα","Metamorphoses, interpreted and translated","8ον, σελ. 305 + 125 +",11.—,,ὑπὸ Ε. Δ. Ν. Ι. Καλλιμάχη
1904,IMG_1397.jpeg,Λατῖνοι Συγγραφεῖς,Latin Authors,,Ὀβίδιος Νάσων,Ovid,"Μεταμορφώσεις, μετὰ σημειώσεων","Metamorphoses, with notes","8ον, σ. 125 +",12.—,,ὑπὸ Ἡ. Κορινθιώτου
1904,IMG_1397.jpeg,Λατῖνοι Συγγραφεῖς,Latin Authors,,Κικέρων,Cicero,"Τρεῖς Λόγοι, ὁ Α' καὶ Δ' κατὰ Κατιλίνα καὶ ὁ ὑπὲρ Ἀρχίου τοῦ ποιητοῦ, μεταφρασθέντες","Three Speeches, the First and Fourth Against Catiline and For Archias the Poet, translated","μέγα 8ον, σελίδες 54+",6.—,,ὑπὸ Γ. Π. Κουπίτορη
1904,IMG_1397.jpeg,Λατῖνοι Συγγραφεῖς,Latin Authors,,Ν. Ι. Καλλιμάχης,N. I. Kallimachis,Βίοι,Lives,"8ον, σελίδες 232+",2.20,,
1904,IMG_1397.jpeg,Λατῖνοι Συγγραφεῖς,Latin Authors,,Νέπως Κορνήλιος,Cornelius Nepos,"Βίοι, ἐκδόσεις ὑπὸ Κ. Σ. Καστόρχη. Κείμενον καὶ σχόλια","Lives, edited by K. S. Kastorchis. Text and commentary","8ον, σελ. 85+",2.20,,
1904,IMG_1397.jpeg,Λατῖνοι Συγγραφεῖς,Latin Authors,,Ὀβίδιος Νάσων,Ovid,"Μεταμορφώσεις, μετὰ σημειώσεων","Metamorphoses, with notes",σ. 417 +,12.—,,ὑπὸ Β. Βυθούλκα
1904,IMG_1397.jpeg,Λατῖνοι Συγγραφεῖς,Latin Authors,,Νέπως Κορνήλιος,Cornelius Nepos,"Βίοι, Ἐκδόσεων Στρατηγῶν, μετὰ σχολίων","Lives of Eminent Commanders, with commentary",237+,7.—,,ὑπὸ Ε. Κορινθιώτου
1904,IMG_1397.jpeg,Λατῖνοι Συγγραφεῖς,Latin Authors,,Νέπως Κορνήλιος,Cornelius Nepos,Βίοι,Lives,σελίδες 56+,2.20,,μετάφρασις Β. Βυθούλκα
1904,IMG_1397.jpeg,Λατῖνοι Συγγραφεῖς,Latin Authors,,Lhomond,Lhomond,"De viris illustribus. Μέρος Α', Σχόλια","On Illustrious Men. Part I, Commentary",σελ. 75+,2.20,,ὑπὸ Γ. Ἠλιάδη
1904,IMG_1397.jpeg,Λατῖνοι Συγγραφεῖς,Latin Authors,,Lhomond,Lhomond,"De viris illustribus urbis Romae, μετὰ σημειώσεων, εἰκόνων καὶ πινάκων","On Illustrious Men of the City of Rome, with notes, illustrations and plates","8ον, σελίδες 152 +",4.—,,ὑπὸ Δ. Παπαγεωργίου
1904,IMG_1397.jpeg,Λατῖνοι Συγγραφεῖς,Latin Authors,,Κικέρων,Cicero,"Οἱ τέσσαρες κατὰ Κατιλίνα, λόγοι, μεταφρασθέντες μετὰ σημειώσεων","The Four Speeches Against Catiline, translated with notes",σελίδες 192+,5.—,,ὑπὸ Π. Μαστραχᾶ
1904,IMG_1397.jpeg,Λατῖνοι Συγγραφεῖς,Latin Authors,,Νέπως Κορνήλιος,Cornelius Nepos,Βίοι,Lives,"8ον, σ. 192 +",12.—,,Ἀπὸ Ἀ. Νίκωνος
1904,IMG_1398.jpeg,Ζ΄ ΞΕΝΑΙ ΓΛΩΣΣΑΙ,Z. Foreign Languages,Α΄ ΑΓΓΛΙΚΗ,SADLER P.,Sadler P.,Manuel classique de conversations françaises et anglaises,Classic Manual of French and English Conversations,"32ov, σελίδες 344, cart. +",10.—,,
1904,IMG_1398.jpeg,Ζ΄ ΞΕΝΑΙ ΓΛΩΣΣΑΙ,Z. Foreign Languages,Α΄ ΑΓΓΛΙΚΗ,SADLER P.,Sadler P.,Manuel de phrases françaises et anglaises,Manual of French and English Phrases,X,7.20,,
1904,IMG_1398.jpeg,Ζ΄ ΞΕΝΑΙ ΓΛΩΣΣΑΙ,Z. Foreign Languages,Α΄ ΑΓΓΛΙΚΗ,SADLER P.,Sadler P.,Corrigé des Exercices anglais,Key to English Exercises,+ +,12.—,,
1904,IMG_1398.jpeg,Ζ΄ ΞΕΝΑΙ ΓΛΩΣΣΑΙ,Z. Foreign Languages,Α΄ ΑΓΓΛΙΚΗ,SADLER P.,Sadler P.,Exercices anglais ou Cour de thèmes gradués,English Exercises or Course of Graduated Themes,cart. ++,15.—,,
1904,IMG_1398.jpeg,Ζ΄ ΞΕΝΑΙ ΓΛΩΣΣΑΙ,Z. Foreign Languages,Α΄ ΑΓΓΛΙΚΗ,SADLER P.,Sadler P.,Cours de versions anglaises,Course of English Translations,cart. + +,20.—,,
1904,IMG_1398.jpeg,Ζ΄ ΞΕΝΑΙ ΓΛΩΣΣΑΙ,Z. Foreign Languages,Α΄ ΑΓΓΛΙΚΗ,ΠΑΠΑΔΑΚΗ Α. Β.,Papadaki A. V.,"᾿Αγγλικὴ Μέθοδος, πρακτικωτάτων ἐγχειρίδιον πρὸς ἐκμάθησιν τῆς ἀγγλικῆς (Lessons in english, a practical and easy method for the use of greek students)","English Method, a practical handbook for learning English","Τεῦχος Α΄, σελ. 152 +",5.20,,
1904,IMG_1398.jpeg,Ζ΄ ΞΕΝΑΙ ΓΛΩΣΣΑΙ,Z. Foreign Languages,Α΄ ΑΓΓΛΙΚΗ,SADLER P.,Sadler P.,Petit Cours de Thèmes à l'usage des Classes élémentaires,Short Course of Exercises for Elementary Classes,"32ov, cartoné X",10.—,,
1904,IMG_1398.jpeg,Ζ΄ ΞΕΝΑΙ ΓΛΩΣΣΑΙ,Z. Foreign Languages,Α΄ ΑΓΓΛΙΚΗ,POLYMERES G. A.,Polymeres G. A.,Selection of Amusing Anecdotes for the use of Schools,Selection of Amusing Anecdotes for the use of Schools,"8ov, σελίδες 143 +",5.—,,
1904,IMG_1398.jpeg,Ζ΄ ΞΕΝΑΙ ΓΛΩΣΣΑΙ,Z. Foreign Languages,Α΄ ΑΓΓΛΙΚΗ,ΠΟΛΥΜΕΡΗ Γ.,Polymeri G.,᾿Αγγλοελληνικοὶ Συνήθεις καὶ οἰκιακοὶ Διάλογοι,Anglo-Greek Common and Household Dialogues,"12ον, σελ. 276 +",7.—,,
1904,IMG_1398.jpeg,Ζ΄ ΞΕΝΑΙ ΓΛΩΣΣΑΙ,Z. Foreign Languages,Α΄ ΑΓΓΛΙΚΗ,ΠΕΤΡΑΚΗ Κ.,Petraki K.,Ἐγχειρίδιον Διαλόγων τῆς Καθομιλουμένης Νεοελληνικῆς καὶ ᾿Αγγλικῆς Γλώσσης,Handbook of Dialogues of Spoken Modern Greek and English Language,"32ον, σελ. VIII-425",20.—,,
1904,IMG_1398.jpeg,Ζ΄ ΞΕΝΑΙ ΓΛΩΣΣΑΙ,Z. Foreign Languages,Α΄ ΑΓΓΛΙΚΗ,TATIKAN B.,Tatikan B.,The illustrated spelling & reading book,The illustrated spelling & reading book,c. 64++,2.20,,
1904,IMG_1398.jpeg,Ζ΄ ΞΕΝΑΙ ΓΛΩΣΣΑΙ,Z. Foreign Languages,Α΄ ΑΓΓΛΙΚΗ,SADLER P.,Sadler P.,"Cours gradué de langue anglaise, II partie. Petit cours de versions","Graduated Course of English Language, Part II. Short Translation Course",cart. + +,10.—,,
1904,IMG_1398.jpeg,Ζ΄ ΞΕΝΑΙ ΓΛΩΣΣΑΙ,Z. Foreign Languages,Α΄ ΑΓΓΛΙΚΗ,TURRELL F. W.,Turrell F. W.,Manual of English Grammar,Manual of English Grammar,"12ov, σελίδες 79 ++",5.—,,
1904,IMG_1398.jpeg,Ζ΄ ΞΕΝΑΙ ΓΛΩΣΣΑΙ,Z. Foreign Languages,Β΄ ΓΑΛΛΙΚΗ,ΑΜΕΝΑΝΡΟΥ I.,Amenanrou I.,"L'Écho de Paris, ἢ Ἠχὼ τῶν Παρισίων, κατὰ τὴν μέθοδον D. F. Fliessbach","The Echo of Paris, according to the method of D. F. Fliessbach","8ον, σελ. 175 +",6.—,,
1904,IMG_1398.jpeg,Ζ΄ ΞΕΝΑΙ ΓΛΩΣΣΑΙ,Z. Foreign Languages,Α΄ ΑΓΓΛΙΚΗ,ΦΙΛΙΠΠΟΥ Φ. Α.,Filippou F. A.,"Διάλογοι ᾿Αγγλοελληνικοί, Hithodoi καὶ Gudin","Anglo-Greek Dialogues, Hithodoi and Gudin",σελ. 119 +,9.—,,
1904,IMG_1398.jpeg,Ζ΄ ΞΕΝΑΙ ΓΛΩΣΣΑΙ,Z. Foreign Languages,Α΄ ΑΓΓΛΙΚΗ,ΦΙΛΙΠΠΟΥ Φ. Α.,Filippou F. A.,"Méthodes, κατὰ τὸ σύστημα Gaspey-Otto-Sauer καὶ ἐπὶ τῇ βάσει τῆς Μεθόδου Mauron",Methods according to the Gaspey-Otto-Sauer system and based on the Mauron Method,"8ov, α. 5’— 476++",22.—,,
1904,IMG_1398.jpeg,Ζ΄ ΞΕΝΑΙ ΓΛΩΣΣΑΙ,Z. Foreign Languages,Α΄ ΑΓΓΛΙΚΗ,ΦΙΛΙΠΠΟΥ Φ. Α.,Filippou F. A.,Κλεὶς ἐφαρμοσμένη εἰς τὴν προηγουμένην μέθοδον,Key applied to the preceding method,"8ον, σελ. 68 +",6.20,,
1904,IMG_1398.jpeg,Ζ΄ ΞΕΝΑΙ ΓΛΩΣΣΑΙ,Z. Foreign Languages,Β΄ ΓΑΛΛΙΚΗ,ABRANT A.,Abrant A.,Exercices de Style Epistolaire,Epistolary Style Exercises,cartonné + +,6.—,,
1904,IMG_1398.jpeg,Ζ΄ ΞΕΝΑΙ ΓΛΩΣΣΑΙ,Z. Foreign Languages,Β΄ ΓΑΛΛΙΚΗ,ABRANT A.,Abrant A.,Ann Νέα Μέθοδος,Ahn New Method,σελίδες 191,2.—,,
1904,IMG_1398.jpeg,Ζ΄ ΞΕΝΑΙ ΓΛΩΣΣΑΙ,Z. Foreign Languages,Β΄ ΓΑΛΛΙΚΗ,,,Alphabet et premier livre de lecture,Alphabet and First Reading Book,cart. + +,1.20,,
1904,IMG_1398.jpeg,Ζ΄ ΞΕΝΑΙ ΓΛΩΣΣΑΙ,Z. Foreign Languages,Β΄ ΓΑΛΛΙΚΗ,,,Alphabet des Animaux,Animal Alphabet,σ. 72++,1.20,,
1904,IMG_1398.jpeg,Ζ΄ ΞΕΝΑΙ ΓΛΩΣΣΑΙ,Z. Foreign Languages,Β΄ ΓΑΛΛΙΚΗ,,,Alphabet des Matières illustré (Nouvel),Alphabet of Illustrated Subjects (New),X,1.20,,
1904,IMG_1398.jpeg,Ζ΄ ΞΕΝΑΙ ΓΛΩΣΣΑΙ,Z. Foreign Languages,Β΄ ΓΑΛΛΙΚΗ,Β. Ν. Σ.,V. N. S.,᾿Αλφαβητάριον (μικρόν),Alphabet Book (small),σ. 77,2.—,,
1904,IMG_1398.jpeg,Ζ΄ ΞΕΝΑΙ ΓΛΩΣΣΑΙ,Z. Foreign Languages,Β΄ ΓΑΛΛΙΚΗ,AICARD J.,Aicard J.,Le Livre des Petits,The Book for Little Ones,cartoné + +,6.20,,
1904,IMG_1398.jpeg,Ζ΄ ΞΕΝΑΙ ΓΛΩΣΣΑΙ,Z. Foreign Languages,Β΄ ΓΑΛΛΙΚΗ,ΑΝΑΡΓΥΡΕΛΛΗ Σ. Β.,Anargyrelli S. V.,Γαλλικὴ Θεματογραφία,French Composition,"8ον, σελίδες 133 +",10.—,,
1904,IMG_1398.jpeg,Ζ΄ ΞΕΝΑΙ ΓΛΩΣΣΑΙ,Z. Foreign Languages,Α΄ ΑΓΓΛΙΚΗ,ΠΑΠΑΔΑΚΗ ΑΛΕΞ.,Papadaki Alex.,Γραμματολογία,Grammatology / Literature,σελ. 134 +,7.20,,
1904,IMG_1398.jpeg,Ζ΄ ΞΕΝΑΙ ΓΛΩΣΣΑΙ,Z. Foreign Languages,Α΄ ΑΓΓΛΙΚΗ,ΦΙΛΙΠΠΟΥ Φ. Α.,Filippou F. A.,Διάλογοι Ἑλληνοαγγλικοὶ ἐπὶ τῇ βάσει τῆς Μεθόδου Mauron,Greek-English Dialogues based on the Mauron Method,"8ov, σελίδες 168+",7.20,,
1904,IMG_1398.jpeg,Ζ΄ ΞΕΝΑΙ ΓΛΩΣΣΑΙ,Z. Foreign Languages,Α΄ ΑΓΓΛΙΚΗ,MURRAY L.,Murray L.,The English Reader,The English Reader,"32ov, σελ. 293 + +",8.—,,
1904,IMG_1398.jpeg,Ζ΄ ΞΕΝΑΙ ΓΛΩΣΣΑΙ,Z. Foreign Languages,Α΄ ΑΓΓΛΙΚΗ,ΑΛΕΞΑΝΔΡΟΥ,Alexandrou,"Ἡ Ἠχὼ τοῦ Λονδίνου, ἤτοι Ὁδηγὸς πρὸς πρακτικωτέραν ἄσκησιν εἰς τὸ λέγειν γλωσσὶ διαλεγέσθαι","The Echo of London, or Guide to practical exercise in speaking","8ον, σ. 127 +",5.—,,
1904,IMG_1398.jpeg,Ζ΄ ΞΕΝΑΙ ΓΛΩΣΣΑΙ,Z. Foreign Languages,Α΄ ΑΓΓΛΙΚΗ,MAURON A. & VERRIER P.,Mauron A. & Verrier P.,Corrigé des Thèmes contenus dans la Grammaire Anglaise,Key to Exercises in the English Grammar,"18ov, σελ. 48, cart. + +",10.—,,
1904,IMG_1398.jpeg,Ζ΄ ΞΕΝΑΙ ΓΛΩΣΣΑΙ,Z. Foreign Languages,Α΄ ΑΓΓΛΙΚΗ,MERVOYER P. M. & CLIFTON M.,Mervoyer P. M. & Clifton M.,Grammaire de la langue anglaise,Grammar of the English Language,c. + +,15.—,,
1904,IMG_1398.jpeg,Ζ΄ ΞΕΝΑΙ ΓΛΩΣΣΑΙ,Z. Foreign Languages,Α΄ ΑΓΓΛΙΚΗ,ΑΛΕΞΑΝΔΡΟΥ,Alexandrou,᾿Αλφαβητάριον,Alphabet Book,"8ον, σελίδες 190 +",2.20,,
1904,IMG_1398.jpeg,Ζ΄ ΞΕΝΑΙ ΓΛΩΣΣΑΙ,Z. Foreign Languages,Α΄ ΑΓΓΛΙΚΗ,ΑΛΕΞΑΝΔΡΟΥ,Alexandrou,"Γραμματικὴ νεωτάτη τῆς ᾿Αγγλικῆς Γλώσσης, μετὰ γυμνασμάτων","Newest Grammar of the English Language, with exercises","8ον, σελίδες 190 +",3.20,,
1904,IMG_1398.jpeg,Ζ΄ ΞΕΝΑΙ ΓΛΩΣΣΑΙ,Z. Foreign Languages,Α΄ ΑΓΓΛΙΚΗ,BOUGE XAVIER DE καὶ ΑΛΕΞΑΝΔΡΟΥ Γ.,Bouge Xavier de and Alexandrou G.,Ἡ ᾿Αγγλικὴ ἄνευ διδασκάλου εἰς 50 μαθήματα,English Without a Teacher in 50 Lessons,"ἔνθος 4 μηνῶν, 8ον, σελ. 648 + 21",9.—,,
1904,IMG_1398.jpeg,Ζ΄ ΞΕΝΑΙ ΓΛΩΣΣΑΙ,Z. Foreign Languages,Α΄ ΑΓΓΛΙΚΗ,BOUGE XAVIER DE καὶ ΓΕΩΡΓΙΑΔΟΥ Α.,Bouge Xavier de and Georgiadou A.,Ἡ ᾿Αγγλικὴ ἄνευ διδασκάλου εἰς 50 μαθήματα,English Without a Teacher in 50 Lessons,"ἔνθος 4 μηνῶν, 8ον, σ. 620 + 35",5.—,,
1904,IMG_1398.jpeg,Ζ΄ ΞΕΝΑΙ ΓΛΩΣΣΑΙ,Z. Foreign Languages,Α΄ ΑΓΓΛΙΚΗ,BROWN,Brown,L'anglais commercial,Commercial English,c. + 10.—,2.20,,
1904,IMG_1398.jpeg,Ζ΄ ΞΕΝΑΙ ΓΛΩΣΣΑΙ,Z. Foreign Languages,Α΄ ΑΓΓΛΙΚΗ,ΓΕΩΡΓΙΑΔΟΥ Α.,Georgiadou A.,Νέον ᾿Αγγλικὸν ᾿Αλφαβητάριον κατὰ τὴν νέαν μέθοδον ἢ Ὁδηγὸς τῆς ᾿Αγγλικῆς Γλώσσης,New English Alphabet Book According to the New Method or Guide to the English Language,"8ον, σελίδες 244 +",2.20,,
1904,IMG_1398.jpeg,Ζ΄ ΞΕΝΑΙ ΓΛΩΣΣΑΙ,Z. Foreign Languages,Α΄ ΑΓΓΛΙΚΗ,ΓΡΑΤΣΙΑΤΟΥ Π.,Gratsiatou P.,Μέθοδος Dr F. Ahn,Method of Dr. F. Ahn,σελίδες 246 +,9.—,,
1904,IMG_1398.jpeg,Ζ΄ ΞΕΝΑΙ ΓΛΩΣΣΑΙ,Z. Foreign Languages,Α΄ ΑΓΓΛΙΚΗ,CLIFTON M.,Clifton M.,"Manuel de Conversation, English-French","Manual of Conversation, English-French","32ov, toile ++",3.—,,
1904,IMG_1398.jpeg,Ζ΄ ΞΕΝΑΙ ΓΛΩΣΣΑΙ,Z. Foreign Languages,Α΄ ΑΓΓΛΙΚΗ,CUNARDI-OLLENDORFF,Cunardi-Ollendorff,Grammatica Inglese,English Grammar,++,20.—,,
1904,IMG_1398.jpeg,Ζ΄ ΞΕΝΑΙ ΓΛΩΣΣΑΙ,Z. Foreign Languages,Α΄ ΑΓΓΛΙΚΗ,,,"Διάλογοι Ἕλληνο-᾿Αγγλικοί, γεγραμμένοι δι᾽ ἑλληνικῶν χαρακτήρων","Greek-English Dialogues, written in Greek characters","32ον, σελίδες 160 +",3.—,,
1904,IMG_1398.jpeg,Ζ΄ ΞΕΝΑΙ ΓΛΩΣΣΑΙ,Z. Foreign Languages,Α΄ ΑΓΓΛΙΚΗ,FUCHS P.,Fuchs P.,Clef de la grammaire anglaise,Key to English Grammar,+ +,10.—,,
1904,IMG_1398.jpeg,Ζ΄ ΞΕΝΑΙ ΓΛΩΣΣΑΙ,Z. Foreign Languages,Α΄ ΑΓΓΛΙΚΗ,GOLDSMITH O.,Goldsmith O.,The Vicar of Wakefield,The Vicar of Wakefield,"12ov, cart. + +",4.—,,
1904,IMG_1398.jpeg,Ζ΄ ΞΕΝΑΙ ΓΛΩΣΣΑΙ,Z. Foreign Languages,Α΄ ΑΓΓΛΙΚΗ,BOUGE XAVIER DE καὶ ΔΗΜΗΤΡΙΟΥ Α.,Bouge Xavier de and Dimitriou A.,Ἡ ᾿Αγγλικὴ ἄνευ διδασκάλου εἰς 50 μαθήματα,English Without a Teacher in 50 Lessons,"ἔνθος 4 μηνῶν, 8ον, σ. 615 + 15",4.—,,
1904,IMG_1398.jpeg,Ζ΄ ΞΕΝΑΙ ΓΛΩΣΣΑΙ,Z. Foreign Languages,Α΄ ΑΓΓΛΙΚΗ,ΚΑΣΙΜΑΤΗ Σ. Ι.,Kasimati S. I.,᾿Αγγλικὴ Γραμματική,English Grammar,"8ον, σελίδες 192 +",7.20,,
1904,IMG_1398.jpeg,Ζ΄ ΞΕΝΑΙ ΓΛΩΣΣΑΙ,Z. Foreign Languages,Α΄ ΑΓΓΛΙΚΗ,MAURON A. & VERRIER P.,Mauron A. & Verrier P.,"Nouvelle Grammaire Anglaise avec de nombreux exercices de traduction, de lecture et de conversation, suivie de vocabulaires indiquant la prononciation figurée de tous les mots anglais employés dans l'ouvrage","New English Grammar with numerous exercises, followed by vocabularies indicating phonetic pronunciation","8ov, σελίδες 448, toile + +",25.—,,
1904,IMG_1398.jpeg,Ζ΄ ΞΕΝΑΙ ΓΛΩΣΣΑΙ,Z. Foreign Languages,Α΄ ΑΓΓΛΙΚΗ,GOLDSMITH O.,Goldsmith O.,The Poetical Works,The Poetical Works,c. 136 + 10.—,2.—,,
1904,IMG_1398.jpeg,Ζ΄ ΞΕΝΑΙ ΓΛΩΣΣΑΙ,Z. Foreign Languages,Α΄ ΑΓΓΛΙΚΗ,MAURON A.,Mauron A.,"Petite grammaire anglaise, avec de nombreux exercices de traduction de lecture et de conversation","Little English Grammar, with numerous exercises in translation, reading and conversation","8ov, reliés VIII—189 toile++",12.20,,revue et corrigée par J. A. H. Murray
1904,IMG_1398.jpeg,Ζ΄ ΞΕΝΑΙ ΓΛΩΣΣΑΙ,Z. Foreign Languages,Α΄ ΑΓΓΛΙΚΗ,ΛΑΜΠΙΣΗ,Lampisi,᾿Αγγλικὴ Γλῶσσα εἰς τὴν προφοράν,English Language Pronunciation,"8ον, σελίδες 651 +",3.—,,
1904,IMG_1398.jpeg,Ζ΄ ΞΕΝΑΙ ΓΛΩΣΣΑΙ,Z. Foreign Languages,Α΄ ΑΓΓΛΙΚΗ,ΚΥΠΡΙΟΥ ΘΕΟΔ.,Kypriou Theod.,Ἑλληνοαγγλικοὶ Διάλογοι μετὰ τῆς προφορᾶς τῶν ἀγγλικῶν λέξεων γεγραμμένης δι᾽ ἑλληνικῶν χαρακτήρων,Greek-English Dialogues with pronunciation of English words written in Greek characters,"8ον, σελίδες 58 +",2.20,,
1904,IMG_1398.jpeg,Ζ΄ ΞΕΝΑΙ ΓΛΩΣΣΑΙ,Z. Foreign Languages,Α΄ ΑΓΓΛΙΚΗ,MAC ENERY,Mac Enery,L'Anglais mis à la portée de tout le monde,English Made Accessible to Everyone,cartonné 10.—,5.20,,
1904,IMG_1398.jpeg,Ζ΄ ΞΕΝΑΙ ΓΛΩΣΣΑΙ,Z. Foreign Languages,Α΄ ΑΓΓΛΙΚΗ,ΚΟΝΤΟΠΟΥΛΟΥ Ν.,Kontopoulou N.,"Γραμματικὴ τῆς ᾿Αγγλικῆς Γλώσσης, μετὰ θεμάτων","Grammar of the English Language, with exercises","8ον, σελ. 243 +",9.—,,
1904,IMG_1398.jpeg,Ζ΄ ΞΕΝΑΙ ΓΛΩΣΣΑΙ,Z. Foreign Languages,Α΄ ΑΓΓΛΙΚΗ,ΚΟΝΤΟΠΟΥΛΟΥ Ν.,Kontopoulou N.,Μέθοδος ὀλλενδρόφου,Ollendorff Method,"8ον, σελίδες δ΄-448 +",18.—,,
1904,IMG_1398.jpeg,Ζ΄ ΞΕΝΑΙ ΓΛΩΣΣΑΙ,Z. Foreign Languages,Α΄ ΑΓΓΛΙΚΗ,ΚΟΝΤΟΠΟΥΛΟΥ Ν.,Kontopoulou N.,"Ἡ Ἠχὼ τοῦ Λονδίνου, ἤτοι Πρακτικὸς Ὁδηγὸς εἰς τὴν συνομιλίαν","The Echo of London, or Practical Guide to Conversation","8ον, σελίδες 128—79 +",5.20,,
1904,IMG_1398.jpeg,Ζ΄ ΞΕΝΑΙ ΓΛΩΣΣΑΙ,Z. Foreign Languages,Α΄ ΑΓΓΛΙΚΗ,ΚΟΝΤΟΠΟΥΛΟΥ Ν.,Kontopoulou N.,Διάλογοι ᾿Αγγλοελληνικοὶ καὶ ᾿Αγγλογραφία,Anglo-Greek Dialogues and English Writing,σελ. 237 +,12.—,,
1904,IMG_1398.jpeg,Ζ΄ ΞΕΝΑΙ ΓΛΩΣΣΑΙ,Z. Foreign Languages,Α΄ ΑΓΓΛΙΚΗ,ΚΑΣΙΜΑΤΗ Σ. Ι.,Kasimati S. I.,Χρηστομάθεια,Chrestomathy,σελ. 248 +,5.20,,
1904,IMG_1398.jpeg,Ζ΄ ΞΕΝΑΙ ΓΛΩΣΣΑΙ,Z. Foreign Languages,Α΄ ΑΓΓΛΙΚΗ,ΚΟΝΤΟΠΟΥΛΟΥ Ν.,Kontopoulou N.,Μέθοδος Ἄνν,Ahn Method,"8ον, σελ. 224 +",7.20,,
1904,IMG_1399.jpeg,Γαλλικὴ,French Books,,BRUNO,Bruno,Premier livre de lecture et d'instruction,First Reader and Instruction Book,,3.—,,
1904,IMG_1399.jpeg,Γαλλικὴ,French Books,,BOUGE X. DE ΚΑΙ ΓΕΩΡΓΙΑΔΟΥ Α.,Bouge X. De & Georgiadou A.,Ἡ Γαλλικὴ μάθησις πρακτικὴ ἐντὸς 4 μηνῶν,Practical French Learning in 4 Months,σελίδες 663 +,35.—,,
1904,IMG_1399.jpeg,Γαλλικὴ,French Books,,CHAPSAL & RENDU FILS,Chapsal & Rendu Fils,Méthode pour faire,Method to make...,,2.20,,
1904,IMG_1399.jpeg,Γαλλικὴ,French Books,,BRACHET et DUSSOUCHET,Brachet & Dussouchet,"Cours élémentaire, livre de l'élève","Elementary Course, Student Book",cartonné,6.20,,
1904,IMG_1399.jpeg,Γαλλικὴ,French Books,,BRACHET et DUSSOUCHET,Brachet & Dussouchet,Cours de grammaire française. L'élève,French Grammar Course. Student Edition,cartonné ++,4.—,,
1904,IMG_1399.jpeg,Γαλλικὴ,French Books,,BRACHET et DUSSOUCHET,Brachet & Dussouchet,Petite Grammaire Française,Little French Grammar,cart. ++,4.—,,
1904,IMG_1399.jpeg,Γαλλικὴ,French Books,,BOUGE X. DE ΚΑΙ ΚΥΠΡΙΟΥ Θ.,Bouge X. De & Kypriou Th.,Ἡ Γαλλικὴ μάθησις πρακτικὴ ἐντὸς 60 μαθημάτων,Practical French Learning in 60 Lessons,σελίδες 797 +,18.—,,
1904,IMG_1399.jpeg,Γαλλικὴ,French Books,,BOUGE X. DE ΚΑΙ ΑΝΕΞΑΓΟΡΟΥ Γ.,Bouge X. De & Anexagorou G.,Ἡ Γαλλικὴ μάθησις πρακτικὴ ἐντὸς 60 μαθημάτων,Practical French Learning in 60 Lessons,σελίδες 974 ++,30.—,,
1904,IMG_1399.jpeg,Γαλλικὴ,French Books,,BOILEAU,Boileau,Œuvres Poétiques annotées par Brunetière,Poetic Works annotated by Brunetiere,cart. ++,7.20,,
1904,IMG_1399.jpeg,Γαλλικὴ,French Books,,BOSSUET,Bossuet,"Discours sur l'Histoire Universelle, annotés par Olléris","Discourse on Universal History, annotated by Olleris",cartonné ++,8.—,,
1904,IMG_1399.jpeg,Γαλλικὴ,French Books,,BOILEAU,Boileau,Œuvres complètes,Complete Works,"2 vol., cart. ++",12.20,,
1904,IMG_1399.jpeg,Γαλλικὴ,French Books,,BOILEAU,Boileau,Œuvres Poétiques annotées par E. Geruzez,Poetic Works annotated by E. Geruzez,cart. ++,5.—,,
1904,IMG_1399.jpeg,Γαλλικὴ,French Books,,BOILEAU,Boileau,"Art Poétique, annoté par Brunetière","Poetic Art, annotated by Brunetiere",cart. ++,8.—,,
1904,IMG_1399.jpeg,Γαλλικὴ,French Books,,BLANCHARD D.,Blanchard D.,Biographies des hommes illustres des temps anciens et modernes,Biographies of Illustrious Men of Ancient and Modern Times,cart. ++,6.20,,
1904,IMG_1399.jpeg,Γαλλικὴ,French Books,,BLANCHARD P.,Blanchard P.,L'Écoles des Mœurs,School of Manners / Morals,++,40.—,,
1904,IMG_1399.jpeg,Γαλλικὴ,French Books,,BRUNO,Bruno,Pour l'enfant,For the Child,cartonné ++,3.—,,
1904,IMG_1399.jpeg,Γαλλικὴ,French Books,,BOSSUET,Bossuet,"De la connaissance de Dieu et de soi-même, édition publiée par M. de Lens","On the Knowledge of God and Oneself, edition published by M. de Lens",cart. ++,12.20,,
1904,IMG_1399.jpeg,Γαλλικὴ,French Books,,BRUNO,Bruno,Pour l'adolescent,For the Teenager,cart. ++,3.—,,
1904,IMG_1399.jpeg,Γαλλικὴ,French Books,,CARRAUD Mme,Carraud Mme,Maurice ou le Travail,Maurice or Labor,cart. ++,5.20,,
1904,IMG_1399.jpeg,Γαλλικὴ,French Books,,BRUNO,Bruno,Le tour de la France,The Tour of France,cart. ++,6.20,,
1904,IMG_1399.jpeg,Γαλλικὴ,French Books,,BLANC J.,Blanc J.,Enseignement Méthodique de l'Orthographe d'usage. Elève,Methodical Instruction of Practical Spelling. Student Edition,cartonné ++,8.—,,
1904,IMG_1399.jpeg,Γαλλικὴ,French Books,,CHAPSAL J. DE LA,Chapsal J. de la,Civilité primaire,Primary Civility / Etiquette,cartonné ++,1.20,,
1904,IMG_1399.jpeg,Γαλλικὴ,French Books,,CARRÉ ET MOY,Carre & Moy,La première année de rédaction et d'éducation,First Year of Writing and Education,75 gravures ++,4.20,,
1904,IMG_1399.jpeg,Γαλλικὴ,French Books,,CARRÉ ET MOY,Carre & Moy,L'Année préparatoire de rédaction et d'éducation,Preparatory Year of Writing and Education,"180 gr., cartonné ++",3.—,,
1904,IMG_1399.jpeg,Γαλλικὴ,French Books,,CARRAUD Mme,Carraud Mme,Petite Jeanne ou le Devoir,Little Jeanne or Duty,cartonné ++,5.20,,
1904,IMG_1399.jpeg,Γαλλικὴ,French Books,,CARRAUD Mme,Carraud Mme,Contes et Historiettes à l'usage des jeunes enfants,Tales and Short Stories for Young Children,selides,5.20,,
1904,IMG_1399.jpeg,Γαλλικὴ,French Books,,CARALAMPIDES Cl.,Caralampides Cl.,Guide de la langue française consistant en syllabaire méthodique en premières lectures choisies avec un vocabulaire français-turc,Guide to the French Language consisting of a methodical spelling book and selected first readings with a French-Turkish vocabulary,selides 136+216 ++,9.—,,
1904,IMG_1399.jpeg,Γαλλικὴ,French Books,,BRUNO,Bruno,Les enfants de Marcel,The Children of Marcel,cartonné ++,6.20,,
1904,IMG_1399.jpeg,Γαλλικὴ,French Books,,CALEMARD DE LA FAYETTE,Calemard de la Lafayette,Petit Plere ou le bon cultivateur,Little Pierre or the Good Cultivator,++,5.—,,
1904,IMG_1399.jpeg,Γαλλικὴ,French Books,,ΓΚΑΡΠΟΛΑ Α.,Gkarpola A.,"Μέθοδος Ὀλλενδόρφου, ὑπὸ Κ. Τσάδου","Ollendorff Method, by K. Tsados","8ον, σ. 584 ++",5.—,,
1904,IMG_1399.jpeg,Γαλλικὴ,French Books,,ΓΙΑΝΝΑΡΗ Α. Ν.,Giannaris A. N.,Μέθοδος,Method,"8ον, σ. 584 +",15.—,,
1904,IMG_1399.jpeg,Γαλλικὴ,French Books,,ΓΕΩΡΓΙΑΔΟΥ Χρ. Ν.,Georgiadou Chr. N.,"Νεώτατοι ἑλληνογαλλικοὶ διάλογοι ἱεροὶ καὶ τοῦ γαλλικοῦ ἀλφαβηταρίου καὶ τῶν γραμματικῶν κανόνων, γραφὴ τοῦ γαλλικοῦ κειμένου δι' ἑλληνικῶν χαρακτήρων","Newest Greek-French Sacred Dialogues and French Alphabet and Grammar Rules, written in Greek characters","8ον, σ. 124 ++",5.—,,
1904,IMG_1399.jpeg,Γαλλικὴ,French Books,,ΓΕΩΡΓΑΛΑ Κ. Ἰ.,Georgalas K. I.,"Ἡ Κλεὶς τῆς νέας Ἑλληνικῆς γλώσσης, ἤτοι ἡ εἰς τὴν νέαν καὶ ἀρχαίαν γλῶσσαν παραλληλία. Μέρος Α΄, La clef du grec moderne, par C.G. Georgalas","Key to Modern Greek Language, parallel between modern and ancient language. Part 1",σελίδες 211 ++,5.—,,
1904,IMG_1399.jpeg,Γαλλικὴ,French Books,,ΓΕΡΑΡΔΟΥ Α. Κ.,Gerardou A. K.,Γραμματική,Grammar,"8ον, σελίδες 254 ++",8.—,,
1904,IMG_1399.jpeg,Γαλλικὴ,French Books,,Γ. Ο. Ν.,G. O. N.,Μέθοδος Ὀλλενδόρφου,Ollendorff Method,"8ον, σελίδες η΄—562 ++",8.—,,
1904,IMG_1399.jpeg,Γαλλικὴ,French Books,,BRUNO,Bruno,Francinet,Francinet,cartonné ++,7.20,,
1904,IMG_1399.jpeg,Γαλλικὴ,French Books,,CALAPSAGOULOU C. C.,Calapsagoulou C. C.,Florilège ou premier livre de lecture,Anthology or First Reading Book,sel. 63 ++,3.—,,
1904,IMG_1399.jpeg,Γαλλικὴ,French Books,,ΒΙΛΛΙΕΡΟΥ Κ.,Villierou K.,"Χρηστομάθεια Γαλλική, Τόμ. Α΄","French Chrestomathy, Vol. I","8ον, σελ. 88 ++",6.—,,
1904,IMG_1399.jpeg,Γαλλικὴ,French Books,,BRACHET et DUSSOUCHET,Brachet & Dussouchet,"Cours supérieur, livre de maître","Superior Course, Teacher's Book",cartonné,10.—,,
1904,IMG_1399.jpeg,Γαλλικὴ,French Books,,BESCHERELLE Aîné,Bescherelle Aine,Grammaire française élémentaire et pratique,Elementary and Practical French Grammar,c. ++,5.—,,
1904,IMG_1399.jpeg,Γαλλικὴ,French Books,,ΒΕΛΑΝΟΥ ΗΛΙΑΔΟΥ Λ.,Velanou Iliadou L.,Γραμματικὴ τῆς Γαλλικῆς Γλώσσης Θεωρητικὴ καὶ Πρακτικὴ τοῦ Desrues,Theoretical and Practical French Grammar by Desrues,"8ον, σελίδες 458 ++",20.—,,
1904,IMG_1399.jpeg,Γαλλικὴ,French Books,,ΒΕΛΑΝΟΥ ΗΛΙΑΔΟΥ Λ.,Velanou Iliadou L.,"Ὁ Γαλλιδιδάσκαλος, ἤτοι Κλεὶς τῶν Γαλλικῶν Θεμάτων","The French Teacher, Key to French Exercises",σελ. 134..,6.—,,
1904,IMG_1399.jpeg,Γαλλικὴ,French Books,,ΒΕΛΑΝΟΥ ΗΛΙΑΔΟΥ Λ.,Velanou Iliadou L.,Τόμος Α΄,Volume I,"8ον, σελίδες 95 ++",6.—,,
1904,IMG_1399.jpeg,Γαλλικὴ,French Books,,ΒΕΛΑΝΟΥ ΗΛΙΑΔΟΥ Λ.,Velanou Iliadou L.,"Γαλλιδιδάσκαλος, ἤτοι Θεματογραφία ἐφαρμοσμένη ἐπὶ τῆς Γραμματικῆς τοῦ Desrues","French Teacher, applied exercise book for Desrues Grammar",++,6.—,,
1904,IMG_1399.jpeg,Γαλλικὴ,French Books,,BEDEL J.,Bedel J.,L'Année Enfantine de Lectures progressives,The Children's Year of Progressive Readings,cart. ++,5.—,,
1904,IMG_1399.jpeg,Γαλλικὴ,French Books,,BEDEL J.,Bedel J.,L'Année Enfantine de Leçons de Choses,The Children's Year of Object Lessons,cart. ++,3.—,,
1904,IMG_1399.jpeg,Γαλλικὴ,French Books,,BEDEL J.,Bedel J.,L'Année Enfantine d'Arithmétique,The Children's Year of Arithmetic,cart. ++,3.—,,
1904,IMG_1399.jpeg,Γαλλικὴ,French Books,,BELÈZE,Beleze,"Géographie, mise à la portée de la jeunesse","Geography, Adapted for Youth",cart. ++,7.20,,
1904,IMG_1399.jpeg,Γαλλικὴ,French Books,,BARTHELEMY,Barthelemy,Voyage du jeune Anacharsis en Grèce,Travels of Young Anacharsis in Greece,3 Vol. ++,20.—,,
1904,IMG_1399.jpeg,Γαλλικὴ,French Books,,ΒΑΡΒΑΤΗ Κ.,Varvatis K.,Χρηστομάθεια,Chrestomathy / Anthology,"8ον, σελ. 300 +",14.—,,
1904,IMG_1399.jpeg,Γαλλικὴ,French Books,,ΒΑΡΒΑΤΗ Κ.,Varvatis K.,Ἐγχειρίδιον τῶν γαλλικῶν Ἀνωμάλων Ῥημάτων,Handbook of French Irregular Verbs,"8ον, σ. 94 +",7.20,,
1904,IMG_1399.jpeg,Γαλλικὴ,French Books,,ΒΑΡΒΑΤΗ Κ.,Varvatis K.,Μέθοδος κατὰ Ahn καὶ Ὀλλενδόρφου,Method according to Ahn and Ollendorff,"8ον, σελίδες 268 ++",15.—,,
1904,IMG_1399.jpeg,Γαλλικὴ,French Books,,ΒΑΡΒΑΤΗ Κ.,Varvatis K.,Ἐγχειρίδιον γαλλικῶν συνωνύμων,Handbook of French Synonyms,σελίδες 430 +,8.—,,
1904,IMG_1399.jpeg,Γαλλικὴ,French Books,,ΒΑΡΒΑΤΗ Κ.,Varvatis K.,Ἀνάγνωσις βαθμιαία τῆς Γαλλικῆς Γλώσσης,Gradual Reader of the French Language,σ. 160 +,5.—,,
1904,IMG_1399.jpeg,Γαλλικὴ,French Books,,Β. Δ. Σ.,V. D. S.,Ἀλφαβητάριον (μέγα),Alphabet Book (Large),σελίδες 152 ++,4.—,,
1904,IMG_1399.jpeg,Γαλλικὴ,French Books,,BESCHERELLE FRÈRES,Bescherelle Freres,Le véritable manuel des conjugaisons,The True Conjugation Manual,++,20.—,,
1904,IMG_1399.jpeg,Γαλλικὴ,French Books,,BARRAU Th. H.,Barrau Th. H.,Des devoirs des enfants envers leurs parents,Duties of Children towards Their Parents,32ov +,1.20,,
1904,IMG_1399.jpeg,Γαλλικὴ,French Books,,BELÈZE,Beleze,"Histoire Ancienne, mise à la portée de la jeunesse","Ancient History, Adapted for Youth",cart. ++,7.20,,
1904,IMG_1399.jpeg,Γαλλικὴ,French Books,,BATAILLE Fr.,Bataille Fr.,Grammaire Cours Elémentaire,Elementary Grammar Course,cart. ++,5.—,,
1904,IMG_1399.jpeg,Γαλλικὴ,French Books,,BELÈZE,Beleze,"Histoire du Moyen Age, mise à la portée de la jeunesse","History of the Middle Ages, Adapted for Youth",c. ++,7.20,,
1904,IMG_1399.jpeg,Γαλλικὴ,French Books,,BELÈZE,Beleze,"Histoire de France, mise à la portée de la jeunesse","History of France, Adapted for Youth",cart. ++,7.20,,
1904,IMG_1399.jpeg,Γαλλικὴ,French Books,,BERT Paul,Bert Paul,La Deuxième année d'enseignement scientifique,Second Year of Scientific Education,500 grav. cart. ++,4.20,,
1904,IMG_1399.jpeg,Γαλλικὴ,French Books,,BERT Paul,Bert Paul,La Première année d'enseignement scientifique,First Year of Scientific Education,300 grav. cart. ++,4.20,,
1904,IMG_1399.jpeg,Γαλλικὴ,French Books,,BERT Paul,Bert Paul,L'Année préparatoire d'enseignement scientifique,The Preparatory Year of Scientific Education,"173 grav., cart. ++",3.30,,
1904,IMG_1399.jpeg,Γαλλικὴ,French Books,,BENTHOZ P.,Benthoz P.,Γραμματική,Grammar,σ. 282 ++,5.—,,
1904,IMG_1399.jpeg,Γαλλικὴ,French Books,,BENARD,Benard,Histoire Sainte. Année préparatoire,Sacred History. Preparatory Year,"112 grav., et 5 cartes, cart. ++",4.20,,
1904,IMG_1399.jpeg,Γαλλικὴ,French Books,,BENARD,Benard,Syllabaire et Premières Lectures,Spelling Book and First Readings,cart. ++,4.—,,
1904,IMG_1399.jpeg,Γαλλικὴ,French Books,,BELÈZE,Beleze,Syllabaire,Spelling Book,cart. ++,2.—,,
1904,IMG_1399.jpeg,Γαλλικὴ,French Books,,BENARD,Benard,Histoire Sainte. Textes et récits,Sacred History. Texts and Stories,"23 gravures, cart. ++",3.—,,
1904,IMG_1399.jpeg,Γαλλικὴ,French Books,,BELÈZE,Beleze,"Histoire Romaine, mise à la portée de la jeunesse","Roman History, Adapted for Youth",cart. ++,7.20,,
1904,IMG_1399.jpeg,Γαλλικὴ,French Books,,BELÈZE,Beleze,Premières Lectures,First Readings,cart. ++,2.—,,
1904,IMG_1399.jpeg,Γαλλικὴ,French Books,,BELÈZE,Beleze,"Physique et Chimie, mise à la portée de la jeunesse","Physics and Chemistry, Adapted for Youth",cart. ++,7.20,,
1904,IMG_1399.jpeg,Γαλλικὴ,French Books,,BELÈZE,Beleze,Petite Histoire Sainte,Little Sacred History,cartonné ++,3.30,,
1904,IMG_1399.jpeg,Γαλλικὴ,French Books,,BELÈZE,Beleze,Petite Histoire de France,Little History of France,cartonné ++,3.30,,
1904,IMG_1399.jpeg,Γαλλικὴ,French Books,,BELÈZE,Beleze,Petite Histoire Ancienne,Little Ancient History,cartonné ++,3.30,,
1904,IMG_1399.jpeg,Γαλλικὴ,French Books,,BELÈZE,Beleze,"Histoire Sainte, mise à la portée de la jeunesse","Sacred History, Adapted for Youth",cart. ++,7.20,,
1904,IMG_1399.jpeg,Γαλλικὴ,French Books,,BELÈZE,Beleze,Petit Syllabaire,Little Spelling Book,cart. ++,1.—,,
1904,IMG_1400.jpeg,Γαλλική,French,,ZALET M.,ZALET M.,Γραμματικὴ (μικρά),Grammar (Small),"8ov, σελίδες ς'-86",5.—,,
1904,IMG_1400.jpeg,Γαλλική,French,,ZALET M.,ZALET M.,"Γραμματικὴ τῆς γαλλικῆς γλώσσης -- Γραμματικὴ μετὰ θεμάτων, γυμνασίων, παραρτημάτων, προγυμνασίας περὶ προσωδίας","Grammar of the French Language -- Grammar with themes, exercises, appendices, prosody exercises","8ov, σελίδες η'- 199",45.—,,
1904,IMG_1400.jpeg,Γαλλική,French,,ZALET M.,ZALET M.,Θέματα πρὸς ἐφαρμογὴν τῶν γραμματικῶν κανόνων τῆς γαλλικῆς γλώσσης,Themes for the Application of French Grammar Rules,"8ov, 80",5.—,,
1904,IMG_1400.jpeg,Γαλλική,French,,GAUTIER L'Abbé,GAUTIER L'Abbe,"Lectures graduées, T.I, II, III","Graded Readings, Vol. I, II, III",8ov,7.20,,ἕκαστος c
1904,IMG_1400.jpeg,Γαλλική,French,,ΖΕΤΑΡΗ Κ.,Zetari K.,"Γραμματικὴ τοῦ Δομὸν διὰ τὴν γαλλικὴν γλῶσσαν, αὐξήθεισα ὑπὸ τοῦ Ἀχτελλέρ","Domond's Grammar for the French Language, expanded by Achteller","8ov, σελίδες 462",15.—,,
1904,IMG_1400.jpeg,Γαλλική,French,,GAZIER A.,GAZIER A.,Fables de la Fontaine,La Fontaine's Fables,,7.20,,c.
1904,IMG_1400.jpeg,Γαλλική,French,,F. P. B.,F. P. B.,Degré (Cours Moyen),Grade (Intermediate Course),,4.20,,cart.
1904,IMG_1400.jpeg,Γαλλική,French,,ZALET M.,ZALET M.,Χρηστομάθεια Γαλλική,French Chrestomathy,"8ov, σελίδες 280",15.—,,
1904,IMG_1400.jpeg,Γαλλική,French,,F. P. B.,F. P. B.,Cours Elémentaire,Elementary Course,,3.—,,cart.
1904,IMG_1400.jpeg,Γαλλική,French,,DURUY Victor,DURUY Victor,Petite Histoire de France,Small History of France,,5.—,,cart.
1904,IMG_1400.jpeg,Γαλλική,French,,ESTIENNE & DANIEL,ESTIENNE & DANIEL,deuxième Livre de récitation et de morale,Second Book of Recitation and Morals,,4.20,,cart.
1904,IMG_1400.jpeg,Γαλλική,French,,ESTIENNE & DANIEL,ESTIENNE & DANIEL,Le 1er Livre de récitation et de morale,1st Book of Recitation and Morals,,4.—,,cart.
1904,IMG_1400.jpeg,Γαλλική,French,,ΕΣΤΙΑΔΟΥ,Estiadou,Εἰσαγωγὴ εἰς τὴν γαλλικὴν γλῶσσης,Introduction to the French Language,"8ov, σελ. η'- 232",5.—,,
1904,IMG_1400.jpeg,Γαλλική,French,,,,Βίκτωρος Ὑάλως,Victor Hugo,σελ. 436,6.—,,
1904,IMG_1400.jpeg,Γαλλική,French,,ΕΜΡ. Γ.,EMR. G.,Γραμματικὴ μετὰ θεμάτων. Τεῦχος Α': Τεχνολογία,Grammar with Exercises. Issue A: Technology,"8v., σελίδες 64",3.—,,
1904,IMG_1400.jpeg,Γαλλική,French,,DURUY G.,DURUY G.,Biographies d'hommes célèbres. Classe préparatoire,Biographies of Famous Men. Preparatory Class,,5.—,,cart.
1904,IMG_1400.jpeg,Γαλλική,French,,DURUY Victor,DURUY Victor,Petite Histoire Sainte,Small Sacred History,,5.—,,cart.
1904,IMG_1400.jpeg,Γαλλική,French,,GEORGES M.,GEORGES M.,Petit Trésor Littéraire des Enfants,Children's Small Literary Treasure,8ov,3.30,,cartonné
1904,IMG_1400.jpeg,Γαλλική,French,,F. P. B.,F. P. B.,Grammaire Française Elémentaire,Elementary French Grammar,,3.—,,cart.
1904,IMG_1400.jpeg,Γαλλική,French,,GUERARD M.,GUERARD M.,"Grammaire Elémentaire, élève","Elementary Grammar, Student Edition",,2.20,,cartonné
1904,IMG_1400.jpeg,Γαλλική,French,,FONCIN,FONCIN,"Géographie, année préparatoire","Geography, Preparatory Year",,3.30,,cartonné
1904,IMG_1400.jpeg,Γαλλική,French,,GUERARD M.,GUERARD M.,Grammaire et Compléments,Grammar and Complements,,3.20,,cartonné
1904,IMG_1400.jpeg,Γαλλική,French,,FONCIN,FONCIN,"Géographie, Première année","Geography, First Year",,7.20,,c.
1904,IMG_1400.jpeg,Γαλλική,French,,DURUY Victor,DURUY Victor,Petite Histoire du Moyen Age,Small History of the Middle Ages,,5.—,,cartonné
1904,IMG_1400.jpeg,Γαλλική,French,,FONCIN,FONCIN,Textes et Récits d'Histoire de France,Texts and Stories of the History of France,,5.—,,cartonné
1904,IMG_1400.jpeg,Γαλλική,French,,FLORIAN,FLORIAN,"Fables, suivies de Tobie et de Ruth, avec notes par Geruzez","Fables, followed by Tobias and Ruth, with notes by Geruzez",32ov,3.30,,cartonné
1904,IMG_1400.jpeg,Γαλλική,French,,FLEURY Lamé,FLEURY Lame,Petite Histoire Ancienne,Small Ancient History,32ov,10.—,,cartonné
1904,IMG_1400.jpeg,Γαλλική,French,,FLEURY Lamé,FLEURY Lame,Romaine,Roman History,,10.—,,
1904,IMG_1400.jpeg,Γαλλική,French,,FLEURY Lamé,FLEURY Lame,Histoire Grecque,Greek History,32ov,10.—,,c.
1904,IMG_1400.jpeg,Γαλλική,French,,FLEURY Lamé,FLEURY Lame,Sainte,Sacred History,,10.—,,
1904,IMG_1400.jpeg,Γαλλική,French,,GUERARD M.,GUERARD M.,Exercices sur la Grammaire Elémentaire,Exercises on Elementary Grammar,,4.20,,cartonné
1904,IMG_1400.jpeg,Γαλλική,French,,FLEURY Lamé,FLEURY Lame,Histoire Ancienne,Ancient History,32ov,10.—,,cartonné
1904,IMG_1400.jpeg,Γαλλική,French,,FÉNELON,FENELON,Fables annotées par Régnier,Fables annotated by Regnier,,3.30,,cartonné
1904,IMG_1400.jpeg,Γαλλική,French,,FÉNELON,FENELON,"Fables, illustrée","Fables, illustrated",,10.—,,
1904,IMG_1400.jpeg,Γαλλική,French,,FÉNELON,FENELON,"Dialogues des Morts, annotés par B. Jullien","Dialogues of the Dead, annotated by B. Jullien",32ov,8.—,,cart.
1904,IMG_1400.jpeg,Γαλλική,French,,FÉNELON,FENELON,"Aventures de Télémaque (Les), annotés par Chassang","The Adventures of Telemachus, annotated by Chassang",,6.10,,cart.
1904,IMG_1400.jpeg,Γαλλική,French,,FABRE J. H.,FABRE J. H.,Physique Elémentaire,Elementary Physics,,15.—,,cartonné
1904,IMG_1400.jpeg,Γαλλική,French,,FABRE J. H.,FABRE J. H.,Petite Encyclopédie classique à l'usage des écoles du Levant,Small Classical Encyclopedia for Levant Schools,"8ov, σελίδες 386",10.—,,
1904,IMG_1400.jpeg,Γαλλική,French,,GUERARD M.,GUERARD M.,Exercices sur les Homonymes et les Paronymes,Exercises on Homonyms and Paronyms,,6.20,,cartonné
1904,IMG_1400.jpeg,Γαλλική,French,,GUERARD M.,GUERARD M.,Exercices sur la Grammaire et Compléments,Exercises on Grammar and Complements,,7.20,,cartonné
1904,IMG_1400.jpeg,Γαλλική,French,,FÉNELON,FENELON,"Lettres sur les occupations de l'Académie, annotées par Duispois","Letters on the Occupations of the Academy, annotated by Duispois",,4.—,,cartonné
1904,IMG_1400.jpeg,Γαλλική,French,,DURUY Victor,DURUY Victor,Petite Histoire Romaine,Small Roman History,,5.—,,c.
1904,IMG_1400.jpeg,Γαλλική,French,,DUPUIS E.,DUPUIS E.,Premières leçons de choses usuelles,First Lessons on Common Objects,,6.40,,cartonné
1904,IMG_1400.jpeg,Γαλλική,French,,DURUY Victor,DURUY Victor,Petite Histoire Ancienne,Small Ancient History,,5.—,,cart.
1904,IMG_1400.jpeg,Γαλλική,French,,DEGRANGES E.,DEGRANGES E.,Arithmétique commerciale,Commercial Arithmetic,σχήμα 8ov,25.—,,
1904,IMG_1400.jpeg,Γαλλική,French,,ΔΑΣΚΑΛΑΚΗ Μ.,Daskalaki M.,Πρῶτον βιβλίον τοῦ Ἕλληνος σπουδαστοῦ τῆς γαλλικῆς,First Book of the Greek Student of French,σ. 100,3.—,,
1904,IMG_1400.jpeg,Γαλλική,French,,ΔΑΣΚΑΛΑΚΗ Μ.,Daskalaki M.,Κλεὶς τῆς Μεθόδου Ὀλλενδόρφου,Key to Ollendorff Method,"8ov, σελίδες 124",6.—,,
1904,IMG_1400.jpeg,Γαλλική,French,,ΔΑΣΚΑΛΑΚΗ Μ.,Daskalaki M.,Μέθοδος Ὀλλενδόρφου,Ollendorff Method,"8ov, σελίδες 496",15.—,,
1904,IMG_1400.jpeg,Γαλλική,French,,ΔΑΣΚΑΛΑΚΗ Μ.,Daskalaki M.,Μέθοδος Αlln,Ahn Method,σελίδες 216,7.—,,
1904,IMG_1400.jpeg,Γαλλική,French,,ΔΑΣΚΑΛΑΚΗ Μ.,Daskalaki M.,Ἠχὼ Παρισίων,Echo of Paris,"8ov, σ. 310",12.—,,
1904,IMG_1400.jpeg,Γαλλική,French,,ΔΑΣΚΑΛΑΚΗ Μ.,Daskalaki M.,Γαλλισμοὶ ἐν διαλόγοις,Gallicisms in Dialogues,σελίδες 168,3.—,,
1904,IMG_1400.jpeg,Γαλλική,French,,DARCIS A.,DARCIS A.,Le Petit Français vocabulaire méthode original et facile pour apprendre à parler rapidement le Français,The Little Frenchman Vocabulary: An Original and Easy Method to Learn to Speak French Quickly,,15.—,,
1904,IMG_1400.jpeg,Γαλλική,French,,DELAFOSSE G.,DELAFOSSE G.,Zoologie,Zoology,32ov,5.—,,
1904,IMG_1400.jpeg,Γαλλική,French,,DANIEL,DANIEL,Choix de Lectures,Selection of Readings,en 12atò,8.—,,
1904,IMG_1400.jpeg,Γαλλική,French,,DURUY Victor,DURUY Victor,Petite Histoire Grecque,Small Greek History,,5.—,,c.
1904,IMG_1400.jpeg,Γαλλική,French,,CORTAMBERT E.,CORTAMBERT E.,Géographie Elémentaire de la France,Elementary Geography of France,,1.20,,cartonné
1904,IMG_1400.jpeg,Γαλλική,French,,CORRÉARD,CORRÉARD,Vercingétorix,Vercingetorix,8ov,10.—,,
1904,IMG_1400.jpeg,Γαλλική,French,,CORNEILLE P.,CORNEILLE P.,"Cinna, tragédie, annotée par Geruzez","Cinna, tragedy, annotated by Geruzez",,2.—,,cartonné
1904,IMG_1400.jpeg,Γαλλική,French,,CLIFTON M.,CLIFTON M.,Manuel de la Conversation Français-Anglais,French-English Conversation Manual,32ov,10.—,,toile
1904,IMG_1400.jpeg,Γαλλική,French,,CHRISTOFORIDI N.,CHRISTOFORIDI N.,Livre de lecture et de leçons de Choses,Reading and Object Lessons Book,"12ov, σελ. 208",3.—,,
1904,IMG_1400.jpeg,Γαλλική,French,,CHEVREAU-LEMERCIER Mme,CHEVREAU-LEMERCIER Mme,Premières Leçons sur l'Histoire de N.S. Jésus-Christ,First Lessons on the History of Our Lord Jesus Christ,"32ov, σελίδες 85",4.—,,
1904,IMG_1400.jpeg,Γαλλική,French,,,,l'application des principes de la grammaire,Application of the principles of grammar,,5.—,,cartonné + +
1904,IMG_1400.jpeg,Γαλλική,French,,CORTAMBERT E.,CORTAMBERT E.,Petite Géographie Illustrée du premier âge,Small Illustrated Geography for Early Childhood,,7.—,,toile
1904,IMG_1400.jpeg,Γαλλική,French,,DELAFOSSE G.,DELAFOSSE G.,Minéralogie,Mineralogy,32ov,5.—,,cart.
1904,IMG_1400.jpeg,Γαλλική,French,,CORTAMBERT E.,CORTAMBERT E.,Géographie Physique et Politique de la France,Physical and Political Geography of France,,4.—,,cartonné
1904,IMG_1400.jpeg,Γαλλική,French,,DELAPALME,DELAPALME,Lecture dans les monastères,Reading in Monasteries,,3.—,,
1904,IMG_1400.jpeg,Γαλλική,French,,DURUY Victor,DURUY Victor,"Histoire de France, 2 vol. rel.","History of France, 2 volumes bound",,40.—,,
1904,IMG_1400.jpeg,Γαλλική,French,,DUPUIS,DUPUIS,"Tables de logarithmes à cinq décimales, d'après Lalande","Five-Place Logarithm Tables, after Lalande",,42.20,,toile
1904,IMG_1400.jpeg,Γαλλική,French,,DUPUIS,DUPUIS,"Tables de logarithmes à sept décimales, d'après Callet, etc.","Seven-Place Logarithm Tables, after Callet, etc.",σχήμα 8ov,50.—,,toile
1904,IMG_1400.jpeg,Γαλλική,French,,DRIOUX H.-A.,DRIOUX H.-A.,Nouvelles lectures graduées. IV partie,New Graded Readings. Part IV,,2.50,,
1904,IMG_1400.jpeg,Γαλλική,French,,DRIOUX H.-A.,DRIOUX H.-A.,Nouvelles lectures graduées. III partie,New Graded Readings. Part III,,2.—,,
1904,IMG_1400.jpeg,Γαλλική,French,,DRIOUX H.-A.,DRIOUX H.-A.,Nouvelles lectures graduées. II partie,New Graded Readings. Part II,,2.—,,
1904,IMG_1400.jpeg,Γαλλική,French,,DELAPALME,DELAPALME,Le premier livre du citoyen,The Citizen's First Book,,0.30,,
1904,IMG_1400.jpeg,Γαλλική,French,,DRIOUX L'Abbé,DRIOUX L'Abbe,Histoire Romaine,Roman History,,6.40,,cartonné
1904,IMG_1400.jpeg,Γαλλική,French,,DRIOUX L'Abbé,DRIOUX L'Abbe,Histoire Générale de 1610 à 1875,General History from 1610 to 1875,,17.20,,cartonné
1904,IMG_1400.jpeg,Γαλλική,French,,DEPLANQUE L.,DEPLANQUE L.,La tenue des livres,Bookkeeping,8ov,15.—,,δεδεμένον
1904,IMG_1400.jpeg,Γαλλική,French,,DUMONTEL F.,DUMONTEL F.,Histoire Naturelle en Action Illustrée,Natural History in Action Illustrated,,15.—,,cart
1904,IMG_1400.jpeg,Γαλλική,French,,ΔΟΥΚΑ Γ.,Douka G.,Γραμματικὴ τῆς Γαλλικῆς Γλώσσης,Grammar of the French Language,"8ov, σ. 258",15.—,,
1904,IMG_1400.jpeg,Γαλλική,French,,ΔΗΜΗΤΡΙΑΔΟΥ Γ. Κ. ΚΑΙ ΚΕΡΑΜΑΡΗ Σ.,Dimitriadou G. K. and Keramari S.,Στοιχειώδης Γαλλικὴ Γραμματική,Elementary French Grammar,"8ov, σελίδες 79",5.—,,
1904,IMG_1400.jpeg,Γαλλική,French,,ΔΗΜΑΚΟΠΟΥΛΟΥ Φ.,Dimakopoulou F.,Στοιχειώδης Γραμματικὴ τῆς Γαλλικῆς Γλώσσης,Elementary Grammar of the French Language,"8ov, σελίδες 79",3.20,,
1904,IMG_1400.jpeg,Γαλλική,French,,DELAPIERRE A. & DE LAMARCHE A. P.,DELAPIERRE A. & DE LAMARCHE A. P.,"Exercices de mémoire, Cours moyen","Memory Exercises, Intermediate Course",,6.—,,c.
1904,IMG_1400.jpeg,Γαλλική,French,,DELAPALME,DELAPALME,Premier livre de l'adolescence,Adolescence First Book,,3.—,,cartonné
1904,IMG_1400.jpeg,Γαλλική,French,,DELAPALME,DELAPALME,Premier livre de l'enfance,Childhood First Book,,3.—,,cartonné
1904,IMG_1400.jpeg,Γαλλική,French,,DRIOUX L'Abbé,DRIOUX L'Abbe,Petite Histoire Sainte,Small Sacred History,,4.—,,cartonné
1904,IMG_1401.jpeg,Γαλλική,French,,ΚΡΑΙΣΑ Θ. Σ.,Kraisa Th. S.,Σύνοψις τῆς ἐκμαθήσεως τῆς γαλλικῆς γλώσσης,Synopsis of Learning the French Language,"μέγα 8ον, σελίδες 302, χαρτόδετον ++",20.—,,
1904,IMG_1401.jpeg,Γαλλική,French,,ΚΟΡΡΕΣ ΕΛ.,Korres El.,"Πλήρης Ἑλληνογαλλικοί Διάλογοι, ἤτοι τελεία καί πρακτική μέθοδος, διασκευασθεῖσα ὑπό Θ. Οἰκονομοπούλου","Complete Greek-French Dialogues, perfect and practical method adapted by Th. Oikonomopoulos","8ον, σελίδες 480 ++",12.—,,
1904,IMG_1401.jpeg,Γαλλική,French,,ΚΟΝΤΟΠΟΛΟΥ Ν.,Kontopoulou N.,Μέθοδος Otto,Otto Method,"8ον, σελ. 431 + 18",18.—,,
1904,IMG_1401.jpeg,Γαλλική,French,,ΚΟΝΤΟΠΟΛΟΥ Ν.,Kontopoulou N.,"Μέθοδος D' F. Ahn., Μέρος Β'","Dr. F. Ahn's Method, Part II",σελίδες 160,5.20,,
1904,IMG_1401.jpeg,Γαλλική,French,,ΚΟΝΤΟΠΟΛΟΥ Ν.,Kontopoulou N.,"Μέθοδος D' F. Ahn., Μέρος Α'","Dr. F. Ahn's Method, Part I",σελίδες 176,5.20,,
1904,IMG_1401.jpeg,Γαλλική,French,,ΚΟΝΤΟΓΕΩΡΓΗ Δ. Π.,Kontogeorgi D. P.,Διδασκαλία Πρακτική τῆς γαλλικῆς γλώσσης ἤ Αἱ Λεπτότεραι Ἀσκήσεις,Practical Teaching of the French Language or Finer Exercises,σελ. 127,6.—,,
1904,IMG_1401.jpeg,Γαλλική,French,,ΚΟΝΤΟΠΟΛΟΥ Ν.,Kontopoulou N.,Στοιχειώδης Γραμματική τῆς Γαλλικῆς Γλώσσης,Elementary Grammar of the French Language,"8ον, σ. 104 ++",6.—,,
1904,IMG_1401.jpeg,Γαλλική,French,,ΚΟΝΤΟΠΟΛΟΥ Ν.,Kontopoulou N.,Ἀλφαβητάριον καί Ἀναγνωσματάριον Ἑλληνογαλλικόν,Greek-French Primer and Reader,"8ον, σελίδες 118 ++",4.—,,
1904,IMG_1401.jpeg,Γαλλική,French,,ΚΟΝΤΟΓΕΩΡΓΗ Δ. Π.,Kontogeorgi D. P.,"Leçons de choses par demandes et réponses d'après la méthode de A. Pellissier, avec une traduction interlinéaire en grec. Première partie","Object Lessons by Question and Answer according to A. Pellissier's Method, with interlinear Greek translation. Part I",σελίδες 96,4.—,,
1904,IMG_1401.jpeg,Γαλλική,French,,LABBÉ J.,Labbé J.,"Morceaux Choisis des Classiques Français (prose et vers) - Cours Moyen, cartonné ++","Selected Passages from French Classics (prose and verse) - Intermediate Course, board binding ++",,7.20,,
1904,IMG_1401.jpeg,Γαλλική,French,,ΚΟΝΤΟΠΟΛΟΥ Ν.,Kontopoulou N.,Κλεῖς εἰς τήν Ἑλληνογαλλικήν Μέθοδον τοῦ D' F Ahn.,Key to Dr. F. Ahn's Greek-French Method,σ. 127 +,5.20,,
1904,IMG_1401.jpeg,Γαλλική,French,,LA FONTAINE,La Fontaine,"Choix de Fables, annotées par Garcet, cartonné ++","Selection of Fables, annotated by Garcet, board binding ++",,5.—,,
1904,IMG_1401.jpeg,Γαλλική,French,Cours de Grammaire Française,LARIVE ET FLEURY,Larive et Fleury,"La Troisième année de Grammaire, Livre du Maître, cartonné","Third Year of Grammar, Teacher's Book, board binding",,15.—,,
1904,IMG_1401.jpeg,Γαλλική,French,,LAMPRÉ Γ.,Lampré G.,"Διάλογοι Ἐγγλεζοελληνικοί, περιέχον ποικίλην φρασεολογίαν καί τύπους","English-Greek Dialogues, containing varied phraseology and expressions",σελίδες 247,5.—,,
1904,IMG_1401.jpeg,Γαλλική,French,Cours de Grammaire Française,LARIVE ET FLEURY,Larive et Fleury,"L'Année préparatoire de Grammaire, cartonné","Preparatory Year of Grammar, board binding",,3.—,,
1904,IMG_1401.jpeg,Γαλλική,French,Cours de Grammaire Française,LARIVE ET FLEURY,Larive et Fleury,"L'Année préparatoire de Grammaire, Livre du Maître, cartonné","Preparatory Year of Grammar, Teacher's Book, board binding",,3.30,,
1904,IMG_1401.jpeg,Γαλλική,French,Cours de Grammaire Française,LARIVE ET FLEURY,Larive et Fleury,"La Première année de Grammaire, cartonné","First Year of Grammar, board binding",,3.30,,
1904,IMG_1401.jpeg,Γαλλική,French,Cours de Grammaire Française,LARIVE ET FLEURY,Larive et Fleury,"La Première année de Grammaire, Livre du Maître, cartonné","First Year of Grammar, Teacher's Book, board binding",,9.—,,
1904,IMG_1401.jpeg,Γαλλική,French,Cours de Grammaire Française,LARIVE ET FLEURY,Larive et Fleury,"La Deuxième année de Grammaire, cartonné","Second Year of Grammar, board binding",,6.20,,
1904,IMG_1401.jpeg,Γαλλική,French,Cours de Grammaire Française,LARIVE ET FLEURY,Larive et Fleury,"La Deuxième année de Grammaire, Livre du Maître, cartonné","Second Year of Grammar, Teacher's Book, board binding",,12.20,,
1904,IMG_1401.jpeg,Γαλλική,French,Cours de Grammaire Française,LARIVE ET FLEURY,Larive et Fleury,"La Troisième année de Grammaire, cartonné","Third Year of Grammar, board binding",,9.—,,
1904,IMG_1401.jpeg,Γαλλική,French,Exercices Français,LARIVE ET FLEURY,Larive et Fleury,"L'Année préparatoire, cart.","Preparatory Year, board binding",,3.30,,
1904,IMG_1401.jpeg,Γαλλική,French,Exercices Français,LARIVE ET FLEURY,Larive et Fleury,"La première année, cartonné","First Year, board binding",,3.30,,
1904,IMG_1401.jpeg,Γαλλική,French,Exercices Français,LARIVE ET FLEURY,Larive et Fleury,"Le même, Livre du Maître, cartonné","The same, Teacher's Book, board binding",,9.—,,
1904,IMG_1401.jpeg,Γαλλική,French,,ΚΟΝΤΟΓΕΩΡΓΗ Δ. Π.,Kontogeorgi D. P.,"Νέος Εὐμέθοδος Ὁδηγός εἰς τό γαλλιστί διαλέγεσθαι, ἤτοι Θέματα διαλογικά πρός χρῆσιν τῶν προγυμνασιακῶν τάξεων","New Methodical Guide to French Conversation, or Conversational Topics for middle school grades","ἐκδόσεις Ι', σελ. 196",6.—,,
1904,IMG_1401.jpeg,Γαλλική,French,,LA FONTAINE,La Fontaine,"Fables accompagnées de notes par Defodon, cartonné ++","Fables accompanied by notes by Defodon, board binding ++",σελίδες 247,5.—,,
1904,IMG_1401.jpeg,Γαλλική,French,,ΚΟΝΤΟΓΕΩΡΓΗ Δ. Π.,Kontogeorgi D. P.,Ὁδηγός Εὐμέθοδος Νέος εἰς τό γαλλιστί διαλέγεσθαι,New Methodical Guide to French Conversation,"ἐκδ. β', σελίδες 271",7.—,,
1904,IMG_1401.jpeg,Γαλλική,French,,ΚΟΝΤΟΠΟΛΟΥ Ν.,Kontopoulou N.,Κλεῖς τῆς Μεθόδου Otto,Key to Otto Method,"8ον, σελίδες 88 ++",6.20,,
1904,IMG_1401.jpeg,Γαλλική,French,,ΚΟΝΤΟΓΕΩΡΓΗ Δ. Π.,Kontogeorgi D. P.,"Στοιχειώδης Γραμματική τῆς γαλλικῆς γλώσσης, θεωρητική καί πρακτική. Μέρος Β': Ἀνώμαλα Ῥήματα, Συντακτικοί Κανόνες","Elementary Grammar of the French Language, Theoretical and Practical. Part II: Irregular Verbs, Rules of Syntax",σελ. 199,6.—,,
1904,IMG_1401.jpeg,Γαλλική,French,,GUÉRARD M.,Guérard M.,"Exercices sur les Participes, cartonné ++","Exercises on Participles, board binding ++",,5.—,,
1904,IMG_1401.jpeg,Γαλλική,French,,GUÉRARD M.,Guérard M.,Corrigés des Exercices sur la Grammaire Elémentaire c. +,Key to Exercises on Elementary Grammar c. +,,7.20,,
1904,IMG_1401.jpeg,Γαλλική,French,,GUÉRARD M.,Guérard M.,"Corrigés des Exercices sur la Grammaire avec Compléments, c. +","Key to Exercises on Grammar with Complements, c. +",,6.20,,
1904,IMG_1401.jpeg,Γαλλική,French,,GUÉRARD M.,Guérard M.,"Corrigés des Exercices des Participes, cartonné ++","Key to Exercises on Participles, board binding ++",,5.—,,
1904,IMG_1401.jpeg,Γαλλική,French,,GUÉRARD M.,Guérard M.,Corrigés des Exercices à la Grammaire Française de Lhomond ++,Key to Exercises for Lhomond's French Grammar ++,,7.20,,
1904,IMG_1401.jpeg,Γαλλική,French,,GUÉRIN-VARRY R. T.,Guérin-Varry R. T.,Nouveaux Eléments de Chimie théorique et pratique,New Elements of Theoretical and Practical Chemistry,"8ον, σελίδες 474 ++",20.—,,
1904,IMG_1401.jpeg,Γαλλική,French,,GUYAU,Guyau,L'Année Préparatoire de lecture courante ++,The Preparatory Year of Fluent Reading ++,,3.—,,
1904,IMG_1401.jpeg,Γαλλική,French,,GUYAU,Guyau,La Première Année de lecture courante ++,The First Year of Fluent Reading ++,,5.—,,
1904,IMG_1401.jpeg,Γαλλική,French,,GUYAU,Guyau,L'Année Première de lecture courante ++,The First Year of Fluent Reading ++,,3.20,,
1904,IMG_1401.jpeg,Γαλλική,French,,HORACE,Horace,"Œuvres texte latin, annoté par Sommer, cartonné ++","Works, Latin text, annotated by Sommer, board binding ++",,7.20,,Spelled HORAGE in text
1904,IMG_1401.jpeg,Γαλλική,French,,HUMBERT L.,Humbert L.,"Le Fablier de la Jeunesse, cartonné ++","The Fable Book for Youth, board binding ++",,40.—,,
1904,IMG_1401.jpeg,Γαλλική,French,,JULIEN B.,Julien B.,Petit traité de Rhétorique et de Littérature,Short Treatise on Rhetoric and Literature,σελ. 394 ++,5.—,,
1904,IMG_1401.jpeg,Γαλλική,French,,ΚΑΜΒΙΟΛΟΥ Κ.,Kambiolou K.,Διάλογοι Ἑλληνογαλλικοί,Greek-French Dialogues,σελίδες θ' - 134 ++,4.—,,
1904,IMG_1401.jpeg,Γαλλική,French,,GUYAU,Guyau,L'Année Enfantine de Lecture courante ++,The Children's Year of Fluent Reading ++,,3.—,,
1904,IMG_1401.jpeg,Γαλλική,French,,ΚΑΜΒΙΟΛΟΥ Κ.,Kambiolou K.,Ἀναλυτικόν Συντακτικόν τῆς γαλλικῆς γλώσσης,Analytical Syntax of the French Language,"8ον, σ. γ'—215 +",7.20,,
1904,IMG_1401.jpeg,Γαλλική,French,,ΚΑΜΒΙΟΛΟΥ Κ.,Kambiolou K.,"Γαλλική Γραμματική. Μέρος Α', Ἱστολογικόν","French Grammar. Part I, Historical","8ον, σελ. 234, δεδ. ++",4.—,,
1904,IMG_1401.jpeg,Γαλλική,French,,ΚΟΝΤΟΓΕΩΡΓΗ Δ. Π.,Kontogeorgi D. P.,"L'Année préparatoire de Grammaire, Μικρά Γραμματική τῆς γαλλικῆς γλώσσης, γαλλιστί καί ἑλληνιστί μετά γυμνασμάτων κατ' ἐρωταπόκρισιν","Preparatory Year of Grammar, Short Grammar of the French Language in French and Greek with Q&A exercises",σελίδες 109,4.—,,
1904,IMG_1401.jpeg,Γαλλική,French,,ΚΟΝΤΟΓΕΩΡΓΗ Δ. Π.,Kontogeorgi D. P.,Αἱ Πρῶται Ἀσκήσεις εἰς τήν γαλλικήν γλῶσσαν,First Exercises in the French Language,σελίδες 103,4.—,,
1904,IMG_1401.jpeg,Γαλλική,French,,ΚΟΝΤΟΓΕΩΡΓΗ Δ. Π.,Kontogeorgi D. P.,Ἀνθολόγιον Γαλλικόν... Τεῦχος Β',French Anthology... Part II,σελ. 220,7.—,,
1904,IMG_1401.jpeg,Γαλλική,French,,ΚΟΝΤΟΓΕΩΡΓΗ Δ. Π.,Kontogeorgi D. P.,"Ἀναγνωστικόν Γαλλικόν, κατά μέθοδον ὅλως νέαν, πρός χρῆσιν τῶν κατωτέρων τάξεων τῶν Παρθεναγωγείων","French Reader, according to an entirely new method, for lower grades of girls' schools",σελίδες κ'—104,4.—,,
1904,IMG_1401.jpeg,Γαλλική,French,,ΚΟΝΤΟΓΕΩΡΓΗ Δ. Π.,Kontogeorgi D. P.,"Ἀλφαβητάριον Γαλλικόν, κατά νέαν ὅλως μέθοδον συντεταγμένον ἐπί τῇ βάσει τῶν τοιούτου εἴδους πρός χρῆσιν τῶν δημοσίων σχολείων τῆς Ἑσπερίας ἐγκεκριμένων ποιημάτων","French Primer, arranged according to a entirely new method based on poems approved for public schools",σελίδες 112,4.—,,
1904,IMG_1401.jpeg,Γαλλική,French,,ΚΟΝΤΟΓΕΩΡΓΗ Δ. Π.,Kontogeorgi D. P.,"Ἀνθολόγιο Γαλλικόν, ἤτοι συλλογή ἐκλεκτῶν τεμαχίων ἐκ τῶν ἀρίστων Γάλλων πεζογράφων καί ποιητῶν... Τεῦχος Α'","French Anthology, or collection of selected pieces from the best French prose writers and poets... Part I",σελ. 93,4.—,,
1904,IMG_1401.jpeg,Γαλλική,French,,ΚΑΡΑΠΟΣΤΕΛΙ,Karaposteli,Χρηστομάθεια,Chrestomathy,"8ον, σ. ιδ'—462 +",25.—,,
1904,IMG_1401.jpeg,Γαλλική,French,,ΚΑΡΑΠΟΣΤΕΛΙ,Karaposteli,Γραμματική,Grammar,"8ον, σελίδες 157 ++",6.—,,
1904,IMG_1401.jpeg,Γαλλική,French,,ΚΑΠΟΔΙΣΤΡΙΟΥ Α.,Kapodistriou A.,"Χρηστομάθεια, Τόμος Β'","Chrestomathy, Volume II","8ον, σελ. 112",5.—,,
1904,IMG_1401.jpeg,Γαλλική,French,,ΚΟΝΤΟΓΕΩΡΓΗ Δ. Π.,Kontogeorgi D. P.,"Le premier Pas à la conversation française. Τό Πρῶτον Βῆμα εἰς τό γαλλιστί διαλέγεσθαι, ἤτοι συλλογή λέξεων, φράσεων καί παιδικῶν διαλόγων","The First Step to French Conversation. Collection of words, phrases and children's dialogues",,4.—,,
1904,IMG_1401.jpeg,Γαλλική,French,,ΚΑΠΟΔΙΣΤΡΙΟΥ Α.,Kapodistriou A.,"Χρηστομάθεια, Τόμος Α'","Chrestomathy, Volume I","8ον, σελ. 80",5.—,,
1904,IMG_1402.jpeg,Γαλλική,French,Cours Théorique et Pratique de Littérature,MAIGROT J. B.,Maigrot J. B.,Composition Littéraire au Français,Literary Composition in French,σελίδες 120,2.20,,
1904,IMG_1402.jpeg,Γαλλική,French,,LAROUSSE,Larousse,"Cours de Style, Maître","Course of Style, Teacher",,10.—,,cartonné
1904,IMG_1402.jpeg,Γαλλική,French,,MÉRER A.,Mérer A.,"L'Ami des Écoliers, Livre de Lecture","The Schoolboys' Friend, Reading Book",,7.20,,cartonné
1904,IMG_1402.jpeg,Γαλλική,French,Cours Théorique et Pratique de Littérature,MAIGROT J. B.,Maigrot J. B.,Genres en Vers,Verse Genres,,2.20,,cartonné
1904,IMG_1402.jpeg,Γαλλική,French,,LAROUSSE,Larousse,"Petite Flore latine, Élève","Little Latin Flora, Student",,8.—,,cartonné
1904,IMG_1402.jpeg,Γαλλική,French,,ΜΑΚΡΙΔΟΥ Δ. & EVELART,Makridou D. & Evelart,"Exercices sur la Livre de Lecture, Ἀλφαβητάριον καὶ Ὑφάριον Βιβλίον Ἀναγνώσεως","Exercises on the Reading Book, Alphabet and Reader",σελίδες 160,3.—,,
1904,IMG_1402.jpeg,Γαλλική,French,,,,Manuel Général de l'Instruction primaire XXXV année,General Manual of Primary Education 35th Year,,30.—,,
1904,IMG_1402.jpeg,Γαλλική,French,,ΜΑΚΡΙΔΟΥ Δ.,Makridou D.,"Grammaire Élémentaire de la langue française, Γραμματική Στοιχειώδης τῆς γαλλικῆς γλώσσης, πρός Χρῆσιν τῶν Σχολείων καί Γυμνασίων","Elementary Grammar of the French Language, for use in Schools and High Schools",σελίδες 236,6.—,,
1904,IMG_1402.jpeg,Γαλλική,French,,ΜΑΚΡΙΔΟΥ Δ.,Makridou D.,"Ἀρχαί Στοιχειώδεις πρός τό γράφειν καί λέγειν γαλλιστί, ἤτοι Ὁδηγός τῆς Γαλλικῆς γλώσσης, πρός Χρῆσιν τῶν Σχολείων καί Γυμνασίων","Elementary Principles for Writing and Speaking French, Guide to the French Language for Schools and High Schools",σελίδες 164,5.—,,
1904,IMG_1402.jpeg,Γαλλική,French,,ΜΑΚΡΙΔΟΥ Δ.,Makridou D.,"La Langue Française proposée par la pratique, Ἡ Γαλλική Γλῶσσα πρακτικῶς διδασκομένη, πρός χρῆσιν τῶν Ἑλληνικῶν Σχολείων καί Γυμνασίων","The French Language Taught Practically, for use in Greek Schools and High Schools",σελίδες 270,8.—,,
1904,IMG_1402.jpeg,Γαλλική,French,,ΜΑΚΡΙΔΟΥ Δ.,Makridou D.,"Recueil de Lectures Choisies, ἤτοι Συλλογή Ἐκλεκτῶν Ἀναγνωσμάτων, μετά πολλῶν καί παντοίων σημειώσεων","Collection of Selected Readings, with numerous diverse notes",σελίδες 158,5.—,,
1904,IMG_1402.jpeg,Γαλλική,French,,MALMANCHE Mlle M. H.,Malmanche Mlle M. H.,"Exercices Pratiques de Tenue des Livres, Livre d'élève","Practical Exercises in Bookkeeping, Student's Book","8ov, σελίδες 219",15.—,,cartonné
1904,IMG_1402.jpeg,Γαλλική,French,,LAROUSSE,Larousse,"Jardin des racines latines, Élève","Garden of Latin Roots, Student",,8.—,,cartonné
1904,IMG_1402.jpeg,Γαλλική,French,,ΜΑΚΡΙΔΟΥ Δ.,Makridou D.,Cours Complet d'analyse grammaticale et logique. Gallicismes. D'après les ouvrages français similaires à l'usage des écoles grecques,Complete Course of Grammatical and Logical Analysis. Gallicisms. Based on similar French works for Greek schools,σ. 118,4.—,,cartonné
1904,IMG_1402.jpeg,Γαλλική,French,,LAROUSSE,Larousse,"a. b. c. du style, Maître","ABC of Style, Teacher",,4.—,,cartonné
1904,IMG_1402.jpeg,Γαλλική,French,Cours Théorique et Pratique de Littérature,MAIGROT J. B.,Maigrot J. B.,Style et Composition,Style and Composition,,2.20,,
1904,IMG_1402.jpeg,Γαλλική,French,,LAROUSSE,Larousse,"Analyse et synthèse logiques, Élève","Logical Analysis and Synthesis, Student",,6.20,,cartonné
1904,IMG_1402.jpeg,Γαλλική,French,,LAROUSSE,Larousse,"Exercices d'orthographie et de syntaxe, Élève","Spelling and Syntax Exercises, Student",,8.—,,
1904,IMG_1402.jpeg,Γαλλική,French,Exercices Français,LARIVE & FLEURY,Larive & Fleury,Exercices Français - La Deuxième année,French Exercises - Second Year,,6.20,,cartonné
1904,IMG_1402.jpeg,Γαλλική,French,Exercices Français,LARIVE & FLEURY,Larive & Fleury,"Exercices Français - La Deuxième année, Livre du Maître","French Exercises - Second Year, Teacher's Book",,13.—,,cartonné
1904,IMG_1402.jpeg,Γαλλική,French,Exercices Français,LARIVE & FLEURY,Larive & Fleury,Exercices Français - La troisième année,French Exercises - Third Year,,10.—,,cartonné
1904,IMG_1402.jpeg,Γαλλική,French,Exercices Français,LARIVE & FLEURY,Larive & Fleury,"Exercices Français - La troisième année, Livre du Maître","French Exercises - Third Year, Teacher's Book",,20.—,,cartonné
1904,IMG_1402.jpeg,Γαλλική,French,Recueil de Dictées,LARIVE & FLEURY,Larive & Fleury,"Recueil de Dictées - Année préparatoire, Livre du Maître","Collection of Dictations - Preparatory Year, Teacher's Book",,7.20,,cartonné
1904,IMG_1402.jpeg,Γαλλική,French,Recueil de Dictées,LARIVE & FLEURY,Larive & Fleury,Recueil de Dictées - Première année,Collection of Dictations - First Year,,4.20,,cartonné
1904,IMG_1402.jpeg,Γαλλική,French,Recueil de Dictées,LARIVE & FLEURY,Larive & Fleury,Recueil de Dictées - Année préparatoire,Collection of Dictations - Preparatory Year,,3.30,,cartonné
1904,IMG_1402.jpeg,Γαλλική,French,Méthode Lexicologie de Lecture,LAROUSSE,Larousse,"Méthode Lexicologie de Lecture - Grammaire du Première âge, Élève","Lexicological Reading Method - Early Childhood Grammar, Student",,3.30,,cartonné
1904,IMG_1402.jpeg,Γαλλική,French,Méthode Lexicologie de Lecture,LAROUSSE,Larousse,Méthode Lexicologie de Lecture - Grammaire du Deuxième année (Gram. Élèm.) Élève,"Lexicological Reading Method - Second Year Grammar (Elem. Gram.), Student",,6.20,,cartonné
1904,IMG_1402.jpeg,Γαλλική,French,Méthode Lexicologie de Lecture,LAROUSSE,Larousse,"Méthode Lexicologie de Lecture - Grammaire du Deuxième année, Maître","Lexicological Reading Method - Second Year Grammar, Teacher",,10.—,,cartonné
1904,IMG_1402.jpeg,Γαλλική,French,Méthode Lexicologie de Lecture,LAROUSSE,Larousse,Méthode Lexicologie de Lecture - Grammaire du Deuxième année (Gram. Complète),Lexicological Reading Method - Second Year Grammar (Complete Gram.),,8.—,,cartonné
1904,IMG_1402.jpeg,Γαλλική,French,Méthode Lexicologie de Lecture,LAROUSSE,Larousse,Méthode Lexicologie de Lecture - Grammaire du Troisième année (Gram. Supérieure),Lexicological Reading Method - Third Year Grammar (Advanced Gram.),,15.—,,cartonné
1904,IMG_1402.jpeg,Γαλλική,French,,LAROUSSE,Larousse,"Grammaire Littéraire, Élève","Literary Grammar, Student",,6.20,,cartonné
1904,IMG_1402.jpeg,Γαλλική,French,Recueil de Dictées,LARIVE & FLEURY,Larive & Fleury,"Recueil de Dictées - Première année, Livre du Maître","Collection of Dictations - First Year, Teacher's Book",,7.20,,cartonné
1904,IMG_1403.jpeg,Γαλλική,French,,PÉLISSIER A.,,La gymnastique de l'esprit - 2e partie,Gymnastics of the Mind - Part 2,,4.—,,
1904,IMG_1403.jpeg,Γαλλική,French,,,,"Morceaux choisis des classiques français, en prose et en vers, à l'usage des classes élémentaires","Selected Passages of French Classics, in Prose and Verse, for Elementary Classes",,5.—,,c.
1904,IMG_1403.jpeg,Γαλλική,French,,PÉLISSIER A.,,La gymnastique de l'esprit - 5e partie,Gymnastics of the Mind - Part 5,,7.—,,
1904,IMG_1403.jpeg,Γαλλική,French,,PÉLISSIER A.,,La gymnastique de l'esprit - 4e partie,Gymnastics of the Mind - Part 4,,7.—,,
1904,IMG_1403.jpeg,Γαλλική,French,,PÉLISSIER A.,,La gymnastique de l'esprit - 3e partie,Gymnastics of the Mind - Part 3,,3.—,,
1904,IMG_1403.jpeg,Γαλλική,French,,RENOU Ambr.,,Traité de Morale,Treatise on Morals,,4.—,,cartonné
1904,IMG_1403.jpeg,Γαλλική,French,,PÉLISSIER A.,,La gymnastique de l'esprit - 1re partie,Gymnastics of the Mind - Part 1,grand in 18,3.—,,"5 vol., cartonné"
1904,IMG_1403.jpeg,Γαλλική,French,,PAPE-CARPANTIER (Mme),,Enseignement de la lecture à l'aide du procédé mimique de M. Grosselin,Teaching Reading Using Mr. Grosselin's Mimic Method,,1.20,,
1904,IMG_1403.jpeg,Γαλλική,French,,PAUTEX B.,,"Recueil de mots français, supérieur","Collection of French Words, Advanced",,7.20,,cartonné
1904,IMG_1403.jpeg,Γαλλική,French,,PAUTEX B.,,Abrégé du Recueil de mots français,Abridgment of the Collection of French Words,,2.20,,
1904,IMG_1403.jpeg,Γαλλική,French,,ΠΑΛΑΕΡΥ Α.,PALAERY A.,Μέθοδος - Τόμος Α' Προσαγωγὸς τοῦ Δευτέρου,"Method - Volume A, Introduction to the Second",,3.20,,
1904,IMG_1403.jpeg,Γαλλική,French,,ΠΑΛΑΕΡΥ Α.,PALAERY A.,"Μέθοδος, ἤτοι Κλεὶς τῆς γαλλικῆς γλώσσης, κατὰ τὸ ἐν Λειψίᾳ ἐκδοθὲν Écho de Paris","Method, or Key to the French language, after the Écho de Paris published in Leipzig",,5.—,,
1904,IMG_1403.jpeg,Γαλλική,French,,ΠΑΛΑΕΡΥ Α.,PALAERY A.,Ἐγχειρίδιον τοῦ Ἑλλήνου Σπουδαστοῦ,Handbook of the Greek Student,σελ. 200,8.—,,
1904,IMG_1403.jpeg,Γαλλική,French,,PAPE-CARPANTIER (Mme),,"Petites lectures morales, Grammaire","Short Moral Readings, Grammar",,2.20,,
1904,IMG_1403.jpeg,Γαλλική,French,,,,"Morceaux choisis des classiques français, en prose et en vers, à l'usage des classes supérieures","Selected Passages of French Classics, in Prose and Verse, for Advanced Classes",,10.—,,cart.
1904,IMG_1403.jpeg,Γαλλική,French,,PAPE-CARPANTIER (Mme),,Zoologie des Écoles,School Zoology,,40.—,,5 vol. rél.
1904,IMG_1403.jpeg,Γαλλική,French,,PÉCAUT E.,,Petit Cours d'Hygiène,Short Course on Hygiene,,3.20,,c.
1904,IMG_1403.jpeg,Γαλλική,French,,,,"Morceaux choisis des classiques français; en prose et en vers, à l'usage des classes de grammaire et d'humanités de l'enseignement classique - Les trois premiers volumes: classes de Sixième, de Cinquième et de Quatrième (Chaque vol.)","Selected Passages of French Classics; in Prose and Verse, for Grammar and Humanities Classes - The First Three Volumes: 6th, 5th, and 4th Classes (Each vol.)",6 vol. in-16,5.—,,cart.
1904,IMG_1403.jpeg,Γαλλική,French,,POITEVIN P.,,Cours théorique et pratique de langue française: Traité d'Analyse grammaticale,Theoretical and Practical Course of French Language: Treatise on Grammatical Analysis,,7.20,,
1904,IMG_1403.jpeg,Γαλλική,French,,,,Premiers principes de style et de composition,First Principles of Style and Composition,in-16,7.20,,cartonné
1904,IMG_1403.jpeg,Γαλλική,French,,PAPE-CARPANTIER (Mme),,Histoires et Leçons de Choses,Stories and Object Lessons,,40.—,,
1904,IMG_1403.jpeg,Γαλλική,French,,RENOU Ambr.,,Robinson dans son île,Robinson on His Island,32ov,2.20,,
1904,IMG_1403.jpeg,Γαλλική,French,,RÉGIMBEAU,,Petit Syllabaire,Small Primer,c. 32,2.—,,
1904,IMG_1403.jpeg,Γαλλική,French,,RÉGIMBEAU,,Syllabaire des Écoles,School Primer,32ov,3.—,,cartonné
1904,IMG_1403.jpeg,Γαλλική,French,,ΡΑΛΛΗ Α.,RALLI A.,Μαθήματα Στοιχειώδη Γεωμετρίας,Elementary Lessons of Geometry,σελίδες δ' - 260,9.—,,
1904,IMG_1403.jpeg,Γαλλική,French,,RACINE J.,,"Théâtre choisi, publié par Geruzez","Selected Plays, Published by Geruzez",,12.20,,cartonné
1904,IMG_1403.jpeg,Γαλλική,French,,RACINE J.,,"Athalie, tragédie, annotée par Geruzez","Athalie, Tragedy, Annotated by Geruzez",32v,2.—,,cartonné
1904,IMG_1403.jpeg,Γαλλική,French,,RACINE J.,,Œuvres complètes,Complete Works,,20.—,,3 v.
1904,IMG_1403.jpeg,Γαλλική,French,,ΡΑΓΚΑΒΗ Α. Ρ.,RANGAVIS A. R.,"Γαλλικὴ Ἐγκυκλοπαιδεία, ἤτοι Συλλογὴ τεμαχίων ἐκ τῶν Δοκιμωτέρων Λογογράφων καὶ Ποιητῶν τῆς Γαλλίας","French Encyclopedia, or Collection of Excerpts from the Most Approved Prose Writers and Poets of France","8ov, σελίδες 508",12.—,,
1904,IMG_1403.jpeg,Γαλλική,French,,PRESSARD,,Lectures littéraires et morales,Literary and Moral Readings,,6.10,,cartonné
1904,IMG_1403.jpeg,Γαλλική,French,,POITRINAU F.,,Premier livre de lecture,First Reading Book,,1.—,,cart.
1904,IMG_1403.jpeg,Γαλλική,French,,POITRINAU F.,,Fénelon Notice. Analyse et extraits annotés,Fénelon Notice. Analysis and Annotated Extracts,cel. 16,6.10,,
1904,IMG_1403.jpeg,Γαλλική,French,,POITEVIN P.,,"Cours théorique et pratique de langue française: Grammaire Complet, Théorie et Application","Theoretical and Practical Course of French Language: Complete Grammar, Theory and Practice",,15.—,,
1904,IMG_1403.jpeg,Γαλλική,French,,POITEVIN P.,,"Cours théorique et pratique de langue française: Grammaire Élémentaire, Théorie et Application","Theoretical and Practical Course of French Language: Elementary Grammar, Theory and Practice",,7.20,,
1904,IMG_1403.jpeg,Γαλλική,French,,POITEVIN P.,,"Cours théorique et pratique de langue française: Grammaire du Premier Âge, Théorie et Application","Theoretical and Practical Course of French Language: Grammar for Early Age, Theory and Practice",,6.—,,
1904,IMG_1403.jpeg,Γαλλική,French,,POITEVIN P.,,Cours théorique et pratique de langue française: Grammaire du Premier Âge,Theoretical and Practical Course of French Language: Grammar for Early Age,,3.—,,cartonné
1904,IMG_1403.jpeg,Γαλλική,French,,PICHOT,,Arithmétique élémentaire enseignement classique ou enseignement moderne (cl. de Troisième),Elementary Arithmetic Classical or Modern Education (3rd Class),,10.—,,c.
1904,IMG_1403.jpeg,Γαλλική,French,,,,"Morceaux choisis des classiques français; en prose et en vers, à l'usage des classes de grammaire et d'humanités de l'enseignement classique - Les trois derniers volumes: classes de Troisième, de Seconde et de Rhétorique (Chaque vol.)","Selected Passages of French Classics; in Prose and Verse, for Grammar and Humanities Classes - The Last Three Volumes: 3rd, 2nd, and Rhetoric Classes (Each vol.)",6 vol. in-16,10.—,,
1904,IMG_1403.jpeg,Γαλλική,French,,PAPE-CARPANTIER (Mme),,Le Dessin expliqué par la nature,Drawing Explained by Nature,,12.20,,
1904,IMG_1403.jpeg,Γαλλική,French,,NOËL & CHAPSAL,,"Corrigé des Exercices Français, sur l'Orthographe, la Syntaxe et la Ponctuation","Answer Key for French Exercises, on Spelling, Syntax, and Punctuation",,7.20,,c.
1904,IMG_1403.jpeg,Γαλλική,French,,ΠΑΠΠΑΔΟΠΟΥΛΟΥ Α. Γ.,PAPPADOPOULOU A. G.,"Γαλλικὴ Θεματογραφία, Μέρος Α'","French Composition, Part A",σελίδες 48,6.—,,
1904,IMG_1403.jpeg,Γαλλική,French,,ΝΑΙΡΗ Α.,NAIRI A.,Ἀναγνωσματάριον,Reader,"8ον, σελίδες 96",5.—,,
1904,IMG_1403.jpeg,Γαλλική,French,,Moy,,"Récitation, La première année","Recitation, First Year",,4.20,,cart.
1904,IMG_1403.jpeg,Γαλλική,French,,Moy,,"Récitation, L'année préparatoire","Recitation, Preparatory Year",,3.—,,cartonné
1904,IMG_1403.jpeg,Γαλλική,French,,MOUGEOL Alph.,,"Contes, Paraboles, Anecdotes","Tales, Parables, Anecdotes",,4.—,,cartonné
1904,IMG_1403.jpeg,Γαλλική,French,,,,Morale en Action Petite,Small Morals in Action,σελ. 276,4.20,,c.
1904,IMG_1403.jpeg,Γαλλική,French,,,,Morale en Action Petite,Small Morals in Action,σ. 72,1.—,,
1904,IMG_1403.jpeg,Γαλλική,French,,MONTESQUIEU,,Grandeur et Décadence des Romains avec notes par P. Longueville,Grandeur and Decadence of the Romans with notes by P. Longueville,,6.10,,cartonné
1904,IMG_1403.jpeg,Γαλλική,French,,N. C.,,Choix de Poésies Faciles,Selection of Easy Poems,,2.20,,c.
1904,IMG_1403.jpeg,Γαλλική,French,,MONTESQUIEU,,Considérations sur les causes de la grandeur des Romains annoté par C. Aubert,"Considerations on the Causes of the Grandeur and Decadence of the Romans, annotated by C. Aubert",,2.50,,cartonné
1904,IMG_1403.jpeg,Γαλλική,French,,MINOÏDE MYNAS C.,,"Grammaire Grecque, contenant les Dialectes, et la différence avec le Grec Vulgaire","Greek Grammar, containing Dialects, and differences with Vulgar Greek","8ov, 366 σ.",25.—,,
1904,IMG_1403.jpeg,Γαλλική,French,,MEISSAS & MICHELOT,,Petite Géographie méthodique,Little Methodical Geography,32ov,7.20,,
1904,IMG_1403.jpeg,Γαλλική,French,,MARGUERIN & MICHEL,,"Recueil de morceaux choisis, Classe Élémentaire 1er Partie","Collection of Selected Excerpts, Elementary Class Part 1",,3.—,,cartonné
1904,IMG_1403.jpeg,Γαλλική,French,,MARCHAND Dr L.,,Éléments de Botanique - Troisième et Quatrième années,Elements of Botany - Third and Fourth Years,,15.—,,
1904,IMG_1403.jpeg,Γαλλική,French,,ΠΑΠΠΑΔΟΠΟΥΛΟΥ Α. Γ.,PAPPADOPOULOU A. G.,Γαλλικὴ Θεματογραφία [Μέρος Β'],French Composition [Part B],σελίδες 48,6.—,,
1904,IMG_1403.jpeg,Γαλλική,French,,MARCHAND Dr L.,,Éléments de Botanique - Première année,Elements of Botany - First Year,,8.20,,
1904,IMG_1403.jpeg,Γαλλική,French,,MARCHAND Dr L.,,Éléments de Botanique - Année préparatoire,Elements of Botany - Preparatory Year,,6.10,,cartonné
1904,IMG_1403.jpeg,Γαλλική,French,,MOLIÈRE,,Œuvres complètes,Complete Works,,20.—,,3 volumes
1904,IMG_1403.jpeg,Γαλλική,French,,NÉEL,,Lecture Premier livre,Reading First Book,,1.20,,cart.
1904,IMG_1403.jpeg,Γαλλική,French,,MARCHAND Dr L.,,Éléments de Botanique - Deuxième année,Elements of Botany - Second Year,,8.20,,
1904,IMG_1403.jpeg,Γαλλική,French,,NÉEL,,Lecture Troisième livre,Reading Third Book,,3.—,,cart.
1904,IMG_1403.jpeg,Γαλλική,French,,NÉEL,,Lecture Deuxième livre,Reading Second Book,,2.20,,cart.
1904,IMG_1403.jpeg,Γαλλική,French,,ΠΑΠΠΑΔΟΠΟΥΛΟΥ Α. Γ.,PAPPADOPOULOU A. G.,Γαλλικὴ Στοιχειώδης τῆς Γλώσσης,Elementary French of the Language,"8ον, σελίδες 221",12.—,,
1904,IMG_1403.jpeg,Γαλλική,French,,ΠΑΝΟΠΟΥΛΟΥ Δ. Γ.,PANOPOULOU D. G.,Ἀναγνωσματάριον Γαλλικῆς Γλώσσης,Reader of the French Language,"8ov, σελ. 95",6.—,,
1904,IMG_1403.jpeg,Γαλλική,French,,ΟΛΛΕΝΔΟΡΦ,OLLENDORFF,Μέθοδος,Method,"8ov, σελίδες ε' - 623",10.—,,
1904,IMG_1403.jpeg,Γαλλική,French,,ΟΛΙΒΕΡΟΥ Α.,OLIVEROU A.,Μέθοδος,Method,σελ. 192,8.—,,
1904,IMG_1403.jpeg,Γαλλική,French,,ΟΙΚΟΝΟΜΙΔΟΥ Ν. Ι.,OIKONOMIDOU N. I.,Χρηστομάθεια,Chrestomathy,σελίδες 412,8.—,,
1904,IMG_1403.jpeg,Γαλλική,French,,ΟΙΚΟΝΟΜΙΔΟΥ Ν. Ι.,OIKONOMIDOU N. I.,Γραμματική,Grammar,σελίδες δ' - 586,8.—,,
1904,IMG_1403.jpeg,Γαλλική,French,,NOËL & CHAPSAL,,Exercices sur les Participes,Exercises on Participles,,15.—,,cartonné
1904,IMG_1403.jpeg,Γαλλική,French,,ΠΑΠΠΑΔΟΠΟΥΛΟΥ Α. Γ.,PAPPADOPOULOU A. G.,Ἀναγνωσματάριον Γαλλικῆς Γλώσσης,Reader of the French Language,"8ov, σελ. 75",6.—,,
1904,IMG_1403.jpeg,Γαλλική,French,,NOËL & CHAPSAL,,Abrégé de la Grammaire Françoise,Abridged French Grammar,,4.20,,cartonné
1904,IMG_1403.jpeg,Γαλλική,French,,NOËL & CHAPSAL,,Exercices sur la Grammaire Française,Exercises on French Grammar,,7.20,,cartonné
1904,IMG_1403.jpeg,Γαλλική,French,,NOËL & CHAPSAL,,"Grammaire Française, cours supérieur","French Grammar, Advanced Course",,7.20,,cartonné
1904,IMG_1403.jpeg,Γαλλική,French,,,,Méthode en français et en turc pour apprendre facilement et rapidement la langue française et en même temps très-utile à ceux qui étudient la langue turque,Method in French and Turkish to easily and quickly learn French and at the same time very useful to those studying Turkish,"8ov, σ. 126",5.—,,
1904,IMG_1403.jpeg,Γαλλική,French,,,,Méthode simple et facile pour apprendre rapidement le grec moderne,Simple and easy method to quickly learn modern Greek,"8ov, σελίδες 125",5.—,,
1904,IMG_1403.jpeg,Γαλλική,French,,Ν. Μ.,N. M.,"Νέα Μέθοδος, πρὸς ταχεῖαν καὶ εὔκολον ἐκμάθησιν τῆς Γαλλικῆς Γλώσσης","New Method, for quick and easy learning of the French Language","8ον, σελίδες 143",5.—,,
1904,IMG_1403.jpeg,Γαλλική,French,,ΝΙΚΟΛΑΪΔΟΥ Β.,NIKOLAIDOU V.,"Σειρὰ πλήρης Γαλλικῆς Γραμματικῆς, ἐφανισθεῖσα ἐκ πασῶν ἀρίστων","Complete Series of French Grammar, compiled from all the best","μέγα 8ον, σ. ιθ' - 541",40.—,,
1904,IMG_1403.jpeg,Γαλλική,French,,NOËL & CHAPSAL,,Leçons d'analyse logique,Logical Analysis Lessons,,4.20,,c.
1904,IMG_1403.jpeg,Γαλλική,French,,NÉEL,,"Leçons de Choses, Cours élémentaire et moyen","Object Lessons, Elementary and Intermediate Course",,4.—,,cartonné
1904,IMG_1404.jpeg,ΓΕΡΜΑΝΙΚΗ,German,,ΓΙΑΝΝΑΡΗ Α. Ν.,Giannaris A. N.,Μέθοδος,Method,344,20.—,,
1904,IMG_1404.jpeg,ΓΕΡΜΑΝΙΚΗ,German,,BÜMBÜLLER Schuster,,Deutsches Lesebuch für Volksschulen,German Reader for Primary Schools,"120v, σελ. 507, cartonné",15.—,,
1904,IMG_1404.jpeg,ΓΕΡΜΑΝΙΚΗ,German,,BÜMBÜLLER Schuster,,Deutsche Fibel,German Primer,"120v, σελ. 80, cartonné",5.—,,
1904,IMG_1404.jpeg,ΓΕΡΜΑΝΙΚΗ,German,,ΒΙΛΛΟΥ Κ.,Villou K.,Μέθοδος Ahn. Μέρος Α'-Β',Ahn Method. Part A-B,σελίδες 230,20.—,,
1904,IMG_1404.jpeg,ΓΕΡΜΑΝΙΚΗ,German,,BARTH W.,,Unterrichts Brücke für das Selbst Studium der Neugriechischen Sprache,Instructional Bridge for Self-Study of Modern Greek,"8ov, σελ. 432 δέδεν.",47.20,,
1904,IMG_1404.jpeg,ΓΕΡΜΑΝΙΚΗ,German,,AHN F.,,"Nuovo Metodo, per imparare la lingua tedesca, secondo il sisteme","New Method to learn the German language, according to the system",σελίδες 176,10.—,,
1904,IMG_1404.jpeg,ΙΣΠΑΝΙΚΗ,Spanish,,ΦΡΑΒΑΣΙΛΗ ΑΝΤ.,Fravasilis Ant.,"Ἱσπανικὴ Γραμματική, ἤτοι μικρὰ πρακτικὴ μέθοδος πρὸς ταχεῖαν ἐκμάθησιν τῆς ἱσπανικῆς γλώσσης","Spanish Grammar, or a concise practical method for quick learning of the Spanish language","8ον, σελίδες 160",24.—,,
1904,IMG_1404.jpeg,Γαλλική,French,,ZEVORT Edgar,,"Petite Histoire Universelle, cours moyen et supérieur","Little Universal History, intermediate and advanced course",,7.20,,
1904,IMG_1404.jpeg,Γαλλική,French,,ZABOROWSKI,,Les Migrations des Animaux et le Pigeon Voyageur,Animal Migrations and the Homing Pigeon,c.,5.—,,
1904,IMG_1404.jpeg,Γαλλική,French,,WIRTH Mlle & BRET Mme,,Premières Leçons d'Économie Domestique,First Lessons in Home Economics,c.,6.—,,
1904,IMG_1404.jpeg,Γαλλική,French,,VOLTAIRE & GARNIER A.,,"Siècle de Louis XIV, annotée par A. Garnier","The Age of Louis XIV, annotated by A. Garnier",cartonné,6.—,,
1904,IMG_1404.jpeg,Γαλλική,French,,VOLTAIRE & WADDINGTON,,"Histoire de Charles XII, annotée par Waddington","History of Charles XII, annotated by Waddington",,6.—,,
1904,IMG_1404.jpeg,ΓΕΡΜΑΝΙΚΗ,German,,ΓΙΑΝΝΑΡΗ Α. Ν.,Giannaris A. N.,Διάλογοι Ἑλληνογερμανικοί,Greek-German Dialogues,"320v, σελίδες 128",4.—,,
1904,IMG_1404.jpeg,ΓΕΡΜΑΝΙΚΗ,German,,AHN F.,,"Nouvelle Méthode, pour apprendre la langue allemande, II cours","New Method for learning the German language, 2nd course",σελίδες 118,9.—,,
1904,IMG_1404.jpeg,ΓΕΡΜΑΝΙΚΗ,German,,EBELING & CLIFTON,,Anleitung zur Erlernung der Umgangssprache Deutsch-English,Guide to Learning Everyday Conversational German-English,"320v, toile",20.—,,
1904,IMG_1404.jpeg,ΓΕΡΜΑΝΙΚΗ,German,,ΟΤΤΩΝΙΟΥ Α.,Ottonios A.,"Γραμματική τῆς Γερμανικῆς Γλώσσης, ἰδίως πρὸς χρῆσιν τῶν Ἑλλήνων","Grammar of the German Language, especially for Greek speakers","8ον, σελίδες 432",12.—,,
1904,IMG_1404.jpeg,ΓΕΡΜΑΝΙΚΗ,German,,KOEMTZ,,Ἑλληνογερμανικοί καὶ Γερμανικοί Διάλογοι,Greek-German and German Dialogues,σελ. 159,6.—,,
1904,IMG_1404.jpeg,ΓΕΡΜΑΝΙΚΗ,German,,ΜΑΝΤΟΥ Α. Ν.,Mantou A. N.,"Γραμματική, Θεωρητικὴ καὶ πρακτική",Theoretical and Practical Grammar,"8ον, σελ. 216, δέδ.",17.—,,
1904,IMG_1404.jpeg,ΓΕΡΜΑΝΙΚΗ,German,,ΜΑΝΤΟΥ Α. Ν.,Mantou A. N.,Διάλογοι Γερμανοελληνικοί,German-Greek Dialogues,"8ον, σελίδες 166, δέδ.",15.—,,
1904,IMG_1404.jpeg,ΓΕΡΜΑΝΙΚΗ,German,,ΜΑΝΑΡΑΚΗ Α.,Manarakis A.,Διάλογοι Ἑλληνογερμανικοί,Greek-German Dialogues,"8ον, σελίδες 128",8.—,,
1904,IMG_1404.jpeg,ΓΕΡΜΑΝΙΚΗ,German,,ΜΑΝΑΡΑΚΗ Α. καὶ ΔΕΛΓΙΑΝΝΗ Ι.,Manarakis A. & Deligiannis I.,"Γραμματική. Μέρος Α', Τυπικόν","Grammar. Part A, Accidence","8ον, σ. 284",25.—,,
1904,IMG_1404.jpeg,ΓΕΡΜΑΝΙΚΗ,German,,OTTO E. & MAURON A.,,"Nouvelle Grammaire Allemande avec de nombreux exercices de Traduction, de Lecture et de Conversation","New German Grammar with numerous exercises in Translation, Reading and Conversation",,25.—,,
1904,IMG_1404.jpeg,ΓΕΡΜΑΝΙΚΗ,German,,OTTO E. & VERHIER P.,,Petite Grammaire Allemande avec de nombreux exercices de Conversation et de Lecture à l'usage des Commençants,Little German Grammar with numerous exercises in Conversation and Reading for Beginners,"8ov, σελίδες VIII-192, toile",12.20,,
1904,IMG_1404.jpeg,ΓΕΡΜΑΝΙΚΗ,German,,ΣΑΚΕΛΛΑΡΙΟΥ Δ. Α.,Sakellariou D. A.,Μέθοδος Otto,Otto Method,σελίδες 404,35.—,,
1904,IMG_1404.jpeg,ΓΕΡΜΑΝΙΚΗ,German,,ΣΑΚΕΛΛΑΡΙΟΥ Δ. Α.,Sakellariou D. A.,Κλεὶς τῆς Μεθόδου Otto,Key to Otto Method,"8ον, σελίδες 80",5.20,,
1904,IMG_1404.jpeg,ΓΕΡΜΑΝΙΚΗ,German,,SANDERSON καὶ ΓΑΛΑΝΗ Ε.,Sanderson & Galanis E.,"Ἡ Γερμανικὴ ἐκπαιδευτικὴ εἰς 50 μαθήματα, ἐντὸς 4 μηνῶν","Educational German in 50 lessons, within 4 months","8ον, σελίδες 408-204",35.—,,
1904,IMG_1404.jpeg,ΓΕΡΜΑΝΙΚΗ,German,,SANDERSON καὶ ΠΑΜΠΛΑΡΗ Α.,Sanderson & Pamplaris A.,Ἡ Γερμανικὴ Γλῶσσα εἰς τριάκοντα μαθήματα ἄνευ διδασκάλου,The German Language in thirty lessons without a teacher,"8ον, σελ. 247",12.—,,
1904,IMG_1404.jpeg,ΓΕΡΜΑΝΙΚΗ,German,,ΧΑΜΑΛΙ ΧΡ. Γ.,Chamalis Chr. G.,Νεωτάτη Γραμματικὴ τῆς Γερμανικῆς Γλώσσης μετὰ πολλῶν γυμνασμάτων,Latest Grammar of the German Language with numerous exercises,"μέγα 8ον, σ. 126",9.—,,
1904,IMG_1404.jpeg,ΙΣΠΑΝΙΚΗ,Spanish,,BUSTAMANTE CORONA,,Manual de la Conversation Espanol Francés,Spanish-French Conversation Manual,320v,10.—,,
1904,IMG_1404.jpeg,Γαλλική,French,,VOLTAIRE,,"Œuvres, vol. VII","Works, vol. VII",,10.—,,
1904,IMG_1404.jpeg,ΓΕΡΜΑΝΙΚΗ,German,,FREIHAUFF,,Grammatica Tedesca di Ollendorff,Ollendorff's German Grammar,cartonné,10.—,,
1904,IMG_1404.jpeg,Γαλλική,French,,VOLTAIRE,,A. Chrestomathie Française II. Littérature de l'Adolescence,A. French Chrestomathy II. Adolescent Literature,"8ov, σελίδες 680",25.—,,
1904,IMG_1404.jpeg,Γαλλική,French,,TARNIER & BOS,,Problèmes d'Arithmétique à l'usage des commençants (énoncés),Arithmetic Problems for Beginners (statements),cartonné,4.—,,
1904,IMG_1404.jpeg,Γαλλική,French,,TROOST L.,,Traité Élémentaire de Chimie,Elementary Treatise on Chemistry,"8vo, ed. σελίδες 891",25.—,,
1904,IMG_1404.jpeg,Γαλλική,French,,ΦΑΤΣΕΑ Α.,Fatseas A.,Κλεὶς τῆς Μεθόδου Ὀλλενδόρφου,Key to Ollendorff's Method,"8ον, σελίδες 177",8.—,,
1904,IMG_1404.jpeg,Γαλλική,French,,RIQUIER A.,,Histoire Grecque (cours élémentaire),Greek History (elementary course),320v,3.20,,
1904,IMG_1404.jpeg,Γαλλική,French,,RIT,,Nouvelle Arithmétique des Écoles primaires avec exercices et problèmes,New Primary School Arithmetic with exercises and problems,cartonné,7.20,,
1904,IMG_1404.jpeg,Γαλλική,French,Lectures Enfantines,ROCHEROLLES,,Lectures Enfantines - Premières,Children's Readings - First,"125 vign., cart.",3.20,,
1904,IMG_1404.jpeg,Γαλλική,French,Lectures Enfantines,ROCHEROLLES,,Lectures Enfantines - Secondes,Children's Readings - Second,"128 vign., cartonné",3.30,,
1904,IMG_1404.jpeg,Γαλλική,French,Lectures Enfantines,ROCHEROLLES,,Lectures Enfantines - Troisièmes,Children's Readings - Third,"124 vign., cart.",4.20,,
1904,IMG_1404.jpeg,Γαλλική,French,,ROUSSELOT P.,,Leçons de Choses et Lectures,Object Lessons and Readings,cartonné,8.—,,
1904,IMG_1404.jpeg,Γαλλική,French,,RUCHON & FRANCO,,"Livre de Lecture, Cours Moyen","Reading Book, Intermediate Course",cartonné,10.—,,
1904,IMG_1404.jpeg,Γαλλική,French,,SAFFRAY D',,Leçons de Choses. Livre de l'Élève,Object Lessons. Student's Book,cartonné,9.—,,
1904,IMG_1404.jpeg,Γαλλική,French,,SAFFRAY D',,"Éléments Usuels de sciences physiques et naturelles, cours supérieur. Livre de l'Élève","Basic Elements of Physical and Natural Sciences, Advanced Course. Student's Book",cartonné,7.20,,
1904,IMG_1404.jpeg,Γαλλική,French,,ΣΑΚΕΛΛΑΡΙΟΥ Π. Α.,Sakellariou P. A.,Διάλογοι Ελληνογαλλικοί,Greek-French Dialogues,"8ον, σελίδες 222",8.—,,
1904,IMG_1404.jpeg,Γαλλική,French,,ΣΑΚΕΛΛΑΡΙΟΥ Α.,Sakellariou A.,Γραμματική,Grammar,"8ον, σελίδες 8-204",8.—,,
1904,IMG_1404.jpeg,Γαλλική,French,,SÉVIGNÉ Mme DE,,"Lettres choisies, édition classique publiée par Régnier","Selected Letters, classic edition published by Regnier","320v, cartonné",3.—,,
1904,IMG_1404.jpeg,Γαλλική,French,,ΣΙΟΡΟΥ ΑΝΑΣΤΑΣΙΟΥ,Sioros Anastasios,Syllabaire,Syllabary / Spelling Reader,σελίδες 127,3.—,,
1904,IMG_1404.jpeg,Γαλλική,French,,RIQUIER A.,,Histoire Grecque (petit cours),Greek History (small course),"320v, cartonné",4.—,,
1904,IMG_1404.jpeg,Γαλλική,French,,ΣΙΟΡΟΥ ΑΝΑΣΤΑΣΙΟΥ,Sioros Anastasios,"Choix de Lecture courante, année préparatoire","Selected Reading, Preparatory Year",σελ. 266,7.—,,
1904,IMG_1404.jpeg,Γαλλική,French,,TOUSSAINT E.,,Petit Livre de Lectures Graduées,Little Book of Graduated Readings,cartonné,4.—,,
1904,IMG_1404.jpeg,Γαλλική,French,,THEIL N.,,Court du Dialecte Épique,Course on the Epic Dialect,"320v, σελίδες 71",3.—,,
1904,IMG_1404.jpeg,Γαλλική,French,,TARNIER & BOS,,"Solutions, desdits problèmes",Solutions to said problems,cartonné,15.—,,
1904,IMG_1404.jpeg,Γαλλική,French,,TARATTE E.-J.,,Corrigé des Exercices de la Grammaire,Answer Key for Grammar Exercises,"320v, σελ. 60",2.—,,
1904,IMG_1404.jpeg,Γαλλική,French,,ΣΙΟΡΟΥ ΑΝΑΣΤΑΣΙΟΥ,Sioros Anastasios,"Choix de Lecture courante, enfantine, I Partie","Selected Reading for Children, Part I",σελ. 177,5.—,,
1904,IMG_1404.jpeg,Γαλλική,French,,ΣΩΝΕΡΙΟΥ Ι. Ε.,Sonnerios I. E.,Γραμματική Νέα,New Grammar,"8ον, σελίδες 87",3.20,,
1904,IMG_1404.jpeg,Γαλλική,French,,TARATTE E.-J.,,Éléments de Grammaire Française de Lhomond,Elements of French Grammar by Lhomond,cart.,3.20,,
1904,IMG_1404.jpeg,Γαλλική,French,,SOMMER E.,,Abrégé de Grammaire Française,Abridged French Grammar,cartonné,5.—,,
1904,IMG_1404.jpeg,Γαλλική,French,,SOMMER E.,,Manuel de l'Art Épistolaire,Manual of Epistolary Art,"320v, σελίδες 58",5.—,,
1904,IMG_1404.jpeg,Γαλλική,French,,SOMMER E.,,"Manuel de Style, modèles à l'usage des maîtres","Style Manual, models for teachers",,10.—,,
1904,IMG_1404.jpeg,Γαλλική,French,,SOMMER E.,,"Manuel de Style, sujets d'exercices à l'usage des élèves","Style Manual, exercise topics for students",,7.20,,
1904,IMG_1404.jpeg,Γαλλική,French,,ΣΙΟΡΟΥ ΑΝΑΣΤΑΣΙΟΥ,Sioros Anastasios,"Grammaire, de l'année enfantine","Grammar, Kindergarten/Children's Year",σελίδες 74,2.—,,
1904,IMG_1404.jpeg,Γαλλική,French,,ΣΙΟΡΟΥ ΑΝΑΣΤΑΣΙΟΥ,Sioros Anastasios,Premiers Exercices de langage pour les Commençants,First Language Exercises for Beginners,c. 208,5.—,,
1904,IMG_1404.jpeg,Γαλλική,French,,SONNET H.,,Premiers Éléments d'Algèbre,First Elements of Algebra,,5.20,,
1904,IMG_1405.jpeg,ΣΤ΄ ΛΑΤΙΝΙΚΗ,VI. Latin,,ΚΟΦΙΝΙΩΤΟΥ ΕΥΑΓΓ.,KOFINIOTOU EYAGG.,Γραμματική,Grammar,"8ον, σελίδες 182",7.20,,
1904,IMG_1405.jpeg,ΣΤ΄ ΛΑΤΙΝΙΚΗ,VI. Latin,,ΚΑΣΤΟΡΧΗ ΕΥΘ.,KASTORCHI EYTH.,Συντακτικόν,Syntax,"8ον, σ. 8-134+",6.—,,
1904,IMG_1405.jpeg,ΣΤ΄ ΛΑΤΙΝΙΚΗ,VI. Latin,,ΚΑΣΤΟΡΧΗ ΕΥΘ.,KASTORCHI EYTH.,Μαθήματα Πρῶτα,First Lessons,"8ον, σελίδες 8—284+",6.—,,
1904,IMG_1405.jpeg,ΣΤ΄ ΛΑΤΙΝΙΚΗ,VI. Latin,,ΚΑΣΤΟΡΧΗ ΕΥΘ.,KASTORCHI EYTH.,Γραμματική (μικρά),Grammar (small),"8ον, σελίδες 5—112+",6.—,,
1904,IMG_1405.jpeg,ΣΤ΄ ΛΑΤΙΝΙΚΗ,VI. Latin,,ΙΝΤΕΡΠΟΛΟΥ Δ. Χ.,INTERPOLOU D. CH.,Προσωδία Λατινική,Latin Prosody,σελίδες 90+,5.—,,
1904,IMG_1405.jpeg,ΣΤ΄ ΛΑΤΙΝΙΚΗ,VI. Latin,,ΖΑΓΓΟΓΙΑΝΝΗ Δ. Κ.,ZANGOGIANNI D. K.,"Θέματα Λατινικά, Μέρος Α΄: Ὀυαλόν Τυπικόν","Latin Themes, Part I: Regular Accidence",σελίδες 68+,6.20,,
1904,IMG_1405.jpeg,ΣΤ΄ ΛΑΤΙΝΙΚΗ,VI. Latin,,ΙΑΣΕΜΙΔΟΥ Π.,IASEMIDOU P.,Μέθοδος,Method,σελ. 127+,6.—,,
1904,IMG_1405.jpeg,ΣΤ΄ ΛΑΤΙΝΙΚΗ,VI. Latin,,ΖΕΓΓΕΛΗ Ν.,ZEGGELI N.,Ἀναγνωσματάριον,Reader,σελίδες 106+,6.—,,
1904,IMG_1405.jpeg,ΣΤ΄ ΛΑΤΙΝΙΚΗ,VI. Latin,,ΖΑΝΝΕΤΟΥ Γ.,ZANNETOU G.,"Γραμματική τῆς Λατινικῆς Γλώσσης, μετά πρακτικῶν γυμνασμάτων. Μέρος Α΄: Τό Τεχνολογικόν","Grammar of the Latin Language, with practical exercises. Part I: Accidence","8ον, σελίδες 192+",10.—,,
1904,IMG_1405.jpeg,ΣΤ΄ ΛΑΤΙΝΙΚΗ,VI. Latin,,ΖΑΓΓΟΓΙΑΝΝΗ Δ. Κ.,ZANGOGIANNI D. K.,"Θέματα Λατινικά, Μέρος Β΄: Ἀνώμαλον Τυπικόν","Latin Themes, Part II: Irregular Accidence",σελίδες 136,6.20,,
1904,IMG_1405.jpeg,ΣΤ΄ ΛΑΤΙΝΙΚΗ,VI. Latin,,,,"Χρηστομάθεια Λατινική, μετά σημειώσεων καί λεξιλογίου","Latin Chrestomathy, with notes and vocabulary","8ον, σ. 64 + 7",7.—,,
1904,IMG_1405.jpeg,ΣΤ΄ ΛΑΤΙΝΙΚΗ,VI. Latin,,ΙΑΣΕΜΙΔΟΥ Π.,IASEMIDOU P.,Μετάφρασις τῶν θεμάτων τῆς Μεθόδου,Translation of the themes of the Method,σελίδες 56+,4.—,,
1904,IMG_1405.jpeg,ΣΤ΄ ΛΑΤΙΝΙΚΗ,VI. Latin,,,,"Λατινικά Θέματα, πρός ἐφαρμογήν τοῦ συντακτικοῦ μετά λεξιλογίου τῶν περιεχομένων λέξεων","Latin Exercises, for application of syntax with vocabulary of contained words","8ον, σ. 8—92 + 7",7.—,,
1904,IMG_1405.jpeg,ΣΤ΄ ΛΑΤΙΝΙΚΗ,VI. Latin,,ΠΟΛΙΤΟΥ ΧΑΡ.,POLITOU CHAR.,Γραμματική,Grammar,"8ον, σελίδες 127+",9.—,,
1904,IMG_1405.jpeg,ΣΤ΄ ΛΑΤΙΝΙΚΗ,VI. Latin,,ΜΑΛΙΝΤΟΣ Δ. Λ.,MALINTOS D. L.,Γραμματική καί Μαθήματα τῆς Λατινικῆς Γλώσσης διά τούς προετοιμάσους,Grammar and Lessons of the Latin Language for beginners,"8ον, σελίδες XV—393, δεδεμένη",3.20,,
1904,IMG_1405.jpeg,ΣΤ΄ ΛΑΤΙΝΙΚΗ,VI. Latin,,ΜΟΥΣΤΑΚΑ Ε.,MOUSTAKA E.,Ἀναγνωσματάριον Λατινικόν,Latin Reader,"8ον, σελίδες 78+",4.20,,
1904,IMG_1405.jpeg,ΣΤ΄ ΛΑΤΙΝΙΚΗ,VI. Latin,,ΟΙΚΟΝΟΜΙΔΟΥ Δ.,OIKONOMIDOU D.,Μέθοδος Λατινική,Latin Method,"8ον, σελίδες 224+",12.20,,
1904,IMG_1405.jpeg,ΣΤ΄ ΛΑΤΙΝΙΚΗ,VI. Latin,,ΟΥΛΕΡΙΧΟΥ Ε. Ν.,OULERICHOU E. N.,Γραμματική Λατινική. Μέρος Α΄: Τεχνολογικόν,Latin Grammar. Part I: Accidence,"8ον, σελίδες 68",2.—,,
1904,IMG_1405.jpeg,ΣΤ΄ ΛΑΤΙΝΙΚΗ,VI. Latin,,ΟΥΛΕΡΙΧΟΥ Ε. Ν.,OULERICHOU E. N.,Γραμματική Λατινική. Μέρος Β΄: Συντακτικόν,Latin Grammar. Part II: Syntax,"8ον, σελίδες 79",2.20,,
1904,IMG_1405.jpeg,ΣΤ΄ ΛΑΤΙΝΙΚΗ,VI. Latin,,ΟΥΛΕΡΙΧΟΥ Ε. Ν.,OULERICHOU E. N.,Μαθήματα Στοιχειώδη,Elementary Lessons,"8ον, σελίδες 156+",5.—,,
1904,IMG_1405.jpeg,ΣΤ΄ ΛΑΤΙΝΙΚΗ,VI. Latin,,ROLLIN,ROLLIN,"Maximes Tirées de l'Écriture Sainte, texte Latin","Maxims Drawn from Holy Scripture, Latin text",,5.—,,
1904,IMG_1405.jpeg,ΣΤ΄ ΛΑΤΙΝΙΚΗ,VI. Latin,,ΣΑΚΕΛΛΑΡΟΠΟΥΛΟΥ Σ. Κ.,SAKELLAROPOULOU S. K.,Συντακτικόν,Syntax,"8ον, σελίδες 88+",7.—,,
1904,IMG_1405.jpeg,ΣΤ΄ ΛΑΤΙΝΙΚΗ,VI. Latin,,ΣΕΜΙΤΕΛΟΥ Δ. Χ.,SEMITELOU D. CH.,Γραμματική (μικρά),Grammar (small),"8ον, σελίδες 64+",3.—,,
1904,IMG_1405.jpeg,ΣΤ΄ ΛΑΤΙΝΙΚΗ,VI. Latin,,ΣΕΜΙΤΕΛΟΥ Δ. Χ.,SEMITELOU D. CH.,Γραμματική (μεγάλη),Grammar (large),"8ον, σελίδες 186+",7.—,,
1904,IMG_1405.jpeg,ΣΤ΄ ΛΑΤΙΝΙΚΗ,VI. Latin,,SENGLER,SENGLER,Grammaire latine,Latin Grammar,,7.—,,
1904,IMG_1405.jpeg,ΣΤ΄ ΛΑΤΙΝΙΚΗ,VI. Latin,,SIRET C. & MOTTI A.,SIRET C. & MOTTI A.,Épitome Historiæ Græcæ,Epitome of Greek History,"32ον, cart., 320v",5.—,,
1904,IMG_1405.jpeg,ΣΤ΄ ΛΑΤΙΝΙΚΗ,VI. Latin,,ΖΑΓΓΟΓΙΑΝΝΗ Δ. Κ.,ZANGOGIANNI D. K.,Ἀναγνωσματάριον,Reader,"8ον, σελίδες 110",3.20,,
1904,IMG_1405.jpeg,ΣΤ΄ ΛΑΤΙΝΙΚΗ,VI. Latin,,LECLAIR L.,LECLAIR L.,"Grammaire Élémentaire de la Langue Latine, ramenée aux principes les plus simples","Elementary Grammar of the Latin Language, reduced to the simplest principles",,20.—,,
1904,IMG_1405.jpeg,ΣΤ΄ ΛΑΤΙΝΙΚΗ,VI. Latin,,DÜBNER F.,DÜBNER F.,"Selecta nova ex patribus Latinis, Tome VI, à l'usage de la Rhétorique","New selections from Latin fathers, Volume VI, for Rhetoric class",cartonné,6.20,,
1904,IMG_1405.jpeg,ΣΤ΄ ΛΑΤΙΝΙΚΗ,VI. Latin,,,,Συντακτικόν Λατινικόν,Latin Syntax,"8ον, σελίδες 122+",7.—,,
1904,IMG_1405.jpeg,ΣΤ΄ ΛΑΤΙΝΙΚΗ,VI. Latin,,ΔΕΦΝΕΡ Μ.,DEFNER M.,Μέθοδος λατινική. Μέρος Γ΄,Latin Method. Part III,σελίδες 192,8.—,,
1904,IMG_1405.jpeg,ΣΤ΄ ΛΑΤΙΝΙΚΗ,VI. Latin,,DÜBNER F.,DÜBNER F.,"Selecta nova ex patribus Latinis avec Sommaires et Notes en français, Tome I, à l'usage de la Seconde Poésies","New selections from Latin fathers with French summaries and notes, Volume I, for Second Poésies class","32ον, cart.",5.—,,
1904,IMG_1405.jpeg,Ε΄ ΙΤΑΛΙΚΗ,V. Italian,,BOUGE X. DE καὶ ΑΛΕΞΑΝΔΡΟΥ Γ.,BOUGE X. DE kai ALEXANDROU G.,"Ἡ Ἰταλική ἄνευ διδασκάλου εἰς 50 μαθήματα, ἐκμάθησις πρακτική ἐντός 4 μηνῶν","Italian without a teacher in 50 lessons, practical learning within 4 months","8ον, σελίδες 592+",25.—,,
1904,IMG_1405.jpeg,Ε΄ ΙΤΑΛΙΚΗ,V. Italian,,BOUGE X. DE καὶ ΓΕΩΡΓΙΑΔΟΥ Α.,BOUGE X. DE kai GEORGIADOU A.,"Ἡ Ἰταλική ἄνευ διδασκάλου εἰς 50 μαθήματα, ἐκμάθησις πρακτική ἐντός 4 μηνῶν","Italian without a teacher in 50 lessons, practical learning within 4 months","8ον, σελίδες 603+",35.—,,
1904,IMG_1405.jpeg,Ε΄ ΙΤΑΛΙΚΗ,V. Italian,,ΒΙΑΓΚΙΝΗ Μ.,VIAGKINI M.,"Ἡ Ἠχώ τῆς Ἰταλίας, ἤτοι πρακτική ἄσκησις εἰς συνδιαλέξεις, μετά τῆς ἑλληνικῆς ἑρμηνείας τῶν ἐν τῷ κειμένῳ λέξεων καί φράσεων","The Echo of Italy, or practical exercise in dialogues, with Greek interpretation of words and phrases in the text",σελ. 246+ 12,4.—,,
1904,IMG_1405.jpeg,Ε΄ ΙΤΑΛΙΚΗ,V. Italian,,ΒΛΑΝΤΗ Σ.,VLANTHI S.,Γραμματική τῆς Ἰταλικῆς Γλώσσης,Grammar of the Italian Language,"32ον, σελ. 232+ 10",2.20,,
1904,IMG_1405.jpeg,Ε΄ ΙΤΑΛΙΚΗ,V. Italian,,ΓΕΩΡΓΙΑΔΟΥ Χ.,GEORGIADOU CH.,Ἰταλικόν Ἀλφαβητάριον ἤ Ὁδηγός τῆς Ἰταλικῆς Γλώσσης,Italian Primer or Guide to the Italian Language,"8ον, σελίδες 46+",4.—,,
1904,IMG_1405.jpeg,Ε΄ ΙΤΑΛΙΚΗ,V. Italian,,,,"Διάλογοι Ἑλληνο-ἰταλικοί, γεγραμμένοι δι' ἑλληνικῶν χαρακτήρων",Greek-Italian Dialogues written in Greek characters,"32ον, σελίδες 127+",4.—,,
1904,IMG_1405.jpeg,Ε΄ ΙΤΑΛΙΚΗ,V. Italian,,ΚΑΝΤΑΚΟΥΖΗ ΑΝΤ. A.,KANTAKOUZI ANT. A.,"Νέα Πρακτική Μέθοδος, πρός ταχεῖαν καί ἀκριβῆ ἐκμάθησιν τῆς ἰταλικῆς γλώσσης κατά τό σύστημα Gaspey-Otto-Sauer καί ἐπί τῇ βάσει τῆς Μεθόδου Ch. M. Sauer",New Practical Method for quick and accurate learning of the Italian language according to the Gaspey-Otto-Sauer system and based on the Method of Ch. M. Sauer,"8ον, σελίδες 394+",6.—,,
1904,IMG_1405.jpeg,Ε΄ ΙΤΑΛΙΚΗ,V. Italian,,ΜΑΡΤΙΝΟΥ Μ.,MARTINOU M.,"Ἐπίτομος Γραμματική τῆς Ἰταλικῆς Γλώσσης, περιέχουσα ἐν τέλει ὡς ἀναγνώσματα Στοιχεῖα Τραυματολογίας","Abridged Grammar of the Italian Language, containing Traumatology Elements as reading material at the end","8ον, σελίδες 100+",7.—,,
1904,IMG_1405.jpeg,Ε΄ ΙΤΑΛΙΚΗ,V. Italian,,MARTINI M.,MARTINI M.,Di Piccola Grammatica della Lingua Greca Moderna ad uso degli Italiani,Small Grammar of the Modern Greek Language for the use of Italians,"8ον, σελίδες 50+",6.—,,
1904,IMG_1405.jpeg,Ε΄ ΙΤΑΛΙΚΗ,V. Italian,,MARTINI M.,MARTINI M.,"Grammatica del Greco Moderno, ad uso degli Italiani",Grammar of Modern Greek for the use of Italians,"8ον, σ. 328 + 22",6.—,,
1904,IMG_1405.jpeg,Ε΄ ΙΤΑΛΙΚΗ,V. Italian,,MOTTI P.,MOTTI P.,Petite Grammaire Italienne,Short Italian Grammar,"8ον, σελίδες VI-161, cart.",12.20,,
1904,IMG_1405.jpeg,Ε΄ ΙΤΑΛΙΚΗ,V. Italian,,,,"Νέος Ἐπιθεωρητής Ἰταλίας, ἤτοι Πρακτικοί Μέθοδος","New Inspector of Italy, or Practical Method",σελίδες 160+,5.—,,
1904,IMG_1405.jpeg,Ε΄ ΙΤΑΛΙΚΗ,V. Italian,,ΠΕΡΙΑΔΟΥ Μ. Π.,PERIADOU M. P.,Ἀλφαβητάριον καί Ἀναγνωσματάριον M. Βιαγκίνη,Primer and Reader of M. Viagkini,σελίδες 80+,3.—,,
1904,IMG_1405.jpeg,Ε΄ ΙΤΑΛΙΚΗ,V. Italian,,,,Κλεῖς ἐφαρμοσμένη εἰς τήν προηγουμένην Μέθοδον,Key applied to the preceding Method,"8ον, σελ. 62+",20.—,,
1904,IMG_1405.jpeg,Ε΄ ΙΤΑΛΙΚΗ,V. Italian,,,,Διάλογοι Ἰταλοελληνικοί,Italian-Greek Dialogues,"8ον, σελίδες 216+",5.—,,
1904,IMG_1405.jpeg,Ε΄ ΙΤΑΛΙΚΗ,V. Italian,,,,"Γραμματική, μετ' Ἐτυμολογικοῦ πρός τό τῆς ἑλληνικῆς παραδεδεγμένον","Grammar, with Etymology according to the accepted Greek system","8ον, σελίδες 346+",6.—,,
1904,IMG_1405.jpeg,ΣΤ΄ ΛΑΤΙΝΙΚΗ,VI. Latin,,ΔΕΦΝΕΡ Μ.,DEFNER M.,Μέθοδος λατινική. Μέρος Α΄,Latin Method. Part I,σελίδες 280,8.—,,
1904,IMG_1405.jpeg,ΣΤ΄ ΛΑΤΙΝΙΚΗ,VI. Latin,,ΓΑΛΑΝΗ ΕΜΜ.,GALANI EMM.,Ἀναγνωσματάριον,Reader,σελίδες 96+,3.—,,
1904,IMG_1405.jpeg,Ε΄ ΙΤΑΛΙΚΗ,V. Italian,,ΧΟΙΔΑ Γ. Σ.,CHOIDA G. S.,"Διάλογοι Ἰταλοελληνικοί, μετά ἰδιωματικῶν παροιμιῶν, ῥιῶν, λεξιλογίου, ἐπιστολογραφίας, ἐμπορικῆς καί ἰδιωτικῆς, ἐπιγραμμάτων κτλ., ἐπί τῇ βάσει τῶν διαλόγων Sauer et Motti","Italian-Greek Dialogues, with idiomatic proverbs, roots, vocabulary, commercial and private correspondence, epigrams etc., based on the dialogues of Sauer et Motti",σελίδες 120+,9.—,,
1904,IMG_1405.jpeg,Ε΄ ΙΤΑΛΙΚΗ,V. Italian,,ΦΡΑΒΑΣΙΛΗ ΑΝΤΩΝΙΟΥ,FRAVASILI ANTONIOU,Μέθοδος,Method,σελίδες 160+,4.—,,
1904,IMG_1405.jpeg,Ε΄ ΙΤΑΛΙΚΗ,V. Italian,,ΣΟΑΒΙΟΥ ΚΛ.,SOAVIOU KL.,Γραμματική,Grammar,"8ον, σελίδες 112+",7.—,,
1904,IMG_1405.jpeg,Ε΄ ΙΤΑΛΙΚΗ,V. Italian,,SAUER G.,SAUER G.,Clef de la Méthode Ollendorff ou Corrigé des Thèmes de la Italienne à l'usage des Français,Key to the Ollendorff Method or Correction of Italian Themes for French speakers,toil.+,9.—,,
1904,IMG_1405.jpeg,Ε΄ ΙΤΑΛΙΚΗ,V. Italian,,PERINI FR.,PERINI FR.,Pratica e Teorica della Lingua Italiana,Practice and Theory of the Italian Language,σελίδες 171+,6.—,,
1904,IMG_1405.jpeg,Ε΄ ΙΤΑΛΙΚΗ,V. Italian,,,,Μέθοδος Ὀλλενδόρφου,Ollendorff's Method,"8ον, σελίδες 348+",12.—,,
1904,IMG_1405.jpeg,Ε΄ ΙΤΑΛΙΚΗ,V. Italian,,,,Κλεῖς τῆς Μεθόδου Ὀλλενδόρφου,Key to Ollendorff's Method,"30ν, σελίδες 116+",6.—,,
1904,IMG_1405.jpeg,Ε΄ ΙΤΑΛΙΚΗ,V. Italian,,,,Ἐγκυκλοπαιδεία Ἰταλική,Italian Encyclopedia,"8ον, σελίδες 187+",15.—,,
1904,IMG_1405.jpeg,ΣΤ΄ ΛΑΤΙΝΙΚΗ,VI. Latin,,ΔΕΦΝΕΡ Μ.,DEFNER M.,Μέθοδος λατινική. Μέρος Β΄,Latin Method. Part II,σελίδες 207,8.—,,
1904,IMG_1405.jpeg,Ε΄ ΙΤΑΛΙΚΗ,V. Italian,,RODINO L.,RODINO L.,Grammatica Novissima della Lingua Italiana,Newest Grammar of the Italian Language,"σελ. 296, ded. X",10.—,,
1904,IMG_1406.jpeg,Η' ΤΟΥΡΚΙΚΗ,8. Turkish,Καβάδι-Σελαμέ,ΚΑΜΠΕΡ,Kamper,"Καβάδι-Σελαμέ, μέθοδος τουρκική. Τεῦχος Δ'","Kavadi-Selame, Turkish method. Issue D",,5.—,,
1904,IMG_1406.jpeg,Η' ΤΟΥΡΚΙΚΗ,8. Turkish,,ΜΑΛΙΑΚΑ ΑΒΡ.,Maliakas Avr.,Ἐλφ μπάϊ 'Ρουμί,Elf mpai Roumi,σελίδες 120,12.—,,
1904,IMG_1406.jpeg,Η' ΤΟΥΡΚΙΚΗ,8. Turkish,,ΚΩΝΣΤΑΝΤΙΝΙΔΟΥ ΠΑΣΕΑ Α.,Konstantinidis Pasa A.,Ἀλφαβητάριον,Alphabet book,σελίδες 81,12.—,,
1904,IMG_1406.jpeg,Η' ΤΟΥΡΚΙΚΗ,8. Turkish,,ΜΕΛΙΤΟΠΟΥΛΟΥ Π. Β.,Melitopoulos P. V.,Τουρκικὴ Γραμματική,Turkish Grammar,σελίδες 118,10.—,,
1904,IMG_1406.jpeg,Η' ΤΟΥΡΚΙΚΗ,8. Turkish,,ΜΑΛΙΑΚΑ ΑΒΡ.,Maliakas Avr.,"Ὀθωμανικὸν Ἀλφαβητάριον, κατὰ νέαν ὅλως μέθοδον μετ' ἐξηγήσεων καὶ ὡραίων ἑλληνικῶν διευκολυνουσῶν οὐσιωδῶς τὴν ἀνάγνωσιν τῆς ὀθωμανικῆς γλώσσης","Ottoman Alphabet book, according to an entirely new method with explanations and Greek helps significantly facilitating reading of the Ottoman language",σελίδες 64,2.—,,
1904,IMG_1406.jpeg,Η' ΤΟΥΡΚΙΚΗ,8. Turkish,,ΜΑΛΙΑΚΑ ΑΒΡ.,Maliakas Avr.,Δινὰν 'Ρουμὶ Σέφρι,Dinan Roumi Sefri,"8ον, σελίδες 160",10.—,,
1904,IMG_1406.jpeg,Η' ΤΟΥΡΚΙΚΗ,8. Turkish,,ΜΑΛΙΑΚΑ ΑΒΡ.,Maliakas Avr.,"Βιβλίον ΣΤ' : Ἀναγνωστικόν, τύποι αἰτήσεων, πανηγυρικοὶ λόγοι, διηγήματα εἰς γραφὴν διβὰν καὶ διηγήματα εἰς γραφὴν τεαλήκ","Book F: Reader, petition forms, ceremonial speeches, stories in divan and talik script",σελ. 80,4.—,,
1904,IMG_1406.jpeg,Η' ΤΟΥΡΚΙΚΗ,8. Turkish,,ΜΑΛΙΑΚΑ ΑΒΡ.,Maliakas Avr.,Βιβλίον Α' : Ἀλφαβητάριον καὶ προκαταρκτικαὶ ὀθωμανικαὶ γράμματος,Book A: Alphabet book and introductory Ottoman letters,σελίδες 124,2.—,,
1904,IMG_1406.jpeg,Η' ΤΟΥΡΚΙΚΗ,8. Turkish,,ΜΑΛΙΑΚΑ ΑΒΡ.,Maliakas Avr.,"Βιβλίον Β' : Ἀναγνωστικόν, περιέχον ὑποδείγματα καὶ ἄπαισα ἢ Τουρκικὰ γραμματικά","Book B: Reader, containing examples and all Turkish grammar",σελ. 96,3.—,,
1904,IMG_1406.jpeg,Η' ΤΟΥΡΚΙΚΗ,8. Turkish,,ΜΑΛΙΑΚΑ ΑΒΡ.,Maliakas Avr.,"Βιβλίον Γ' : Ἀναγνωστικόν, τίτοι ὁμόλογοι ἅπασα ἡ Τουρκική, ὧν ὀλίγας ἡ Περσικὴ καὶ μέχρι τῶν τίτων ἢ Ἀραβική",Book C: Reader...,σελίδες 116,4.—,,
1904,IMG_1406.jpeg,Η' ΤΟΥΡΚΙΚΗ,8. Turkish,,ΜΑΛΙΑΚΑ ΑΒΡ.,Maliakas Avr.,"Βιβλίον Δ' : Ἀναγνωστικόν, Ἀνάγνωσις-σύνθεσις· πάντες οἱ χαρακτήρες μετὰ σχετικῶν διηγημάτων, τίτοι συναλλαγμάτων, ὑποδείγματα συνθέσεων, ὧν ὀλίγοις ἡ Περσική, ἅπασα ἡ Τουρκικὴ καὶ Ἀραβικὴ γραμματική","Book D: Reader, Reading-composition; all characters with relevant stories, bill of exchange models, composition examples...",σελίδες 128,4.—,,
1904,IMG_1406.jpeg,Η' ΤΟΥΡΚΙΚΗ,8. Turkish,,ΜΑΛΙΑΚΑ ΑΒΡ.,Maliakas Avr.,"Βιβλίον Ε' : Ἀναγνωστικὸν ὑποδειγμάτια συνθέσεων, ὑποδείγματα ἐπιστολῶν, ἅπασα ἡ Τουρκικὴ Περσικὴ καὶ Ἀραβικὴ γραμματική, βιογραφίαι","Book E: Reader, composition examples, letter templates, full Turkish, Persian and Arabic grammar, biographies",σελίδες 128,4.—,,
1904,IMG_1406.jpeg,Η' ΤΟΥΡΚΙΚΗ,8. Turkish,Καβάδι-Σελαμέ,ΚΑΜΠΕΡ,Kamper,"Καβάδι-Σελαμέ, μέθοδος τουρκική. Τεῦχος Γ'","Kavadi-Selame, Turkish method. Issue C",,5.—,,
1904,IMG_1406.jpeg,Η' ΤΟΥΡΚΙΚΗ,8. Turkish,,,,"Ὀθωμανικὴ Χρηστομάθεια, συνταχθεῖσα κατὰ νέαν ὅλως μέθοδον, μεθ' ἑρμηνείας τοῦ τουρκικοῦ κειμένου καὶ μεταγραφῆς αὐτοῦ δι' ἑλληνικῶν χαρακτήρων, πρὸς χρῆσιν τῶν Ἑλληνικῶν Σχολείων. Ἔτος Α'","Ottoman Chrestomathy, composed according to an entirely new method, with translation of the Turkish text and transcription into Greek characters, for use in Greek Schools. Year 1",σελίδες 192,5.—,,
1904,IMG_1406.jpeg,Η' ΤΟΥΡΚΙΚΗ,8. Turkish,,ΜΑΛΙΑΚΑ ΑΒΡ.,Maliakas Avr.,"Τουρκικὴ Γλῶσσα, γραφὴ ῥιζικὴ καὶ νεοχῆ. Γραμματικὴ ἑλληνιστὶ τε καὶ γαταλονιστί","Turkish Language, radical and modern script. Grammar in Greek and Catalan",8ον,5.—,,
1904,IMG_1406.jpeg,Η' ΤΟΥΡΚΙΚΗ,8. Turkish,Καβάδι-Σελαμέ,ΚΑΜΠΕΡ,Kamper,"Καβάδι-Σελαμέ, μέθοδος τουρκική. Τεῦχος Β'","Kavadi-Selame, Turkish method. Issue B",,5.—,,
1904,IMG_1406.jpeg,Η' ΤΟΥΡΚΙΚΗ,8. Turkish,,ΙΩΑΝΝΙΔΟΥ Ι.,Ioannidis I.,"Ἀλφαβητάριον μαθητικὸν πλῆρες, κατὰ νέαν καὶ ἁπλουστάτην μέθοδον","Complete student alphabet book, according to a new and simple method",σελίδες 46,6.—,,
1904,IMG_1406.jpeg,Η' ΤΟΥΡΚΙΚΗ,8. Turkish,,,,"Γραμματικὴ τῆς τουρκικῆς γλώσσης Στοιχειώδης, πρὸς χρῆσιν τῶν Ἑλληνικῶν καὶ Ἀστικῶν Σχολείων","Elementary Grammar of the Turkish language, for use in Greek and Civic Schools","8ον, σελίδες 100",5.—,,
1904,IMG_1406.jpeg,Η' ΤΟΥΡΚΙΚΗ,8. Turkish,Καβάδι-Σελαμέ,ΚΑΜΠΕΡ,Kamper,"Καβάδι-Σελαμέ, μέθοδος τουρκική. Τεῦχος Α'","Kavadi-Selame, Turkish method. Issue A",,2.20,,
1904,IMG_1406.jpeg,,,,ΤΡΑΛΑΝΤΩΝΗ Α. Κ.,Tralantonis A. K.,Ἀναγνωσματάριον,Reader,"8ον, σελίδες 79",6.—,,
1904,IMG_1406.jpeg,,,,ΦΑΒΡΙΚΙΟΥ ΚΑΡ.,Fabrikios Kar.,Συλλογὴ λατινικῶν θεμάτων πρὸς γύμνασιν εἰς τὸ γράφειν λατινιστί,Collection of Latin themes for practice in writing Latin,"1841, 8ον, σ. β΄-187 + 15",3.20,,
1904,IMG_1406.jpeg,Ζ' ΡΩΣΣΙΚΗ,7. Russian,,ΑΔΑΜΙΔΟΥ Α. Ι.,Adamidis A. I.,Ἀλληλογραφία Ἑλληνορωσσική,Greek-Russian Correspondence,"8ον, σελίδες 152 + IX",18.—,,
1904,IMG_1406.jpeg,Ζ' ΡΩΣΣΙΚΗ,7. Russian,,,,"Νεωτάτη Μέθοδος Ὀλλενδόρφου, ἑρμηνευομένη εἰς τὴν ρωσσικὴν γλῶσσαν καὶ διδάσκουσα τὸ ἀναγινώσκειν, ὁμιλεῖν καὶ γράφειν αὐτὴν ἐν διαστήματι 6 μηνῶν","Newest Ollendorff Method, translated into Russian teaching reading, speaking, and writing within 6 months","8ον, σελίδες 100",1.20,,
1904,IMG_1406.jpeg,Ζ' ΡΩΣΣΙΚΗ,7. Russian,,FUCHS P.,Fuchs P.,"Nouvelle Grammaire Russe, contenant outre les principales règles de la langue russe des thèmes, des lectures et de conversations, revue par Al. Tsyffer","New Russian Grammar, containing besides the main rules of the Russian language themes, readings and conversations, revised by Al. Tsyffer","8ον, σ. VIII-395, toile + 32",6.—,,
1904,IMG_1406.jpeg,Ζ' ΡΩΣΣΙΚΗ,7. Russian,,ΖΕΡΒΟΥ-ΕΜΠΕΙΡΙΚΟΥ ΑΛ.,Zervos-Empeirikos Al.,Ἑλληνορωσσαγγλικοὶ διάλογοι,Greek-Russian-English dialogues,σελίδες 103,1.20,,
1904,IMG_1406.jpeg,,,,ΤΣΑΚΑΛΩΤΟΥ Ε. Δ.,Tsakalotos E. D.,Χρηστομάθεια Λατινική,Latin Chrestomathy,"8ον, σελίδες 39 – 33",5.—,,
1904,IMG_1406.jpeg,Η' ΤΟΥΡΚΙΚΗ,8. Turkish,,ΑΝΑΣΤΑΣΙΑΔΟΥ ΠΡ.,Anastasiadis Pr.,"Ὀθωμανικὴ Καλλιγραφία, κατὰ νέαν μέθοδον μετ' ἐφαρμοσμένων κανόνων","Ottoman Calligraphy, according to a new method with applied rules","18ον, σ. 39",2.20,,
1904,IMG_1406.jpeg,Η' ΤΟΥΡΚΙΚΗ,8. Turkish,,ΒΙΤΑΛΗ Α. Ι.,Vitalis A. I.,"Νέα Μέθοδος, πρὸς ταχεῖαν καὶ εὔκολον ἐκμάθησιν τῶν λεκτικῶν τύπων καὶ τῆς πλοκῆς τοῦ τουρκικοῦ λόγου μετ' ἀσκήσεων ἀναγνώσεως καὶ γυμνασμάτων. Πρῶτον Ἔτος","New Method, for fast and easy learning of verbal forms and Turkish sentence structure with reading exercises and drills. First Year","8ον, σελ. 207",7.20,,
1904,IMG_1406.jpeg,Η' ΤΟΥΡΚΙΚΗ,8. Turkish,,ΒΙΤΑΛΗ Α. Ι.,Vitalis A. I.,Νέα Μέθοδος. Δεύτερον Ἔτος,New Method. Second Year,"8ον, σελ. 167",1.20,,
1904,IMG_1406.jpeg,Η' ΤΟΥΡΚΙΚΗ,8. Turkish,,ΓΑΣΠΑΡ,Gaspar,Καλλιγραφία,Calligraphy,σελίδες 32,1.—,,
1904,IMG_1406.jpeg,Η' ΤΟΥΡΚΙΚΗ,8. Turkish,,ΓΡΗΓΟΡΙΑΔΟΥ Μ.,Grigoriadis M.,Συνδιαλέξεις ἑλληνιστὶ καὶ τουρκιστί,Conversations in Greek and Turkish,"8ον, σελίδες 74",3.—,,
1904,IMG_1406.jpeg,Ζ' ΡΩΣΣΙΚΗ,7. Russian,,ΚΕΣΙΣΟΓΛΟΥ ΑΛ.,Kesisoglou Al.,Αὐτοδιδασκαλία τῆς 'Ρωσσικῆς καὶ Νεοελληνικῆς Γλώσσης,Self-instruction of Russian and Modern Greek Language,"4ον, σελίδες 258",20.—,,
1904,IMG_1406.jpeg,Η' ΤΟΥΡΚΙΚΗ,8. Turkish,,ΚΑΚΚΑΒΑ ΓΡ.,Kakkavas Gr.,"Ἀλφαβητάριον Τουρκικόν μέγα, καθ' ὅλως νέαν μέθοδον συντεταγμένον, πρὸς ταχεῖαν ἐκμάθησιν τῆς τουρκικῆς ἀναγνώσεως","Great Turkish Alphabet book, composed according to an entirely new method, for fast learning of Turkish reading",σ. 36,3.—,,
1904,IMG_1407.jpeg,Τουρκική,Turkish,,,,Μερτέπι 'Ρεχμπερί τερτζεμέ,Mekteb-i Rehber-i Tercüme,,2.20,,
1904,IMG_1407.jpeg,Τουρκική,Turkish,,,,Ρεχμπερί Τερτζεμέ ές Φρανσεβή βέ Τουρκί,Rehber-i Tercüme es-Fransevi ve Turki,,2.—,,
1904,IMG_1407.jpeg,Τουρκική,Turkish,,,,Τικτό,Tikto,,2.20,,
1904,IMG_1407.jpeg,Τουρκική,Turkish,,,,Alphabet Ottoman,Ottoman Alphabet,,1.20,,
1904,IMG_1407.jpeg,Τουρκική,Turkish,Μέθοδος πρός έκμάθησιν τής όθωμανικής γλώσσης,ΧΛΟΙΤΖ ΡΕΦΙ,Chloitz Refi,Μέθοδος πρός έκμάθησιν τής όθωμανικής γλώσσης. Βιβλίον Β',Method for learning the Ottoman language. Book B,σελ. 309,10.—,,
1904,IMG_1407.jpeg,Τουρκική,Turkish,,ΜΙΧΡΗ,Mihri,Χουλωσέϊ Καβανίν 'Οσμανιέ,Hulase-i Kavanin-i Osmaniye,,3.—,,
1904,IMG_1407.jpeg,Τουρκική,Turkish,,ΜΙΧΡΗ,Mihri,Τουδζάρ Μουνσαάτι,Tucsar Munsaati,,3.—,,
1904,IMG_1407.jpeg,Τουρκική,Turkish,,ΜΙΧΡΗ,Mihri,Ρεκά Τιχζατή Μεχλεπή Α'-Δ',Rika Tihzati Mehlepi A-D,,0.10,,Price per issue (έκαστον)
1904,IMG_1407.jpeg,Τουρκική,Turkish,,,,Μοναλίμ Τερτζεμέ ές Φρανσεβή βέ Τουρκί,Mualim Tercüme es-Fransevi ve Turki,,2.20,,
1904,IMG_1407.jpeg,Τουρκική,Turkish,,ΜΙΧΡΗ,Mihri,Έσκλεί Σεκίνε,Esklei Sekine,,2.—,,
1904,IMG_1407.jpeg,Τουρκική,Turkish,,M. N.,M. N.,Méthode (en caractères turcs et en caractères latins) pour apprendre la langue turque,Method (in Turkish and Latin characters) to learn the Turkish language,selides 96,5.—,,
1904,IMG_1407.jpeg,Τουρκική,Turkish,,ΧΑΡΑΛΑΜΠΙΔΟΥ Κλ.,Charalampidou Kl.,"Επιστολάριον 'Οθωμανικόν, περιέχον τύπους παντοείδων συναλλακτικών έγγράφων κλπ., άναφορών καί έπιστολών μετ' ίδιαιτέρων λεξιλογίων, πρός χρήσιν τών όμογενών","Ottoman Letter-writer, containing templates for all kinds of transaction documents, reports, and letters with special vocabularies, for use by compatriots",σελίδες AV καί 55,5.—,,
1904,IMG_1407.jpeg,Τουρκική,Turkish,Σειρά Τουρκικών Aναγνωσμάτων,ΜΟΥΤΕΒΕΛΗ ΕΜΜ.,Mouteveli Emm.,"Σειρά Τουρκικών Aναγνωσμάτων, κατά νέαν όλως μέθοδον. Τεύχος Α': 'Αλφαβητάριον",Series of Turkish Readers according to a new method. Issue A: Alphabet book,σελίδες 84,2.20,,
1904,IMG_1407.jpeg,Τουρκική,Turkish,Σειρά Τουρκικών Aναγνωσμάτων,ΜΟΥΤΕΒΕΛΗ ΕΜΜ.,Mouteveli Emm.,Τεύχος Β': 'Αναγνωσματάριον,Issue B: Reader,σελίδες 84,3.—,,
1904,IMG_1407.jpeg,Τουρκική,Turkish,,ΝΑΗΜ ΒΕΗ M.,Naim Bey M.,Γραμματική τής 'Οθωμανικής γλώσσης,Grammar of the Ottoman language,"8ον, σ. 159",8.—,,
1904,IMG_1407.jpeg,Τουρκική,Turkish,,VOLNEY C.-F.,Volney C.-F.,"Simplification des Langues Orientales ou Méthode nouvelle et facile d'apprendre les langues Arabe, Persane et Turque avec des caractères Européens","Simplification of Oriental Languages or a new and easy method to learn the Arabic, Persian and Turkish languages with European characters","8ov, selides 135",15.—,,
1904,IMG_1407.jpeg,Τουρκική,Turkish,,ΧΑΡΑΛΙΤΖΟΥ Α. Α.,Charalitzou A. A.,"Οθωμανική Χρηστομάθεια, ήτοι Συλλογή τών έκλεκτοτέρων τεμαχίων τών άρίστων 'οθωμανών πεζογράφων καί ποιητών μετά πολλών σημειώσεων έρμηνευτικών καί γραμματικών","Ottoman Chrestomathy, or collection of selected pieces of the best Ottoman prose writers and poets with many explanatory and grammatical notes","8ον, σελίδες 340 + ...",10.—,,
1904,IMG_1407.jpeg,Τουρκική,Turkish,,ΧΑΡΑΛΑΜΠΙΔΟΥ Κλ.,Charalampidou Kl.,"'Ανθολογία 'Οθωμανική, περιέχουσα 'Aλφαβητάριον, 'εκλεκτά τεμάχια 'οθωμανών συγγραφέων, Λεξιλόγιον καί Γραμματικήν. Τεύχος Α', έκδ. γ'","Ottoman Anthology, containing Alphabet, selected pieces of Ottoman writers, Vocabulary and Grammar. Issue A, 3rd edition",σ. 22 καί 105,8.—,,
1904,IMG_1407.jpeg,Τουρκική,Turkish,,ΧΑΡΑΛΑΜΠΙΔΟΥ Κλ.,Charalampidou Kl.,Kαλλιγραφία 'Οθωμανική,Ottoman Calligraphy,φύλλα 24,2.—,,
1904,IMG_1407.jpeg,Τουρκική,Turkish,,ΧΛΟΙΤΖ ΡΕΦΙ,Chloitz Refi,Γραμματική 'Οθωμανική,Ottoman Grammar,"8ον, σελ. 199 + ΙΤ",10.—,,
1904,IMG_1407.jpeg,Τουρκική,Turkish,,ΧΛΟΙΤΖ ΡΕΦΙ,Chloitz Refi,Γραμματική τής 'Οθωμανικής Γλώσσης,Grammar of the Ottoman Language,σ. 276,10.—,,
1904,IMG_1407.jpeg,Τουρκική,Turkish,Μέθοδος πρός έκμάθησιν τής όθωμανικής γλώσσης,ΧΛΟΙΤΖ ΡΕΦΙ,Chloitz Refi,Μέθοδος πρός έκμάθησιν τής όθωμανικής γλώσσης. Βιβλίον Α',Method for learning the Ottoman language. Book A,σελ. 352,10.—,,
1904,IMG_1407.jpeg,Τουρκική,Turkish,,ΜΙΧΡΗ,Mihri,Νουκτιλέ Μεδζμουασί,Nuktile Mecmuası,,0.10,,
1904,IMG_1407.jpeg,Τουρκική,Turkish,,M. N.,M. N.,Méthode (en caractères latins) pour apprendre facilement et rapidement la langue turque,Method (in Latin characters) to easily and quickly learn the Turkish language,"8ov, σ. 134",7.—,,
1904,IMG_1407.jpeg,Τουρκική,Turkish,,ΜΙΧΡΗ,Mihri,Aζεριδέϊ Μεκτεπί,Azeridey Mektebi,,4.—,,
1904,IMG_1407.jpeg,Τουρκική,Turkish,,ΜΙΧΡΗ,Mihri,Φασισέ-ΐ,Fasise-i,,2.20,,Full author listed as ΜΙΧΡΗ Χεμναντεσί Μουντεχαμιέτι
1904,IMG_1407.jpeg,Τουρκική,Turkish,,ΜΙΧΡΗ,Mihri,Ναχβι 'Οσμανί,Nahvi Osmani,,2.—,,
1904,IMG_1407.jpeg,Τουρκική,Turkish,,ΜΕΛΙΤΟΠΟΥΛΟΥ Π. Β.,Melitopoulos P. V.,"Οδηγός Τουρκικής Γλώσσης. Τόμος Α': Θέματα Ελληνο-τουρκικά και Τουρκο-Ελληνικά γυμνάσματα, άπασα η Τουρκική γραμματική","Guide to the Turkish Language. Volume A: Greco-Turkish and Turco-Greek exercises, complete Turkish grammar","8ον, σελίδες 87",3.—,,
1904,IMG_1407.jpeg,Τουρκική,Turkish,,ΜΕΛΙΤΟΠΟΥΛΟΥ Π. Β.,Melitopoulos P. V.,Guide de la langue Turque,Guide to the Turkish language,σελ. 83,3.—,,
1904,IMG_1407.jpeg,Τουρκική,Turkish,,ΜΗΛΙΟΠΟΥΛΟΥ Ι. Π.,Miliopoulos I. P.,Aναγνωσματάριον (Χαζινέϊ-Κιραάτι 'Οσμανί),Reader (Hazine-i Kıraat-ı Osmani),σελίδες 84,3.—,,
1904,IMG_1407.jpeg,Τουρκική,Turkish,,ΜΗΛΙΟΠΟΥΛΟΥ Ι. Π.,Miliopoulos I. P.,"Γηδάϊ 'Ρούχ (Πνευματική Τροφή), ήτοι Τουρκικόν Αναγνωσματάριον, πρός Χρήσιν τών σπουδαζόντων τήν τουρκικήν","Gıda-yı Ruh (Spiritual Food), Turkish Reader for students of Turkish",,,,Header entry for parts below
1904,IMG_1407.jpeg,Τουρκική,Turkish,Γηδάϊ 'Ρούχ,ΜΗΛΙΟΠΟΥΛΟΥ Ι. Π.,Miliopoulos I. P.,Τεύχος Β',Issue B,σ. 80,3.—,,
1904,IMG_1407.jpeg,Τουρκική,Turkish,Γηδάϊ 'Ρούχ,ΜΗΛΙΟΠΟΥΛΟΥ Ι. Π.,Miliopoulos I. P.,Τεύχος Γ',Issue C,σ. 80,3.—,,
1904,IMG_1407.jpeg,Τουρκική,Turkish,,,,Διάλογοι Τουρκο-Ελληνικοί και Έλληνο-τουρκικοί,Turco-Greek and Greco-Turkish Dialogues,σελ. 275 × 10,1.20,,
1904,IMG_1407.jpeg,Τουρκική,Turkish,,ΜΙΧΡΗ,Mihri,Έλιφμπά 'Οσμανί,Ottoman Alphabet,,0.30,,
1904,IMG_1407.jpeg,Τουρκική,Turkish,,ΜΙΧΡΗ,Mihri,Ικεσήι 'Έλιφμπά 'Οσμανί,Second Ottoman Alphabet,,1.—,,
1904,IMG_1407.jpeg,Τουρκική,Turkish,,ΜΙΧΡΗ,Mihri,Δεταΐφη 'Άσσάρ,Letaif-i Asar,,1.—,,
1904,IMG_1407.jpeg,Τουρκική,Turkish,,ΜΙΧΡΗ,Mihri,Τεύχος Α',Issue A,,1.20,,
1904,IMG_1407.jpeg,Τουρκική,Turkish,Γηδάϊ 'Ρούχ,ΜΗΛΙΟΠΟΥΛΟΥ Ι. Π.,Miliopoulos I. P.,"Τεύχος Α', έκδ. β'","Issue A, 2nd edition",σελ. 116,4.—,,
1904,IMG_1407.jpeg,Τουρκική,Turkish,,ΜΙΧΡΗ,Mihri,Τεύχος Β' (χειρόγρ.),Issue B (manuscript script),,2.—,,
1904,IMG_1407.jpeg,Τουρκική,Turkish,,ΜΙΧΡΗ,Mihri,Τεύχος Β',Issue B,,2.—,,
1904,IMG_1407.jpeg,Τουρκική,Turkish,,ΜΙΧΡΗ,Mihri,Μεζάφ Εδεμπιάτ 'Οσμανί Μιρτεχτή,Mezaf Edebiyat Osmani Mirtehti,,2.—,,
1904,IMG_1407.jpeg,Τουρκική,Turkish,,ΜΙΧΡΗ,Mihri,Μεζάφ Εδεμπιάτ 'Οσμανί,Mezaf Edebiyat Osmani,,2.—,,
1904,IMG_1407.jpeg,Τουρκική,Turkish,,ΜΙΧΡΗ,Mihri,Μοναλίμ Ινσά (Kλείς),Monalim Insa (Key),,5.—,,
1904,IMG_1407.jpeg,Τουρκική,Turkish,,ΜΙΧΡΗ,Mihri,Τατρικάτη Μουνσαάτ,Tatrikati Munsat,,3.—,,
1904,IMG_1407.jpeg,Τουρκική,Turkish,,ΜΙΧΡΗ,Mihri,Σάρφι Φαρσί,Sarf-i Farsi,,2.20,,
1904,IMG_1407.jpeg,Τουρκική,Turkish,,ΜΙΧΡΗ,Mihri,"Μουντασσάδ Γκιουλτεστέ, χ.","Muntassad Güldeste, paper",,2.20,,
1904,IMG_1407.jpeg,Τουρκική,Turkish,,ΜΙΧΡΗ,Mihri,Μουντασσάδ Γκιουλτεστέ,Muntassad Güldeste,,1.20,,
1904,IMG_1407.jpeg,Τουρκική,Turkish,,ΜΙΧΡΗ,Mihri,Μιφτάχι,Miftahi,,3.—,,
1904,IMG_1407.jpeg,Τουρκική,Turkish,,ΜΙΧΡΗ,Mihri,Μουνταβελή,Muntaveli,,6.—,,
1904,IMG_1407.jpeg,Τουρκική,Turkish,,ΜΙΧΡΗ,Mihri,Μουντασσάδ Φάρι 'Οσμανί,Muntassad Fari Osmani,,3.—,,
1904,IMG_1407.jpeg,Τουρκική,Turkish,,ΜΙΧΡΗ,Mihri,"Ισαβελή Γκιουλτεστέ, χαρτ.","Isaveli Güldeste, hardbound",,5.—,,
1904,IMG_1408.jpeg,Η΄ ΛΕΞΙΚΑ—DICTIONNAIRES,Dictionaries,Δεξικὰ Γαλλικά,GAZIER A.,Gazier A.,Dictionnaire Nouveau classique illustré,New Illustrated Classical Dictionary,σελ. 788,17.—,,toile
1904,IMG_1408.jpeg,Η΄ ΛΕΞΙΚΑ—DICTIONNAIRES,Dictionaries,Δεξικὰ Γαλλικά,E. A.,E. A.,Dictionnaire Français et Grec vulgaire,French and Vernacular Greek Dictionary,"8ον, σελ. 626",30.—,,
1904,IMG_1408.jpeg,Η΄ ΛΕΞΙΚΑ—DICTIONNAIRES,Dictionaries,Δεξικὰ Γαλλικά,ΔΑΣΚΑΛΑΚΗ ΜΙΧ.,Daskalaki Mich.,Λεξικὸν Γαλλo-ελληνικὸν ἐπίτομον πλήρες,Complete Concise French-Greek Dictionary,"8ον, σελίδες 974",30.—,,Τὸ αὐτὸ δεδεμένον
1904,IMG_1408.jpeg,Η΄ ΛΕΞΙΚΑ—DICTIONNAIRES,Dictionaries,Δεξικὰ Γαλλικά,ΔΑΣΚΑΛΑΚΗ ΜΙΧ.,Daskalaki Mich.,Λεξικὸν Γαλλo-ελληνικὸν ἐπίτομον πλήρες,Complete Concise French-Greek Dictionary,"8ον, σελίδες 974",25.—,,
1904,IMG_1408.jpeg,Η΄ ΛΕΞΙΚΑ—DICTIONNAIRES,Dictionaries,Δεξικὰ Γαλλικά,ΓΕΩΡΓΙΑΔΟΥ ΗΛ.,Georgiadou Il.,Λεξικὸν Ἑλληνο-γαλλικὸν πρόχειρον,Handy Greek-French Dictionary,"32ον, σελίδες 544",23.—,,Τὸ αὐτὸ πανδόδετον
1904,IMG_1408.jpeg,Η΄ ΛΕΞΙΚΑ—DICTIONNAIRES,Dictionaries,Δεξικὰ Γαλλικά,ΓΕΩΡΓΙΑΔΟΥ ΗΛ.,Georgiadou Il.,"Λεξικὸν Ἑλληνο-γαλλικὸν πρόχειρον, ἐπιθεωρηθὲν ὑπὸ Κ. Βαρβάτη","Handy Greek-French Dictionary, revised by K. Varvati","32ον, σελίδες 544",18.—,,
1904,IMG_1408.jpeg,Η΄ ΛΕΞΙΚΑ—DICTIONNAIRES,Dictionaries,Δεξικὰ Γαλλικά,ΓΕΩΡΓΙΑΔΟΥ ΗΛ.,Georgiadou Il.,Δεξικὸν Γαλλo-ελληνικὸν πρόχειρον,Handy French-Greek Dictionary,"32ον, σ. 367",17.—,,Τὸ αὐτὸ πανδόδετον
1904,IMG_1408.jpeg,Η΄ ΛΕΞΙΚΑ—DICTIONNAIRES,Dictionaries,Δεξικὰ Γαλλικά,ΒΛΑΧΟΥ ΑΓΓΕΛΟΥ,Vlachou Angelou,Λεξικὸν Ἑλληνο-γαλλικόν,Greek-French Dictionary,"32ον, σελίδες 618",23.—,,Τὸ αὐτὸ πανδόδετον
1904,IMG_1408.jpeg,Η΄ ΛΕΞΙΚΑ—DICTIONNAIRES,Dictionaries,Δεξικὰ Γαλλικά,ΒΥΖΑΝΤΙΟΥ ΣΚΑΡΛΑΤΟΥ Δ.,Vyzantiou Skarlatou D.,Λεξικὸν Ἑλληνο-γαλλικὸν καὶ Γαλλo-ελληνικόν,Greek-French and French-Greek Dictionary,"8ον, σελίδες ι΄-985",65.—,,Τὸ αὐτὸ δεδεμένον
1904,IMG_1408.jpeg,Η΄ ΛΕΞΙΚΑ—DICTIONNAIRES,Dictionaries,Δεξικὰ Γαλλικά,ΒΥΖΑΝΤΙΟΥ ΣΚΑΡΛΑΤΟΥ Δ.,Vyzantiou Skarlatou D.,Λεξικὸν Ἑλληνο-γαλλικὸν καὶ Γαλλo-ελληνικόν,Greek-French and French-Greek Dictionary,"8ον, σελίδες ι΄-985",50.—,,
1904,IMG_1408.jpeg,Η΄ ΛΕΞΙΚΑ—DICTIONNAIRES,Dictionaries,Δεξικὰ Γαλλικά,ΒΛΑΧΟΥ ΑΓΓΕΛΟΥ,Vlachou Angelou,Λεξικὸν Ἑλληνο-γαλλικόν,Greek-French Dictionary,"32ον, σελίδες 618",18.—,,
1904,IMG_1408.jpeg,Η΄ ΛΕΞΙΚΑ—DICTIONNAIRES,Dictionaries,Δεξικὰ Γαλλικά,ΒΛΑΧΟΥ ΑΓΓΕΛΟΥ,Vlachou Angelou,Λεξικὸν Ἑλληνο-γαλλικόν,Greek-French Dictionary,"μέγα 8ον, σ. 518",128.—,,Τὸ αὐτὸ δεδεμένον
1904,IMG_1408.jpeg,Η΄ ΛΕΞΙΚΑ—DICTIONNAIRES,Dictionaries,Δεξικὰ Γαλλικά,ΒΕΝΤΩΤΗ Γ.,Ventoti G.,Δεξικὸν τῆς Γαλλικῆς Γλώσσης,Dictionary of the French Language,"8ον, σ. 522",30.—,,δεδεμ.
1904,IMG_1408.jpeg,Η΄ ΛΕΞΙΚΑ—DICTIONNAIRES,Dictionaries,Δεξικὰ Γαλλικά,ΒΑΡΒΑΤΗ Κ.,Varvati K.,Λεξικὸν Ἑλληνο-γαλλικόν,Greek-French Dictionary,σελίδες 1279,55.—,,Τὸ αὐτὸ δεδεμένον
1904,IMG_1408.jpeg,Η΄ ΛΕΞΙΚΑ—DICTIONNAIRES,Dictionaries,Δεξικὰ Γαλλικά,ΓΕΩΡΓΙΑΔΟΥ ΗΛ.,Georgiadou Il.,Δεξικὸν Γαλλo-ελληνικὸν πρόχειρον,Handy French-Greek Dictionary,"32ον, σ. 367",12.—,,
1904,IMG_1408.jpeg,Η΄ ΛΕΞΙΚΑ—DICTIONNAIRES,Dictionaries,Δεξικὰ Γαλλικά,ΒΛΑΧΟΥ ΑΓΓΕΛΟΥ,Vlachou Angelou,Λεξικὸν Ἑλληνο-γαλλικόν,Greek-French Dictionary,"μέγα 8ον, σ. 518",108.—,,
1904,IMG_1408.jpeg,Η΄ ΛΕΞΙΚΑ—DICTIONNAIRES,Dictionaries,Δεξικὰ Γαλλικά,LARIVE & FLEURY,Larive & Fleury,Petit Dictionnaire Français Encyclopédique illustré,Little Illustrated Encyclopedic French Dictionary,"8ov, σελ. XIV—1456",25.—,,toile
1904,IMG_1408.jpeg,Η΄ ΛΕΞΙΚΑ—DICTIONNAIRES,Dictionaries,Δεξικὰ Γαλλικά,JULLIEN B.,Jullien B.,Vocabulaire grammatical de la langue française,Grammatical Vocabulary of the French Language,,5.—,,cart.
1904,IMG_1408.jpeg,Η΄ ΛΕΞΙΚΑ—DICTIONNAIRES,Dictionaries,Δεξικὰ Γαλλικά,SOMMER E.,Sommer E.,Dictionnaire petit des rimes françaises,Little Dictionary of French Rhymes,"32ον, σελίδες VII—339",20.—,,cartonné
1904,IMG_1408.jpeg,Η΄ ΛΕΞΙΚΑ—DICTIONNAIRES,Dictionaries,Δεξικὰ Γαλλικά,ΣΙΝΑ Μ. Γ. καὶ ΛΕΒΑΔΕΩΣ Ι. Ν.,Sina M. G. and Levadeos I. N.,Δεξικὸν Γαλλo-ελληνικόν,French-Greek Dictionary,"Τόμοι 2, 4ον τρίστηλον, σελίδες ια΄-2477",472.—,,Τὸ αὐτὸ δεδεμένον εἰς 2 τόμ.
1904,IMG_1408.jpeg,Η΄ ΛΕΞΙΚΑ—DICTIONNAIRES,Dictionaries,Δεξικὰ Γαλλικά,ΣΙΝΑ Μ. Γ. καὶ ΛΕΒΑΔΕΩΣ Ι. Ν.,Sina M. G. and Levadeos I. N.,Δεξικὸν Γαλλo-ελληνικόν,French-Greek Dictionary,"Τόμοι 2, 4ον τρίστηλον, σελίδες ια΄-2477",132.—,,
1904,IMG_1408.jpeg,Η΄ ΛΕΞΙΚΑ—DICTIONNAIRES,Dictionaries,Δεξικὰ Γαλλικά,LEGRAND E.,Legrand E.,Nouveau Dictionnaire français-grec moderne,New French-Modern Greek Dictionary,"32ον, VII-920",30.—,,t.
1904,IMG_1408.jpeg,Η΄ ΛΕΞΙΚΑ—DICTIONNAIRES,Dictionaries,Δεξικὰ Γαλλικά,LAROUSSE P.,Larousse P.,Dictionnaire Français-Grec grec moderne,French-Modern Greek Dictionary,"32ον, σελ. VII—870",30.—,,toile
1904,IMG_1408.jpeg,Η΄ ΛΕΞΙΚΑ—DICTIONNAIRES,Dictionaries,Δεξικὰ Γαλλικά,ΒΑΡΒΑΤΗ Κ.,Varvati K.,Λεξικὸν Ἑλληνο-γαλλικόν,Greek-French Dictionary,σελίδες 1279,45.—,,
1904,IMG_1408.jpeg,Η΄ ΛΕΞΙΚΑ—DICTIONNAIRES,Dictionaries,Δεξικὰ Γαλλικά,ΛΑΝΔΙΣ ΝΑΠ.,Landis Nap.,Petit Dictionnaire des dictionnaires français,Little Dictionary of French Dictionaries,"32ον, σελίδες 580",10.—,,cartonné
1904,IMG_1408.jpeg,Η΄ ΛΕΞΙΚΑ—DICTIONNAIRES,Dictionaries,Δεξικὰ Γαλλικά,ΚΥΡΙΑΚΟΥ Θ. Γ.,Kyriakou Th. G.,Δεξικὸν Γαλλo-ελληνικὸν Νεώτατον πλήρες,Newest Complete French-Greek Dictionary,"τόμοι 2, 8ον, σελίδες 2284",85.—,,Τὸ αὐτὸ δεδεμένον εἰς 2 τόμ.
1904,IMG_1408.jpeg,Η΄ ΛΕΞΙΚΑ—DICTIONNAIRES,Dictionaries,Δεξικὰ Γαλλικά,ΚΥΡΙΑΚΟΥ Θ. Γ.,Kyriakou Th. G.,Δεξικὸν Γαλλo-ελληνικὸν Νεώτατον πλήρες,Newest Complete French-Greek Dictionary,"τόμοι 2, 8ον, σελίδες 2284",60.—,,
1904,IMG_1408.jpeg,Η΄ ΛΕΞΙΚΑ—DICTIONNAIRES,Dictionaries,Δεξικὰ Γαλλικά,ΚΟΝΤΟΠΟΥΛΟΥ Ν.,Kontopoulou N.,Λεξικὸν Ἑλληνο-γαλλικόν,Greek-French Dictionary,"ἐκδ. Σμύρνης, 8ον, σελ. 324",25.—,,πανδόδετον
1904,IMG_1408.jpeg,Η΄ ΛΕΞΙΚΑ—DICTIONNAIRES,Dictionaries,Δεξικὰ Γαλλικά,ΚΟΝΤΟΠΟΥΛΟΥ Ν.,Kontopoulou N.,Λεξικὸν Ἑλληνο-γαλλικόν,Greek-French Dictionary,"ἐκδ. Ἀθηνῶν, σελ. 1106",50.—,,Τὸ αὐτὸ δεδεμένον
1904,IMG_1408.jpeg,Η΄ ΛΕΞΙΚΑ—DICTIONNAIRES,Dictionaries,Δεξικὰ Γαλλικά,ΚΟΝΤΟΠΟΥΛΟΥ Ν.,Kontopoulou N.,Λεξικὸν Ἑλληνο-γαλλικόν,Greek-French Dictionary,"ἐκδ. Ἀθηνῶν, σελ. 1106",40.—,,
1904,IMG_1408.jpeg,Η΄ ΛΕΞΙΚΑ—DICTIONNAIRES,Dictionaries,Δεξικὰ Γαλλικά,ΚΟΝΤΟΠΟΥΛΟΥ Ν.,Kontopoulou N.,Λεξικὸν Γαλλo-ελληνικόν,French-Greek Dictionary,"ἐκδ. Ἀθηνῶν, σ. 1076",50.—,,Τὸ αὐτὸ δεδεμένον
1904,IMG_1408.jpeg,Η΄ ΛΕΞΙΚΑ—DICTIONNAIRES,Dictionaries,Δεξικὰ Γαλλικά,ΚΟΝΤΟΠΟΥΛΟΥ Ν.,Kontopoulou N.,Λεξικὸν Γαλλo-ελληνικόν,French-Greek Dictionary,"ἐκδ. Ἀθηνῶν, σ. 1076",40.—,,
1904,IMG_1408.jpeg,Η΄ ΛΕΞΙΚΑ—DICTIONNAIRES,Dictionaries,Δεξικὰ Γαλλικά,ΚΑΡΟΛΙΔΟΥ Ι.,Karolidou I.,Λεξικὸν τῶν Συνωνύμων τῆς γαλλικῆς γλώσσης,Dictionary of Synonyms of the French Language,"8ον, σελίδες 201",9.—,,
1904,IMG_1408.jpeg,Η΄ ΛΕΞΙΚΑ—DICTIONNAIRES,Dictionaries,Δεξικὰ Γαλλικά,GUÉRARD & SARDOU,Guerard & Sardou,Dictionnaire général de la langue française,General Dictionary of the French Language,,14.—,,toile
1904,IMG_1408.jpeg,Η΄ ΛΕΞΙΚΑ—DICTIONNAIRES,Dictionaries,Δεξικὰ Γαλλικά,ΒΑΡΒΑΤΗ Κ.,Varvati K.,Λεξικὸν Γαλλo-ελληνικόν,French-Greek Dictionary,"τόμοι 2, μέγα 8ον, σελ. 2874",120.—,,Τὸ αὐτὸ δεδεμ. εἰς 2 τόμους
1904,IMG_1408.jpeg,Η΄ ΛΕΞΙΚΑ—DICTIONNAIRES,Dictionaries,Δεξικὰ Γαλλικά,GAZIER A.,Gazier A.,Dictionnaire Nouveau classique illustré,New Illustrated Classical Dictionary,σελ. 788,14.—,,Τὸ αὐτὸ cartonné
1904,IMG_1408.jpeg,Η΄ ΛΕΞΙΚΑ—DICTIONNAIRES,Dictionaries,Β΄ ΓΑΛΛΙΚΑ,ΒΑΡΒΑΤΗ Κ.,Varvati K.,Λεξικὸν Γαλλo-ελληνικόν,French-Greek Dictionary,"32ον, σελίδες ιζ΄-648",24.—,,Τὸ αὐτὸ πανδόδετον
1904,IMG_1408.jpeg,Η΄ ΛΕΞΙΚΑ—DICTIONNAIRES,Dictionaries,Α΄ ΑΓΓΛΙΚΑ,ΚΟΝΤΟΠΟΥΛΟΥ Ν.,Kontopoulou N.,Λεξικὸν Ἀγγλο-ελληνικόν,English-Greek Dictionary,σελίδες 5—759,35.—,,Πανδόδετον
1904,IMG_1408.jpeg,Η΄ ΛΕΞΙΚΑ—DICTIONNAIRES,Dictionaries,Α΄ ΑΓΓΛΙΚΑ,ΚΟΝΤΟΠΟΥΛΟΥ Ν.,Kontopoulou N.,Λεξικὸν Ἀγγλο-ελληνικόν,English-Greek Dictionary,σελίδες 5—759,40.—,,Τὸ αὐτὸ δεδεμένον
1904,IMG_1408.jpeg,Η΄ ΛΕΞΙΚΑ—DICTIONNAIRES,Dictionaries,Α΄ ΑΓΓΛΙΚΑ,ΚΟΝΤΟΠΟΥΛΟΥ Ν.,Kontopoulou N.,Λεξικὸν Ἀγγλο-ελληνικόν,English-Greek Dictionary,σελίδες 5—759,27.—,,
1904,IMG_1408.jpeg,Η΄ ΛΕΞΙΚΑ—DICTIONNAIRES,Dictionaries,Α΄ ΑΓΓΛΙΚΑ,ΚΟΝΤΟΠΟΥΛΟΥ Ν.,Kontopoulou N.,Λεξικὸν Ἀγγλο-ελληνικόν,English-Greek Dictionary,"8ον, σελ. 5—692",62.—,,Τὸ αὐτὸ δεδεμένον
1904,IMG_1408.jpeg,Η΄ ΛΕΞΙΚΑ—DICTIONNAIRES,Dictionaries,Α΄ ΑΓΓΛΙΚΑ,ΚΟΝΤΟΠΟΥΛΟΥ Ν.,Kontopoulou N.,Λεξικὸν Ἀγγλο-ελληνικόν,English-Greek Dictionary,"8ον, σελ. 5—692",50.—,,
1904,IMG_1408.jpeg,Η΄ ΛΕΞΙΚΑ—DICTIONNAIRES,Dictionaries,Α΄ ΑΓΓΛΙΚΑ,ΚΑΝΕΛΛΟΥ Γ. Δ.,Kanellou G. D.,Λεξικὸν Ἀγγλο-ελληνικόν «Επίτομον»,Epitome English-Greek Dictionary,σελ. 942,30.—,,Τὸ αὐτὸ δεδεμένον
1904,IMG_1408.jpeg,Η΄ ΛΕΞΙΚΑ—DICTIONNAIRES,Dictionaries,Α΄ ΑΓΓΛΙΚΑ,ΚΟΝΤΟΠΟΥΛΟΥ Ν.,Kontopoulou N.,Λεξικὸν Ἑλληνο-αγγλικόν,Greek-English Dictionary,"8ον, σελίδες 514",50.—,,
1904,IMG_1408.jpeg,Η΄ ΛΕΞΙΚΑ—DICTIONNAIRES,Dictionaries,Α΄ ΑΓΓΛΙΚΑ,CLIFTON E.,Clifton E.,Dictionnaire Nouveau Anglais-Français et Français-Anglais,New English-French and French-English Dictionary,"32ον, σελίδες 490+560",25.—,,δεδεμ.
1904,IMG_1408.jpeg,Η΄ ΛΕΞΙΚΑ—DICTIONNAIRES,Dictionaries,Α΄ ΑΓΓΛΙΚΑ,ΓΕΩΡΓΙΑΔΟΥ Α.,Georgiadou A.,Λεξικὸν Ἀγγλο-ελληνικόν,English-Greek Dictionary,"8ον, σελ. 1156 + 42",42.—,,πλήρες
1904,IMG_1408.jpeg,Η΄ ΛΕΞΙΚΑ—DICTIONNAIRES,Dictionaries,Α΄ ΑΓΓΛΙΚΑ,ΑΛΕΞΑΝΔΡΟΥ Γ.,Alexandrou G.,Λεξικὸν Ἑλληνο-αγγλικόν,Greek-English Dictionary,"8ον, σελίδες 914",42.—,,Τὸ αὐτὸ δεδεμένον
1904,IMG_1408.jpeg,Η΄ ΛΕΞΙΚΑ—DICTIONNAIRES,Dictionaries,Α΄ ΑΓΓΛΙΚΑ,ΑΛΕΞΑΝΔΡΟΥ Γ.,Alexandrou G.,Λεξικὸν Ἑλληνο-αγγλικόν,Greek-English Dictionary,"8ον, σελίδες 914",30.—,,πλήρες
1904,IMG_1408.jpeg,Η΄ ΛΕΞΙΚΑ—DICTIONNAIRES,Dictionaries,Α΄ ΑΓΓΛΙΚΑ,ΑΛΕΞΑΝΔΡΟΥ Γ.,Alexandrou G.,Λεξικὸν Ἀγγλο-ελληνικόν,English-Greek Dictionary,"8ον, σελ. 1006 + 30",54.—,,Τὸ αὐτὸ δεδεμένον
1904,IMG_1408.jpeg,Η΄ ΛΕΞΙΚΑ—DICTIONNAIRES,Dictionaries,Α΄ ΑΓΓΛΙΚΑ,ΑΛΕΞΑΝΔΡΟΥ Γ.,Alexandrou G.,Λεξικὸν Ἀγγλο-ελληνικόν,English-Greek Dictionary,"8ον, σελ. 1006 + 30",42.—,,πλήρες
1904,IMG_1408.jpeg,Η΄ ΛΕΞΙΚΑ—DICTIONNAIRES,Dictionaries,Δεξικὰ Γαλλικά,ΒΑΡΒΑΤΗ Κ.,Varvati K.,Λεξικὸν Γαλλo-ελληνικόν,French-Greek Dictionary,"τόμοι 2, μέγα 8ον, σελ. 2874",80.—,,
1904,IMG_1408.jpeg,Η΄ ΛΕΞΙΚΑ—DICTIONNAIRES,Dictionaries,Α΄ ΑΓΓΛΙΚΑ,ΓΕΩΡΓΙΑΔΟΥ Α.,Georgiadou A.,Λεξικὸν Ἀγγλο-ελληνικόν,English-Greek Dictionary,"8ον, σελ. 1156 + 42",50.—,,Τὸ αὐτὸ δεδεμένον
1904,IMG_1408.jpeg,Η΄ ΛΕΞΙΚΑ—DICTIONNAIRES,Dictionaries,Α΄ ΑΓΓΛΙΚΑ,ΚΟΝΤΟΠΟΥΛΟΥ Ν.,Kontopoulou N.,Λεξικὸν Ἑλληνο-αγγλικόν,Greek-English Dictionary,"8ον, σελίδες 514",62.—,,Τὸ αὐτὸ δεδεμένον
1904,IMG_1408.jpeg,Η΄ ΛΕΞΙΚΑ—DICTIONNAIRES,Dictionaries,Α΄ ΑΓΓΛΙΚΑ,ΚΑΝΕΛΛΟΥ Γ. Δ.,Kanellou G. D.,Λεξικὸν Ἀγγλο-ελληνικόν «Επίτομον»,Epitome English-Greek Dictionary,σελ. 942,20.—,,
1904,IMG_1408.jpeg,Η΄ ΛΕΞΙΚΑ—DICTIONNAIRES,Dictionaries,Α΄ ΑΓΓΛΙΚΑ,ΛΑΣΚΑΡΙΔΟΥ Γ. Π.,Laskaridou G. P.,Λεξικὸν Ἀγγλο-ελληνικόν,English-Greek Dictionary,"τόμοι 2, σελ. XI—1337",70.—,,
1904,IMG_1408.jpeg,Η΄ ΛΕΞΙΚΑ—DICTIONNAIRES,Dictionaries,Β΄ ΓΑΛΛΙΚΑ,ΒΑΡΒΑΤΗ Κ.,Varvati K.,Λεξικὸν Γαλλo-ελληνικόν,French-Greek Dictionary,"32ον, σελίδες ιζ΄-648",18.—,,
1904,IMG_1408.jpeg,Η΄ ΛΕΞΙΚΑ—DICTIONNAIRES,Dictionaries,Α΄ ΑΓΓΛΙΚΑ,ΚΥΡΙΑΚΙΔΟΥ Α.,Kyriakidou A.,"Λεξικὸν Ἑλληνο-αγγλικόν, μετὰ παραρτήματος κυπριακῶν λέξεων","Greek-English Dictionary, with an appendix of Cypriot words","4ον, σελίδες 499",60.—,,
1904,IMG_1408.jpeg,Η΄ ΛΕΞΙΚΑ—DICTIONNAIRES,Dictionaries,Β΄ ΓΑΛΛΙΚΑ,ΒΑΡΒΑΤΗ Κ.,Varvati K.,Λεξικὸν Γαλλo-ελληνικόν,French-Greek Dictionary,σελίδες 1512,55.—,,Τὸ αὐτὸ δεδεμένον
1904,IMG_1408.jpeg,Η΄ ΛΕΞΙΚΑ—DICTIONNAIRES,Dictionaries,Β΄ ΓΑΛΛΙΚΑ,ΒΑΡΒΑΤΗ Κ.,Varvati K.,Λεξικὸν Γαλλo-ελληνικόν,French-Greek Dictionary,σελίδες 1512,45.—,,
1904,IMG_1408.jpeg,Η΄ ΛΕΞΙΚΑ—DICTIONNAIRES,Dictionaries,Α΄ ΑΓΓΛΙΚΑ,ΦΙΛΙΠΠΟΥ Φ. Α.,Filippou F. A.,Λεξικὸν Ἑλληνο-αγγλικόν Πρόχειρον,Handy Greek-English Dictionary,"32ον, σελίδες 640",20.—,,Τὸ αὐτὸ πανδόδετον
1904,IMG_1408.jpeg,Η΄ ΛΕΞΙΚΑ—DICTIONNAIRES,Dictionaries,Α΄ ΑΓΓΛΙΚΑ,ΦΙΛΙΠΠΟΥ Φ. Α.,Filippou F. A.,"Λεξικὸν Ἑλληνο-αγγλικόν Πρόχειρον, συνταχθὲν ἐπὶ τῇ βάσει τοῦ Ἀγγλο-ελληνικοῦ λεξικοῦ Liddell and Scott καὶ ὅλων τῶν μέχρι τοῦδε ἐκδοθέντων",Handy Greek-English Dictionary compiled on the basis of Liddell and Scott's dictionary and all others published to date,"32ον, σελίδες 640",15.—,,
1904,IMG_1408.jpeg,Η΄ ΛΕΞΙΚΑ—DICTIONNAIRES,Dictionaries,Α΄ ΑΓΓΛΙΚΑ,ΦΙΛΙΠΠΟΥ Φ. Α.,Filippou F. A.,"Λεξικὸν Ἀγγλο-ελληνικόν Πρόχειρον, συνταχθὲν ἐπὶ τῇ βάσει τοῦ Ἀγγλο-ελληνικοῦ λεξικοῦ Liddell and Scott καὶ ὅλων τῶν μέχρι τοῦδε ἐκδοθέντων",Handy English-Greek Dictionary compiled on the basis of Liddell and Scott's dictionary and all others published to date,"32ον, σελίδες η΄-623",15.—,,
1904,IMG_1408.jpeg,Η΄ ΛΕΞΙΚΑ—DICTIONNAIRES,Dictionaries,Α΄ ΑΓΓΛΙΚΑ,ΠΟΛΥΜΕΡΗ Γ.,Polymeri G.,Δεξικὸν Ἀγγλο-ελληνικόν,English-Greek Dictionary,661,35.—,,Τὸ αὐτὸ δεδεμένον
1904,IMG_1408.jpeg,Η΄ ΛΕΞΙΚΑ—DICTIONNAIRES,Dictionaries,Α΄ ΑΓΓΛΙΚΑ,ΦΙΛΙΠΠΟΥ Φ. Α.,Filippou F. A.,Λεξικὸν Ἀγγλο-ελληνικόν Πρόχειρον,Handy English-Greek Dictionary,"32ον, σελίδες η΄-623",20.—,,Τὸ αὐτὸ δεδεμένον
1904,IMG_1408.jpeg,Η΄ ΛΕΞΙΚΑ—DICTIONNAIRES,Dictionaries,Α΄ ΑΓΓΛΙΚΑ,ΠΟΛΥΜΕΡΗ Γ.,Polymeri G.,Δεξικὸν Ἀγγλο-ελληνικόν,English-Greek Dictionary,661,20.—,,
1904,IMG_1408.jpeg,Η΄ ΛΕΞΙΚΑ—DICTIONNAIRES,Dictionaries,Α΄ ΑΓΓΛΙΚΑ,ΠΕΡΒΑΝΟΓΛΟΥ Ι.,Pervanoglou I.,Λεξικὸν Ἑλληνο-αγγλικόν,Greek-English Dictionary,σ. 100,50.—,,Τὸ αὐτὸ δεδεμένον
1904,IMG_1408.jpeg,Η΄ ΛΕΞΙΚΑ—DICTIONNAIRES,Dictionaries,Α΄ ΑΓΓΛΙΚΑ,ΠΕΡΒΑΝΟΓΛΟΥ Ι.,Pervanoglou I.,"Λεξικὸν Ἑλληνο-αγγλικόν, μετὰ εἰσαγωγῆς, πίνακων κτλ.","Greek-English Dictionary, with introduction, tables, etc.",σ. 100,40.—,,
1904,IMG_1408.jpeg,Η΄ ΛΕΞΙΚΑ—DICTIONNAIRES,Dictionaries,Α΄ ΑΓΓΛΙΚΑ,ΠΕΡΒΑΝΟΓΛΟΥ Ι.,Pervanoglou I.,Λεξικὸν Ἀγγλο-ελληνικόν,English-Greek Dictionary,σελίδες κέ—1098,50.—,,Τὸ αὐτὸ δεδεμένον
1904,IMG_1408.jpeg,Η΄ ΛΕΞΙΚΑ—DICTIONNAIRES,Dictionaries,Α΄ ΑΓΓΛΙΚΑ,ΠΕΡΒΑΝΟΓΛΟΥ Ι.,Pervanoglou I.,"Λεξικὸν Ἀγγλο-ελληνικόν, μετ' εἰσαγωγῆς περὶ προφορᾶς τῆς ἀγγλικῆς γλώσσης, πίνακος τῶν ἀνωμάλων ῥημάτων καὶ συνετμημένων λέξεων","English-Greek Dictionary, with introduction on English pronunciation, table of irregular verbs and abbreviations",σελίδες κέ—1098,40.—,,
1904,IMG_1408.jpeg,Η΄ ΛΕΞΙΚΑ—DICTIONNAIRES,Dictionaries,Α΄ ΑΓΓΛΙΚΑ,,,Nouveau Dictionnaire Français et Anglais,New French and English Dictionary,"8ον, σ. 395",20.—,,δεδεμένον
1904,IMG_1408.jpeg,Η΄ ΛΕΞΙΚΑ—DICTIONNAIRES,Dictionaries,Α΄ ΑΓΓΛΙΚΑ,ΛΑΣΚΑΡΙΔΟΥ Γ. Π.,Laskaridou G. P.,Λεξικὸν Ἀγγλο-ελληνικόν,English-Greek Dictionary,"τόμοι 2, σελ. XI—1337",90.—,,Τὸ αὐτὸ δεδεμένον
1904,IMG_1409.jpeg,Δ' ΕΛΛΗΝΙΚΑ,Greek,,ΕΥΑΓΓΕΛΙΔΟΥ ΤΡ.,Evangelidis Tr.,"Λεξικὸν Ὁμηρικόν, ἔκδοσις νέα, διορθωθεῖσα καὶ ἐπεξεργασθεῖσα ὑπὸ Τρ. Εὐαγγελίδου","Homeric Lexicon, new edition, revised and edited by Tr. Evangelidis","8ον, σ. η'-988",30.—,,Τὸ αὐτὸ δεδεμένον 45.—
1904,IMG_1409.jpeg,Δ' ΕΛΛΗΝΙΚΑ,Greek,,ΟΙΚΟΝΟΜΟΠΟΥΛΟΥ Η. Ι.,Oikonomopoulos I. I.,Πρόχειρον Ὀρθογραφικὸν Λεξικὸν τῆς Ἑλληνικῆς Γλώσσης,Handy Orthographic Dictionary of the Greek Language,"32ον, σελ. ιη'—352, πανδέδ.",12.—,,
1904,IMG_1409.jpeg,Δ' ΕΛΛΗΝΙΚΑ,Greek,,,,Πρακτικὸς Ὁδηγὸς τῆς Νεοελληνικῆς Ὀρθογραφίας καὶ κατ' ἀλφαβητικὴν τάξιν,Practical Guide to Modern Greek Orthography in Alphabetical Order,"20ον 2, 8ον, σελ. 1288",30.—,,Τὸ αὐτὸ δεδεμένον εἰς 2θ. 45.—
1904,IMG_1409.jpeg,Δ' ΕΛΛΗΝΙΚΑ,Greek,,OΛΥΜΠΙΟΥ Δ. Ι.,Olympios D. I.,"Λεξικὸν Ὁμηρικόν, μετὰ εἰκόνων","Homeric Lexicon, with illustrations","8ον, σελίδες ε'—357, πίνακες δ'—357",33.—,,
1904,IMG_1409.jpeg,Δ' ΕΛΛΗΝΙΚΑ,Greek,,ΠΑΝΤΑΖΙΔΟΥ Ι.,Pantazidis I.,Λεξικὸν Ὁμηρικόν,Homeric Lexicon,"8ον, σελίδες ς'—721",30.—,,Τὸ αὐτὸ δεδεμένον 45.—
1904,IMG_1409.jpeg,Δ' ΕΛΛΗΝΙΚΑ,Greek,,"LIDDELL AND SCOTT, ANESTH ΚΩΝΣΤΑΝΤΙΝΙΔΟΥ","Liddell and Scott, Anestis Konstantinidis",Μέγα Λεξικὸν τῆς Ἑλληνικῆς Γλώσσης,Great Dictionary of the Greek Language,"Τόμοι 4, 4ον",200.—,,
1904,IMG_1409.jpeg,Δ' ΕΛΛΗΝΙΚΑ,Greek,,ΣΝΕΛΛΑΡΙΟΥ Α. Δ.,Snellarios A. D.,Λεξικὸν τῆς Ἑλληνικῆς Γλώσσης,Dictionary of the Greek Language,"Τόμ. 3, 3ον, 4397",200.—,,Τὸ αὐτὸ δεδεμένον εἰς 3 τόμ. 260.—
1904,IMG_1409.jpeg,Ϛ' ΙΣΠΑΝΙΚΑ,Spanish,,MANNI C. V.,Manni C. V.,Diccionario Italiano-Espanol y Espanol-Italiano,Italian-Spanish and Spanish-Italian Dictionary,"32ον, σελίδες 800, toile",15.—,,
1904,IMG_1409.jpeg,Δ' ΕΛΛΗΝΙΚΑ,Greek,,ΨΥΛΛΑ Γ.,Psyllas G.,"Ἐπίτομος Λεξικὸν τῆς Παλαιᾶς Ἑλληνικῆς, Ἐκδοθὲν ὑπὸ Δ. Πανταζῆ","Abridged Dictionary of Ancient Greek, Published by D. Pantazis",σελίδες ις'—296,50.—,,
1904,IMG_1409.jpeg,Ε' ΙΤΑΛΙΚΑ,Italian,,BARBATI K.,Barbati K.,"Λεξικὸν Ἰταλο-ελληνικόν, Νέον","Italian-Greek Dictionary, New",σελίδες 1291,45.—,,Τὸ αὐτὸ δεδεμένον 55.—
1904,IMG_1409.jpeg,Ε' ΙΤΑΛΙΚΑ,Italian,,ΒΛΑΝΤΗ ΣΠ.,Vlantis Sp.,"Λεξικὸν Ἰταλο-γραικικόν, Νέον","Italian-Greek Dictionary, New","8ον, σελ. XL—418",30.—,,
1904,IMG_1409.jpeg,Ε' ΙΤΑΛΙΚΑ,Italian,,FERRARI et ANGELI,Ferrari et Angeli,Dictionnaire Italien-Français et Français-Italien,Italian-French and French-Italian Dictionary,"32ον, σελίδες X-991, πανδόδετον",25.—,,
1904,IMG_1409.jpeg,Ε' ΙΤΑΛΙΚΑ,Italian,,ΠΕΡΙΔΟΥ Μ. Π.,Peridis M. P.,Λεξικὸν Ἑλληνο-ιταλικόν,Greek-Italian Dictionary,"Τόμοι 2, 8ον, σ. η'—1870",70.—,,Τὸ αὐτὸ δεδεμένον εἰς 2 τόμ. 90.—
1904,IMG_1409.jpeg,Ε' ΙΤΑΛΙΚΑ,Italian,,ΠΕΡΙΔΟΥ ΚΑΙ ΓΕΩΡΓΙΑΔΟΥ,Peridis and Georgiadis,Νεώτατον πλήρες Ἰταλο-ελληνικὸν Λεξικόν,Newest Complete Italian-Greek Dictionary,"μέγα 8ον, σελίδες η'—1027",36.—,,Τὸ αὐτὸ δεδεμένον 48.—
1904,IMG_1409.jpeg,Ϛ' ΙΣΠΑΝΙΚΑ,Spanish,,SALVA V.,Salva V.,Dictionnaire Espagnol-Français et Français-Espagnol,Spanish-French and French-Spanish Dictionary,"32ον, σελίδες 440, cartonné",15.—,,
1904,IMG_1409.jpeg,Δ' ΕΛΛΗΝΙΚΑ,Greek,,,,Λεξικὸν τῆς Ἑλληνικῆς Ὀρθογραφίας,Dictionary of Greek Orthography,σελίδες 90,5.—,,
1904,IMG_1409.jpeg,Δ' ΕΛΛΗΝΙΚΑ,Greek,,ΤΖΕΝ Π.,Tzen P.,"Λεξικὸν τῆς Ἑλληνικῆς Γλώσσης, ὑπὸ Schmidt","Dictionary of the Greek Language, by Schmidt","32ον, σελ. 1368",25.—,,Τὸ αὐτὸ δεδεμένον εἰς 2 τόμ. 35.—
1904,IMG_1409.jpeg,Δ' ΕΛΛΗΝΙΚΑ,Greek,,ΚΩΝΣΤΑΝΤΙΝΙΔΟΥ ΑΝΕΣΤΗ,Konstantinidis Anestis,"Λεξικὸν τῶν Κυρίων, γεωγραφικῶν καὶ μυθολογικῶν ὀνομάτων, Ἀναγκαῖον συμπλήρωμα ἐξ ὅλων τῶν Ἑλληνικῶν Ἀπαντάντων","Dictionary of Proper, Geographical, and Mythological Names, Necessary Supplement to all Greek Complete Works",σελίδες 537,25.—,,
1904,IMG_1409.jpeg,Δ' ΕΛΛΗΝΙΚΑ,Greek,,,,"Λεξικὸν Ὀρθογραφικὸν καὶ Χρηστικὸν τῆς ἑλληνικῆς γλώσσης, τῆς ἀρχαίας καὶ τῆς νεωτέρας","Orthographic and Practical Dictionary of the Greek Language, Ancient and Modern","32ον, σελίδες 06—554",18.—,,Τὸ αὐτὸ πανδεδεμένον 25.—
1904,IMG_1409.jpeg,Δ' ΕΛΛΗΝΙΚΑ,Greek,,ΚΟΥΜΑΝΟΥΔΗ Σ. Α.,Koumanoudis S. A.,Συναγωγὴ Λέξεων Ἀθησαυρίστων ἐν τοῖς ἑλληνικοῖς λεξικοῖς,Collection of Unrecorded Words in Greek Dictionaries,"8ον, σελίδες 399, πανδόδετον",60.—,,
1904,IMG_1409.jpeg,Δ' ΕΛΛΗΝΙΚΑ,Greek,,ΚΟΦΙΝΙΩΤΟΥ Ε.,Kofiniotis E.,"Λεξικὸν Ὁμηρικόν, μετὰ εἰκόνων καὶ παραρτήματος","Homeric Lexicon, with illustrations and appendix","8ον, σελίδες 415",22.—,,Τὸ αὐτὸ πανδόδετον 30.—
1904,IMG_1409.jpeg,Γ' ΓΕΡΜΑΝΙΚΑ,German,,ΓΙΑΝΝΑΡΗ Α. Ν.,Giannaris A. N.,"Λεξικὸν Γερμανο-ελληνικόν, μετὰ κανόνων περὶ προφορᾶς καὶ τονισμοῦ καὶ πίνακος τῶν ἀνωμάλων ῥημάτων","German-Greek Dictionary, with rules on pronunciation and accentuation and a table of irregular verbs","8ον, σελίδες ιε' + 1146",55.—,,Τὸ αὐτὸ δεδεμένον 45.—
1904,IMG_1409.jpeg,Γ' ΓΕΡΜΑΝΙΚΑ,German,,ΔΡΑΚΟΠΟΥΛΟΥ Ε. Χ.,Drakopoulos E. Ch.,"Λεξικὸν Γερμανο-ελληνικόν, μετ' εἰσαγωγικῶν κανόνων περὶ γραμμάτων, προφορᾶς καὶ τονισμοῦ ἐκείνων","German-Greek Dictionary, with introductory rules on letters, pronunciation, and accentuation","8ον, σελίδες 974",35.—,,Τὸ αὐτὸ δεδεμένον 47.—
1904,IMG_1409.jpeg,Γ' ΓΕΡΜΑΝΙΚΑ,German,,ΠΕΤΡΑΡΗ Κ.,Petraris K.,Ἐπίτομον Λεξικὸν τῆς Νεο-ελληνικῆς καὶ τῆς Γερμανικῆς γλώσσης,Abridged Dictionary of the Modern Greek and German Language,"32ον, σελίδες 430 + 553",40.—,,Τὸ αὐτὸ δεδεμένον 48.—
1904,IMG_1409.jpeg,Γ' ΓΕΡΜΑΝΙΚΑ,German,,ROTTECK K.,Rotteck K.,Dictionnaire Allemand-français et Français-Allemand,German-French and French-German Dictionary,"32ον, σελίδες IV—1042",54.—,,Τὸ αὐτὸ δεδεμένον 64.—
1904,IMG_1409.jpeg,Γ' ΓΕΡΜΑΝΙΚΑ,German,,ΡΟΥΣΟΠΟΥΛΟΥ Ρ. Α.,Rousopoulos R. A.,Λεξικὸν Ἑλληνο-γερμανικὸν μετὰ καταλόγου κυρίων ὀνομάτων,Greek-German Dictionary with a list of proper names,σελίδες IV—1080,54.—,,Τὸ αὐτὸ δεδεμένον 64.—
1904,IMG_1409.jpeg,Γ' ΓΕΡΜΑΝΙΚΑ,German,,ΣΜΙΛΤΣΙΟΥ,Smiltsios,ΛΕΞΙΚΟΝ Ἑλληνο-γερμανικόν,Greek-German Dictionary,"32ον, σελίδες 812",28.—,,Τὸ αὐτὸ δεδεμένον 35.—
1904,IMG_1409.jpeg,Γ' ΓΕΡΜΑΝΙΚΑ,German,,,,Λεξικὸν Γερμανο-ἑλληνικόν,German-Greek Dictionary,"32ον, σελίδες 516",28.—,,Τὸ αὐτὸ δεδεμένον 35.—
1904,IMG_1409.jpeg,Γ' ΓΕΡΜΑΝΙΚΑ,German,,FELLER F. E.,Feller F. E.,Neuestes Taschen-Wörterbuch deutsch und englisch,Newest Pocket Dictionary German and English,"64ον, σελ. 425+43, δεδεμένον",8.—,,Vol. I: English-deutsch; Vol. II: Deutsch-english
1904,IMG_1409.jpeg,Δ' ΕΛΛΗΝΙΚΑ,Greek,,ΒΥΖΑΝΤΙΟΥ ΣΚΑΡΛΑΤΟΥ Δ.,Byzantios Skarlatos D.,"Λεξικὸν τῆς ἑλληνικῆς γλώσσης, μετὰ Ἐπιτόμου Λεξικοῦ τῶν κυρίων ὀνομάτων","Dictionary of the Greek Language, with an Abridged Dictionary of Proper Names","8ον, σελίδες ις'—1789",114.—,,Τὸ αὐτὸ δεδεμένον 135.—
1904,IMG_1409.jpeg,Δ' ΕΛΛΗΝΙΚΑ,Greek,,ΓΙΑΜΜΑΡΗ Α. Ν.,Giammaris A. N.,"Λεξικὸν Ἑλληνικόν, μετὰ εἰσαγωγῆς εἰς τὴν ἑλληνικὴν γλῶσσαν καὶ φιλολογίαν","Greek Dictionary, with an introduction to the Greek language and philology","Τόμοι 2, 8ον, σελίδες 2704",40.—,,Τὸ αὐτὸ δεδεμένον εἰς 2 τόμ. 65.—
1904,IMG_1409.jpeg,Δ' ΕΛΛΗΝΙΚΑ,Greek,,ΖΑΛΟΥΧΟΥ Δ. Σ.,Zalouchos D. S.,Ἐπίτομον Λεξικὸν τῆς Ἑλληνικῆς γλώσσης,Abridged Dictionary of the Greek Language,"μέγα 8ον, σελίδες 1295",25.—,,Τὸ αὐτὸ δεδεμένον 40.—
1904,IMG_1409.jpeg,Δ' ΕΛΛΗΝΙΚΑ,Greek,,ΖΗΚΙΔΟΥ Γ. Α.,Zikidos G. A.,Λεξικὸν Ἁπάντων τῶν Ῥημάτων τῆς ἀττικῆς πεζογραφικῆς διαλέκτου,Dictionary of All Verbs of the Attic Prose Dialect,"8ον, σελίδες λδ'—704",40.—,,Τὸ αὐτὸ δεδεμένον 50.—
1904,IMG_1409.jpeg,Δ' ΕΛΛΗΝΙΚΑ,Greek,,ΚΑΛΛΙΡΟΗ Ν. Ι.,Kallirroi N. I.,Ἐπίτομον Λεξικὸν τῆς Ἑλληνικῆς Γλώσσης,Abridged Dictionary of the Greek Language,"μέγα 8ον, σελίδες ς'—739",35.—,,Τὸ αὐτὸ δεδεμένον 54.—
1904,IMG_1409.jpeg,Δ' ΕΛΛΗΝΙΚΑ,Greek,,ΛΟΓΑΔΟΥ ΝΙΚΟΛΑΟΥ,Logados Nikolaos,"Κιβωτὸς τῆς Ἑλληνικῆς γλώσσης, συμπηχθεῖσα μὲν καὶ πονηθεῖσα ὑπὸ τῶν μελῶν τῆς ἐν Κων/πόλει κατὰ τὸν ΚουρούΤσεσμὲ τοῦ Γένους Σχολῆς, ἐπισκευασθεῖσα δ' ἔπειτα καὶ προσεπαυξηθεῖσα ἰδίᾳ ὑπὸ Νικολάου Λογάδου. Τόμος Α', Α—Δ","Ark of the Greek Language, compiled by members of the Patriarchal Academy in Kuruçeşme, revised and expanded by Nikolaos Logados. Volume A', A-D","εἰς φύλλον, σελίδες ή—765",42.—,,108.—
1904,IMG_1409.jpeg,Γ' ΓΕΡΜΑΝΙΚΑ,German,,ΧΑΜΑΛΑ Χρ. Γ.,Chamalas Chr. G.,Λεξικὸν Ἑλληνο-γερμανικόν,Greek-German Dictionary,"8ον, σελ. 950",35.—,,Τὸ αὐτὸ δεδεμένον 47.—
1904,IMG_1409.jpeg,Δ' ΕΛΛΗΝΙΚΑ,Greek,,ΚΟΣΙΑΡΑ ΠΑΝΑΓ.,Kosiaras Panag.,Λεξικὸν Ὁμήρου,Homeric Lexicon,"8ον, σελίδες 156",10.—,,
1904,IMG_1410.jpeg,Ι' ΔΙΑΦΟΡΟΥ ΥΛΗΣ,Miscellaneous Subjects,,ΗΠΙΤΗ Α. Θ.,Ipitis A. Th.,"Λεξικὸν Γαλλο-ελληνικὸν καὶ Ἑλληνο-γαλλικὸν ἁπάντων τῶν τεχνικῶν ὅρων. Τόμοι 3, μέγα 8ον, σελίδες 2401 +","French-Greek and Greek-French Dictionary of Technical Terms, 3 volumes","Τόμοι 3, μέγα 8ον, σελίδες 2401 +",95.—,,
1904,IMG_1410.jpeg,Ι' ΔΙΑΦΟΡΟΥ ΥΛΗΣ,Miscellaneous Subjects,,FRANCK AD.,Franck Ad.,"Dictionnaire des sciences philosophiques, 4ov, σ 1806 et 450",Dictionary of Philosophical Sciences,"4ov, σ 1806 et 450",95.—,,
1904,IMG_1410.jpeg,Ι' ΔΙΑΦΟΡΟΥ ΥΛΗΣ,Miscellaneous Subjects,,ΓΕΡΑΚΑΚΗ Π.,Gerakakis P.,"Παράρτημα Λεξικοῦ Ἐγκυκλοπαιδείας, περιέχον τὰ κυριώτατα τῶν ἐπιστημῶν καὶ τεχνῶν, 8ον, σελίδες 894",Supplement to the Encyclopedic Dictionary,"8ον, σελίδες 894",20.—,,
1904,IMG_1410.jpeg,Ι' ΔΙΑΦΟΡΟΥ ΥΛΗΣ,Miscellaneous Subjects,,BOUILLET & OIKONOMOPOULOY H. I.,Bouillet & Oikonomopoulos H. I.,"Λεξικὸν Ἱστορίας, Γεωγραφίας H. I. Bouillet καὶ Μυθολογίας. Τόμ. 2, 4ον, σ. 3084 + 90. Τὸ αὐτὸ δεδεμένον εἰς 2 τόμ.","Dictionary of History, Geography, and Mythology, 2 volumes bound","Τόμ. 2, 4ον, σ. 3084 + 90",120.—,,Bound in 2 volumes
1904,IMG_1410.jpeg,Ι' ΔΙΑΦΟΡΟΥ ΥΛΗΣ,Miscellaneous Subjects,,BOUILLET N.,Bouillet N.,"Dictionnaire d'Histoire et de Géographie, 8ov, sel. 2,024 x 95",Dictionary of History and Geography,"8ov, sel. 2,024 x 95",20.—,,
1904,IMG_1410.jpeg,Θ' ΤΟΥΡΚΙΚΑ,Turkish Books,,SAMY BEY CH. FRASCHERY,Samy Bey Ch. Fraschery,"Dictionnaire Français-turc, 12ov, σ. 1920, δεδ.",French-Turkish Dictionary,"12ov, σ. 1920",40.—,,Bound edition
1904,IMG_1410.jpeg,Θ' ΤΟΥΡΚΙΚΑ,Turkish Books,,SAMY BEY CH. FRASCHERY,Samy Bey Ch. Fraschery,"Dictionnaire Français-Turc illustré de 3000 gravures, 8ov, σ. 2240",Illustrated French-Turkish Dictionary with 3000 engravings,"8ov, σ. 2240",60.—,,
1904,IMG_1410.jpeg,Θ' ΤΟΥΡΚΙΚΑ,Turkish Books,,ΠΑΠΑΓΓΕΛΟΥ Ι. Π.,Papaggelou I. P.,Τὸ αὐτὸ δεδεμένον,The same bound,,125.—,,Bound edition
1904,IMG_1410.jpeg,Θ' ΤΟΥΡΚΙΚΑ,Turkish Books,,ΠΑΠΑΓΓΕΛΟΥ Ι. Π.,Papaggelou I. P.,"Λεξικὸν Ἑλληνο-τουρκικόν, 4ον, σελ. 1628",Greek-Turkish Dictionary,"4ον, σελ. 1628",108.—,,
1904,IMG_1410.jpeg,Ι' ΔΙΑΦΟΡΟΥ ΥΛΗΣ,Miscellaneous Subjects,,ΗΠΙΤΗ Α. Θ.,Ipitis A. Th.,Τὸ αὐτὸ δεδεμένον εἰς 2 τόμ.,The same bound in 2 volumes,,125.—,,Bound in 2 volumes
1904,IMG_1410.jpeg,Ι' ΔΙΑΦΟΡΟΥ ΥΛΗΣ,Miscellaneous Subjects,,ΒΟΥΤΥΡΑ ΣΤ. Ι.,Voutyras St. I.,"Λεξικὸν Ἱστορίας καὶ Γεωγραφίας, διαλαμβάνον ἱστορίαν, μυθολογίαν καὶ πολιτικὴν χωρογραφίαν ἁπάντων τῶν μεγάλων ἀνδρῶν, τοὺς μύθους καὶ τὰς παραδόσεις πάντων τῶν ἐθνῶν τῶν ἀρχαιοτάτων χρόνων μέχρι τοῦ νῦν. Τόμοι 9, μέγα 8ον, σελίδες διστήλοι 11,725, χρυσόδ.","Dictionary of History and Geography, 9 volumes","Τόμοι 9, μέγα 8ον, σελίδες διστήλοι 11,725",600.—,,Gilt bound edition
1904,IMG_1410.jpeg,Ι' ΔΙΑΦΟΡΟΥ ΥΛΗΣ,Miscellaneous Subjects,,ΘΕΟΦΑΡΗ ΣΤ.,Theofaris St.,"Λεξικὸν Ἐμπορίου, περιλαμβάνον Ἐμπορικόν ἐν γένει καὶ Ἐμπορικόν Δίκαιον, Ἐμπορικὴν Ναυτιλίαν, Ναυτικὸν Δίκαιον, Τελωνειακὴν Νομοθεσίαν, Δασμολόγιον, Ἐμπορικὴν Γεωγραφίαν, Μετρολογίαν, Νομισματολογίαν, Συγκοινωνίαν Παγκόσμιον, Γραφεῖας, Χρηματιστήριον, Λογιστικὴν καὶ Πολιτικὴν Οἰκονομίαν ἐφηρμοσμένην εἰς τὸ ἐμπόριον κτλ., 8ον, σ. 784 + 33",Dictionary of Commerce,"8ον, σ. 784 + 33",200.—,,
1904,IMG_1410.jpeg,Ι' ΔΙΑΦΟΡΟΥ ΥΛΗΣ,Miscellaneous Subjects,,MIGNE M. L'Abbé,Migne M. L'Abbé,Τὸ αὐτὸ δεδεμένον εἰς 6 τόμ.,The same bound in 6 volumes,,520.—,,Bound in 6 volumes
1904,IMG_1410.jpeg,Ι' ΔΙΑΦΟΡΟΥ ΥΛΗΣ,Miscellaneous Subjects,,ΧΛΩΡΟΥ Ι.,Chloros I.,Τὸ αὐτὸ δεδεμένον,The same bound,,150.—,,Bound edition
1904,IMG_1410.jpeg,Ι' ΔΙΑΦΟΡΟΥ ΥΛΗΣ,Miscellaneous Subjects,,ΚΑΡΑΡΙΑ ΓΡΑΒ. Ν.,Kararias Grav. N.,"Λεξικὸν τῶν ἐνδόξων ἀνδρῶν τῆς ἱστορίας, τῶν ἐπιστημῶν, τῶν ἀρχαίων, τῆς πολιτικῆς καὶ τῶν ὡραίων τεχνῶν, 8ον, σ. 658, δ.","Dictionary of Famous Men of History, Sciences, Antiquity, Politics, and Fine Arts","8ον, σ. 658",60.—,,Bound edition
1904,IMG_1410.jpeg,Ι' ΔΙΑΦΟΡΟΥ ΥΛΗΣ,Miscellaneous Subjects,,ΚΑΡΥΟΦΥΛΛΗ Γ.,Karyofyllis G.,"Λεξικὸν Ἰατρικῆς, Χειρουργικῆς, Φαρμακολογίας, Θεραπευτικῆς καὶ τῶν συναφῶν ἐπιστημῶν, μέγα 8ον, Τόμοι 2, 4ον, σελίδες ἠ'-1930","Dictionary of Medicine, Surgery, Pharmacology, Therapeutics, and Related Sciences, 2 volumes","μέγα 8ον, Τόμοι 2, 4ον, σελίδες ἠ'-1930",200.—,,
1904,IMG_1410.jpeg,Ι' ΔΙΑΦΟΡΟΥ ΥΛΗΣ,Miscellaneous Subjects,,ΚΩΝΣΤΑΝΤΙΝΟΥ Κ. Μ.,Konstantinou K. M.,"Λεξικὸν τῶν Ἁγίων Γραφῶν, Ἱστορικόν, Ἐθνολογικόν, Ἀρχαιολογικόν, Βιογραφικόν κτλ., περιέχον 300 εἰκόνας, 12 γεωγραφικοὺς χάρτας καὶ 5 χρονολογικοὺς πίνακας, 8ον, σελίδες 1125, δεδεμένον","Dictionary of Holy Scriptures (Historical, Ethnological, Archaeological, Biographical, etc.), bound","8ον, σελίδες 1125",40.—,,Bound edition
1904,IMG_1410.jpeg,Ι' ΔΙΑΦΟΡΟΥ ΥΛΗΣ,Miscellaneous Subjects,,ΜΑΡΟΥΛΗ Κ. Ι.,Maroulis K. I.,"Λεξικὸν Κρυπτογραφικὸν Ἑλληνικῶν γλωσσῶν. Τόμοι 2, 8ον, σελίδες 1200","Cryptographic Dictionary of Greek Languages, 2 volumes","Τόμοι 2, 8ον, σελίδες 1200",95.—,,
1904,IMG_1410.jpeg,Ι' ΔΙΑΦΟΡΟΥ ΥΛΗΣ,Miscellaneous Subjects,,ΜΗΤΣΟΠΟΥΛΟΥ Κ. Μ.,Mitsopoulos K. M.,"Λεξικὸν Ἐγκυκλοπαιδικόν, 4ον, σελ. 400",Encyclopedic Dictionary,"4ον, σελ. 400",125.—,,
1904,IMG_1410.jpeg,Ι' ΔΙΑΦΟΡΟΥ ΥΛΗΣ,Miscellaneous Subjects,,MIGNE M. L'Abbé,Migne M. L'Abbé,"Dictionnaire des Persécutions, Τόμοι 6, 4ον, σελ. 5794 + 400","Dictionary of Persecutions, 6 volumes","Τόμοι 6, 4ον, σελ. 5794 + 400",400.—,,
1904,IMG_1410.jpeg,Ι' ΔΙΑΦΟΡΟΥ ΥΛΗΣ,Miscellaneous Subjects,,ΜΠΕΚ καὶ ΜΠΑΡΤ,Mpek and Mpart,"Λεξικὸν Ἐγκυκλοπαιδικόν, συμπλήρωμα, 4ον, σελίδες","Encyclopedic Dictionary, Supplement",4ον,400.—,,
1904,IMG_1410.jpeg,Ι' ΔΙΑΦΟΡΟΥ ΥΛΗΣ,Miscellaneous Subjects,,ΡΑΓΚΑΒΗ Α. Ρ.,Ragkavis A. R.,"Λεξικὸν τῆς Ἑλληνικῆς Ἀρχαιολογίας, μετὰ 1379 εἰκόνων καὶ πίνακων. Τόμοι 2, 4ον, σ. 1890 + 50","Dictionary of Greek Archaeology, 2 volumes","Τόμοι 2, 4ον, σ. 1890 + 50",70.—,,Includes 1379 figures and plates
1904,IMG_1410.jpeg,Ι' ΔΙΑΦΟΡΟΥ ΥΛΗΣ,Miscellaneous Subjects,,ΡΑΓΚΑΒΗ Α. Ρ.,Ragkavis A. R.,Τὸ αὐτὸ δεδεμένον,The same bound,,70.—,,Bound edition
1904,IMG_1410.jpeg,Θ' ΤΟΥΡΚΙΚΑ,Turkish Books,,MURAT N.,Murat N.,"Dictionnaire Français-turc en caractères latins et en caractères turcs, 320v, sel. 432, toile",French-Turkish Dictionary in Latin and Turkish characters,"320v, sel. 432",10.—,,Cloth bound
1904,IMG_1410.jpeg,Ι' ΔΙΑΦΟΡΟΥ ΥΛΗΣ,Miscellaneous Subjects,,ΧΛΩΡΟΥ Ι.,Chloros I.,"Λεξικὸν Τουρκο-ελληνικόν, τόμοι 2, σελ. 2000","Turkish-Greek Dictionary, 2 volumes","τόμοι 2, σελ. 2000",110.—,,
1904,IMG_1410.jpeg,Θ' ΤΟΥΡΚΙΚΑ,Turkish Books,,M. N.,M. N.,"Lexique Turc-Français, 32ov, σελίδες 159",Turkish-French Lexicon,"32ov, σελίδες 159",5.—,,
1904,IMG_1410.jpeg,Ζ' ΛΑΤΙΝΙΚΑ,Latin Books,,ΤΣΑΚΑΛΩΤΟΥ Ε. Α.,Tsakalotos E. A.,"Λεξικὸν Ἑλληνο-λατινικόν, μέγα 8ον, σελ. ιϛ'-872 + 54",Greek-Latin Dictionary,"μέγα 8ον, σελ. ιϛ'-872 + 54",50.—,,
1904,IMG_1410.jpeg,Θ' ΤΟΥΡΚΙΚΑ,Turkish Books,,MALLOUF N.,Mallouf N.,"Πανδόδετον (Δέρμα Πανί), σελίδες 244",Full binding (Leather Cloth),σελίδες 244,30.—,,Leather cloth binding
1904,IMG_1410.jpeg,Ζ' ΛΑΤΙΝΙΚΑ,Latin Books,,ΚΟΥΜΑΝΟΥΔΗ Σ. Ν.,Koumanoudis S. N.,"Λεξικὸν Λατινο-ελληνικόν, μέγα 8ον, σελίδες η'-1240, έκδ. Α. Δ. Φέξη",Great Latin-Greek Dictionary,"μέγα 8ον, σελίδες η'-1240",40.—,,
1904,IMG_1410.jpeg,Ζ' ΛΑΤΙΝΙΚΑ,Latin Books,,ΚΟΥΜΑΝΟΥΔΗ Σ. Ν.,Koumanoudis S. N.,Τὸ αὐτὸ δεδεμένον,The same bound,,43.—,,Bound edition
1904,IMG_1410.jpeg,Ζ' ΛΑΤΙΝΙΚΑ,Latin Books,,ΚΟΥΜΑΝΟΥΔΗ Σ. Ν.,Koumanoudis S. N.,Τὸ αὐτὸ δεδεμένον...,The same bound...,,55.—,,Deluxe binding edition
1904,IMG_1410.jpeg,Ζ' ΛΑΤΙΝΙΚΑ,Latin Books,,ΚΟΥΠΑΝΙΤΣΗ Π.,Koupanitsis P.,"Λεξικὸν Λατινο-ελληνικόν, σελίδες η'-479",Latin-Greek Dictionary,σελίδες η'-479,20.—,,
1904,IMG_1410.jpeg,Ζ' ΛΑΤΙΝΙΚΑ,Latin Books,,ΚΟΥΠΑΝΙΤΣΗ Π.,Koupanitsis P.,Τὸ αὐτὸ δεδεμένον,The same bound,,30.—,,Bound edition
1904,IMG_1410.jpeg,Θ' ΤΟΥΡΚΙΚΑ,Turkish Books,,M. N.,M. N.,"Lexique Français-turc, 32ov, σελίδες 159",French-Turkish Lexicon,"32ov, σελίδες 159",10.—,,
1904,IMG_1410.jpeg,Ζ' ΛΑΤΙΝΙΚΑ,Latin Books,,,,"Λεξικὸν Λατινο-ελληνικόν, μετὰ Λατινικῆς Γραμματολογίας, 8ον, σελίδες κϛ'-774",Latin-Greek Dictionary with Latin Literature,"8ον, σελίδες κϛ'-774",35.—,,
1904,IMG_1410.jpeg,Ζ' ΛΑΤΙΝΙΚΑ,Latin Books,,,,Τὸ αὐτὸ δεδεμένον,The same bound,,55.—,,Bound edition
1904,IMG_1410.jpeg,Η' ΡΩΣΣΙΚΑ,Russian Books,,SOKOLOFF M.,Sokoloff M.,"Dictionnaire Français-Russe et Russe-Français contenant tous les mots de la langue usuelle, ainsi que les termes scientifiques et techniques, vol 2, 32ov, pages X-665+XXII-472 toile",French-Russian and Russian-French Dictionary,"vol 2, 32ov, pages X-665+XXII-472",50.—,,Cloth bound
1904,IMG_1410.jpeg,Θ' ΤΟΥΡΚΙΚΑ,Turkish Books,,CHUKRI MEHMED & ASGIAN MICHEL,Chukri Mehmed & Asgian Michel,"Dictionnaire Français-turc, σελίδες 2054",French-Turkish Dictionary,σελίδες 2054,50.—,,
1904,IMG_1410.jpeg,Θ' ΤΟΥΡΚΙΚΑ,Turkish Books,,CHUKRI MEHMED & ASGIAN MICHEL,Chukri Mehmed & Asgian Michel,Τὸ αὐτὸ δεδεμένον,The same bound,,60.—,,Bound edition
1904,IMG_1410.jpeg,Ζ' ΛΑΤΙΝΙΚΑ,Latin Books,,ΤΣΑΚΑΛΩΤΟΥ Ε. Α.,Tsakalotos E. A.,Τὸ αὐτὸ δεδεμένον,The same bound,,68.—,,Bound edition
1904,IMG_1410.jpeg,Θ' ΤΟΥΡΚΙΚΑ,Turkish Books,,ΕΛΤΕΡΜΠΕΡΛΗ Ν.,Elterberli N.,Τὸ αὐτὸ πανδόδετον,The same in full cloth binding,,20.—,,Full cloth binding
1904,IMG_1410.jpeg,Θ' ΤΟΥΡΚΙΚΑ,Turkish Books,,ΕΛΤΕΡΜΠΕΡΛΗ Ν.,Elterberli N.,"Λεξικὸν Τουρκο-ελληνικόν, 32ον, σελίδες 467",Turkish-Greek Dictionary,"32ον, σελίδες 467",15.—,,
1904,IMG_1410.jpeg,Θ' ΤΟΥΡΚΙΚΑ,Turkish Books,,MALLOUF N.,Mallouf N.,"Μιλλιατόλογον Ἰ. Π. Λεξικὸν Τουρκο-ελληνικόν, μετὰ προχείρου γεωγραφικοῦ πίνακος, σελ. ιβ'-860 διστηλοί",Turkish-Greek Dictionary with a concise geographical map,σελ. ιβ'-860 διστηλοί,20.—,,Two-column text
1904,IMG_1410.jpeg,Θ' ΤΟΥΡΚΙΚΑ,Turkish Books,,MALLOUF N.,Mallouf N.,"Dictionnaire Turc-Français, Τόμοι 2, σι. VI-1489, δέδεμ.","Turkish-French Dictionary, 2 volumes bound","Τόμοι 2, σι. VI-1489",120.—,,Bound
1904,IMG_1410.jpeg,Θ' ΤΟΥΡΚΙΚΑ,Turkish Books,,,,"Λεξικὸν Τουρκο-γραικικόν, ἐκδ. Βενετίας, 8ον, σελ. 56+","Turkish-Greek Dictionary, Venice edition","8ον, σελ. 56+",6.—,,
1904,IMG_1410.jpeg,Θ' ΤΟΥΡΚΙΚΑ,Turkish Books,,ΛΕΒΙΔΟΥ Α. Μ.,Levidis A. M.,Τὸ αὐτὸ δεδεμένον,The same bound,,27.—,,Bound edition
1904,IMG_1410.jpeg,Θ' ΤΟΥΡΚΙΚΑ,Turkish Books,,MALLOUF N.,Mallouf N.,Δεδεμένον,Bound edition,,25.—,,Bound edition
1904,IMG_1410.jpeg,Θ' ΤΟΥΡΚΙΚΑ,Turkish Books,,ΚΤΕΝΑ ΘΕΜ.,Ktenas Them.,Τὸ αὐτὸ δεδεμένον,The same bound,,95.—,,Bound edition
1904,IMG_1410.jpeg,Θ' ΤΟΥΡΚΙΚΑ,Turkish Books,,ΚΤΕΝΑ ΘΕΜ.,Ktenas Them.,"Λεξικὸν Ἑλληνο-τουρκικόν, 8ον, σελ. η'-1344 + 80",Greek-Turkish Dictionary,"8ον, σελ. η'-1344 + 80",80.—,,
1904,IMG_1410.jpeg,Θ' ΤΟΥΡΚΙΚΑ,Turkish Books,,GUY DE LUSIGNAN (CALFA),Guy de Lusignan (Calfa),Τὸ αὐτὸ δεδεμένον,The same bound,,95.—,,Bound edition
1904,IMG_1410.jpeg,Θ' ΤΟΥΡΚΙΚΑ,Turkish Books,,GUY DE LUSIGNAN (CALFA),Guy de Lusignan (Calfa),"Dictionnaire de poche Français-turc, 32ov, σελίδες 448, toile",Pocket French-Turkish Dictionary,"32ov, σελίδες 448",25.—,,Cloth bound
1904,IMG_1410.jpeg,Θ' ΤΟΥΡΚΙΚΑ,Turkish Books,,ΛΕΒΙΔΟΥ Α. Μ.,Levidis A. M.,"Λεξικὸν Ἑλληνο-τουρκικόν, 4ον, σελ. 300x",Greek-Turkish Dictionary,"4ον, σελ. 300x",20.—,,
1904,IMG_1411.jpeg,Ι' ΔΙΑΦΟΡΟΥ ΥΛΗΣ,Various Subjects,Λεξικὰ διαφόρου ὕλης,ΚΑΡΟΥΦΑΛΗ Γ.,Karouvalis G.,"Λεξικὸν Ἰατρικῆς, Χειρουργικῆς, Φαρμακολογίας, Θεραπευτικῆς καὶ τῶν συναφῶν αὐταῖς ἐπιστημῶν, μετὰ πλείστων εἰκόνων καὶ συνταγῶν ἐν τῷ κειμένῳ","Dictionary of Medicine, Surgery, Pharmacology, Therapeutics and Related Sciences, with many illustrations and recipes","Τόμοι 2, 4ον, σελίδες η΄-1930",200.—,,
1904,IMG_1411.jpeg,Ι' ΔΙΑΦΟΡΟΥ ΥΛΗΣ,Various Subjects,Λεξικὰ διαφόρου ὕλης,ΚΩΝΣΤΑΝΤΙΝΟΥ Γ.,Konstantinou G.,"Λεξικὸν τῶν Ἁγίων Γραφῶν, ἱστορικόν, ἐθνολογικόν, ἀρχαιολογικόν, θεολογικὸν κτλ., περιέχον 300 εἰκόνας, 12 γεωγραφικοὺς χάρτας καὶ 5 χρονολογικοὺς πίνακας","Dictionary of the Holy Scriptures, Historical, Ethnological, Archaeological, Theological etc., containing 300 illustrations, 12 maps and 5 chronological tables","8ον, σελίδες 1125, δεδεμένον",40.—,₯,
1904,IMG_1411.jpeg,Ι' ΔΙΑΦΟΡΟΥ ΥΛΗΣ,Various Subjects,Λεξικὰ διαφόρου ὕλης,ΜΑΡΟΥΔΗ Κ. Ι.,Maroudis K. I.,Λεξικὸν Κρυπτογραφικόν ἐλληνικόν,Greek Cryptographic Dictionary,χαρτόδετον,15.—,₯,
1904,IMG_1411.jpeg,Ι' ΔΙΑΦΟΡΟΥ ΥΛΗΣ,Various Subjects,Λεξικὰ διαφόρου ὕλης,ΜΗΤΣΟΠΟΥΛΟΥ Κ. Μ.,Mitsopoulos K. M.,Λεξικὸν Ἐγκυκλοπαιδικὸν πρακτικῶν γνώσεων,Encyclopedic Dictionary of Practical Knowledge,"Τόμοι 2, 8ον, σελίδες 1200",95.—,,
1904,IMG_1411.jpeg,Ι' ΔΙΑΦΟΡΟΥ ΥΛΗΣ,Various Subjects,Λεξικὰ διαφόρου ὕλης,ΜΗΤΣΟΠΟΥΛΟΥ Κ. Μ.,Mitsopoulos K. M.,Λεξικὸν Ἐγκυκλοπαιδικὸν πρακτικῶν γνώσεων (Τὸ αὐτὸ δεδεμένον εἰς 2 τόμ.),Encyclopedic Dictionary of Practical Knowledge (Bound in 2 vols.),2 τόμ.,125.—,,
1904,IMG_1411.jpeg,Ι' ΔΙΑΦΟΡΟΥ ΥΛΗΣ,Various Subjects,Λεξικὰ διαφόρου ὕλης,ΜΠΑΡΤ ΚΑΙ ΧΙΡΕΤ,Bart & Chiret,Λεξικὸν Ἐγκυκλοπαιδικόν (Τὸ αὐτὸ δεδεμένον εἰς 6 τόμ.),Encyclopedic Dictionary (Bound in 6 vols.),6 τόμ.,520.—,,
1904,IMG_1411.jpeg,Ι' ΔΙΑΦΟΡΟΥ ΥΛΗΣ,Various Subjects,Λεξικὰ διαφόρου ὕλης,ΜΠΑΡΤ ΚΑΙ ΧΙΡΕΤ,Bart & Chiret,"Λεξικὸν Ἐγκυκλοπαιδικόν, μετὰ πολλῶν εἰκόνων καὶ πινάκων","Encyclopedic Dictionary, with many illustrations and plates","τόμοι 6, 4ον, σελ. 5794",400.—,,
1904,IMG_1411.jpeg,Ι' ΔΙΑΦΟΡΟΥ ΥΛΗΣ,Various Subjects,Λεξικὰ διαφόρου ὕλης,ΜΠΕΚ ΚΑΙ ΜΠΑΡΤ,Beck & Bart,Λεξικὸν Ἐγκυκλοπαιδικόν. Συμπλήρωμα,Encyclopedic Dictionary. Supplement,"4ον, σελίδες",,,Price not listed
1904,IMG_1411.jpeg,Ι' ΔΙΑΦΟΡΟΥ ΥΛΗΣ,Various Subjects,Λεξικὰ διαφόρου ὕλης,ΡΑΓΚΑΒΗ Α. Ρ.,Rangavis A. R.,"Λεξικὸν τῆς Ἑλληνικῆς Ἀρχαιολογίας, μετὰ 1979 εἰκόνων καὶ πινάκων","Dictionary of Greek Archaeology, with 1979 illustrations and plates","Τόμοι 2, 4ον, σ. 1590",50.—,,
1904,IMG_1411.jpeg,Ι' ΔΙΑΦΟΡΟΥ ΥΛΗΣ,Various Subjects,Λεξικὰ διαφόρου ὕλης,ΡΑΓΚΑΒΗ Α. Ρ.,Rangavis A. R.,Λεξικὸν τῆς Ἑλληνικῆς Ἀρχαιολογίας (Τὸ αὐτὸ δεδεμένον),Dictionary of Greek Archaeology (Bound),,70.—,,
1904,IMG_1411.jpeg,Ι' ΔΙΑΦΟΡΟΥ ΥΛΗΣ,Various Subjects,Λεξικὰ διαφόρου ὕλης,MIGNE M. L'ABBÉ,Migne M. L'Abbé,Dictionnaire des Persécutions,Dictionary of Persecutions,"Τόμ. 2, 4ον, σ. 2936, δεδ.",100.—,,
1904,IMG_1411.jpeg,Ι' ΔΙΑΦΟΡΟΥ ΥΛΗΣ,Various Subjects,Λεξικὰ διαφόρου ὕλης,ΚΑΡΑΒΙΑ ΓΡΙΒΑ Ν.,Karavias Grivas N.,"Λεξικὸν τῶν ἐνδόξων ἀνδρῶν τῆς ἱστορίας, τῶν ἐπιστημῶν, τῶν ἀρμάτων, τῆς πολιτικῆς καὶ τῶν ὡραίων τεχνῶν","Dictionary of Illustrious Men of History, Sciences, Arms, Politics and Fine Arts","8ον, σ. 659",60.—,₯,
1904,IMG_1411.jpeg,Ι' ΔΙΑΦΟΡΟΥ ΥΛΗΣ,Various Subjects,Λεξικὰ διαφόρου ὕλης,ΗΠΙΤΗ Α. Θ.,Ipitis A. Th.,Λεξικὸν Γαλλο-ελληνικὸν καὶ ἑλληνο-γαλλικὸν ἐπιστημονικῶν καὶ τεχνικῶν ὅρων,French-Greek and Greek-French Dictionary of Scientific and Technical Terms,"Τόμοι 3, μέγα 8ον, σελίδες 2401",95.—,,
1904,IMG_1411.jpeg,Ι' ΔΙΑΦΟΡΟΥ ΥΛΗΣ,Various Subjects,Λεξικὰ διαφόρου ὕλης,ΗΠΙΤΗ Α. Θ.,Ipitis A. Th.,Λεξικὸν Γαλλο-ελληνικὸν καὶ ἑλληνο-γαλλικὸν ἐπιστημονικῶν καὶ τεχνικῶν ὅρων (Τὸ αὐτὸ δεδεμένον εἰς 2 τόμ.),French-Greek and Greek-French Dictionary of Scientific and Technical Terms (Bound in 2 vols.),2 τόμ.,125.—,,
1904,IMG_1411.jpeg,Ι' ΔΙΑΦΟΡΟΥ ΥΛΗΣ,Various Subjects,Λεξικὰ διαφόρου ὕλης,ΘΕΟΧΑΡΗ ΣΤ.,Theocharis St.,"Λεξικὸν Ἐμπορίου, περιλαμβάνον Ἐμπόριον ἐν γένει καὶ Ἐμπορικόν Δίκαιον, Τελωνειακὴν Νομοθεσίαν, Δασμολόγιον, Ἐμπορικὴν Γεωγραφίαν, Μετρολογίαν, Νομισματολογίαν, Συγκοινωνίαν Παγκόσμιον, Τραπέζας, Χρηματιστήριον, Λογιστικὴν καὶ Πολιτικὴν Οἰκονομίαν ἐφαρμοσμένην εἰς τὸ ἐμπόριον κλπ.","Dictionary of Commerce, including Commerce in general, Commercial Law, Customs Legislation, Tariff, Commercial Geography, Metrology, Numismatics...","8ον, σ. 784",33.—,,
1904,IMG_1411.jpeg,Ι' ΔΙΑΦΟΡΟΥ ΥΛΗΣ,Various Subjects,Λεξικὰ διαφόρου ὕλης,SAMY BEY CH. FRASCHARY,Samy Bey Ch. Fraschary,Dictionnaire Français-turc,French-Turkish Dictionary,"12ov, σ. 1920, δεδ.",40.—,₯,
1904,IMG_1411.jpeg,Ι' ΔΙΑΦΟΡΟΥ ΥΛΗΣ,Various Subjects,Λεξικὰ διαφόρου ὕλης,ΧΑΔΡΩΤ Ι.,Chadrot I.,Λεξικὸν Τουρκο-ελληνικόν,Turkish-Greek Dictionary,"τόμοι 2, σελ. 2000",110.—,₯,
1904,IMG_1411.jpeg,Ι' ΔΙΑΦΟΡΟΥ ΥΛΗΣ,Various Subjects,Λεξικὰ διαφόρου ὕλης,ΧΑΔΡΩΤ Ι.,Chadrot I.,Λεξικὸν Τουρκο-ελληνικόν (Τὸ αὐτὸ δεδεμένον),Turkish-Greek Dictionary (Bound),"τόμοι 2, σελ. 2000",150.—,₯,
1904,IMG_1411.jpeg,Ι' ΔΙΑΦΟΡΟΥ ΥΛΗΣ,Various Subjects,Λεξικὰ διαφόρου ὕλης,ΒΟΥΤΥΡΑ ΣΤ. Ι.,Voutyras St. I.,"Λεξικὸν Ἱστορίας καὶ Γεωγραφίας, διαλαμβάνον ἱστορίαν, φυσικὴν καὶ πολιτικὴν χωρογραφίαν, τοὺς βίους τῶν μεγάλων ἀνδρῶν, τοὺς μύθους καὶ τὰς παραδόσεις πάντων τῶν ἐθνῶν ἀπὸ τῶν ἀρχαιοτάτων χρόνων μέχρι τοῦ νῦν","Dictionary of History and Geography, comprising history, physical and political chorography, lives of great men, myths and traditions of all nations...","Τόμοι 9, μέγα 8ον, σελίδες δισστήλοι 11,725, χρυσοδ.",600.—,₯,
1904,IMG_1411.jpeg,Ι' ΔΙΑΦΟΡΟΥ ΥΛΗΣ,Various Subjects,Λεξικὰ διαφόρου ὕλης,SAMY BEY CH. FRASCHARY,Samy Bey Ch. Fraschary,Dictionnaire Français-Turc illustré de 3000 gravures,French-Turkish Dictionary illustrated with 3000 engravings,"8ov, σ. 2240",60.—,₯,
1904,IMG_1411.jpeg,Ι' ΔΙΑΦΟΡΟΥ ΥΛΗΣ,Various Subjects,Λεξικὰ διαφόρου ὕλης,BOUILLET & ΟΙΚΟΝΟΜΟΠΟΥΛΟΥ Η. Ι.,Bouillet & Oikonomopoulos H. I.,"Λεξικὸν Ἱστορίας, Γεωγραφίας, Βιογραφίας καὶ Μυθολογίας","Dictionary of History, Geography, Biography and Mythology","Τόμ. 2, 4ον, σ. 3084",90.—,,
1904,IMG_1411.jpeg,Ι' ΔΙΑΦΟΡΟΥ ΥΛΗΣ,Various Subjects,Λεξικὰ διαφόρου ὕλης,BOUILLET & ΟΙΚΟΝΟΜΟΠΟΥΛΟΥ Η. Ι.,Bouillet & Oikonomopoulos H. I.,"Λεξικὸν Ἱστορίας, Γεωγραφίας, Βιογραφίας καὶ Μυθολογίας (Τὸ αὐτὸ δεδεμένον εἰς 2 τόμ.)","Dictionary of History, Geography, Biography and Mythology (Bound in 2 vols.)",2 τόμ.,120.—,,
1904,IMG_1411.jpeg,Ι' ΔΙΑΦΟΡΟΥ ΥΛΗΣ,Various Subjects,Λεξικὰ διαφόρου ὕλης,ΓΕΡΑΚΑΚΗ Π.,Gerakakis P.,"Παράρτημα Λεξικοῦ Ἐγκυκλοπαιδείας, περιέχον τὰ κυριώτατα τῶν ἐπιστημῶν καὶ τεχνῶν","Supplement to the Encyclopedia Dictionary, containing the chief matters of sciences and arts","8ον, σελίδες 894",20.—,,
1904,IMG_1411.jpeg,Ι' ΔΙΑΦΟΡΟΥ ΥΛΗΣ,Various Subjects,Λεξικὰ διαφόρου ὕλης,FRANCK AD.,Franck Ad.,Dictionnaire des sciences philosophiques,Dictionary of Philosophical Sciences,"4ov, σ. 1806",150.—,₯,
1904,IMG_1411.jpeg,Ι' ΔΙΑΦΟΡΟΥ ΥΛΗΣ,Various Subjects,Λεξικὰ διαφόρου ὕλης,BOUILLET N.,Bouillet N.,Dictionnaire d'Histoire et de Géographie,Dictionary of History and Geography,"8ov, σελ. 2,024",95.—,₯,
1904,IMG_1412.jpeg,Θ΄ ΔΩΡΑ ΚΑΙ ΒΡΑΒΕΙΑ ΕΙΣ ΠΑΙΔΙΑ ΚΑΙ ΕΦΗΒΟΥΣ,9. Gifts and Prizes for Children and Teenagers,,ΒΑΜΠΑ Α.,Vamba A.,Μικρὸς Ἔμπορος (χρυσόδετον),The Little Merchant (gilt bound),χρυσόδετον,9.—,,
1904,IMG_1412.jpeg,Θ΄ ΔΩΡΑ ΚΑΙ ΒΡΑΒΕΙΑ ΕΙΣ ΠΑΙΔΙΑ ΚΑΙ ΕΦΗΒΟΥΣ,9. Gifts and Prizes for Children and Teenagers,— Παραμύθια μετὰ κεχρωματισμένων εἰκόνων,ΑΝΤΩΝΙΑΔΟΥ Κ.,Antoniadou K.,Ὡραία Χρυσομαλλοῦσα,Beautiful Goldilocks,3ον,5.—,,
1904,IMG_1412.jpeg,Θ΄ ΔΩΡΑ ΚΑΙ ΒΡΑΒΕΙΑ ΕΙΣ ΠΑΙΔΙΑ ΚΑΙ ΕΦΗΒΟΥΣ,9. Gifts and Prizes for Children and Teenagers,,ΒΑΜΠΑ Α.,Vamba A.,Ἀξιώμελος,Axiomelos,"σ. 80, χαρτόδ.",4.—,,
1904,IMG_1412.jpeg,Θ΄ ΔΩΡΑ ΚΑΙ ΒΡΑΒΕΙΑ ΕΙΣ ΠΑΙΔΙΑ ΚΑΙ ΕΦΗΒΟΥΣ,9. Gifts and Prizes for Children and Teenagers,,ΒΑΜΠΑ Α.,Vamba A.,Ἀξιώμελος (χρυσόδετον),Axiomelos (gilt bound),χρυσόδετον,9.—,,
1904,IMG_1412.jpeg,Θ΄ ΔΩΡΑ ΚΑΙ ΒΡΑΒΕΙΑ ΕΙΣ ΠΑΙΔΙΑ ΚΑΙ ΕΦΗΒΟΥΣ,9. Gifts and Prizes for Children and Teenagers,,ΒΑΜΠΑ Α.,Vamba A.,Μαρία ἢ τὸ ἀνθοφόρον Κάνιστρον,Maria or the Flowered Basket,"σελ. 166, χαρτόδετον",6.—,,
1904,IMG_1412.jpeg,Θ΄ ΔΩΡΑ ΚΑΙ ΒΡΑΒΕΙΑ ΕΙΣ ΠΑΙΔΙΑ ΚΑΙ ΕΦΗΒΟΥΣ,9. Gifts and Prizes for Children and Teenagers,— Παραμύθια μετὰ κεχρωματισμένων εἰκόνων,ΑΝΤΩΝΙΑΔΟΥ Κ.,Antoniadou K.,Τρεῖς Ἄρκτοι,Three Bears,4ον,6.—,,
1904,IMG_1412.jpeg,Θ΄ ΔΩΡΑ ΚΑΙ ΒΡΑΒΕΙΑ ΕΙΣ ΠΑΙΔΙΑ ΚΑΙ ΕΦΗΒΟΥΣ,9. Gifts and Prizes for Children and Teenagers,,ΒΑΜΠΑ Α.,Vamba A.,Μαρία ἢ τὸ ἀνθοφόρον Κάνιστρον (χρυσόδετον),Maria or the Flowered Basket (gilt bound),χρυσόδετον,11.—,,
1904,IMG_1412.jpeg,Θ΄ ΔΩΡΑ ΚΑΙ ΒΡΑΒΕΙΑ ΕΙΣ ΠΑΙΔΙΑ ΚΑΙ ΕΦΗΒΟΥΣ,9. Gifts and Prizes for Children and Teenagers,,ΒΑΜΠΑ Α.,Vamba A.,Μικρὸς Ἔμπορος,The Little Merchant,"διήγημα, σελίδες 83, χαρτόδετον",4.—,,
1904,IMG_1412.jpeg,Θ΄ ΔΩΡΑ ΚΑΙ ΒΡΑΒΕΙΑ ΕΙΣ ΠΑΙΔΙΑ ΚΑΙ ΕΦΗΒΟΥΣ,9. Gifts and Prizes for Children and Teenagers,,ΒΑΜΠΑ Α.,Vamba A.,Οἰκογένεια τοῦ Θωμᾶ Τέλλου,The Family of William Tell,"σελίδες 127, χαρτόδετον",5.—,,
1904,IMG_1412.jpeg,Θ΄ ΔΩΡΑ ΚΑΙ ΒΡΑΒΕΙΑ ΕΙΣ ΠΑΙΔΙΑ ΚΑΙ ΕΦΗΒΟΥΣ,9. Gifts and Prizes for Children and Teenagers,,ΒΡΑΤΣΑΝΟΥ Μ. Ι.,Vratsanos M. I.,Ἀποστόλης ὁ Θαλασσινὸς ἢ Νέος 'Ροβινσών,Apostolis the Sailor or the New Robinson,σελ. 160,4.—,,
1904,IMG_1412.jpeg,Θ΄ ΔΩΡΑ ΚΑΙ ΒΡΑΒΕΙΑ ΕΙΣ ΠΑΙΔΙΑ ΚΑΙ ΕΦΗΒΟΥΣ,9. Gifts and Prizes for Children and Teenagers,,BLANCHARD P.,Blanchard P.,Le Plutarque de la Jeunesse,Plutarch of the Youth,"4 vol., δεδεμένον",40.—,,
1904,IMG_1412.jpeg,Θ΄ ΔΩΡΑ ΚΑΙ ΒΡΑΒΕΙΑ ΕΙΣ ΠΑΙΔΙΑ ΚΑΙ ΕΦΗΒΟΥΣ,9. Gifts and Prizes for Children and Teenagers,,ΒΛΑΣΤΟΥ Σ. Κ.,Vlastou S. K.,Διηγήματα Ἠθικά,Moral Stories,"σελίδες 96, χαρτόδετον",3.—,,
1904,IMG_1412.jpeg,Θ΄ ΔΩΡΑ ΚΑΙ ΒΡΑΒΕΙΑ ΕΙΣ ΠΑΙΔΙΑ ΚΑΙ ΕΦΗΒΟΥΣ,9. Gifts and Prizes for Children and Teenagers,,ΒΛΑΣΤΟΥ Σ. Κ.,Vlastou S. K.,Διηγήματα Ἠθικά (χρυσόδετον),Moral Stories (gilt bound),χρυσόδετον,8.—,,
1904,IMG_1412.jpeg,Θ΄ ΔΩΡΑ ΚΑΙ ΒΡΑΒΕΙΑ ΕΙΣ ΠΑΙΔΙΑ ΚΑΙ ΕΦΗΒΟΥΣ,9. Gifts and Prizes for Children and Teenagers,,ΒΟΥΤΥΡΑ Α. Σ.,Voutyras A. S.,"Παιδικαὶ Παιδιαί, ἤτοι ἑρμηνεύματα διάφορα ἐκ τοῦ γαλλικοῦ","Children's Games, or various interpretations from French","32ον, σελίδες 33",2.—,,
1904,IMG_1412.jpeg,Θ΄ ΔΩΡΑ ΚΑΙ ΒΡΑΒΕΙΑ ΕΙΣ ΠΑΙΔΙΑ ΚΑΙ ΕΦΗΒΟΥΣ,9. Gifts and Prizes for Children and Teenagers,,ΒΡΕΤΟΥ Ι. Α.,Vretos I. A.,Δῶρα,Gifts,"8ον, σελ. 58",3.—,,
1904,IMG_1412.jpeg,Θ΄ ΔΩΡΑ ΚΑΙ ΒΡΑΒΕΙΑ ΕΙΣ ΠΑΙΔΙΑ ΚΑΙ ΕΦΗΒΟΥΣ,9. Gifts and Prizes for Children and Teenagers,,ΒΡΕΤΟΥ Ι. Α.,Vretos I. A.,Ἠθικὰ Διηγήματα μετ' εἰκόνων,Moral Stories with illustrations,"8ον, σελίδες 79",5.—,,
1904,IMG_1412.jpeg,Θ΄ ΔΩΡΑ ΚΑΙ ΒΡΑΒΕΙΑ ΕΙΣ ΠΑΙΔΙΑ ΚΑΙ ΕΦΗΒΟΥΣ,9. Gifts and Prizes for Children and Teenagers,,ΒΡΕΤΟΥ Ι. Α.,Vretos I. A.,Ἠθικὰ Διηγήματα μετ' εἰκόνων (χρυσόδετον),Moral Stories with illustrations (gilt bound),χρυσόδετον,12.—,,
1904,IMG_1412.jpeg,Θ΄ ΔΩΡΑ ΚΑΙ ΒΡΑΒΕΙΑ ΕΙΣ ΠΑΙΔΙΑ ΚΑΙ ΕΦΗΒΟΥΣ,9. Gifts and Prizes for Children and Teenagers,,ΒΥΖΑΝΤΙΟΥ ΑΝΤΩΝΙΟΥ,Byzantios Antonios,"Χρηστοήθεια, ἤτοι τρόποι τοῦ ἑλληνοπρεπῶς φέρεσθαι","Good Morals, or ways of conducting oneself in a Greek manner",σελίδες 108,4.—,,
1904,IMG_1412.jpeg,Θ΄ ΔΩΡΑ ΚΑΙ ΒΡΑΒΕΙΑ ΕΙΣ ΠΑΙΔΙΑ ΚΑΙ ΕΦΗΒΟΥΣ,9. Gifts and Prizes for Children and Teenagers,— Παραμύθια μετὰ κεχρωματισμένων εἰκόνων,ΑΝΤΩΝΙΑΔΟΥ Κ.,Antoniadou K.,Ταξίδια τοῦ Γκιούλλιβερ,Gulliver's Travels,4ον,6.—,,
1904,IMG_1412.jpeg,Θ΄ ΔΩΡΑ ΚΑΙ ΒΡΑΒΕΙΑ ΕΙΣ ΠΑΙΔΙΑ ΚΑΙ ΕΦΗΒΟΥΣ,9. Gifts and Prizes for Children and Teenagers,,ΒΑΜΠΑ Α.,Vamba A.,Οἰκογένεια τοῦ Θωμᾶ Τέλλου (χρυσόδετον),The Family of William Tell (gilt bound),χρυσόδετον,10.—,,
1904,IMG_1412.jpeg,Θ΄ ΔΩΡΑ ΚΑΙ ΒΡΑΒΕΙΑ ΕΙΣ ΠΑΙΔΙΑ ΚΑΙ ΕΦΗΒΟΥΣ,9. Gifts and Prizes for Children and Teenagers,— Παραμύθια μετὰ κεχρωματισμένων εἰκόνων,ΑΝΤΩΝΙΑΔΟΥ Κ.,Antoniadou K.,Συμβάντα τοῦ Κυρίου Κράν,Events of Mr. Cran,4ον,6.1/2,,
1904,IMG_1412.jpeg,Θ΄ ΔΩΡΑ ΚΑΙ ΒΡΑΒΕΙΑ ΕΙΣ ΠΑΙΔΙΑ ΚΑΙ ΕΦΗΒΟΥΣ,9. Gifts and Prizes for Children and Teenagers,— Παραμύθια μετὰ κεχρωματισμένων εἰκόνων,ΑΝΤΩΝΙΑΔΟΥ Κ.,Antoniadou K.,Κοντορεβιθούλλης,Tom Thumb,8ον,4.—,,
1904,IMG_1412.jpeg,Θ΄ ΔΩΡΑ ΚΑΙ ΒΡΑΒΕΙΑ ΕΙΣ ΠΑΙΔΙΑ ΚΑΙ ΕΦΗΒΟΥΣ,9. Gifts and Prizes for Children and Teenagers,— Παραμύθια μετὰ κεχρωματισμένων εἰκόνων,ΑΝΤΩΝΙΑΔΟΥ Κ.,Antoniadou K.,Πετεινός,Rooster,8ον,2.—,,
1904,IMG_1412.jpeg,Θ΄ ΔΩΡΑ ΚΑΙ ΒΡΑΒΕΙΑ ΕΙΣ ΠΑΙΔΙΑ ΚΑΙ ΕΦΗΒΟΥΣ,9. Gifts and Prizes for Children and Teenagers,— Παραμύθια μετὰ κεχρωματισμένων εἰκόνων,ΑΝΤΩΝΙΑΔΟΥ Κ.,Antoniadou K.,Σταχτοπούτα,Cinderella,8ον,5.—,,
1904,IMG_1412.jpeg,Θ΄ ΔΩΡΑ ΚΑΙ ΒΡΑΒΕΙΑ ΕΙΣ ΠΑΙΔΙΑ ΚΑΙ ΕΦΗΒΟΥΣ,9. Gifts and Prizes for Children and Teenagers,,,,"Ἀναγνώστης, ἤγουν εὔκολα μαθήματα","Reader, or easy lessons","32ον, σελ. 156, δεδεμένον",5.—,,
1904,IMG_1412.jpeg,Θ΄ ΔΩΡΑ ΚΑΙ ΒΡΑΒΕΙΑ ΕΙΣ ΠΑΙΔΙΑ ΚΑΙ ΕΦΗΒΟΥΣ,9. Gifts and Prizes for Children and Teenagers,Παιδικὴ Βιβλιοθήκη τοῦ Συλλόγου πρὸς διάδοσιν τῶν Ὠφελίμων Βιβλίων. Ἀρ. 1,ΑΝΔΕΡΣΕΝ,Andersen,Παραμύθια,Fairy Tales,"σ. 160, χαρτόδ.",10.—,,μεταφρασθέντα ὑπὸ Δ. Βικέλα
1904,IMG_1412.jpeg,Θ΄ ΔΩΡΑ ΚΑΙ ΒΡΑΒΕΙΑ ΕΙΣ ΠΑΙΔΙΑ ΚΑΙ ΕΦΗΒΟΥΣ,9. Gifts and Prizes for Children and Teenagers,Παιδικὴ Βιβλιοθήκη τοῦ Συλλόγου πρὸς διάδοσιν τῶν Ὠφελίμων Βιβλίων. Ἀρ. 1,ΑΝΔΕΡΣΕΝ,Andersen,Παραμύθια (χρυσόδετον),Fairy Tales (gilt bound),χρυσόδετον,15.—,,
1904,IMG_1412.jpeg,Θ΄ ΔΩΡΑ ΚΑΙ ΒΡΑΒΕΙΑ ΕΙΣ ΠΑΙΔΙΑ ΚΑΙ ΕΦΗΒΟΥΣ,9. Gifts and Prizes for Children and Teenagers,,ΑΝΝΙΝΟΥ Χ.,Anninos Ch.,Ὑπὲρ Πατρίδος,For the Fatherland,"μετὰ εἰκονογραφιῶν, ὑπὸ Henri Malin, σελίδες 284",15.—,,
1904,IMG_1412.jpeg,Θ΄ ΔΩΡΑ ΚΑΙ ΒΡΑΒΕΙΑ ΕΙΣ ΠΑΙΔΙΑ ΚΑΙ ΕΦΗΒΟΥΣ,9. Gifts and Prizes for Children and Teenagers,,ΑΝΤΩΝΙΑΔΟΥ Κ.,Antoniadou K.,Ἀλφαβητάριον,Alphabet Book,"μετὰ χρωματιστῶν εἰκόνων, χαρτόδετον",4.—,,
1904,IMG_1412.jpeg,Θ΄ ΔΩΡΑ ΚΑΙ ΒΡΑΒΕΙΑ ΕΙΣ ΠΑΙΔΙΑ ΚΑΙ ΕΦΗΒΟΥΣ,9. Gifts and Prizes for Children and Teenagers,— Παραμύθια μετὰ κεχρωματισμένων εἰκόνων,ΑΝΤΩΝΙΑΔΟΥ Κ.,Antoniadou K.,Ἱστορία τῆς Μικρᾶς 'Ρόζας,Story of Little Rosa,8ον,4.—,,
1904,IMG_1412.jpeg,Θ΄ ΔΩΡΑ ΚΑΙ ΒΡΑΒΕΙΑ ΕΙΣ ΠΑΙΔΙΑ ΚΑΙ ΕΦΗΒΟΥΣ,9. Gifts and Prizes for Children and Teenagers,— Παραμύθια μετὰ κεχρωματισμένων εἰκόνων,ΑΝΤΩΝΙΑΔΟΥ Κ.,Antoniadou K.,Κάνιστρον τῶν 'Ροδακίνων,The Basket of Peaches,4ον,6.—,,
1904,IMG_1412.jpeg,Θ΄ ΔΩΡΑ ΚΑΙ ΒΡΑΒΕΙΑ ΕΙΣ ΠΑΙΔΙΑ ΚΑΙ ΕΦΗΒΟΥΣ,9. Gifts and Prizes for Children and Teenagers,— Παραμύθια μετὰ κεχρωματισμένων εἰκόνων,ΑΝΤΩΝΙΑΔΟΥ Κ.,Antoniadou K.,Κοκκινόσκουφη,Little Red Riding Hood,8ον,4.—,,
1904,IMG_1412.jpeg,Θ΄ ΔΩΡΑ ΚΑΙ ΒΡΑΒΕΙΑ ΕΙΣ ΠΑΙΔΙΑ ΚΑΙ ΕΦΗΒΟΥΣ,9. Gifts and Prizes for Children and Teenagers,,ΑΝΝΙΝΟΥ Χ.,Anninos Ch.,Ὑπὲρ Πατρίδος (χρυσόδετον),For the Fatherland (gilt bound),χρυσόδετον,22.—,,
1904,IMG_1412.jpeg,Θ΄ ΔΩΡΑ ΚΑΙ ΒΡΑΒΕΙΑ ΕΙΣ ΠΑΙΔΙΑ ΚΑΙ ΕΦΗΒΟΥΣ,9. Gifts and Prizes for Children and Teenagers,— Παραμύθια μετὰ κεχρωματισμένων εἰκόνων,ΑΝΤΩΝΙΑΔΟΥ Κ.,Antoniadou K.,Μικρὸς Βοσκός,The Little Shepherd,,2.—,,
1904,IMG_1412.jpeg,Θ΄ ΔΩΡΑ ΚΑΙ ΒΡΑΒΕΙΑ ΕΙΣ ΠΑΙΔΙΑ ΚΑΙ ΕΦΗΒΟΥΣ,9. Gifts and Prizes for Children and Teenagers,— Παραμύθια μετὰ κεχρωματισμένων εἰκόνων,ΑΝΤΩΝΙΑΔΟΥ Κ.,Antoniadou K.,Πέτρος,Peter,,2.—,,
1904,IMG_1412.jpeg,Θ΄ ΔΩΡΑ ΚΑΙ ΒΡΑΒΕΙΑ ΕΙΣ ΠΑΙΔΙΑ ΚΑΙ ΕΦΗΒΟΥΣ,9. Gifts and Prizes for Children and Teenagers,— Παραμύθια μετὰ κεχρωματισμένων εἰκόνων,ΑΝΤΩΝΙΑΔΟΥ Κ.,Antoniadou K.,Πέτρος ὁ Αἰγοβοσκός,Peter the Goatherd,8ον,4.—,,
1904,IMG_1412.jpeg,Θ΄ ΔΩΡΑ ΚΑΙ ΒΡΑΒΕΙΑ ΕΙΣ ΠΑΙΔΙΑ ΚΑΙ ΕΦΗΒΟΥΣ,9. Gifts and Prizes for Children and Teenagers,— Παραμύθια μετὰ κεχρωματισμένων εἰκόνων,ΑΝΤΩΝΙΑΔΟΥ Κ.,Antoniadou K.,Μικρούλα,Little One,,2.—,,
1904,IMG_1412.jpeg,Θ΄ ΔΩΡΑ ΚΑΙ ΒΡΑΒΕΙΑ ΕΙΣ ΠΑΙΔΙΑ ΚΑΙ ΕΦΗΒΟΥΣ,9. Gifts and Prizes for Children and Teenagers,— Παραμύθια μετὰ κεχρωματισμένων εἰκόνων,ΑΝΤΩΝΙΑΔΟΥ Κ.,Antoniadou K.,Παπουτσωμένος Γάττος,Puss in Boots,8ον,5.—,,
1904,IMG_1412.jpeg,Θ΄ ΔΩΡΑ ΚΑΙ ΒΡΑΒΕΙΑ ΕΙΣ ΠΑΙΔΙΑ ΚΑΙ ΕΦΗΒΟΥΣ,9. Gifts and Prizes for Children and Teenagers,— Παραμύθια μετὰ κεχρωματισμένων εἰκόνων,ΑΝΤΩΝΙΑΔΟΥ Κ.,Antoniadou K.,Πεντάμορφη τῆς χώρας,Beauty of the Land,8ον,5.—,,
1904,IMG_1412.jpeg,Θ΄ ΔΩΡΑ ΚΑΙ ΒΡΑΒΕΙΑ ΕΙΣ ΠΑΙΔΙΑ ΚΑΙ ΕΦΗΒΟΥΣ,9. Gifts and Prizes for Children and Teenagers,— Παραμύθια μετὰ κεχρωματισμένων εἰκόνων,ΑΝΤΩΝΙΑΔΟΥ Κ.,Antoniadou K.,Περιοδεία ἐν Γαλλίᾳ ὑπὸ δύο παίδων,Tour of France by Two Children,8ον,5.—,,
1904,IMG_1412.jpeg,Θ΄ ΔΩΡΑ ΚΑΙ ΒΡΑΒΕΙΑ ΕΙΣ ΠΑΙΔΙΑ ΚΑΙ ΕΦΗΒΟΥΣ,9. Gifts and Prizes for Children and Teenagers,— Παραμύθια μετὰ κεχρωματισμένων εἰκόνων,ΑΝΤΩΝΙΑΔΟΥ Κ.,Antoniadou K.,Περιπέτειαι τοῦ Δὸν Κιχώτου,Adventures of Don Quixote,4ον,6.—,,
1904,IMG_1412.jpeg,Θ΄ ΔΩΡΑ ΚΑΙ ΒΡΑΒΕΙΑ ΕΙΣ ΠΑΙΔΙΑ ΚΑΙ ΕΦΗΒΟΥΣ,9. Gifts and Prizes for Children and Teenagers,— Παραμύθια μετὰ κεχρωματισμένων εἰκόνων,ΑΝΤΩΝΙΑΔΟΥ Κ.,Antoniadou K.,Μαγευμένα Φλάουτον καὶ Μαχαίριον,The Enchanted Flute and Dagger,8ον,4.—,,
1904,IMG_1412.jpeg,Θ΄ ΔΩΡΑ ΚΑΙ ΒΡΑΒΕΙΑ ΕΙΣ ΠΑΙΔΙΑ ΚΑΙ ΕΦΗΒΟΥΣ,9. Gifts and Prizes for Children and Teenagers,— Παραμύθια μετὰ κεχρωματισμένων εἰκόνων,ΑΝΤΩΝΙΑΔΟΥ Κ.,Antoniadou K.,Περιπέτειαι τοῦ Μικροῦ Πλοιάρχου,Adventures of the Little Captain,8ον,5.—,,
1904,IMG_1413.jpeg,ΒΙΒΛΙΟΠΩΛΕΙΑ,Bookstores,,ΜΑΡΑΗ Μ. Π.,Maras M. P.,Ἀμοιβὴ τῆς τιμιότητος καὶ ἡ ἀληθὴς ἀγαθοεργία,Reward of Honesty and True Charity,σελίδες 56,3.—,,διηγήματα παιδικά
1904,IMG_1413.jpeg,ΔΕΛΑΣΤΑ-ΣΦΥΡΑ-ΓΕΡΑΡΔΟΥ,Delasta-Sfyra-Gerardou,,ΜΕΡΙΜΕ Προσπέρου,Prosper Merimee,Κολόμβα (χρυσόδετον),Colomba (gilt-bound),,,,χρυσόδετον
1904,IMG_1413.jpeg,ΔΕΛΑΣΤΑ-ΣΦΥΡΑ-ΓΕΡΑΡΔΟΥ,Delasta-Sfyra-Gerardou,,ΜΕΡΙΜΕ Προσπέρου,Prosper Merimee,Κολόμβα,Colomba,σελίδες 220,,,"διήγημα, μεταφρασθὲν ὑπὸ Ν. Γ."
1904,IMG_1413.jpeg,ΒΙΒΛΙΟΠΩΛΕΙΑ,Bookstores,,ΜΕΛΑ Λ.,Melas L.,Ὁ Χριστοφόρος ἢ τὸ ναυάγιον καὶ ἡ διάσωσις (χρυσόδετον),Christoforos or The Shipwreck and Rescue (gilt-bound),,20.—,,χρυσόδετον
1904,IMG_1413.jpeg,ΒΙΒΛΙΟΠΩΛΕΙΑ,Bookstores,,ΜΕΛΑ Λ.,Melas L.,Ὁ Χριστοφόρος ἢ τὸ ναυάγιον καὶ ἡ διάσωσις,Christoforos or The Shipwreck and Rescue,σελίδες 327,10.—,,
1904,IMG_1413.jpeg,ΒΙΒΛΙΟΠΩΛΕΙΑ,Bookstores,,ΜΑΡΟΥΔΗ Κ. Ι.,Maroudis K. I.,Τὸ Ἀναγνωσματάριον μου ἢ αἱ πρῶται μου παιδικαὶ γνώσεις,My Primer or My First Children's Knowledge,σελίδες 8,3.—,,
1904,IMG_1413.jpeg,ΒΙΒΛΙΟΠΩΛΕΙΑ,Bookstores,,ΜΕΛΑ Λ.,Melas L.,Ὁ Γεροστάθης ἢ ἀναμνήσεις τῆς παιδικῆς μου ἡλικίας,Gerostathis or Memories of My Childhood,σελίδες 495,10.—,,μετ' εἰκονογραφιῶν. Τόμοι 3
1904,IMG_1413.jpeg,ΒΙΒΛΙΟΠΩΛΕΙΑ,Bookstores,,MEADE L. T.,Meade L. T.,Ὁ Ἄγγελος τῆς ἀγάπης (πανδέδετον),The Angel of Love (full bound),,40.—,,πανδέδετον
1904,IMG_1413.jpeg,ΒΙΒΛΙΟΠΩΛΕΙΑ,Bookstores,,MEADE L. T.,Meade L. T.,Ὁ Ἄγγελος τῆς ἀγάπης,The Angel of Love,"8ον, σελ. 282",30.—,,"μετὰ 60 εἰκονογραφιῶν, μεταφρασθεὶς ἐκ τοῦ ἀγγλικοῦ, ὑπὸ Ἰουλίας Α. Σωμάκη"
1904,IMG_1413.jpeg,ΔΕΛΑΣΤΑ-ΣΦΥΡΑ-ΓΕΡΑΡΔΟΥ,Delasta-Sfyra-Gerardou,,ΜΙΝΡΩΔ,Minrod,Δημήτριος Ἀρμένιος,Dimitrios Armenios,σελίδες 88,,,"μετ' εἰκονογραφιῶν, χρυσόδετον"
1904,IMG_1413.jpeg,ΒΙΒΛΙΟΠΩΛΕΙΑ,Bookstores,,ΜΕΛΑ Λ.,Melas L.,Ὁ Γεροστάθης ἢ ἀναμνήσεις τῆς παιδικῆς μου ἡλικίας (χρυσόδετον),Gerostathis or Memories of My Childhood (gilt-bound),,20.—,,χρυσόδετον
1904,IMG_1413.jpeg,ΔΕΛΑΣΤΑ-ΣΦΥΡΑ-ΓΕΡΑΡΔΟΥ,Delasta-Sfyra-Gerardou,,ΜΠΑΡΤ καὶ ΧΙΡΣΤ,Barth & Hirst,Ἀλφαβητάριον μετὰ χρωματιστῶν εἰκόνων,Alphabet Book with Colored Pictures,"8ον, 4ον",,,
1904,IMG_1413.jpeg,ΔΕΛΑΣΤΑ-ΣΦΥΡΑ-ΓΕΡΑΡΔΟΥ,Delasta-Sfyra-Gerardou,,ΣΜΑΙΛΣ ΣΑΜΟΥΗΛ,Samuel Smiles,Βοήθει ἑαυτῷ,Self-Help,σελίδες 320,,,
1904,IMG_1413.jpeg,ΔΕΛΑΣΤΑ-ΣΦΥΡΑ-ΓΕΡΑΡΔΟΥ,Delasta-Sfyra-Gerardou,,ΝΟΤΚΑ ΣΤ.,Notkas St.,Ἠθικὰ Διηγήματα τῶν Παίδων,Moral Stories for Children,"8ον, σελ. 79",,,
1904,IMG_1413.jpeg,ΔΕΛΑΣΤΑ-ΣΦΥΡΑ-ΓΕΡΑΡΔΟΥ,Delasta-Sfyra-Gerardou,,ΠΑΛΑΜΑ ΚΑΣΤΗ,Palamas Kastis,Παιδιὰ τοῦ Νικίου,Children of Nikias,σελ. 356,,,"ὑπὸ Laurie, μετὰ 25 εἰκονογραφιῶν"
1904,IMG_1413.jpeg,ΔΕΛΑΣΤΑ-ΣΦΥΡΑ-ΓΕΡΑΡΔΟΥ,Delasta-Sfyra-Gerardou,,ΠΑΛΛΗ ΑΛΕΞ.,Pallis Alex.,Τραγουδάκια γιὰ παιδιά,Songs for Children,"4ον, σελίδες 39",,,
1904,IMG_1413.jpeg,ΔΕΛΑΣΤΑ-ΣΦΥΡΑ-ΓΕΡΑΡΔΟΥ,Delasta-Sfyra-Gerardou,,ΠΑΠΑΔΟΠΟΥΛΟΥ ΑΡΣΙΝΟΗΣ Γ.,Papadopoulou Arsinois G.,20 Διηγήματα,20 Stories,"32ον, σ. 384",,,Τόμοι A'-Γ'
1904,IMG_1413.jpeg,ΔΕΛΑΣΤΑ-ΣΦΥΡΑ-ΓΕΡΑΡΔΟΥ,Delasta-Sfyra-Gerardou,,ΠΑΠΑΔΟΠΟΥΛΟΥ Γ.,Papadopoulos G.,Τὸ Καλὸν Παιδί. Παιδικαὶ Συνδιαλέξεις,The Good Child. Children's Conversations,σ. 152,,,
1904,IMG_1413.jpeg,ΔΕΛΑΣΤΑ-ΣΦΥΡΑ-ΓΕΡΑΡΔΟΥ,Delasta-Sfyra-Gerardou,,ΠΕΚΙΟΥ ΑΛ. Κ.,Pekios Al. K.,Μαυρίκιος ἢ Ἡ Εὐεργεσία,Mavrikios or The Benefaction,"8ον, σελ. 211",,,ἠθικόν
1904,IMG_1413.jpeg,ΔΕΛΑΣΤΑ-ΣΦΥΡΑ-ΓΕΡΑΡΔΟΥ,Delasta-Sfyra-Gerardou,,ΣΑΜΑΡΤΣΙΔΟΥ ΧΡ.,Samartsidis Chr.,Ὁ Φώτης,Fotis,σελίδες 54,,,ποίημα
1904,IMG_1413.jpeg,ΔΕΛΑΣΤΑ-ΣΦΥΡΑ-ΓΕΡΑΡΔΟΥ,Delasta-Sfyra-Gerardou,,ΣΙΜΩΝΟΣ Ι.,Simon I.,Ὁ μικρὸς Πολίτης,The Little Citizen,σελίδες 168,,,"γαλλιστί, ὑπὸ Ἐμμανουὴλ"
1904,IMG_1413.jpeg,ΔΕΛΑΣΤΑ-ΣΦΥΡΑ-ΓΕΡΑΡΔΟΥ,Delasta-Sfyra-Gerardou,,ΣΚΟΡΔΕΛΗ ΒΛ. Γ.,Skordelis Vl. G.,Τὸ χωρίον τῆς δόσης,The Village of Dosi,σελίδες 48,,,
1904,IMG_1413.jpeg,ΔΕΛΑΣΤΑ-ΣΦΥΡΑ-ΓΕΡΑΡΔΟΥ,Delasta-Sfyra-Gerardou,,ΣΜΑΙΛΣ ΣΑΜΟΥΗΛ,Samuel Smiles,Βοήθει ἑαυτῷ (χρυσόδετον),Self-Help (gilt-bound),,,,χρυσόδετον
1904,IMG_1413.jpeg,ΔΕΛΑΣΤΑ-ΣΦΥΡΑ-ΓΕΡΑΡΔΟΥ,Delasta-Sfyra-Gerardou,,,,Συμπεριφορᾶς (περὶ) τοῦ πεπαιδευμένου ἀνθρώπου,On the Behavior of the Educated Man,32ον,,,
1904,IMG_1413.jpeg,ΒΙΒΛΙΟΠΩΛΕΙΑ,Bookstores,,Χρ. Σμὶθ,Chr. Schmid,Ἑκατὸν μικρὰ διηγήματα,One Hundred Short Stories,σελ. 192,4.—,,"διὰ τὰ παιδία, μεταφρασθέντα ἐκ τοῦ γαλλικοῦ μετὰ εἰκονογραφιῶν ὑπὸ Ν. Π. Θ. Μαντζουράνη"
1904,IMG_1413.jpeg,ΔΕΛΑΣΤΑ-ΣΦΥΡΑ-ΓΕΡΑΡΔΟΥ,Delasta-Sfyra-Gerardou,,,,Νέος Ῥοβινσῶν ἢ Ἐλβετός,The New Robinson Crusoe or The Swiss Family Robinson,"32ον, σελίδες 180",,,
1904,IMG_1413.jpeg,ΒΙΒΛΙΟΠΩΛΕΙΑ,Bookstores,,,,Λεύκωμα Παιδικόν,Children's Album,"8ον, σ. 32",2.—,,Περιοδικὸν ἐπὶ τῷ νέῳ ἔτει
1904,IMG_1413.jpeg,ΔΕΛΑΣΤΑ-ΣΦΥΡΑ-ΓΕΡΑΡΔΟΥ,Delasta-Sfyra-Gerardou,,ΣΜΙΘ ΧΡΙΣΤΟΦ.,Christoph von Schmid,Γενοβέφα ἢ ἡ θεόυσα,Genevieve,σελ. 112,,,μετὰ εἰκονογραφίας
1904,IMG_1413.jpeg,ΒΙΒΛΙΟΠΩΛΕΙΑ,Bookstores,,A. de-Saint Gervais,A. de-Saint Gervais,Μεγάλοι ἄνδρες ἐκ μικρῶν τεχνιτῶν,Great Men from Humble Artisans,"8ον, σελίδες 336",3.—,,ὑπὸ Σπ. Π. Λάμπρου
1904,IMG_1413.jpeg,Δῶρα καὶ Βραβεῖα,Gifts and Prizes,,ΓΕΓΗ Γ. Κ.,Gegis G. K.,Διηγήματα Μικρά,Short Stories,"32ον, σελίδες 64",1.—,,
1904,IMG_1413.jpeg,ΒΙΒΛΙΟΠΩΛΕΙΑ,Bookstores,,ΛΕΟΝΤΙΑΔΟΣ Σ.,Leontias S.,Ἱστορίαι ἠθοποιητικαί,Moralizing Stories,"32ον, σελίδες 80",6.—,,μετὰ ποιημάτων διὰ τὰ παιδία πρὸς ἀνάγνωσιν καὶ ἀποστήθισιν
1904,IMG_1413.jpeg,Δῶρα καὶ Βραβεῖα,Gifts and Prizes,,ΔΑΡΒΑΡΕΩΣ Δ. Ν.,Darvaris D. N.,Χειραγωγία εἰς τὴν καλοκαγαθίαν,Guidance to Virtuousness,σελίδες 137,5.—,,διασκευασθεῖσα ὑπὸ Ζήκου Ῥώση
1904,IMG_1413.jpeg,Δῶρα καὶ Βραβεῖα,Gifts and Prizes,,ΔΗΜΟΥ ΣΟΦΙΑΣ,Dimou Sofias,᾿Αγροτικὸς Οἰκίσκος,Rural Cottage,σελίδες 171,14.—,,"διήγημα τῆς κυρίας Marthe Bertin, μετὰ εἰκόνων"
1904,IMG_1413.jpeg,Δῶρα καὶ Βραβεῖα,Gifts and Prizes,,ΔΡΟΣΙΝΗ Γ.,Drosinis G.,Παραμύθια,Fairy Tales,σ. 102,7.—,,
1904,IMG_1413.jpeg,Δῶρα καὶ Βραβεῖα,Gifts and Prizes,,ΔΡΟΣΙΝΗ Γ.,Drosinis G.,Παραμύθια (χρυσόδετον),Fairy Tales (gilt-bound),,11.—,,χρυσόδετον
1904,IMG_1413.jpeg,Δῶρα καὶ Βραβεῖα,Gifts and Prizes,,ΖΥΓΟΥΡΑ Ξ.,Zygouras X.,Ἐλευθέριος,Eleutherios,σ. 207,5.—,,διήγημα παιδαγωγικὸν μετὰ ποιημάτων
1904,IMG_1413.jpeg,Δῶρα καὶ Βραβεῖα,Gifts and Prizes,,ΖΥΓΟΥΡΑ Ξ.,Zygouras X.,Συλλογὴ ᾿Ηθικῶν Διηγημάτων,Collection of Moral Stories,32ον,6.—,,μεταφρασθέντων
1904,IMG_1413.jpeg,Δῶρα καὶ Βραβεῖα,Gifts and Prizes,,FOUNET E.,Founet E.,Le Robinson des Glaces,The Robinson of the Ice,"32ον, σελίδες 352",10.—,,δεδεμ.
1904,IMG_1413.jpeg,Δῶρα καὶ Βραβεῖα,Gifts and Prizes,,ΚΑΝΑΚΑΡΗ ΕΥΘΥΜΙΑΣ Γ.,Kanakari Efthymias G.,Ἡ Μέλισσά μου ἐν Βιβλιοθήκαις,My Bee in Libraries,σελίδες 176,5.—,,"ἤτοι συλλογὴ ποικίλης, ὠφελίμου καὶ τερπνῆς ὕλης"
1904,IMG_1413.jpeg,Δῶρα καὶ Βραβεῖα,Gifts and Prizes,,ΚΙΖΕΛΟΥ ΚΑΡ.,Kizelou Kar.,Ὁ Περσεύς,Perseus,"16ον, σελίδες 84",5.—,,"διήγημα μυθολογικόν, μετάφρασις ἐκ τῆς ἀγγλικῆς χάριν τῶν παίδων, ὑπὸ Μ. Κωνσταντινίδου"
1904,IMG_1413.jpeg,Δῶρα καὶ Βραβεῖα,Gifts and Prizes,,ΚΟΡΟΜΗΛΑ Δ. Α.,Koromilas D. A.,Διηγήματα - Τομίδιον Α',Stories - Volume A',σελίδες 78,2.—,,
1904,IMG_1413.jpeg,Δῶρα καὶ Βραβεῖα,Gifts and Prizes,,ΖΥΓΟΥΡΑ Ξ.,Zygouras X.,Θεόφιλος ἢ Νέος Ἐρημίτης,Theophilos or The Young Hermit,σελίδες 144,3.—,,διήγημα
1904,IMG_1413.jpeg,Δῶρα καὶ Βραβεῖα,Gifts and Prizes,Παιδικὴ Βιβλιοθήκη τοῦ Συλλόγου πρὸς διάδοσιν τῶν Ὠφελίμων Βιβλίων. Ἀρ. 2,ΚΟΥΡΤΙΔΟΥ Α. Π.,Kourtidis A. P.,Ὁ Γῦρος τῆς Οἰκίας,Around the House,σελίδες 160,10.—,,"διασκευὴ ἀπὸ τὸ γερμανικὸν, χαρτόδετον"
1904,IMG_1413.jpeg,Δῶρα καὶ Βραβεῖα,Gifts and Prizes,,ΚΟΡΟΜΗΛΑ Δ. Α.,Koromilas D. A.,Διηγήματα - Τομίδιον Β',Stories - Volume B',σελίδες 78,2.—,,
1904,IMG_1413.jpeg,ΒΙΒΛΙΟΠΩΛΕΙΑ,Bookstores,,ΚΩΝΣΤΑΝΤΙΝΙΔΟΥ Π.,Konstantinidis P.,Μικρὰ Διηγήματα,Short Stories,"32ον, σελίδες 65",3.—,,
1904,IMG_1413.jpeg,ΒΙΒΛΙΟΠΩΛΕΙΑ,Bookstores,,Ἰουλίου Βὲρν καὶ Α. Λώρη,Jules Verne & Andre Laurie,Ναυαγὸς τῆς Κυνθίας (χρυσόδετον),The Waif of the Cynthia (gilt-bound),,20.—,,χρυσόδετον
1904,IMG_1413.jpeg,ΒΙΒΛΙΟΠΩΛΕΙΑ,Bookstores,,Ἰουλίου Βὲρν καὶ Α. Λώρη,Jules Verne & Andre Laurie,Ναυαγὸς τῆς Κυνθίας,The Waif of the Cynthia,σελίδες 337,13.20,,μετ' εἰκόνων
1904,IMG_1413.jpeg,ΒΙΒΛΙΟΠΩΛΕΙΑ,Bookstores,,Dupuis E.,Dupuis E.,Μαθηταὶ τοῦ Εὐσεβίου (χρυσόδετον),Disciples of Eusebius (gilt-bound),,14.—,,χρυσόδετον
1904,IMG_1413.jpeg,ΒΙΒΛΙΟΠΩΛΕΙΑ,Bookstores,,Dupuis E.,Dupuis E.,Μαθηταὶ τοῦ Εὐσεβίου,Disciples of Eusebius,σελίδες 161,6.—,,διήγημα
1904,IMG_1413.jpeg,ΒΙΒΛΙΟΠΩΛΕΙΑ,Bookstores,,ΛΑΜΠΙΣΗ Α. Γ.,Lampisis A. G.,"Ἡ Μαρία, ἤτοι ἐκ προνοίας δείγματα","Maria, or Proofs of Providence",σελ. 160,4.—,,διήγημα
1904,IMG_1413.jpeg,Δῶρα καὶ Βραβεῖα,Gifts and Prizes,,Μέϊν 'Ρήδ,Mayne Reid,Εἰς τὴν θάλασσαν !,To the Sea!,σελίδες 158,7.—,,"παράφρασις [ὑπὸ Α. Π. Κουρτίδου], μετ' εἰκονογραφιῶν"
1904,IMG_1413.jpeg,Δῶρα καὶ Βραβεῖα,Gifts and Prizes,,ΚΟΥΡΤΙΔΟΥ Α. Π.,Kourtidis A. P.,Παιδικὰ Διηγήματα (χρυσόδετον),Children's Stories (gilt-bound),,20.—,,χρυσόδετον
1904,IMG_1413.jpeg,Δῶρα καὶ Βραβεῖα,Gifts and Prizes,,ΚΟΥΡΤΙΔΟΥ Α. Π.,Kourtidis A. P.,Παιδικὰ Διηγήματα,Children's Stories,"8ον, σελίδες 141",12.—,,μετ' εἰκόνων
1904,IMG_1413.jpeg,Δῶρα καὶ Βραβεῖα,Gifts and Prizes,,ΚΟΥΡΤΙΔΟΥ Α. Π.,Kourtidis A. P.,Ὁ Γῦρος τῆς Οἰκίας (χρυσόδετον),Around the House (gilt-bound),,15.—,,χρυσόδετον
1904,IMG_1413.jpeg,Δῶρα καὶ Βραβεῖα,Gifts and Prizes,,Μέϊν 'Ρήδ,Mayne Reid,Εἰς τὴν θάλασσαν ! (χρυσόδετον),To the Sea! (gilt-bound),,14.—,,χρυσόδετον
1904,IMG_1414.jpeg,Δῶρα καὶ Βραβεῖα,Gifts and Awards,,ΦΕΡΝΙΟΥ Π. Ι.,P. I. Fernios,Ἡ Νίνα (χρυσόδετον),Nina (gilt bound),σελίδες 373,22.—,,χρυσόδετον
1904,IMG_1414.jpeg,Δῶρα καὶ Βραβεῖα,Gifts and Awards,,ΦΕΡΝΙΟΥ Π. Ι. (P. Stahl καὶ J. Dermon),P. I. Fernios (P. Stahl and J. Dermon),"Ἡ Νίνα, αἱ ἑξ θεῖαί της καὶ οἱ ἑπτὰ ἐξάδελφοί της","Nina, Her Six Aunts and Her Seven Cousins",σελίδες 373,15.—,,"διήγημα, μετὰ εἰκόνων"
1904,IMG_1414.jpeg,Δῶρα καὶ Βραβεῖα,Gifts and Awards,,ΦΑΛΛΙΕΡΟΥ Κ. Ι. καὶ ΚΩΝΣΤΑΝΤΙΝΟΥ Ι. Κ.,K. I. Fallieros and I. K. Konstantinou,Παιδικὸν Ἐγκόλπιον,Children's Manual,σελίδες 128,5.—,,"πλῆρες ὑποθηκῶν, τερπνῶν διηγήσεων, συμβουλῶν καὶ ἠθικῶν παραγγελμάτων"
1904,IMG_1414.jpeg,Δῶρα καὶ Βραβεῖα,Gifts and Awards,,,,Συμπεριφοράς (περὶ) τοῦ πεπολιτισμένου ἀνθρώπου,On the Behavior of the Civilized Man,"32ον, σ. 23",0.10,,
1904,IMG_1414.jpeg,Δῶρα καὶ Βραβεῖα,Gifts and Awards,,ΣΜΙΘ ΧΡΙΣΤΟΦ.,Christoph von Schmid,Γενοβέφα ἢ ἀρετὴ θριαμβεύουσα,Genevieve or Virtue Triumphant,σελίδες 112,1.—,,μετὰ εἰκονογραφιῶν
1904,IMG_1414.jpeg,Δῶρα καὶ Βραβεῖα,Gifts and Awards,,ΣΜΑΪΛΗΣ Σαμουὴλ,Samuel Smiles,Βοήθει ἑαυτόν (χρυσόδετον),Self-Help (gilt bound),σελίδες 320,18.—,,χρυσόδετον
1904,IMG_1414.jpeg,Δῶρα καὶ Βραβεῖα,Gifts and Awards,,ΣΙΜΩΝΟΣ Ι. (μετάφρ. Ἐμμανουὴλ Γαλάνη),J. Simon (trans. Emmanuel Galanis),Ὁ μικρὸς Πολίτης,The Little Citizen,σελίδες 168,2.—,,ἐκ τοῦ γαλλικοῦ
1904,IMG_1414.jpeg,Δῶρα καὶ Βραβεῖα,Gifts and Awards,,ΣΚΟΡΔΕΛΗ Βλ. Γ.,Vl. G. Skordelis,Τὸ χωρίον τῆς 'Ροδόπης,The Village of Rhodope,σελίδες 48,10.—,,
1904,IMG_1414.jpeg,Δῶρα καὶ Βραβεῖα,Gifts and Awards,,ΣΑΜΑΡΤΣΙΔΟΥ Χρ.,Chr. Samartsidos,Ὁ Φίλης,Philes,σελίδες 54,1.20,,ποίημα
1904,IMG_1414.jpeg,Δῶρα καὶ Βραβεῖα,Gifts and Awards,,ΠΕΚΙΟΥ Αλ. Κ.,Al. K. Pekios,Μανρόγκος ἤ Ἐργασία,Manrogkos or Labor,"8ον, σελ. 211",5.—,,διήγημα ἠθικόν
1904,IMG_1414.jpeg,Δῶρα καὶ Βραβεῖα,Gifts and Awards,,ΠΑΠΑΔΟΠΟΥΛΟΥ Γ.,G. Papadopoulos,Τὸ Καλὸν Παιδίον ἢ Παιδικαὶ Συνδιαλέξεις,The Good Child or Children's Conversations,σ. 152,5.—,,
1904,IMG_1414.jpeg,Δῶρα καὶ Βραβεῖα,Gifts and Awards,,ΣΜΑΪΛΗΣ Σαμουὴλ,Samuel Smiles,Βοήθει ἑαυτόν,Self-Help,σελίδες 320,9.—,,
1904,IMG_1414.jpeg,Δῶρα καὶ Βραβεῖα,Gifts and Awards,,ΦΕΡΝΙΟΥ Π. Ι. (A. Λώρη),P. I. Fernios (A. Laurie),Θῦμα τοῦ φθόνου,Victim of Envy,σελ. 420,15.—,,διήγημα μετ' εἰκόνων
1904,IMG_1414.jpeg,Δῶρα καὶ Βραβεῖα,Gifts and Awards,Χρυσόδετα βιβλία,ΒΑΜΠΑ Α.,A. Vampas,Μικρὰ Καλύβη τοῦ Δάσους,The Little Cabin of the Forest,σελίδες 54,7.—,,
1904,IMG_1414.jpeg,Δῶρα καὶ Βραβεῖα,Gifts and Awards,,ΦΕΡΝΙΟΥ Π. Ι. (P. Stahl),P. I. Fernios (P. Stahl),Μαρονσία,Marousia,σ. 312,15.—,,διήγημα μετὰ πολλῶν εἰκόνων
1904,IMG_1414.jpeg,Δῶρα καὶ Βραβεῖα,Gifts and Awards,,ΦΕΡΝΙΟΥ Π. Ι.,P. I. Fernios,Μαρονσία (χρυσόδετον),Marousia (gilt bound),σ. 312,22.—,,χρυσόδετον
1904,IMG_1414.jpeg,Δῶρα καὶ Βραβεῖα,Gifts and Awards,,ΦΕΡΝΙΟΥ Π. Ι. (A. Gennevraye),P. I. Fernios (A. Gennevraye),Ὁ Πυρετοσκόπης,The Pyretoscope,σ. 368,15.—,,διήγημα μετ' εἰκόνων
1904,IMG_1414.jpeg,Δῶρα καὶ Βραβεῖα,Gifts and Awards,,ΦΕΡΝΙΟΥ Π. Ι.,P. I. Fernios,Ὁ Πυρετοσκόπης (χρυσόδετον),The Pyretoscope (gilt bound),σ. 368,22.—,,χρυσόδετον
1904,IMG_1414.jpeg,Δῶρα καὶ Βραβεῖα,Gifts and Awards,,ΦΕΡΝΙΟΥ Π. Ι.,P. I. Fernios,Τὸ Παιδίον τῶν Δασῶν,The Child of the Woods,σελίδες 192,5.20,,"μετ' εἰκόνων, χαρτόδ."
1904,IMG_1414.jpeg,Δῶρα καὶ Βραβεῖα,Gifts and Awards,,ΦΕΡΝΙΟΥ Π. Ι.,P. I. Fernios,Τὸ Παιδίον τῶν Δασῶν (χρυσόδετον),The Child of the Woods (gilt bound),σελίδες 192,12.20,,χρυσόδετον
1904,IMG_1414.jpeg,Δῶρα καὶ Βραβεῖα,Gifts and Awards,,ΨΑΡΑ Π.,P. Psaras,"Τέσσαρα ἠθικὰ διηγήματα, πρὸς χρῆσιν τῶν κορασίων","Four Moral Stories, for Girls' Use",σελ. 56,3.—,,
1904,IMG_1414.jpeg,Δῶρα καὶ Βραβεῖα,Gifts and Awards,Χρυσόδετα βιβλία,,,Ἀκολουθία τῆς Ἁγίας καὶ Μεγάλης Ἑβδομάδος,Service of Holy and Great Week,,35.—,,δέσμιον Παρισίων μετὰ βελόνου καὶ φύλλα ἐπίχρυσα
1904,IMG_1414.jpeg,Δῶρα καὶ Βραβεῖα,Gifts and Awards,Χρυσόδετα βιβλία,ΑΜΒΡΑΣΗ Ν. Χ.,N. Ch. Amvrasis,Ὁ Ὀρθόδοξος καὶ Ἔλλην ἱεραπόστολος Φιλόθεος μεταξὺ τῶν ἀγρίων καὶ ἀνθρωποφάγων κλπ.,The Orthodox and Greek Missionary Philotheos among Savages and Cannibals etc.,"8ον, σελίδες 244",20.—,,μετ' εἰκόνων
1904,IMG_1414.jpeg,Δῶρα καὶ Βραβεῖα,Gifts and Awards,Χρυσόδετα βιβλία,ΑΥΘΕΝΤΟΠΟΥΛΟΥ Μ.,M. Authentopoulos,'Ροβινσὼν Κροῦσος,Robinson Crusoe,σελίδες 168,8.—,,
1904,IMG_1414.jpeg,Δῶρα καὶ Βραβεῖα,Gifts and Awards,Χρυσόδετα βιβλία,ΒΑΛΑΒΑΝΗ ΙΩΑΚΕΙΜ,Joachim Valavanis,Ἀναγνωσματάριον ἐκ τοῦ Ἡροδότου,Reader from Herodotus,σελ. ιϛ'—224,10.—,,
1904,IMG_1414.jpeg,Δῶρα καὶ Βραβεῖα,Gifts and Awards,Χρυσόδετα βιβλία,ΒΑΛΑΒΑΝΗ ΙΩΑΚΕΙΜ,Joachim Valavanis,Νεοελληνικὴ Κιβωτός,Modern Greek Ark,,10.—,,"Τόμοι 3, ἕκαστος"
1904,IMG_1414.jpeg,Δῶρα καὶ Βραβεῖα,Gifts and Awards,,ΠΑΠΑΔΟΠΟΥΛΟΥ Η. Π. ΥΔΡΑΙΟΥ,I. P. Papadopoulos Ydraios,Παιδικὸν Πνεῦμα. Γορδίδια Α'–Γ',Children's Spirit. Knots A'–C',"32ον, σ. 384",5.—,,
1904,IMG_1414.jpeg,Δῶρα καὶ Βραβεῖα,Gifts and Awards,,ΦΕΡΝΙΟΥ Π. Ι.,P. I. Fernios,Θῦμα τοῦ φθόνου (χρυσόδετον),Victim of Envy (gilt bound),σελ. 420,22.—,,χρυσόδετον
1904,IMG_1414.jpeg,Δῶρα καὶ Βραβεῖα,Gifts and Awards,,ΠΑΠΑΔΟΠΟΥΛΟΥ ΑΡΣΙΝΟΗΣ Γ.,Arsinoe G. Papadopoulou,20 Διηγήματα πρὸς χρῆσιν τῶν παιδίων,20 Stories for Children's Use,σ. 37,3.—,,
1904,IMG_1414.jpeg,Δῶρα καὶ Βραβεῖα,Gifts and Awards,,ΝΟΥΚΑ Στ.,St. Noukas,Ἠθικὰ Διηγήματα τῶν Παιδίων,Moral Stories for Children,"8ον, σελ. 79",4.—,,
1904,IMG_1414.jpeg,Δῶρα καὶ Βραβεῖα,Gifts and Awards,,ΠΑΛΑΜΑ ΚΩΣΤΗ,Kostis Palamas,Πρόως δ' Νικίου (χρυσόδετον),Proos d' Nikias (gilt bound),σελίδες ιϛ'—356,22.—,,χρυσόδετον
1904,IMG_1414.jpeg,Δῶρα καὶ Βραβεῖα,Gifts and Awards,,Dupuis E.,E. Dupuis,Μαθηταὶ τοῦ Εὐσεβίου,Disciples of Eusebius,σελίδες 161,6.—,,διήγημα
1904,IMG_1414.jpeg,Δῶρα καὶ Βραβεῖα,Gifts and Awards,,Dupuis E.,E. Dupuis,Μαθηταὶ τοῦ Εὐσεβίου (χρυσόδετον),Disciples of Eusebius (gilt bound),σελίδες 161,14.—,,χρυσόδετον
1904,IMG_1414.jpeg,Δῶρα καὶ Βραβεῖα,Gifts and Awards,,Ιούλιος Βέρν καὶ A. Λώρη,Jules Verne and A. Laurie,Ναυαγὸς τῆς Κυνθίας,The Waif of the Cynthia,σελίδες 337,13.20,,μετ' εἰκόνων
1904,IMG_1414.jpeg,Δῶρα καὶ Βραβεῖα,Gifts and Awards,,Ιούλιος Βέρν καὶ A. Λώρη,Jules Verne and A. Laurie,Ναυαγὸς τῆς Κυνθίας (χρυσόδετον),The Waif of the Cynthia (gilt bound),σελίδες 337,20.—,,χρυσόδετον
1904,IMG_1414.jpeg,Δῶρα καὶ Βραβεῖα,Gifts and Awards,,ΠΑΛΛΗ ΑΛΕΞ.,Alex. Pallis,Τραγουδάκια γιὰ παιδιά,Little Songs for Children,"4ον, σελίδες 39",3.—,,
1904,IMG_1414.jpeg,Δῶρα καὶ Βραβεῖα,Gifts and Awards,,ΚΩΝΣΤΑΝΤΙΝΙΔΟΥ Π.,P. Konstantinidou,"Ἡ Μαρία, ἤτοι ἡ ἐκ προνοίας σωτηρία","Maria, or Salvation by Providence",σελ. 160,4.—,,διήγημα
1904,IMG_1414.jpeg,Δῶρα καὶ Βραβεῖα,Gifts and Awards,,ΚΩΝΣΤΑΝΤΙΝΙΔΟΥ Π.,P. Konstantinidou,Ἀγωγή τῶν Παιδίων ἐν παραδείγμασιν,Upbringing of Children in Examples,σελίδες 160,3.—,,
1904,IMG_1414.jpeg,Δῶρα καὶ Βραβεῖα,Gifts and Awards,,A. de-Saint Gervais (μετάφρ. Π. ΣΠ.),A. de-Saint Gervais (trans. P. Sp.),Ὁ Μεγάλος ἄνδρες ἐκ μικρῶν παιδίων,Great Men from Young Boys,σελίδες 336,6.—,,διήγημα
1904,IMG_1414.jpeg,Δῶρα καὶ Βραβεῖα,Gifts and Awards,,ΝΟΥΚΑ ΣΤ.,St. Noukas,"Ἱστορίαι ἠθοποιητικαί, συναρμοσθεῖσαι διὰ τὰ παιδία πρὸς ἀνάγνωσιν καὶ ἀποστήθισιν","Moral Stories, Adapted for Children to Read and Memorize","32ον, σελ. 192",2.—,,
1904,IMG_1414.jpeg,Δῶρα καὶ Βραβεῖα,Gifts and Awards,,ΝΟΥΚΑ ΣΤ.,St. Noukas,Παιδικὸν Περιοδικόν,Children's Periodical,"8ον, σ. 32",4.—,,
1904,IMG_1414.jpeg,Δῶρα καὶ Βραβεῖα,Gifts and Awards,,Π. Ν. Θ.,P. N. Th.,"Ἑκατὸν μικρὰ διηγήματα, ἐκ τοῦ γαλλικοῦ","One Hundred Short Stories, from French",σελ. 192,4.—,,
1904,IMG_1414.jpeg,Δῶρα καὶ Βραβεῖα,Gifts and Awards,,Π. Ν. Θ.,P. N. Th.,"Ἀμοιβὴ τῆς τιμιότητος καὶ Ἀγαθοεργία, διηγήματα παιδικά","Reward of Honesty and Charity, Children's Stories",σελ. 56,3.—,,
1904,IMG_1414.jpeg,Δῶρα καὶ Βραβεῖα,Gifts and Awards,,Π. Ν. Θ.,P. N. Th.,Ἀναγνωσματάριον μου,My Reader,,3.—,,
1904,IMG_1414.jpeg,Δῶρα καὶ Βραβεῖα,Gifts and Awards,,ΚΩΝΣΤΑΝΤΙΝΙΔΟΥ Π.,P. Konstantinidou,Μικρὰ Διηγήματα,Short Stories,σελίδες 6'—95,3.—,,
1904,IMG_1414.jpeg,Δῶρα καὶ Βραβεῖα,Gifts and Awards,,Swinford A.,A. Swinford,Ὁ Ἄγγελος τῆς ἀγάπης (χρυσόδετον),The Angel of Love (gilt bound),σελ. 282,40.—,,χρυσόδετον
1904,IMG_1414.jpeg,Δῶρα καὶ Βραβεῖα,Gifts and Awards,,Swinford A. (μετάφρ. Ἰουλίας Α. Σωτηριάδου),A. Swinford (trans. Ioulia A. Sotiriadou),Ὁ Ἄγγελος τῆς ἀγάπης,The Angel of Love,σελ. 282,30.—,,μετ' εἰκονογραφιῶν
1904,IMG_1414.jpeg,Δῶρα καὶ Βραβεῖα,Gifts and Awards,,ΠΑΛΑΜΑ ΚΩΣΤΗ (André Laurie),Kostis Palamas (André Laurie),Πρόως δ' Νικίου,Proos d' Nikias,σελίδες ιϛ'—356,15.—,,μετὰ 25 εἰκονογραφιῶν
1904,IMG_1414.jpeg,Δῶρα καὶ Βραβεῖα,Gifts and Awards,,ΜΠΑΡΤ ΚΑΙ ΧΙΡΣΤ,Barth and Hirst,Ἀλφαβητάριον μέγα,Great Alphabet Book,4ον,3.—,,"μετὰ χρωματιστῶν εἰκόνων, χαρτόδετον"
1904,IMG_1414.jpeg,Δῶρα καὶ Βραβεῖα,Gifts and Awards,,,,Μικρὸς Δημήτριος Ἀρκετής (χρυσόδετον),Little Demetrios Arketis (gilt bound),σελίδες 88,9.—,,χρυσόδετον
1904,IMG_1414.jpeg,Δῶρα καὶ Βραβεῖα,Gifts and Awards,,,,Μικρὸς Δημήτριος Ἀρκετής,Little Demetrios Arketis,σελίδες 88,4.—,,"διήγημα μετ' εἰκονογραφιῶν, χαρτόδετον"
1904,IMG_1414.jpeg,Δῶρα καὶ Βραβεῖα,Gifts and Awards,,,,Νέος 'Ροβινσὼν ἤ Ἐλβετός,New Robinson or Swiss Family Robinson,"32ον, σελίδες 180",3.—,,
1904,IMG_1414.jpeg,Δῶρα καὶ Βραβεῖα,Gifts and Awards,,ΜΕΡΙΜΕ ΠΡΟΣΠΕΡΟΥ,Prosper Mérimée,Κολοῦμβα,Colomba,σελίδες 220,9.—,,"διήγημα μετ' εἰκόνων, μεταφρασθὲν ὑπὸ Ν. Γ. Πολίτου"
1904,IMG_1414.jpeg,Δῶρα καὶ Βραβεῖα,Gifts and Awards,,Swinford A.,A. Swinford,Ὁ τὸ ναυάγιον (χρυσόδετον),The Shipwreck (gilt bound),σελίδες 327,20.—,,χρυσόδετον
1904,IMG_1414.jpeg,Δῶρα καὶ Βραβεῖα,Gifts and Awards,,Swinford A.,A. Swinford,Ὁ τὸ ναυάγιον,The Shipwreck,σελίδες 327,10.—,,
1904,IMG_1414.jpeg,Δῶρα καὶ Βραβεῖα,Gifts and Awards,,Swinford A.,A. Swinford,Ἀναμνήσεις τῆς παιδικῆς ἡλικίας (χρυσόδετον),Memories of Childhood (gilt bound),σελίδες 495,20.—,,χρυσόδετον
1904,IMG_1414.jpeg,Δῶρα καὶ Βραβεῖα,Gifts and Awards,,Swinford A.,A. Swinford,Ἀναμνήσεις τῆς παιδικῆς ἡλικίας,Memories of Childhood,σελίδες 495,10.—,,μετ' εἰκονογραφιῶν
1904,IMG_1414.jpeg,Δῶρα καὶ Βραβεῖα,Gifts and Awards,,ΜΕΡΙΜΕ ΠΡΟΣΠΕΡΟΥ,Prosper Mérimée,Κολοῦμβα (χρυσόδετον),Colomba (gilt bound),σελίδες 220,18.—,,χρυσόδετον
1904,IMG_1415.jpeg,ΒΙΒΛΙΟΠΩΛΕΙΑ,Bookstores,,ΘΙΕΡΣΟΥ A.,Adolphe Thiers,Ἱστορία τοῦ Μεγάλου Ναπολέοντος,History of Napoleon the Great,"τόμοι 2, 8ον, σ. 2047",65.—,,Translated by Chr. Byzantios
1904,IMG_1415.jpeg,Δῶρα καὶ Βραβεῖα,Gifts and Prizes,,ΔΕΠΑΣΤΑ Τ. Α.,T. A. Depastas,Ἐκλογὴ τροπαρίων καὶ ποιημάτων,Selection of troparia and poems,,8.—,,
1904,IMG_1415.jpeg,ΒΙΒΛΙΟΠΩΛΕΙΑ,Bookstores,,,,"Διδασκαλία τῶν Παίδων, περιοδικὸν σύγγραμμα μετ' εἰκόνων (Τόμος A'-ΚΔ', 1879-93)","Teaching of Children, illustrated periodical (Volumes 1-24, 1879-93)",2 ἐξαμηνίαι,40.—,,Per bound volume
1904,IMG_1415.jpeg,ΒΙΒΛΙΟΠΩΛΕΙΑ,Bookstores,,,,"Διδασκαλία τῶν Παίδων, περιοδικὸν σύγγραμμα μετ' εἰκόνων (Τόμος ΚΕ'-ΛΓ', 1894-904)","Teaching of Children, illustrated periodical (Volumes 25-33, 1894-1904)",,47.20,,
1904,IMG_1415.jpeg,ΒΙΒΛΙΟΠΩΛΕΙΑ,Bookstores,,ΔΡΟΥΣΕΝ Ι. Γ.,J. G. Droysen,Ἱστορία τοῦ Μεγάλου Ἀλεξάνδρου,History of Alexander the Great,"8ον, σελίδες 924",45.—,,
1904,IMG_1415.jpeg,ΒΙΒΛΙΟΠΩΛΕΙΑ,Bookstores,,ΔΡΟΥΣΕΝ Ι. Γ.,J. G. Droysen,Ἱστορία τῶν Διαδόχων,History of the Diadochi,"8ον, σελίδες 792",45.—,,
1904,IMG_1415.jpeg,ΒΙΒΛΙΟΠΩΛΕΙΑ,Bookstores,,ΔΡΟΥΣΕΝ Ι. Γ.,J. G. Droysen,"Ἱστορία τῶν Ἐπιγόνων, Μέρος Α'","History of the Epigoni, Part 1",σελίδες 539,45.—,,
1904,IMG_1415.jpeg,ΒΙΒΛΙΟΠΩΛΕΙΑ,Bookstores,,ΔΡΟΥΣΕΝ Ι. Γ.,J. G. Droysen,"Ἱστορία τῶν Ἐπιγόνων, Μέρος Β'","History of the Epigoni, Part 2",,45.—,,
1904,IMG_1415.jpeg,ΒΙΒΛΙΟΠΩΛΕΙΑ,Bookstores,,ΙΕΡΩΝΥΜΟΥ Α. Μ.,A. M. Hieronymos,Ἰωάννης Κασσιανός,John Cassian,σελίδες 160,20.—,,
1904,IMG_1415.jpeg,ΒΙΒΛΙΟΠΩΛΕΙΑ,Bookstores,,ΚΩΝΣΤΑΝΤΙΝΙΔΟΥ Μ.,M. Konstantinidis,Θεοὶ καὶ ἄνδρες,Gods and Men,"8ον, σελ. 262",30.—,,
1904,IMG_1415.jpeg,ΒΙΒΛΙΟΠΩΛΕΙΑ,Bookstores,,ΚΑΜΠΟΥΡΟΓΛΟΥ Ι. Κ.,I. K. Kampouroglou,"Διὰ τὰ παιδιά (μικρά, μεγαλύτερα, μεγάλα), ἑλληνικὰ ποιήματα","For Children (small, older, grown-up), Greek poems","32ον, σελίδες 130",15.—,,
1904,IMG_1415.jpeg,ΒΙΒΛΙΟΠΩΛΕΙΑ,Bookstores,,ΚΑΣΔΟΝΗ Γ.,G. Kasdonis,Ἑλληνικὰ Διηγήματα διαφόρων νεωτέρων συγγραφέων μετὰ τῶν εἰκόνων αὐτῶν,Greek Short Stories of various modern authors with their portraits,"8ον, σ. 530",30.—,,
1904,IMG_1415.jpeg,ΒΙΒΛΙΟΠΩΛΕΙΑ,Bookstores,,ΚΕΜΠΙΣ ΤΗ.,Thomas à Kempis,Περὶ μιμήσεως τοῦ Ἰησοῦ Χριστοῦ,On the Imitation of Christ,"8ον, σελίδες 368",18.—,,
1904,IMG_1415.jpeg,ΒΙΒΛΙΟΠΩΛΕΙΑ,Bookstores,,ΚΥΡΙΑΚΙΔΟΥ ΕΠ.,Ep. Kyriakidis,Ἡ δεκάτη ἐνάτη Ἑκατονταετηρίς,The Nineteenth Century,σελ. 348,160.—,,One volume with European illustrations
1904,IMG_1415.jpeg,ΒΙΒΛΙΟΠΩΛΕΙΑ,Bookstores,,ΛΑΣΚΑΡΙΔΟΥ ΑΙΚΑΤΕΡΙΝΗΣ,Aikaterini Laskaridou,Τέρψις τῶν Παίδων,Children's Delight,"8ον, σελ. 133",12.—,,
1904,IMG_1415.jpeg,ΒΙΒΛΙΟΠΩΛΕΙΑ,Bookstores,,ΛΕΟΦ Π.,P. Leof,'Ρωσσικὰ Διηγήματα,Russian Stories,"8ον, σελίδες 317",25.—,,
1904,IMG_1415.jpeg,ΒΙΒΛΙΟΠΩΛΕΙΑ,Bookstores,,ΜΑΡΚΟΠΟΥΛΟΥ Κ. Ν.,K. N. Markopoulos,"Ἐνθυμήσεις, ποιήματα","Reminiscences, poems",σελίδες 192,10.—,,
1904,IMG_1415.jpeg,Δῶρα καὶ Βραβεῖα,Gifts and Prizes,,ΔΕΛΑΡΓΚ P.,R. Delargue,"Ταξίδια τοῦ Χριστοφόρου Κολόμβου, μετ' εἰκόνων","Voyages of Christopher Columbus, illustrated","8ον, σελίδες 640",20.—,,
1904,IMG_1415.jpeg,ΒΙΒΛΙΟΠΩΛΕΙΑ,Bookstores,,ΙΩΑΝΝΙΔΟΥ Ι. Π.,I. P. Ioannidis,Κιθάρα τῶν Παίδων,Children's Lyre,σελίδες 80,4.—,,
1904,IMG_1415.jpeg,Δῶρα καὶ Βραβεῖα,Gifts and Prizes,,DECHARME P.,P. Decharme,Μυθολογία τῆς Ἀρχαίας Ἑλλάδος,Mythology of Ancient Greece,"8ον, σ. 773",60.—,,Translated by Alex. M. Karalis
1904,IMG_1415.jpeg,Δῶρα καὶ Βραβεῖα,Gifts and Prizes,,ΒΑΣΙΛΕΙΟΥ,Vasileiou,"Περὶ τοῦ Ἁγίου Γρηγορίου τοῦ Θεολόγου, μελέτη",Study on Saint Gregory the Theologian,"8ον, σ. 193",20.—,,
1904,IMG_1415.jpeg,Δῶρα καὶ Βραβεῖα,Gifts and Prizes,,ΒΟΥΤΥΡΑ ΣΤ. Ι.,St. I. Voutyras,"Συνέκδημος Ἱερός, δερμάτινος ἐπίχρυσος καὶ μὲ χρυσᾶ φύλλα","Holy Companion, leather gilded with gold edges",,35.—,,
1904,IMG_1415.jpeg,Δῶρα καὶ Βραβεῖα,Gifts and Prizes,,ΓΑΒΡΙΗΛΙΔΟΥ ΒΛ.,Vl. Gavriilidis,"Ἡ Ἑλλὰς κατὰ τοὺς Ὀλυμπιακοὺς ἀγῶνας τοῦ 1896, πανελλήνιον εἰκονογραφημένον λεύκωμα","Greece during the Olympic Games of 1896, pan-Hellenic illustrated album","εἰς φύλλον μέγα, σελίδες δίστηλοι 1358+22",170.—,,
1904,IMG_1415.jpeg,Δῶρα καὶ Βραβεῖα,Gifts and Prizes,,ΒΕΡΝ ΙΟΥΛΙΟΥ,Jules Verne,Ἀφρική,Africa,,20.—,,
1904,IMG_1415.jpeg,Δῶρα καὶ Βραβεῖα,Gifts and Prizes,,ΒΕΡΝ ΙΟΥΛΙΟΥ,Jules Verne,Δεκαπενταετὴς Πλοίαρχος,"Dick Sand, A Captain at Fifteen",,40.—,,
1904,IMG_1415.jpeg,Δῶρα καὶ Βραβεῖα,Gifts and Prizes,,ΒΕΡΝ ΙΟΥΛΙΟΥ,Jules Verne,Εἴκοσι χιλιάδες λεῦγαι ὑπὸ τὴν Θάλασσαν,Twenty Thousand Leagues Under the Sea,,40.—,,
1904,IMG_1415.jpeg,Δῶρα καὶ Βραβεῖα,Gifts and Prizes,,ΒΕΡΝ ΙΟΥΛΙΟΥ,Jules Verne,Λαχνὸς ὑπ' ἀριθμὸν 9672,Ticket No. 9672,,30.—,,
1904,IMG_1415.jpeg,Δῶρα καὶ Βραβεῖα,Gifts and Prizes,,ΒΕΡΝ ΙΟΥΛΙΟΥ,Jules Verne,Μεσημβρινὸς 'Αστήρ,The Vanished Diamond (Southern Star),,30.—,,
1904,IMG_1415.jpeg,Δῶρα καὶ Βραβεῖα,Gifts and Prizes,,ΒΕΡΝ ΙΟΥΛΙΟΥ,Jules Verne,Πεντακόσια ἑκατομμύρια τῆς Βεργοῦ,The Begum's Millions,,30.—,,
1904,IMG_1415.jpeg,Δῶρα καὶ Βραβεῖα,Gifts and Prizes,,ΒΕΡΝ ΙΟΥΛΙΟΥ,Jules Verne,Περιοδεία τῆς γῆς εἰς 80 ἡμέρ.,Around the World in Eighty Days,,20.—,,
1904,IMG_1415.jpeg,Δῶρα καὶ Βραβεῖα,Gifts and Prizes,,ΒΕΡΝ ΙΟΥΛΙΟΥ,Jules Verne,Μέλαινα 'Ινδίαι,The Child of the Cavern (Black Indies),,30.—,,
1904,IMG_1415.jpeg,Δῶρα καὶ Βραβεῖα,Gifts and Prizes,,ΒΕΡΝ ΙΟΥΛΙΟΥ,Jules Verne,Σανσελλώρ,The Chancellor,,30.—,,
1904,IMG_1415.jpeg,Δῶρα καὶ Βραβεῖα,Gifts and Prizes,,ΒΕΡΝ ΙΟΥΛΙΟΥ,Jules Verne,Σχολὴ τῶν 'Ροβινσώνων,Godfrey Morgan (School for Robinsons),,30.—,,
1904,IMG_1415.jpeg,Δῶρα καὶ Βραβεῖα,Gifts and Prizes,,ΒΕΡΝ ΙΟΥΛΙΟΥ,Jules Verne,Τύχαι τριῶν 'Ρώσσων καὶ τριῶν 'Ἄγγλων,Adventures of Three Englishmen and Three Russians,,30.—,,
1904,IMG_1415.jpeg,Δῶρα καὶ Βραβεῖα,Gifts and Prizes,,ΒΙΚΕΛΑ Δ.,Demetrios Vikelas,"Διηγήματα, μετ' εἰκόνων","Short Stories, with illustrations","8ον, σελίδες 287",30.—,,
1904,IMG_1415.jpeg,Δῶρα καὶ Βραβεῖα,Gifts and Prizes,,ΒΙΚΕΛΑ Δ.,Demetrios Vikelas,Διηγήματα (ἐπὶ καλοῦ χάρτου),Short Stories (fine paper edition),,45.—,,
1904,IMG_1415.jpeg,Δῶρα καὶ Βραβεῖα,Gifts and Prizes,,ΒΟΥΤΣΙΝΑ Γ. Σ.,G. S. Voutsinas,Βίος καὶ ταξίδια τοῦ Χριστοφόρου Κολόμβου,Life and Voyages of Christopher Columbus,"8ον, σελίδες 1240",50.—,,
1904,IMG_1415.jpeg,Δῶρα καὶ Βραβεῖα,Gifts and Prizes,,ΒΟΥΤΥΡΑ ΣΤ. Ι.,St. I. Voutyras,Ἐκλόγιον Ἱερὸν ἐπὶ καλοῦ χάρτου,Holy Selection on fine paper,,25.—,,
1904,IMG_1415.jpeg,Δῶρα καὶ Βραβεῖα,Gifts and Prizes,,ΒΕΡΝ ΙΟΥΛΙΟΥ,Jules Verne,'Ροβῦρος ὁ Κατακτητής,Robur the Conqueror,,30.—,,
1904,IMG_1415.jpeg,Δῶρα καὶ Βραβεῖα,Gifts and Prizes,,ΒΟΥΤΥΡΑ ΣΤ. Ι.,St. I. Voutyras,"Συνέκδημος Ἱερός, πανδέκτης ἐπίχρυσος καὶ μὲ χρυσᾶ φύλλα","Holy Companion, gilded compendium with gold edges",,25.—,,
1904,IMG_1416.jpeg,Δῶρα καὶ Βραβεῖα,Gifts and Prizes,,ΣΚΑΛΤΣΟΥΝΗ Ι.,Skaltsounis I.,"Περὶ γενέσεως τοῦ ἀνθρώπου, ἑρμηνεία Χριστιανισμοῦ καὶ Ἐπιστήμης","On the Origin of Man, Interpretation of Christianity and Science","8ον, σελ. 536+",30.—,,
1904,IMG_1416.jpeg,Δῶρα καὶ Βραβεῖα,Gifts and Prizes,,ΣΚΑΛΤΣΟΥΝΗ Ι.,Skaltsounis I.,"Θρησκεία καὶ Ἐπιστήμη, δημώδης τοῦ Χριστιανισμοῦ Ἀπολογητική","Religion and Science, Popular Christian Apologetics","8ον, σελίδες 405 +",30.—,,
1904,IMG_1416.jpeg,Δῶρα καὶ Βραβεῖα,Gifts and Prizes,,ΣΤΕΛΙΑΝΙΔΟΥ Μ. Ν.,Stelianidis M. N.,Ῥοβινσών,Robinson,σ. 143 X,8.—,,
1904,IMG_1416.jpeg,,,,Ἐπαμ. Κ. Κυριακίδου,Epam. K. Kyriakidis,Η ΔΕΚΑΤΗ ΕΝΑΤΗ ΕΚΑΤΟΝΤΑΕΤΗΡΙΣ,The Nineteenth Century,"Σχήμα εἰς φύλλον (in folio), σελ. 348. Χρυσόδετον",160,γρ.,"Κων/πόλει, τύποις Ἀδελφῶν Γεράρδων."
1904,IMG_1416.jpeg,Δῶρα καὶ Βραβεῖα,Gifts and Prizes,,,,Τὰ Ἅγια Πάθη καὶ ἡ Ἁγία Ἀνάστασις,The Holy Passion and the Holy Resurrection,,,,ἰδὲ σελ. 80
1904,IMG_1416.jpeg,Δῶρα καὶ Βραβεῖα,Gifts and Prizes,,ΤΣΟΚΟΠΟΥΛΟΥ Γ. Β.,Tsokopoulos G. V.,Ταξίδια καὶ καταπληκτικαὶ περιπέτειαι τοῦ Ῥοβινσῶνος Κρούσου,Travels and Amazing Adventures of Robinson Crusoe,"μετὰ 65 εἰκόνων, + +",30.—,,
1904,IMG_1416.jpeg,Δῶρα καὶ Βραβεῖα,Gifts and Prizes,,ΡΑΛΛΗ Μ. Σ.,Rallis M. S.,Διηγήματα Μητρὸς ἐν τῇ Βίβλῳ,Mother's Biblical Stories,"μετ' εἰκόνων, σ. 158 X",12.—,,
1904,IMG_1416.jpeg,Δῶρα καὶ Βραβεῖα,Gifts and Prizes,,,,Σύνοψις ἱερῶν ἀκολουθιῶν,Synopsis of Holy Services,,,,ἰδὲ ἐν σελίδι 80 τοῦ παρόντος Καταλόγου
1904,IMG_1416.jpeg,Δῶρα καὶ Βραβεῖα,Gifts and Prizes,,Ρ. Ε. Δ.,R. E. D.,Ἐγχειρίδιον ἐνάρετων πράξεων,Handbook of Virtuous Acts,σελίδες 95 + +,6.—,,
1904,IMG_1416.jpeg,Δῶρα καὶ Βραβεῖα,Gifts and Prizes,,ΣΤΑΥΡΙΔΟΥ Γ. Κ.,Stavridis G. K.,Ἱστορία τοῦ Γαλλο-γερμανικοῦ πολέμου,History of the Franco-German War,"μετ' εἰκόνων, Τόμοι 2, σελ. 5-732 X",25.—,,
1904,IMG_1416.jpeg,Δῶρα καὶ Βραβεῖα,Gifts and Prizes,,ΠΑΠΑΝΕΛΗ ΣΠ.,Papanelis Sp.,Ἀθηναϊκαὶ Νύκτες,Athenian Nights,"8ον, σελίδες 304 +",30.—,,
1904,IMG_1416.jpeg,Δῶρα καὶ Βραβεῖα,Gifts and Prizes,,ΠΑΠΑΝΕΛΗ ΣΠ.,Papanelis Sp.,Πέραν τοῦ Ἰσθμοῦ,Beyond the Isthmus,σελίδες 354 +,20.—,,
1904,IMG_1416.jpeg,Δῶρα καὶ Βραβεῖα,Gifts and Prizes,,ΟΙΚΟΝΟΜΟΠΟΥΛΟΥ Η. Ι.,Oikonomopoulos I. I.,Παγκόσμιος Μυθολογία,Universal Mythology,"μετ' εἰκόνων, 8ον, σελίδες 603 +",25.—,,
1904,IMG_1416.jpeg,Δῶρα καὶ Βραβεῖα,Gifts and Prizes,,ΟΙΚΟΝΟΜΟΠΟΥΛΟΥ Η. Ι.,Oikonomopoulos I. I.,Μυθολογία τῆς ἀρχαίας Ἑλλάδος,Mythology of Ancient Greece,μετ' εἰκόνων +,50.—,,
1904,IMG_1416.jpeg,Δῶρα καὶ Βραβεῖα,Gifts and Prizes,,ΝΕΟΚΛΕΟΥΣ Χ.,Neokleous Ch.,Ἱστορία τοῦ Γαλλο-γερμανικοῦ πολέμου (1870-71),History of the Franco-German War (1870-71),"μετ' εἰκόνων, 4ον, σελ. 556",40.—,,
1904,IMG_1416.jpeg,Δῶρα καὶ Βραβεῖα,Gifts and Prizes,,ΜΟΣΤΡΑΤΟΥ Δ. Γ.,Mostratos D. G.,Ὁμήρου Ὀδύσσεια,Homer's Odyssey,σελίδες 160 +,10.—,,
1904,IMG_1416.jpeg,Δῶρα καὶ Βραβεῖα,Gifts and Prizes,,ΜΙΣΙΤΖΗ Δ.,Misitzis D.,"Ὁ Χριστὸς νικᾷ, θρησκευτικὸν δίγημα","Christ Conquers, religious story",σελίδες 160 +,10.—,,
1904,IMG_1416.jpeg,Δῶρα καὶ Βραβεῖα,Gifts and Prizes,,ΜΙΣΙΤΖΗ Δ.,Misitzis D.,Ἀνθοδέσμη τῶν Παίδων,Children's Bouquet,σελίδες 171 + +,10.—,,
1904,IMG_1416.jpeg,Δῶρα καὶ Βραβεῖα,Gifts and Prizes,,ΠΑΝΤΑΖΙΔΟΥ ΧΡ.,Pantazidis Chr.,Ἐγκόλπιον ἠθικοῦ βίου,Manual of Moral Life,σελ. ... +,15.—,,
1904,IMG_1417.jpeg,Ι΄ ΕΚΚΛΗΣΙΑΣΤΙΚΑ,10. Ecclesiastical,Β΄ ΕΚΔΟΣΕΙΣ ΔΙΑΦΟΡΩΝ,,,Ἅγια Πάθη καὶ ἡ Ἁγία Ἀνάστασις,Holy Passion and the Holy Resurrection,,,,ἤτοι ἅπασαι αἱ Ἀκολουθίαι τῆς Ἁγίας καὶ Μεγάλης Ἑβδομάδος
1904,IMG_1417.jpeg,Ι΄ ΕΚΚΛΗΣΙΑΣΤΙΚΑ,10. Ecclesiastical,Α΄ ΕΚΔΟΣΕΙΣ ΚΩΝ/ΠΟΛΕΩΣ - Α΄ ΟΙΚΟΥΜΕΝΙΚΟΥ ΠΑΤΡΙΑΡΧΕΙΟΥ,,,Ὡρολόγιον τὸ Μέγα,Horologion the Great,"8ον, σελίδες 15΄—544",18.—,,"περιέχον ἅπασαν τὴν ἀνήκουσαν αὐτῷ ἀκολουθίαν, πανδόδετον (ἐκδ. τοῦ 1900)"
1904,IMG_1417.jpeg,Ι΄ ΕΚΚΛΗΣΙΑΣΤΙΚΑ,10. Ecclesiastical,Α΄ ΕΚΔΟΣΕΙΣ ΚΩΝ/ΠΟΛΕΩΣ - Α΄ ΟΙΚΟΥΜΕΝΙΚΟΥ ΠΑΤΡΙΑΡΧΕΙΟΥ,,,Τυπικὸν,Typikon,"8ον, σελίδες 492",25.—,,"κατὰ τὴν τάξιν τῆς τοῦ Χριστοῦ Μεγάλης Ἐκκλησίας, πανδόδετον"
1904,IMG_1417.jpeg,Ι΄ ΕΚΚΛΗΣΙΑΣΤΙΚΑ,10. Ecclesiastical,Α΄ ΕΚΔΟΣΕΙΣ ΚΩΝ/ΠΟΛΕΩΣ - Α΄ ΟΙΚΟΥΜΕΝΙΚΟΥ ΠΑΤΡΙΑΡΧΕΙΟΥ,,,Σύνοψις Ἱερῶν Ἀκολουθιῶν (ἀτλάζι καὶ μὲ χρυσᾶ φύλλα ἐπὶ ἀρίστου χάρτου),Synopsis of Sacred Services (satin with gilt edges on fine paper),"32ον, σελ. ιδ΄—862",60.—,,
1904,IMG_1417.jpeg,Ι΄ ΕΚΚΛΗΣΙΑΣΤΙΚΑ,10. Ecclesiastical,Α΄ ΕΚΔΟΣΕΙΣ ΚΩΝ/ΠΟΛΕΩΣ - Α΄ ΟΙΚΟΥΜΕΝΙΚΟΥ ΠΑΤΡΙΑΡΧΕΙΟΥ,,,Σύνοψις Ἱερῶν Ἀκολουθιῶν (βελοῦδον καὶ χρυσᾶ φύλλα ἐπὶ ἀρίστου χάρτου μὲ πόρπην καὶ ἐντὸς θήκης),Synopsis of Sacred Services (velvet bound with clasp and slipcase),"32ον, σελ. ιδ΄—862",80.—,,
1904,IMG_1417.jpeg,Ι΄ ΕΚΚΛΗΣΙΑΣΤΙΚΑ,10. Ecclesiastical,Α΄ ΕΚΔΟΣΕΙΣ ΚΩΝ/ΠΟΛΕΩΣ - Α΄ ΟΙΚΟΥΜΕΝΙΚΟΥ ΠΑΤΡΙΑΡΧΕΙΟΥ,,,Σύνοψις Ἱερῶν Ἀκολουθιῶν (μὲ ἀτλάζι καὶ χρυσᾶ φύλλα),Synopsis of Sacred Services (satin bound with gilt edges),"32ον, σελ. ιδ΄—862",40.—,,
1904,IMG_1417.jpeg,Ι΄ ΕΚΚΛΗΣΙΑΣΤΙΚΑ,10. Ecclesiastical,Α΄ ΕΚΔΟΣΕΙΣ ΚΩΝ/ΠΟΛΕΩΣ - Α΄ ΟΙΚΟΥΜΕΝΙΚΟΥ ΠΑΤΡΙΑΡΧΕΙΟΥ,,,Σύνοψις Ἱερῶν Ἀκολουθιῶν (μὲ δέρμα καὶ χρυσᾶ φύλλα),Synopsis of Sacred Services (leather bound with gilt edges),"32ον, σελ. ιδ΄—862",25.—,,
1904,IMG_1417.jpeg,Ι΄ ΕΚΚΛΗΣΙΑΣΤΙΚΑ,10. Ecclesiastical,Α΄ ΕΚΔΟΣΕΙΣ ΚΩΝ/ΠΟΛΕΩΣ - Α΄ ΟΙΚΟΥΜΕΝΙΚΟΥ ΠΑΤΡΙΑΡΧΕΙΟΥ,,,Σύνοψις Ἱερῶν Ἀκολουθιῶν (δέρμα ἐπὶ ἀρίστου χάρτου μετὰ πόρπης καὶ ἐντὸς θήκης),Synopsis of Sacred Services (deluxe leather binding with clasp and slipcase),"32ον, σελ. ιδ΄—862",80.—,,
1904,IMG_1417.jpeg,Ι΄ ΕΚΚΛΗΣΙΑΣΤΙΚΑ,10. Ecclesiastical,Α΄ ΕΚΔΟΣΕΙΣ ΚΩΝ/ΠΟΛΕΩΣ - Α΄ ΟΙΚΟΥΜΕΝΙΚΟΥ ΠΑΤΡΙΑΡΧΕΙΟΥ,,,Σύνοψις Ἱερῶν Ἀκολουθιῶν (πανόδ. μὲ κόκκ. φύλλα),Synopsis of Sacred Services (cloth bound with red edges),"32ον, σελ. ιδ΄—862",10.—,,
1904,IMG_1417.jpeg,Ι΄ ΕΚΚΛΗΣΙΑΣΤΙΚΑ,10. Ecclesiastical,Α΄ ΕΚΔΟΣΕΙΣ ΚΩΝ/ΠΟΛΕΩΣ - Α΄ ΟΙΚΟΥΜΕΝΙΚΟΥ ΠΑΤΡΙΑΡΧΕΙΟΥ,,,Σύνοψις Ἱερῶν Ἀκολουθιῶν (πανδέτως ἁπλῆ),Synopsis of Sacred Services (simple bound),"32ον, σελ. ιδ΄—862",7.—,,ἐκδοθεῖσα τὸ τρίτον ἐγκρίσει τῆς τοῦ Χριστοῦ Μεγάλης Ἐκκλησίας
1904,IMG_1417.jpeg,Ι΄ ΕΚΚΛΗΣΙΑΣΤΙΚΑ,10. Ecclesiastical,Α΄ ΕΚΔΟΣΕΙΣ ΚΩΝ/ΠΟΛΕΩΣ - Α΄ ΟΙΚΟΥΜΕΝΙΚΟΥ ΠΑΤΡΙΑΡΧΕΙΟΥ,,,Προσευχητάριον,Prayer Book,"32ον, σελ. 32",1.—,,ἐγκρίσει τῆς ἐν τοῖς Πατριαρχείοις Κεντρικῆς Ἐκκλησιαστικῆς Ἐπιτροπῆς
1904,IMG_1417.jpeg,Ι΄ ΕΚΚΛΗΣΙΑΣΤΙΚΑ,10. Ecclesiastical,Α΄ ΕΚΔΟΣΕΙΣ ΚΩΝ/ΠΟΛΕΩΣ - Α΄ ΟΙΚΟΥΜΕΝΙΚΟΥ ΠΑΤΡΙΑΡΧΕΙΟΥ,,,Καινὴ Διαθήκη,New Testament,"8ον, σελίδες 615",1.—,,ἐκδιδομένη ἐκ τοῦ Πατριαρχικοῦ Τυπογραφείου
1904,IMG_1417.jpeg,Ι΄ ΕΚΚΛΗΣΙΑΣΤΙΚΑ,10. Ecclesiastical,Α΄ ΕΚΔΟΣΕΙΣ ΚΩΝ/ΠΟΛΕΩΣ - Α΄ ΟΙΚΟΥΜΕΝΙΚΟΥ ΠΑΤΡΙΑΡΧΕΙΟΥ,,,Ἱερατικὸν,Ieratikon,"8ον, σελίδες 161",10.—,,"περιέχον τὰς θείας καὶ ἱερὰς Λειτουργίας, πανδόδετον"
1904,IMG_1417.jpeg,Ι΄ ΕΚΚΛΗΣΙΑΣΤΙΚΑ,10. Ecclesiastical,Α΄ ΕΚΔΟΣΕΙΣ ΚΩΝ/ΠΟΛΕΩΣ - Α΄ ΟΙΚΟΥΜΕΝΙΚΟΥ ΠΑΤΡΙΑΡΧΕΙΟΥ,,,Ἀρχιερατικὸν,Archieratikon,"σελίδες 70, 1820",50.—,,"περιέχον τὰς θείας καὶ ἱερὰς Λειτουργίας Ἰωάννου τοῦ Χρυσοστόμου, Βασιλείου τοῦ Μεγάλου καὶ Γρηγορίου τοῦ Διαλόγου"
1904,IMG_1417.jpeg,Ι΄ ΕΚΚΛΗΣΙΑΣΤΙΚΑ,10. Ecclesiastical,Α΄ ΕΚΔΟΣΕΙΣ ΚΩΝ/ΠΟΛΕΩΣ - Α΄ ΟΙΚΟΥΜΕΝΙΚΟΥ ΠΑΤΡΙΑΡΧΕΙΟΥ,,,Σύνοψις Ἱερῶν Ἀκολουθιῶν (μὲ χρυσᾶ φύλλα),Synopsis of Sacred Services (gilt edges),"32ον, σελ. ιδ΄—862",15.—,,
1904,IMG_1418.jpeg,Εκκλησιαστικὰ Βενετίας,Ecclesiastical Books of Venice,,,,Ἐγκόλπιον Συνοπτικὸν τοῦ Ὀρθοδόξου Χριστιανοῦ... Τὸ αὐτὸ πανδέτον,Concise Prayerbook of the Orthodox Christian... The same bound,32ον,5.—,,
1904,IMG_1418.jpeg,Εκδόσεις Βενετίας,Venice Editions,,Ἀγαπίου,Agapios,Κυριακοδρόμιον,Kyriakodromion (Book of Sunday Sermons),,20.—,,
1904,IMG_1418.jpeg,Εκδόσεις Βενετίας,Venice Editions,,,,Ἁγιασματάριον τὸ Μέγα,The Great Agiasmatarion (Book of Blessings),ἁδετ.,6.—,,
1904,IMG_1418.jpeg,Εκδόσεις Βενετίας,Venice Editions,,,,Ἀκολουθία ἁγ. Γερασίμου,Service of St. Gerasimos,,6.—,,
1904,IMG_1418.jpeg,Εκδόσεις Βενετίας,Venice Editions,,,,Ἀκολουθία ἁγ. Σπυρίδωνος,Service of St. Spyridon,,9.—,,
1904,IMG_1418.jpeg,Εκδόσεις Βενετίας,Venice Editions,,,,Ἐξομολογητάριον,Exomologetarion (Manual for Confession),,20.—,,
1904,IMG_1418.jpeg,Εκδόσεις Βενετίας,Venice Editions,,,,"Ἀπόστολος, παν. μαῦρον","Apostolos (Book of Epistles), full black binding",,16.—,,
1904,IMG_1418.jpeg,Εκδόσεις Βενετίας,Venice Editions,,,,Διακονικὸν,Diakonikon (Deacon's Service Book),,5.—,,
1904,IMG_1418.jpeg,Εκδόσεις Βενετίας,Venice Editions,,,,Ἑορτολόγιον,Eortologion (Feast Day Book),,10.—,,
1904,IMG_1418.jpeg,Εκδόσεις Βενετίας,Venice Editions,,,,Εὐαγγέλια τὰ Δώδεκα τῶν Ἁγίων Παθῶν,Twelve Passion Gospels,,,,Price cut off at page margin
1904,IMG_1418.jpeg,Εκκλησιαστικὰ Βενετίας,Ecclesiastical Books of Venice,,,,"Ἐγκόλπιον Συνοπτικὸν τοῦ Ὀρθοδόξου Χριστιανοῦ, περιέχον τὴν ἑωθινὴν προσευχὴν καὶ τὴν ἀκολουθίαν τοῦ Ἑξαψάλμου, τοῦ Μικροῦ Ἀποδείπνου, τῆς θείας Μεταλήψεως, τὰς εὐχὰς τῆς τραπέζης, τὸ μηνολόγιον τοῦ ὅλου ἐνιαυτοῦ, τὰ δώδεκα Εὐαγγέλια, τὸν Ἐπιτάφιον Θρῆνον καὶ τὸν Ἑσπερινὸν τῆς τοῦ Πάσχα Ἁγίας Κυριακῆς","Concise Prayerbook of the Orthodox Christian, containing morning prayer, the Six Psalms, Small Compline, Divine Communion, table prayers, year-round menologion, the twelve Gospels, Epitaphios Lamentation, and Pascha Sunday Vespers","32ον, σελίδες 399",2.20,,
1904,IMG_1418.jpeg,Εκδόσεις Βενετίας,Venice Editions,,,,Ἀκολουθία ἁγ. Χαραλάμπους,Service of St. Haralambos,,6.—,,
1904,IMG_1418.jpeg,Εκκλησιαστικὰ Βενετίας,Ecclesiastical Books of Venice,,,,Συνέκδημος Ἱερὸς Ὀρθοδόξου Χριστιανοῦ... Τὸ αὐτὸ μὲ δέρμα καὶ χρ. φύλλα,Holy Vade Mecum of the Orthodox Christian... The same in leather with gilt edges,32ον,35.—,,
1904,IMG_1418.jpeg,Εκκλησιαστικὰ Βενετίας,Ecclesiastical Books of Venice,,,,Συνέκδημος Ἱερὸς Ὀρθοδόξου Χριστιανοῦ... Τὸ αὐτὸ βιβλίον πανδέτον μὲ χρυσᾶ φύλλα,Holy Vade Mecum of the Orthodox Christian... The same book bound with gilt edges,32ον,25.—,,
1904,IMG_1418.jpeg,Εκκλησιαστικὰ Βενετίας,Ecclesiastical Books of Venice,,,,"Συνέκδημος Ἱερὸς Ὀρθοδόξου Χριστιανοῦ, ἤτοι συλλογὴ τῶν ἐν τῷ οἴκῳ καὶ τῇ Ἐκκλησίᾳ κυριωτέρων προσευχῶν καὶ ἀκολουθιῶν","Holy Vade Mecum of the Orthodox Christian, i.e. a collection of the main household and church prayers and services","ἔκδ. δ΄, 32ον, σελ. η΄-941, πανδέτος ἁπλοῦς",12.20,,
1904,IMG_1418.jpeg,Εκκλησιαστικὰ Βενετίας,Ecclesiastical Books of Venice,,,,"Ἁγίας καὶ Μεγάλης Κυριακῆς τοῦ Πάσχα, Ὄρθρου, Λειτουργίας καὶ τῆς Δευτέρας Ἀναστάσεως μετὰ τῆς ἀκολουθίας τῆς θείας Μεταλήψεως καὶ τοῦ Ἀκαθίστου Ὕμνου","Holy and Great Sunday of Pascha, Matins, Liturgy and Second Resurrection with the Service of Divine Communion and the Akathist Hymn","32ον, σελίδες 604, πανδέτον ἁπλοῦν",6.—,,
1904,IMG_1418.jpeg,Εκκλησιαστικὰ Βενετίας,Ecclesiastical Books of Venice,,,,Ἁγίας καὶ Μεγάλης Κυριακῆς τοῦ Πάσχα... Τὸ αὐτὸ πανδέδ. μὲ κόκκ. φύλλα,Holy and Great Sunday of Pascha... The same bound with red edges,32ον,8.—,,
1904,IMG_1418.jpeg,Εκκλησιαστικὰ Βενετίας,Ecclesiastical Books of Venice,,,,Ἁγίας καὶ Μεγάλης Κυριακῆς τοῦ Πάσχα... Τὸ αὐτὸ ἀτλαζόδ. μὲ χρυσᾶ φύλλα,Holy and Great Sunday of Pascha... The same satin-bound with gilt edges,32ον,20.—,,
1904,IMG_1418.jpeg,Εκκλησιαστικὰ Βενετίας,Ecclesiastical Books of Venice,,,,Ἁγίας καὶ Μεγάλης Κυριακῆς τοῦ Πάσχα... Τὸ αὐτὸ δέρμα καὶ χρυσᾶ φύλλα,Holy and Great Sunday of Pascha... The same leather-bound with gilt edges,32ον,25.—,,
1904,IMG_1418.jpeg,Εκκλησιαστικὰ Βενετίας,Ecclesiastical Books of Venice,,,,"Ἅγιον Δωδεκαήμερον, ἤτοι αἱ θεῖαι καὶ ἱεραὶ Ἀκολουθίαι τῆς Κυριακῆς πρὸ τῆς Χριστοῦ Γεννήσεως καὶ τῶν Ἁγίων Πατέρων, τῶν ἑορτῶν τῆς Χριστοῦ Γεννήσεως κτλ.","Holy Twelve Days, i.e. the divine and holy Services of the Sunday before the Nativity of Christ and of the Holy Fathers, the feasts of Christ's Nativity etc.",σελ. ς΄-208,10.—,,
1904,IMG_1418.jpeg,Εκκλησιαστικὰ Βενετίας,Ecclesiastical Books of Venice,,,,"Ἀκολουθία τῆς Ἁγίας καὶ Μεγάλης Ἑβδομάδος, μετὰ τοῦ Ἑσπερινοῦ τῆς Κυριακῆς τοῦ Πάσχα καὶ τοῦ Εὐαγγελίου αὐτοῦ εἰς διαφόρους γλώσσας. Ἐκδίδοται κατὰ τὸ Τυπικὸν τῆς τοῦ Χριστοῦ Μεγάλης Ἐκκλησίας","Service of Holy and Great Week, with Vespers of Pascha Sunday and its Gospel in various languages. Published according to the Typikon of the Great Church of Christ","σελ. 360, δέσμιον Παρισίων μὲ βελοῦδον καὶ φύλλα ἐπίχρυσα",35.—,,
1904,IMG_1418.jpeg,Εκκλησιαστικὰ Βενετίας,Ecclesiastical Books of Venice,,,,Ἁγίας καὶ Μεγάλης Κυριακῆς τοῦ Πάσχα... Τὸ αὐτὸ χρυσᾶ φύλλα,Holy and Great Sunday of Pascha... The same with gilt edges,32ον,15.—,,
1904,IMG_1418.jpeg,Εκκλησιαστικὰ Βενετίας,Ecclesiastical Books of Venice,,,,"Ἀκολουθία τῶν ἐν Ἁγίοις πατέρων ἡμῶν Ἀθανασίου καὶ Κυρίλλου Πατριαρχῶν Ἀλεξανδρείας, προσετέθη δὲ καὶ ἑτέρα Ἀκολουθία τοῦ ἐν Ἁγίοις Πατρὸς ἡμῶν Ἱεροθέου ἐπισκόπου Ἀθηνῶν καὶ εὐχαὶ διάφοροι (1840)","Service of our fathers among the saints Athanasius and Cyril Patriarchs of Alexandria, with another Service of our father among the saints Hierotheos bishop of Athens and various prayers (1840)","8ον, σελ. 34+51, δεδεμένον",10.—,,
1904,IMG_1418.jpeg,Εκκλησιαστικὰ Βενετίας,Ecclesiastical Books of Venice,,,,Ἀκολουθία τοῦ Ἁγίου καὶ Πανευφήμου Ἀποστόλου Ἰακώβου τοῦ Ἀδελφοθέου καὶ πρώτου ἱεράρχου τῶν Ἱεροσολύμων,Service of the Holy and All-Praised Apostle James the Brother of the Lord and first hierarch of Jerusalem,"8ον, σ. 52, δεδεμ.",5.—,,
1904,IMG_1418.jpeg,Εκκλησιαστικὰ Βενετίας,Ecclesiastical Books of Venice,,,,"Ἀκολουθία τοῦ Ἁγίου Ἱερομάρτυρος Σεραφείμ, Ἀρχιεπισκόπου Φαναρίου καὶ Νεοχωρίου, τοῦ Θαυματουργοῦ","Service of the Holy Hieromartyr Seraphim, Archbishop of Phanarion and Neochorion, the Wonderworker","8ον, σελίδες 43",3.—,,
1904,IMG_1418.jpeg,Εκκλησιαστικὰ Βενετίας,Ecclesiastical Books of Venice,,ΒΟΥΤΥΡΑ Σ. Ι.,Voutyras S. I.,Εὐλόγιον Ἱερὸν ἐκκλησιαστικῶν ἀκολουθιῶν ἀπὸ τῆς Κυριακῆς τοῦ Τελώνου καὶ Φαρισαίου μέχρι τῆς Διακαινησίμου Ἑβδομάδος,Holy Eulogion of ecclesiastical services from the Sunday of the Publican and Pharisee to Renewal Week,"32ον, σελίδες 491",5.—,,
1904,IMG_1418.jpeg,Εκκλησιαστικὰ Βενετίας,Ecclesiastical Books of Venice,,ΒΟΥΤΥΡΑ Σ. Ι.,Voutyras S. I.,Εὐλόγιον Ἱερὸν... Τὸ αὐτὸ πανδέτον,Holy Eulogion... The same bound,32ον,8.—,,
1904,IMG_1418.jpeg,Εκκλησιαστικὰ Βενετίας,Ecclesiastical Books of Venice,,,,Ἀκολουθίαι ἱεραὶ τοῦ ἁγίου ἐνδόξου καὶ πανευφήμου Ἀποστόλου Φιλίππου καὶ τοῦ ἐν ἁγίοις πατρὸς ἡμῶν Γρηγορίου τοῦ Παλαμᾶ,Holy Services of the holy glorious and all-praised Apostle Philip and of our father among the saints Gregory Palamas,"8ον μέγα, σελίδες 44",2.—,,
1904,IMG_1419.jpeg,Εκκλησιαστικά 'Ελλάδος,Greek Ecclesiastical Books,Γ΄ ΕΚΔΟΣΕΙΣ ΕΛΛΑΔΟΣ,ΓΕΩΡΓΙΟΥ Α.,Georgiou A.,Ἁγιασματάριον τὸ Μέγα (Τὸ αὐτὸ δεδεμένον),Great Agiasmatarion (Same bound),σελίδες 344,8.20,,
1904,IMG_1419.jpeg,Εκκλησιαστικά 'Ελλάδος,Greek Ecclesiastical Books,Γ΄ ΕΚΔΟΣΕΙΣ ΕΛΛΑΔΟΣ,ΑΝΤΩΝΙΑΔΟΥ Κ.,Antoniades K.,Τριῴδιον (Τὸ αὐτὸ δεδεμένον),Triodion (Same bound),"4ον, σελίδες 384",45.—,,
1904,IMG_1419.jpeg,Εκκλησιαστικά 'Ελλάδος,Greek Ecclesiastical Books,Γ΄ ΕΚΔΟΣΕΙΣ ΕΛΛΑΔΟΣ,,,"Ἀπόστολος, ἄδετος","Apostolos, unbound",,5.—,,
1904,IMG_1419.jpeg,Εκκλησιαστικά 'Ελλάδος,Greek Ecclesiastical Books,Γ΄ ΕΚΔΟΣΕΙΣ ΕΛΛΑΔΟΣ,,,"Ἀπόστολος, δεδεμένος","Apostolos, bound",,10.—,,
1904,IMG_1419.jpeg,Εκκλησιαστικά 'Ελλάδος,Greek Ecclesiastical Books,Γ΄ ΕΚΔΟΣΕΙΣ ΕΛΛΑΔΟΣ,ΒΟΓΙΑΤΖΗ ΙΕΡ.,Voyiatzis Jer.,Ἱεροτελεστικὸν Τεῦχος,Hieratelikon Volume,"8ον, σελίδες 248",8.—,,
1904,IMG_1419.jpeg,Εκκλησιαστικά 'Ελλάδος,Greek Ecclesiastical Books,Γ΄ ΕΚΔΟΣΕΙΣ ΕΛΛΑΔΟΣ,ΒΟΓΙΑΤΖΗ ΙΕΡ.,Voyiatzis Jer.,Ἱεροτελεστικὸν Τεῦχος (Τὸ αὐτὸ πανδόδετον),Hieratelikon Volume (Same full cloth bound),"8ον, σελίδες 248",12.—,,
1904,IMG_1419.jpeg,Εκκλησιαστικά 'Ελλάδος,Greek Ecclesiastical Books,Γ΄ ΕΚΔΟΣΕΙΣ ΕΛΛΑΔΟΣ,ΓΑΝΝΟΥΛΗ ΓΕΩΡΓΙΟΥ,Gannoulis Georgios,"Κυριακοδρόμιον, ἤτοι Ἑρμηνεία τῶν περικοπῶν τοῦ ἱεροῦ Εὐαγγελίου τῶν Κυριακῶν τοῦ ὅλου ἐνιαυτοῦ","Kyriakodromion, or Interpretation of the Holy Gospel passages for the Sundays of the whole year","8ον, σ. η΄-320",20.—,,δεδεμ.
1904,IMG_1419.jpeg,Εκκλησιαστικά 'Ελλάδος,Greek Ecclesiastical Books,Γ΄ ΕΚΔΟΣΕΙΣ ΕΛΛΑΔΟΣ,ΓΕΩΡΓΙΟΥ Α.,Georgiou A.,Ἁγιασματάριον τὸ Μέγα,Great Agiasmatarion,σελίδες 344,5.—,,
1904,IMG_1419.jpeg,Εκκλησιαστικά 'Ελλάδος,Greek Ecclesiastical Books,Γ΄ ΕΚΔΟΣΕΙΣ ΕΛΛΑΔΟΣ,ΓΕΩΡΓΙΟΥ Α.,Georgiou A.,Ἀπόστολος,Apostolos,"8ον, σελ. 368",6.—,,
1904,IMG_1419.jpeg,Εκκλησιαστικά 'Ελλάδος,Greek Ecclesiastical Books,Γ΄ ΕΚΔΟΣΕΙΣ ΕΛΛΑΔΟΣ,,,Εὐαγγέλιον τὸ κατὰ Ματθαῖον εἰς τὸ πρωτότυπον κείμενον εἰς ἑρμηνείαν σύντομον καὶ εἰς προσευχάς,Gospel according to Matthew in the original text with concise commentary and prayers,"32ον, σελίδες ι6΄-343",6.—,,"ἔκδοσις Συλλόγου 'Αναπλάσεως τῇ συστάσει τῆς Μ. τοῦ Χριστοῦ Ἐκκλησίας, πανδόδετον"
1904,IMG_1419.jpeg,Εκκλησιαστικά 'Ελλάδος,Greek Ecclesiastical Books,Γ΄ ΕΚΔΟΣΕΙΣ ΕΛΛΑΔΟΣ,ΓΕΩΡΓΙΟΥ Α.,Georgiou A.,Ἐξομολογητάριον Νικοδήμου,Exomologetarion of Nikodemos,"8ον, σελίδες 284",10.—,,
1904,IMG_1419.jpeg,Εκκλησιαστικά 'Ελλάδος,Greek Ecclesiastical Books,Γ΄ ΕΚΔΟΣΕΙΣ ΕΛΛΑΔΟΣ,ΓΕΩΡΓΙΟΥ Α.,Georgiou A.,Ἐξομολογητάριον Νικοδήμου (Τὸ αὐτὸ δεδεμένον),Exomologetarion of Nikodemos (Same bound),"8ον, σελίδες 284",15.—,,
1904,IMG_1419.jpeg,Εκκλησιαστικά 'Ελλάδος,Greek Ecclesiastical Books,Γ΄ ΕΚΔΟΣΕΙΣ ΕΛΛΑΔΟΣ,,,"Ὡρολόγιον τὸ Μέγα, δεδεμένον","Great Horologion, bound",,18.—,,
1904,IMG_1419.jpeg,Εκκλησιαστικά 'Ελλάδος,Greek Ecclesiastical Books,Γ΄ ΕΚΔΟΣΕΙΣ ΕΛΛΑΔΟΣ,ΔΕΠΑΣΤΑ Α.,Depastas A.,"Αἱ Ἀκολουθίαι τῆς Ἁγίας καὶ Μεγάλης Δευτέρας, τῆς Ἁγίας καὶ Μεγάλης Τρίτης καὶ τῆς Ἁγίας καὶ Μεγάλης Τετάρτης, μετὰ τοῦ Ὄρθρου καὶ τοῦ Ἑσπερινοῦ τῆς Ἁγίας καὶ Μεγάλης Πέμπτης","The Services of Holy and Great Monday, Holy and Great Tuesday, and Holy and Great Wednesday, with Matins and Vespers of Holy and Great Thursday","32ον, σελίδες 128",4.—,,
1904,IMG_1419.jpeg,Εκκλησιαστικά 'Ελλάδος,Greek Ecclesiastical Books,Γ΄ ΕΚΔΟΣΕΙΣ ΕΛΛΑΔΟΣ,ΔΟΥΚΑΚΗ Χ. Σ.,Doukakes Ch. S.,Πεντηκοστάριον,Pentekostarion,"μέγα 8ον, σελ. 276",18.—,,δεδεμ.
1904,IMG_1419.jpeg,Εκκλησιαστικά 'Ελλάδος,Greek Ecclesiastical Books,Γ΄ ΕΚΔΟΣΕΙΣ ΕΛΛΑΔΟΣ,ΑΝΤΩΝΙΑΔΟΥ Κ.,Antoniades K.,Τριῴδιον,Triodion,"4ον, σελίδες 384",35.—,,
1904,IMG_1419.jpeg,Εκκλησιαστικά 'Ελλάδος,Greek Ecclesiastical Books,Γ΄ ΕΚΔΟΣΕΙΣ ΕΛΛΑΔΟΣ,,,"Εὐαγγέλιον τὸ κατὰ Ματθαῖον... (Τὸ αὐτὸ ἐπὶ καλοῦ χάρτου, πανδόδετον καὶ χρυσᾶ φύλλα)","Gospel according to Matthew... (Same on fine paper, full cloth, gilt edges)","32ον, σελίδες ι6΄-343",18.—,,
1904,IMG_1419.jpeg,Εκκλησιαστικά 'Ελλάδος,Greek Ecclesiastical Books,Γ΄ ΕΚΔΟΣΕΙΣ ΕΛΛΑΔΟΣ,ΠΑΠΑΓΕΩΡΓΙΟΥ ΣΠ. Κ.,Papageorgiou Sp. K.,Ἡ Καινὴ Διαθήκη,The New Testament,"32ον, σ. 532",7.—,,ἐπιμελείᾳ Σπ. Κ. Παπαγεωργίου
1904,IMG_1419.jpeg,Εκκλησιαστικά 'Ελλάδος,Greek Ecclesiastical Books,Γ΄ ΕΚΔΟΣΕΙΣ ΕΛΛΑΔΟΣ,ΓΕΩΡΓΙΟΥ Α.,Georgiou A.,Ἀπόστολος (Τὸ αὐτὸ δεδεμένον),Apostolos (Same bound),"8ον, σελ. 368",10.—,,
1904,IMG_1419.jpeg,Εκκλησιαστικά 'Ελλάδος,Greek Ecclesiastical Books,Γ΄ ΕΚΔΟΣΕΙΣ ΕΛΛΑΔΟΣ,,,"Ἀκολουθία Ἀναγνώστου, ἤτοι Συλλειτουργικόν","Service of the Reader, namely Sylleitourgikon",σελ. 47,1.—,,
1904,IMG_1419.jpeg,Εκκλησιαστικά 'Ελλάδος,Greek Ecclesiastical Books,,,,Ὡρολόγιον τὸ Μικρόν,Horologion Small,,15.—,,
1904,IMG_1419.jpeg,Εκκλησιαστικά 'Ελλάδος,Greek Ecclesiastical Books,,,,Ψαλτήριον τὸ Μικρόν,Psalter Small,,3.—,,
1904,IMG_1419.jpeg,Εκκλησιαστικά 'Ελλάδος,Greek Ecclesiastical Books,,,,"Θῶν τοῦ Κυρίου ἡμῶν Ἰησοῦ Χριστοῦ, μετὰ τῆς προσθήκης ἑνὸς εὐλαβούς ἀντιφώνου εἰς τὸν Ἐσταυρωμένον","Passion of our Lord Jesus Christ, with the addition of a pious antiphon to the Crucified One",,2.—,,μένον
1904,IMG_1419.jpeg,Εκκλησιαστικά 'Ελλάδος,Greek Ecclesiastical Books,,,,Θῶν τοῦ Κυρίου ἡμῶν Ἰησοῦ Χριστοῦ... δεμένον μὲ πανίον μαῦρον,Passion of our Lord Jesus Christ... bound in black cloth,,70.,,
1904,IMG_1419.jpeg,Εκκλησιαστικά 'Ελλάδος,Greek Ecclesiastical Books,,,,Εὐαγγέλιον τὸ Θεῖον,The Divine Gospel,,55.—,,
1904,IMG_1419.jpeg,Εκκλησιαστικά 'Ελλάδος,Greek Ecclesiastical Books,,,,Εὐχολόγιον τὸ Μέγα (δεμένον μαῦρον),Great Prayer Book (bound black),,10.—,,
1904,IMG_1419.jpeg,Εκκλησιαστικά 'Ελλάδος,Greek Ecclesiastical Books,,,,Λειτουργίαι αἱ Θεῖαι,The Divine Liturgies,,30.—,,
1904,IMG_1419.jpeg,Εκκλησιαστικά 'Ελλάδος,Greek Ecclesiastical Books,,ΜΟΣΧΟΠΟΥΛΟΥ ΧΡΥΣ.,Moschopoulos Chrys.,Λειτουργικόν,Liturgikon,,30.—,,
1904,IMG_1419.jpeg,Εκκλησιαστικά 'Ελλάδος,Greek Ecclesiastical Books,,,,"Οἶκοι τῆς Θεοτόκου, εἰς τὸ ἀπλούν","Oikoi to the Theotokos, plain edition",,2.—,,
1904,IMG_1419.jpeg,Εκκλησιαστικά 'Ελλάδος,Greek Ecclesiastical Books,,,,"Παρακλητική, πανόδ. μαῦρον","Parakletike, black cloth binding",,54.—,,
1904,IMG_1419.jpeg,Εκκλησιαστικά 'Ελλάδος,Greek Ecclesiastical Books,,,,"Πεντηκοστάριον, πανόδ. μαῦρ.","Pentekostarion, black cloth binding",,42.—,,
1904,IMG_1419.jpeg,Εκκλησιαστικά 'Ελλάδος,Greek Ecclesiastical Books,,,,Εὐχολόγιον τὸ Μέγα,Great Prayer Book (Euchologion),,48.—,,μὲ πανίον δεμένον μαῦρον
1904,IMG_1419.jpeg,Εκκλησιαστικά 'Ελλάδος,Greek Ecclesiastical Books,,ΣΥΜΕΩΝ ΘΕΣΣΑΛΟΝΙΚΗΣ,Symeon of Thessalonica,Τὰ Ἅπαντα,Complete Works,,70.—,,
1904,IMG_1419.jpeg,Εκκλησιαστικά 'Ελλάδος,Greek Ecclesiastical Books,,,,Συλλειτουργικόν,Sylleitourgikon,,5.—,,
1904,IMG_1419.jpeg,Εκκλησιαστικά 'Ελλάδος,Greek Ecclesiastical Books,,,,Τετραευαγγέλιον Μέγα,Tetraevangelion Great,,13.—,,
1904,IMG_1419.jpeg,Εκκλησιαστικά 'Ελλάδος,Greek Ecclesiastical Books,,,,"Τετραευαγγέλιον Μικρόν, δεμένον μὲ κόκκ. δέρμα ἐντὸς θήκης","Tetraevangelion Small, bound in red leather in a case",,15.—,,
1904,IMG_1419.jpeg,Εκκλησιαστικά 'Ελλάδος,Greek Ecclesiastical Books,,,,"Τριῴδιον, πανίον μαῦρον","Triodion, black cloth binding",,60.—,,
1904,IMG_1419.jpeg,Εκκλησιαστικά 'Ελλάδος,Greek Ecclesiastical Books,,,,Τυπικόν,Typikon,,33.—,,
1904,IMG_1419.jpeg,Εκκλησιαστικά 'Ελλάδος,Greek Ecclesiastical Books,,ΧΡΥΣΟΣΤΟΜΟΥ,Chrysostom,Μαργαρίται,Margaritai (Pearls),,20.—,,
1904,IMG_1419.jpeg,Εκκλησιαστικά 'Ελλάδος,Greek Ecclesiastical Books,,,,Ψαλτήριον τὸ Μέγα,Psalter Great,,12.—,,
1904,IMG_1419.jpeg,Εκκλησιαστικά 'Ελλάδος,Greek Ecclesiastical Books,,,,Προσευχητάριον,Prayer Book,,5.—,,
1904,IMG_1420.jpeg,Εκκλησιαστικὰ 'Ελλάδος,Ecclesiastical of Greece,,,,'Ὡρολόγιον τὸ Μέγα,Great Horologion,"8ον, σελίδες 630, πανδέδετον",12.—,,
1904,IMG_1420.jpeg,Εκκλησιαστικὰ 'Ελλάδος,Ecclesiastical of Greece,,Απολυτικια Ε.,Apolytikia E.,'Οκτώηχος χαρτόδετος,Octoechos paperbound,,1.20,,
1904,IMG_1420.jpeg,Εκκλησιαστικὰ 'Ελλάδος,Ecclesiastical of Greece,,Πανα Α.,Pana A.,"'Ακολουθία τοῦ τιμίου καὶ ζωοποιοῦ Σταυροῦ, ἐν ᾗ καὶ δύο παρακλητικοὶ Κανόνες τοῦ αὐτοῦ","Service of the precious and life-giving Cross, including two Supplicatory Canons of the same","8ον, σελίδες 64",3.—,,
1904,IMG_1420.jpeg,Εκκλησιαστικὰ 'Ελλάδος,Ecclesiastical of Greece,,Παπαγεωργιου Παναγ.,Papageorgiou Panag.,"'Ιερατικὸν Συλλόγιον, περιέχον τὴν τοῖς ἱερεῦσιν ἀναγκαίαν 'Επιστολικὴν καὶ Ὄρθρου, τῆς τρεῖς Λειτουργίας κτλ.","Priestly Collection, containing the necessary Epistles and Matins for priests, the three Liturgies, etc.","8ον, σ. 92",8.—,,
1904,IMG_1420.jpeg,Εκκλησιαστικὰ 'Ελλάδος,Ecclesiastical of Greece,,Παραρτηματι Π. Π.,Parartimati P. P.,Εὐχολόγιον τὸ Μέγα,Great Euchologion,"8ον, σ. 731, πανδέδ.",36.—,,
1904,IMG_1420.jpeg,Εκκλησιαστικὰ 'Ελλάδος,Ecclesiastical of Greece,,Παραρτηματι Π. Π.,Parartimati P. P.,Τριῴδιον χαρτοδετέον,Triodion paperbound,"4ον, σελ. 492, πανδέδετον",54.—,,
1904,IMG_1420.jpeg,Εκκλησιαστικὰ 'Ελλάδος,Ecclesiastical of Greece,,Φιλαρετου Κων/νου,Filaretou Konstantinou,Ψαλτήριον τὸ Μικρόν,Small Psalter,χαρτ.,1.20,,
1904,IMG_1420.jpeg,Εκκλησιαστικὰ 'Ελλάδος,Ecclesiastical of Greece,,Σαββα Ι.,Savva I.,"Τεσσαρακοστάριον Μικρόν, χρυσ.","Small Tessarakostarion, gilded",,9.—,,
1904,IMG_1420.jpeg,Εκκλησιαστικὰ 'Ελλάδος,Ecclesiastical of Greece,,Φιλαρετου Κων/νου,Filaretou Konstantinou,"Ἱερὸν 'Εγκόλπιον, ἐν Βάρνῃ","Holy Enkolpion, in Varna","8ον, σελ. 515",17.—,,
1904,IMG_1420.jpeg,Εκκλησιαστικὰ 'Ελλάδος,Ecclesiastical of Greece,,Φιλαρετου Κων/νου,Filaretou Konstantinou,Ψαλτήριον τὸ Μέγα,Great Psalter,,4.—,,
1904,IMG_1420.jpeg,Εκκλησιαστικὰ 'Ελλάδος,Ecclesiastical of Greece,,Φιλαρετου Κων/νου,Filaretou Konstantinou,Τὸ αὐτὸ πανδέδετον,The same fully bound,,7.—,,
1904,IMG_1420.jpeg,Εκκλησιαστικὰ 'Ελλάδος,Ecclesiastical of Greece,,,,Τὸ αὐτὸ πανδέδετον,The same fully bound,8ον,15.—,,
1904,IMG_1420.jpeg,Εκκλησιαστικὰ 'Ελλάδος,Ecclesiastical of Greece,,Σαββα Ι.,Savva I.,"Παρακλητική, ἤτοι 'Οκτώηχος ἡ Μεγάλη, ἐπιθεωρηθεῖσα καὶ βελτιωθεῖσα ὑπὸ ᾿Ιωάννου Μαρτίνου","Parakletike, namely the Great Octoechos, revised and improved by Ioannis Martinos","εἰς φύλλον, σελ. 428, πανδέδετος",40.—,,
1904,IMG_1420.jpeg,Εκκλησιαστικὰ 'Ελλάδος,Ecclesiastical of Greece,,,,Τυπικὸν τῆς τοῦ Χριστοῦ Μεγάλης 'Εκκλησίας,Typikon of Christ's Great Church,"8ον, σελ. ιδ' — 464",10.—,,
1904,IMG_1420.jpeg,Εκκλησιαστικὰ 'Ελλάδος,Ecclesiastical of Greece,,Απολυτικια Ε.,Apolytikia E.,'Ακολουθία τῆς 'Αγίας καὶ Μεγάλης Τεσσαρακοστῆς ἀπὸ τῆς Κυριακῆς τῆς Τυρινῆς μέχρι τῆς Κυριακῆς τοῦ Πάσχα,Service of the Holy and Great Lent from Cheesefare Sunday to Easter Sunday,"8ον, σ. 552",20.—,,
1904,IMG_1420.jpeg,Εκκλησιαστικὰ 'Ελλάδος,Ecclesiastical of Greece,,Κωνσταντινιδου Α.,Konstantinidou A.,Ἱεροδιακονικόν,Hierodiakonikon,σ. 78 δεδεμ.,3.—,,
1904,IMG_1420.jpeg,Εκκλησιαστικὰ 'Ελλάδος,Ecclesiastical of Greece,,Καπνοπαλη Γ.,Kapnopali G.,Η Θεία Λειτουργία,The Divine Liturgy,"8ον, σελίδες 167",5.—,,
1904,IMG_1420.jpeg,Εκκλησιαστικὰ 'Ελλάδος,Ecclesiastical of Greece,,Καπνοπαλη Γ.,Kapnopali G.,Τὸ αὐτὸ δεδεμένον,The same bound,8ον,8.—,,
1904,IMG_1420.jpeg,Εκκλησιαστικὰ 'Ελλάδος,Ecclesiastical of Greece,,Καντονιωτη,Kantonioti,Τῶν 'Αποστόλων καὶ Θεομητορικῶν ἑορτῶν,Of the Apostles and Marian Feasts,"8ον, σ. 32",1.—,,
1904,IMG_1420.jpeg,Εκκλησιαστικὰ 'Ελλάδος,Ecclesiastical of Greece,,Κρομμυδη Ε.,Krommydi E.,"Εὐαγγελιστάριον (Εὐαγγέλια), μετὰ ἑρμηνείας","Evangelistarion (Gospels), with interpretation","32ον, σελίδες 256, πανδέδ.",5.—,,
1904,IMG_1420.jpeg,Εκκλησιαστικὰ 'Ελλάδος,Ecclesiastical of Greece,,Κρομμυδη Ε.,Krommydi E.,"Λειτουργικόν (Εὐχολόγιον, μετὰ ἑρμηνείας)","Liturgikon (Euchologion, with interpretation)","32ον, σ. η' + 256, πανδέδ.",6.—,,
1904,IMG_1420.jpeg,Εκκλησιαστικὰ 'Ελλάδος,Ecclesiastical of Greece,,Κρομμυδη Ε.,Krommydi E.,Τὰ Τέσσαρα Εὐαγγέλια,The Four Gospels,32ον,40.—,,
1904,IMG_1420.jpeg,Εκκλησιαστικὰ 'Ελλάδος,Ecclesiastical of Greece,,Κρομμυδη Ε.,Krommydi E.,"'Ακάθιστος Ὕμνος, ἤτοι 24 Οἶκοι τῆς Θεοτόκου ἐξηγηθεὶς καὶ ἑρμηνευθείς","Akathist Hymn, namely 24 Stanzas of the Theotokos explained and interpreted","32ον, σελίδες 192",5.—,,
1904,IMG_1420.jpeg,Εκκλησιαστικὰ 'Ελλάδος,Ecclesiastical of Greece,,Κωνσταντινιδου Α.,Konstantinidou A.,"'Εγκόλπιον Ἱερέως. 'Αναγνωστάριον ἢ Μικρὸν Εὐχολόγιον, περιέχον τὰς ἀκολουθίας, εὐχάς, ἐξομολογητικά, κτλ.","Priest's Manual. Reader or Small Euchologion, containing services, prayers, confessional prayers, etc.","32ον, σ. 367, πανδέδ.",6.—,,
1904,IMG_1420.jpeg,Εκκλησιαστικὰ 'Ελλάδος,Ecclesiastical of Greece,,Κωνσταντινιδου Α.,Konstantinidou A.,Εξομολογητάριον,Confessional Book,"8ον, σ. 284",10.—,,
1904,IMG_1420.jpeg,Εκκλησιαστικὰ 'Ελλάδος,Ecclesiastical of Greece,,Κωνσταντινιδου Α.,Konstantinidou A.,Τὸ αὐτὸ πανδέδετον,The same fully bound,8ον,15.—,,
1904,IMG_1420.jpeg,Εκκλησιαστικὰ 'Ελλάδος,Ecclesiastical of Greece,,,,Πεντηκοστάριον χαρτόδετον,Pentecostarion paperbound,"4ον, σελ. η' — 255, πανδέδετον",33.—,,
1904,IMG_1420.jpeg,Εκκλησιαστικὰ 'Ελλάδος,Ecclesiastical of Greece,,Κωνσταντινιδου Α.,Konstantinidou A.,"Θεῖον καὶ Ἱερὸν Εὐαγγέλιον εἰς ἀρέσκειαν ἐκδόσεων τῆς Νέας Διαθήκης ἐπιμελῶς διορθωθέν, μετὰ προσθήκης τῶν τῆς Παλαιᾶς μαρτυριῶν καὶ νῦν ἐκδοθὲν τῇ ἐγκρίσει τῆς Ἱερᾶς Συνόδου τῆς 'Εκκλησίας τῆς 'Ελλάδος","Divine and Holy Gospel carefully corrected to match New Testament editions, with addition of Old Testament references and now published with the approval of the Holy Synod of the Church of Greece","εἰς φύλλον, σελίδες 254+46",40.—,,
1904,IMG_1420.jpeg,Εκκλησιαστικὰ 'Ελλάδος,Ecclesiastical of Greece,,Κωνσταντινιδου Α.,Konstantinidou A.,Τὸ αὐτὸ πανδέδετον,The same fully bound,εἰς φύλλον,54.—,,
1904,IMG_1420.jpeg,Εκκλησιαστικὰ 'Ελλάδος,Ecclesiastical of Greece,,Κρεμου Γ. Π.,Kremou G. P.,"Προσκυνητάριον τῆς ἐν Θεσσαλίᾳ μονῆς τοῦ ἁγίου Δανιὴλ συνταχθὲν Στερεοτύπως. Τόμος Α', ἐν ᾧ ἡ ὡρατοτάτη 'Ακολουθία καὶ ὁ βίος αὐτοῦ","Pilgrimage book of the monastery of Saint Daniel in Thessaly composed in stereotype. Volume A, containing its most beautiful Service and life","4ον, σελίδες ϛ' — 192",40.—,,
1904,IMG_1421.jpeg,ΙΑ΄ ΜΟΥΣΙΚΑ,11. MUSIC,Α΄ ΜΟΥΣΙΚΑ ΤΗΣ ΕΚΚΛΗΣΙΑΣ,,,"Δωδεκαήμερον τὸ Ἅγιον, ἤτοι Ἀκολουθίαι τῆς Χριστοῦ Γεννήσεως, μετὰ Μουσικοῦ Παραρτήματος δι' ὅλον τὸ ἔτος","The Holy Twelve Days, i.e. Services of the Nativity of Christ, with Musical Appendix for the whole year","8ον, σ. 780",10.—,,Τὸ αὐτὸ πανδέδετον: 15.—
1904,IMG_1421.jpeg,ΙΑ΄ ΜΟΥΣΙΚΑ,11. MUSIC,Α΄ ΜΟΥΣΙΚΑ ΤΗΣ ΕΚΚΛΗΣΙΑΣ,ΣΤ. ΛΑΜΠΑΔΑΡΙΟΣ,St. Lampadarios,"Κρηπίς, ἤτοι Στοιχειώδης Διδασκαλία τοῦ Θεωρητικοῦ καὶ Πρακτικοῦ τῆς ἐκκλησιαστικῆς μουσικῆς","Krepis, or Elementary Teaching of Theoretical and Practical Church Music",σ. 128,,,
1904,IMG_1421.jpeg,ΙΑ΄ ΜΟΥΣΙΚΑ,11. MUSIC,Α΄ ΜΟΥΣΙΚΑ ΤΗΣ ΕΚΚΛΗΣΙΑΣ,Δ. Γ. ΚΡΙΨΙΩΤΗΣ,D. G. Kripsiotis,"Ἱερατικὸν Ἐγκόλπιον, περιέχον τὰς εἰς διαφόρους Ἱεροπραξίας ψαλλομένας ἀκολουθίας","Hieratikon Enkolpion, containing services chanted during various sacred rites","τεύχη δύο, σ. 496",,,Τὸ αὐτὸ πανδέδετον: 12.—
1904,IMG_1421.jpeg,ΙΑ΄ ΜΟΥΣΙΚΑ,11. MUSIC,Α΄ ΜΟΥΣΙΚΑ ΤΗΣ ΕΚΚΛΗΣΙΑΣ,ΑΓΑΘ. ΚΥΡΙΑΖΙΔΗΣ,Agath. Kyriazidis,"Ἕν ἄνθος τῆς καθ' ἡμᾶς Ἐκκλησιαστικῆς Μουσικῆς, περιέχον τὴν ἀκολουθίαν τοῦ Ἑσπερινοῦ, τοῦ Ὄρθρου καὶ τῆς Λειτουργίας","A Flower of Our Ecclesiastical Music, containing the service of Vespers, Orthros, and Liturgy","8ον, σ. 432",,,
1904,IMG_1421.jpeg,ΙΑ΄ ΜΟΥΣΙΚΑ,11. MUSIC,Α΄ ΜΟΥΣΙΚΑ ΤΗΣ ΕΚΚΛΗΣΙΑΣ,,,"Ἱερατικὸν Ἐγκόλπιον, ἤτοι ἡ θεία Λειτουργία, αἱ ἱεραὶ ἀκολουθίαι τοῦ θείου Βαπτίσματος, τοῦ Ἀρραβῶνος, τοῦ Στεφανώματος, τῆς Νεκρωσίμου, τοῦ Μικροῦ καὶ Μεγάλου Ἁγιασμοῦ","Hieratikon Enkolpion, i.e. the Divine Liturgy, the holy services of Divine Baptism, Betrothal, Crowning, Burial, Small and Great Blessing of the Waters",8ον,15.—,,Τὸ αὐτὸ πανδέδετον: 20.—
1904,IMG_1421.jpeg,ΙΑ΄ ΜΟΥΣΙΚΑ,11. MUSIC,Α΄ ΜΟΥΣΙΚΑ ΤΗΣ ΕΚΚΛΗΣΙΑΣ,Π. Γ. ΚΗΛΤΖΑΝΙΔΗΣ,P. G. Kiltzanidis,Δοξαστάριον Πέτρου Πελοποννησίου,Doxastarion of Petros Peloponnesios,"Τόμοι 2, 8ον, σ. 1171",45.—,,Τὸ αὐτὸ δεδεμένον: 60.—
1904,IMG_1421.jpeg,ΙΑ΄ ΜΟΥΣΙΚΑ,11. MUSIC,Α΄ ΜΟΥΣΙΚΑ ΤΗΣ ΕΚΚΛΗΣΙΑΣ,ΚΥΡΙΑΚΟΣ ΖΑΧΑΡΙΑΔΗΣ,Kyriakos Zachariadis,Μουσικὸν Ἐγκόλπιον Νέον,New Musical Enkolpion,"Τόμοι 3, σ. 1694",70.—,,Τὸ αὐτὸ δεδεμένον εἰς ἕν: 80.—
1904,IMG_1421.jpeg,ΙΑ΄ ΜΟΥΣΙΚΑ,11. MUSIC,Α΄ ΜΟΥΣΙΚΑ ΤΗΣ ΕΚΚΛΗΣΙΑΣ,ΝΙΚΟΛΑΟΣ Β. ΚΑΛΛΙΚΕΛΑΔΟΣ ΖΑΓΚΛΙΒΕΡΙΝΟΣ,Nikolaos V. Kallikelados Zagkliverinos,"Ἀηδών, περιέχουσα Ἑσπερινόν, Ὄρθρον καὶ Λειτουργίαν","Nightingale, containing Vespers, Orthros, and Liturgy","8ον, σ. 556",15.—,,Τὸ αὐτὸ πανδέδετον: 20.—
1904,IMG_1421.jpeg,ΙΑ΄ ΜΟΥΣΙΚΑ,11. MUSIC,Α΄ ΜΟΥΣΙΚΑ ΤΗΣ ΕΚΚΛΗΣΙΑΣ,ΔΑΜΑΣΚΗΝΟΣ (Ο ΕΝ ΑΓΙΟΙΣ ΠΑΤΗΡ ΗΜΩΝ),Saint John Damascene,"Ἀκολουθία, διασκευασθεῖσα ὑπὸ τοῦ Μουσικοῦ Συλλόγου διὰ τὴν ἐπέτειον αὐτοῦ πανήγυριν","Order of Service, arranged by the Musical Society for its annual feast",σ. 88,9.—,,
1904,IMG_1421.jpeg,ΙΑ΄ ΜΟΥΣΙΚΑ,11. MUSIC,Α΄ ΜΟΥΣΙΚΑ ΤΗΣ ΕΚΚΛΗΣΙΑΣ,,,Τὰ Ἕνδεκα Ἑωθινά,The Eleven Eothina (Morning Hymns),σ. 79,5.—,,Τὸ αὐτὸ πανδέδετον: 30.—
1904,IMG_1421.jpeg,ΙΑ΄ ΜΟΥΣΙΚΑ,11. MUSIC,Α΄ ΜΟΥΣΙΚΑ ΤΗΣ ΕΚΚΛΗΣΙΑΣ,,,Δοξαστικάριον τοῦ Τριῳδίου καὶ Πεντηκοσταρίου,Doxastikarion of Triodion and Pentecostarion,8ον,60.—,,νῦν τὸ δεύτερον ἐξεδόθη
1904,IMG_1421.jpeg,ΙΑ΄ ΜΟΥΣΙΚΑ,11. MUSIC,Α΄ ΜΟΥΣΙΚΑ ΤΗΣ ΕΚΚΛΗΣΙΑΣ,ΓΡΗΓΟΡΙΟΣ ΠΡΩΤΟΨΑΛΤΗΣ,Gregorios Protopsaltes,"Ταμεῖον Ἀνθολογίας, περιέχον ἅπασαν τὴν ἐκκλησιαστικὴν ἐνιαύσιον ἀκολουθίαν","Treasury of Anthology, containing the complete annual church service","Τόμοι 2, 8ον, σ. 1026",80.—,,δεδεμένον
1904,IMG_1421.jpeg,ΙΑ΄ ΜΟΥΣΙΚΑ,11. MUSIC,Α΄ ΜΟΥΣΙΚΑ ΤΗΣ ΕΚΚΛΗΣΙΑΣ,ΣΙΜΟΣ ΑΒΑΓΙΑΝΟΣ,Simos Avagianos,Τριῴδιον καὶ Πεντηκοστάριον. Τόμος Β΄ (ἐπιμελείᾳ καὶ συμπληρώσει Α. Σακελλαριάδου),Triodion and Pentecostarion. Vol B (edited and completed by A. Sakellariadis),"8ον, σ. 800",50.—,,τὸ δεύτερον ἐξεδόθη τῇ προσθήκῃ Ἰδιομέλων κλπ.
1904,IMG_1421.jpeg,ΙΑ΄ ΜΟΥΣΙΚΑ,11. MUSIC,Α΄ ΜΟΥΣΙΚΑ ΤΗΣ ΕΚΚΛΗΣΙΑΣ,ΙΩΑΝΝΗΣ ΔΑΜΑΣΚΗΝΟΣ,John Damascene,Βιβλιοθήκη Μουσική. Τόμος Α΄: Ἀναστασιματάριον,Musical Library. Volume A: Anastasimatarion,"8ον, σ. 341",15.—,,Τὸ αὐτὸ δεδεμένον: 25.—
1904,IMG_1421.jpeg,ΙΑ΄ ΜΟΥΣΙΚΑ,11. MUSIC,Α΄ ΜΟΥΣΙΚΑ ΤΗΣ ΕΚΚΛΗΣΙΑΣ,ΠΕΤΡΟΣ ΠΕΛΟΠΟΝΝΗΣΙΟΣ,Petros Peloponnesios,Βιβλιοθήκη Μουσική. Τόμος Β΄: Ἀναστασιματάριον,Musical Library. Volume B: Anastasimatarion,"8ον, σ. 448",25.—,,Τὸ αὐτὸ δεδεμένον: 40.—
1904,IMG_1421.jpeg,ΙΑ΄ ΜΟΥΣΙΚΑ,11. MUSIC,Α΄ ΜΟΥΣΙΚΑ ΤΗΣ ΕΚΚΛΗΣΙΑΣ,ΣΙΜΟΣ ΑΒΑΓΙΑΝΟΣ,Simos Avagianos,"Τριῴδιον καὶ Πεντηκοστάριον, ἤτοι Δοξαστικὰ καὶ Ἰδιόμελα τοῦ Τριῳδίου καὶ Πεντηκοσταρίου μετὰ τῆς ἀκολουθίας τῶν Ἐγκαινίων. Τόμος Α΄: Τριῴδιον","Triodion and Pentecostarion, i.e. Doxastika and Idiomela of the Triodion and Pentecostarion... Vol A: Triodion","μέγα 8ον, σ. ιβ΄-436",36.—,,
1904,IMG_1421.jpeg,ΙΑ΄ ΜΟΥΣΙΚΑ,11. MUSIC,Α΄ ΜΟΥΣΙΚΑ ΤΗΣ ΕΚΚΛΗΣΙΑΣ,Α. ΒΥΖΑΝΤΙΟΣ,A. Byzantios,Δωδεκαήμερον Μουσικόν,Musical Dodekahemeron (Twelve Days of Christmas),"8ον, σ. 195",15.—,,Τὸ αὐτὸ δεδεμένον: 20.—
1904,IMG_1421.jpeg,ΙΑ΄ ΜΟΥΣΙΚΑ,11. MUSIC,Α΄ ΜΟΥΣΙΚΑ ΤΗΣ ΕΚΚΛΗΣΙΑΣ,ΓΕΩΡΓΙΟΣ ΝΙΚΟΛΑΟΥ,Georgios Nikolaou,"Ἀναστασιματάριον, ἀργὸν καὶ σύντομον, μελοποιηθὲν παρὰ διαφόρων διδασκάλων παλαιῶν καὶ νεωτέρων","Anastasimatarion, slow and brief, set to music by various teachers old and new","μέγα 8ον, σ. 606",30.—,,
1904,IMG_1421.jpeg,ΙΑ΄ ΜΟΥΣΙΚΑ,11. MUSIC,Α΄ ΜΟΥΣΙΚΑ ΤΗΣ ΕΚΚΛΗΣΙΑΣ,Γ. ΒΙΟΛΑΚΗΣ,G. Violakis,"Τὸ Δοξαστάριον Πέτρου τοῦ Πελοποννησίου, ἐξηγηθὲν πιστῶς ἐκ τῆς ἀρχαίας εἰς τὴν καθ' ἡμᾶς γραφήν","The Doxastarion of Petros Peloponnesios, faithfully transcribed into modern notation","Τόμοι 2, 8ον, σ. ια΄-605",50.—,,Τὸ αὐτὸ δεδεμένον εἰς ἕν: 60.—
1904,IMG_1422.jpeg,Μουσικὰ τῆς Ἐκκλησίας,Church Music,,Παμπολλάρου Ι. Στ.,Pampollarou I. St.,"Κρηπίς, ἤτοι Νέα Στοιχειώδης Διδασκαλία τοῦ Θεωρητικοῦ καὶ Πρακτικοῦ τῆς ἐκκλησιαστικῆς μουσικῆς, συντεταχθεῖσα πρὸς χρῆσιν τῶν σπουδαζόντων αὐτήν, κατὰ νέαν μέθοδον καὶ μετὰ προσθήκης συνοπτικῆς ἐξηγήσεως τῆς ἐξωτερικῆς μουσικῆς, νῦν τὸ δεύτερον ἐκδοθέντα ὑπὸ Δ. Ι. Πρωτοψάλτου...","Krepis, or New Elementary Instruction on the Theoretical and Practical Aspects of Ecclesiastical Music, now published for the second time by D. I. Protopsaltis...","8ον, σελίδες 1—256",25.—,,Second edition edited by D. I. Protopsaltis
1904,IMG_1422.jpeg,Μουσικὰ τῆς Ἐκκλησίας,Church Music,,Μισαηλίδου Μ.,Misailidou M.,"Νέον Θεωρητικὸν Συντομώτατον, ἤτοι περὶ τῆς καθ' ἡμᾶς ἐκκλησιαστικῆς μουσικῆς καὶ τῆς ἀρχαίας ἑλληνικῆς μουσικῆς μετὰ πολλῶν μουσικῶν κλιμάκων καὶ τεσσάρων μονοχόρδων καὶ μετὰ πρακτικοῦ μέρους","New Concise Theoretical Work, on our ecclesiastical music and ancient Greek music with many musical scales and four monochords...","8ον, σελ. 123+80+184",35.—,,
1904,IMG_1422.jpeg,Μουσικὰ τῆς Ἐκκλησίας,Church Music,,Παμπολλάρου Ι. καὶ Δομεστίκου Στ. Α.,Pampollarou I. and Domestikou St. A.,Πανδέκτη τῆς ἱερᾶς ἐκκλησιαστικῆς Ὑμνῳδίας τοῦ ὅλου ἐνιαυτοῦ (δεδεμένον εἰς 4 τόμ.),Pandect of Sacred Ecclesiastical Hymnody of the Entire Year (bound in 4 vols),,108.—,,Bound in 4 volumes
1904,IMG_1422.jpeg,Μουσικὰ τῆς Ἐκκλησίας,Church Music,,Παμπολλάρου Ι. καὶ Δομεστίκου Στ. Α.,Pampollarou I. and Domestikou St. A.,Πανδέκτη τῆς ἱερᾶς ἐκκλησιαστικῆς Ὑμνῳδίας τοῦ ὅλου ἐνιαυτοῦ,Pandect of Sacred Ecclesiastical Hymnody of the Entire Year,"8ον, 4 τόμοι, σελίδες 2721",80.—,,In 4 volumes
1904,IMG_1422.jpeg,Μουσικὰ τῆς Ἐκκλησίας,Church Music,,Πέτρου τοῦ Πελοποννησίου,Petrou tou Peloponnisiou,Νέα Μουσικὴ Κυψέλη (δεδεμένον εἰς δύο),New Musical Hive (bound in two volumes),,120.—,,Bound in two volumes
1904,IMG_1422.jpeg,Μουσικὰ τῆς Ἐκκλησίας,Church Music,,Παλαιολόγου Γ. Π.,Palaiologou G. P.,"Ὁ Ῥυθμὸς ἐν τῇ Ἐκκλησιαστικῇ Μουσικῇ, τουτέστι πραγματεία διευκρινίζουσα τὸ ζήτημα τοῦ...","Rhythm in Ecclesiastical Music, that is a treatise clarifying the issue of...",,,,Incomplete entry continued on next page
1904,IMG_1422.jpeg,Μουσικὰ τῆς Ἐκκλησίας,Church Music,,Πέτρου τοῦ Πελοποννησίου,Petrou tou Peloponnisiou,"Νέα Μουσικὴ Κυψέλη, κατὰ τὴν προφορικὴν κατ' ἐδ ὕφος τῆς τοῦ Χριστοῦ Μεγάλης Ἐκκλησίας, περιεκτικὴ πάντων τῶν Ἰδιομέλων καὶ τῶν Δοξαστικῶν τοῦ Ἑσπερινοῦ, τῆς Λιτῆς, τῶν Ἀποστίχων καὶ τῶν Αἴνων, Ἀπολυτικίων καὶ Κοντακίων πασῶν τῶν Δεσποτικῶν καὶ Θεομητορικῶν ἑορτῶν, τῶν Ἁγίων...","New Musical Hive, according to the oral style of the Great Church of Christ, containing all Idiomela and Doxastika...","μέγα 8ον, 3 τόμοι, σελίδες ιβ'—1348",90.—,,In 3 volumes. Edited with additions by Ph. Vambas.
1904,IMG_1422.jpeg,Μουσικὰ τῆς Ἐκκλησίας,Church Music,,Παμπολλάρου Ι. Στ.,Pampollarou I. St.,Κρηπίς... νῦν τὸ δεύτερον ἐκδοθέντα ὑπὸ Δ. Ι. Πρωτοψάλτου (δεδεμένον),Krepis... second edition edited by D. I. Protopsaltis (bound),,30.—,,Bound edition of the previous item
1904,IMG_1422.jpeg,Μουσικὰ τῆς Ἐκκλησίας,Church Music,,Παμπολλάρου Ι. Στ.,Pampollarou I. St.,"Κρηπίς, ἤτοι Νέα Στοιχειώδης Διδασκαλία τοῦ Θεωρητικοῦ καὶ Πρακτικοῦ τῆς ἐκκλησιαστικῆς μουσικῆς, συντεταχθεῖσα πρὸς χρῆσιν τῶν ἀκουόντων αὐτὴν κατὰ νέαν μέθοδον καὶ μετὰ προσθήκης συνοπτικῆς ἐξηγήσεως τῆς ἐξωτερικῆς μουσικῆς (α' ἔκδοσις)","Krepis, or New Elementary Instruction on the Theoretical and Practical Aspects of Ecclesiastical Music (1st edition)","8ον, σελ. δ'—146",6.—,,First edition
1904,IMG_1422.jpeg,Μουσικὰ τῆς Ἐκκλησίας,Church Music,,,,Ἐγκόλπιον ἅπαν... ἢ Ἐκλογὴ τῆς καθ' ἡμᾶς Ἱερᾶς,Complete Manual... or Selection of Sacred Music,,50.—,,
1904,IMG_1422.jpeg,Μουσικὰ τῆς Ἐκκλησίας,Church Music,,Κυρίτσης Ι. Γ.,Kyritsis I. G.,"Ἱερατικὸν Ἐγκόλπιον, περιέχον τὰς εἰς διαφόρους ἱεροτελεστίες ψαλλομένας ἀκολουθίας κατὰ τὸ νέον Τυπικὸν τῆς M. τοῦ X. Ἐκκλησίας (δεδεμένον)","Priestly Vademecum, containing services chanted in various holy ceremonies according to the new Typikon of the Great Church of Christ (bound)",,20.—,,Bound edition of the previous item
1904,IMG_1422.jpeg,Μουσικὰ τῆς Ἐκκλησίας,Church Music,,,,"[... καὶ Μεγάλου ᾿Αγρυπνία], κοντὰ ἐδ ἱερῶν Εὐαγγελίων","[... and Great Vigil], near the Holy Gospels",σελ. 618,15.—,,Incomplete entry continued from page 96
1904,IMG_1422.jpeg,Μουσικὰ τῆς Ἐκκλησίας,Church Music,,,,"[... καὶ Μεγάλου ᾿Αγρυπνία], κοντὰ ἐδ ἱερῶν Εὐαγγελίων (δεδεμένον)","[... and Great Vigil], near the Holy Gospels (bound)",,20.—,,Bound edition of the previous item
1904,IMG_1422.jpeg,Μουσικὰ τῆς Ἐκκλησίας,Church Music,,,,Μεθαρμονικὴ διδασκαλία πρὸς ἐκμάθησιν καὶ διάδοσιν τοῦ γνησίου ἐξωτερικοῦ μέλους τῆς καθ' ἡμᾶς ἑλληνικῆς μουσικῆς κατ' ἀντιπαραβολὴν πρὸς τὴν ἀραβοπερσικὴν μουσικήν,Post-harmonic instruction for learning and propagating the authentic secular melody of Greek music compared to Arab-Persian music,"8ον, σελίδες 1—270",15.—,,
1904,IMG_1422.jpeg,Μουσικὰ τῆς Ἐκκλησίας,Church Music,,Παμπολλάρου Ι. Στ.,Pampollarou I. St.,"Κρηπίς, ἤτοι Νέα Στοιχειώδης Διδασκαλία τοῦ Θεωρητικοῦ καὶ Πρακτικοῦ τῆς ἐκκλησιαστικῆς μουσικῆς, συνεταχθεῖσα πρὸς χρῆσιν τῶν ἀκουόντων αὐτήν, κατὰ νέαν μέθοδον καὶ μετὰ προσθήκης συνοπτικῆς ἐξηγήσεως τῆς ἐξωτερικῆς μουσικῆς","Krepis, or New Elementary Instruction on the Theoretical and Practical Aspects of Ecclesiastical Music","8ον, β', σελίδες 128",8.—,,
1904,IMG_1422.jpeg,Μουσικὰ τῆς Ἐκκλησίας,Church Music,,,,Ἐγκόλπιον ἅπαν... ἢ Ἐκλογὴ τῆς καθ' ἡμᾶς Ἱερᾶς (δεδεμένον),Complete Manual... or Selection of Sacred Music (bound),,30.—,,Bound edition of the previous item
1904,IMG_1422.jpeg,Μουσικὰ τῆς Ἐκκλησίας,Church Music,,,,"[Ἐκκλησιαστικὴ Μουσική], περιέχον τὴν ἀκολουθίαν τοῦ Ἑσπερινοῦ, τοῦ Ὄρθρου καὶ τῆς Λειτουργίας μετὰ καταγραφῶν Εἱρμῶν","[Ecclesiastical Music], containing the service of Vespers, Matins, and Liturgy with transcriptions of Heirmoi","8ον, σ. 432",35.—,,
1904,IMG_1422.jpeg,Μουσικὰ τῆς Ἐκκλησίας,Church Music,,Κυρίτσης Ι. Γ.,Kyritsis I. G.,"Ἱερατικὸν Ἐγκόλπιον, περιέχον τὰς εἰς διαφόρους ἱεροτελεστίες ψαλλομένας ἀκολουθίας κατὰ τὸ νέον Τυπικὸν τῆς M. τοῦ X. Ἐκκλησίας","Priestly Vademecum, containing services chanted in various holy ceremonies according to the new Typikon of the Great Church of Christ","8ον, σελίδες 496",15.—,,
1904,IMG_1422.jpeg,Μουσικὰ τῆς Ἐκκλησίας,Church Music,,,,Μεθαρμονικὴ διδασκαλία πρὸς ἐκμάθησιν καὶ διάδοσιν τοῦ γνησίου ἐξωτερικοῦ μέλους τῆς καθ' ἡμᾶς ἑλληνικῆς μουσικῆς κατ' ἀντιπαραβολὴν πρὸς τὴν ἀραβοπερσικὴν μουσικήν (δεδεμένον),Post-harmonic instruction for learning and propagating the authentic secular melody of Greek music compared to Arab-Persian music (bound),,20.—,,Bound edition of the previous item
1904,IMG_1423.jpeg,Μουσικὰ τῆς Ἐκκλησίας,Church Music,,ΤΣΙΚΝΟΠΟΥΛΟΥ ΑΝΑΡ. Θ.,Tsiknopoulou Anar. Th.,Ἀναστασιματάριον,Anastasimatarium,"8ον, σ. 672",50.—,,
1904,IMG_1423.jpeg,Β' ΑΙΣΜΑΤΟΛΟΓΙΑ,Songbooks / Vocal Music,,ΠΑΧΤΙΚΟΥ Γ. Δ.,Pachtikou G. D.,260 Ἀρχαῖα Ἑλληνικὰ Μελῳδήματα,260 Ancient Greek Melodies,"8ον, σ. 268",10.—,,
1904,IMG_1423.jpeg,Β' ΑΙΣΜΑΤΟΛΟΓΙΑ,Songbooks / Vocal Music,,ΠΑΓΑΝΙ Ν.,Pagani N.,Διδασκαλία τῆς καθόλου μουσικῆς τέχνης,Teaching of General Musical Art,"8ον, σ. 188",10.—,,
1904,IMG_1423.jpeg,Β' ΑΙΣΜΑΤΟΛΟΓΙΑ,Songbooks / Vocal Music,,ΓΡΙΤΣΑΝΗ Π.,Gritsani P.,Στοιχειώδη ἐκ τῆς καθ' ἡμᾶς νεωτέρας Ἑλληνικῆς ποιήσεως,Elements of Modern Greek Poetry,"8ον, σελ. 158",12.—,,
1904,IMG_1423.jpeg,Β' ΑΙΣΜΑΤΟΛΟΓΙΑ,Songbooks / Vocal Music,,ΒΛΑΧΑΚΗ Ν. Η.,Vlachaki N. I.,Ἡ Λεσβία Σαπφώ,Sappho of Lesbos,"8ον, σελ. 352",20.—,,
1904,IMG_1423.jpeg,Μουσικὰ τῆς Ἐκκλησίας,Church Music,,ΦΩΚΑΕΩΣ ΘΕΟΔ. Π.,Fokaeos Theod. P.,Ἀναστασιματάριον ἀργὸν καὶ σύντομον,Anastasimatarium slow and brief,8ον,25.—,,
1904,IMG_1423.jpeg,Μουσικὰ τῆς Ἐκκλησίας,Church Music,,ΠΡΩΤΟΨΑΛΤΟΥ ΙΩΑΝ.,Protopsaltou Ioan.,Εἱρμολόγιον Νέον Σύντομον,New Brief Heirmologion,"8ον, σελίδες 656",30.—,,Bound copy available for 40.—
1904,IMG_1423.jpeg,Β' ΑΙΣΜΑΤΟΛΟΓΙΑ,Songbooks / Vocal Music,,ΠΑΤΡΙΑΡΧΑ Α. Σ.,Patriarcha A. S.,Ἐγχειρίδιον Ἁρμονίας,Manual of Harmony,"8ον, σελίδες 84",24.—,,
1904,IMG_1423.jpeg,Μουσικὰ τῆς Ἐκκλησίας,Church Music,,ΣΑΚΕΛΛΑΡΙΔΟΥ ΙΩΑΝ.,Sakellaridou Ioan.,Ἀναστασιματάριον Νέον,New Anastasimatarium,"8ον, σελίδες 508",40.—,,Bound copy available for 50.—
1904,IMG_1423.jpeg,Μουσικὰ τῆς Ἐκκλησίας,Church Music,,ΣΑΚΕΛΛΑΡΙΔΟΥ ΙΩΑΝ.,Sakellaridou Ioan.,Ἐκκλησιαστικὸν Νέον,New Ecclesiastical,"8ον, σ. 52",50.—,,
1904,IMG_1423.jpeg,Μουσικὰ τῆς Ἐκκλησίας,Church Music,,ΣΑΚΕΛΛΑΡΙΔΟΥ ΙΩΑΝ.,Sakellaridou Ioan.,Ἀκολουθία τοῦ Ὑμνολόγου,Order of the Hymnologos,"8ον, σελίδες 45",5.—,,
1904,IMG_1423.jpeg,Μουσικὰ τῆς Ἐκκλησίας,Church Music,,,,Πεντηκοστάριον,Pentekostarion,"8ον, σελ. 283",25.—,,Bound copy available for 30.—
1904,IMG_1423.jpeg,Μουσικὰ τῆς Ἐκκλησίας,Church Music,,ΡΑΙΔΕΣΤΗΝΟΥ ΓΕΩΡΓΙΟΥ,Raidestinou Georgiou,Ἡ Ἁγία καὶ Μεγάλη Ἑβδομάς,Holy and Great Week,"8ον, σελίδες 449",25.—,,Bound copy available for 30.—
1904,IMG_1423.jpeg,Μουσικὰ τῆς Ἐκκλησίας,Church Music,,ΠΡΩΤΟΨΑΛΤΟΥ Δ. ΙΩΑΝΝΟΥ,Protopsaltou D. Ioannou,Εἱρμολόγιον τῶν Καταβασιῶν,Heirmologion of the Katavasiai,"8ον, σ. 500",17.—,,
1904,IMG_1423.jpeg,Μουσικὰ τῆς Ἐκκλησίας,Church Music,,ΠΡΩΤΟΨΑΛΤΟΥ Δ. ΙΩΑΝΝΟΥ,Protopsaltou D. Ioannou,"Αναστασιματάριον Νέον, ἀργὸν καὶ σύντομον","New Anastasimatarium, slow and brief","8ον, σελ. 110",12.—,,Bound copy available for 15.—
1904,IMG_1423.jpeg,Μουσικὰ τῆς Ἐκκλησίας,Church Music,,ΧΡΥΣΑΝΘΙΔΟΥ ΙΕΡΟΨΑΛΤΟΥ,Chrysanthidou Ieropsaltou,Χριστουγεννιάτικα,Christmas Chants / Hymns,"8ον, σ. 384",27.—,,
1904,IMG_1423.jpeg,Β' ΑΙΣΜΑΤΟΛΟΓΙΑ,Songbooks / Vocal Music,,LEBERT & STARK,Lebert & Stark,Μέθοδος Κλειδοκυμβάλου (Klavier-Schule),Piano Method (Klavier-Schule),"4ον, σελ. 118",28.—,,Volume 1
1904,IMG_1424.jpeg,Θεολογικὰ καὶ Θρησκευτικά,Theological and Religious,,ΑΜΒΡΑΖΗ Ν. Χ.,AMVRAZIS N. CH.,"Ἡ Ὀρθόδοξος Ἐκκλησία, ἐν σχέσει πρὸς ὅλας τὰς ἄλλας χριστιανικὰς Ἐκκλησίας ἐξεταζομένη. Τόμοι 2",The Orthodox Church examined in relation to all other Christian Churches. 2 volumes,"8ον, σελίδες 636+",25.—,,
1904,IMG_1424.jpeg,Θεολογικὰ καὶ Θρησκευτικά,Theological and Religious,,,,"Ἀπόδειξις τοῦ κύρους τῶν τῆς Νέας καὶ Παλαιᾶς Διαθήκης βιβλίων, καὶ τῆς ἐν αὐτοῖς ἀληθείας ὑπεράσπισις, ἢ Ἀνασκευὴ τῆς τοῦ Βολτέρου βίβλου, τῆς καλουμένης «Τελευταῖον διερμηνευθείσης Διαθήκης», ἐκ τῆς τῶν Γάλλων φωνῆς μεταφρασθεῖσα, ᾗπερ προσετέθησαν καί τινες σημειώσεις, Βιέννη, 1794","Proof of the authenticity of the books of the New and Old Testament, and defense of the truth within them, or Refutation of Voltaire's book called 'The Bible Finally Explained', translated from French, to which were added some notes, Vienna, 1794","4ον, σελίδες λζ΄+653+85 (μετὰ Πίνακος ῥήσεων τῆς Ἁγίας Γραφῆς)",80.—,,Covered partially by red block; title reconstructed from visible script
1904,IMG_1424.jpeg,Θεολογικὰ καὶ Θρησκευτικά,Theological and Religious,,ΑΝΔΡΟΥΤΣΟΥ ΧΡ.,ANDROUTSOS CHR.,Δοκίμιον Συμβολικῆς ἐξ ἐπόψεως ὀρθοδόξου,Essay on Symbolics from an Orthodox perspective,"8ον, σ. 358",30.—,,
1904,IMG_1424.jpeg,Θεολογικὰ καὶ Θρησκευτικά,Theological and Religious,,ΑΝΔΡΟΥΤΣΟΥ ΧΡ.,ANDROUTSOS CHR.,Τὸ κῦρος τῶν ἀγγλικανῶν χειροτονιῶν ἐξ ἐπόψεως ὀρθοδόξου,The validity of Anglican orders from an Orthodox perspective,"8ον, σελίδες 95",10.—,,
1904,IMG_1424.jpeg,Θεολογικὰ καὶ Θρησκευτικά,Theological and Religious,,ΑΝΑΣΤΑΣΙΟΥ ΤΙΜΟΘΕΟΥ,ANASTASIOU TIMOTHEOU,Ὁ Εὐαγγελικὸς Νόμος,The Evangelical Law,"8ον, σελίδες 216 +",6.—,,
1904,IMG_1424.jpeg,Θεολογικὰ καὶ Θρησκευτικά,Theological and Religious,,,,Ἀνάγνωσμα ἐν τῇ κατὰ τὴν κατ' Αὔγουστον συνεδριάσει τῆς Ἱερᾶς Συνόδου καὶ τοῦ Ἐθν. Συμβουλίου ὑπὸ τὴν προεδρείαν τῆς Α. Θ. Π. τοῦ Οἰκ. Π. Ἰωακεὶμ τοῦ Β΄ περὶ τοῦ ζητήματος τῆς ἐν τῷ Ἁγίῳ Ὅρει μονῆς τοῦ ἁγίου Παντελεήμονος,Reading during the August meeting of the Holy Synod and National Council under the presidency of Ecumenical Patriarch Joachim II concerning the issue of Saint Panteleimon Monastery on Mount Athos,σελίδες 23,2.—,,
1904,IMG_1424.jpeg,Θεολογικὰ καὶ Θρησκευτικά,Theological and Religious,,,,Ὁ Ῥαββῖνος Ἰσαὰκ Μ. πιστεύσας εἰς τὸν Χριστὸν καὶ χειροτονηθεὶς πρεσβύτερος τῆς Ἐκκλησίας. Ἱστορία πλήρης ἐνδιαφέροντος καὶ ποικίλων περιπετειῶν,Rabbi Isaac M. who believed in Christ and was ordained a presbyter of the Church. A story full of interest and varied adventures,"8ον, σελ. 174 +",5.—,,
1904,IMG_1424.jpeg,Θεολογικὰ καὶ Θρησκευτικά,Theological and Religious,,,,"Ὁ Ὀρθόδοξος καὶ ἕλλην ἱεραπόστολος Φιλόθεος μεταξὺ τῶν ἀγρίων καὶ ἀνθρωποφάγων Νιανιαουμί, ἐπιστροφὴ αὐτῶν εἰς τὴν χριστιανικὴν πίστιν καὶ ἵδρυσις τῆς πρώτης ὀρθοδόξου Ἐκκλησίας τῶν ἐπιστραφέντων ἀγρίων","The Orthodox Greek missionary Philotheos among the wild cannibals Niam-Niam, their conversion to Christian faith and establishment of the first Orthodox Church of converted natives","8ον, σελίδες 244 +",10.—,,
1904,IMG_1424.jpeg,Θεολογικὰ καὶ Θρησκευτικά,Theological and Religious,,,,Ἀγγλικανὴ Ἀπάντησις πρὸς τὴν ἀποστολικὴν ἐπιστολὴν τοῦ Πάπα Πίου Θ΄ πρὸς ἅπαντας τοὺς Διαμαρτυρομένους καὶ τοὺς λοιποὺς μὴ Ῥωμαϊοκαθολικούς. (Ἐκ τοῦ λατινικοῦ),Anglican Answer to the Apostolic Letter of Pope Pius IX to all Protestants and other non-Roman Catholics. (Translated from Latin),σελίδες 19 +,2.—,,
1904,IMG_1424.jpeg,Θεολογικὰ καὶ Θρησκευτικά,Theological and Religious,,ΑΓΑΠΙΟΥ καὶ ΝΙΚΟΔΗΜΟΥ,AGAPIOU AND NIKODIMOU,"Πηδάλιον τῆς νοητῆς Νηὸς τῆς Μιᾶς, Ἁγίας, Καθολικῆς καὶ Ἀποστολικῆς Ἐκκλησίας","Pedalion (Rudder) of the metaphorical Ship of the One, Holy, Catholic, and Apostolic Church","4ον, σελίδες κβ΄—787 +",75.—,,
1904,IMG_1424.jpeg,Άισματολογία,Hymnology / Music,,ΦΟΥΣΤΑΝΟΥ ΙΩΑΝΝΟΥ,FOUSTANOS IOANNIS,"Ἁρμονία καὶ Μελῳδία, ἤτοι μουσικαὶ μελέται μετὰ τεχνοκριτικῆς ἀναλύσεως διαφόρων μελοδραμάτων","Harmony and Melody, namely musical studies with technical critical analysis of various operas","12ον, σελίδες λδ΄—83 +",16.—,,
1904,IMG_1424.jpeg,Άισματολογία,Hymnology / Music,,ΤΖΕΤΖΗ Ι. Δ.,TZETZIS I. D.,Ἡ ἐπινόησις τῆς Παρασημαντικῆς τῶν κατὰ τῶν μεσαίωνα λειτουργικῶν καὶ ὑμνολογικῶν χειρογράφων τῶν ἀνατολικῶν Ἐκκλησιῶν,The invention of Parasemantike notation of medieval liturgical and hymnological manuscripts of Eastern Churches,"8ον, σελίδες 82+",6.—,,
1904,IMG_1424.jpeg,Άισματολογία,Hymnology / Music,,ΣΑΚΕΛΛΑΡΙΔΟΥ Ι. Θ.,SAKELLARIDIS I. TH.,"Ἄσματα Ἐκκλησιαστικά, ἐκδιδόμενα δαπάναις τοῦ Ἀρσακείου","Ecclesiastical Chants, published at the expense of the Arsakeion",τεύχη 7+,18.—,,
1904,IMG_1424.jpeg,Άισματολογία,Hymnology / Music,,ΠΟΛΥΚΡΑΤΟΥΣ Θ.,POLYKRATIS TH.,Θεωρητικὸν τῆς νεωτέρας μουσικῆς μετὰ παραρτήματος περὶ τῆς ἀρχαίας μουσικῆς,Theory of modern music with an appendix on ancient music,"8ον, σελίδες ις΄—79 +",10.—,,
1904,IMG_1424.jpeg,Άισματολογία,Hymnology / Music,,ΠΑΧΤΙΚΟΥ Γ. Δ.,PACHTIKOS G. D.,"Τὰ Ψαρά, ᾇσμα εἰς δίφωνον ἁρμονίαν μελοποιηθέν","Psara, song composed in two-part harmony",,5.—,,
1904,IMG_1424.jpeg,Θεολογικὰ καὶ Θρησκευτικά,Theological and Religious,,ΑΓΑΠΙΟΥ καὶ ΝΙΚΟΔΗΜΟΥ,AGAPIOU AND NIKODIMOU,Τὸ αὐτὸ δεδεμένον,The same bound,,90.—,,
1904,IMG_1425.jpeg,ΙΓ΄ ΦΙΛΟΣΟΦΙΚΑ,Philosophy,,ΟΙΚΟΝΟΜΟΥ Κ.,Oikonomos K.,"Τὰ Μυστήρια τοῦ Πνεύματος, ὅλως, ὁλόκληρος ἱστορία τῶν πνευματικῶν ἐμφανίσεων ἐν Ἑλλάδι","The Mysteries of the Spirit, an entire history of spiritual manifestations in Greece",σελίδες 191,12.—,,
1904,IMG_1425.jpeg,ΙΓ΄ ΦΙΛΟΣΟΦΙΚΑ,Philosophy,,NORDAU Max,Nordau Max,Τὰ κατὰ συνθήκην ψεύδη τοῦ καθ' ἡμᾶς πολιτισμοῦ,The Conventional Lies of Our Civilization,"κατὰ μετάφρασιν Σ. Ζωγραφοπούλου, 8ον, σ. 271 +",10.—,,Translated by S. Zografopoulou
1904,IMG_1425.jpeg,ΙΓ΄ ΦΙΛΟΣΟΦΙΚΑ,Philosophy,,Descartes René,Descartes René,Λόγος περὶ Μεθόδου,Discourse on Method,"ὑπὸ René Descartes, σελίδες 118+",5.—,,
1904,IMG_1425.jpeg,ΙΓ΄ ΦΙΛΟΣΟΦΙΚΑ,Philosophy,,ΜΟΣΤΡΑΤΟΥ Δ. Γ.,Mostratos D. G.,"Βίος διδασκαλία καὶ θάνατος τοῦ Σωκράτους, ὑπὸ Ε. von Lesaulx","Life, Teaching, and Death of Socrates, by E. von Lesaulx","8ον, σελ. β΄, 128 +",10.—,,
1904,IMG_1425.jpeg,ΙΓ΄ ΦΙΛΟΣΟΦΙΚΑ,Philosophy,,ΜΑΡΤΙΝΟΥ Ι.,Martinos I.,Ὄλεθρος τῆς θετικῆς φιλοσοφίας,The Ruin of Positivist Philosophy,"8ον, σελίδες 70 +",5.—,,
1904,IMG_1425.jpeg,ΙΓ΄ ΦΙΛΟΣΟΦΙΚΑ,Philosophy,,ΛΟΜΒΑΡΔΟΥ Κ.,Lombardos K.,"Ὁ Ἀνθρωπισμὸς ἤτοι, Ἀνθρωπολογικαὶ καὶ Ψυχολογικαὶ μελέται. Μέρος Α΄","Humanism or, Anthropological and Psychological Studies. Part 1","8ον, σ. 80 +",5.—,,
1904,IMG_1425.jpeg,ΙΓ΄ ΦΙΛΟΣΟΦΙΚΑ,Philosophy,,ΜΑΝΤΕΓΑΤΖΑ,Mantegazza,Τὸ Καλὸν καὶ Τὸ Κακόν,Good and Evil,"μετάφρασις ὑπὸ Ἑλένης Σ. Ζύγουρα, τεύχ. Τόμος Α΄, σελίδες 168 +",4.—,,Translated by Eleni S. Zygoura
1904,IMG_1425.jpeg,ΙΓ΄ ΦΙΛΟΣΟΦΙΚΑ,Philosophy,,ΠΑΠΑΓΕΝΗ Σ.,Papagenes S.,Εὐριπίδης,Euripides,σελ. 144 +,5.—,,
1904,IMG_1425.jpeg,ΙΓ΄ ΦΙΛΟΣΟΦΙΚΑ,Philosophy,,ΛΕΓΓΕΡΗ Ε.,Leggeres E.,"Τὸ περὶ γυναικῶν ζήτημα, διατριβὴ τρεις, ἀναγνωσθεῖσα ἐν τῷ Ἑλληνικῷ Φιλολογικῷ Συλλόγῳ Κωνσταντινουπόλεως","The Woman Question, three dissertations read at the Greek Literary Association of Constantinople","8ον, σ. 136 +",5.—,,
1904,IMG_1425.jpeg,ΙΓ΄ ΦΙΛΟΣΟΦΙΚΑ,Philosophy,,ΛΕΒΕΝΤΗΣ Ν.,Leventis N.,Κάτοπτρον τῆς Κιν...,Mirror of...,,15.—,,
1904,IMG_1425.jpeg,ΙΓ΄ ΦΙΛΟΣΟΦΙΚΑ,Philosophy,,ΜΑΡΙΩΝ Μ.,Marion M.,"Περὶ τοῦ Πνευματισμοῦ, ὑπὸ τὴν ἐπόψιν τοῦ μεγαλείου, τῆς πολυδυναμίας καὶ τῆς δικαιοσύνης τοῦ Θεοῦ","On Spiritism, from the perspective of the majesty, omnipotence, and justice of God","μετάφρασις Κ. Σκαλτσῆ, 8ον, σελίδες ιγ΄-104 +",9.—,,Translated by K. Skaltses
1904,IMG_1425.jpeg,ΙΓ΄ ΦΙΛΟΣΟΦΙΚΑ,Philosophy,,ΠΑΠΑΔΟΠΟΥΛΟΥ Χρ. Ἀ.,Papadopoulos Chr. A.,Φιλοσοφικὴ Ἠθική,Philosophical Ethics,"8ον, σελίδες 212 +",30.—,,
1904,IMG_1425.jpeg,ΙΓ΄ ΦΙΛΟΣΟΦΙΚΑ,Philosophy,,ΠΑΠΑΔΟΥΚΑ Κ.,Papadoukas K.,Ψυχολογία Ἐμπειρική,Empirical Psychology,"8ον, σελίδες 144 +",6.—,,
1904,IMG_1425.jpeg,ΙΓ΄ ΦΙΛΟΣΟΦΙΚΑ,Philosophy,,ΠΑΠΑΔΟΥΚΑ Κ.,Papadoukas K.,Ἠθική,Ethics,"8ον, σελίδες 74 +",5.—,,
1904,IMG_1425.jpeg,ΙΓ΄ ΦΙΛΟΣΟΦΙΚΑ,Philosophy,,ΚΩΝΣΤΑΝΤΙΝΙΔΟΥ Α.,Konstantinides A.,"Τὸ φῶς διὰ τοῦ σκότους, ἢ πραγματεία κατὰ τῶν προλήψεων","Light through darkness, or treatise against prejudices",σελίδες 194 +,5.—,,
1904,IMG_1425.jpeg,ΙΓ΄ ΦΙΛΟΣΟΦΙΚΑ,Philosophy,,ΠΑΥΛΙΔΟΥ Γ. Α.,Pavlides G. A.,Φιλοσοφικὴ Πραγματεία περὶ ἀληθινῆς θρησκευτικῆς ζωῆς μελέτη,Philosophical Treatise study on true religious life,"8ον, σελίδες 159 +",6.—,,
1904,IMG_1425.jpeg,ΙΓ΄ ΦΙΛΟΣΟΦΙΚΑ,Philosophy,,ΠΑΥΛΙΔΟΥ Γ. Α.,Pavlides G. A.,Περὶ τῶν καθηκόντων τῶν ἀνδρῶν,On the duties of men,"μετάφρασις ἐκ τοῦ ἰταλικοῦ ὑπὸ Δ. Προύσου, 8ον, σελίδες 150 +",6.—,,Translated from Italian by D. Prousos
1904,IMG_1425.jpeg,ΙΓ΄ ΦΙΛΟΣΟΦΙΚΑ,Philosophy,,ΡΕΝΙΕΡΗ ΜΑΡΚΟΥ,Renieres Markos,Περὶ Πλωτίνου καὶ Διογένους,On Plotinus and Diogenes,"8ον, σελίδες 204, έκδ. 235 +",15.—,,
1904,IMG_1425.jpeg,ΙΓ΄ ΦΙΛΟΣΟΦΙΚΑ,Philosophy,,ΡΕΝΙΕΡΗ ΜΑΡΚΟΥ,Renieres Markos,Περὶ Πλωτίνου καὶ Διογένους καὶ εἰκόνισμα,On Plotinus and Diogenes with illustration,"8ον, σελίδες 204, έκδ. 235 +",20.—,,
1904,IMG_1425.jpeg,ΙΓ΄ ΦΙΛΟΣΟΦΙΚΑ,Philosophy,,ΣΑΒΒΑ Ι.,Savvas I.,"Τὰ Πάθη τῆς ψυχῆς, δοκίμιον","The Passions of the Soul, essay",σελίδες 500 +,18.—,,
1904,IMG_1425.jpeg,ΙΓ΄ ΦΙΛΟΣΟΦΙΚΑ,Philosophy,,ΣΤΕΦΑΝΙΔΟΥ Γ.,Stefanides G.,Αἱ ὑποθέσεις τοῦ Ὑλικισμοῦ καὶ τοῦ Δαρβινισμοῦ καὶ τὸ Ἑλληνικὸν Πανεπιστήμιον,The Hypotheses of Materialism and Darwinism and the Hellenic University,"8ον, σελίδες 93 +",5.—,,
1904,IMG_1425.jpeg,ΙΓ΄ ΦΙΛΟΣΟΦΙΚΑ,Philosophy,,TAINE H.,Taine H.,Φιλοσοφία τῆς Τέχνης ἐν Ἑλλάδι,Philosophy of Art in Greece,σελίδες ιϛ΄-160,6.—,,
1904,IMG_1425.jpeg,ΙΓ΄ ΦΙΛΟΣΟΦΙΚΑ,Philosophy,,ΤΙΠΑΛΔΟΥ Γ. Ι.,Tipaldos G. I.,Κοζάνη Φιλοσοφικὸν Δοκίμιον περὶ τῆς προόδου καὶ τῆς πτώσεως τῆς παλαιᾶς Ἑλλάδος,Kozani Philosophical Essay on the progress and fall of ancient Greece,"8ον, σελίδες δ΄-511 (σπάνιον) +",30.—,,Rare
1904,IMG_1425.jpeg,ΙΓ΄ ΦΙΛΟΣΟΦΙΚΑ,Philosophy,,ΦΛΩΡΑ ΘΕΟΔΩΡΟΥ Κ.,Floras Theodoros K.,"Σφήκας τοῦ βίου, ὑπὸ Lord John Lubbock Bart' ἐκ τῆς 44ης ἐκδόσεως μεταγλωττισθεῖσα","The Use of Life, by Lord John Lubbock Bart translated from the 44th edition","8ον, σελίδες δ΄-180 +",8.—,,
1904,IMG_1425.jpeg,ΙΓ΄ ΦΙΛΟΣΟΦΙΚΑ,Philosophy,,ΠΑΠΑΔΟΥΚΑ Κ.,Papadoukas K.,Ὁ ἄνθρωπος φιλοσοφικῶς ἐξεταζόμενος,Man Philosophically Examined,"8ον, σελίδες 72 +",5.—,,
1904,IMG_1425.jpeg,ΙΓ΄ ΦΙΛΟΣΟΦΙΚΑ,Philosophy,,ΚΟΤΖΙΑ Ν.,Kotzias N.,Ἱστορία τῆς Φιλοσοφίας,History of Philosophy,"Τόμοι 6, 8ον, σελίδες 3076 +",50.—,,6 volumes
1904,IMG_1425.jpeg,ΙΓ΄ ΦΙΛΟΣΟΦΙΚΑ,Philosophy,,ΜΟΣΑΚΗ Ι. Γ.,Mosakes I. G.,Ὁ Πλάτων καὶ οἱ Θεοὶ τῆς Πόλεως,Plato and the Gods of the City,"8ον, σ. 67 +",6.—,,
1904,IMG_1425.jpeg,ΙΓ΄ ΦΙΛΟΣΟΦΙΚΑ,Philosophy,,ΚΑΡΑΛΙΜΠΑΤΗ Κ.,Karalimpates K.,Τί εἶναι ὁ Πνευματισμός. Περίληψις τῶν ἀρχῶν τῆς διδασκαλίας τῶν Πνευματιστῶν,What Spiritism is. Summary of the principles of Spiritist teaching,"μετ' εἰκόνων, 8ον, σελίδες 184 +",6.—,,Illustrated
1904,IMG_1425.jpeg,ΙΓ΄ ΦΙΛΟΣΟΦΙΚΑ,Philosophy,,ΚΑΡΟΛΙΔΟΥ ΙΑΡΑΝΟΥ,Karolides Iaranos,"Νέμεσις καὶ Δικαιοσύνη. Ἐπιλλύον ἐν στίχοις πενταμέτροις, ἰάμβοις",Nemesis and Justice. Epyllion in pentameter and iambic verse,"8ον, σελ. ιε΄-133 +",12.—,,
1904,IMG_1425.jpeg,ΙΓ΄ ΦΙΛΟΣΟΦΙΚΑ,Philosophy,,ΑΘΑΝΑΣΙΟΥ ΤΟΥ ΠΑΡΙΟΥ,Athanasios of Paros,"Ῥητορικὴ Ἑρμηνευτεία, ἤτοι εἰς Ἑρμογένους τοῦ Ταρσέως, τοῦ κατ' ἐξοχὴν Τεχνικοῦ καλουμένου","Rhetorical Interpretation, namely on Hermogenes of Tarsus, called the Technical par excellence","'Ενετίῃσι, 1799, 4ον, σελίδες 788+Χ",40.—,,
1904,IMG_1425.jpeg,ΙΓ΄ ΦΙΛΟΣΟΦΙΚΑ,Philosophy,,ΑΝΔΡΟΥΤΣΟΥ ΧΡ.,Androutsos Chrestos,Ἡ τοῦ Πλάτωνος Θεωρία τῆς γνώσεως καὶ ἑαυτῆς καὶ ἐν σχέσει πρὸς τοὺς πρὸ αὐτοῦ φιλοσοφήσαντας,Plato's Theory of Knowledge in itself and in relation to the philosophers before him,"8ον, σελίδες 113 +",3.45,,
1904,IMG_1425.jpeg,ΙΓ΄ ΦΙΛΟΣΟΦΙΚΑ,Philosophy,,ΑΝΔΡΟΥΤΣΟΥ ΧΡ.,Androutsos Chrestos,"Τὸ Κακὸν παρὰ Πλάτωνι, Τμῆμα Α΄. Ἔννοια τοῦ Κακοῦ","Evil in Plato, Part 1. Concept of Evil","8ον, σελίδες 50+",1.15,,
1904,IMG_1425.jpeg,ΙΓ΄ ΦΙΛΟΣΟΦΙΚΑ,Philosophy,,ΑΝΔΡΟΥΤΣΟΥ ΧΡ.,Androutsos Chrestos,"Τὸ Κακὸν παρὰ Πλάτωνι, Τμῆμα Β΄. Ἀρχὴ τοῦ Κακοῦ","Evil in Plato, Part 2. Origin of Evil","8ον, σελ. 64 +",1.15,,
1904,IMG_1425.jpeg,ΙΓ΄ ΦΙΛΟΣΟΦΙΚΑ,Philosophy,,ΑΝΤΩΝΙΑΔΟΠΟΥΛΟΥ Δ. Α.,Antoniadopoulos D. A.,Στοιχεῖα Ἠθικῆς Φυσικῆς Νόμος,Elements of Moral Natural Law,"8ον, σ. 68+",1.15,,
1904,IMG_1425.jpeg,ΙΓ΄ ΦΙΛΟΣΟΦΙΚΑ,Philosophy,,ΑΥΓΕΝΤΟΠΟΥΛΟΥ Μ.,Augentopoulos M.,"Συμβολαὶ εἰς τὴν θεωρίαν τῆς ἐμπνεύσεως καὶ ἰδίως τὴν Θεωρίαν κατὰ Πλάτωνα καὶ Ἀριστοτέλη, ἐναίσιμος διατριβή","Contributions to the theory of inspiration and especially the Theory according to Plato and Aristotle, doctoral dissertation","8ον, σελίδες 38+Χ",1.15,,
1904,IMG_1425.jpeg,ΙΓ΄ ΦΙΛΟΣΟΦΙΚΑ,Philosophy,,ΒΕΒΕΛ ΑΥΓΟΥΣΤΟΥ,Bebel August,Ἡ γυνὴ καὶ ὁ σοσιαλισμός,Woman and Socialism,"8ον, σελ. 438+",15.—,,
1904,IMG_1425.jpeg,ΙΓ΄ ΦΙΛΟΣΟΦΙΚΑ,Philosophy,Μελέται Ψυχολογικαὶ ἐπὶ τοῦ Καλοῦ,ΒΙΖΗΗΝΟΥ Γ. Μ.,Vizyenos G. M.,Α΄: Πνευματικαὶ ἰδιοφυΐαι,1: Intellectual Geniuses,"8ον, σελίδες 41+",3.—,,
1904,IMG_1425.jpeg,ΙΓ΄ ΦΙΛΟΣΟΦΙΚΑ,Philosophy,Μελέται Ψυχολογικαὶ ἐπὶ τοῦ Καλοῦ,ΒΙΖΗΗΝΟΥ Γ. Μ.,Vizyenos G. M.,Β΄: Αἱ ἀρχαὶ τῶν τεχνῶν,2: The Origins of the Arts,"8ον, σελίδες 50+",3.—,,
1904,IMG_1425.jpeg,ΙΓ΄ ΦΙΛΟΣΟΦΙΚΑ,Philosophy,,ΒΛΑΧΟΥ ΑΓΓΕΛΟΥ,Vlachos Angelos,Ἐγκυκλοπαιδείαι κατὰ τὸν Max Nordau,Encyclopedias according to Max Nordau,"16ον, σ. 166 +",2.—,,
1904,IMG_1425.jpeg,ΙΓ΄ ΦΙΛΟΣΟΦΙΚΑ,Philosophy,,ΒΡΑΪΛΑ ΑΡΜΕΝΗ Π.,Vrailas-Armenis P.,"Ἡ Φιλοσοφία τοῦ Πλάτωνος κατὰ A. Fouillée, διατριβαὶ δύο","Plato's Philosophy according to A. Fouillée, two dissertations","8ον, σελίδες 102+",3.—,,
1904,IMG_1425.jpeg,ΙΓ΄ ΦΙΛΟΣΟΦΙΚΑ,Philosophy,,ΒΑΜΒΑ ΑΓΑΘΑΓΓΕΛΟΥ,Vamvas Agathangelos,"Ἐγχειρίδιον Ἠθικῆς, συνεταχθὲν ὑπὲρ τῆς φιλομαθοῦς νεολαίας","Handbook of Ethics, compiled for the studious youth","1807, 8ον, σελ. λ6-192+",5.—,,
1904,IMG_1425.jpeg,ΙΓ΄ ΦΙΛΟΣΟΦΙΚΑ,Philosophy,,ΒΥΖΑΝΤΙΟΥ Τ. Ν.,Byzantios T. N.,"Χριστιανικὴ Ἠθική, ἐξηγημένη ἐκ τῶν εὐαγγελικῶν τοῦ Ἱεροῦ Αὐγουστίνου","Christian Ethics, explained from the gospels of Saint Augustine","8ον, σ. 302+",5.—,,
1904,IMG_1425.jpeg,ΙΓ΄ ΦΙΛΟΣΟΦΙΚΑ,Philosophy,,ΒΡΑΪΛΑ ΑΡΜΕΝΗ Π.,Vrailas-Armenis P.,Περὶ Θεοῦ καὶ ἠθικοῦ Νόμου,On God and Moral Law,ιγ΄+193,15.—,,
1904,IMG_1425.jpeg,ΙΓ΄ ΦΙΛΟΣΟΦΙΚΑ,Philosophy,,ΚΑΡΑΛΙΜΠΑΤΗ Κ.,Karalimpates K.,Περὶ τῶν φαινομένων τοῦ ὑπνωτισμοῦ,On the phenomena of hypnotism,σ. 112 +,2.20,,
1904,IMG_1425.jpeg,ΙΓ΄ ΦΙΛΟΣΟΦΙΚΑ,Philosophy,,ΗΛΙΟΥ ΛΟΥΚΙΑΝΟΥ,Elios Loukianos,Τὰ βιβλία τοῦ Δικαίου καὶ τῆς Πολιτείας,The Books of Justice and the State,"Τόμοι 3, 8ον, σ. 82+ 100",20.—,,3 volumes
1904,IMG_1425.jpeg,ΙΓ΄ ΦΙΛΟΣΟΦΙΚΑ,Philosophy,,ΖΩΓΡΑΦΑΚΗ Ι.,Zografakis I.,Ἕνωσις τῆς ψυχῆς,Union of the Soul,"8ον, Τεῦχος Α΄ 120, σελίδες 159+",2.20,,
1904,IMG_1425.jpeg,ΙΓ΄ ΦΙΛΟΣΟΦΙΚΑ,Philosophy,,ΕΥΑΓΓΕΛΙΔΟΥ ΜΑΡΓΑΡΙΤΟΥ,Evangelides Margarites,Ἱστορία τῆς Θεωρίας τῶν Στοιχεῖων τῆς Ψυχῆς,History of the Theory of the Elements of the Soul,"4ον, σελίδες 159+",10.—,,
1904,IMG_1425.jpeg,ΙΓ΄ ΦΙΛΟΣΟΦΙΚΑ,Philosophy,,ΔΗΜΗΤΡΑΚΟΠΟΥΛΟΥ Π. Ι.,Dimitrakopoulos P. I.,Ἐκ τῶν τῆς ἰδιωτικῆς φιλοσοφίας,From private philosophy,"8ον, σελίδες 235 +",1.15,,
1904,IMG_1425.jpeg,ΙΓ΄ ΦΙΛΟΣΟΦΙΚΑ,Philosophy,,ΚΑΡΑΛΙΜΠΑΤΗ Κ.,Karalimpates K.,"Τὸ βιβλίον τῶν ἀντιπροσώπων, ἤτοι ὁδηγὸς τῶν μεσιτευόντων καὶ τῶν ἐπικαλουμένων τὴν ἐπιείκειαν τῶν δικαστηρίων","The Book of Representatives, or guide for mediators and those invoking the leniency of the courts",σελίδες 396 +,10.—,,
1904,IMG_1425.jpeg,ΙΓ΄ ΦΙΛΟΣΟΦΙΚΑ,Philosophy,,DE-KIRICO Χρ. Ἱ.,De Chirico Chr. I.,"Γραμματικὴ τῆς Ἰταλικῆς Γλώσσης, Δελογιαννίδῃ","Grammar of the Italian Language, Delogiannidis","ἐν 8ῳ, σελίδες 16+261, 328, δεδεμ. +",12.—,,Bound
1904,IMG_1425.jpeg,ΙΓ΄ ΦΙΛΟΣΟΦΙΚΑ,Philosophy,,ΓΙΩΤΗ Γρ.,Giotis Gr.,"Περὶ ὑπάρξεως καὶ ἀθανασίας τῆς ψυχῆς, ὑπὸ λογικὴν ἄποψιν","On the existence and immortality of the soul, from a logical point of view","8ον, σελίδες 16-253 +",5.—,,
1904,IMG_1425.jpeg,ΙΓ΄ ΦΙΛΟΣΟΦΙΚΑ,Philosophy,,ΓΑΛΑΝΟΥ Μ. Ι.,Galanos M. I.,Μελέτη περὶ τῆς ἀνθρωπίνης φύσεως,Study on Human Nature,σελ. 144+,2.—,,
1904,IMG_1425.jpeg,ΙΓ΄ ΦΙΛΟΣΟΦΙΚΑ,Philosophy,,ΔΗΜΗΤΡΑΚΟΠΟΥΛΟΥ Π. Ι.,Dimitrakopoulos P. I.,"Δύο διατριβαί, Οἰκονομικαὶ Μελέται","Two dissertations, Economic Studies","8ον, σελίδες -135 +",1.15,,
1904,IMG_1426.jpeg,Φιλολογικά,Philology / Literature,,ΚΑΡΟΛΙΔΟΥ ΠΑΥΛΟΥ,KAROLIDOU PAVLOU,Γλωσσαρίον συγκριτικὸν Ἑλληνοανατολικῶν λέξεων,Comparative Glossary of Greek-Oriental Words,"8ον, σελίδες 222",10.—,,
1904,IMG_1426.jpeg,Φιλολογικά,Philology / Literature,,ΚΑΡΑΒΙΤΕΑ Α.,KARAVITEA A.,Ὁ Θεσσαλὸς καὶ ἄλλα διηγήματα,The Thessalian and Other Short Stories,σελίδες 334,20.—,,
1904,IMG_1426.jpeg,Φιλολογικά,Philology / Literature,,ΚΑΡΑΒΙΤΕΑ Α.,KARAVITEA A.,Ἀληθινὲς Εἰκόνες. Ὁ Ζητιάνος,True Images. The Beggar,σελίδες 205,13.—,,
1904,IMG_1426.jpeg,Φιλολογικά,Philology / Literature,,ΚΑΡΑΒΙΤΕΑ Α.,KARAVITEA A.,Ἡ Αὐγή,The Dawn,σελίδες 184,13.—,,
1904,IMG_1426.jpeg,Φιλολογικά,Philology / Literature,,ΚΑΡΑΒΙΤΕΑ Α.,KARAVITEA A.,Διηγήματα,Short Stories,σελίδες 16-259,13.—,,
1904,IMG_1426.jpeg,Φιλολογικά,Philology / Literature,,ΚΑΝΕΛΛΑΚΗ Κ. Ν.,KANELLAKI K. N.,Χιακὰ Ἀνάλεκτα,Chian Miscellany,"8ον, σελίδες 529",15.—,,
1904,IMG_1426.jpeg,Φιλολογικά,Philology / Literature,,GIDEL CH.,GIDEL CH.,Nouvelles Etudes sur la littérature grecque moderne,New Studies on Modern Greek Literature,"8ον, σελίδες 613",40.—,,
1904,IMG_1426.jpeg,Φιλολογικά,Philology / Literature,,ΖΗΡΑΣ Κ.,ZIRAS K.,"Περὶ τοῦ Τύπου παρὰ τοῖς ἀρχαίοις, καί τινα περὶ τοῦ οἰκογενειακοῦ αὐτῶν βίου",On the Press among Ancients and on Their Family Life,"8ον, σελίδες 122",30.—,,
1904,IMG_1426.jpeg,Φιλολογικά,Philology / Literature,,ΖΗΚΙΔΟΥ Γ.,ZIKIDOU G.,Διορθωτικὰ εἰς Ἕλληνας συγγραφεῖς,Textual Emendations to Greek Authors,"μέγα 8ον, σελ. 35",5.—,,
1904,IMG_1426.jpeg,Φιλολογικά,Philology / Literature,,ΖΗΚΙΔΟΥ Γ.,ZIKIDOU G.,Γραμματικὰ Παραρτήματα εἰς τὴν Γραμματικὴν τῆς Ἑλληνικῆς,Grammatical Appendices to the Grammar of Greek,"8ον, σελ. 35",5.—,,
1904,IMG_1426.jpeg,Φιλολογικά,Philology / Literature,,ΖΑΧΑΡΙΑΔΟΥ Δ. Κ.,ZAHARIADOU D. K.,Ἡ τῶν ἡμετέρων μαθητῶν γραμματικὴ ἀδυναμία ἐν ταῖς ἀρχαίαις γλώσσαις καὶ αἱ γραμματικαὶ διορθώσεις,Our Students' Grammatical Weakness in Ancient Languages and Grammatical Corrections,"8ον, σελ. 93",5.—,,
1904,IMG_1426.jpeg,Φιλολογικά,Philology / Literature,,ΚΑΛΕΒΕΡΟΠΟΥΛΟΥ Δ. Ι.,KALEVEROPOULOU D. I.,Διηγήματα,Short Stories,σελίδες 329,25.—,,
1904,IMG_1426.jpeg,Φιλολογικά,Philology / Literature,,ΚΑΡΟΛΙΔΟΥ ΠΑΥΛΟΥ,KAROLIDOU PAVLOU,Ἀναμνήσεις Σκανδιναυϊκαί,Scandinavian Memories,"μέγα 8ον, σελίδες 181",15.—,,
1904,IMG_1426.jpeg,Φιλολογικά,Philology / Literature,,LE ROY A.,LE ROY A.,"Sujets et développements de compositions latines, données dans les Facultés depuis 1858 jusqu'en 1874",Subjects and Developments of Latin Compositions Given in Faculties from 1858 to 1874,"8ον, σελίδες 310",18.—,,
1904,IMG_1426.jpeg,Φιλολογικά,Philology / Literature,,ΚΑΣΙΜΑΤΗ Κ.,KASIMATI K.,"Παρατηρήσεις εἰς τὴν νέαν Ἑλληνικήν, καὶ ἐπιτομὴ ἐκ τῶν φιλολογικῶν διατριβῶν Κ. Κόντου",Observations on Modern Greek and Epitome of K. Kontos' Philological Essays,"8ον, σελίδες 88",7.—,,
1904,IMG_1426.jpeg,Φιλολογικά,Philology / Literature,,ΚΩΝΣΤΑΝΤΗ Δ. Α.,KONSTANTI D. A.,Τῆς Ἑλληνικῆς γλώσσης Πλαστικὸς ἀναβιβασμὸς νόμος,Plastic Ascension Law of the Greek Language,"8ον, σελίδες 192",15.—,,
1904,IMG_1426.jpeg,Φιλολογικά,Philology / Literature,,ΚΟΝΤΟΥ Κ. Σ.,KONTOU K. S.,Γλωσσικαὶ Παρατηρήσεις ἀναφερόμεναι εἰς τὴν Ἑλληνικὴν γλῶσσαν ἤ ἀναγραφὴ τῆς διμορφίας γλῶσσας,Linguistic Observations Regarding the Greek Language or Account of Language Dimorphism,"8ον, σελ. 8, 188",60.—,,
1904,IMG_1426.jpeg,Φιλολογικά,Philology / Literature,,ΚΟΝΤΟΥ Κ. Σ.,KONTOU K. S.,Ἀρχαιότερος Συναγωγεὺς Γλωσσημάτων,Older Collector of Glosses,"8ον, σελ. 593",60.—,,
1904,IMG_1426.jpeg,Φιλολογικά,Philology / Literature,,ΚΟΡΑΗ,KORAI,"Ἄτακτα, τόμοι 5","Atakta (Miscellanea), 5 volumes","8ον, 104",3.—,,
1904,IMG_1426.jpeg,Φιλολογικά,Philology / Literature,,ΚΟΡΑΗ,KORAI,Ἐπιστολαὶ πρὸς τὸν τῆς Σμύρνης Ἐπιστολογράφον,Letters to the Letter-Writer of Smyrna,σ. 242,12.—,,
1904,IMG_1426.jpeg,Φιλολογικά,Philology / Literature,,ΚΟΡΑΗ,KORAI,"Ἀπάνθισμα Β΄ ἐπιστολῶν, ἐκδιδόμενον Ἰωάννου Ῥώτα","Anthology II of Letters, edited by Ioannis Rotas","8ον, σ. 242",12.—,,
1904,IMG_1426.jpeg,Φιλολογικά,Philology / Literature,,ΜΑΥΡΟΦΡΥΔΟΥ Α.,MAVROFRYDOU A.,Ἐκλογὴ μνημείων τῆς νεωτέρας ἑλληνικῆς γλώσσης,Selection of Monuments of Modern Greek Language,"8ον, σελίδες 548",45.—,,
1904,IMG_1426.jpeg,Φιλολογικά,Philology / Literature,,ΚΟΡΑΗ,KORAI,Γραμμάτια. Τόμος Α΄ περιέχων σιν-Γαλλoραικικοῦ Λεξικοῦ καὶ τὰς ὑποδείξεις τῆς γαλλικῆς Ἀκαδημίας ἰδιογράφους τοῦ Κοραῆ,Notes. Volume I containing French-Greek Dictionary and Korais' autograph notes,"8ον, σελίδες σδ΄-528",30.—,,
1904,IMG_1426.jpeg,Φιλολογικά,Philology / Literature,,ΚΟΡΤΗ Κ.,KORTI K.,"Constantinopoulos κατὰ τὴν ""Ἑλληνικὴν Ἀνθολογίαν"", μετάφρασις ὑπὸ Π. Κοντογεώργη","Constantinopolis according to the Greek Anthology, translated by P. Kontogeorgis",σελίδες 70,5.—,,
1904,IMG_1426.jpeg,Φιλολογικά,Philology / Literature,,ΚΥΠΡΙΑΝΟΥ Α.,KYPRIANOU A.,"Τὰ ἀπόρρητα τοῦ Ἰσοκράτους, ἤ περὶ λόγων ἐσχηματισμένων","The Secrets of Isocrates, or On Formed Orations","8ον, σελίδες κ΄-235",12.—,,
1904,IMG_1426.jpeg,Φιλολογικά,Philology / Literature,,ΕΦΤΑΛΙΩΤΗ ΑΡΓΥΡΗ,EFTALIOTI ARGYRI,Ἱστορία τῆς Ῥωμηοσύνης,History of Modern Hellenism,"32ον, 4 vol. rel.",40.—,,
1904,IMG_1426.jpeg,Φιλολογικά,Philology / Literature,,ΚΑΖΑΖΗ Γ.,KAZAZI G.,Ἑλληνικὰ Διηγήματα μετὰ τῶν εἰκόνων τῶν συγγραφέων,Greek Short Stories with Portraits of Authors,"8ον, σελίδες δ΄- 530",17.—,,
1904,IMG_1426.jpeg,Φιλολογικά,Philology / Literature,,ΕΦΤΑΛΙΩΤΗ ΑΡΓΥΡΗ,EFTALIOTI ARGYRI,Φυλλάδες τοῦ Γέροντα,Pamphlets of the Old Man,σελίδες 278,10.—,,
1904,IMG_1426.jpeg,ΙΔ΄ ΦΙΛΟΛΟΓΙΚΑ,14. Philology / Literature,,ΑΠΟΣΤΟΛΙΔΟΥ Β. Ν.,APOSTOLIDOU V. N.,Στιχουργικὴ τῆς Συγχρόνου Ποιήσεως,Versification of Modern Poetry,"8ον, σελίδες η΄+252",15.—,,
1904,IMG_1426.jpeg,ΙΔ΄ ΦΙΛΟΛΟΓΙΚΑ,14. Philology / Literature,,ΔΡΟΣΙΝΗ Γ.,DROSINI G.,Τὸ βοτάνι τῆς ἀγάπης,The Herb of Love,σελίδες 150,5.—,,
1904,IMG_1426.jpeg,ΙΔ΄ ΦΙΛΟΛΟΓΙΚΑ,14. Philology / Literature,,ΑΝΔΡΕΑΔΟΥ Χ.,ANDREADOU CH.,Ἡ γλῶσσά μας. Ὑπόμνημα εἰς τῆς Θρῃσκευτικῆς καὶ Πολιτικῆς τοῦ Ἔθνους ἀρχάς,Our Language. Memorandum on the Religious and Political Principles of the Nation,"8ον, σ. 359 + 15",12.—,,
1904,IMG_1426.jpeg,ΙΔ΄ ΦΙΛΟΛΟΓΙΚΑ,14. Philology / Literature,,ΑΝΝΙΝΟΥ Χ.,ANNINOU CH.,Ἀττικαὶ Ἡμέραι,Attic Days,"8ον, σελίδες 264",4.—,,
1904,IMG_1426.jpeg,ΙΔ΄ ΦΙΛΟΛΟΓΙΚΑ,14. Philology / Literature,,ΑΝΝΙΝΟΥ Χ.,ANNINOU CH.,Ἐδῶ κ' ἐκεῖ,Here and There,σελ. 248,4.—,,
1904,IMG_1426.jpeg,ΙΔ΄ ΦΙΛΟΛΟΓΙΚΑ,14. Philology / Literature,,ΑΝΝΙΝΟΥ Χ.,ANNINOU CH.,"Τριανταπεντεῖς, 1869—1899","Thirty-Five, 1869–1899","8ον, σελίδες 115",4.—,,
1904,IMG_1426.jpeg,ΙΔ΄ ΦΙΛΟΛΟΓΙΚΑ,14. Philology / Literature,,ΑΡΑΒΑΝΤΙΝΟΥ Π.,ARAVANTINOU P.,Παροιμιαστήριον,Collection of Proverbs,"8ον, σελίδες 182 + 18",40.—,,
1904,IMG_1426.jpeg,ΙΔ΄ ΦΙΛΟΛΟΓΙΚΑ,14. Philology / Literature,,ΔΡΟΣΙΝΗ Γ.,DROSINI G.,Λόγια τῆς Πλώρης θαλασσινὰ διηγήματα,"Tales of the Prow, Sea Stories",σελίδες 334,12.—,,
1904,IMG_1426.jpeg,ΙΔ΄ ΦΙΛΟΛΟΓΙΚΑ,14. Philology / Literature,,ΑΣΩΠΙΟΥ Κ.,ASOPIOU K.,Ἑλληνικὴ Σύνταξις,Greek Syntax,"8ον, σελίδες 84",3.—,,
1904,IMG_1426.jpeg,ΙΔ΄ ΦΙΛΟΛΟΓΙΚΑ,14. Philology / Literature,,ΒΑΛΒΗ ΣΤΑΜ. Δ.,VALVI STAM. D.,Φιλολογικὰ Μελετήματα,Philological Studies,"8ον, σελίδες 88",2.—,,
1904,IMG_1426.jpeg,ΙΔ΄ ΦΙΛΟΛΟΓΙΚΑ,14. Philology / Literature,,ΒΑΛΒΗ ΣΤΑΜ. Δ.,VALVI STAM. D.,Τεχνολογικὸν τῆς Ἀρχαίας Ἑλληνικῆς,Grammatical Manual of Ancient Greek,"8ον, σελίδες 328 + 20",12.—,,
1904,IMG_1426.jpeg,ΙΔ΄ ΦΙΛΟΛΟΓΙΚΑ,14. Philology / Literature,,ΒΑΦΕΙΔΑΔΟΥ Π. Α.,VAFEIDADOU P. A.,"Ποικίλα, ἤτοι περὶ ἑλληνικῆς γλώσσης, περὶ τοῦ διχάμματος καὶ περὶ χασμῳδίας","Miscellanea, namely on the Greek language, digamma, and hiatus","8ον, σ. 96",3.—,,
1904,IMG_1426.jpeg,ΙΔ΄ ΦΙΛΟΛΟΓΙΚΑ,14. Philology / Literature,,ΒΙΚΕΛΑ Δ.,VIKELA D.,"Διηγήματα, νέον μετὰ πολλῶν εἰκόνων","Short Stories, new edition with many illustrations","8ον, σ. η΄ - 287",25.—,,
1904,IMG_1426.jpeg,ΙΔ΄ ΦΙΛΟΛΟΓΙΚΑ,14. Philology / Literature,,ΒΙΚΕΛΑ Δ.,VIKELA D.,"Λουκῆς Λάρας, νέα ἔκδοσις 1852 - 1902","Loukis Laras, new edition 1852–1902","μέγα 8ον, σ. 78",25.—,,
1904,IMG_1426.jpeg,ΙΔ΄ ΦΙΛΟΛΟΓΙΚΑ,14. Philology / Literature,,ΑΡΒΑΝΙΤΗ Ν. Π.,ARVANITI N. P.,"Ἑλληνικῆς Συντάξεως, Περίοδος Β΄, ἐκδ. β΄","Greek Syntax, Period II, 2nd ed.","8ον, σελίδες 942",15.—,,
1904,IMG_1426.jpeg,ΙΔ΄ ΦΙΛΟΛΟΓΙΚΑ,14. Philology / Literature,,ΒΩΖΙΝΗ Β. Π.,VOZINI V. P.,"Περὶ τῆς σημασίας καὶ συντάξεως τῶν μορίων τῆς ἑλληνικῆς γλώσσης, μετὰ τῶν ἀντιστοίχων τῆς λατινικῆς","On the Meaning and Syntax of Particles in the Greek Language, with corresponding Latin particles","8ον, σελ. 75",4.—,,
1904,IMG_1426.jpeg,ΙΔ΄ ΦΙΛΟΛΟΓΙΚΑ,14. Philology / Literature,,ΒΙΚΕΛΑ Δ.,VIKELA D.,"Τὸ Ὁμηρικὸν Ζήτημα, ἤτοι Ἱστορία τῶν Ὁμηρικῶν Ἐπῶν","The Homeric Question, or History of Homeric Epics","8ον, σελίδες 5΄ - 177",9.—,,
1904,IMG_1426.jpeg,ΙΔ΄ ΦΙΛΟΛΟΓΙΚΑ,14. Philology / Literature,,ΔΡΟΣΙΝΗ Γ.,DROSINI G.,Διηγήματα καὶ Ἀναμνήσεις,Stories and Memories,σελίδες 249,10.—,,
1904,IMG_1426.jpeg,ΙΔ΄ ΦΙΛΟΛΟΓΙΚΑ,14. Philology / Literature,,ΔΡΟΣΙΝΗ Γ.,DROSINI G.,Ἀγροτικαὶ Ἐπιστολαί,Rural Letters,σελίδες 187,12.—,,
1904,IMG_1426.jpeg,ΙΔ΄ ΦΙΛΟΛΟΓΙΚΑ,14. Philology / Literature,,ΔΗΜΗΤΡΑΚΟΠΟΥΛΟΥ Π. Α.,DEMETRAKOPOULOU P. A.,Προσθήκαι καὶ διορθώσεις εἰς τὴν Νεοελληνικὴν Φιλολογίαν,Additions and Corrections to Modern Greek Philology,"8ον, σελίδες 119",12.—,,
1904,IMG_1426.jpeg,ΙΔ΄ ΦΙΛΟΛΟΓΙΚΑ,14. Philology / Literature,,COPPEE FR.,COPPEE FR.,"Pour la Couronne, trad. en Gréc. par A. K. Prospathopoulos","For the Crown, translated into Greek by A. K. Prospathopoulos","4ον, σ. 9",15.—,,
1904,IMG_1426.jpeg,ΙΔ΄ ΦΙΛΟΛΟΓΙΚΑ,14. Philology / Literature,,ΔΗΜΗΤΡΙΟΥ Α. Α.,DEMETRIOU A. A.,"Ποιήματα καὶ Διηγήματα, ἤτοι καὶ ἐκλεκτὰ δημοσιεύματα. Σειρὰ Δ΄, φύλλ. 1","Poems and Stories, selected publications. Series IV, sheet 1","32ον, σελίδες 96",1.20,,
1904,IMG_1426.jpeg,ΙΔ΄ ΦΙΛΟΛΟΓΙΚΑ,14. Philology / Literature,,COBET C. G.,COBET C. G.,"Varie Lectiones, quibus continentur observationes criticæ in scriptores graecos",Variae Lectiones: Critical Observations on Greek Authors,"μέγα 8ον, σελίδες XXXV - 681",50.—,,
1904,IMG_1426.jpeg,ΙΔ΄ ΦΙΛΟΛΟΓΙΚΑ,14. Philology / Literature,,CHARREL L.,CHARREL L.,Etudes Philologiques sur la langue Turque,Philological Studies on the Turkish Language,"32ον, σ. 94",5.—,,
1904,IMG_1426.jpeg,ΙΔ΄ ΦΙΛΟΛΟΓΙΚΑ,14. Philology / Literature,,ΓΕΩΡΓΙΑΔΟΥ ΑΧ. ΟΙ,GEORGIADOU ACH. OI,"Ποιηταί μας, διατριβή","Our Poets, dissertation","8ον, σελίδες 23",2.—,,
1904,IMG_1426.jpeg,ΙΔ΄ ΦΙΛΟΛΟΓΙΚΑ,14. Philology / Literature,,ΓΑΛΑΝΟΥ Δ.,GALANOU D.,"Βαλαφαράτα ἢ Συντομὴ τῆς Μαχαβαράτας, ποιηθεῖσα ὑπὸ τοῦ Ἀμάρα","Balabharata or Abridgement of Mahabharata, composed by Amara","8ον, σελ. ξθ΄ - 667",95.—,,
1904,IMG_1426.jpeg,ΙΔ΄ ΦΙΛΟΛΟΓΙΚΑ,14. Philology / Literature,,ΒΟΥΝΙΚΟΥ Θ.,VOUNIKOU TH.,"Εἰσαγωγὴ εἰς τὸν Ἡρόδοτον καὶ γραμματικὴ τῆς διαλέκτου αὐτοῦ, ὑπὸ Allicht","Introduction to Herodotus and Grammar of his Dialect, by Allicht","8ον, σελίδες 68",6.—,,
1904,IMG_1426.jpeg,ΙΔ΄ ΦΙΛΟΛΟΓΙΚΑ,14. Philology / Literature,,COPPEE FR.,COPPEE FR.,"Un Evangile, traduit en Gréc. par A. K. Prospathopoulos","A Gospel, translated into Greek by A. K. Prospathopoulos","4ον, σ. 9",10.—,,
1904,IMG_1427.jpeg,Φιλολογικά,Philology,,ΣΑΡΡΙΠΑΝΤΗ Ν.,Sarripantis N.,"Ὁ Νέος Εὐκτήμων, Τόμοι 2","The New Euktemon, 2 Vols",σελίδες 805,15.—,,
1904,IMG_1427.jpeg,Φιλολογικά,Philology,,ΤΑΓΚΟΠΟΥΛΟΥ Δ. Π.,Tagkopoulos D. P.,Ἡ Ὁμηρικὴ Ἑλλάς καὶ Πράγματα,Homeric Greece and Things,"8ον, σελ. 121",6.—,,
1904,IMG_1427.jpeg,Φιλολογικά,Philology,,ΣΕΡΟΥΙΟΥ Ι. Ν.,Serouios I. N.,Τὸ Πνεῦμα Φαινόμενα καὶ Πράγματα,The Spirit Phenomena and Things,"8ον, σελ. 256",12.—,,
1904,IMG_1427.jpeg,Φιλολογικά,Philology,,ΣΕΜΙΤΕΛΟΥ Δ. M.,Semitelos D. M.,Ἑλληνικὴ Μετρική,Greek Metrics,"8ον, σελίδες 584",50.—,,
1904,IMG_1427.jpeg,Φιλολογικά,Philology,,SATO S. C. & LÉGAND E.,Sato S. C. & Légand E.,Les exploits de Digenis Akritas,The Exploits of Digenis Akritas,"8ov, σελ. 299 + 30",30.—,,
1904,IMG_1427.jpeg,Φιλολογικά,Philology,,ΣΑΚΕΛΛΑΡΙΟΥ Α. Α.,Sakellarios A. A.,"Τὰ Νέα Ἑλληνικά, Τόμος Γ' : Ἡ Νέα Κινέζικη γλῶσσα","Modern Greek, Volume 3: The New Chinese Language","8ον, σελίδες ιζ' - 434",20.—,,
1904,IMG_1427.jpeg,Φιλολογικά,Philology,,ΡΟΪΔΟΥ ΕΜΜ.,Roidis Emm.,Περὶ συγχρόνου ἑλληνικῆς ποιήσεως,On Contemporary Greek Poetry,σελίδες 60,2.—,,
1904,IMG_1427.jpeg,Φιλολογικά,Philology,,ΡΟΪΔΟΥ ΕΜΜ.,Roidis Emm.,Πάρεργα,Minor Works / Miscellanies,σελίδες κδ' - 230 + 10,5.—,,
1904,IMG_1427.jpeg,Φιλολογικά,Philology,,ΡΟΪΔΟΥ ΕΜΜ.,Roidis Emm.,Ἡ Ἐθνικὴ Βιβλιοθήκη ἐν ἔτει 1880,The National Library in the Year 1880,σελίδες 69,5.—,,
1904,IMG_1427.jpeg,Φιλολογικά,Philology,,ΡΟΪΔΟΥ ΕΜΜ.,Roidis Emm.,"Τὸ Ταξίδι τοῦ Ψυχάρη, γλωσσικὴ μελέτη","Psycharis's Journey, Linguistic Study",σελίδες 61,3.—,,
1904,IMG_1427.jpeg,Φιλολογικά,Philology,,ΡΟΪΔΟΥ ΕΜΜ.,Roidis Emm.,Περὶ συγχρόνου ἑλληνικῆς γλώσσης,On Contemporary Greek Language,σελίδες 60,2.—,,
1904,IMG_1427.jpeg,Φιλολογικά,Philology,,ΤΣΕΡΕΠΗ Γ. N.,Tserepis G. N.,Σύνθετα τῆς ἑλληνικῆς γλώσσης. Τεῦχος Α'. Τὸ Διονυσιακὸν πρῶτον συγγενικόν,Compounds of the Greek Language. Part 1: The First Dionysian Relative,"ἐκδ. β', 8ον, σ. 200",12.—,,
1904,IMG_1427.jpeg,Φιλολογικά,Philology,,ΡΟΤΣΟΠΟΥΛΟΥ ΑΘ.,Rotsopoulos Ath.,Εἰσαγωγὴ εἰς τὸν Θουκυδίδην,Introduction to Thucydides,"8ον, σελίδες 52",3.—,,
1904,IMG_1427.jpeg,Φιλολογικά,Philology,,ΤΣΕΡΕΠΗ Γ. N.,Tserepis G. N.,Σύνθετα τῆς ἑλληνικῆς γλώσσης. Τεῦχος Β'. Τὸ θεματικὸν πρῶτον συγγενικόν,Compounds of the Greek Language. Part 2: The First Thematic Relative,"8ον, σελίδες 130 + 12",12.—,,
1904,IMG_1427.jpeg,Φιλολογικά,Philology,,ΡΟΪΔΟΥ ΕΜΜ.,Roidis Emm.,Τὰ Κείμενα,The Texts,σελίδες 32,2.—,,
1904,IMG_1427.jpeg,Φιλολογικά,Philology,,ΤΡΙΑΝΤΑΦΥΛΛΗ Κ. ΚΑΙ ΓΡΑΠΤΟΥΣΟΥ ΑΛΒ.,Triantafyllis K. and Graptousos Alv.,"Συλλογὴ ἑλληνικῶν ἀνεκδότων, Τόμος Α', τεῦχος Α'","Collection of Greek Anecdotes, Volume 1, Issue 1","8ον, σελ. 144",45.—,,
1904,IMG_1427.jpeg,Φιλολογικά,Philology,,ΦΡΑΓΚΙΑ Ι. Γ.,Fragkias I. G.,Περὶ τῆς ἀκριβεστέρας θέσεως τοῦ γλωσσικοῦ ἡμῶν ζητήματος,On a More Accurate Position Regarding Our Language Question,"8ον, σελίδες 40",6.—,,
1904,IMG_1427.jpeg,Φιλολογικά,Philology,,ΦΩΤΙΑΔΟΥ ΕΜΜ.,Fotiadis Emm.,Σύντομος πραγματεία περὶ ἐθνικοῦ μέτρου καὶ τῆς ἐθνικῆς διαλέκτου,Brief Treatise on National Meter and National Dialect,"8ον, σελίδες 44",3.—,,
1904,IMG_1427.jpeg,Φιλολογικά,Philology,,ΦΙΛΙΠΠΙΔΟΥ Δ.,Filippidis D.,Τὸ γλωσσικὸν ζήτημα καὶ ἡ ἐπανόρθωσις τῆς μασσαλικῆς Ἀναγεννήσεως,The Language Question and the Correction of the Massaliote Renaissance,"8ον, σελίδες 405",10.—,,
1904,IMG_1427.jpeg,Φιλολογικά,Philology,,ΧΑΤΖΙΔΑΚΙ Γ. Ν.,Hatzidakis G. N.,Γλωσσικαὶ Ἀποσημειώσεις,Linguistic Annotations,"8ον, σελ. 401, ιε' - 84 + 10",80.—,,
1904,IMG_1427.jpeg,Φιλολογικά,Philology,,ΧΑΤΖΙΔΑΚΙ Γ. Ν.,Hatzidakis G. N.,"Γλωσσολογικαὶ Μελέται, Τόμος Α'","Linguistic Studies, Volume 1","8ον, σελίδες 634",80.—,,
1904,IMG_1427.jpeg,Φιλολογικά,Philology,,ΧΑΤΖΙΔΑΚΙ Γ. Ν.,Hatzidakis G. N.,"Περὶ τοῦ γλωσσικοῦ ζητήματος, Μέρος Α'","On the Language Question, Part 1","8ον, σελ. 64",6.—,,
1904,IMG_1427.jpeg,Φιλολογικά,Philology,,ΧΑΤΖΙΔΑΚΙ Γ. Ν.,Hatzidakis G. N.,Ἐπὶ τοῦ γλωσσικοῦ ζητήματος ἐν Ἑλλάδι. Μέρος Β' καὶ περὶ τῆς ἐτυμολογίας τῆς λέξεως Μορέας,On the Language Question in Greece. Part 2 and on the Etymology of the Word Moreas,"8ον, σελίδες 64",6.—,,
1904,IMG_1427.jpeg,Φιλολογικά,Philology,,ΧΑΤΖΙΔΑΚΙ Γ. Ν.,Hatzidakis G. N.,Περὶ τῆς λέξεως Μορέας. Μέρος Β' καὶ προλήψεων πρόσ. Th. Reinach,On the Word Moreas. Part 2 and Objections to Th. Reinach,"8ον, σελίδες 48",8.—,,
1904,IMG_1427.jpeg,Φιλολογικά,Philology,,ΧΑΤΖΙΔΑΚΙ Γ. Ν.,Hatzidakis G. N.,Φιλολογικαὶ συζητήσεις,Philological Discussions,"8ον, σελίδες 30",3.—,,
1904,IMG_1427.jpeg,Φιλολογικά,Philology,,ΧΟΡΤΜΟΓΛΟΥ ΑΘ.,Chortmoglou Ath.,Περὶ Ἀναστεναρίων καὶ ἄλλων τινῶν παραδόξεων ἐθίμων καὶ προλήψεων,On Anastenaria and Certain Other Curious Customs and Beliefs,"8ον, σελ. 28 + 5",5.—,,
1904,IMG_1427.jpeg,Φιλολογικά,Philology,,ΧΡΙΣΤΟΒΑΣΙΛΗ Χ.,Christovasilis Ch.,Ἀνάλεκτα Θεσσαλικά,Thessalian Miscellany,"32ον, σελ. 15' - 88",6.—,,
1904,IMG_1427.jpeg,Φιλολογικά,Philology,,ΨΥΧΑΡΗ Γ.,Psycharis G.,Τὰ Ἀγάλματα ἢ φιλολογικαὶ προσδοκίαι,The Statues or Philological Expectations,"8ον, σελίδες 100",5.—,,
1904,IMG_1427.jpeg,Φιλολογικά,Philology,,ΨΕΥΔΟΕΞΕΤΑΣΤΙΚΟΥ,Pseudoexaminer,"Ἔλεγχος, ἤτοι K. Κόντου Γλωσσικῶν Παρατηρήσεων ἀναφερομένων εἰς τὴν νέαν ἑλληνικὴν γλῶσσαν ἀνασκευή, ὑπὸ * * *","Examination / Refutation of K. Kontos' Linguistic Observations on Modern Greek, by * * *","8ον, σελίδες 484",40.—,,
1904,IMG_1427.jpeg,Φιλολογικά,Philology,,ΤΣΕΡΕΠΗ Γ. N.,Tserepis G. N.,Σύνθετα τῆς ἑλληνικῆς γλώσσης. Τεῦχος Δ'. Ἡ σημασία τῶν συνθέτων,Compounds of the Greek Language. Part 4: The Meaning of Compounds,"8ον, σελίδες 256",15.—,,
1904,IMG_1427.jpeg,Φιλολογικά,Philology,,ΡΟΪΔΟΥ ΕΜΜ.,Roidis Emm.,"Εἴδωλα, ἢ γλωσσικὴ μελέτη","Idols, or Linguistic Study",σελίδες 404,2.—,,
1904,IMG_1427.jpeg,Φιλολογικά,Philology,,ΤΣΕΡΕΠΗ Γ. N.,Tserepis G. N.,Σύνθετα τῆς ἑλληνικῆς γλώσσης. Τεῦχος Γ'. Τὸ θεματικὸν δεύτερον συγγενικόν,Compounds of the Greek Language. Part 3: The Second Thematic Relative,"8ον, σελίδες 123",12.—,,
1904,IMG_1427.jpeg,Φιλολογικά,Philology,,ΡΑΧΗ Γ.,Rachis G.,"Τὰ Εἴδωλα τοῦ κ. 'Ροΐδη, ἀσυστατήματα","The Idols of Mr. Roidis, Inconsistencies",σελ. 95 + 4,5.—,,
1904,IMG_1427.jpeg,Φιλολογικά,Philology,,ΜΕΓΑΛΙΝΟΥ Χ. Δ.,Megalinos Ch. D.,Καλλιόπη Παλιννοστοῦσα... Περὶ Ποιητικῆς Μεθόδου,Calliope Returning... On Poetic Method,"8ον, σελίδες ιδ' - 336 (1819, σ. δέσεως)",20.—,,
1904,IMG_1427.jpeg,Φιλολογικά,Philology,,ΜΙΣΤΡΙΩΤΟΥ Γ.,Mistriotis G.,Γραμματολογία Ἑλληνικὴ ἀπὸ τῶν ἀρχαιοτάτων χρόνων μέχρι τοῦ 1453 μ.Χ. Τόμοι 2,"Greek Grammar / Literature from Ancient Times to 1453 AD, 2 Vols","8ον, σ. 768 + 1216 + 90",20.—,,
1904,IMG_1427.jpeg,Φιλολογικά,Philology,,ΜΙΣΤΡΙΩΤΟΥ Γ.,Mistriotis G.,Ἱστορία τῶν Ὁμηρικῶν Ἐπῶν,History of the Homeric Epics,"8ον, σελίδες κ' - 375",16.—,,
1904,IMG_1427.jpeg,Φιλολογικά,Philology,,ΜΠΕΝΟΥ Ἀλφρ.,Mpenos Alfr.,Ἰδιωτικαὶ Συγγραφαὶ,Private Writings,σ. 127,3.—,,
1904,IMG_1427.jpeg,Φιλολογικά,Philology,,ΜΠΕΝΟΥ Ἀλφρ.,Mpenos Alfr.,Ἀγγελιόλουδα,Angeliolouda,σελ. 128,5.—,,
1904,IMG_1427.jpeg,Φιλολογικά,Philology,,ΜΥΛΛΕΡΟΥ Κ. Ὀλ.,Müller K. O.,"Ἱστορία τῆς Ἑλληνικῆς Φιλολογίας, μεταφρασθεῖσα ὑπὸ Ἀ. Κυπριανοῦ, ἐκδ. β', ὑπὸ Ἐμμ. Γαλάνη","History of Greek Literature, translated by A. Kyprianos, 2nd ed. by Emm. Galanis","8ον, σελ. ιε' - 868",30.—,,
1904,IMG_1427.jpeg,Φιλολογικά,Philology,,HEITZ Δ. E.,Heitz D. E.,"Ἱστορία τῆς Ἑλληνικῆς Φιλολογίας, συνέχεια ὑπὸ Δ. E. Heitz, μεταφρασθεῖσα ὑπὸ Χρ. Ι. Μανίκα, Τόμοι ΙΓ","History of Greek Literature, continuation by D. E. Heitz, translated by Chr. I. Manikas, 13 Vols","8ον, σελίδες 99' - 496",20.—,,
1904,IMG_1427.jpeg,Φιλολογικά,Philology,,MAGGIULLI L.,Maggiulli L.,Bonafede Girundia,Bonafede Girundia,"Lecce '99, σελίδες 57",4.—,,
1904,IMG_1427.jpeg,Φιλολογικά,Philology,,ΝΕΡΟΥΛΟΥ ΙΑΚ. Ρ.,Neroulos Iak. R.,Διηγήματα,Short Stories,"8ον, σελίδες ιβ' - 320, ιε' - 156",4.—,,
1904,IMG_1427.jpeg,Φιλολογικά,Philology,,ΝΕΡΟΥΛΟΥ ΙΑΚ. Ρ.,Neroulos Iak. R.,Στρατιωτικὰ Διηγήματα,Military Stories,"8ον, σελίδες ιγ' - 117",4.—,,
1904,IMG_1427.jpeg,Φιλολογικά,Philology,,ΟΙΚΟΝΟΜΙΔΟΥ Δ. ΗΝ.,Oikonomidis D. In.,Περὶ τοῦ γλωσσικοῦ ζητήματος παρ' ἡμῖν,On the Language Question Among Us,"8ον, σελίδες 102",3.—,,
1904,IMG_1427.jpeg,Φιλολογικά,Philology,,ΟΙΚΟΝΟΜΟΥ Κ. ΤΟΥ ΕΞ ΟΙΚΟΝΟΜΩΝ,Oikonomos K. ex Oikonomon,"Τὰ σωζόμενα φιλολογικὰ συγγράμματα, Τόμος Α'","Extant Philological Works, Volume 1","8ον, σελίδες μ' - 496",10.—,,
1904,IMG_1427.jpeg,Φιλολογικά,Philology,,ΟΙΚΟΝΟΜΟΥ Κ. ΤΟΥ ΕΞ ΟΙΚΟΝΟΜΩΝ,Oikonomos K. ex Oikonomon,"Τὰ σωζόμενα φιλολογικὰ συγγράμματα, Τόμος Β'","Extant Philological Works, Volume 2","8ον, σελίδες 409",60.—,,
1904,IMG_1427.jpeg,Φιλολογικά,Philology,,ΠΑΜΠΟΥΚΗ Χ.,Pampoukis Ch.,"Oἱ σωζόμενοι Λόγοι, μετὰ Προλεγομένων περὶ Συνθέσεως","Surviving Orations, with Prolegomena on Composition","8ον, σελίδες η' - 273",15.—,,
1904,IMG_1427.jpeg,Φιλολογικά,Philology,,ΜΠΕΝΟΥ Ἀλφρ.,Mpenos Alfr.,Ὁ Νέος Ἐπίκτητος,The New Epictetus,"8ον, σελίδες 408",7.—,,
1904,IMG_1427.jpeg,Φιλολογικά,Philology,,ΠΑΝΤΑΖΗ ΔΗΜ.,Pantazis Dim.,Συλλογὴ παραθέργων,Collection of By-Works / Miscellany,"8ον, σελίδες 400",12.—,,
1904,IMG_1427.jpeg,Φιλολογικά,Philology,,REGOLO G.,Regolo G.,Il melodramma in Italia,Il melodramma in Italia,σελίδες 57,20.—,,
1904,IMG_1427.jpeg,Φιλολογικά,Philology,,ΡΑΓΚΑΒΗ ΑΛ. Ρ.,Rangavis Al. R.,Βιογραφία Ἀ. Κυριακοῦ,Biography of A. Kyriakos,"σελίδες 320, σελ. 52",3.—,,
1904,IMG_1427.jpeg,Φιλολογικά,Philology,,ΡΑΓΚΑΒΗ ΑΛ. Ρ.,Rangavis Al. R.,Περίληψις νεοελληνικῆς φιλολογίας,Summary of Modern Greek Literature,"8ον, σελ. 154",2.—,,
1904,IMG_1427.jpeg,Φιλολογικά,Philology,,PUSTELN JOS. CAL.,Pusteln Jos. Cal.,"Ἑλληνικὸς Ποιητικὸς Ἀνθών, ἤτοι ἐκλογὴ ἐκ τῶν ἱστορικῶν","Greek Poetic Anthology, or Selection from Historical Works","8ον, σελ. 154",3.—,,
1904,IMG_1427.jpeg,Φιλολογικά,Philology,,ΠΟΥΛΙΟΥ Χ. Τ.,Poulios Ch. T.,"Τὸ ἀρχαῖον ἑλληνικὸν θέατρον, συνιστ. DIDOT SOMMERBRODT","The Ancient Greek Theatre, recommended by Didot Sommerbrodt",8ον,7.—,,
1904,IMG_1427.jpeg,Φιλολογικά,Philology,,ΠΟΛΙΤΟΥ ΕΡΜ. ΦΡ.,Politos Erm. Fr.,"Θουκυδίδειος περὶ τοῦ Πελοποννησιακοῦ πολέμου, βιβλία ὀκτώ, μετὰ προλεγομένων καὶ σημειώσεων λατινιστί, Τόμοι ΙΙ","Thucydides on the Peloponnesian War, Eight Books, with Prolegomena and Notes in Latin, 2 Vols","ἐν Λειψίᾳ, 1821-1851, 8ον, σελ. 6935, δεδεμένον",300.—,,Bound
1904,IMG_1427.jpeg,Φιλολογικά,Philology,,RABE H.,Rabe H.,Rhetores Graeci,Rhetores Graeci,8ον,15.—,,
1904,IMG_1427.jpeg,Φιλολογικά,Philology,,ΠΙΝΕΛΛΗ Ἀντων.,Pinellis Anton.,Τὰ Ἑλληνικὰ γράμματα... εἰς τὴν Ἑλληνικὴν γλῶσσαν,Greek Letters... in the Greek Language,σ. 120,2.20,,
1904,IMG_1427.jpeg,Φιλολογικά,Philology,,ΠΑΠΑΗΛΙΟΥ Α.,Papailiou A.,"Τὸ Χιακὸν Γλωσσάριον, ἤτοι ἔκθεσις ἀρχαίων τε καὶ νέων λέξεων","The Chian Glossary, an Exposition of Ancient and Modern Words","8ον, σελίδες κ' - 375",8.—,,
1904,IMG_1427.jpeg,Φιλολογικά,Philology,,ΠΑΠΑΡΡΗΓΟΠΟΥΛΟΥ Κ.,Paparrigopoulos K.,Τὰ Σωζόμενα. Τόμος Α' ἢ ἐν Ἀθήναις ἐκδιδόμενα φιλολογικὰ ἀνάλεκτα μετὰ εἰκόνων,"Surviving Works, Volume 1: Literary Miscellany Published in Athens, Illustrated","8ον, σελίδες 119",13.20,,
1904,IMG_1427.jpeg,Φιλολογικά,Philology,,ΠΑΠΑΝΙΚΟΛΑΟΥ Κ. Ι.,Papanikolaou K. I.,Διηγήματα,Stories,σ. 18 + 13,20.—,,
1904,IMG_1427.jpeg,Φιλολογικά,Philology,,ΠΑΡΑΝΙΚΑ ΜΑΤΘ. Κ.,Paranikas Matth. K.,Σχεδίασμα περὶ τῆς ἐν τῷ Ἑλληνικῷ ἔθνει καταστάσεως τῶν γραμμάτων ἀπὸ ἁλώσεως Κωνσταντινουπόλεως (1453) μέχρι τῶν ἀρχῶν τῆς ΙΘ' ἑκατονταετηρίδος,Sketch on the State of Letters in the Greek Nation from the Fall of Constantinople (1453) to the Early 19th Century,"8ον, σελίδες 16' - 316",15.—,,
1904,IMG_1427.jpeg,Φιλολογικά,Philology,,ΠΟΛΙΤΟΥ Ν. Γ.,Politis N. G.,Ἡ φιλολογική μας γλῶσσα,Our Literary Language,σελίδες 99,5.—,,
1904,IMG_1427.jpeg,Φιλολογικά,Philology,,ΠΑΠΑΚΩΝΣΤΑΝΤΙΝΟΥ Π. Γ.,Papakonstantinou P. G.,Πίνδαρος ἢ ἑρμηνεία τῶν λυρικῶν,Pindar or Interpretation of Lyric Poems,"8ον, σ. 102",10.—,,
1904,IMG_1428.jpeg,"ΙΕ΄ ΙΣΤΟΡΙΚΑ, ΜΥΘΟΛΟΓΙΚΑ, ΑΡΧΑΙΟΛΟΓΙΚΑ","15th Historical, Mythological, Archaeological",,ΓΑΓΟΥ Π.,Gagou P.,Ἱστορία τῆς Λέσβου,History of Lesbos,σελίδες 84,6.—,,
1904,IMG_1428.jpeg,"ΙΕ΄ ΙΣΤΟΡΙΚΑ, ΜΥΘΟΛΟΓΙΚΑ, ΑΡΧΑΙΟΛΟΓΙΚΑ","15th Historical, Mythological, Archaeological",,ΓΡΙΓΟΡΙΑΔΟΥ ΚΥΡΙΛΛΟΥ,Grigoriadou Kyrillou,Ἱστορία τῆς Κυζίκου ὑπὸ J. Marquardt,History of Cyzicus by J. Marquardt,"8ον, σελ. 5-206",7.—,,
1904,IMG_1428.jpeg,"ΙΕ΄ ΙΣΤΟΡΙΚΑ, ΜΥΘΟΛΟΓΙΚΑ, ΑΡΧΑΙΟΛΟΓΙΚΑ","15th Historical, Mythological, Archaeological",,ΓΟΥΛΛΙΕΛΜΟΥ δ',Goullielmou IV,Κατασκηγῆς καὶ Ἀπόστολος,Catasciges and Apostle,"8ον, σελίδες 392",6.—,,
1904,IMG_1428.jpeg,"ΙΕ΄ ΙΣΤΟΡΙΚΑ, ΜΥΘΟΛΟΓΙΚΑ, ΑΡΧΑΙΟΛΟΓΙΚΑ","15th Historical, Mythological, Archaeological",,ΓΕΩΡΓΙΑΔΟΥ Γ. Π.,Georgiadou G. P.,Ὁ ἐν Γαλατᾷ Ἱερὸς Ναὸς τοῦ ἁγίου Ἰωάννου τῶν Χίων,The Holy Temple of Saint John of the Chians in Galata,"8ον, σελ. 215+15",5.—,,
1904,IMG_1428.jpeg,"ΙΕ΄ ΙΣΤΟΡΙΚΑ, ΜΥΘΟΛΟΓΙΚΑ, ΑΡΧΑΙΟΛΟΓΙΚΑ","15th Historical, Mythological, Archaeological",,ΓΕΔΕΩΝ ΜΑΝΟΥΗΛ,Gedeon Manouil,Σύμβολαὶ εἰς τὴν ἱστορίαν τῆς Ἀποστολικῆς Ἐκκλησίας τῶν Ἀθηνῶν,Contributions to the history of the Apostolic Church of Athens,"μέγα 8ον, σελίδες 129",20.—,,
1904,IMG_1428.jpeg,"ΙΕ΄ ΙΣΤΟΡΙΚΑ, ΜΥΘΟΛΟΓΙΚΑ, ΑΡΧΑΙΟΛΟΓΙΚΑ","15th Historical, Mythological, Archaeological",,ΓΕΔΕΩΝ ΜΑΝΟΥΗΛ,Gedeon Manouil,Χρονικὰ τῆς Πατριαρχικῆς Σχολῆς,Chronicles of the Patriarchal School,"8ον, σελίδες 506",20.—,,
1904,IMG_1428.jpeg,"ΙΕ΄ ΙΣΤΟΡΙΚΑ, ΜΥΘΟΛΟΓΙΚΑ, ΑΡΧΑΙΟΛΟΓΙΚΑ","15th Historical, Mythological, Archaeological",,ΓΕΔΕΩΝ ΜΑΝΟΥΗΛ,Gedeon Manouil,"Προὐνόντων Ἐκκλησιαστικαὶ Ἱστορίαι, Ἐπισκοπαὶ καὶ Μοναί","Ecclesiastical Histories of Proussa, Bishoprics and Monasteries","8ον, σελ. 233+25",25.—,,
1904,IMG_1428.jpeg,"ΙΕ΄ ΙΣΤΟΡΙΚΑ, ΜΥΘΟΛΟΓΙΚΑ, ΑΡΧΑΙΟΛΟΓΙΚΑ","15th Historical, Mythological, Archaeological",,CHOQUET ARTHUR,Choquet Arthur,Le Panslavisme au Mont-Athos,Pan-Slavism at Mount Athos,"4ον, σελ. 86",5.—,,
1904,IMG_1428.jpeg,"ΙΕ΄ ΙΣΤΟΡΙΚΑ, ΜΥΘΟΛΟΓΙΚΑ, ΑΡΧΑΙΟΛΟΓΙΚΑ","15th Historical, Mythological, Archaeological",,ΓΕΔΕΩΝ ΜΑΝΟΥΗΛ,Gedeon Manouil,Πατριαρχικοὶ Πίνακες: Εἰδήσεις ἱστορικαὶ βιογραφικαὶ περὶ τῶν Πατριαρχῶν Κωνσταντινουπόλεως (30–1884),Patriarchal Tables: Historical and biographical notices of the Patriarchs of Constantinople (30–1884),"8ον, σελίδες 724",15.—,,
1904,IMG_1428.jpeg,"ΙΕ΄ ΙΣΤΟΡΙΚΑ, ΜΥΘΟΛΟΓΙΚΑ, ΑΡΧΑΙΟΛΟΓΙΚΑ","15th Historical, Mythological, Archaeological",,ΓΕΔΕΩΝ ΜΑΝΟΥΗΛ,Gedeon Manouil,Μίας ἢ ἱστορικαὶ εἰδήσεις περὶ τῆς Μεγάλης τοῦ Γένους Σχολῆς,Historical notices on the Great School of the Nation,"8ον, σελ. 215+15",15.—,,
1904,IMG_1428.jpeg,"ΙΕ΄ ΙΣΤΟΡΙΚΑ, ΜΥΘΟΛΟΓΙΚΑ, ΑΡΧΑΙΟΛΟΓΙΚΑ","15th Historical, Mythological, Archaeological",,DESAINTEYON K. Λ.,Desainteyon K. L.,"Ἔκστασις τῆς Γαλλικῆς Ἱστορίας ἀπὸ τῆς ἱδρύσεως τοῦ βασιλείου τῶν Φράγκων ἐν Γαλατίᾳ μέχρι τῶν ἐσχάτων χρόνων, μετὰ τῶν προλεγομένων","Summary of French History from the founding of the Frankish Kingdom in Gaul to recent times, with prolegomena","4ον, σελ. 2",5.—,,
1904,IMG_1428.jpeg,"ΙΕ΄ ΙΣΤΟΡΙΚΑ, ΜΥΘΟΛΟΓΙΚΑ, ΑΡΧΑΙΟΛΟΓΙΚΑ","15th Historical, Mythological, Archaeological",,ΔΡΑΚΟΥΛΗ ΠΛΑΤΩΝΟΣ,Drakouli Platonos,Ἱστορία τῆς γαλλικῆς ἐπαναστάσεως,History of the French Revolution,"μέγα 8ον, σ. 180",7.—,,
1904,IMG_1428.jpeg,"ΙΕ΄ ΙΣΤΟΡΙΚΑ, ΜΥΘΟΛΟΓΙΚΑ, ΑΡΧΑΙΟΛΟΓΙΚΑ","15th Historical, Mythological, Archaeological",,ΔΗΜΗΤΖΑ Μ. Γ.,Dimitsa M. G.,Ὁ Ἑλληνισμὸς καὶ ἡ διάδοσις αὐτοῦ εἰς τὴν Ἰταλίαν καὶ τὴν μέσην Εὐρώπην κατὰ τὸν μέσον αἰῶνα,Hellenism and its spread to Italy and central Europe during the Middle Ages,"4ον, σ. μ΄-275",40.—,,
1904,IMG_1428.jpeg,"ΙΕ΄ ΙΣΤΟΡΙΚΑ, ΜΥΘΟΛΟΓΙΚΑ, ΑΡΧΑΙΟΛΟΓΙΚΑ","15th Historical, Mythological, Archaeological",,ΔΗΜΗΤΖΑ Μ. Γ.,Dimitsa M. G.,"Βιογραφία Ὀλυμπιάδος τῆς Ἠπειρώτιδος, μητρὸς Ἀλεξάνδρου τοῦ Μεγάλου","Biography of Olympias of Epirus, mother of Alexander the Great","8ον, σελίδες 136",15.—,,
1904,IMG_1428.jpeg,"ΙΕ΄ ΙΣΤΟΡΙΚΑ, ΜΥΘΟΛΟΓΙΚΑ, ΑΡΧΑΙΟΛΟΓΙΚΑ","15th Historical, Mythological, Archaeological",,ΔΙΑΜΑΝΤΟΠΟΥΛΟΥ Α. Ν.,Diamantopoulou A. N.,"Μάξιμος ὁ Εὐγενικὸς καὶ ἡ ἐν Φλωρεντίᾳ σύνοδος, ἱστορικὴ μελέτη","Mark of Ephesus (Maximos Eugenikos) and the Council of Florence, historical study","8ον, σελ. 269",10.—,,
1904,IMG_1428.jpeg,"ΙΕ΄ ΙΣΤΟΡΙΚΑ, ΜΥΘΟΛΟΓΙΚΑ, ΑΡΧΑΙΟΛΟΓΙΚΑ","15th Historical, Mythological, Archaeological",,ΔΙΕΛΗ CH.,Diehl Ch.,"Ἀρχαιολογικαὶ Ἔρευναὶ ἐν Ἑλλάδι («Ἀθῆναι, Δῆλος, Ἱερὸν Πτώου Ἀπόλλωνος, Ὀλυμπία, Ἐλευσίς, Ἐπίδαυρος, Μυκήναι»)","Archaeological Research in Greece (""Athens, Delos, Sanctuary of Ptoan Apollo, Olympia, Eleusis, Epidaurus, Mycenae"")","12ον, σελίδες 446",12.—,,
1904,IMG_1428.jpeg,"ΙΕ΄ ΙΣΤΟΡΙΚΑ, ΜΥΘΟΛΟΓΙΚΑ, ΑΡΧΑΙΟΛΟΓΙΚΑ","15th Historical, Mythological, Archaeological",,ΔΟΡΠΟΥΛ B.,Dorpoul V.,"Ἱστορία τῶν Ῥωμαίων ἀπὸ τῶν ἀρχαιοτάτων χρόνων μέχρι καταλύσεως τῆς δυτικῆς αὐτοκρατορίας μετὰ 75 εἰκόνων, μεταφρασθεῖσα ὑπὸ Ἀθ. Ἀργυροῦ","History of the Romans from ancient times to the fall of the Western Empire with 75 illustrations, translated by Ath. Argyrou","μέγα 8ον, σελ. 988",20.—,,
1904,IMG_1428.jpeg,"ΙΕ΄ ΙΣΤΟΡΙΚΑ, ΜΥΘΟΛΟΓΙΚΑ, ΑΡΧΑΙΟΛΟΓΙΚΑ","15th Historical, Mythological, Archaeological",,ΔΡΑΓΟΥΜΗ Ν.,Dragoumi N.,Βίος Γεωργίου Ὀθωνηγείτου τοῦ ἐκτὸς Ἀγγλίας,Life of George Othonigeitos of outside England,"8ον, σελίδες 15-238",45.—,,
1904,IMG_1428.jpeg,"ΙΕ΄ ΙΣΤΟΡΙΚΑ, ΜΥΘΟΛΟΓΙΚΑ, ΑΡΧΑΙΟΛΟΓΙΚΑ","15th Historical, Mythological, Archaeological",,DRAPEYRON L.,Drapeyron L.,L' empereur Heraclius et l' empire byzantin au VIIe siècle,Emperor Heraclius and the Byzantine Empire in the 7th Century,"8ον, σελίδες 415",30.—,,
1904,IMG_1428.jpeg,"ΙΕ΄ ΙΣΤΟΡΙΚΑ, ΜΥΘΟΛΟΓΙΚΑ, ΑΡΧΑΙΟΛΟΓΙΚΑ","15th Historical, Mythological, Archaeological",,DUYON ALBERTO,Duyon Alberto,Οἱ Βούλγαροι,The Bulgarians,σ. 74,5.—,,
1904,IMG_1428.jpeg,"ΙΕ΄ ΙΣΤΟΡΙΚΑ, ΜΥΘΟΛΟΓΙΚΑ, ΑΡΧΑΙΟΛΟΓΙΚΑ","15th Historical, Mythological, Archaeological",,DUMONT ALBERT,Dumont Albert,Fastes éponymiques d'Athènes,Eponymous Annals of Athens,"8ον, σελίδες 68",6.—,,
1904,IMG_1428.jpeg,"ΙΕ΄ ΙΣΤΟΡΙΚΑ, ΜΥΘΟΛΟΓΙΚΑ, ΑΡΧΑΙΟΛΟΓΙΚΑ","15th Historical, Mythological, Archaeological",,ΔΩΡΑΕ ΙΣΤΡΙΑΔΟΣ,Dorae Istriados,Περὶ τῶν ἐν Ἀνατολῇ θεάτρων,On the theatres in the East,"τόμοι 2, σελίδες 374+436",50.—,,
1904,IMG_1428.jpeg,"ΙΕ΄ ΙΣΤΟΡΙΚΑ, ΜΥΘΟΛΟΓΙΚΑ, ΑΡΧΑΙΟΛΟΓΙΚΑ","15th Historical, Mythological, Archaeological",,ΓΕΔΕΩΝ ΜΑΝΟΥΗΛ,Gedeon Manouil,Ἔγγραφοι Λίθοι,Inscribed Stones,"8ον, σελίδες 140",60.—,,
1904,IMG_1428.jpeg,"ΙΕ΄ ΙΣΤΟΡΙΚΑ, ΜΥΘΟΛΟΓΙΚΑ, ΑΡΧΑΙΟΛΟΓΙΚΑ","15th Historical, Mythological, Archaeological",,ΔΗΜΗΤΡΙΑΔΟΥ ΑΘ.,Dimitriadou Ath.,Ἱστορικὸν δοκίμιον τῶν Ἀλεξανδρινῶν βιβλιοθηκῶν,Historical essay on the Alexandrian libraries,"8ον, σελίδες 31",5.—,,
1904,IMG_1428.jpeg,"ΙΕ΄ ΙΣΤΟΡΙΚΑ, ΜΥΘΟΛΟΓΙΚΑ, ΑΡΧΑΙΟΛΟΓΙΚΑ","15th Historical, Mythological, Archaeological",,ΓΕΔΕΩΝ ΜΑΝΟΥΗΛ,Gedeon Manouil,Γράμματα Πατριαρχικὰ περὶ τῆς Μ. τοῦ Γ. Σχολῆς (Πατριαρχικὴ Ἀκαδημία),Patriarchal Letters regarding the Great School of the Nation (Patriarchal Academy),"8ον, σελίδες 160",20.—,,
1904,IMG_1428.jpeg,"ΙΕ΄ ΙΣΤΟΡΙΚΑ, ΜΥΘΟΛΟΓΙΚΑ, ΑΡΧΑΙΟΛΟΓΙΚΑ","15th Historical, Mythological, Archaeological",,ΔΟΥΚΑ Α.,Douka A.,Ἀπομνημονεύματα τοῦ Ἰωσὴφ Γαριβάλδη,Memoirs of Giuseppe Garibaldi,"μέγα 8ον, σελίδες 320",15.—,,
1904,IMG_1428.jpeg,"ΙΕ΄ ΙΣΤΟΡΙΚΑ, ΜΥΘΟΛΟΓΙΚΑ, ΑΡΧΑΙΟΛΟΓΙΚΑ","15th Historical, Mythological, Archaeological",,ΒΡΕΤΟΥ Ι. Α.,Vretou I. A.,Μεγάλου Ἀλεξάνδρου,Of Alexander the Great,"32ον, σελίδες 348",10.—,,
1904,IMG_1428.jpeg,"ΙΕ΄ ΙΣΤΟΡΙΚΑ, ΜΥΘΟΛΟΓΙΚΑ, ΑΡΧΑΙΟΛΟΓΙΚΑ","15th Historical, Mythological, Archaeological",,ΓΕΔΕΩΝ ΜΑΝΟΥΗΛ,Gedeon Manouil,"Βυζαντινὸν Ἑορτολόγιον, μνήμαι τῶν ἀπὸ τοῦ Δ΄ μέχρι μέσων τοῦ ΙΕ΄ αἰῶνος ἑορταζομένων ἁγίων ἐν Κωνσταντινουπόλει","Byzantine Menologion, memories of saints commemorated in Constantinople from the 4th to mid-15th century","40ον, σελίδες 312",40.—,,
1904,IMG_1428.jpeg,"ΙΕ΄ ΙΣΤΟΡΙΚΑ, ΜΥΘΟΛΟΓΙΚΑ, ΑΡΧΑΙΟΛΟΓΙΚΑ","15th Historical, Mythological, Archaeological",,ΑΛΙΜΠΕΡΤΗ ΣΩΤΗΡΙΑΣ,Alimperti Sotiria,"Ἀμαλία ἡ Βασίλισσα τῆς Ἑλλάδος, 1818–1875","Amalia the Queen of Greece, 1818–1875","8ον, σελίδες 172",20.—,,
1904,IMG_1428.jpeg,"ΙΕ΄ ΙΣΤΟΡΙΚΑ, ΜΥΘΟΛΟΓΙΚΑ, ΑΡΧΑΙΟΛΟΓΙΚΑ","15th Historical, Mythological, Archaeological",,ΑΛΜΠΑΝΟΠΟΥΛΟΥ Α. Ι.,Albanopoulou A. I.,"Ἱστορία Ναπολέοντος τοῦ Μεγάλου, ἐκ τοῦ γαλλικοῦ","History of Napoleon the Great, from the French","8ον, σελίδες 280",6.—,,
1904,IMG_1428.jpeg,"ΙΕ΄ ΙΣΤΟΡΙΚΑ, ΜΥΘΟΛΟΓΙΚΑ, ΑΡΧΑΙΟΛΟΓΙΚΑ","15th Historical, Mythological, Archaeological",,ΑΜΠΟΥ ΕΔΜΟΝΔΟΥ,About Edmond,"Περὶ τοῦ ῥωμαϊκοῦ ζητήματος, σ. 15+239+7",On the Roman question,"8ον, σελ. 15+239+7",7.—,,
1904,IMG_1428.jpeg,"ΙΕ΄ ΙΣΤΟΡΙΚΑ, ΜΥΘΟΛΟΓΙΚΑ, ΑΡΧΑΙΟΛΟΓΙΚΑ","15th Historical, Mythological, Archaeological",,ΑΝΑΡΓΥΡΟΠΟΥΛΟΥ Χ. Π.,Anargyropoulou Ch. P.,Τοπικὴ περιγραφὴ καὶ ἱστορία τῶν Ἑρμιονέων καὶ Θεοβαδότου ὄρους Σινᾶ,Local description and history of Hermionians and God-trodden Mount Sinai,"8ον, σελ. 48+7",5.—,,
1904,IMG_1428.jpeg,"ΙΕ΄ ΙΣΤΟΡΙΚΑ, ΜΥΘΟΛΟΓΙΚΑ, ΑΡΧΑΙΟΛΟΓΙΚΑ","15th Historical, Mythological, Archaeological",,ΑΝΝΙΝΟΥ Χ.,Anninou Ch.,"Ἱστορία τῆς ἀγγλικῆς ἐπαναστάσεως, ὑπὸ Γκιζώ","History of the English Revolution, by Guizot","8ον, σ. 484",10.—,,
1904,IMG_1428.jpeg,"ΙΕ΄ ΙΣΤΟΡΙΚΑ, ΜΥΘΟΛΟΓΙΚΑ, ΑΡΧΑΙΟΛΟΓΙΚΑ","15th Historical, Mythological, Archaeological",,ΑΝΣΕΛΜΟΥ Α. Μ.,Anselm A. M.,Ἐπίτομος Γενικὴ Ἱστορία τῆς ἀνθρωπίνης κοινωνίας,Epitome of General History of Human Society,"12ον, σελίδες 208",3.—,,
1904,IMG_1428.jpeg,"ΙΕ΄ ΙΣΤΟΡΙΚΑ, ΜΥΘΟΛΟΓΙΚΑ, ΑΡΧΑΙΟΛΟΓΙΚΑ","15th Historical, Mythological, Archaeological",,ΑΡΙΕΛΟΥ Ι. Σ.,Arielou I. S.,Ἡ Συνεικία,The Syneikia,"8ον, σελίδες 287",3.20,,
1904,IMG_1428.jpeg,"ΙΕ΄ ΙΣΤΟΡΙΚΑ, ΜΥΘΟΛΟΓΙΚΑ, ΑΡΧΑΙΟΛΟΓΙΚΑ","15th Historical, Mythological, Archaeological",,ΒΑΖΑΝΚΟΥ Β.,Vazankou V.,"Ἱστορία τοῦ κρητικοῦ πολέμου, μεταφρασθεῖσα ὑπὸ Π. Γεωργιάδου καὶ Α. Χλωροῦ, τόμοι 2","History of the Cretan War, translated by P. Georgiadou and A. Chlorou, 2 volumes","μέγα 8ον, σελίδες 703",15.—,,
1904,IMG_1428.jpeg,"ΙΕ΄ ΙΣΤΟΡΙΚΑ, ΜΥΘΟΛΟΓΙΚΑ, ΑΡΧΑΙΟΛΟΓΙΚΑ","15th Historical, Mythological, Archaeological",,ΒΑΛΠΑ Α.,Valpa A.,"Ἱστορία Ναπολέοντος τοῦ Δ΄, ὑπὸ L. Girault","History of Napoleon IV, by L. Girault",σ. 128,3.20,,
1904,IMG_1428.jpeg,"ΙΕ΄ ΙΣΤΟΡΙΚΑ, ΜΥΘΟΛΟΓΙΚΑ, ΑΡΧΑΙΟΛΟΓΙΚΑ","15th Historical, Mythological, Archaeological",,ΒΑΠΟΡΙΔΟΥ ΔΗΜ.,Vaporidou Dim.,"Ἱστορία τῶν Σουλτάνων τῆς Ὀθωμανικῆς Αὐτοκρατορίας. Τεῦχος Α΄, ἔκδ. β΄","History of the Sultans of the Ottoman Empire. Part I, 2nd ed.","4ον, σ. 180",5.—,,
1904,IMG_1428.jpeg,"ΙΕ΄ ΙΣΤΟΡΙΚΑ, ΜΥΘΟΛΟΓΙΚΑ, ΑΡΧΑΙΟΛΟΓΙΚΑ","15th Historical, Mythological, Archaeological",,ΑΡΙΣΤΕΙΔΟΥ Γ. Α.,Aristeidou G. A.,Βενιαμὶν ὁ Λέσβιος καὶ τρεῖς ἐπιστολαὶ αὐτοῦ,Benjamin of Lesbos and three of his letters,"8ον, σελίδες 152",6.—,,
1904,IMG_1428.jpeg,"ΙΕ΄ ΙΣΤΟΡΙΚΑ, ΜΥΘΟΛΟΓΙΚΑ, ΑΡΧΑΙΟΛΟΓΙΚΑ","15th Historical, Mythological, Archaeological",,ΒΑΡΔΟΥΝΙΩΤΟΥ ΔΗΜ.,Vardouniotou Dim.,Ἡ ἀρχαία Κόρινθος,Ancient Corinth,"32ον, σελίδες 95",2.—,,
1904,IMG_1428.jpeg,"ΙΕ΄ ΙΣΤΟΡΙΚΑ, ΜΥΘΟΛΟΓΙΚΑ, ΑΡΧΑΙΟΛΟΓΙΚΑ","15th Historical, Mythological, Archaeological",,ΒΟΥΤΣΙΝΑ Γ. Σ.,Voutsina G. S.,"Βίος καὶ ταξίδια τοῦ Χριστοφόρου Κολόμβου, ἤτοι ἀνακάλυψις καὶ κατάκτησις τῆς Ἀμερικῆς","Life and voyages of Christopher Columbus, or discovery and conquest of America","8ον, σελίδες 1250",30.—,,
1904,IMG_1428.jpeg,"ΙΕ΄ ΙΣΤΟΡΙΚΑ, ΜΥΘΟΛΟΓΙΚΑ, ΑΡΧΑΙΟΛΟΓΙΚΑ","15th Historical, Mythological, Archaeological",,ΒΑΠΟΡΙΔΟΥ ΔΗΜ.,Vaporidou Dim.,"Ἱστορία τῶν Σουλτάνων τῆς Ὀθωμανικῆς Αὐτοκρατορίας. Τεῦχος Β΄, ἔκδ. β΄","History of the Sultans of the Ottoman Empire. Part II, 2nd ed.","4ον, σ. 181",5.—,,
1904,IMG_1428.jpeg,"ΙΕ΄ ΙΣΤΟΡΙΚΑ, ΜΥΘΟΛΟΓΙΚΑ, ΑΡΧΑΙΟΛΟΓΙΚΑ","15th Historical, Mythological, Archaeological",,ΒΟΛΤΑΙΡΟΥ,Voltaire,"Μελάνι: δὲ Ἀττικὸν σύντομος περιγραφή, μεταφρασθεῖσα ὑπὸ Π. Γεωργιάδου","Ink: brief Attica description, translated by P. Georgiadou","8ον, σελίδες 5-160",15.—,,
1904,IMG_1428.jpeg,"ΙΕ΄ ΙΣΤΟΡΙΚΑ, ΜΥΘΟΛΟΓΙΚΑ, ΑΡΧΑΙΟΛΟΓΙΚΑ","15th Historical, Mythological, Archaeological",,ΒΟΛΤΑΙΡΟΥ,Voltaire,"Ἱστορία Κάρολου Β΄, Βασιλέως τῆς Σουηδίας, μεταφρασθεῖσα ὑπὸ Γ. Ν. Καλλιδόβου","History of Charles XII, King of Sweden, translated by G. N. Kallidovos","8ον, σελίδες 346",10.—,,
1904,IMG_1428.jpeg,"ΙΕ΄ ΙΣΤΟΡΙΚΑ, ΜΥΘΟΛΟΓΙΚΑ, ΑΡΧΑΙΟΛΟΓΙΚΑ","15th Historical, Mythological, Archaeological",,ΒΛΑΧΟΥ ΜΙΧΑΗΛ,Vlachou Michail,Ἡ Χερσόνησος τοῦ Ἁγίου Όρους Ἄθω καὶ ἐν αὐτῇ χρονικαὶ καὶ Μοναχαὶ πάλαι τε καὶ νῦν,The Peninsula of Holy Mount Athos and historical and monastic accounts past and present,"8ον, σελίδες 370",27.—,,
1904,IMG_1428.jpeg,"ΙΕ΄ ΙΣΤΟΡΙΚΑ, ΜΥΘΟΛΟΓΙΚΑ, ΑΡΧΑΙΟΛΟΓΙΚΑ","15th Historical, Mythological, Archaeological",,ΒΙΛΕΛΑ Δ.,Vilela D.,Διαλέξεις καὶ Ἀναμνήσεις,Lectures and Memories,"40ον, σελίδες 506",20.—,,
1904,IMG_1428.jpeg,"ΙΕ΄ ΙΣΤΟΡΙΚΑ, ΜΥΘΟΛΟΓΙΚΑ, ΑΡΧΑΙΟΛΟΓΙΚΑ","15th Historical, Mythological, Archaeological",,ΒΟΥΛΤΣΙΝΟΥ ΧΑΡ.,Voultsinou Char.,Δοκίμιον περὶ τοῦ ἰδιωτικοῦ βίου τῶν ἀρχαίων Ἑλλήνων,Essay on the private life of the ancient Greeks,"8ον, σελ. κη΄-352",40.—,,
1904,IMG_1428.jpeg,"ΙΕ΄ ΙΣΤΟΡΙΚΑ, ΜΥΘΟΛΟΓΙΚΑ, ΑΡΧΑΙΟΛΟΓΙΚΑ","15th Historical, Mythological, Archaeological",,ΒΕΝΙΖΕΛΟΥ Θ. Β.,Venizelou Th. V.,"Περὶ τοῦ ἰδιωτικοῦ βίου τῶν ἀρχαίων Ἑλλήνων, πρὸς ὃν παραβάλλεται ἐνταῦθα καὶ ὁ τῶν νεωτέρων","On the private life of the ancient Greeks, compared here with that of the moderns","8ον, σελίδες 225",27.—,,
1904,IMG_1428.jpeg,"ΙΕ΄ ΙΣΤΟΡΙΚΑ, ΜΥΘΟΛΟΓΙΚΑ, ΑΡΧΑΙΟΛΟΓΙΚΑ","15th Historical, Mythological, Archaeological",,ΒΕΛΟΥΔΟΥ Ι.,Veloudou I.,Ἡ ἐν Βενετίᾳ Ἑλληνικὴ Ἀποικία,The Greek Colony in Venice,"8ον, σελίδες 120",25.—,,
1904,IMG_1428.jpeg,"ΙΕ΄ ΙΣΤΟΡΙΚΑ, ΜΥΘΟΛΟΓΙΚΑ, ΑΡΧΑΙΟΛΟΓΙΚΑ","15th Historical, Mythological, Archaeological",,ΒΕΚΙΑΡΕΛΗ ΕΜΜ.,Vekiareli Emm.,Οἱ Ἕλληνες εἰς τὸν πόλεμον τοῦ Σουδάν,The Greeks in the Sudan War,"8ον, σελίδες 144",6.—,,
1904,IMG_1428.jpeg,"ΙΕ΄ ΙΣΤΟΡΙΚΑ, ΜΥΘΟΛΟΓΙΚΑ, ΑΡΧΑΙΟΛΟΓΙΚΑ","15th Historical, Mythological, Archaeological",Βιβλιοθήκη Βιογραφικὴ καὶ Ἱστορική,,,Στάδιον - Βυζάντιον - Κατίνα - Ἐνότητες,Stadion - Byzantium - Katina - Units,"40ον, σελ. 64+3",3.—,,
1904,IMG_1429.jpeg,"Ιστορικά, Μυθολογικά κλπ.","Historical, Mythological, etc.",,ΛΑΜΠΡΟΥ Π.,Lamprou P.,Μεσαιωνικά Νομίσματα τῶν Δυναστῶν τῆς Χίου,Medieval Coins of the Dynasts of Chios,"4ον, σελ. θ'-82",25.—,,μετά 11 πινάκων
1904,IMG_1429.jpeg,"Ιστορικά, Μυθολογικά κλπ.","Historical, Mythological, etc.",,ΚΥΡΙΑΚΟΥ Επ. Θ.,Kyriakou Ep. Th.,Ἱστορία τῆς παρὰ τὴν Τραπεζοῦντα Ἱερᾶς Βασιλικῆς Πατριαρχικῆς Σταυροπηγιακῆς Μονῆς τῆς Σουμελᾶς,History of the Soumela Monastery near Trebizond,"8ον, σελίδες 504",20.—,,
1904,IMG_1429.jpeg,"Ιστορικά, Μυθολογικά κλπ.","Historical, Mythological, etc.",,ΚΥΡΙΑΚΟΥ Επ. Κ.,Kyriakou Ep. K.,Ἡ Δεκάτη ἐνάτη Ἑκατονταετηρίς,The Nineteenth Century,σ. 348 + 160,120.—,,"εἰς φύλλον μέγα εὐρωπαϊκῶν εἰκόνων καλλιτεχνικωτάτων, ὤν 120 ἐκτός κειμένου, χρυσο."
1904,IMG_1429.jpeg,"Ιστορικά, Μυθολογικά κλπ.","Historical, Mythological, etc.",,ΚΥΡΙΑΚΟΥ Α. ΔΙΟΜΗΔΟΥΣ,Kyriakou A. Diomidous,Ἱστορία τῶν Ἀνατολικῶν Ἐκκλησιῶν ἀπό τῆς Ἐκκλησίας μέχρι τῶν καθ' ἡμᾶς χρόνων,History of the Eastern Churches from the Church to Our Times,"μέγα 8ον, σελ. η'-1354",120.—,,Τόμοι 3
1904,IMG_1429.jpeg,"Ιστορικά, Μυθολογικά κλπ.","Historical, Mythological, etc.",,ΚΩΝΣΤΑΝΤΙΝΙΔΟΥ Γ.,Konstantinidou G.,"Μακεδονίδος, Ἱστορία τῶν Ἀθηνῶν","Makedonis, History of Athens","8ον, σελίδες 262",20.—,,
1904,IMG_1429.jpeg,"Ιστορικά, Μυθολογικά κλπ.","Historical, Mythological, etc.",,ΚΩΝΣΤΑΝΤΟΠΟΥΛΟΥ Κ. Μ.,Konstantopoulou K. M.,Ἱστορία τῆς βυζαντινῆς Μυθολογίας καί Ἱστορίας τά κυριώτερα,History of Byzantine Mythology and the Main Points of History,"8ον, σελίδες 362",20.—,,
1904,IMG_1429.jpeg,"Ιστορικά, Μυθολογικά κλπ.","Historical, Mythological, etc.",,ΚΩΝΣΤΑΝΤΟΠΟΥΛΟΥ Κ. Μ.,Konstantopoulou K. M.,Ἱστορία τῶν εἰκόνων. Μέρος Α',History of Icons. Part I,"8ον, σελ. 150",15.—,,
1904,IMG_1429.jpeg,"Ιστορικά, Μυθολογικά κλπ.","Historical, Mythological, etc.",,ΛΑΜΠΣΗ Γ. Δ.,Lampsi G. D.,Ἱστορία τοῦ Μεγάλου Ἀλεξάνδρου,History of Alexander the Great,σελ. 335,20.—,,
1904,IMG_1429.jpeg,"Ιστορικά, Μυθολογικά κλπ.","Historical, Mythological, etc.",,ΛΑΜΠΣΗ Γ. Δ.,Lampsi G. D.,Ἱστορία τοῦ Μεγάλου Πέτρου,History of Peter the Great,σελίδες νς' -664,20.—,,
1904,IMG_1429.jpeg,"Ιστορικά, Μυθολογικά κλπ.","Historical, Mythological, etc.",,ΛΑΜΠΣΗ Γ. Δ.,Lampsi G. D.,Ναπολέοντας τοῦ Μεγάλου ἀνέκδοτα,Anecdotes of Napoleon the Great,"8ον, σελίδες 132",4.—,,
1904,IMG_1429.jpeg,"Ιστορικά, Μυθολογικά κλπ.","Historical, Mythological, etc.",,ΛΑΜΠΡΟΥ Π.,Lamprou P.,Ἀνέκδοτα Νομίσματα καί Μολυβδόβουλλα τῶν κατά τούς μέσους αἰῶνας Δυναστῶν τῆς Ἑλλάδος,Unpublished Coins and Lead Seals of the Dynasts of Greece during the Middle Ages,"4ον, σελίδες ιβ' -73",15.—,,μετ' εἰκόνων καί 4 πινάκων
1904,IMG_1429.jpeg,"Ιστορικά, Μυθολογικά κλπ.","Historical, Mythological, etc.",,ΛΑΜΠΡΟΥ Π.,Lamprou P.,Νομίσματα καί Μετάλλια τῆς Ἑπτανήσου Πολιτείας,Coins and Medals of the Septinsular Republic,"4ον, σελ. 31",15.—,,μετά 6 πινάκων
1904,IMG_1429.jpeg,"Ιστορικά, Μυθολογικά κλπ.","Historical, Mythological, etc.",,ΜΕΡΤΖΙΟΥ ΣΤ.,Mertziou St.,"Οἱ Φίλιπποι, ἔρευναι καί μελέται χωρογραφικαί, ὀρυκτολογικαί, γεωγραφικαί, ἱστορικαί, θρησκευτικαί καί ἐθνολογική ἐπιθεώρ.","Philippi, Chorographical, Mineralogical, Geographical, Historical, Religious Studies and Ethnological Review","8ον, σ.224",15.—,,
1904,IMG_1429.jpeg,"Ιστορικά, Μυθολογικά κλπ.","Historical, Mythological, etc.",,ΛΕΒΙΔΟΥ Α. Μ.,Levidou A. M.,Αἱ ἐν μονολίθοις μοναί τῆς Καππαδοκίας καί Λυκαονίας,Monasteries in Monoliths of Cappadocia and Lycaonia,"8ον, σελίδες ς'-191",5.—,,
1904,IMG_1429.jpeg,"Ιστορικά, Μυθολογικά κλπ.","Historical, Mythological, etc.",,ΛΕΒΙΔΟΥ Α. Μ.,Levidou A. M.,Ἐκκλησιαστική Ἱστορία τῆς Καππαδοκίας,Ecclesiastical History of Cappadocia,"8ον, σελ. 324",18.—,,
1904,IMG_1429.jpeg,"Ιστορικά, Μυθολογικά κλπ.","Historical, Mythological, etc.",,ΛΙΒΑΝΟΠΟΥΛΟΥ Α. Σ.,Livanopoulou A. S.,Βιογραφία στρατηγῶν τῆς γαλλικῆς Αὐτοκρατορίας,Biography of Generals of the French Empire,"8ον, σελίδες 159",5.—,,
1904,IMG_1429.jpeg,"Ιστορικά, Μυθολογικά κλπ.","Historical, Mythological, etc.",,ΛΙΒΑΝΟΠΟΥΛΟΥ Α. Σ.,Livanopoulou A. S.,Ὁ Ἱππότης τῆς Ἀλγέρης ἢ οἱ 'Αχαιεῖς Ἀλγερινοί,The Knight of Algiers or the Achaean Algerians,"8ον, σ.75",9.—,,
1904,IMG_1429.jpeg,"Ιστορικά, Μυθολογικά κλπ.","Historical, Mythological, etc.",,ΛΙΒΑΝΟΠΟΥΛΟΥ Α. Σ.,Livanopoulou A. S.,"Ὀντάτας, τά ἀλγερινά ἀγάλματα καί ἡ ἀλγερινή τέχνη","Ondatas, Algerian Statues and Algerian Art","8ον, σ. η' - 130",12.—,,
1904,IMG_1429.jpeg,"Ιστορικά, Μυθολογικά κλπ.","Historical, Mythological, etc.",,ΛΟΝΤΟΥ Ι. Α.,Lontou I. A.,"Ἱστορία τῆς σ.αέ Ἕλληνες Μονουσῆς, ὑπό C. G. F. Weitzmann, μεθερμηνευθεῖσα μετά πολλῶν προσθηκῶν διορθώσεων καί μελετῶν",History of the Greeks... by C. G. F. Weitzmann...,"8ον, σελ. γ' - 85",7.—,,
1904,IMG_1429.jpeg,"Ιστορικά, Μυθολογικά κλπ.","Historical, Mythological, etc.",,ΜΑΛΑΤΟΥ ΑΝ.,Malatou An.,Ἱστορία τῆς ἑλληνικῆς μουσικῆς,History of Greek Music,σελίδες 101,6.—,,
1904,IMG_1429.jpeg,"Ιστορικά, Μυθολογικά κλπ.","Historical, Mythological, etc.",,ΜΑΥΡΟΓΙΑΝΝΗ Γ. Ε.,Mavrogianni G. E.,Βυζαντινή Τέχνη καί Βυζαντινοί Καλλιτέχναι,Byzantine Art and Byzantine Artists,"8ον, σελίδες λ' -279",30.—,,μετά 30 εἰκόνων
1904,IMG_1429.jpeg,"Ιστορικά, Μυθολογικά κλπ.","Historical, Mythological, etc.",,ΜΕΝΙΕ Φ.,Menie F.,"Ἱστορία τῆς γαλλικῆς ἐπαναστάσεως ἀπό τοῦ 1789 — 1814, μετάφρασις Ε. Σίμου","History of the French Revolution from 1789 to 1814, translated by E. Simos","8ον, σελίδες 600",18.—,,"τόμοι 2, μετ' εἰκόνων"
1904,IMG_1429.jpeg,"Ιστορικά, Μυθολογικά κλπ.","Historical, Mythological, etc.",,ΜΕΡΤΖΙΟΥ ΣΤ.,Mertziou St.,"Αἱ χῶραι τοῦ παρελθόντος καί αἱ ἐσφαλμέναι τοποθετήσεις των, ἐρευναί καί μελέται τοπογραφικαί","Lands of the Past and Their Erroneous Placements, Topographical Studies and Investigations","8ον, σελίδες ις' - 145",10.—,,
1904,IMG_1429.jpeg,"Ιστορικά, Μυθολογικά κλπ.","Historical, Mythological, etc.",,ΚΥΡΙΑΚΟΥ Επ. Θ.,Kyriakou Ep. Th.,Βιογραφία τῶν ἐκ Τραπεζοῦντος καί τῆς περί αὐτήν χώρας πεσόντων λογίων μετά σχεδιασμάτος ἱστορικοῦ περί τῆς ἐλλ. φροντιστηρίου τῶν Τραπεζουντίων,Biography of Scholars from Trebizond and Surrounding Region...,"μέγα 8ον, σελίδες ζ'-276",20.—,,
1904,IMG_1429.jpeg,"Ιστορικά, Μυθολογικά κλπ.","Historical, Mythological, etc.",,ΜΗΛΙΑΡΑΚΗ Α.,Miliaraki A.,Ἱστορία τοῦ βασιλείου τῆς Νικαίας καί τοῦ Δεσποτάτου τῆς Ἠπείρου,History of the Kingdom of Nicaea and the Despotate of Epirus,"8ον, σελίδες 670",66.—,,
1904,IMG_1429.jpeg,"Ιστορικά, Μυθολογικά κλπ.","Historical, Mythological, etc.",,ΛΑΜΠΡΟΥ Σ. Π.,Lamprou S. P.,Μιχαήλ Ἀκομινάτου τὰ σωζόμενα,The Extant Works of Michael Acominatus,"μέγα 8ον, σελίδες 06' - 1028",100.—,,Τόμοι 2
1904,IMG_1429.jpeg,"Ιστορικά, Μυθολογικά κλπ.","Historical, Mythological, etc.",,ΚΡΙΝΟΠΟΥΛΟΥ Σ.,Krinopoulou S.,"Τὰ Φερράσανα, μονογραφία","Ferrasana, Monograph",σελίδες ζ'-76,5.—,,
1904,IMG_1429.jpeg,"Ιστορικά, Μυθολογικά κλπ.","Historical, Mythological, etc.",,ΚΟΚΚΙΝΗ Ν. Ι.,Kokkini N. I.,Ἱστορία τῶν Βουλγάρων,History of the Bulgarians,"8ον, σελ. 15 — 244",3.—,,
1904,IMG_1429.jpeg,"Ιστορικά, Μυθολογικά κλπ.","Historical, Mythological, etc.",,ΚΟΥΜΑ Κ. Μ.,Kouma K. M.,"Ἱστορία τῶν ἀνθρωπίνων πράξεων, ἀπό τῶν ἀρχαιοτάτων χρόνων ἕως τῶν ἡμερῶν μας (1832)","History of Human Actions, from Ancient Times to Our Days (1832)","τόμοι 12, σελ. αλγ -0851, δέδεμ.",20.—,,
1904,IMG_1429.jpeg,"Ιστορικά, Μυθολογικά κλπ.","Historical, Mythological, etc.",,ΕΥΑΓΓΕΛΙΔΟΥ Τρ. Ε.,Evangelidou Tr. E.,Ἡ Ἡράκλειος ὁ ἀστρονόμος τοῦ Βυζαντίου (575-641 μ.Χ.) καί ἡ κατά τοῦ ἰζ. μ.Χ. αἰῶνα κατάστασις τοῦ βυζαντινοῦ κράτους,Heraclius the Astronomer of Byzantium (575-641 AD) and the State of the Byzantine Empire during the 17th Century AD,"8ον, σελίδες 15 + νζ",12.20,,
1904,IMG_1429.jpeg,"Ιστορικά, Μυθολογικά κλπ.","Historical, Mythological, etc.",,ΕΥΑΓΓΕΛΙΔΟΥ Τρ. Ε.,Evangelidou Tr. E.,Ἱστορία Μ. Ἀλεξάνδρου,History of Alexander the Great,"8ον, σελ. 280 + 7",10.—,,μετ' εἰκόνων
1904,IMG_1429.jpeg,"Ιστορικά, Μυθολογικά κλπ.","Historical, Mythological, etc.",,ΕΥΑΓΓΕΛΙΔΟΥ Τρ. Ε.,Evangelidou Tr. E.,Ἱστορία τῆς Τραπεζοῦντος ἀπό τῶν ἀρχαιοτάτων χρόνων μέχρι τῶν καθ' ἡμᾶς,History of Trebizond from Ancient Times to the Present,"μέγα 8ον, σελίδες 280 + χ",18.—,,
1904,IMG_1429.jpeg,"Ιστορικά, Μυθολογικά κλπ.","Historical, Mythological, etc.",,ΕΥΑΓΓΕΛΙΔΟΥ Τρ. Ε.,Evangelidou Tr. E.,Ἐπεισόδιον τοῦ γαλλογερμανικοῦ πολέμου,Episode of the Franco-German War,"8ον, σελ. 160 + 7",3.—,,
1904,IMG_1429.jpeg,"Ιστορικά, Μυθολογικά κλπ.","Historical, Mythological, etc.",,ΖΑΝΟΥ ΠΕΤΡΟΥ Α.,Zanou Petrou A.,Φώτιος,Photius,"8ον, σελ. 72 + 3",6.—,,
1904,IMG_1429.jpeg,"Ιστορικά, Μυθολογικά κλπ.","Historical, Mythological, etc.",,ΚΟΥΡΤΙΟΥ Ε.,Kourtiou E.,"Ἱστορία τοῦ Μ. Ἀλεξάνδρου, μετάφρασις Χ. Χαιροπούλου","History of Alexander the Great, translated by Ch. Chairopoulos","8ον, σελίδες 271",6.—,,μετά εἰκόνων
1904,IMG_1429.jpeg,"Ιστορικά, Μυθολογικά κλπ.","Historical, Mythological, etc.",,HOUSSAYE Η.,Houssaye H.,"Ἀλσατία, ἰστορία - θεολογία. Ἱστορική μελέτη, ἐξελληνισθεῖσα ὑπό Δ. Ἀντιμπατέρου","Alsace, History - Theology. Historical study, translated into Greek by D. Antimpateros",σ. 182 + 10,2.—,,
1904,IMG_1429.jpeg,"Ιστορικά, Μυθολογικά κλπ.","Historical, Mythological, etc.",,ΘΙΕΡΣΟΥ Α.,Thiers A.,Ἱστορία τοῦ Ναπολέοντος,History of Napoleon,"8ον, σ. 2047 + 35",2.—,,"Τόμοι 2, μετ' εἰκόνων"
1904,IMG_1429.jpeg,"Ιστορικά, Μυθολογικά κλπ.","Historical, Mythological, etc.",,ΘΩΝ Ε.,Thon E.,Ὅ. Ἀλ. Βάδδιγκτων καί Ὁ Βρουνὲ δὲ Πρὲλ (Brunet de Presle),W. H. Waddington and Brunet de Presle,σελίδες 34,0.30,,
1904,IMG_1429.jpeg,"Ιστορικά, Μυθολογικά κλπ.","Historical, Mythological, etc.",,,,Ἱστορία τοῦ Μακράκη Ἰωσήφ — Ὁ Παγκόσμιος Ἱστορία μετὰ 16 πρὸ τοῦ Παγκόσμιου,History of Makrakis Joseph — Universal History,σελίδες 16,0.30,,
1904,IMG_1429.jpeg,"Ιστορικά, Μυθολογικά κλπ.","Historical, Mythological, etc.",,JAEGER O.,Jaeger O.,"Παγκόσμιος Ἱστορία, μετάφρασις Ἀθ. Ἀργυροῦ","Universal History, translated by Ath. Argyros","8ον, σελίδες 4000 + 15",150.—,,μετά 1000 εἰκόνων. Τόμοι 4
1904,IMG_1429.jpeg,"Ιστορικά, Μυθολογικά κλπ.","Historical, Mythological, etc.",,ΚΑΚΛΑΜΑΝΟΥ Δ.,Kaklamanou D.,Νικόλαος Γύζης,Nikolaos Gyzis,"4ον, σελ. 54",20.—,,μετά λαμπρῶν ὀλοσελίδων φωτοτυπικῶν εἰκόνων
1904,IMG_1429.jpeg,"Ιστορικά, Μυθολογικά κλπ.","Historical, Mythological, etc.",,ΖΕΓΕΡ ΙΟΥΛΙΟΥ,Zeger Iouliou,Οἱ Ἀδίμαγοι καί αἱ ἐπαναστάσεις ἐν Ἰταλίᾳ. Τόμος Α': Ἰωάννης Πρόκιδας,The Adimagi and the Revolutions in Italy. Volume I: John of Procida,σελίδες ΙΙΙ + 111,6.—,,
1904,IMG_1429.jpeg,"Ιστορικά, Μυθολογικά κλπ.","Historical, Mythological, etc.",,ΚΑΛΑΠΟΘΑΚΗ Μ. Δ.,Kalapothaki M. D.,Επιστολή ἑλληνικῆς Ἀρχαιολογίας,Letter on Greek Archaeology,"8ον, σ. 183 + 10",10.—,,
1904,IMG_1429.jpeg,"Ιστορικά, Μυθολογικά κλπ.","Historical, Mythological, etc.",,ΚΑΛΟΓΕΡΑ ΝΙΚΗΦΟΡΟΥ,Kalogera Nikiforou,"Μήτρος ὁ Εὐγενικός καί Βησσαρίων ὁ Καρδινάλις, ἔκθεσις ὡς πολιτικοῦ τοῦ ἑλληνικοῦ ἔθνους ἡγέται, τῇ Ἱστορίᾳ διδόντες· εἷς προστίθεται καί πραγματεία περί τῆς ἐν Βασιλείᾳ Συνόδου (1433-37)","Mitros Eugenikos and Cardinal Bessarion, exposition as leaders of the Greek nation...",σελ. 135 + 8,8.—,,
1904,IMG_1429.jpeg,"Ιστορικά, Μυθολογικά κλπ.","Historical, Mythological, etc.",,ΚΟΝΤΟΓΟΝΗ Κ.,Kontogoni K.,Ἐγχειρίδιον Ἑβραϊκῆς Ἀρχαιολογίας,Handbook of Hebrew Archaeology,"8ον, σελίδες 363",20.—,,
1904,IMG_1429.jpeg,"Ιστορικά, Μυθολογικά κλπ.","Historical, Mythological, etc.",,ΚΟΝΤΟΓΟΝΗ Κ.,Kontogoni K.,"Ἐκκλησιαστική Ἱστορία, ἀπό τῆς θείας αὐτῆς ἱδρύσεως μέχρι τῶν καθ' ἡμᾶς χρόνων, τόμ. Α'","Ecclesiastical History, from its Divine Foundation to Our Times, Vol. I","8ον, σελίδες 601 — 627",40.—,,
1904,IMG_1429.jpeg,"Ιστορικά, Μυθολογικά κλπ.","Historical, Mythological, etc.",,ΚΙΑΝΡΟΥ ΦΡΙΔ.,Kianrou Frid.,Ἑλληνικά ἤ ἰστορία ἐξτερικῶν τῆς ἑλληνικῆς ἱστορίας μέχρι τοῦ Πελοποννησιακοῦ πολέμου,Hellenica or External History of Greek History up to the Peloponnesian War,"8ον, σελίδες 130",5.—,,
1904,IMG_1429.jpeg,"Ιστορικά, Μυθολογικά κλπ.","Historical, Mythological, etc.",,ΚΕΦΑΛΑ ΝΕΚΤΑΡΙΟΥ,Kefala Nektariou,"Εὐαγγελική Ἱστορία δἰ ἁρμονίας τοῦ κειμένου τῶν ἱερῶν εὐαγγελιστῶν Ματθαίου, Μάρκου, Λουκᾶ καί Ἰωάννου","Gospel History through Harmony of the Text of the Holy Evangelists Matthew, Mark, Luke and John","8ον, A, α-κδ - 583 + 22",30.—,,
1904,IMG_1429.jpeg,"Ιστορικά, Μυθολογικά κλπ.","Historical, Mythological, etc.",,ΚΟΛΟΝ Σ. Ε.,Kolon S. E.,Τὰ ὄργανα τῆς διώξεως τοῦ Σουηδικοῦ 'Ισθμοῦ,The Organs of Prosecution of the Swedish Isthmus,"8ον, σελίδες 43",15.—,,
1904,IMG_1429.jpeg,"Ιστορικά, Μυθολογικά κλπ.","Historical, Mythological, etc.",,ΚΑΡΑΗ ΑΛΕΞ.,Karai Alex.,"Τὰ Κείμενα καί τὰ ἐρείπια αὐτῶν, ἤτοι μονογραφία ἀρχαιολογική, ἰστορική, γεωγραφική ἀπό 2 Ἀντωνίνου",The Texts and Their Ruins...,"8ον, σελ. 53-730",15.—,,
1904,IMG_1429.jpeg,"Ιστορικά, Μυθολογικά κλπ.","Historical, Mythological, etc.",,ΚΑΡΑΗ ΑΛΕΞ.,Karai Alex.,"Μυθολογία τῆς ἀρχαίας Ἑλλάδος, ὑπό Δ. Decharme","Mythology of Ancient Greece, by P. Decharme",773,48.—,,εἰς μέρη δίς
1904,IMG_1429.jpeg,"Ιστορικά, Μυθολογικά κλπ.","Historical, Mythological, etc.",,ΚΑΝΤΑΝΗ Γ.,Kantani G.,"Ἀνάμνησις τοῦ '21, εἰς μέρη τρία","Remembrance of '21, in Three Parts","8ον, σελίδες 301 + 10",10.—,,
1904,IMG_1429.jpeg,"Ιστορικά, Μυθολογικά κλπ.","Historical, Mythological, etc.",,ΚΑΝΑΛΙ Β. Ι.,Kanali V. I.,"Ἡ Προύσα, ἤτοι ἀρχαιολογική, ἱστορική, γεωγραφική καί ἐκκλησιαστική περιγραφή αὐτῆς","Prousa, an Archaeological, Historical, Geographical, and Ecclesiastical Description","8ον, σ. 236 + 15",15.—,,
1904,IMG_1429.jpeg,"Ιστορικά, Μυθολογικά κλπ.","Historical, Mythological, etc.",,ΚΕΙΤΗΝ Θ.,Keitin Th.,"Ἱστορία τῆς ἀρχαίας Ἑλλάδος, μεταφρασθεῖσα ὑπό Σ. Ἀντωνιάδου","History of Ancient Greece, translated by S. Antoniadou","8ον, σελ. 535 — 736",10.—,,
1904,IMG_1430.jpeg,"Ιστορικά, Μυθολογικὰ κλπ.","Historical, Mythological, etc.",,ΠΑΧΤΙΚΟΥ Γ. Δ.,Pachtikou G. D.,Ὀλυμπιακοὶ Ἀγῶνες ἐν Βιθυνίᾳ,Olympic Games in Bithynia,"8ον, σελίδες 19 + 5",1.20,,
1904,IMG_1430.jpeg,"Ιστορικά, Μυθολογικὰ κλπ.","Historical, Mythological, etc.",,ΠΑΠΑΔΟΠΟΥΛΟΥ Γ. Ι.,Papadopoulou G. I.,Συμβολαὶ εἰς τὴν ἱστορίαν τῆς παρ' ἡμῖν ἐκκλησιαστικῆς Μουσικῆς,Contributions to the history of our ecclesiastical music,"8ον, σελ. 592 + 20",54.—,,
1904,IMG_1430.jpeg,"Ιστορικά, Μυθολογικὰ κλπ.","Historical, Mythological, etc.",,ΠΑΠΑΔΟΠΟΥΛΟΥ Γ. Ι.,Papadopoulou G. I.,"Σύγχρονος Ἱεραρχία τῆς Ὀρθοδόξου Ἀνατολικῆς Ἐκκλησίας, τόμος Α΄","Contemporary Hierarchy of the Orthodox Eastern Church, Volume A","4ον, σελίδες η΄-672",50.—,,
1904,IMG_1430.jpeg,"Ιστορικά, Μυθολογικὰ κλπ.","Historical, Mythological, etc.",,ΠΑΡΜΕΝΙΔΟΥ ΧΡ. Α.,Parmenidou Chr. A.,"Ὁ Δάσκαλος ἢ οἱ Ἕλληνες κατὰ τὸν ΙΕ΄ αἰῶνα, κατὰ μετάφρασιν ἐκ τοῦ γαλλικοῦ","The Master or the Greeks in the 15th Century, translated from French","8ον, σελίδες 85",3.—,,
1904,IMG_1430.jpeg,"Ιστορικά, Μυθολογικὰ κλπ.","Historical, Mythological, etc.",,ΠΑΣΠΑΤΗ Α. Γ.,Paspati A. G.,"Βυζαντιναὶ Μελέται, μετὰ πλείστων εἰκόνων","Byzantine Studies, with numerous illustrations","μέγα 8ον, σελίδες 415, δεδεμένον",75.—,,
1904,IMG_1430.jpeg,"Ιστορικά, Μυθολογικὰ κλπ.","Historical, Mythological, etc.",,ΠΕΤΡΟΥΤΣΕΛΗ Φ.,Petroutseli F.,Μαυρίκιος Ἐπαναστάσεως τοῦ 1848,Maurikios of the Revolution of 1848,"8ον, σελίδες 88",120.—,,
1904,IMG_1430.jpeg,"Ιστορικά, Μυθολογικὰ κλπ.","Historical, Mythological, etc.",,ΡΕΝΙΕΡΗ Μ.,Renieri M.,Ἱστορικαὶ Μελέται. Ὁ Ἕλλην Πάπας Ἀλέξανδρος Ε΄. Βυζάντιον καὶ ἡ ἐν Βασιλείᾳ Σύνοδος,Historical Studies. The Greek Pope Alexander V. Byzantium and the Council of Basel,"8ον, σελίδες 192",25.—,,
1904,IMG_1430.jpeg,"Ιστορικά, Μυθολογικὰ κλπ.","Historical, Mythological, etc.",,ΠΟΛΙΤΟΥ Ν. Γ.,Politou N. G.,Μελέτη ἐπὶ τοῦ βίου τῶν νεωτέρων Ἑλλήνων. Τόμος Α΄: Νεοελληνικὴ Μυθολογία (Μέρος Β΄),Study on the life of Modern Greeks. Volume A: Modern Greek Mythology (Part B),σελ. 319 + 10,10.—,,
1904,IMG_1430.jpeg,"Ιστορικά, Μυθολογικὰ κλπ.","Historical, Mythological, etc.",,ΡΑΓΚΑΒΗ ΑΛ. Ρ.,Ragkavi Al. R.,Ἱστορία τῆς ἀρχαίας Καλλιτεχνίας (Ἀρχαιολογία). Τόμοι 2 μετὰ πινάκων εἰς ἰδιαίτερον τεῦχος,History of Ancient Fine Arts (Archaeology). 2 volumes with plates in a separate issue,"8ον, σελίδες ιϛ΄-933",30.—,,
1904,IMG_1430.jpeg,"Ιστορικά, Μυθολογικὰ κλπ.","Historical, Mythological, etc.",,ΡΑΔΟΥ Κ.,Radou K.,Ἱστορία τοῦ ναυτικοῦ τῶν ἀρχαίων Ἑλλήνων,History of the Navy of the Ancient Greeks,"8ον, σ. 432",25.—,,
1904,IMG_1430.jpeg,"Ιστορικά, Μυθολογικὰ κλπ.","Historical, Mythological, etc.",,ΡΑΜΕΧΟΡΝΙΟΥ Κ.,Ramechorniou K.,Ἡ Γενικὴ Ἱστορία ἐν Πίναξι,General History in Tables,"4ον, σελίδες 32 + 5",5.—,,
1904,IMG_1430.jpeg,"Ιστορικά, Μυθολογικὰ κλπ.","Historical, Mythological, etc.",,ΠΑΠΑΓΕΩΡΓΙΟΥ Δ. Γ.,Papageorgiou D. G.,Ὀλυμπία καὶ Ὀλυμπιακοὶ Ἀγῶνες,Olympia and Olympic Games,"8ον, σ. δ΄-180",18.—,,
1904,IMG_1430.jpeg,"Ιστορικά, Μυθολογικὰ κλπ.","Historical, Mythological, etc.",,ΠΟΛΙΤΟΥ Ν. Γ.,Politou N. G.,"Ἑλλάς. Βίος τῶν ἀρχαίων Ἑλλήνων κατὰ Falke, μετὰ 300 ξυλογραφημάτων","Greece. Life of the Ancient Greeks according to Falke, with 300 woodcuts",4ον,120.—,,
1904,IMG_1430.jpeg,"Ιστορικά, Μυθολογικὰ κλπ.","Historical, Mythological, etc.",,ΠΑΝΤΑΖΗ Δ.,Pantazi D.,Συλλογὴ βίων ἀρχαίων ἑλλήνων πεζογράφων καὶ ποιητῶν,Collection of lives of ancient Greek prose writers and poets,"8ον, σελίδες 287",10.—,,
1904,IMG_1430.jpeg,"Ιστορικά, Μυθολογικὰ κλπ.","Historical, Mythological, etc.",,ΠΑΓΙΑ Γ.,Pagia G.,Τὰ τῆς τοπογραφίας τῶν ἑπταπύλων Θηβῶν,On the topography of seven-gated Thebes,"8ον, σ. 70",8.—,,
1904,IMG_1430.jpeg,"Ιστορικά, Μυθολογικὰ κλπ.","Historical, Mythological, etc.",,ΜΥΣΤΑΚΙΔΟΥ Β. Α.,Mystakidou V. A.,Ἱστορικαὶ εἰδήσεις περὶ Κουρουτσεσμέ,Historical reports on Kouroutsesme,"8ον, σελ. 109",20.—,,
1904,IMG_1430.jpeg,"Ιστορικά, Μυθολογικὰ κλπ.","Historical, Mythological, etc.",,ΜΙΣΙΕΛ Α.,Misiel A.,"Συνοπτικὴ ἐξιστόρησις τῶν ἀποκρύφων τῆς αὐστριακῆς κυβερνήσεως, ἐρανισθεῖσα ὑπὸ Εὐαγ. Ἐμμανουήλ","Concise account of the secrets of the Austrian government, compiled by Evag. Emmanuel","8ον, σελίδες 58",5.—,,
1904,IMG_1430.jpeg,"Ιστορικά, Μυθολογικὰ κλπ.","Historical, Mythological, etc.",,ΜΙΣΙΟΥ ΑΡΙΣΤ. Π.,Misiou Arist. P.,"Στοιχεῖα τῆς ἀρχαίας Νομισματικῆς, ἤτοι γενικὰ προλεγόμενα τῆς Νομισματολογίας τοῦ Ἐκκλησιαστικοῦ","Elements of Ancient Numismatics, or general prolegomena to the Numismatics of the Ecclesiastical","8ον, σελίδες ϛ΄-310",20.—,,
1904,IMG_1430.jpeg,"Ιστορικά, Μυθολογικὰ κλπ.","Historical, Mythological, etc.",,ΜΟΣΤΡΑΤΟΥ Δ. Γ.,Mostratou D. G.,"Βίος τῆς Δόννας Armand Dubarry, πίας, γυναικὸς τοῦ ἀδελφοῦ Ἰννοκεντίου τοῦ Ι΄, ὑπὸ Armand Dubarry","Life of Donna Armand Dubarry, wife of the brother of Innocent X, by Armand Dubarry","8ον, σελίδες λε΄-216",5.—,,
1904,IMG_1430.jpeg,"Ιστορικά, Μυθολογικὰ κλπ.","Historical, Mythological, etc.",,ΜΟΥΣΤΟΥΞΥΔΟΥ Α.,Moustoxydou A.,"Οἱ τέσσαρες ἐν Ἐνετίᾳ ἑλληνικοὶ ἵπποι, ἐπιστολιμαία διατριβή, μεταφρασθεῖσα ἐκ τοῦ ἰταλικοῦ ὑπὸ Ν. Σ. Ζερβοῦ","The four Greek horses in Venice, an epistolary treatise, translated from Italian by N. S. Zervos","8ον, σ. κ΄-XXIX",10.—,,
1904,IMG_1430.jpeg,"Ιστορικά, Μυθολογικὰ κλπ.","Historical, Mythological, etc.",,ΜΥΣΤΑΚΙΔΟΥ Β. Α.,Mystakidou V. A.,Μάξιμος ὁ Μαργούνιος,Maximos Margounios,"8ον, σελίδες 55",10.—,,
1904,IMG_1430.jpeg,"Ιστορικά, Μυθολογικὰ κλπ.","Historical, Mythological, etc.",,ΝΕΟΚΛΕΟΥΣ Χ.,Neokleous Ch.,"Ἱστορία τοῦ γαλλογερμανικοῦ πολέμου 1870-1871, μετ' εἰκόνων, ἐπὶ τῇ βάσει τοῦ ἔργου τοῦ γερμανικοῦ ἐπιτελείου, ὑπὸ Scheibert et Rousset","History of the Franco-German War 1870-1871, with illustrations, based on the work of the German staff, by Scheibert et Rousset","4ον, σελίδες 556",30.—,,
1904,IMG_1430.jpeg,"Ιστορικά, Μυθολογικὰ κλπ.","Historical, Mythological, etc.",,ΠΑΛΑΜΑ ΓΡΗΓΟΡΙΟΥ,Palama Grigoriou,Ἱεροσολυμιάς,Hierosolymias,"8ον, σελίδες 680",35.—,,
1904,IMG_1430.jpeg,"Ιστορικά, Μυθολογικὰ κλπ.","Historical, Mythological, etc.",,ΞΑΝΘΑΚΗ Π.,Xanthaki P.,Βιογραφίαι τῶν μεγάλων ἀνδρῶν τῆς Ῥωσσίας,Biographies of the great men of Russia,"8ον, σελίδες 91",8.—,,
1904,IMG_1430.jpeg,"Ιστορικά, Μυθολογικὰ κλπ.","Historical, Mythological, etc.",,ΟΙΚΟΝΟΜΟΠΟΥΛΟΥ Δ. Ι.,Oikonomopoulou D. I.,"Ἀλεξανδρινὸς Διάκοσμος, ἤτοι οἱ ἐν Ἀλεξανδρείᾳ ἀκμάσαντες Ἕλληνες καὶ Ἑλληνισταί","Alexandrian Cosmos, or the Greeks and Hellenists who flourished in Alexandria","8ον, σελίδες 603",20.—,,
1904,IMG_1430.jpeg,"Ιστορικά, Μυθολογικὰ κλπ.","Historical, Mythological, etc.",,ΟΙΚΟΝΟΜΟΠΟΥΛΟΥ ΗΛ. Ι.,Oikonomopoulou Il. I.,"Μυθολογία τῆς ἀρχαίας Ἑλλάδος, μετ' εἰκόνων","Mythology of Ancient Greece, with illustrations","τόμοι 2, 8ον, σελίδες 1405",35.—,,
1904,IMG_1430.jpeg,"Ιστορικά, Μυθολογικὰ κλπ.","Historical, Mythological, etc.",,ΟΙΚΟΝΟΜΟΠΟΥΛΟΥ ΗΛ. Ι.,Oikonomopoulou Il. I.,Παγκόσμιος Μυθολογία μετ' εἰκόνων,Universal Mythology with illustrations,"8ον, σελίδες 603",15.—,,
1904,IMG_1430.jpeg,"Ιστορικά, Μυθολογικὰ κλπ.","Historical, Mythological, etc.",,ΟΥΙΤΕ Ε.,Ouite E.,"Σύνοψις τῆς Καθολικῆς Ἱστορίας, μετάφρασις ὑπὸ Σπ. Ἀντωνιάδου","Synopsis of Universal History, translation by Sp. Antoniadou","8ον, σελίδες 332",10.—,,
1904,IMG_1430.jpeg,"Ιστορικά, Μυθολογικὰ κλπ.","Historical, Mythological, etc.",,ΝΤΑΦΩΤΗ Ι. Ν.,Ntafoti I. N.,Εἰς Δαχομένη ἱπταμένῳ καλάμῳ,To Dachomeni with a flying pen,"μετ' εἰκόνων, σ. 272",7.20,,
1904,IMG_1431.jpeg,"Ἱστορικά, Μυθολογικὰ κλπ.","Historical, Mythological etc.",,ΤΣΟΚΟΤΟΠΟΥΛΟΥ Γ.,Tsokotopoulou G.,"Χαρίλαος Τρικούπης, Βιογραφία","Charilaos Trikoupis, Biography","8ον, σελ. 384",8.—,,
1904,IMG_1431.jpeg,"Ἱστορικά, Μυθολογικὰ κλπ.","Historical, Mythological etc.",,ΣΧΛΕΙΜΑΝΝ ΕΡΡΙΚΟΥ,Schliemann Errikou,Ὀρχομενός,Orchomenos,"8ον, σ. 60",20.—,,μετὰ 9 σχημάτων καὶ 4 πινάκων
1904,IMG_1431.jpeg,"Ἱστορικά, Μυθολογικὰ κλπ.","Historical, Mythological etc.",,ΣΩΤΗΡΙΑΔΟΥ Γ. Σ.,Sotiriadou G. S.,Ἱστορία τῶν ἀρχαίων Ἀνατολικῶν Λαῶν καὶ τῆς Ἑλλάδος μέχρι τῆς ὑποταγῆς αὐτῆς εἰς τοὺς Ῥωμαίους,History of the ancient Eastern Peoples and Greece until its subjugation to the Romans,"8ον, σελίδες 351",25.—,,
1904,IMG_1431.jpeg,"Ἱστορικά, Μυθολογικὰ κλπ.","Historical, Mythological etc.",,ΣΩΦΡΟΝΙΑΔΟΥ Δ.,Sophroniadou D.,"Ὅθων καὶ Ἀμαλία, ἱστορικὴ μελέτη","Otto and Amalia, historical study","8ον, σ. 76",2.—,,
1904,IMG_1431.jpeg,"Ἱστορικά, Μυθολογικὰ κλπ.","Historical, Mythological etc.",,THOMSON J.,Thomson J.,"Τὸ Οὐράνιον Κράτος, ἤτοι οἱ Σῖναι καὶ οἱ Ἰνδοῦναι","The Celestial Empire, i.e., China and Indo-China","8ον, σελίδες 350",20.—,,"μετ' εἰκονογραφιῶν, ἐξελληνισθὲν ὑπὸ Ν. Κ. Μακάρου"
1904,IMG_1431.jpeg,"Ἱστορικά, Μυθολογικὰ κλπ.","Historical, Mythological etc.",,ΦΙΛΑΛΗΘΟΥΣ Α.,Filalithous A.,Ἱστορία τῆς Δανιμαρκίας,History of Denmark,"8ον, σελ. 106",10.—,,
1904,IMG_1431.jpeg,"Ἱστορικά, Μυθολογικὰ κλπ.","Historical, Mythological etc.",,ΦΟΥΚΙΕ Α.,Foukie A.,Διάσημοι Δίκαι. Λουδοβῖκος ΙΣΤ' (1793),Famous Trials. Louis XVI (1793),"4ον, σελίδες 51",5.—,,μετάφρασις Α. Γ. Σκαλίδου
1904,IMG_1431.jpeg,"Ἱστορικά, Μυθολογικὰ κλπ.","Historical, Mythological etc.",,VRÈTOS ANDRÉ PARADOPOULO,Vrètos André Paradopoulo,Les douze années du règne d'Alexandre II,The twelve years of the reign of Alexander II,"8ον, σελίδες 55",7.—,,
1904,IMG_1431.jpeg,"Ἱστορικά, Μυθολογικὰ κλπ.","Historical, Mythological etc.",,ΦΙΚΕΒΑX ΓΟΥΣΤ.,Fikebax Goust.,Ὁ πόλεμος τοῦ 1870. Ἡ πολιορκία καὶ ὁ βομβαρδισμὸς τοῦ Στρασβούργου,The War of 1870. The siege and bombardment of Strasbourg,"8ον, σελ. ς'—156",10.—,,μετάφρασις Ν. Γ. Κωσρᾶκη
1904,IMG_1431.jpeg,"Ἱστορικά, Μυθολογικὰ κλπ.","Historical, Mythological etc.",,ΦΙΛΑΡΕΤΟΥ,Filaretou,Ἱστορικὴ Διδασκαλία περὶ τῶν Πατέρων τῆς Ἐκκλησίας,Historical Teaching on the Fathers of the Church,"Τόμος 3, 8ον, σελ. μγ'—1552",60.—,,ἐξελληνισθεῖσα ὑπὸ Νεοφύτου Παγίδα
1904,IMG_1431.jpeg,"Ἱστορικά, Μυθολογικὰ κλπ.","Historical, Mythological etc.",,,,Περικλῆς—Ἀσπασία. Ἱστορικὴ μελέτη,Pericles—Aspasia. Historical study,"8ον, σελ. η'—120",7.20,,
1904,IMG_1431.jpeg,"Ἱστορικά, Μυθολογικὰ κλπ.","Historical, Mythological etc.",,ΦΙΛΗΜΟΝΟΣ ΤΙΜ.,Filimonos Tim.,"Τὸ ἀρχαῖον Ἄστυ. Μελέτη περὶ τῆς λατρείας τοῦ Δικαίου, τῶν θεσμῶν τῆς Ἑλλάδος καὶ τῆς Ῥώμης","The ancient City. Study on the cult of Justice, the institutions of Greece and Rome","μέγα 8ον, σελίδες 596",30.—,,
1904,IMG_1431.jpeg,"Ἱστορικά, Μυθολογικὰ κλπ.","Historical, Mythological etc.",,,,Notions sur la Russie. Missions du Kamtchatka,Notions on Russia. Missions of Kamchatka,"8ov, σ. 200",13.—,,
1904,IMG_1431.jpeg,"Ἱστορικά, Μυθολογικὰ κλπ.","Historical, Mythological etc.",,VINET ERNEST,Vinet Ernest,L'Art et l'Archéologie,Art and Archaeology,"8ον, σελίδες 498",30.—,,
1904,IMG_1431.jpeg,"Ἱστορικά, Μυθολογικὰ κλπ.","Historical, Mythological etc.",,STOURZA A. DE,Stourza A. de,"Oeuvres Posthumes Historiques etc., Souvenirs et Portraits","Posthumous Historical Works etc., Memories and Portraits","8ον, σελίδες 472",25.—,,
1904,IMG_1431.jpeg,"Ἱστορικά, Μυθολογικὰ κλπ.","Historical, Mythological etc.",,ΤΣΟΥΝΤΑ ΧΡ.,Tsounta Chr.,Μυκῆναι καὶ Μυκηναῖος πολιτισμός,Mycenae and Mycenaean civilization,"8ον, σελίδες η' — 246",40.—,,μετὰ 11 πινάκων
1904,IMG_1431.jpeg,"Ἱστορικά, Μυθολογικὰ κλπ.","Historical, Mythological etc.",,,,Ἱστορία τῆς γαλλικῆς ἐπαναστάσεως,History of the French Revolution,"8ον, σελ. 304",10.—,,
1904,IMG_1431.jpeg,"Ἱστορικά, Μυθολογικὰ κλπ.","Historical, Mythological etc.",,ΠΕΝΕΙΡΗ Μ.,Peneiri M.,Μητροφάνης Κριτόπουλος καὶ οἱ ἐν Ἀγγλίᾳ καὶ Γερμανίᾳ φίλοι αὐτοῦ (1617—1628),Mitrophanes Kritopoulos and his friends in England and Germany (1617—1628),"8ον, σ. 114",17.—,,
1904,IMG_1431.jpeg,"Ἱστορικά, Μυθολογικὰ κλπ.","Historical, Mythological etc.",,RICARD Mr,Ricard Mr,Le cardinal Fesch archevêque de Lyon (1763—1839),Cardinal Fesch Archbishop of Lyon (1763—1839),,6.—,,
1904,IMG_1431.jpeg,"Ἱστορικά, Μυθολογικὰ κλπ.","Historical, Mythological etc.",,ΣΙΓΑ Κ.,Siga K.,Τὸ ἐν Ζακύνθῳ ἀρχοντολόγιον,The nobility record of Zakynthos,"8ον, σελίδες 52",4.—,,
1904,IMG_1431.jpeg,"Ἱστορικά, Μυθολογικὰ κλπ.","Historical, Mythological etc.",,ΣΙΓΑ Κ.,Siga K.,"Ἱστορικὸν δοκίμιον περὶ τοῦ Θεάτρου, τῆς Μουσικῆς τῶν Βυζαντινῶν",Historical essay on the Theatre and Music of the Byzantines,σελίδες ια'—467,15.—,,
1904,IMG_1431.jpeg,"Ἱστορικά, Μυθολογικὰ κλπ.","Historical, Mythological etc.",,ΣΤΑΙΡΙΟΥ Γ. Κ.,Stairiou G. K.,Ἱστορία τοῦ γαλλoγερμανικοῦ πολέμου,History of the Franco-German War,"Τόμοι 2, σελίδες ς'—732",15.—,,μετὰ εἰκόνων
1904,IMG_1431.jpeg,"Ἱστορικά, Μυθολογικὰ κλπ.","Historical, Mythological etc.",,ΣΠΑΡΟΝΟΥ Ι. Ν.,Sparonou I. N.,"Τὸ ἐν Ἀθήναις Ἐθνικὸν Μουσεῖον, φωτοτυπικὴ ἀντιγραφὴ τῶν ἐν αὐτῷ θησαυρῶν μετ' ἐπεξηγηματικοῦ κειμένου, Τεῦχος Α'","The National Museum in Athens, phototypic reproduction of its treasures with explanatory text, Volume A","4ον, τεῦχος Α', σελίδες 16, πίνακες 10",40.—,,
1904,IMG_1431.jpeg,"Ἱστορικά, Μυθολογικὰ κλπ.","Historical, Mythological etc.",,ΣΑΚΕΛΛΑΡΟΠΟΥΛΟΥ Σ. Κ.,Sakellaropoulou S. K.,Ἰδιωτικὸς βίος τῶν Ῥωμαίων,Private life of the Romans,"8ον, σ. 123",10.—,,
1904,IMG_1431.jpeg,"Ἱστορικά, Μυθολογικὰ κλπ.","Historical, Mythological etc.",,ΣΕΡΕΜΕΤΗ ΑΘΗΝΑΣ Ν.,Seremeti Athinas N.,Ἱστορία τῆς Μουσικῆς,History of Music,"8ον, σελίδες 388",12.—,,
1904,IMG_1431.jpeg,"Ἱστορικά, Μυθολογικὰ κλπ.","Historical, Mythological etc.",,ΣΜΥΡΝΑΚΗ Γ.,Smyrnaki G.,"Τὸ Ἅγιον  Oρος. Ἀρχαιολογία, Ἱστορία, Ἱστορικαὶ Ὑπομνήσεις, Τυπικά, Καθεστῶτα, Ἀρχιτεκτονική, Ἁγιογραφία, Βιβλιοθῆκαι, Μοναί, Κειμήλια, Ἀπογραφικὴ καὶ λοιπά","Holy Mount Athos. Archaeology, History, Historical Notes, Typika, Status, Architecture, Hagiography, Libraries, Monasteries, Relics, Census and others","4ον, σελίδες 703",50.—,,μετὰ 62 εἰκόνων καὶ χάρτου
1904,IMG_1431.jpeg,"Ἱστορικά, Μυθολογικὰ κλπ.","Historical, Mythological etc.",,ΣΟΛΩΜΟΥ Ν.,Solomou N.,Ἱστορία τῶν Ἑβραίων,History of the Jews,"8ον, σελίδες 256",10.—,,
1904,IMG_1431.jpeg,"Ἱστορικά, Μυθολογικὰ κλπ.","Historical, Mythological etc.",,ΣΠΑΝΟΥΔΗ Κ.,Spanoudi K.,"Ἱστορικαὶ Σελίδες, Ἰωακεὶμ ὁ Γ' (1878—1901)","Historical Pages, Joachim III (1878—1901)",σελίδες 400,12.—,,μετ' εἰκόνων
1904,IMG_1431.jpeg,"Ἱστορικά, Μυθολογικὰ κλπ.","Historical, Mythological etc.",,ΣΠΥΡΙΔΑΚΙ Γ.,Spyridaki G.,"Τὸ Εἰκονογραφημένον Πανόραμα τῶν Ὀλυμπιακῶν Ἀγώνων, ἱστορικὴ μελέτη","The Illustrated Panorama of the Olympic Games, historical study","8ον, σελ. 71",9.—,,
1904,IMG_1431.jpeg,"Ἱστορικά, Μυθολογικὰ κλπ.","Historical, Mythological etc.",,ΣΤΑΜΑΤΙΑΔΟΥ ΕΠ. Ι.,Stamatiadou Ep. I.,Ἱππόδρομος τῆς Κωνσταντινουπόλεως,Hippodrome of Constantinople,σ. 138,3.—,,
1904,IMG_1431.jpeg,"Ἱστορικά, Μυθολογικὰ κλπ.","Historical, Mythological etc.",,ΣΠΑΡΟΝΟΥ Ι. Ν.,Sparonou I. N.,"Τὸ ἐν Ἀθήναις Ἐθνικὸν Μουσεῖον, Τεῦχος Β'","The National Museum in Athens, Volume B","σ. 36, πίνακες 10",56.—,,
1904,IMG_1432.jpeg,"Ιστορικά, Μυθολογικά κλπ.","Historical, Mythological, etc.",,ΧΡΙΣΤΟΔΟΥΛΟΥ ΜΕΛΙΣΣΗΝΟΥ,Christodoulou Melissinou,Περιγραφὴ ἱστορικογεωγραφικὴ τῆς ἐπαρχίας Σαράντα ᾿Εκκλησιῶν,Historical and geographical description of the province of Forty Churches,"8ον, σελίδες 103",5.—,,
1904,IMG_1432.jpeg,"Ιστορικά, Μυθολογικά κλπ.","Historical, Mythological, etc.",,ΦΩΤΙΑΔΟΥ Ν.,Fotiadou N.,"Τὰ ᾿Ελευσίνια μυστήρια, μελέτη ἀρχαιολογικὴ καὶ φιλολογική","The Eleusinian Mysteries, archaeological and philological study","8ον, σελίδες 51",5.—,,
1904,IMG_1432.jpeg,"Ιστορικά, Μυθολογικά κλπ.","Historical, Mythological, etc.",,ΧΑΦ Κ.,Haf K.,"Οἱ Σλάβοι ἐν ῾Ελλάδι, ἀνασκευὴ τῶν θεωριῶν Φαλλμεράϋερ, μετάφρασις Φ. Ζαμβάλδη","The Slavs in Greece, refutation of Fallmerayer's theories, translation by F. Zambaldis","8ον, σ. 110",10.—,,
1904,IMG_1432.jpeg,"Ιστορικά, Μυθολογικά κλπ.","Historical, Mythological, etc.",,ΧΡΙΣΤΟΔΟΥΛΟΥ ΜΕΛΙΣΣΗΝΟΥ,Christodoulou Melissinou,Ἡ Θράκη καὶ αἱ Σαράντα ᾿Εκκλησίαι μετὰ τινῶν διοικητικῶν ἐκκλησιαστικῶν ζητημάτων,Thrace and the Forty Churches along with some administrative ecclesiastical issues,"8ον, σελίδες ιϛ΄ — 287",10.—,,
1904,IMG_1432.jpeg,"Ιστορικά, Μυθολογικά κλπ.","Historical, Mythological, etc.",,ΧΡΥΣΟΒΕΡΓΗ Γ.,Chrysovergi G.,Ὁ ἐν τῇ Μεγάλῃ ᾿Εκκλησίᾳ δεσποτικὸς θρόνος μετὰ τοῦ ἐμβατοῦ,The patriarchal throne in the Great Church along with the platform,"8ον, σελίδες 147",10.—,,
1904,IMG_1433.jpeg,IV. ΜΑΘΗΜΑΤΙΚΑ. ΦΥΣΙΟΓΝΩΣΤΙΚΑ,IV. Mathematics. Natural History,,Ganot,Ganot,Traité Élémentaire de Physique,Elementary Treatise on Physics,,25.—,,French textbook entry in catalog
1904,IMG_1433.jpeg,IV. ΜΑΘΗΜΑΤΙΚΑ. ΦΥΣΙΟΓΝΩΣΤΙΚΑ,IV. Mathematics. Natural History,,ΤΣΑΚΑΛΩΤΟΥ Α.,Tsakalotos A.,Χημεία,Chemistry,,4.—,,Text partially affected by motion blur
1904,IMG_1434.jpeg,"Μαθηματικά, Φυσιογνωστικά","Mathematics, Natural Sciences",,SEYFFERT E.,Seyffert E.,Περὶ σεισμῶν καὶ...,On earthquakes and...,,5.—,,
1904,IMG_1434.jpeg,"Μαθηματικά, Φυσιογνωστικά","Mathematics, Natural Sciences",,ΧΑΙΡΟΥ ΝΙΚ. Λ.,Chairou Nik. L.,Εἰδικὴ ἢ συστηματικὴ Βοτανική,Special or Systematic Botany,"8ον, σελ. 162",10.—,,
1904,IMG_1434.jpeg,"Μαθηματικά, Φυσιογνωστικά","Mathematics, Natural Sciences",,VERIOT C.,Veriot C.,Insectes,Insects,σελίδες 144,5.—,,
1904,IMG_1434.jpeg,"Μαθηματικά, Φυσιογνωστικά","Mathematics, Natural Sciences",,ΣΥΡΓΙΟΥ Ν. Λ.,Syrgios N. L.,Τὰ ἠφαίστεια,Volcanoes,"8ον, σελίδες 60",3.—,,
1904,IMG_1434.jpeg,"Μαθηματικά, Φυσιογνωστικά","Mathematics, Natural Sciences",,ΣΤΑΜΑΤΕΛΟΥ Ι. Μ.,Stamatelos I. M.,Χρονολογικὴ Μαθηματικὴ καὶ Ἱστορική,Chronological Mathematical and Historical,"8ον, σελ. 53",5.—,,
1904,IMG_1434.jpeg,"Μαθηματικά, Φυσιογνωστικά","Mathematics, Natural Sciences",,ΣΠΑΘΑΡΗ Α.,Spatharis A.,Μελέτη περὶ Πασιγαλίας,Study on Pasigalia,σελίδες 119,5.—,,
1904,IMG_1434.jpeg,"Μαθηματικά, Φυσιογνωστικά","Mathematics, Natural Sciences",,BICHARD L.,Bichard L.,"Στενοαριθμία, ἤτοι ταχεῖα καὶ ὑπολογίσιμος μετὰ ταχύτητος ὅλων τῶν θετικῶν νευρῶν...","Stenoarithmetic, or rapid and calculable speed of all positive rules...",,6.—,,
1904,IMG_1434.jpeg,"Μαθηματικά, Φυσιογνωστικά","Mathematics, Natural Sciences",Βιβλίον Β': Περὶ Δασολογίας,ΡΑΖΙ ΑΛ.,Razis Al.,Ἐγχειρίδιον Μηχανικῆς καὶ Δασολογίας. Βιβλίον Β': Περὶ Δασολογίας,Handbook of Mechanics and Forestry. Book B: On Forestry,"8ον, σελ. 114",20.—,,
1904,IMG_1434.jpeg,"Μαθηματικά, Φυσιογνωστικά","Mathematics, Natural Sciences",Βιβλίον Α': Περὶ Μηχανικῆς,ΡΑΖΙ ΑΛ.,Razis Al.,Ἐγχειρίδιον Μηχανικῆς καὶ Δασολογίας. Βιβλίον Α': Περὶ Μηχανικῆς,Handbook of Mechanics and Forestry. Book A: On Mechanics,"8ον, σελ. 124",20.—,,
1904,IMG_1434.jpeg,"Μαθηματικά, Φυσιογνωστικά","Mathematics, Natural Sciences",,ΠΡΩΤΟΠΑΠΑΔΑΚΗ Π. Ε.,Protopapadakis P. E.,Μαθήματα Μηχανικῆς Θεωρητικῆς καὶ ἐφαρμοσμένης. Τόμος Α': Κινητικὴ καὶ δυναμικὴ τοῦ σημείου,Courses in Theoretical and Applied Mechanics. Volume A: Kinetics and Dynamics of a Point,"8ον, σελ. 351 X 60",10.—,,
1904,IMG_1434.jpeg,"Μαθηματικά, Φυσιογνωστικά","Mathematics, Natural Sciences",,ΠΡΙΝΤΕΖΗ ΦΡ.,Printezis Fr.,Ἐρασιτεχνικὴ ἀπεικόνισις τῶν νεωτέρων φυσικῶν καὶ περιέργων φαινομένων μετὰ τῶν σχετικῶν εἰκόνων,Amateur depiction of recent physical and curious phenomena with related images,σελίδες 224,10.—,,Includes illustrations
1904,IMG_1434.jpeg,"Μαθηματικά, Φυσιογνωστικά","Mathematics, Natural Sciences",,Π. Γ. Θ.,P. G. Th.,Περίληψις ἐκ τῶν φυσικῶν ἐπιστημῶν,Summary of natural sciences,σελ. 291,35.—,,
1904,IMG_1434.jpeg,"Μαθηματικά, Φυσιογνωστικά","Mathematics, Natural Sciences",,ΜΑΤΣΟΠΟΥΛΟΥ Κ.,Matsopoulos K.,Στοιχεῖα Ὀρυκτολογίας,Elements of Mineralogy,"τόμοι 2, 4ον, σελίδες 8 - 318 + 391 + 7",7.—,,2 volumes
1904,IMG_1434.jpeg,"Μαθηματικά, Φυσιογνωστικά","Mathematics, Natural Sciences",,ΜΑΤΣΟΠΟΥΛΟΥ Κ.,Matsopoulos K.,Στοιχεῖα Γεωλογίας,Elements of Geology,"τόμοι 2, 4ον, σελίδες 8 - 568 + 607 + 60",15.—,,2 volumes
1904,IMG_1434.jpeg,"Μαθηματικά, Φυσιογνωστικά","Mathematics, Natural Sciences",,ΜΑΛΑΔΡΑΚΗ ΣΠ.,Maladrakis Sp.,Τὰ Βακτηρίδια καὶ Σχιδόφυτα μετ' εἰκόνων,Bacteria and Schizophytes with illustrations,"8ον, σ. 112 + 15",15.—,,
1904,IMG_1434.jpeg,"Μαθηματικά, Φυσιογνωστικά","Mathematics, Natural Sciences",,ΨΑΡΟΥΔΑΚΗ Κ. Γ. Π.,Psaroudakis K. G. P.,"Σύμμακτα, ἤτοι ἀνάπαιστα χρονολογίας","Miscellany, or Anapestic Chronology","8ον, σελ. 98",6.—,,
1904,IMG_1435.jpeg,"ΓΕΩΓΡΑΦΙΚΑ, ΑΣΤΡΟΝΟΜΙΚΑ","Geography, Astronomy",,,,Κοσμοπολίτης ἢ Περιήγησις Ἀθηγανίδων ἐν Εὐρώπῃ καὶ Ἀσίᾳ,Cosmopolite or Travels of Gypsy Women in Europe and Asia,"8ον, σελίδες 258 +",12.—,,
1904,IMG_1435.jpeg,"ΓΕΩΓΡΑΦΙΚΑ, ΑΣΤΡΟΝΟΜΙΚΑ","Geography, Astronomy",,ΚΑΜΠΑΝΑΚΗ ΑΧ. Μ.,Kampanakis Ach. M.,Δημοδώτης Ἀστρονομία ἐκ 12 πινάκων διαφανῶν,Popular Astronomy with 12 Transparent Plates,4ον +,20.—,,
1904,IMG_1435.jpeg,"ΓΕΩΓΡΑΦΙΚΑ, ΑΣΤΡΟΝΟΜΙΚΑ","Geography, Astronomy",,ΚΟΚΚΙΔΟΥ Δ. Κ.,Kokkidis D. K.,Μαθήματα Ἀστρονομίας,Lessons in Astronomy,"8ον, σ. η΄-589 +",25.—,,τόμοι 2
1904,IMG_1435.jpeg,"ΓΕΩΓΡΑΦΙΚΑ, ΑΣΤΡΟΝΟΜΙΚΑ","Geography, Astronomy",,ΚΟΚΚΙΔΟΥ Δ. Κ.,Kokkidis D. K.,"Κόμηται ἢ τὰ θάματα τοῦ οὐρανοῦ, μελέται ἀστρονομικαί","Comets or the Wonders of the Sky, Astronomical Studies","μέγα 8ον, σελίδες 56 +",7.—,,"φιλοπονηθεῖσαι ἐπὶ τῇ βάσει διαφόρων ἐπιστημονικῶν συγγραμμάτων, ὑπὸ ***"
1904,IMG_1435.jpeg,"ΓΕΩΓΡΑΦΙΚΑ, ΑΣΤΡΟΝΟΜΙΚΑ","Geography, Astronomy",,ΚΟΥΜΑ Κ. Μ.,Koumas K. M.,Σύνοψις τῆς παλαιᾶς Γεωγραφίας,Synopsis of Ancient Geography,"σ. 190, δεδεμ. +",10.—,,
1904,IMG_1435.jpeg,"ΓΕΩΓΡΑΦΙΚΑ, ΑΣΤΡΟΝΟΜΙΚΑ","Geography, Astronomy",,ΔΕΛΟΡΓΚ Ρ.,Delorgues R.,Ταξίδια τοῦ Χριστοφόρου Κολόμβου,Travels of Christopher Columbus,"8ον, σελίδες 640 +",10.—,,μετ' εἰκόνων
1904,IMG_1435.jpeg,"ΓΕΩΓΡΑΦΙΚΑ, ΑΣΤΡΟΝΟΜΙΚΑ","Geography, Astronomy",,ΛΟΡΕΝΤΗ Ν.,Lorentis N.,Γεωγραφία πρὸς εὐχερῆ γνῶσιν ὅλων τῶν μερῶν καὶ κατοίκων τῆς Γῆς,Geography for Easy Knowledge of All Parts and Inhabitants of the Earth,"8ον, σ. ι6΄-1696 ×",40.—,,τόμοι 3
1904,IMG_1435.jpeg,"ΓΕΩΓΡΑΦΙΚΑ, ΑΣΤΡΟΝΟΜΙΚΑ","Geography, Astronomy",,ΜΗΛΙΟΠΟΥΛΟΥ Ι. Π.,Miliopoulos I. P.,"Περιοδεῖαι ἐν Περσίᾳ, ἤτοι περιγραφὴ τῶν ἀπὸ Πετρουπόλεως εἰς Τεχεράνην καὶ ἐκεῖθεν διὰ Τραπεζοῦντος εἰς Κωνσταντινούπολιν χωρίων","Travels in Persia, namely Description of Villages from St. Petersburg to Tehran and thence via Trebizond to Constantinople","8ον, σελίδες 115 +",15.—,,
1904,IMG_1435.jpeg,"ΓΕΩΓΡΑΦΙΚΑ, ΑΣΤΡΟΝΟΜΙΚΑ","Geography, Astronomy",,ΟΙΚΟΝΟΜΟΠΟΥΛΟΥ Η. Ι.,Oikonomopoulos H. I.,Μεγάλη Γεωγραφία τῆς Ἑλλάδος μετὰ τοπογραφικῶν καὶ ὁδοιπορικῶν χαρτῶν,Great Geography of Greece with Topographical and Travel Maps,"8ον, σ. 448 +",20.—,,
1904,IMG_1435.jpeg,"ΓΕΩΓΡΑΦΙΚΑ, ΑΣΤΡΟΝΟΜΙΚΑ","Geography, Astronomy",,Alphonse Bertillon,Bertillon Alphonse,Οἱ ἄγριοι λαοὶ τῆς Γῆς,The Savage Peoples of the Earth,"8ον, σελίδες 1113 +",33.—,,σύγγραμμα ἐπεκταθὲν καὶ συμπληρωθὲν ἐπὶ τῇ βάσει τῶν διασημοτέρων γεωγράφων καὶ περιηγητῶν
1904,IMG_1435.jpeg,"ΓΕΩΓΡΑΦΙΚΑ, ΑΣΤΡΟΝΟΜΙΚΑ","Geography, Astronomy",,ΗΣΙΟΥ Ι.,Hesios I.,Γεωγραφίας Ἐγχειρίδιον Ἐμπορικῆς καὶ Βιομηχανικῆς,Handbook of Commercial and Industrial Geography,"8ον, σελίδες 200 +",15.—,,
1904,IMG_1435.jpeg,"ΓΕΩΓΡΑΦΙΚΑ, ΑΣΤΡΟΝΟΜΙΚΑ","Geography, Astronomy",,ΚΟΦΙΝΙΩΤΟΥ Ε. Κ.,Kofiniotis E. K.,"Παλαιστίνη, ἤτοι Ἱστορία καὶ Γεωγραφία τῆς Ἁγίας Γῆς ἐξηγμένη ἐκ τῆς Γραφῆς","Palestine, namely History and Geography of the Holy Land drawn from Scripture","8ον, σελίδες 388 +",15.—,,μετὰ εἰκόνων καὶ γεωγραφικοῦ Πίνακος
1904,IMG_1435.jpeg,"ΓΕΩΓΡΑΦΙΚΑ, ΑΣΤΡΟΝΟΜΙΚΑ","Geography, Astronomy",,FLAMMARION C.,Flammarion C.,Λαϊκὴ Ἀστρονομία ἢ Γενικὴ περιγραφὴ τοῦ οὐρανοῦ,Popular Astronomy or General Description of the Heavens,"8ον, σελίδες 1200 +",40.—,,"μετ' εἰκόνων, μετάφρασις Ι. Στρατηγοπούλου"
1904,IMG_1435.jpeg,"ΓΕΩΓΡΑΦΙΚΑ, ΑΣΤΡΟΝΟΜΙΚΑ","Geography, Astronomy",,ΒΙΚΕΛΑ Δ.,Vikelas D.,Ἀπὸ Νικοπόλεως εἰς Ὀλυμπίαν,From Nicopolis to Olympia,"32ον, σελ. 200 +",5.—,,
1904,IMG_1435.jpeg,"ΓΕΩΓΡΑΦΙΚΑ, ΑΣΤΡΟΝΟΜΙΚΑ","Geography, Astronomy",,ΖΑΛΟΚΩΣΤΑ Λ. Σ.,Zalokostas L. S.,Τὸ σύμπαν ἢ στοιχειώδεις γνώσεις τῆς φυσικῆς Ἀστρονομίας,The Universe or Elementary Knowledge of Physical Astronomy,"4ον, σελίδες 808 +",80.—,,
1904,IMG_1435.jpeg,"ΓΕΩΓΡΑΦΙΚΑ, ΑΣΤΡΟΝΟΜΙΚΑ","Geography, Astronomy",,ΑΡΑΓΩ ΙΑΚΩΒΟΥ,Arago François/Jacques,Περιοδεία τοῦ Κόσμου,Tour of the World,"μέγα 8ον, σελίδες 1302 +",25.—,,"μετὰ 200 εἰκόνων, μετάφρασις Δ. Χ. Σταυροπούλου. Τόμοι 2"
1904,IMG_1435.jpeg,"ΓΕΩΓΡΑΦΙΚΑ, ΑΣΤΡΟΝΟΜΙΚΑ","Geography, Astronomy",,ΖΩΓΡΑΦΑΚΗ Ν. Γ.,Zografakis N. G.,Ἡ Ἑρμούπολις,Hermoupolis,"8ον, σελ. 112 +",6.—,,μετ' εἰκόνος
1904,IMG_1435.jpeg,"ΓΕΩΓΡΑΦΙΚΑ, ΑΣΤΡΟΝΟΜΙΚΑ","Geography, Astronomy",,ΒΙΚΕΛΑ Δ.,Vikelas D.,Περὶ Σκωτίας,About Scotland,σελ. 67 +,3.—,,
1904,IMG_1435.jpeg,"ΓΕΩΓΡΑΦΙΚΑ, ΑΣΤΡΟΝΟΜΙΚΑ","Geography, Astronomy",,ΒΡΑΔΛΕΟΥ Ι.,Bradley J.,Ἐγχειρίδιον Γεωγραφικόν,Geographical Handbook,"8ον, σ. η΄-136 +",5.—,,"ἐκ τοῦ ἀγγλικοῦ, ὑπὸ Π. Ραυτοπούλου, ἐν Ναυπλίῳ, 1834"
1904,IMG_1435.jpeg,"ΓΕΩΓΡΑΦΙΚΑ, ΑΣΤΡΟΝΟΜΙΚΑ","Geography, Astronomy",,ΑΡΙΣΤΑΡΧΟΥ ΒΕΝ Γ.,Aristarchou Ben G.,Ἡ ἐν Σωκοτόρᾳ ἀποικία,The Colony in Socotra,"8ον, σελίδες 24 +",2.—,,
1904,IMG_1435.jpeg,"ΓΕΩΓΡΑΦΙΚΑ, ΑΣΤΡΟΝΟΜΙΚΑ","Geography, Astronomy",,ΔΗΜΙΤΣΑ Μ. Γ.,Dimitsas M. G.,Ἀρχαία Γεωγραφία τῆς Μακεδονίας. Μέρος Α΄: Χωρογραφία. Μέρος Β΄: Τοπογραφία,Ancient Geography of Macedonia. Part A: Chorography. Part B: Topography,"8ον, σ. ιζ΄-1550 +",50.—,,
1904,IMG_1435.jpeg,"ΓΕΩΓΡΑΦΙΚΑ, ΑΣΤΡΟΝΟΜΙΚΑ","Geography, Astronomy",,ΔΡΟΣΙΝΗ Γ.,Drosinis G.,Τρεῖς ἡμέραι ἐν Τήνῳ,Three Days in Tinos,"32ον, σελίδες 80 +",5.—,,
1904,IMG_1435.jpeg,"ΓΕΩΓΡΑΦΙΚΑ, ΑΣΤΡΟΝΟΜΙΚΑ","Geography, Astronomy",,ΕΥΑΓΓΕΛΙΔΟΥ ΤΡ. Ε.,Evangelidis Tr. E.,Κρανῶν Πολιτεία,State of Kranon,"8ον, σελίδες 76 +",6.—,,
1904,IMG_1435.jpeg,"ΓΕΩΓΡΑΦΙΚΑ, ΑΣΤΡΟΝΟΜΙΚΑ","Geography, Astronomy",,ΕΙΣΤΑΘΙΟΥ Ν.,Eustathiou N.,Ἐντυπώσεις τοῦ ταξιδίου μου ἀπὸ Ὀδησσοῦ εἰς Ῥεθύμνην καὶ Ἐλαιογράφηση,Impressions of My Journey from Odessa to Rethymno and Oil Painting,σελίδες 40 +,2.20,,
1904,IMG_1435.jpeg,"ΓΕΩΓΡΑΦΙΚΑ, ΑΣΤΡΟΝΟΜΙΚΑ","Geography, Astronomy",,ΓΙΑΣΣΑ Δ.,Giassa D.,Περὶ Μικρᾶς Ἀσίας,On Asia Minor,"8ον, σελίδες 79 +",3.—,,
1904,IMG_1436.jpeg,"Γεωγραφικά, Ἀστρονομικά","Geographical, Astronomical",,,,Συνέδριον τῶν ἑλληνικῶν συλλόγων. Πρακτικά τῆς Α΄ αὐτοῦ συνελθούσης ἐν Ἀθήναις τῷ 1879,Congress of Greek Associations. Proceedings of its 1st meeting in Athens in 1879,"8ον, σελίδες κδ΄ - 324",30.—,,
1904,IMG_1436.jpeg,"Γεωγραφικά, Ἀστρονομικά","Geographical, Astronomical",,ΨΑΡΑ Π.,Psaras P.,Ὁ Ἀστερόεις Οὐρανός,The Starry Sky,"12ον, σελίδες 148",7.—,,
1904,IMG_1436.jpeg,"Γεωγραφικά, Ἀστρονομικά","Geographical, Astronomical",,ΧΑΣΙΩΤΟΥ Γ. Χ.,Chasiotis G. Ch.,"Περί Δωδώνης, πραγματεία μετά λιθογραφικοῦ πίνακος","On Dodona, treatise with a lithographic plate","8ον, σελίδες η΄ - 136",10.—,,
1904,IMG_1436.jpeg,"Γεωγραφικά, Ἀστρονομικά","Geographical, Astronomical",,ΦΩΤΙΑΔΟΥ Μ. Π.,Fotiadis M. P.,Περιοδεία ἀπό Κωνσταντινουπόλεως εἰς Ἐσκή-Σεχίρ,Tour from Constantinople to Eski-Sehir,σελίδες 89,4.—,,
1904,IMG_1436.jpeg,"Γεωγραφικά, Ἀστρονομικά","Geographical, Astronomical",,ΤΣΟΚΟΠΟΥΛΟΥ Γ.,Tsokopoulos G.,Ταξίδια καί καλλιτεχνικαί περιηγήσεις τοῦ 'Ρεβενδιώτου Κρούσου,Travels and artistic tours of Revendiotis Crusoe,"8ον, σελίδες 878",20.—,,"μετά 65 εἰκόνων, ὑπό Ἰουλίου Φοέ"
1904,IMG_1436.jpeg,"Γεωγραφικά, Ἀστρονομικά","Geographical, Astronomical",,TARDIEU A.,Tardieu A.,"Géographie de Strabon, livre I-VI","Geography of Strabo, books I-VI",page IX-482,48.—,,
1904,IMG_1436.jpeg,"Γεωγραφικά, Ἀστρονομικά","Geographical, Astronomical",,ΣΥΝΝΕΤ Α.,Sinnet A.,"Les Grecs de l'Empire Ottoman, Étude statistique et ethnologique","The Greeks of the Ottoman Empire, Statistical and Ethnological Study","8ον, σελίδες X - 324",5.—,,
1904,IMG_1436.jpeg,"Γεωγραφικά, Ἀστρονομικά","Geographical, Astronomical",,ΣΑΡΡΗ Α. Π.,Sarris A. P.,Ἡ ἀστρονομία διά τόν λαόν,Astronomy for the people,"8ον, σελίδες 151",10.—,,
1904,IMG_1436.jpeg,"Γεωγραφικά, Ἀστρονομικά","Geographical, Astronomical",,ΡΑΠΤΑΡΧΟΥ Ι. Μ.,Raptarchis I. M.,Τό Σύμπαν ἤ τά θαύματα τοῦ ἀστερόεντος οὐρανοῦ,The Universe or the wonders of the starry sky,"8ον, σελ. 676",120.—,,μετ' εἰκόνων
1904,IMG_1436.jpeg,"Γεωγραφικά, Ἀστρονομικά","Geographical, Astronomical",,ΡΑΠΤΑΡΧΟΥ Ι. Μ.,Raptarchis I. M.,"Ὁ ἔναστρος Οὐρανός, ἤτοι Ἐγχειρίδιον Πρακτικῆς Ἀστρονομίας","The Starry Sky, or Handbook of Practical Astronomy","8ον, σελίδες 160",10.—,,
1904,IMG_1436.jpeg,"Γεωγραφικά, Ἀστρονομικά","Geographical, Astronomical",,POUSSIELGUE A.,Poussielgue A.,"Voyage en Chine et en Mongolie de Mr et de Mme de Bourboulon, 1860-61","Voyage in China and Mongolia of Mr. and Mrs. Bourboulon, 1860-61",σελίδες 446,15.—,,
1904,IMG_1436.jpeg,"Γεωγραφικά, Ἀστρονομικά","Geographical, Astronomical",,ΠΟΛΥΖΩΙΔΟΥ Α.,Polyzoidis A.,Τά Γεωγραφικά κατά τό ἐνεστώς καί παρελθόν συγκριτικῶς καί ἐν συναφείᾳ μετά τῆς ἱστορίας τῶν ἐθνῶν,Geographical works compared past and present in connection with the history of nations,"Τόμοι 2, 8ον, σ. ιή΄ - 1225",30.—,,
1904,IMG_1436.jpeg,"Γεωγραφικά, Ἀστρονομικά","Geographical, Astronomical",,ΠΟΛΙΤΟΥ Ν. Γ.,Politis N. G.,Δημοσίαι μεταφοραί,Public transport,"8ον, σελίδες 49",5.—,,
1904,IMG_1436.jpeg,"Γεωγραφικά, Ἀστρονομικά","Geographical, Astronomical",,ΠΑΡΑΣΚΕΥΟΠΟΥΛΟΥ Γ. Π.,Paraskevopoulos G. P.,"Περιηγήσεις ἀνά τήν Ῥωσσίαν, Ῥουμανίαν, Βουλγαρίαν, Σερβίαν, Μαυροβούνιον, Τουρκίαν, Ἀλβανίαν, Πελοπόννησον 1896-1899","Travels through Russia, Romania, Bulgaria, Serbia, Montenegro, Turkey, Albania, Peloponnese 1896-1899",σελίδες η΄ + 560,20.—,,μετά εἰκόνων
1904,IMG_1436.jpeg,"Γεωγραφικά, Ἀστρονομικά","Geographical, Astronomical",,ΠΑΠΑΔΟΠΟΥΛΟΥ Κ. Ν.,Papadopoulos K. N.,Περιηγήσεις εἰς τόν Πόντον,Travels to Pontus,"8ον, σ. 352",25.—,,μετ' εἰκόνων
1904,IMG_1436.jpeg,"Γεωγραφικά, Ἀστρονομικά","Geographical, Astronomical",,ΠΑΝΑ Μ. Η.,Panas M. H.,Περί τοῦ Ἰσθμοῦ τοῦ Κορίνθου,On the Isthmus of Corinth,σελίδες 40,3.—,,
1904,IMG_1436.jpeg,"Γεωγραφικά, Ἀστρονομικά","Geographical, Astronomical",,ΠΑΓΑΝΕΛΗ ΣΤ.,Paganelis St.,"Πέραν τοῦ Ἰσθμοῦ, ταξειδιωτικαί ἐντυπώσεις καί ἀναμνήσεις","Beyond the Isthmus, travel impressions and memories",σελίδες 354,12.—,,
1904,IMG_1437.jpeg,ΙΑΤΡΙΚΑ,Medicine,,ΒΡΟΥΝΕΤΗ,Vrounetis,"Τέχνη μακροβιότητος καὶ αἱ προλήψεις τοῦ κοινοῦ κατὰ τῆς ἰατρικῆς, μετάφρασις Κ. Χ.","The art of longevity and public prejudices against medicine, translation K. Ch.","8ον, σ. 184 +",6.—,,
1904,IMG_1437.jpeg,ΙΑΤΡΙΚΑ,Medicine,,ΓΑΒΑΛΑ Σ. Α.,Gavalas S. A.,"Κλινικὴ διαγνωστικὴ ἐσωτερικῶν νοσημάτων, ἐπὶ τῇ βάσει φυσικῆς ἐξετάσεως, χημικῆς ἀναλύσεως, μικροσκοπικῆς καὶ μικροβιολογικῆς ἐρεύνης","Clinical diagnosis of internal diseases, on the basis of physical examination, chemical analysis, microscopic and microbiological research","8ον, σελίδες 164 +",18.—,,
1904,IMG_1437.jpeg,ΙΑΤΡΙΚΑ,Medicine,,ΓΑΡΦΑΛΙΔΟΥ Γ. Θ.,Garfalidis G. Th.,Ἐγχειρίδιον φαρμακευτικῆς Χημείας,Handbook of Pharmaceutical Chemistry,"8ον, σελ. 288 +",25.—,,
1904,IMG_1437.jpeg,ΙΑΤΡΙΚΑ,Medicine,,ΓΕΩΡΓΑΝΤΟΠΟΥΛΟΥ Ι. Π.,Georgantopoulos I. P.,"Ἱστορία ἔνδ. βλαβῶν, διασκευασθεῖσα ἐκ τοῦ γαλλικοῦ, περὶ τῆς ζωῆς τοῦ ἀνθρώπου καὶ τῶν ζῴων","History of internal lesions, adapted from French, on the life of humans and animals","τόμοι 2, 8ον, σελ. ις' -1572+",60.—,,
1904,IMG_1437.jpeg,ΙΑΤΡΙΚΑ,Medicine,,ΓΕΩΡΓΑΝΤΟΠΟΥΛΟΥ Ι. Π.,Georgantopoulos I. P.,Ἐπιστολαὶ εἰς κοράσιον περὶ τῆς ζωῆς τοῦ ἀνθρώπου καὶ τῶν ζῴων,Letters to a young girl on the life of humans and animals,"σελίδες 280, δεδεμέν.+",20.—,,
1904,IMG_1437.jpeg,ΙΑΤΡΙΚΑ,Medicine,,ΓΡΙΜΑ ΚΑΙ ΝΔΟΥΡΟΣΣΕ,Grima and Ndourosse,"Δοκίμιον περὶ τῆς τοῦ ἀνθρώπου φυσιολογίας, ἐκδοθὲν ὑπὸ ἀνθρώπου φυσιολογίας, ἐκδοθὲν ὑπὸ","Essay on human physiology, published by...",8ον,9,,
1904,IMG_1437.jpeg,ΙΑΤΡΙΚΑ,Medicine,,ΓΕΩΡΓΙΛΑΔΟΥ ΑΛΕΞ. Ι.,Georgilados Alex. I.,"Ἐπιτομὴ ἀνατομικῆς τοῦ ἀνθρώπου. περιέχουσα καὶ ἱστολογίαν καὶ ἐμβρυολογίαν, μετ' εἰκόνων","Epitome of human anatomy, containing histology and embryology, with illustrations","8ον, σ. 624+",50.—,,
1904,IMG_1437.jpeg,ΙΑΤΡΙΚΑ,Medicine,,ΓΕΩΡΓΙΛΑΔΟΥ ΑΛΕΞ. Ι.,Georgilados Alex. I.,"Πρακτικὴ Παιδιατρική, ἢ ἰατρικὴ τῶν μητέρων","Practical Pediatrics, or mothers' medicine","8ον, σ. 676 +",18.—,,
1904,IMG_1437.jpeg,ΙΑΤΡΙΚΑ,Medicine,,ΒΙΤΣΑΡΗ Α.,Vitsaris A.,Τόμος Β': Νόσοι ἐξαρτημάτων τῆς μήτρας. — Τόμος Γ': Ἐπιλόχια νοσήματα,Volume B: Diseases of uterine adnexa. — Volume C: Puerperal diseases,"8ον, σελίδες 155, 8ον, σ. 255",12.—,,Οἱ δύο τόμοι ὁμοῦ
1904,IMG_1437.jpeg,ΙΑΤΡΙΚΑ,Medicine,,ΓΙΑΝΝΗΡΗ ΜΙΧ. Ι.,Gianniris Mich. I.,"Αἱ φρενοπάθειαι ἐν Ἑλλάδι, μελέτη ἐπὶ στατιστικῶν καὶ κλινικῶν παρατηρήσεων","Mental disorders in Greece, study on statistical and clinical observations","8ον, σ. 80 +",6.—,,
1904,IMG_1437.jpeg,ΙΑΤΡΙΚΑ,Medicine,,ΓΕΩΡΓΙΛΑΔΟΥ ΑΛΕΞ. Ι.,Georgilados Alex. I.,Ὁδηγὸς Θεραπευτικῆς καὶ Συνταγολογίου,Guide to Therapeutics and Prescription Writing,"32ον, σελίδες δ' — 478 +",15.—,,
1904,IMG_1437.jpeg,ΙΑΤΡΙΚΑ,Medicine,,ΒΙΤΣΑΡΗ Α.,Vitsaris A.,Ἐγχειρίδιον εἰδικῆς Παθολογίας καὶ Θεραπείας τῶν παίδων,Handbook of special pathology and therapy of children,"μέγα 8ον, σελίδες 666, δεδεμένον +",25.—,,
1904,IMG_1437.jpeg,ΙΑΤΡΙΚΑ,Medicine,,ΑΛΑΒΑΝΟΥ Κ. Ν.,Alavanos K. N.,Ὁδηγὸς πρὸς ἐξέτασιν ἐγκύου γυναικός,Guide to the examination of a pregnant woman,σ. ΙΙΙ + 12,12.—,,
1904,IMG_1437.jpeg,ΙΑΤΡΙΚΑ,Medicine,,ΒΕΓΙΑ Π.,Vegias P.,Πρῶτα καθήκοντα τῆς μητρὸς καὶ αἱ πρῶται περὶ τοῦ τέκνου φροντίδες,First duties of a mother and initial care for the child,σελ. ιβ'—227 +,16.—,,
1904,IMG_1437.jpeg,ΙΑΤΡΙΚΑ,Medicine,,ΑΒΑΖΟΥ Γ. Ν.,Avazos G. N.,"Πρακτικὴ πραγματεία τῶν ὀφθαλμικῶν παθῶν, ὑπὸ Ed. Mayer, διὰ πολλῶν προσθηκῶν ἐπανυξηθεῖσα, μετ' εἰκόνων","Practical treatise on eye diseases, by Ed. Mayer, enlarged with many additions, illustrated","8ον, σελ. 806 + 48",48.—,,
1904,IMG_1437.jpeg,ΙΑΤΡΙΚΑ,Medicine,,ΑΝΤΩΝΙΑΔΟΥ Ν.,Antoniadis N.,"Ἡ ἐπὶ τῆς κλινῆς ἐκτίμησις τῆς ἀξίας τῶν φαρμάκων, ὑπὸ Franz Penzoldt, ἐκ τοῦ γερμανικοῦ, μετὰ σημειώσεων καὶ προσθηκῶν","The clinical evaluation of the value of drugs, by Franz Penzoldt, from German, with notes and additions","8ον, σελίδες 300 +",54.—,,
1904,IMG_1437.jpeg,ΙΑΤΡΙΚΑ,Medicine,,ΒΙΘΥΝΟΥ Μ. Η. καὶ ΣΚΟΥΝΤΖΟΥ Ν. Γ.,Vithynos M. H. and Skountzos N. G.,Συνταγογραφία,Prescription writing / Formulary,"32ον, σελ. 256 +",7.—,,
1904,IMG_1437.jpeg,ΙΑΤΡΙΚΑ,Medicine,,ΑΠΟΣΤΟΛΙΔΟΥ ΣΙΜ.,Apostolidis Sim.,"Αἱ Ψυχώσεις, μελέται ἰατρικαί, κοινωνιολογικαὶ κτλ. περὶ φρενοπαθειῶν","Psychoses, medical and sociological studies etc. on mental illnesses","8ον, σελ. 494 ×",20.—,,
1904,IMG_1437.jpeg,ΙΑΤΡΙΚΑ,Medicine,,ΑΠΟΣΤΟΛΙΔΟΥ ΣΙΜ.,Apostolidis Sim.,"Τοπογραφικὴ φυσιολογία τοῦ φλοιοῦ τοῦ ἐγκεφάλου, μετὰ 40 εἰκόνων","Topographical physiology of the cerebral cortex, with 40 illustrations","8ον, σελίδες 408×",20.—,,
1904,IMG_1437.jpeg,ΙΑΤΡΙΚΑ,Medicine,,ΑΠΟΣΤΟΛΙΔΟΥ Γ. Β.,Apostolidis G. V.,Ἡ λύσσα τοῦ κυνὸς ἐν σχέσει πρὸς τὸν ἄνθρωπον καὶ τὰ λοιπὰ κατοικίδια ζῷα,Canine rabies in relation to humans and other domestic animals,"8ον, σελ. 99 + 10",10.—,,
1904,IMG_1437.jpeg,ΙΑΤΡΙΚΑ,Medicine,,AUVARD A.,Auvard A.,"Μαῖευτικὴ μετὰ 553 εἰκόνων, ἑλληνισθεῖσα ὑπὸ Ἀντ. Καλλιβωκᾶ","Obstetrics with 553 illustrations, translated into Greek by Ant. Kallivokas","τόμοι 2, 8ον, σελίδες 1102 + 108",108.—,,
1904,IMG_1437.jpeg,ΙΑΤΡΙΚΑ,Medicine,,ΑΦΕΝΤΟΥΛΗ Θ.,Afentoulis Th.,"Φαρμακολογία, ἤτοι περὶ φύσεως καὶ δυνάμεως καὶ χρήσεως φαρμάκων","Pharmacology, or on the nature, power and use of medicines","Τόμοι 3, 8ον, σ. ιγ' -1451+",95.—,,
1904,IMG_1437.jpeg,ΙΑΤΡΙΚΑ,Medicine,,BALZAC H. DE,Balzac H. de,Φυσιολογία τοῦ γάμου,Physiology of Marriage,"8ον, σελίδες ιε' —254 +",15.—,,
1904,IMG_1437.jpeg,ΙΑΤΡΙΚΑ,Medicine,,ΒΑΦΑ Γ. Χ.,Vafas G. Ch.,Αἱ Ἀθῆναι ὑπὸ ἰατρικὴν ἔποψιν,Athens from a medical standpoint,"8ον, σελ. 200 +",9.—,,
1904,IMG_1437.jpeg,ΙΑΤΡΙΚΑ,Medicine,,ΑΡΑΒΑΝΤΙΝΟΥ ΑΡ. Π.,Aravantinos Ar. P.,"Τὰ Μικρόβια, ἱστορικὴ καὶ ἀναλυτικὴ μελέτη ἐπὶ τῶν ἀρχῶν καὶ πορισμάτων τῆς νεωτέρας μικροβιολογίας καὶ θεραπευτικῆς","Microbes, a historical and analytical study on the principles and findings of modern microbiology and therapeutics",σ. 303 ×,20.—,,
1904,IMG_1438.jpeg,Ιατρικά,Medical / Medicine,,ΖΩΓΡΑΦΙΔΟΥ Σ. Ι.,Zografidou S. I.,Φυσιογνωμία καὶ φυσιογνωμική,Physiognomy and Physiognomics,"8ον, σ. ἰα'-192",13.—,,
1904,IMG_1438.jpeg,Ιατρικά,Medical / Medicine,,DURAND H.,DURAND H.,Πρακτικὸς Δικαστικῆς Ἰατρικῆς,Practitioner of Forensic Medicine,"4ον, σελίδες 206",25.—,,μετάφρασις Ἀ. Δ. Καλλιδωκά
1904,IMG_1438.jpeg,Ιατρικά,Medical / Medicine,,EMERY E.,EMERY E.,Θεραπεία τῆς Συφιλίδος,Treatment of Syphilis,"8ον, σελίδες 163",12.—,,"μετὰ προλόγου τοῦ καθηγ. A. Fournier, μετάφρασις Ἰ. Σ. Φαραντάτου"
1904,IMG_1438.jpeg,Ιατρικά,Medical / Medicine,,FOURNIER Dr H.,FOURNIER Dr H.,"Τὸ δέφευσθαι, αἴτια αὐτοῦ, διὰ τὴν οἰκογένειαν καὶ τὴν κοινωνίαν κίνδυνοι καὶ δυστυχήματα διὰ τὰ ἄτομα καὶ θεραπεία αὐτῶν","On Masturbation, Its Causes, Dangers and Misfortunes for Family, Society, and Individuals, and Its Treatment",σ. 184,10.—,,"ἐκ τοῦ γαλλικοῦ, ὑπὸ Ἀ. Παπαδοπούλου"
1904,IMG_1438.jpeg,Ιατρικά,Medical / Medicine,,ΖΥΓΟΥΡΑ Ξ. Δ.,Zygoura X. D.,Ὑγιεινὴ τοῦ σώματος καὶ τῆς ψυχῆς,Hygiene of Body and Soul,σελίδες 64,3.—,,
1904,IMG_1438.jpeg,Ιατρικά,Medical / Medicine,,ΖΩΓΡΑΦΙΔΟΥ Σ. Ι.,Zografidou S. I.,Ὑγιεινὴ τῶν νεύρων καὶ τῶν ψυχικῶν λειτουργιῶν,Hygiene of Nerves and Mental Functions,"8ον, σ. 129",12.—,,
1904,IMG_1438.jpeg,Ιατρικά,Medical / Medicine,,DURAND H.,DURAND H.,Πίνακες Συνοπτικοὶ τῆς Φαρμακολογίας καὶ Θεραπευτικῆς,Synoptic Tables of Pharmacology and Therapeutics,"4ον, σελίδες 206",25.—,,μετάφρασις Ἀ. Δ. Καλλιδωκά
1904,IMG_1438.jpeg,Ιατρικά,Medical / Medicine,,GOIZET L. H.,GOIZET L. H.,Ἡ ζωὴ παρατεινομένη διὰ τῆς μεθόδου τοῦ Brown Sequard,Life Extended by the Method of Brown Sequard,σελ. 278,10.—,,ὑπὸ Π. Ἀποστολίδου
1904,IMG_1438.jpeg,Ιατρικά,Medical / Medicine,,GOOD Dr P.,GOOD Dr P.,Ὑγιεινὴ καὶ Ἠθικὴ χάριν τῶν νεανίδων,Hygiene and Ethics for Young Women,"8ον, σελίδες 63",6.—,,μεταφρασθῇ τῇ τοῦ συγγραφέως ἀδείᾳ ὑπὸ Ν. Ἰ. Γενναροπούλου
1904,IMG_1438.jpeg,Ιατρικά,Medical / Medicine,,,,"Ὁ Πρόχειρος Ἰατρός, περιέχων τὰ μέσα τῆς ἐν τῷ οἴκῳ θεραπείας, προφύλαξιν ἀπὸ τῶν ἐπιδημιῶν κτλ., μετὰ πολλῶν συνταγῶν καὶ εἰκόνων","The Ready Physician, Containing Means of Home Treatment, Prevention from Epidemics etc., with Many Prescriptions and Illustrations","μέγα 8ον, σελ. 783",20.—,,
1904,IMG_1438.jpeg,Ιατρικά,Medical / Medicine,,ΙΩΑΝΝΟΥ ΠΑΥΛΟΥ,Ioannou Pavlou,Ἐγχειρίδιον συστηματικῆς ἀνατομίας τοῦ ἀνθρώπου,Handbook of Systematic Human Anatomy,"8ον, σελίδες 871",35.—,,ἔκδ. γ'
1904,IMG_1438.jpeg,Ιατρικά,Medical / Medicine,,ΚΑΛΛΙΒΩΚΑ Α.,Kallivoka A.,Ὁ ἀγὼν κατὰ τῆς φθίσεως,The Fight Against Tuberculosis,"8ον, σ. 128",10.—,,ὑπὸ P. Brouardel
1904,IMG_1438.jpeg,Ιατρικά,Medical / Medicine,,GALOPIN AUG.,GALOPIN AUG.,Ὑγιεινὴ τῆς γυναικὸς ἐν τῷ ἀρώματι καὶ ἡ ὀσφρητικὴ αἴσθησις ἐν τῷ ἔρωτι,Woman's Hygiene in Perfume and the Sense of Smell in Love,"8ον, σελίδες 155",9.—,,μετάφρασις Ι. Σ. Σταματέλου
1904,IMG_1438.jpeg,Ιατρικά,Medical / Medicine,,ΔΙΑΜΑΝΤΟΠΟΥΛΟΥ Γ. Α.,Diamantopoulou G. A.,Ἐγχειρίδιον Μαιευτικῆς,Handbook of Obstetrics,"8ον, σελίδες 79",5.—,,
1904,IMG_1438.jpeg,Ιατρικά,Medical / Medicine,,ΙΩΑΝΝΙΔΟΥ Γ.,Ioannidou G.,Ὁδηγία περί πρακτικῆς καὶ πραγματικῆς θεραπείας τῆς ἐπιδημικῆς ἢ ἀσιατικῆς λεγομένης χολέρας καὶ περὶ προφυλάξεως ἀπ' αὐτῆς,Guide on Practical and Real Treatment of Epidemic or Asiatic Cholera and Prevention Against It,"8ον, σελίδες 23",5.—,,
1904,IMG_1438.jpeg,Ιατρικά,Medical / Medicine,,ΔΙΑΜΑΝΤΟΠΟΥΛΟΥ Α. Θ.,Diamantopoulou A. Th.,Ὁδηγία Ὑγιεινὴ πρὸς τὴν κόσμησιν καὶ μακροβιότητα τοῦ σώματος τοῦ ἀνθρώπου,Hygienic Guide for the Adornment and Longevity of the Human Body,"8ον, σελίδες 68",4.—,,
1904,IMG_1438.jpeg,Ιατρικά,Medical / Medicine,,Μανουήλ,Manouil,Διδύμου,Didymou,"8ον, σ. 478, δεδεμένον",20.—,,"ἐν Κων/πόλει, 1844"
1904,IMG_1438.jpeg,Ιατρικά,Medical / Medicine,,CAW John Mc.,CAW John Mc.,Ἐπίτομος Διαγνωστικὴ καὶ Θεραπευτικὴ τῶν παιδικῶν νοσημάτων,Epitome of Diagnosis and Therapeutics of Children's Diseases,"8ον, σελίδες 296",18.—,,μεταφρασθεῖσα ὑπὸ Ἀ. Ἰ. Γεωργιάδου καὶ Ἰ. Ἀ. Φουστάνου
1904,IMG_1438.jpeg,Ιατρικά,Medical / Medicine,,CAZEAUX P.,CAZEAUX P.,Traité théorique et pratique de l'art des accouchements,Theoretical and Practical Treatise on the Art of Midwifery,"8ον, σελίδες XV-1022, δεδεμένον",30.—,,
1904,IMG_1438.jpeg,Ιατρικά,Medical / Medicine,,CHAVASSE P.,CHAVASSE P.,Στοιχεῖα ἐπιδεσμολογίας,Elements of Bandaging,σελίδες 272,20.—,,"μετάφρασις Χ. Θ. Βασιλάδου, μετὰ 98 εἰκόνων"
1904,IMG_1438.jpeg,Ιατρικά,Medical / Medicine,,CORNY J.,CORNY J.,Τὰ νοσήματα τῶν παίδων,Diseases of Children,"8ον, σελίδες 624",50.—,,μεταφρασθέντα ὑπὸ Ἀ. Γεωργιάδου
1904,IMG_1438.jpeg,Ιατρικά,Medical / Medicine,,CORIVEAUD Dr,CORIVEAUD Dr,Ὑγιεινὴ τῆς οἰκογενείας,Family Hygiene,"8ον, σελίδες 199, δεδεμένον",10.—,,μετάφρασις Ἀ. Ἀ. Ἀντύπα
1904,IMG_1438.jpeg,Ιατρικά,Medical / Medicine,,ΔΙΑΜΑΝΤΟΠΟΥΛΟΥ Α. Θ.,Diamantopoulou A. Th.,Συνέκδημος φύλαξ τῆς ὡραιότητος,Vade-Mecum Guardian of Beauty,σελίδες 142,10.—,,
1904,IMG_1438.jpeg,Ιατρικά,Medical / Medicine,,DEBAT A.,DEBAT A.,"Ὑγιεινὴ τῶν ἡδονῶν καὶ τέρψεων κατὰ τὴν ἰδιοσυγκρασίαν, τὰς ἐποχάς, τὴν ἡλικίαν τοῦ ἀνθρώπου κλπ.","Hygiene of Pleasures and Delights according to Temperament, Seasons, Human Age, etc.","μέγα 8ον, σελίδες 184",6.—,,
1904,IMG_1438.jpeg,Ιατρικά,Medical / Medicine,,DEBAT A.,DEBAT A.,Φιλοσοφία τοῦ γάμου,Philosophy of Marriage,"μέγα 8ον, σ. 182",9.—,,μετάφρασις Θ. Ὀρφανίδου
1904,IMG_1438.jpeg,Ιατρικά,Medical / Medicine,,DEBAT A.,DEBAT A.,Ὑγιεινὴ καὶ φυσιολογία τοῦ γάμου,Hygiene and Physiology of Marriage,σελίδες 240,9.—,,
1904,IMG_1438.jpeg,Ιατρικά,Medical / Medicine,,ΔΕΝΣΜΟΥΡ ΕΜΜΕΤ,Densmore Emmet,Ἡ φυσικὴ τροφὴ τοῦ ἀνθρώπου,The Natural Food of Man,"32ον, σ. 185",5.—,,
1904,IMG_1438.jpeg,Ιατρικά,Medical / Medicine,,DESCHAMPS,DESCHAMPS,Manuel de Pharmacie et Art de Formuler,Manual of Pharmacy and Art of Prescribing,p. 646,10.—,,
1904,IMG_1438.jpeg,Ιατρικά,Medical / Medicine,,DAMASCHINO F.,DAMASCHINO F.,Maladies des voies digestives,Diseases of the Digestive Tract,"8o, p. VI-930",50.—,,"Paris, 1880"
1904,IMG_1439.jpeg,Ἰατρικά,Medical,,ΚΑΤΣΑΡΑ Μ. Κ.,Katsaras M. K.,Παθολογία τῶν νεύρων καὶ ψυχιατρική,Neuropathology and Psychiatry,"Τόμοι δύο, μέγα 8ον, σελίδες η - 1409 +",220.—,,
1904,IMG_1439.jpeg,Ἰατρικά,Medical,,ΚΙΝΔΥΝΗ ΑΝΤ. Ι.,Kindynis Ant. I.,Ἡ στείρωσις παρὰ τῇ γυναικὶ καὶ θεραπεία αὐτῆς,Sterility in Women and its Treatment,σ. 224 +,15.—,,
1904,IMG_1439.jpeg,Ἰατρικά,Medical,,ΚΛΗΜΕΝΤΟΣ Ι.,Klimentos I.,"Ἐγχειρίδιον πρακτικῆς Κτηνιατρικῆς, πρὸς χρῆσιν τῶν γεωργῶν καὶ τῶν χωρικῶν, μετάφρασις Μ. Π. Περίδου","Handbook of Practical Veterinary Medicine, for the use of farmers and villagers, translated by M. P. Peridou","8ον, σ. δ' - 144 X",10.—,,
1904,IMG_1439.jpeg,Ἰατρικά,Medical,,ΚΟΜΜΗΝΟΥ Μ.,Komminos M.,Ὑγιεινὴ τῆς γεννήσεως,Hygiene of Birth,"32ον, σελ. 40 +",3.—,,
1904,IMG_1439.jpeg,Ἰατρικά,Medical,,ΚΟΝΣΟΛΑ Δ. Κ.,Konsolas D. K.,"Πραγματεία πλήρης περὶ Μαευτικῆς, ὑπὸ M. Joulin","Complete Treatise on Obstetrics, by M. Joulin","Τόμοι 3, 8ον, σελίδες ζ' - 1580 +",114.—,,
1904,IMG_1439.jpeg,Ἰατρικά,Medical,,ΚΟΡΑΗ ΑΔΑΜ.,Korais Adam.,"Ἱπποκράτους τὸ περὶ διαίτης ὀξέων καὶ ἀρχαίας ἰατρικῆς, μετὰ σημειώσεων γαλλικῶν (Τῶν μετὰ θάνατον εὑρεθέντων τόμος Ε')","Hippocrates on Regimen in Acute Diseases and Ancient Medicine, with French notes (Posthumous works Volume V)","8ον, σελίδες 183 +",18.—,,
1904,IMG_1439.jpeg,Ἰατρικά,Medical,,KRUGER Dr.,Kruger Dr.,Virus et venins remèdes internes,Viruses and Venoms Internal Remedies,"8ον, p. VIII - 310 X",40.—,,
1904,IMG_1439.jpeg,Ἰατρικά,Medical,,ΚΟΥΝΤΕΣ Κ.,Kountes K.,"Ἐπιτομὴ πρακτικῆς νοσολογίας, μετάφρασις Μιλτ. Παπαϊωάννου","Epitome of Practical Nosology, translated by Milt. Papaioannou","8ον, σελίδες 740 +",75.—,,
1904,IMG_1439.jpeg,Ἰατρικά,Medical,,ΚΥΡΙΑΖΙΔΟΥ Κ.,Kyriazidis K.,"Ὁδηγὸς τῶν μητέρων, ἤτοι ὑγιεινὴ τῶν βρεφῶν, ἐπὶ τῇ βάσει τῶν δοκιμωτέρων παιδιατρικῶν συγγραμμάτων, μετ' εἰκόνων","Mothers' Guide, or Infant Hygiene, based on the most approved pediatric writings, with illustrations",σ. η' - 223 +,15.—,,
1904,IMG_1439.jpeg,Ἰατρικά,Medical,,ΚΩΝΣΤΑΝΤΙΝΙΔΟΥ Π.,Konstantinidis P.,Θεραπευτικὴ πρακτικὴ τῶν κυνῶν,Therapeutic Practice of Dogs,σελ. 174 +,9.—,,
1904,IMG_1439.jpeg,Ἰατρικά,Medical,,ΚΑΤΑΝΩΦ Λ. Π.,Katanof L. P.,Ἰατρικὴ Ἐγκυκλοπαιδεία,Medical Encyclopedia,,,,Incomplete entry at bottom of column
1904,IMG_1439.jpeg,Ἰατρικά,Medical,,ΚΑΣΤΟΡΙΑΔΟΥ Σ.,Kastoriadis S.,Μακροβιότης καὶ τὰ πρὸς ἀπόκτησιν αὐτῆς μέσα,Longevity and the Means to Attain It,"8ον, σελίδες δ' - 211 +",10.—,,
1904,IMG_1439.jpeg,Ἰατρικά,Medical,,ΚΟΡΩΜΗΛΑ Γ. Π.,Koromilas G. P.,Περὶ φλεγμονῆς καὶ ἀποστημάτων τῶν κοιλιακῶν τοιχωμάτων,On Inflammation and Abscesses of the Abdominal Walls,"8ον, σελίδες 116 +",10.—,,
1904,IMG_1439.jpeg,Ἰατρικά,Medical,,ΚΑΡΕΚΛΗ Δ. Ι.,Kareklis D. I.,"Γυναικολογία, μετὰ 120 εἰκόνων","Gynecology, with 120 illustrations","8ον, σ. ε' - 480 +",35.—,,
1904,IMG_1439.jpeg,Ἰατρικά,Medical,,ΚΟΥΝΕ ΛΟΥΔ. Η.,Koune Loud. H.,"Ἡ νέα Θεραπευτική, στηριζομένη ἐπὶ τῆς ἀρχῆς τῆς ἑνότητος ὅλων τῶν ἀσθενειῶν, ἐγχειρίδιον καὶ σύμβουλος τῶν ὑγιῶν καὶ ἀσθενῶν","The New Therapeutics, based on the principle of the unity of all diseases, handbook and advisor for the healthy and sick","8ον, σελίδες 440 +",18.—,,
1904,IMG_1439.jpeg,Ἰατρικά,Medical,,ΚΑΡΔΑΡΑ ΤΙΜ.,Kardaras Tim.,Ἰατρικὴ Πρακτικὴ τῶν Οἰκογενειῶν,Practical Family Medicine,"Τόμοι 2, σελ. 536 +",25.—,,
1904,IMG_1439.jpeg,Ἰατρικά,Medical,,ΚΑΡΔΑΡΑ ΤΙΜ.,Kardaras Tim.,Πρακτικὴ Ἰατρικὴ τῶν Οἰκογενειῶν,Practical Family Medicine,"8ον, σελίδες 448 +",10.—,,
1904,IMG_1439.jpeg,Ἰατρικά,Medical,,ΚΑΛΛΙΒΩΚΑ Α.,Kallivoka A.,"Πρακτικὴ Ἰατρικὴ τῶν συνφιλιδικῶν παθῶν, μετὰ οδηγιῶν καὶ πολλῶν συνταγῶν καὶ εἰκόνων","Practical Medicine of Syphilitic Diseases, with instructions and many prescriptions and illustrations","8ον, σελίδες 245 +",10.—,,
1904,IMG_1439.jpeg,Ἰατρικά,Medical,,ΚΑΛΛΙΒΩΚΑ Α.,Kallivoka A.,Φαρμακολογίας ἐπιτομή,Epitome of Pharmacology,"μέγα 8ον, σελ. 390 +",20.—,,
1904,IMG_1439.jpeg,Ἰατρικά,Medical,,ΚΑΛΛΙΒΩΚΑ καὶ ΠΟΤΑΜΙΑΝΟΥ,Kallivoka and Potamianos,"Ἰατροδικαστική, μεθ' ἑρμηνείας τῶν σχετικῶν νόμων, διατάξεων κλπ., περιέχουσα καὶ τοξικολογίαν καὶ ὑγειονομικὴν νομοθεσίαν","Forensic Medicine, with interpretation of relevant laws, provisions etc., including toxicology and sanitary legislation","8ον, σελ. 775 +",48.—,,
1904,IMG_1439.jpeg,Ἰατρικά,Medical,,ΚΑΛΛΙΚΟΥΝΗ Ν. Δ.,Kallikounis N. D.,"Ἡ Ὀροθεραπεία, κατὰ μετάφρασιν Σ. Ι. Ζωγραφίδου","Serotherapy, translated by S. I. Zografidou","8ον, σελίδες ι' - 91 +",7.20,,
1904,IMG_1439.jpeg,Ἰατρικά,Medical,,ΚΑΛΛΙΚΟΥΝΗ Ν. Δ.,Kallikounis N. D.,"Φυματίωσις, αἰτιολογία, ἔγκαιρος διάγνωσις, θεραπεία","Tuberculosis, Etiology, Early Diagnosis, Treatment","8ον, σ. 154 + 15",15.—,,
1904,IMG_1439.jpeg,Ἰατρικά,Medical,,ΚΑΛΛΙΒΩΚΑ Α.,Kallivoka A.,Ὑγιεινὴ τῆς καλλονῆς (κατὰ Monin),Hygiene of Beauty (after Monin),σελ. 108 +,5.—,,
1904,IMG_1439.jpeg,Ἰατρικά,Medical,,ΚΑΛΛΙΟΝΤΖΗ ΕΥΑΓΓ.,Kalliontzis Evang.,Ἐγχειρητικὴ,Operative Surgery,"Τόμοι 4, 8ον, σελίδες 1676, μετ' εἰκόνων +",216.—,,
1904,IMG_1439.jpeg,Ἰατρικά,Medical,,ΚΑΝΑΒΑΤΣΟΓΛΟΥ Χ.,Kanavatsoglou Ch.,Ἐπιτομὴ μικροβιολογίας καὶ μέθοδος ἀνευρέσεως τῶν παθογόνων μικροβίων. Μέρος Α',Epitome of Microbiology and Method of Detecting Pathogenic Microbes. Part I,"8ον, σελ. 101",10.—,,
1904,IMG_1439.jpeg,Ἰατρικά,Medical,,ΚΑΡΑΒΑΣΙΛΗ Σ. Α.,Karavasilis S. A.,Περὶ τῶν συγγενέστερων καὶ βαρυτέρων νοσημάτων τῆς παιδικῆς ἡλικίας. Τεῦχος Α',On the Most Common and Severe Diseases of Childhood. Issue I,"8ον, σελ. 152",15.—,,
1904,IMG_1439.jpeg,Ἰατρικά,Medical,,ΚΑΡΔΑΜΑΤΗ Κ. Π.,Kardamatis K. P.,"Περὶ αὐνανισμοῦ, τῶν ἀποτελεσμάτων καὶ θεραπείας αὐτοῦ","On Masturbation, its Consequences and Treatment",σελίδες 172 +,9.—,,
1904,IMG_1439.jpeg,Ἰατρικά,Medical,,ΚΑΡΑΒΙΑ Ι. Ε.,Karavias I. E.,"Περὶ Ὀροθεραπείας, ἐπὶ τῇ βάσει διαφόρων εἰδικῶν ξένων συγγραφῶν","On Serotherapy, Based on Various Specialized Foreign Writings","8ον, σελ. η' - ΙΙΙ +",16.—,,
1904,IMG_1439.jpeg,Ἰατρικά,Medical,,ΚΑΛΛΙΟΝΤΖΗ ΕΥΑΓΓ.,Kalliontzis Evang.,"Τοπογραφικὴ ἀνατομικὴ τοῦ ἀνθρώπου, μετ' εἰκόνων","Topographic Anatomy of Man, with illustrations","8ον, σελίδες 452 +",60.—,,
1904,IMG_1440.jpeg,Ιατρικά,Medical Books,,ΜΠΑΛΙΚΗ ΟΥΙΛΛΙΑΜ,Blaikie William,"Γερὰ σώματα διὰ τὰ ἀγόρια καὶ τὰ κορίτσια μας, μὲ εἰκόνας, μετάφρασις Ἀ. Παπαδιαμάντη","Sound bodies for our boys and girls, with illustrations, translation by A. Papadiamantis",σελίδες 293,9.—,,
1904,IMG_1440.jpeg,Ιατρικά,Medical Books,,ΜΑΛΑΝΔΡΙΝΟΥ Χ. Ε.,Malandrinou Ch. E.,Γαστρεντερίτιδες παρὰ τῇ πρώτη παιδικῇ ἡλικίᾳ,Gastroenteritis in early childhood,"8ον, σελίδες 192",18.—,,
1904,IMG_1440.jpeg,Ιατρικά,Medical Books,,MANSON PATRICK,Manson Patrick,"Τὰ Νοσήματα τῶν θερμῶν χωρῶν, μεταφρασθέντα ὑπὸ Ἰ. Φουστάνου καὶ Ἀ. Ἰ. Γεωργιάδου, τόμος Α' μετὰ 35 εἰκόνων","Tropical Diseases, translated by I. Foustanos and A. I. Georgiadis, volume A with 35 illustrations","8ον, σ. 454",24.—,,
1904,IMG_1440.jpeg,Ιατρικά,Medical Books,,MANTEGAZZA P.,Mantegazza P.,"Στοιχεῖα Ὑγιεινῆς, μετάφρ. Γ. Ν. Ἀξελοῦ","Elements of Hygiene, translated by G. N. Axelos","8ον, σελ. 300",18.—,,
1904,IMG_1440.jpeg,Ιατρικά,Medical Books,,MANQUAT A.,Manquat A.,"Στοιχεῖα Φαρμακολογίας, Θεραπευτικῆς καὶ Ἰατρικῆς Ὕλης, κατὰ μετάφρασιν Ἀ. Δ. Καλλιβωκᾶ καὶ Ἰ. Ἐ. Καραβία, μετὰ εἰσαγωγῆς ὑπὸ Ν. Καλλικούνη","Elements of Pharmacology, Therapeutics and Materia Medica, translated by A. D. Kallivokas and I. E. Karavias, with introduction by N. Kallikounis","Τόμοι 3, μέγα 8ον, σελίδες 15' — 2104",70.—,,
1904,IMG_1440.jpeg,Ιατρικά,Medical Books,,MITATEYH THN. AX.,Mitateyh Thn. Ax.,"Οἱ Ἔκφυλοι, μετὰ προλόγου τοῦ κ. Jean B. Charcot, καὶ 42 προσωπογραφιῶν καὶ ἄλλων σωματικῶν τῆς ἐκφυλίσεως στιγμάτων","The Degenerates, with a preface by Mr. Jean B. Charcot, and 42 portraits and other physical stigmata of degeneration","8ον, σελίδες 15' — 152",16.—,,
1904,IMG_1440.jpeg,Ιατρικά,Medical Books,,ΜΑΥΡΑΚΗ ΓΝ.,Mavrakis Gn.,Ἐγχειρίδιον Ὑγιεινῆς τοῦ ἀθλητοῦ,Handbook of Athlete's Hygiene,"32ον, σ. 82",5.—,,
1904,IMG_1440.jpeg,Ιατρικά,Medical Books,,ΜΙΧΑΛΟΠΟΥΛΟΥ Θ. Ι.,Michalopoulos Th. I.,Πρὸς τί αἱ ψυχώσεις; ἤτοι τὰ ὑλιστικὰ φιλοσοφήματα καὶ αἱ φυσικαὶ ἐπιστῆμαι,"Why psychoses? That is, materialistic philosophies and natural sciences","8ον, σελ. 50",5.—,,
1904,IMG_1440.jpeg,Ιατρικά,Medical Books,,ΜΠΑΛΑΝΟΥ Δ. ΣΠ.,Balanos D. Sp.,Στατιστικὴ ἔκθεσις περὶ τῶν νοσηλευθέντων ἀρρώστων κατὰ τὸ ἔτος 1892-93,Statistical report on patients treated during the year 1892-93,"8ον, σ. 146",10.—,,
1904,IMG_1440.jpeg,Ιατρικά,Medical Books,,LYON GASTON,Lyon Gaston,"Πλήρης Θεραπευτικὴ ἐφαρμοσμένη, μεταφρασθεῖσα ἐκ τῆς ἐκδόσεως τοῦ 1899 ὑπὸ Ἰ. Ἐ. Καραβία, Ἰ. Παπαβασιλείου, Ἀ. Καλλιβωκᾶ καὶ Γ. Ἀβάζου","Complete Applied Therapeutics, translated from the 1899 edition by J. E. Karavias, J. Papavasileiou, A. Kallivokas, and G. Avazos","τόμοι 2, 8ον, σελίδες 1600",150.—,,
1904,IMG_1440.jpeg,Ιατρικά,Medical Books,,MANQUAT A.,Manquat A.,"Στοιχεῖα Φαρμακολογίας, Ἰατρικῆς ὕλης καὶ Θεραπευτικῆς, μετάφρασις Ἀ. Ἰ. Γεωργιάδου","Elements of Pharmacology, Materia Medica and Therapeutics, translated by A. I. Georgiadis","Τόμοι 3, σελίδες 5' — 2105",50.—,,
1904,IMG_1440.jpeg,Ιατρικά,Medical Books,,LUTAUD A.,Lutaud A.,"Ἡ στείρωσις τῆς γυναικὸς καὶ ἡ ἰατροχειρουργικὴ αὐτῆς θεραπεία, μετάφρ. Μ. Ν. Καΐρη","Female sterility and its medico-surgical treatment, translated by M. N. Kairis","8ον, σ. 194",15.—,,
1904,IMG_1440.jpeg,Ιατρικά,Medical Books,,LEFERT PAUL,Lefert Paul,"Ἐπιτομὴ Γενικῆς Παθολογίας καὶ Βακτηριολογίας, μετάφρασις Ν. Γ. Μακρίδου","Epitome of General Pathology and Bacteriology, translated by N. G. Makridis","8ον, σ. 296",20.—,,
1904,IMG_1440.jpeg,Ιατρικά,Medical Books,,LEFERT PAUL,Lefert Paul,"Ἐπιτομὴ Φυσιολογίας, μετάφρ. Ν. Γ. Μακρίδου","Epitome of Physiology, translated by N. G. Makridis","8ον, σ. 382",25.—,,
1904,IMG_1440.jpeg,Ιατρικά,Medical Books,,LESSER ED.,Lesser Ed.,"Ἀφροδίσια Νοσήματα, μετάφρασις Σ. Ζωγραφίδου καὶ Ἀ. Γεωργιάδου","Venereal Diseases, translated by S. Zografidis and A. Georgiadis","8ον, σελίδες 400",40.—,,
1904,IMG_1440.jpeg,Ιατρικά,Medical Books,,ΛΑΜΠΑΔΑΡΙΟΥ ΝΙΚ.,Lampadarios Nik.,"Περὶ θεραπείας καὶ ὀργανοθεραπείας παρὰ τοῖς ἀρχαίοις ἕλλησιν ἰατροῖς, πρὸς δὲ τούτοις περὶ τῆς παρ' αὐτοῖς ἀντιλυσσικῆς καὶ ἀντιλεπρώδους θεραπείας","On therapeutics and organotherapy among ancient Greek physicians, and also on their anti-rabies and anti-leprosy therapy","8ον, σελ. 80",6.—,,
1904,IMG_1440.jpeg,Ιατρικά,Medical Books,,ΛΑΜΠΡΟΥ Κ. Π. Ι.,Lamprou K. P. I.,"Ἔκθεσις τῶν πεπραγμένων ἀπὸ 1 Σεπτεμβρίου 1889 - 31 Αὐγούστου 1890 τῆς χειρουργικῆς κλινικῆς τοῦ Ἐθνικοῦ Πανεπιστημίου, τῆς διευθυνομένης ὑπὸ Θεοδώρου Ἀρεταίου, μετὰ 44 εἰκόνων","Report of activities from 1 September 1889 - 31 August 1890 of the surgical clinic of the National University, directed by Theodoros Aretaeos, with 44 illustrations","μέγα 8ον, σ. 479",25.—,,
1904,IMG_1440.jpeg,Ιατρικά,Medical Books,,ΛΑΜΠΡΟΥ Κ. Π. Ι.,Lamprou K. P. I.,Ἰδιοπαθεῖς καὶ χειρουργικῶν μυοξοίδημα καὶ συγγενῆ νοσήματα,Idiopathic and surgical myxedema and congenital diseases,"8ον, σελίδες 83",15.—,,
1904,IMG_1440.jpeg,Ιατρικά,Medical Books,,,,ἤτοι Πρακτικὸς Ἰατρικὸς Ὁδηγὸς μετὰ εἰκόνων,Practical Medical Guide with illustrations,"32ον, σ. 415",3.—,,Bound in cloth (πανδόβ.)
1904,IMG_1440.jpeg,Ιατρικά,Medical Books,,LANARAS Dr,Lanaras Dr,Mémoire sur le choléra asiatique de 1894 à Samsoun,Memoir on the Asiatic cholera of 1894 at Samsun,"8ov, σελ. 32",5.—,,Text in French
1904,IMG_1440.jpeg,Ιατρικά,Medical Books,,ΛΑΝΔΕΡΕΡ Ξ.,Landerer X.,Στοιχεῖα παθολογικοχημικῆς καὶ μικροσκοπικῆς ἐξετάσεως,Elements of pathologico-chemical and microscopic examination,"8ον, σελίδες 103",8.—,,
1904,IMG_1440.jpeg,Ιατρικά,Medical Books,,LAVERAN A.,Laveran A.,"Ἐγχειρίδιον περὶ ἑλειογενῶν νοσημάτων, κατὰ μετάφρασιν Εὐαγ. Εὐστρ. Ἀρφάνη","Handbook on malarial diseases, translated by Evag. Efstr. Arfanis","8ον, σ. 432",30.—,,
1904,IMG_1440.jpeg,Ιατρικά,Medical Books,,LEBEL A.,Lebel A.,"Ἐγκόλπιον τῶν νέων, ἤτοι Πρακτικὸς Ὁδηγὸς τῶν ἀφροδισίων καὶ συφιλιδικῶν νοσημάτων, μετάφρασις Γ. Μολοχάδη καὶ Μ. Κουτουβάλη","Vade-mecum for youth, or Practical Guide to venereal and syphilitic diseases, translation by G. Molochadis and M. Koutouvalis",σελίδες 128,7.—,,
1904,IMG_1440.jpeg,Ιατρικά,Medical Books,,LANARAS Dr,Lanaras Dr,Étude sur les propriétés thérapeutiques de l'eau dans les maladies aiguës,Study on the therapeutic properties of water in acute diseases,"8o, p. 23",5.—,,Text in French
1904,IMG_1441.jpeg,Ιατρικά,Medical,,ΠΕΛ Π. Κ.,Pel P. K.,"Εἰσαγωγική, ἤτοι ἡ τέχνη τοῦ νὰ ζῇ τις ὑγιὴς καὶ εὐτυχὴς καὶ ν' ἀποφεύγῃ τὰς ἀσθενείας","Introductory, or the art of living healthy and happy and avoiding illnesses","8ον, σ. 48",3.—,,
1904,IMG_1441.jpeg,Ιατρικά,Medical,,ROBIN ALBERT,ROBIN ALBERT,"Πλήρης σύστημα θεραπευτικῆς ἐφηρμοσμένης, μετάφρασις Ἀντ. A. Καλλιβωκά","Complete system of applied therapeutics, translation by Ant. A. Kallivoka","8ον, ἕκαστ. τόμ.",18.—,,Includes volumes A'-IЕ' covering various organ systems and diseases.
1904,IMG_1441.jpeg,Ιατρικά,Medical,,ΠΥΡΡΟΥ Δ.,Pyrrou D.,"Ἐγκόλπιον τῶν ἰατρῶν, πρακτικὴ ἰατρικὴ τῶν οἰκογενειῶν","Handbook for physicians, practical family medicine","Τόμοι 3, 8ον, σελίδες 528",25.—,,
1904,IMG_1441.jpeg,Ιατρικά,Medical,,ΠΥΡΛΑ Ι. Π.,Pyrla I. P.,Μεγάλη Ὑγιεινή,Great Hygiene,"ἔκδ. β', 8ον, σελίδες μι'—624",15.—,,
1904,IMG_1441.jpeg,Ιατρικά,Medical,,PSALIDAS M.,PSALIDAS M.,Étude clinique et histologique sur le lymphadénome en général et en particulier sur une forme rare observée dans la mamelle,Clinical and histological study on lymphadenoma in general and in particular on a rare form observed in the breast,"8ov, selides 79",15.—,,
1904,IMG_1441.jpeg,Ιατρικά,Medical,,PRÉTERRE & ΚΑΛΛΙΒΩΚΑ,PRÉTERRE & Kallivoka,Ἐγκόλπιον Ὀδοντοϊατρικῆς,Vade mecum / Handbook of Dentistry,"μετ' εἰκόνων, 8ον, σελίδες 124",10.—,,
1904,IMG_1441.jpeg,Ιατρικά,Medical,,POUILLET,POUILLET,"Τὸ διεφθαρμένον παρὰ τῇ γυναικί, μετάφρασις Κ. Γ. Λαμέρα","On corruption/debauchery in woman, translation by K. G. Lameras","8ον, σελίδες 110",6.—,,
1904,IMG_1441.jpeg,Ιατρικά,Medical,,ΠΕΡΙΦΑΝΑΚΗ ΕΜΜ.,Perifanaki Emm.,Πρακτικὴ Ἐγχειριστικὴ μετὰ 74 εἰκόνων,Practical Surgery with 74 illustrations,"8ον, σ. 300",24.—,,
1904,IMG_1441.jpeg,Ιατρικά,Medical,,ΠΑΣΠΑΤΗ Α. Γ.,Paspati A. G.,Ὑπόμνημα περὶ τοῦ γραικικοῦ νοσοκομείου τῶν Ἑστὰ Πύργων,Memoir on the Greek Hospital of Yedi Kule (Seven Towers),"8ον, σελ. 447 (σπάνιον)",50.—,,
1904,IMG_1441.jpeg,Ιατρικά,Medical,,PROUST & BALLET,PROUST & BALLET,"Περὶ νευρασθενείας ὑγιεινὴ καὶ θεραπεία αὐτῆς, κατὰ μετάφρασιν Ὀρέστου Δαλέζιου","On neurasthenia, its hygiene and therapy, translated by Orestis Dalezios","8ον, σελίδες 174",20.—,,
1904,IMG_1441.jpeg,Ιατρικά,Medical,,ΠΑΠΑΘΑΝΑΣΟΠΟΥΛΟΥ Μ.,Papathanasopoulou M.,"Ὑγιεινὴ τῶν ὤτων.— Ἀκουστικαὶ ἀσκήσεις, οἱ κωφάλαλοι","Hygiene of the ears.— Auditory exercises, deaf-mutes","8ον, σελίδες 64",12.—,,
1904,IMG_1441.jpeg,Ιατρικά,Medical,,ΠΑΠΑΔΑΚΗ Α. Ε.,Papadaki A. E.,Προφυλακτικὰ μέτρα κατὰ τῶν λοιμικῶν νοσημάτων,Preventive measures against infectious diseases,"8ον, σελίδες ιε'—414",35.—,,
1904,IMG_1441.jpeg,Ιατρικά,Medical,,ΠΑΠΑΔΑΚΗ Α. Ε.,Papadaki A. E.,Θεραπευτικὴ τῶν νοσημάτων καὶ δηλητηριάσεων μετὰ ποσολογίας τῶν νέων φαρμάκων,Therapeutics of diseases and poisonings with posology of new drugs,"32ον, σελ. 368, πανδόδετον",5.—,,
1904,IMG_1441.jpeg,Ιατρικά,Medical,,ΠΑΝΑ Γ. Η.,Pana G. I.,"Τὰ ἀπόκρυφα τῆς ὡραιότητος τοῦ σώματος καὶ τοῦ προσώπου, πραγματεία ὑγιεινῆς φυσιογνωμίας καὶ καλλωπισμοῦ","Secrets of body and facial beauty, a treatise on hygienic physiognomy and cosmetics",σελ. δεδεμ.,10.—,,
1904,IMG_1441.jpeg,Ιατρικά,Medical,,ΠΑΝΑ Α. Β.,Pana A. V.,"Τὸ φρικτὸν πάθος τῶν νέων, ἤτοι ὁ αὐνανισμὸς καὶ τὰ θύματά του","The terrible passion of youth, namely masturbation and its victims","32ον, σελ. 128",2.—,,
1904,IMG_1441.jpeg,Ιατρικά,Medical,,ΠΑΠΠΙΝΗ Κ. καὶ ΨΑΛΤΟΥ Δ. Β.,Pappini K. and Psaltou D. V.,"Ἡ ἰατρικὴ ἐν τῇ πράξει, ἐπιτομὴ ἐφηρμοσμένης θεραπευτικῆς, ὑπὸ J. Grasset, μεταφρασθεῖσα καὶ διὰ πλείστων προσθηκῶν ἐπαυξηθεῖσα","Medicine in practice, epitome of applied therapeutics, by J. Grasset, translated and enlarged with numerous additions","σ. η'—315, δεδ.",20.—,,
1904,IMG_1441.jpeg,Ιατρικά,Medical,,ΠΑΝΑ Α. Β.,Pana A. V.,"Περὶ τῶν νόσων τῆς Ἀφροδίτης, προφυλάξεως καὶ θεραπείας αὐτῶν","On venereal diseases, their prevention and treatment","32ον, σελ. 320",3.20,,
1904,IMG_1441.jpeg,Ιατρικά,Medical,,ΟΛΥΜΠΙΟΥ Ι.,Olympiou I.,Ἐγχειρίδιον περὶ τῆς σωματικῆς ἀνατροφῆς τῶν παιδίων,Manual on the physical upbringing of children,"8ον, σελ. 5'—126",5.—,,
1904,IMG_1441.jpeg,Ιατρικά,Medical,,ΟΙΚΟΝΟΜΟΥ Γ. Α.,Oikonomou G. A.,Περὶ ἐλλείψεως αἱμοσφαιρινουρίας,On hemoglobinuria deficiency,"8ον, σελ. 200",14.—,,
1904,IMG_1441.jpeg,Ιατρικά,Medical,,NIEMEYER F. DE,NIEMEYER F. DE,Traité de pathologie interne et de thérapeutique,Treatise on Internal Pathology and Therapeutics,"vol. 2, pages XII-1830 rél.",50.—,,
1904,IMG_1442.jpeg,Ἰατρικά,Medical Books,,ΧΡΗΣΤΟΒΙΤΣ Α. Δ.,Christovits A. D.,Τιτθεία ἢ Θήλασις καὶ διατροφὴ τῶν βρεφῶν,Wet-nursing or Breastfeeding and infant nutrition,"8ον, σελίδες 48 X",5.—,Δρχ.,
1904,IMG_1442.jpeg,Ἰατρικά,Medical Books,,ΧΡΗΣΤΙΔΟΥ Α.,Christides A.,"Ἡ Λεχώ, ἤτοι πῶς πρέπει νὰ περιποιώμεθα καὶ προφυλάσσωμεν τὰς λεχωίδας καὶ τὰ νεογνά","The Puerperal Woman, or how we ought to care for and protect post-partum women and newborns",σελίδες 56 X,5.—,Δρχ.,
1904,IMG_1442.jpeg,Ἰατρικά,Medical Books,,ΧΡΗΣΤΙΔΟΥ Α.,Christides A.,"Ἀρχαία Ἑλληνικὴ Γυναικειολογία, ἤτοι ἀνατομία, φυσιολογία, νοσολογία καὶ θεραπεία τῶν γυναικείων γεννητικῶν ὀργάνων","Ancient Greek Gynecology, or anatomy, physiology, nosology, and treatment of female reproductive organs","8ον, σ. 224 ✛",20.—,Δρχ.,
1904,IMG_1442.jpeg,Ἰατρικά,Medical Books,,ΧΑΡΜΑΝΤΑ Δ.,Charmantas D.,"Ἀνθρωπογονία, ἤτοι περὶ τῶν αἰτίων τῆς στειρώσεως καὶ ἀνικανότητος καὶ περὶ θεραπείας αὐτῶν","Anthropogony, or on the causes of infertility and impotence and their treatment","8ον, σελίδες 324 ✛",10.—,Δρχ.,
1904,IMG_1442.jpeg,Ἰατρικά,Medical Books,,ΧΑΡΑΜΗ Λ. Ι.,Charamis L. I.,"Ἡ ἀληθὴς θεραπεία τῆς ψαμμιάσεως ἢ τὰ μέσα, δι' ὧν προλαμβάνεται αὕτη, καθὼς καὶ ὁ σχηματισμὸς τῶν λίθων ἐν τῇ κύστει","The true treatment of gravel (psammiasis) or the means by which it is prevented, as well as the formation of stones in the bladder","32ον, σελίδες 58 +",4.—,Δρχ.,
1904,IMG_1442.jpeg,Ἰατρικά,Medical Books,,ΦΩΚΑ ΓΕΡΑΣΙΜΟΥ,Phokas Gerasimos,Ἡ Γρίπη (Influenza) παρ' Ἱπποκράτει,Flu (Influenza) according to Hippocrates,"8ον, σ. η'-50 +",6.—,Δρχ.,
1904,IMG_1442.jpeg,Ἰατρικά,Medical Books,,ΦΩΤΙΑΔΟΥ Φ. Δ.,Photiades Ph. D.,"Ἀνακοινώσεις περὶ νοσημάτων τῆς ῥινός, τοῦ φάρυγγος καὶ τοῦ λάρυγγος","Announcements on diseases of the nose, pharynx, and larynx","8ον, σελ. 55 X ..",20.—,Δρχ.,
1904,IMG_1442.jpeg,Ἰατρικά,Medical Books,,ΦΟΥΣΤΑΝΟΥ Ι. Α.,Foustanos I. A.,"Ὑπνωτισμὸς ἢ ζωικὸς μαγνητισμός, μετὰ παραρτήματος περὶ μαγείας καὶ πνευματισμοῦ","Hypnotism or animal magnetism, with an appendix on magic and spiritualism","8ον, σελίδες 122 +",10.—,Δρχ.,
1904,IMG_1442.jpeg,Ἰατρικά,Medical Books,,ΦΛΩΡΑ Θ. Χ.,Flora Th. Ch.,Τὸ βιβλίον τῆς ὑγείας,The book of health,σελίδες 144 +,4.—,Δρχ.,
1904,IMG_1442.jpeg,Ἰατρικά,Medical Books,,ΦΙΝΓΓΕΡ Ε.,Finger E.,"Ἡ σύφιλις καὶ τὰ ἀφροδίσια νοσήματα, ἐξελληνισθὲν ὑπὸ Χρ. Γ. Ῥάλλη, μετὰ πινάκων","Syphilis and venereal diseases, translated into Greek by Chr. G. Rallis, with plates","8ον, σελίδες 358 +",60.—,Δρχ.,
1904,IMG_1442.jpeg,Ἰατρικά,Medical Books,,ΦΙΛΛΩ,Phillo,"Πρακτικὸν ἐγχειρίδιον περὶ ἀφροδισιακῶν νόσων (γαλλικῶν νοσημάτων) βλεννορραγίας καὶ συφιλίτιδος, μετάφρασις Γ. Πολυχρονιάδου","Practical manual on venereal diseases (French diseases) gonorrhea and syphilis, translation by G. Polychroniadou","32ον, σελίδες 128 +",5.—,Δρχ.,
1904,IMG_1442.jpeg,Ἰατρικά,Medical Books,,,,...βάντος τραυματιζομένους,...injured persons (continuation from previous page),"8ον, σελίδες 14 +",2.—,Δρχ.,"Incomplete title, continued from previous page"
1904,IMG_1442.jpeg,Ἰατρικά,Medical Books,,ΦΟΥΣΤΑΝΟΥ Ι. Α.,Foustanos I. A.,Θεραπευτικὸς Ὁδηγὸς τῶν νέων καὶ νεωτάτων φαρμάκων,Therapeutic Guide to new and newest medicines,"8ον, σελίδες 342 +",20.—,Δρχ.,
1904,IMG_1443.jpeg,Ἰατρικά,Medical Books,,ΤΣΟΧΩΝΗ Δ. Β.,Tsochonis D. V.,Πρακτικὸν ἐγχειρίδιον θεραπευτικῆς,Practical Handbook of Therapeutics,"12ον, σ. ζ΄-512",33,drachmas,
1904,IMG_1443.jpeg,Ἰατρικά,Medical Books,,ΤΥΠΑΛΔΟΥ Ι. Ε.,Typaldos I. E.,"Ἐπιτομὴ θεραπευτικῆς τῶν ἐσωτερικῶν νοσημάτων (Μέρος Α': Νόσοι τῶν ἀναπνευστικῶν ὀργάνων, Μέρος Β': Νόσοι τῆς καταλλαγῆς τῆς ὕλης, Μέρος Γ': Νόσοι τῶν πεπτικῶν ὀργάνων, Μέρος Δ': Θεραπεία τῶν νόσων τοῦ νευρικοῦ συστήματος)","Epitome of Therapeutics of Internal Diseases (Part A: Diseases of respiratory organs, Part B: Metabolic diseases, Part C: Digestive organ diseases, Part D: Treatment of nervous system diseases)","Τόμοι 4, μέγα 8ον, σελίδες η΄-1358",35,drachmas,Price per volume: Έκαστος τόμος 35
1904,IMG_1443.jpeg,Ἰατρικά,Medical Books,,VAUCAIRE R.,Vaucaire R.,"Ἐγχειρίδιον θεραπευτικῆς τῶν νοσημάτων τῶν γυναικῶν καὶ μαιευτικῆς ἀντισηψίας, μεταφρασθὲν ὑπὸ Ἀν. Τσέλιου","Handbook of Therapeutics of Diseases of Women and Obstetric Antisepsis, translated by An. Tselios",σελ. 297,14,drachmas,
1904,IMG_1443.jpeg,Ἰατρικά,Medical Books,,VERESSAIFF Dr,Veressaiff Dr,"Δάθη καὶ ἀπροσεξίαι τῶν ἰατρῶν, μετάφρασις Σ. Ζωγραφίδου","Errors and Carelessness of Doctors, translation by S. Zografidou","8ον, σελ. 161",10,drachmas,Title contains misspelling Δάθη (for Λάθη)
1904,IMG_1443.jpeg,Ἰατρικά,Medical Books,,VIAULT & JOLYER,Viault & Jolyer,"Φυσιολογία τοῦ ἀνθρώπου, μετὰ πολλῶν εἰκόνων, μετάφρασις Ἀ. Γεωργιάδου","Human Physiology, with many images, translation by A. Georgiadis","8ον, σελίδες 970",90,drachmas,
1904,IMG_1443.jpeg,Ἰατρικά,Medical Books,,ΦΕΡΡΑΝ Ε.,Ferran E.,"Πρῶται βοήθειαι εἰς δηλητηριασθέντας, πνιγέντας καὶ ἀσφυκτικούς, μετάφρασις Β. Ἰ. Τιφτικτζόγλου καὶ Ἰ. Ν. Μηνιάτου","First Aid for Poisoned, Drowned, and Asphyxiated Persons, translation by V. I. Tiftiktzoglou and I. N. Miniatos",σ. η΄-190,10,drachmas,
1904,IMG_1443.jpeg,Ἰατρικά,Medical Books,,VILLEROY Dr,Villeroy Dr,"Πίνακες συνοπτικοὶ τῆς χειρουργικῆς Παθολογίας, μετάφρασις Ὀρέστου Κυριακοῦ","Summary Tables of Surgical Pathology, translation by Orestis Kyriakos","4ον, σελ. 178",25,drachmas,
1904,IMG_1443.jpeg,Ἰατρικά,Medical Books,,ΦΙΛΙΠΠΑΚΟΠΟΥΛΟΥ Η.,Filippakopoulos I.,Ἡ πρώτη βοήθεια πρὸς τοὺς ἐξ ἀπροόπτου τινὸς συμ-,First Aid for Sudden Emergency...,,,,Incomplete entry at the bottom of the page
1904,IMG_1443.jpeg,Ἰατρικά,Medical Books,,ΦΙΛΑΡΕΤΟΠΟΥΛΟΥ Γ. Λ.,Filaretopoulos G. L.,Τὸ Βιβλίον τῆς Καλλονῆς,The Book of Beauty,"32ον, σ. 185",15,drachmas,πανόδετον (clothbound)
1904,IMG_1443.jpeg,Ἰατρικά,Medical Books,,ΦΙΛΑΡΕΤΟΠΟΥΛΟΥ Γ. Λ.,Filaretopoulos G. L.,Ἡ προφύλαξις τῶν ἀφροδισίων παθῶν,The Prevention of Venereal Diseases,"8ον, σελ. 79",12,drachmas,
1904,IMG_1443.jpeg,Ἰατρικά,Medical Books,,VILLEROY Dr,Villeroy Dr,"Πίνακες συνοπτικοὶ τῆς Εἰδικῆς Νοσολογίας, μετάφρασις Χ. Μοσχονησίου","Summary Tables of Special Pathology, translation by Ch. Moschonisios","4ον, σελ. δ΄-212",25,drachmas,
1904,IMG_1443.jpeg,Ἰατρικά,Medical Books,,ΤΣΑΚΥΡΟΓΛΟΥ Μ.,Tsakyroglou M.,"Περὶ τῆς ῥιζικῆς ἐγχειρήσεως, ἤτοι περὶ τῆς νέας μεθόδου τῆς διανοίξεως τῶν μεσαίων ὠτικῶν κοιλοτήτων","On Radical Surgery, or on the new method of opening the middle ear cavities","8ον, σελ. 96",6,drachmas,
1904,IMG_1443.jpeg,Ἰατρικά,Medical Books,,WINKELMANN KARL,Winkelmann Karl,"Αἱ πρῶται βοήθειαι ἐπὶ βαρέων τραυμάτων, κατὰ μετάφρασιν Γ. Κ. Σταυρίδου","First Aid for Severe Injuries, translated by G. K. Stavridis","8ον, σελίδες 130",6,drachmas,
1904,IMG_1443.jpeg,Ἰατρικά,Medical Books,,ΤΡΙΑΝΤΗ Α. Π.,Triantis A. P.,"Ἐγχειρίδιον Μαιευτικῆς, μετὰ 40 εἰκόνων","Handbook of Obstetrics, with 40 images","8ον, σελ. 395",45,drachmas,
1904,IMG_1443.jpeg,Ἰατρικά,Medical Books,,ΤΣΑΚΙΡΗ Σ. Δ.,Tsakiris S. D.,Ἡ σύγχρονος ἰατρικὴ ἐπιστήμη καὶ ἡ πρόληψις τῶν νόσων (μετ' εἰσαγωγῆς περὶ τῆς ἐξελίξεως τῆς ἀληθείας ἐν τῇ ἰατρικῇ ἐπιστήμῃ),Modern Medical Science and the Prevention of Diseases (with an introduction on the evolution of truth in medical science),"μέγα 8ον, σελίδες 207",10,drachmas,
1904,IMG_1443.jpeg,Ἰατρικά,Medical Books,,RUNGE MAX Dr,Runge Max Dr,"Μαιευτική, μετά 112 εἰκόνων, μετάφρασις Κ. Δ. Χατζίσκου","Obstetrics, with 112 images, translation by K. D. Chatziskos","μέγα 8ον, σελίδες ιε΄-629",30,drachmas,
1904,IMG_1443.jpeg,Ἰατρικά,Medical Books,,ΣΑΚΟΡΡΑΦΟΥ Μ.,Sakorrafos M.,"Ἐπιτομὴ Γενικῆς Παθολογίας, ἤτοι περὶ τῶν αἰτιῶν ἀνατομικῶν ἀλλοιώσεων, σημειωτικῆς καὶ θεραπευτικῆς τῶν νόσων ἐν γένει","Epitome of General Pathology, or on the causes of anatomical alterations, semiotics and therapeutics of diseases in general","τόμοι 2, 8ον, σελίδες ϛ΄-879",80,drachmas,
1904,IMG_1443.jpeg,Ἰατρικά,Medical Books,,ΣΙΜΟΥ Α.,Simos A.,Χολέρα,Cholera,"8ον, σ. 159",20,drachmas,
1904,IMG_1443.jpeg,Ἰατρικά,Medical Books,,ΣΙΜΩΝΟΣ ΓΟΥΣΤΑΥΟΥ,Simon Gustave,Ἡ τέχνη τοῦ ζῆν,The Art of Living,σελίδες 399,7,drachmas,
1904,IMG_1443.jpeg,Ἰατρικά,Medical Books,,ΣΕΜΜΟΛΑ Μ.,Semmola M.,"Ἰατρικὴ παλαιὰ καὶ νέα, μετάφρασις Ἀ. Ἑ. Δάλλα","Old and New Medicine, translation by A. E. Dallas","μέγα 8ον, σελίδες 62",10,drachmas,
1904,IMG_1443.jpeg,Ἰατρικά,Medical Books,,STRÜMPEL A.,Strümpell A.,"Ὀξεῖαι λοιμώδεις νόσοι, κατὰ μετάφρασιν Ἀ. Καλλιβωκᾶ","Acute Infectious Diseases, translated by A. Kallivokas","8ον, σ. 222",15,drachmas,
1904,IMG_1443.jpeg,Ἰατρικά,Medical Books,,ΤΑΣΟΥΛΗ Δ. Γ.,Tasoulis D. G.,Πραγματεία περὶ ἐπιζωοτιῶν,Treatise on Epizootics,"8ον, σελ. 109",10,drachmas,
1904,IMG_1443.jpeg,Ἰατρικά,Medical Books,,TILLAUX P.,Tillaux P.,"Κλινικὴ χειρουργικὴ Παθολογία, ἐξελληνισθεῖσα ὑπὸ Ἀ. Καλλιβωκᾶ, μετ' εἰκόνων","Clinical Surgical Pathology, translated into Greek by A. Kallivokas, with images","Τόμοι 2, σελίδες 1500",120,drachmas,
1904,IMG_1443.jpeg,Ἰατρικά,Medical Books,,ΤΡΑΜΠΑΔΩΡΟΥ Α. Γ.,Trampadoros A. G.,Κίνδυνος καὶ προφύλαξις ἐκ τῶν ἀφροδισίων παθῶν,Danger and Prevention of Venereal Diseases,"32ον, σελίδες 69",3,drachmas,
1904,IMG_1443.jpeg,Ἰατρικά,Medical Books,,STRÜMPEL A.,Strümpell A.,"Εἰδικὴ Νοσολογία καὶ Θεραπευτική, ἐξελληνισθεῖσα ὑπὸ Ἀ. Κυριακοῦ, Ἀ. Χριστομάνου, Λ. Κόκορη καὶ Κ. Μέρμηγκα","Special Pathology and Therapeutics, translated into Greek by A. Kyriakos, A. Christomanos, L. Kokoris and K. Mermingas","Τόμοι 3, μέγα 8ον, σελίδες 2064",180,drachmas,
1904,IMG_1444.jpeg,ΝΟΜΙΚΑ ΚΑΙ ΠΟΛΙΤΙΚΑ,Legal and Political,,ΔΕΛΗΓΕΩΡΓΗ ΕΠ.,Deligeorgis Ep.,Λόγοι Πολιτικοὶ 1863—1871. Μέρος Α΄,Political Speeches 1863-1871. Part A,"4ον, σελ. 450",15.—,Δρ.,
1904,IMG_1444.jpeg,ΝΟΜΙΚΑ ΚΑΙ ΠΟΛΙΤΙΚΑ,Legal and Political,,ΓΕΔΕΩΝ Μ.,Gedeon M.,"Κανονικαὶ διατάξεις. Ἐπιστολαί, Λύσεις, Θεσπίσματα τῶν Πατριαρχῶν Κωνσταντινουπόλεως ἀπὸ Γρηγορίου τοῦ Θεολόγου μέχρι Διονυσίου τοῦ ἀπὸ Ἀδριανουπόλεως","Canonical decrees. Letters, Decisions, Ordinances of the Patriarchs of Constantinople from Gregory the Theologian to Dionysius of Adrianople","Τόμοι 2, μέγα 8ον, σελίδες β΄—893 ++",50.—,Δρ.,
1904,IMG_1444.jpeg,ΝΟΜΙΚΑ ΚΑΙ ΠΟΛΙΤΙΚΑ,Legal and Political,,ΓΕΔΕΩΝ Μ.,Gedeon M.,Γενικοὶ Κανονισμοὶ τῶν Πατριαρχείων,General Regulations of the Patriarchates,σελίδες 70,5.—,Δρ.,
1904,IMG_1444.jpeg,ΝΟΜΙΚΑ ΚΑΙ ΠΟΛΙΤΙΚΑ,Legal and Political,,ΓΛΑΡΑΚΗ Α.,Glarakis A.,Πολιτικὴ ἀποκέντρωσις,Political Decentralization,"8ον, σελ. ιδ΄—297...",10.—,Δρ.,
1904,IMG_1444.jpeg,ΝΟΜΙΚΑ ΚΑΙ ΠΟΛΙΤΙΚΑ,Legal and Political,,ΔΙΠΛΑΡΟΠΟΥΛΟΥ Ι.,Diplaropoulos I.,Πραγματεία περὶ συμβολαίων καὶ συμβολαιογραφικῶν πράξεων,Treatise on contracts and notarial acts,"8ον, σελ. 127 +",15.—,Δρ.,
1904,IMG_1444.jpeg,ΝΟΜΙΚΑ ΚΑΙ ΠΟΛΙΤΙΚΑ,Legal and Political,Ἑλληνικοὶ Κώδικες,ΔΥΟΒΟΥΝΙΩΤΟΥ Γ.,Dyovouniotis G.,Ἑλληνικοὶ Κώδικες: Διπλωματικὴ καὶ Προξενικὴ Νομοθεσία,Greek Codes: Diplomatic and Consular Legislation,"12ον, σελ. 747",38.—,Δρ.,
1904,IMG_1444.jpeg,ΝΟΜΙΚΑ ΚΑΙ ΠΟΛΙΤΙΚΑ,Legal and Political,Ἑλληνικοὶ Κώδικες,ΔΥΟΒΟΥΝΙΩΤΟΥ Γ.,Dyovouniotis G.,Ἑλληνικοὶ Κώδικες: Δημοτικὴ Νομοθεσία,Greek Codes: Municipal Legislation,"12ον, σελ. 172",15.—,Δρ.,
1904,IMG_1444.jpeg,ΝΟΜΙΚΑ ΚΑΙ ΠΟΛΙΤΙΚΑ,Legal and Political,Ἑλληνικοὶ Κώδικες,ΔΥΟΒΟΥΝΙΩΤΟΥ Γ.,Dyovouniotis G.,"Ἑλληνικοὶ Κώδικες: Διεθνὴς ἔλεγχος, Δημόσιον χρέος, Μονοπώλιον","Greek Codes: International control, Public debt, Monopoly","12ον, σελ. 372",20.—,Δρ.,
1904,IMG_1444.jpeg,ΝΟΜΙΚΑ ΚΑΙ ΠΟΛΙΤΙΚΑ,Legal and Political,Ἑλληνικοὶ Κώδικες,ΔΥΟΒΟΥΝΙΩΤΟΥ Γ.,Dyovouniotis G.,Ἑλληνικοὶ Κώδικες: Δικαστικὸς Ὀργανισμός,Greek Codes: Judicial Organization,"12ον, σ. 381",20.—,Δρ.,
1904,IMG_1444.jpeg,ΝΟΜΙΚΑ ΚΑΙ ΠΟΛΙΤΙΚΑ,Legal and Political,Ἑλληνικοὶ Κώδικες,ΔΥΟΒΟΥΝΙΩΤΟΥ Γ.,Dyovouniotis G.,Ἑλληνικοὶ Κώδικες: Διοικητικὴ Ἐκτέλεσις,Greek Codes: Administrative Enforcement,"12ον, σελ. 367",20.—,Δρ.,
1904,IMG_1444.jpeg,ΝΟΜΙΚΑ ΚΑΙ ΠΟΛΙΤΙΚΑ,Legal and Political,Ἑλληνικοὶ Κώδικες,ΔΥΟΒΟΥΝΙΩΤΟΥ Γ.,Dyovouniotis G.,Ἑλληνικοὶ Κώδικες: Ἀστικοὶ Νόμοι,Greek Codes: Civil Laws,"12ον, σελ. 1302",72.—,Δρ.,
1904,IMG_1444.jpeg,ΝΟΜΙΚΑ ΚΑΙ ΠΟΛΙΤΙΚΑ,Legal and Political,,ΒΕΛΟΝΑΚΗ Μ. Ν.,Velonakis M. N.,"Συλλογὴ ἁπάντων τῶν ἑλληνικῶν νόμων, διαταγμάτων, διατάξεων, κανονισμῶν κτλ.","Collection of all Greek laws, decrees, provisions, regulations, etc.","8ον, σελίδες ε΄—322 +",20.—,Δρ.,
1904,IMG_1444.jpeg,ΝΟΜΙΚΑ ΚΑΙ ΠΟΛΙΤΙΚΑ,Legal and Political,,ΓΑΪΤΑ Π.,Gaitas P.,Στοιχεῖα τοῦ πολιτικοῦ δικαίου,Elements of Civil Law,"8ον, σελ. ϛ΄—339...",10.—,Δρ.,
1904,IMG_1444.jpeg,ΝΟΜΙΚΑ ΚΑΙ ΠΟΛΙΤΙΚΑ,Legal and Political,,ΑΡΓΥΡΟΥ ΑΘ.,Argyros Ath.,"Οἰκογενειακὸν Δίκαιον, γραφὲν περιληπτικῶς ἐπὶ τῇ βάσει τοῦ συγγράμματος τοῦ Ἀ. Χ. Κρασσᾶ","Family Law, written summarily on the basis of the work of A. Ch. Krassas","8ον, σ. 160+",12.—,Δρ.,
1904,IMG_1444.jpeg,ΝΟΜΙΚΑ ΚΑΙ ΠΟΛΙΤΙΚΑ,Legal and Political,,ΒΛΑΒΗ ΣΤ. Α.,Vlavis St. A.,Περὶ τοῦ καταλογισμοῦ τῆς πράξεως τῆς ἐλευθέρας ἐν τῇ αἰτίᾳ,On the imputation of the action free in its cause,"8ον, σελίδες 96+",15.—,Δρ.,
1904,IMG_1444.jpeg,ΝΟΜΙΚΑ ΚΑΙ ΠΟΛΙΤΙΚΑ,Legal and Political,,ΑΝΤΩΝΙΑΔΟΥ Σ.,Antoniadou S.,"Τὰ Δημοτικά, ἤτοι βιβλίον περιέχον τὸν δημοτικὸν νόμον ἐξηγημένον, μετάφρασιν τῆς θεωρίας τοῦ δημοτικοῦ δικαίου","Municipal affairs, or a book containing the municipal law explained, translation of the theory of municipal law","8ον, σελίδες ι΄—384—127 +",15.—,Δρ.,
1904,IMG_1444.jpeg,ΝΟΜΙΚΑ ΚΑΙ ΠΟΛΙΤΙΚΑ,Legal and Political,,ΑΡΑΒΑΝΤΙΝΟΥ Ι.,Aravantinos I.,Πραγματεία περὶ εὐθύνης τῶν ἡγεμόνων καὶ τῶν ὑπουργῶν,Treatise on the liability of rulers and ministers,"8ον, σελίδες 376+",12.—,Δρ.,
1904,IMG_1444.jpeg,ΝΟΜΙΚΑ ΚΑΙ ΠΟΛΙΤΙΚΑ,Legal and Political,,ΑΡΓΥΡΟΥ ΑΘ.,Argyros Ath.,"Γενικαὶ Ἀρχαὶ τοῦ Ἀστικοῦ Δικαίου, γραφεῖσαι περιληπτικῶς ἐπὶ τῇ βάσει τοῦ συγγράμματος τοῦ Ἀ. Χ. Κρασσᾶ","General Principles of Civil Law, written summarily on the basis of the work of A. Ch. Krassas","8ον, σελίδες 135 +",12.—,Δρ.,
1904,IMG_1444.jpeg,ΝΟΜΙΚΑ ΚΑΙ ΠΟΛΙΤΙΚΑ,Legal and Political,,ΑΡΓΥΡΟΥ ΑΘ.,Argyros Ath.,"Διοικητικὸν Δίκαιον, γραφὲν περιληπτικῶς κατὰ τὸ σύγγραμμα τοῦ Γ. Ἀγγελοπούλου","Administrative Law, written summarily according to the work of G. Angelopoulos","8ον, σελ. 166 +",20.—,Δρ.,
1904,IMG_1444.jpeg,ΝΟΜΙΚΑ ΚΑΙ ΠΟΛΙΤΙΚΑ,Legal and Political,,ΑΡΓΥΡΟΥ ΑΘ.,Argyros Ath.,"Γενικαὶ ἀρχαὶ τῆς Πολιτικῆς Οἰκονομίας, περιληπτικῶς γραφεῖσαι κατὰ τὸ σύγγραμμα τοῦ Ν. Καζάζη","General principles of Political Economy, written summarily according to the work of N. Kazazis","8ον, σελ. 103+",9.—,Δρ.,
1904,IMG_1444.jpeg,ΝΟΜΙΚΑ ΚΑΙ ΠΟΛΙΤΙΚΑ,Legal and Political,,ΑΡΓΥΡΟΥ ΑΘ.,Argyros Ath.,"Ἐμπράγματον Δίκαιον, κατὰ τὰς παραδόσεις τοῦ Δ. Θεοφανοπούλου, καὶ ἐξ ἄλλων πηγῶν","Property Law, according to the lectures of D. Theofanopoulos, and from other sources","8ον, σ. 127 +",11.—,Δρ.,
1904,IMG_1444.jpeg,ΝΟΜΙΚΑ ΚΑΙ ΠΟΛΙΤΙΚΑ,Legal and Political,,ΑΡΓΥΡΟΥ ΑΘ.,Argyros Ath.,"Ἐνοχικὸν Δίκαιον, γραφὲν κατὰ τὰς παραδόσεις τοῦ Δ. Θεοφανοπούλου καὶ ἐξ ἄλλων πηγῶν","Law of Obligations, written according to the lectures of D. Theofanopoulos and from other sources","8ον, σ. 160 +",12.—,Δρ.,
1904,IMG_1444.jpeg,ΝΟΜΙΚΑ ΚΑΙ ΠΟΛΙΤΙΚΑ,Legal and Political,,ΑΡΓΥΡΟΥ ΑΘ.,Argyros Ath.,Ἐπιτομὴ Πολιτικῆς Δικονομίας,Epitome of Civil Procedure,"8ον, σελίδες 360 +",20.—,Δρ.,
1904,IMG_1444.jpeg,ΝΟΜΙΚΑ ΚΑΙ ΠΟΛΙΤΙΚΑ,Legal and Political,,ΑΡΓΥΡΟΥ ΑΘ.,Argyros Ath.,"Κληρονομικὸν Δίκαιον, γραφὲν περιληπτικῶς ἐπὶ τῇ βάσει τοῦ συγγράμματος τοῦ Ἀ. Χ. Κρασσᾶ","Inheritance Law, written summarily on the basis of the work of A. Ch. Krassas","8ον, σ. 136+",12.—,Δρ.,
1904,IMG_1444.jpeg,ΝΟΜΙΚΑ ΚΑΙ ΠΟΛΙΤΙΚΑ,Legal and Political,,ΑΡΓΥΡΟΥ ΑΘ.,Argyros Ath.,"Ἐμπορικὸν Δίκαιον, γραφὲν περιληπτικῶς ἐπὶ τῇ βάσει τοῦ συγγράμματος Γ. Ῥάλλη","Commercial Law, written summarily on the basis of the work of G. Rallis","8ον, σελίδες 384 +",30.—,Δρ.,
1904,IMG_1445.jpeg,"Νομικά, Πολιτικά","Legal, Political",,ΘΕΟΧΑΡΗ Σ. Κ.,Theocharis S. K.,"Στοιχεῖα τοῦ Ἐμπορικοῦ Δικαίου, ἐπὶ τὸ πρακτικώτερον ἑρμηνευόμενα","Elements of Commercial Law, practically interpreted","8ον, σελ. β΄-320",20,Δρ.,
1904,IMG_1445.jpeg,"Νομικά, Πολιτικά","Legal, Political",,ΘΕΟΦΑΝΟΠΟΥΛΟΥ Δ.,Theophanopoulos D.,Ἐμπράγματον Δίκαιον κατὰ τὰς παραδόσεις του,Property Law according to his lectures,"8ον, σελίδες 279",10,Δρ.,
1904,IMG_1445.jpeg,"Νομικά, Πολιτικά","Legal, Political",,ΘΕΟΦΑΝΟΠΟΥΛΟΥ Δ.,Theophanopoulos D.,Κληρονομικὸν Δίκαιον κατὰ τὰς παραδόσεις του,Inheritance Law according to his lectures,"8ον, σ. 240",10,Δρ.,
1904,IMG_1445.jpeg,"Νομικά, Πολιτικά","Legal, Political",,ΚΑΡΑΤΖΑ ΝΕΟΚ. Γ.,Karatzas Neok. G.,"Δικαστικὴ Πρακτική. Τόμος Α΄: Ποινικὴ Δικονομία, μετὰ τῶν σχετικῶν ὑποδειγμάτων, ἐν ᾗ προσαρτᾶται ἰατροδικαστικὴ πραγματεία μετ' ἰατροδικαστικῶν ἐκθέσεων","Judicial Practice. Volume I: Criminal Procedure, with relevant templates, including a forensic treatise with forensic reports","8ον, σελ. β΄-472",35,Δρ.,
1904,IMG_1445.jpeg,"Νομικά, Πολιτικά","Legal, Political",,"ΘΕΟΦΙΛΟΥ, ἐπισκόπου Καμπανίας","Theophilos, Bishop of Kampania",Πρόχειρον Νομικόν,Handbook of Law (Procheiron Nomikon),"8ον, σ. 301",17,Δρ.,
1904,IMG_1445.jpeg,"Νομικά, Πολιτικά","Legal, Political",,ΚΑΖΑΖΗ ΝΕΟΚΛΕΟΥΣ,Kazazis Neoklis,Ἐγκυκλοπαιδεία καὶ Μεθοδολογία τοῦ Δικαίου,Encyclopedia and Methodology of Law,"μέγα 8ον, σελίδες 360",40,Δρ.,
1904,IMG_1445.jpeg,"Νομικά, Πολιτικά","Legal, Political",,ΚΑΡΑΒΟΚΥΡΟΥ ΜΙΛΤΙΑΔΟΥ,Karavokyros Miltiadis,"Κῶδιξ τοῦ οἰκογενειακοῦ δικαίου, ἤτοι Συλλογὴ πρόχειρος κωδικοποιηθεῖσα τῆς συνήθους νομοθεσίας περὶ μνηστείας, γάμου καὶ λύσεως αὐτῶν, περὶ συστάσεως, λήψεως καὶ ἐπιστροφῆς προικὸς καὶ τραχώματος, συμφῳδὰ τῷ Σερῇ καὶ τῷ ἰσχύοντι Βυζαντινῷ Δικαίῳ, μετὰ παραθέσεως τῶν σχετικῶν ἐπισήμων κειμένων","Code of Family Law, i.e., Handook Collection Codifying Common Legislation on Betrothal, Marriage and Dissolution thereof, on Dower and Trakhoma, in accordance with Sharia and Byzantine Law, with references to official texts","32ον, σελ.",75,Δρ.,
1904,IMG_1445.jpeg,"Νομικά, Πολιτικά","Legal, Political",,ΚΑΛΛΙΓΑ Π.,Kalligas P.,"Σύστημα Ῥωμαϊκοῦ Δικαίου καθὰ ἐν Ἑλλάδι πολιτεύεται, πλὴν τῶν Ἰονίων νήσων. Τόμος Γ΄","System of Roman Law as Enforced in Greece, Except for the Ionian Islands. Volume III","8ον, σελ. δ΄-912",48,Δρ.,
1904,IMG_1445.jpeg,"Νομικά, Πολιτικά","Legal, Political",,ΚΑΛΛΙΓΑ Π.,Kalligas P.,"Σύστημα Ῥωμαϊκοῦ Δικαίου καθὰ ἐν Ἑλλάδι πολιτεύεται, πλὴν τῶν Ἰονίων νήσων. Τόμος Ε΄","System of Roman Law as Enforced in Greece, Except for the Ionian Islands. Volume V","8ον, σελ. δ΄-594",36,Δρ.,
1904,IMG_1445.jpeg,"Νομικά, Πολιτικά","Legal, Political",,ΚΑΡΑΒΟΚΥΡΟΥ ΜΙΛΤΙΑΔΟΥ,Karavokyros Miltiadis,Κλεὶς τῆς συνήθους ὀθωμανικῆς νομοθεσίας,Key to Common Ottoman Legislation,"8ον, σελίδες ιβ΄-492, δεδεμένον",120,Δρ.,
1904,IMG_1445.jpeg,"Νομικά, Πολιτικά","Legal, Political",,ΚΑΡΑΒΟΚΥΡΟΥ ΜΙΛΤΙΑΔΟΥ,Karavokyros Miltiadis,"Κῶδιξ Κληρονομικοῦ Δικαίου, ἐξ ἀδιαθέτου καὶ ἐκ διαθηκῶν, ἤτοι Συλλογὴ τῆς συνήθους νομοθεσίας περὶ κληρονομιῶν συμφῳδὰ τῷ Σερῇ καὶ τῷ ἐν τοῖς πατριαρχικοῖς θρόνοις ἰσχύοντι Βυζαντινῷ Δικαίῳ","Code of Inheritance Law, Intestate and Testamentary, i.e., Collection of Common Legislation on Inheritance in accordance with Sharia and Byzantine Law in force in Patriarchal Thrones","32ον, σελίδες ιϐ΄—455",75,Δρ.,
1904,IMG_1445.jpeg,"Νομικά, Πολιτικά","Legal, Political",,ΚΑΡΑΒΟΚΥΡΟΥ ΜΙΛΤΙΑΔΟΥ,Karavokyros Miltiadis,Le Droit successorai en Turquie ab-intestat et par testament codifié d'après le Chéri et le Droit Byzantin,Inheritance Law in Turkey Intestate and Testamentary Codified according to Sharia and Byzantine Law,"8ον, σελίδες 214",50,Δρ.,
1904,IMG_1445.jpeg,"Νομικά, Πολιτικά","Legal, Political",,ΘΕΟΤΟΚΑ Μ. Γ.,Theotokas M. G.,"Νομολογία τοῦ Οἰκουμενικοῦ Πατριαρχείου, ἤτοι τῆς Ἱ. Συνόδου καὶ τοῦ Δ. Ἐ. Μ. Συμβουλίου ἐπὶ τοῦ Ἀστικοῦ Κανονικοῦ καὶ Δικονομικοῦ Δικαίου ἀπὸ τοῦ ἔτους 1800 μέχρι τοῦ 1896· μετὰ σημειώσεων","Jurisprudence of the Ecumenical Patriarchate, i.e. of the Holy Synod and the Permanent Mixed Council on Civil Canonical and Procedural Law from 1800 to 1896; with notes","8ον, σελ. 519",48,Δρ.,
1904,IMG_1445.jpeg,"Νομικά, Πολιτικά","Legal, Political",,ΚΑΚΟΥΛΙΔΟΥ Α. Ι.,Kakoulidis A. I.,Συλλογὴ τῶν κατὰ τὴν Γ΄ Σύνοδον τῆς Δ΄ βουλευτικῆς περιόδου ἐκδοθέντων ἑλληνικῶν νόμων,Collection of Greek Laws Issued During the 3rd Session of the 4th Parliamentary Period,"σελίδες 349, δεδεμένη",20,Δρ.,
1904,IMG_1445.jpeg,"Νομικά, Πολιτικά","Legal, Political",,GLASSON E.,Glasson E.,"Στοιχεῖα τοῦ ἀστικοῦ καὶ δημοσίου γαλλικοῦ δικαίου, μετάφρασις Π. Σ. Φωτιάδου","Elements of French Civil and Public Law, translated by P. S. Photiadis","8ον, σ. ιθ΄-752",30,Δρ.,
1904,IMG_1445.jpeg,"Νομικά, Πολιτικά","Legal, Political",Ἑλληνικοὶ Κώδικες,ΔΥΟΒΟΥΝΙΩΤΟΥ Γ.,Dyovouniotis G.,Τελωνειακὴ Νομοθεσία,Customs Legislation,σ. 294,16,Δρ.,
1904,IMG_1445.jpeg,"Νομικά, Πολιτικά","Legal, Political",,ΕΛΕΥΘΕΡΙΑΔΟΥ Π. Ν.,Eleftheriadis P. N.,"Ἡ ἀκίνητος ἰδιοκτησία ἐν Τουρκίᾳ. Τὸ σύστημα τῆς ἀκινήτου ἐν Τουρκίᾳ ἰδιοκτησίας. Αἱ τρεῖς κατηγορίαι τῶν ἀκινήτων κτημάτων. Μούλκια, Βακούφια, Δημόσιαι γαῖαι καὶ ὑποδιαιρέσεις αὐτῶν, γεδίκια κτλ. Ἑρμηνεία καὶ ἀνάλυσις τῶν τὰ ἀκίνητα διεπόντων νόμων","Real Estate Property in Turkey. The System of Real Estate Property in Turkey. The Three Categories of Real Estate Properties. Mulk, Waqf, Public Lands and their Subdivisions, Gedik, etc. Interpretation and Analysis of Laws Governing Real Estate","8ον, σελίδες 223",12,Δρ.,
1904,IMG_1445.jpeg,"Νομικά, Πολιτικά","Legal, Political",,ΖΕΖΑ ΣΠ.,Zezas Sp.,Κονωνικαὶ Μελέται. Τόμος Α΄,Social Studies. Volume I,"8ον, σελ. μδ΄—488",25,Δρ.,
1904,IMG_1445.jpeg,"Νομικά, Πολιτικά","Legal, Political",Ἑλληνικοὶ Κώδικες,ΔΥΟΒΟΥΝΙΩΤΟΥ Γ.,Dyovouniotis G.,"Ἐλεγκτικὸν Συνέδριον, Δημόσιον Λογιστικόν, Συντάξεις","Court of Audit, Public Accounting, Pensions",σελ. 532,32,Δρ.,
1904,IMG_1445.jpeg,"Νομικά, Πολιτικά","Legal, Political",Ἑλληνικοὶ Κώδικες,ΔΥΟΒΟΥΝΙΩΤΟΥ Γ.,Dyovouniotis G.,Ἑλληνικὴ Ἐκκλησία,Greek Church,σελ. 203,15,Δρ.,
1904,IMG_1445.jpeg,"Νομικά, Πολιτικά","Legal, Political",Ἑλληνικοὶ Κώδικες,ΔΥΟΒΟΥΝΙΩΤΟΥ Γ.,Dyovouniotis G.,Ἐμπορικὴ Νομοθεσία,Commercial Legislation,σ. 1152,65,Δρ.,
1904,IMG_1445.jpeg,"Νομικά, Πολιτικά","Legal, Political",Ἑλληνικοὶ Κώδικες,ΔΥΟΒΟΥΝΙΩΤΟΥ Γ.,Dyovouniotis G.,Ἰόνιος Πολιτικὸς Κῶδιξ,Ionian Civil Code,σ. 788,43,Δρ.,
1904,IMG_1445.jpeg,"Νομικά, Πολιτικά","Legal, Political",Ἑλληνικοὶ Κώδικες,ΔΥΟΒΟΥΝΙΩΤΟΥ Γ.,Dyovouniotis G.,"Ὁδοποιΐα, Οἰκοδόμησις πόλεων, Δημόσια ἔργα","Road Construction, Urban Building, Public Works",σελ. 380,23,Δρ.,
1904,IMG_1445.jpeg,"Νομικά, Πολιτικά","Legal, Political",Ἑλληνικοὶ Κώδικες,ΔΥΟΒΟΥΝΙΩΤΟΥ Γ.,Dyovouniotis G.,Ἑλληνικὰ Συντάγματα,Greek Constitutions,σελ. 328,20,Δρ.,
1904,IMG_1445.jpeg,"Νομικά, Πολιτικά","Legal, Political",Ἑλληνικοὶ Κώδικες,ΔΥΟΒΟΥΝΙΩΤΟΥ Γ.,Dyovouniotis G.,Ποινικὸς Νόμος,Penal Code,σελ. 1009,54,Δρ.,
1904,IMG_1445.jpeg,"Νομικά, Πολιτικά","Legal, Political",Ἑλληνικοὶ Κώδικες,ΔΥΟΒΟΥΝΙΩΤΟΥ Γ.,Dyovouniotis G.,Πολιτικὴ Δικονομία,Civil Procedure,σελ. 1661,90,Δρ.,
1904,IMG_1445.jpeg,"Νομικά, Πολιτικά","Legal, Political",Ἑλληνικοὶ Κώδικες,ΔΥΟΒΟΥΝΙΩΤΟΥ Γ.,Dyovouniotis G.,Στρατιωτικὴ καὶ Ναυτικὴ Ποινικὴ Νομοθεσία,Military and Naval Criminal Legislation,σελ. 388,20,Δρ.,
1904,IMG_1445.jpeg,"Νομικά, Πολιτικά","Legal, Political",Ἑλληνικοὶ Κώδικες,ΔΥΟΒΟΥΝΙΩΤΟΥ Γ.,Dyovouniotis G.,Φορολογία Ἐπιτηδευμάτων,Taxation of Trades/Professions,σελίδες 158,11,Δρ.,
1904,IMG_1445.jpeg,"Νομικά, Πολιτικά","Legal, Political",Ἑλληνικοὶ Κώδικες,ΔΥΟΒΟΥΝΙΩΤΟΥ Γ.,Dyovouniotis G.,Φορολογία Καπνοῦ,Tobacco Taxation,σελ. 167,11,Δρ.,
1904,IMG_1445.jpeg,"Νομικά, Πολιτικά","Legal, Political",Ἑλληνικοὶ Κώδικες,ΔΥΟΒΟΥΝΙΩΤΟΥ Γ.,Dyovouniotis G.,Χαρτόσημον,Stamp Duty,σελ. 403,20,Δρ.,
1904,IMG_1445.jpeg,"Νομικά, Πολιτικά","Legal, Political",Ἑλληνικοὶ Κώδικες,ΔΥΟΒΟΥΝΙΩΤΟΥ Γ.,Dyovouniotis G.,Ποινικὴ Δικονομία,Criminal Procedure,σελ. 909,50,Δρ.,
1904,IMG_1446.jpeg,"Νομικά, Πολιτικά","Legal, Political",,ΒΑΞΑΝΝΗΣ Κ. (μετάφρ.),Vaxannes K. (trans.),"Κωδίκων Ὀθωμανικῶν Παράρτημα Β΄, περιέχον τὴν πολιτικὴν δικονομίαν, τὸν ὀργανισμὸν τῶν δικαστηρίων, τὸν νόμον περὶ ἐκτελέσεως τῶν πολιτικῶν ἀποφάσεων κτλ., τὸν νέον κανονισμὸν τοῦ λιμένος Κωνσταντινουπόλεως, τὴν ποινικὴν δικονομίαν","Ottoman Codes Appendix B, containing civil procedure, court organization, law on execution of civil decisions etc., new regulations of the port of Constantinople, criminal procedure","8ον, σελίδες ζ΄—347",15,Δρχ.,
1904,IMG_1446.jpeg,"Νομικά, Πολιτικά","Legal, Political",,ΦΩΤΙΑΔΗΣ Κ. Ι. ΚΑΙ ΒΙΘΥΝΟΣ Ι.,Photiades K. I. and Vithynos I.,"Κῶδιξ Ἀστικὸς Ὀθωμανικὸς (Μετζελές), μεταφρασθεὶς ἐκ τοῦ τουρκικοῦ μετὰ σχολίων, ἑρμηνειῶν καὶ σημειώσεων","Ottoman Civil Code (Mecelle), translated from Turkish with commentary, interpretations, and notes","8ον, σελίδες 585",40,Δρχ.,
1904,IMG_1446.jpeg,"Νομικά, Πολιτικά","Legal, Political",,ΛΑΜΠΡΙΔΟΥ Ι.,Lamprides I.,Κῶδιξ χαρτοσήμου,Stamp Duty Code,"32ον, σελ. 78",4,Δρχ.,
1904,IMG_1446.jpeg,"Νομικά, Πολιτικά","Legal, Political",,ΛΕΩΝΙΔΟΥ Ι. ΚΑΙ ΤΣΕΛΛΕΝΤΗ Φ.,Leonidas I. and Tsellentes Ph.,"Ὁδηγὸς ἐπὶ τῆς διεξαγωγῆς τῶν κυριωτέρων κτηματικῶν ὑποθέσεων, μετὰ συντόμου μελέτης περὶ Μουλκίων, Βακουφίων, Γεδικίων, Μουκαταᾶ","Guide on conducting major real estate cases, with a brief study on Moulkia, Vakoufia, Gedikia, Moukataa","8ον, σ. η΄—87",7,Δρχ.,
1904,IMG_1446.jpeg,"Νομικά, Πολιτικά","Legal, Political",,LYON-CAEN & RENAULT,Lyon-Caen & Renault,Σύστημα Ἐμπορικοῦ Δικαίου: Τόμος Β΄: Περὶ τῶν Ἑταιρειῶν,System of Commercial Law: Volume B: On Companies,σελίδες 1052,75,Δρχ.,
1904,IMG_1446.jpeg,"Νομικά, Πολιτικά","Legal, Political",,LIEZT Dr FR. VON,von Liszt Dr Fr.,"Ἐγχειρίδιον Ποινικοῦ Δικαίου, μετάφρασις Κ. Ἀ. Κυπριάδου. Τόμος Α΄, Γενικὸν Μέρος","Handbook of Criminal Law, translated by K. A. Kypriades. Volume A, General Part","8ον, σελίδες ιδ΄—426",50,Δρχ.,
1904,IMG_1446.jpeg,"Νομικά, Πολιτικά","Legal, Political",,LYON-CAEN & RENAULT,Lyon-Caen & Renault,"Σύστημα Ἐμπορικοῦ Δικαίου: Τόμος Α΄: Εἰσαγωγή, Ἔμποροι, Ἐμποροδικεῖα, Συμβούλια συνετῶν ἢ βιομηχανικὰ εἰρηνοδικεῖα, Ἐμπορικὰ Ἐπιμελητήρια, Πρόξενοι (μετάφρασις Μιλτ. Σακελλαρίου, Ν. Κουντουριώτου καὶ Ἀ. Ἀργυροῦ)","System of Commercial Law: Volume A: Introduction, Merchants, Commercial Courts, Councils of Conciliation, Chambers of Commerce, Consuls","8ον, σελίδες 826",65,Δρχ.,
1904,IMG_1446.jpeg,"Νομικά, Πολιτικά","Legal, Political",,LYON-CAEN & RENAULT,Lyon-Caen & Renault,"Σύστημα Ἐμπορικοῦ Δικαίου: Τόμος Γ΄: Γενικοὶ Κανόνες περὶ τῶν ἐμπορικῶν συναλλαγμάτων, Περὶ ἀποδείξεων, Περὶ πωλήσεως, Περὶ ἐνεχύρου, Περὶ γενικῶν ἀποθηκῶν","System of Commercial Law: Volume C: General Rules on Commercial Transactions, Proofs, Sales, Pledges, General Warehouses",,,,Continued on next page
1904,IMG_1446.jpeg,"Νομικά, Πολιτικά","Legal, Political",,ΝΙΚΟΛΑΪΔΗΣ ΔΗΜ. (ἐκδ.),Nikolaides Dem. (ed.),"Κωδίκων Ὀθωμανικῶν Παράρτημα Α΄, περιέχον τοὺς νεωτάτους νόμους καὶ κανονισμοὺς τῆς Αὐτοκρατορίας","Ottoman Codes Appendix A, containing the newest laws and regulations of the Empire","8ον, σελίδες 327—δ΄—108",12,Δρχ.,
1904,IMG_1446.jpeg,"Νομικά, Πολιτικά","Legal, Political",,LEROY-BEAULIEU ΠΑΥΛΟΥ,Leroy-Beaulieu Paul,"Τοπικὴ Διοίκησις ἐν Γαλλίᾳ καὶ Ἀγγλίᾳ, μετάφρασις Ἀ. Στούπη","Local Administration in France and England, translated by A. Stoupes","8ον, σελ. 462",20,Δρχ.,
1904,IMG_1446.jpeg,"Νομικά, Πολιτικά","Legal, Political",,ΝΙΚΟΛΑΪΔΗΣ ΔΗΜ. (ἐκδ.),Nikolaides Dem. (ed.),"Κώδικες Ὀθωμανοί, ἤτοι συλλογὴ ἁπάντων τῶν νόμων τῆς Ὀθωμανικῆς Αὐτοκρατορίας, διαταγμάτων, κανονισμῶν καὶ ἐγκυκλίων, ἐκδιδόμενοι ὑπὸ Δημ. Νικολαΐδου (Τόμοι 4)","Ottoman Codes, collection of all laws of the Ottoman Empire, decrees, regulations and circulars, edited by Dem. Nikolaides (4 Volumes)","8ον, σελίδες 4470",150,Δρχ.,
1904,IMG_1446.jpeg,"Νομικά, Πολιτικά","Legal, Political",,ΚΡΑΣΣΑ ΑΛΚ. Χ.,Krassas Alk. Ch.,"Σύστημα Ἀστικοῦ Δικαίου. Τόμος Ε΄, Κληρονομικὸν Δίκαιον, ἐκδ. δ΄, ὅλως ἀνακαινισθεῖσα, μέγα","System of Civil Law. Volume E, Inheritance Law, 4th ed., completely revised, large size","8ον, σελίδες 191",125,Δρχ.,
1904,IMG_1446.jpeg,"Νομικά, Πολιτικά","Legal, Political",,ΚΥΠΡΙΑΔΟΥ Κ. Α.,Kypriades K. A.,Κοινωνιολογικὰ καὶ ἐγκληματολογικὰ μελετήματα,Sociological and Criminological Studies,"8ον, σελίδες 199",8,Δρχ.,
1904,IMG_1446.jpeg,"Νομικά, Πολιτικά","Legal, Political",,ΚΤΕΝΑ ΘΕΜ.,Ktenas Them.,"Χάρδζ Ταρικαφῆ, ἤτοι Διατίμησις δικαστικῶν τελῶν","Hardz Tarikafi, or Tariff of Court Fees","8ον, σ. 32",5,Δρχ.,
1904,IMG_1446.jpeg,"Νομικά, Πολιτικά","Legal, Political",,ΚΤΕΝΑ ΘΕΜ.,Ktenas Them.,"Νόμος περὶ οἰκοδομῶν, ἐκ τοῦ τουρκικοῦ","Law on Buildings, translated from Turkish","8ον, σελ. 32",6,Δρχ.,
1904,IMG_1446.jpeg,"Νομικά, Πολιτικά","Legal, Political",,ΚΤΕΝΑ ΘΕΜ.,Ktenas Them.,Κληρονομικὸν Δίκαιον παρ' Ὀθωμανοῖς,Inheritance Law among the Ottomans,"8ον, σελ. 31",10,Δρχ.,
1904,IMG_1446.jpeg,"Νομικά, Πολιτικά","Legal, Political",,ΚΟΦΙΝΑ Γ. Ν.,Kofinas G. N.,"Ἑρμηνεία τοῦ Ἐμπορικοῦ Δικαίου, εὐσύνοπτος καὶ πρακτική, μέγα","Interpretation of Commercial Law, concise and practical, large size","8ον, σελίδες 335",20,Δρχ.,
1904,IMG_1446.jpeg,"Νομικά, Πολιτικά","Legal, Political",,ΚΟΥΝΤΟΥΡΙΩΤΟΥ Ν. Ο.,Kountouriotes N. O.,"Ὁ πρόχειρος Δικηγόρος, περιέχων τὴν ἀστικὴν ἡμῶν νομοθεσίαν μετὰ τῆς ἐμπορικῆς καὶ συντόμου ἑρμηνείας τοῦ Συντάγματος· πρὸς τούτοις τύπους ἀναφορῶν καὶ ἐν γένει παντὸς ἐγγράφου","The Handy Lawyer, containing our civil legislation with commercial and concise interpretation of the Constitution; also templates of petitions and general documents","8ον, σ. 1310 + 50",50,Δρχ.,
1904,IMG_1446.jpeg,"Νομικά, Πολιτικά","Legal, Political",Ἑλληνικοὶ Κώδικες,ΚΑΡΑΤΖΑΣ ΝΕΟΚ. Γ.,Karatzas Neok. G.,Ποινικὸς Νόμος: Παράρτημα Β΄: Νέος Ὁδηγὸς Δικαστικῶν Κλητήρων,Penal Code: Appendix B: New Guide for Process Servers,"8ον, σ. 160",20,Δρχ.,
1904,IMG_1446.jpeg,"Νομικά, Πολιτικά","Legal, Political",Ἑλληνικοὶ Κώδικες,ΚΑΡΑΤΖΑΣ ΝΕΟΚ. Γ.,Karatzas Neok. G.,Ποινικὸς Νόμος: Παράρτημα Α΄,Penal Code: Appendix A,"8ον, σελ. 167",15,Δρχ.,
1904,IMG_1446.jpeg,"Νομικά, Πολιτικά","Legal, Political",Ἑλληνικοὶ Κώδικες,ΚΑΡΑΤΖΑΣ ΝΕΟΚ. Γ.,Karatzas Neok. G.,"Ποινικὸς Νόμος, μετὰ τῶν μεταγενεστέρων ποινικῶν νόμων καὶ διαταγμάτων καὶ σχετικῶν ὑποδειγμάτων (Τόμος Β΄)","Penal Code, with subsequent criminal laws and decrees and relative models (Volume B)","8ον, σελίδες η΄—564",35,Δρχ.,
1904,IMG_1446.jpeg,"Νομικά, Πολιτικά","Legal, Political",,ΚΥΡΙΑΚΟΥ ΔΙΟΜΗΔΟΥΣ,Kyriakos Diomides,"Ἀλληλοεθνὲς τῆς Εὐρώπης Δίκαιον, ὑπὸ Α. Β. Ἐφτέρου","International Law of Europe, by A. B. Effter","8ον, σελ. ισ΄—515",20,Δρχ.,
1904,IMG_1447.jpeg,"Νομικά, Πολιτικά","Legal, Political",,ΑΝΩΝΥΜΟΣ,Anonymous,Ὁδηγίαι περὶ τοῦ τίς καὶ πῶς διεξάγεται τὰς κάλπας βουλευτικῆς διαταγῆς ἐν ταῖς γενικαῖς ἐκλογαῖς,Instructions on who and how the ballot boxes are managed during parliamentary general elections,"8ον, σελ. 186",12.—,Δρχ.,
1904,IMG_1447.jpeg,"Νομικά, Πολιτικά","Legal, Political",,ΠΑΠΑΡΡΗΓΟΠΟΥΛΟΥ Π.,Paparrigopoulos P.,Ἑρμηνεία Ἀστικοῦ Δικαίου. Τόμος Α΄,Interpretation of Civil Law. Volume A,"8ον, σελ. 396",20.—,Δρχ.,
1904,IMG_1447.jpeg,"Νομικά, Πολιτικά","Legal, Political",,ΠΑΠΑΡΡΗΓΟΠΟΥΛΟΥ Π.,Paparrigopoulos P.,Γενικαὶ Ἀρχαὶ τοῦ ἐν Ἑλλάδι ἰσχύοντος Ἀστικοῦ Δικαίου,General Principles of Civil Law in force in Greece,"8ον, σελ. 987",60.—,Δρχ.,
1904,IMG_1447.jpeg,"Νομικά, Πολιτικά","Legal, Political",,ΠΑΠΑΔΑΚΗ Κ.,Papadakis K.,Σύνοψις ἀρχαίων ἑλληνικῶν Δικαίων,Synopsis of Ancient Greek Laws,"8ον, σελ. 325",20.—,Δρχ.,
1904,IMG_1447.jpeg,"Νομικά, Πολιτικά","Legal, Political",,ΜΙΣΤΡΙΩΤΟΥ Γ. Π.,Mistriotis G. P.,Περὶ τῆς συγγραφῆς καὶ κατηγορίας ἐν τῷ ποινικῷ καὶ τῷ διοικητικῷ δικαστηρίῳ δοκίμιον,Essay on writing and accusation in criminal and administrative courts,"8ον, σελ. 133",12.—,Δρχ.,
1904,IMG_1447.jpeg,"Νομικά, Πολιτικά","Legal, Political",,ΜΩΡΑΪΤΙΔΟΥ Γ.,Moraitidis G.,Code Pénal Ottoman,Ottoman Penal Code,"8ον, σελ. 260",20.—,Δρχ.,
1904,IMG_1447.jpeg,"Νομικά, Πολιτικά","Legal, Political",,ΜΠΑΛΑΝΟΥ Μ. Σ.,Balanos M. S.,"Ὁδηγίαι, Νόμοι, Π. Διατάγματα κλπ.","Instructions, Laws, Royal Decrees etc.","8ον, σελ. 40",20.—,Δρχ.,
1904,IMG_1447.jpeg,"Νομικά, Πολιτικά","Legal, Political",,ΜΠΑΛΑΝΟΥ Μ. Σ.,Balanos M. S.,Ἐγχειρίδιον τοῦ ἰδιωτικοῦ ἐκκλησιαστικοῦ Δικαίου,Handbook of Private Ecclesiastical Law,"8ον, σελ. 126",20.—,Δρχ.,
1904,IMG_1447.jpeg,"Νομικά, Πολιτικά","Legal, Political",,ΜΑΡΚΟΥ Γ. Α.,Markou G. A.,Περὶ τῆς εὐθύνης τῶν διοικητῶν ὡς ἀντιπροσώπων καὶ τῶν περὶ τὸ ἰδιαίτερον συναλλασσομένων λοιπῶν κατὰ τὸ Δικαστήριον,On the liability of directors as representatives and of others transacting privately according to the Court,"8ον, σελ. 188",2.00,Δρχ.,
1904,IMG_1447.jpeg,"Νομικά, Πολιτικά","Legal, Political",Ἑλληνικοὶ Κώδικες,ΖΩΙΟΠΟΥΛΟΥ Δ. Ν.,Zoiopoulos D. N.,Ἑρμηνεία τοῦ ἐν Ἑλλάδι ἰσχύοντος Ποινικοῦ Νόμου. Τόμος Γ΄ (εἰδικὸν μέρος),Interpretation of the Penal Code in force in Greece. Volume C (special part),"8ον, σελ. 1-200",40.—,Δρχ.,
1904,IMG_1447.jpeg,"Νομικά, Πολιτικά","Legal, Political",Ἑλληνικοὶ Κώδικες,ΖΩΙΟΠΟΥΛΟΥ Δ. Ν.,Zoiopoulos D. N.,"Ἑρμηνεία τοῦ ἐν Ἑλλάδι ἰσχύοντος Ποινικοῦ Νόμου. Τόμος Α΄, τεύχη 1-6 (γενικὸν μέρος)","Interpretation of the Penal Code in force in Greece. Volume A, issues 1-6 (general part)","8ον, σελ. 1-400",40.—,Δρχ.,
1904,IMG_1447.jpeg,"Νομικά, Πολιτικά","Legal, Political",,ΜΕΓΑ Θ.,Megas Th.,Ἀνακεφαλαίωσις Ἰδιωτικῆς πολιτικῆς,Recapitulation of Private Politics,8ον,16.—,Δρχ.,
1904,IMG_1448.jpeg,"Νομικά, Πολιτικά","Legal, Political",,ΣΑΜΑΡΤΖΙΔΟΥ Ν. Ι.,Samartzidou N. I.,"Ἀστικὸς Κῶδιξ περὶ ἀποδείξεων καὶ Ὅρκου καὶ περὶ ἀποφάσεως καὶ δικαστοῦ, μετάφρ. ἐκ τοῦ τουρκικοῦ","Civil Code on evidence and Oath and on decision and judge, translated from Turkish","8ον, σελ. 63",5,Δρ.,
1904,IMG_1448.jpeg,"Νομικά, Πολιτικά","Legal, Political",,ΣΑΡΙΠΟΛΟΥ Ν. Ι.,Saripolos N. I.,"Πολιτικὴ μελέτη ἐπὶ τῆς ἱστορίας τοῦ Ἰουλίου Καίσαρος, τῆς ὑπὸ τοῦ αὐτοκράτορος τῶν Γάλλων Ναπολέοντος τοῦ Γ' συγγραφείσης","Political study on the history of Julius Caesar, written by the Emperor of the French Napoleon III","8ον, σελίδες 96",6,Δρ.,
1904,IMG_1448.jpeg,"Νομικά, Πολιτικά","Legal, Political",,ΣΕΡΟΥΪΟΥ Ν.,Serouios N.,"Ἐπιτομὴ τῶν περὶ Πο- Βυζαντινοῦ Νόμου, τοῦ ἐν ἰσχύϊ ἐν τοῖς ἐκκλησιαστικοῖς δικαστηρίοις τοῦ οἰκουμενικοῦ Θρόνου","Epitome of Post-Byzantine Law, in force in the ecclesiastical courts of the Ecumenical Throne","8ον, σ. ις'-246",17,Δρ.,
1904,IMG_1448.jpeg,"Νομικά, Πολιτικά","Legal, Political",,ΣΙΜΟΥ Ε. Α.,Simos E. A.,"Περὶ ἰδιοκτησίας, σύγγραμμα τοῦ κ. Ἀ. Τιέρ","On Property, work of Mr. A. Thiers","8ον, σελ. 319",12,Δρ.,
1904,IMG_1448.jpeg,"Νομικά, Πολιτικά","Legal, Political",,ΣΤΑΦΥΛΑ καὶ ΠΕΤΡΟΥΝΑΚΟΥ,Stafylas and Petrounakos,"Ἐκκλησιαστικὸν Δίκαιον, συνταχθὲν ἐπὶ τῇ βάσει τῶν παραδόσεων τοῦ Ἱ. Εὐταξία","Ecclesiastical Law, compiled on the basis of the lectures of I. Eutaxias","8ον, σελίδες 112",20,Δρ.,
1904,IMG_1448.jpeg,"Νομικά, Πολιτικά","Legal, Political",,Ανώνυμος,Anonymous,Σύνταγμα τῆς Ἑλλάδος,Constitution of Greece,"32ον, σ. 23",1,Δρ.,
1904,IMG_1448.jpeg,"Νομικά, Πολιτικά","Legal, Political",,"ΣΤΕΦΑΝΟΥ, ΚΟΜΠΟΤΗ καὶ ΑΝΤΩΝΑΚΟΠΟΥΛΟΥ","Stefanou, Kompotis and Antonakopoulos","Νέος Προξενικὸς καὶ Διπλωματικὸς Ὁδηγός, συνταχθεὶς καὶ συμπληρωθεὶς διὰ τῶν τελευταίων Νόμων, Β. Διαταγμάτων, Συμβάσεων κλπ. μέχρι τοῦ 1901","New Consular and Diplomatic Guide, compiled and supplemented with the latest Laws, Royal Decrees, Conventions etc. up to 1901","8ον, σελίδες η'-1370",30,Δρ.,
1904,IMG_1448.jpeg,"Νομικά, Πολιτικά","Legal, Political",,ΣΑΚΕΛΛΑΡΟΠΟΥΛΟΥ Μ.,Sakellaropoulos M.,"Ἐκκλησιαστικὸν Δίκαιον τῆς Ἀνατολικῆς Ὀρθοδόξου Ἐκκλησίας, μετὰ τοῦ ἰσχύοντος νῦν ἐν τῇ Ἐκκλησίᾳ τοῦ Πατριαρχείου καὶ ἐν Ἑλλάδι","Ecclesiastical Law of the Eastern Orthodox Church, with that currently in force in the Patriarchate Church and in Greece","8ον, σελ. 560",30,Δρ.,
1904,IMG_1448.jpeg,"Νομικά, Πολιτικά","Legal, Political",,ΤΑΠΕΙΝΟΥ ΕΛ. ΓΡ.,Tapeinos El. Gr.,Δικονομικὸς Ὁδηγὸς ἢ ἑρμηνεία τῆς ἐν τοῖς Πατριαρχείοις καὶ τῷ κλίματι τοῦ οἰκουμενικοῦ Θρόνου ἰσχυούσης ὀθωμανικῆς ἐμπορικῆς Δικονομίας μετὰ σχεδίων διαφόρων δικογράφων πρὸς πρακτικὴν ἐφαρμογήν. Τεύχη 2,Procedural Guide or interpretation of the Ottoman commercial Procedure in force in the Patriarchates and the jurisdiction of the Ecumenical Throne with drafts of various legal documents for practical application. 2 Issues,"8ον, σελίδες 331",20,Δρ.,
1904,IMG_1448.jpeg,"Νομικά, Πολιτικά","Legal, Political",,ΤΟΚΒΙΛΛΟΥ ΑΛ.,Tocqueville Al.,"Περὶ τῆς δημοκρατίας κατὰ τὴν Ἀμερικήν, μετάφρασις Κ. Ἡρακλείδου","Democracy in America, translation by K. Herakleides","8ον, σελ. ια'-305",10,Δρ.,
1904,IMG_1448.jpeg,"Νομικά, Πολιτικά","Legal, Political",,ΤΟΡΝΑΟΥΦ Ν.,Tornauw N.,"Μουσουλμανικὸν Δίκαιον κατὰ τὰς πηγάς του, μετάφρασις Ν. Σακοπούλου. Τόμοι 2","Islamic Law according to its sources, translation by N. Sakopoulos. 2 Volumes","8ον, σ. 337",20,Δρ.,
1904,IMG_1448.jpeg,"Νομικά, Πολιτικά","Legal, Political",,ΣΤΑΦΥΛΑ καὶ ΠΕΤΡΟΥΝΑΚΟΥ,Stafylas and Petrounakos,"Διεθνὲς Δίκαιον, γραφὲν κατὰ τὰς παραδόσεις τοῦ Γ. Στρέϊτ","International Law, written according to the lectures of G. Streit","8ον, σελίδες 166",10,Δρ.,
1904,IMG_1448.jpeg,"Νομικά, Πολιτικά","Legal, Political",,RAPET M. J. J.,Rapet M. J. J.,"Ἐγχειρίδιον Ἠθικῆς καὶ Πολιτικῆς Οἰκονομίας, ἐξελληνισθὲν ὑπὸ Ἑλένης Ν. Φωτιάδου","Manual of Ethics and Political Economy, translated into Greek by Eleni N. Fotiadou","8ον, σελίδες 344",20,Δρ.,
1904,IMG_1448.jpeg,"Νομικά, Πολιτικά","Legal, Political",Ἑλληνικοὶ Κώδικες,ΡΑΛΛΗ Γ. Α.,Rallis G. A.,Κώδικες Ἑλληνικοί - Παράρτημα Β'-Ζ',Greek Codes - Appendix B-Z,σελ. 1894,70,Δρ.,
1904,IMG_1448.jpeg,"Νομικά, Πολιτικά","Legal, Political",,ΠΟΤΑΜΙΑΝΟΥ ΔΗΜ.,Potamianos Dem.,Ἑρμηνεία τῶν περὶ Πολιτικῆς Δικονομίας καὶ Ὀργανισμοῦ τῶν Δικαστηρίων Νόμων - Τόμος Α': Γενικὴ Εἰσαγωγή—Ὀργανισμὸς Δικαστηρίων,Interpretation of the Laws on Civil Procedure and Organization of Courts - Volume A: General Introduction—Organization of Courts,"8ον, σ. 944",108,Δρ.,
1904,IMG_1448.jpeg,"Νομικά, Πολιτικά","Legal, Political",Ἑλληνικοὶ Κώδικες,ΡΑΛΛΗ Γ. Α.,Rallis G. A.,"Κώδικες Ἑλληνικοί - Τόμος Δ', ἐκδ. δ'","Greek Codes - Volume D, 4th ed.",σελ. 792,15,Δρ.,
1904,IMG_1448.jpeg,"Νομικά, Πολιτικά","Legal, Political",Ἑλληνικοὶ Κώδικες,ΡΑΛΛΗ Γ. Α.,Rallis G. A.,"Κώδικες Ἑλληνικοί - Τόμος Γ', ἐκδ. δ'","Greek Codes - Volume C, 4th ed.",σελ. 708,15,Δρ.,
1904,IMG_1448.jpeg,"Νομικά, Πολιτικά","Legal, Political",Ἑλληνικοὶ Κώδικες,ΡΑΛΛΗ Γ. Α.,Rallis G. A.,"Κώδικες Ἑλληνικοί - Τόμος Β', ἐκδ. δ'","Greek Codes - Volume B, 4th ed.",σελ. 1064,15,Δρ.,
1904,IMG_1448.jpeg,"Νομικά, Πολιτικά","Legal, Political",Ἑλληνικοὶ Κώδικες,ΡΑΛΛΗ Γ. Α.,Rallis G. A.,"Κώδικες Ἑλληνικοί, οἷς προσετέθη τὸ πολιτικὸν Σύνταγμα τῆς Ἑλλάδος, τόμ. 2, ἐκδ. γ'","Greek Codes, to which was added the Political Constitution of Greece, vol. 2, 3rd ed.",σ. XVI+μη'+1828,30,Δρ.,
1904,IMG_1448.jpeg,"Νομικά, Πολιτικά","Legal, Political",,ΡΑΛΛΗ Γ. Α.,Rallis G. A.,"Ἑρμηνεία τοῦ Ἐμπορικοῦ Δικαίου, τόμος Γ'","Interpretation of Commercial Law, volume C'","8ον, σ. ις'-320",20,Δρ.,
1904,IMG_1448.jpeg,"Νομικά, Πολιτικά","Legal, Political",,ΠΡΩΤΟΠΑΠΑ Γ.,Protopapas G.,"Ἱστορία τοῦ Ῥωμαϊκοῦ Δικαίου, γραφεῖσα περιληπτικῶς κατὰ τὸ σύγγραμμα τοῦ Ν. Δημαρᾶ","History of Roman Law, written in summary according to the treatise of N. Dimaras","8ον, σελίδες 79",10,Δρ.,
1904,IMG_1448.jpeg,"Νομικά, Πολιτικά","Legal, Political",,ΠΟΤΑΜΙΑΝΟΥ ΔΗΜ.,Potamianos Dem.,"Ἑρμηνεία τῶν περὶ Πολιτικῆς Δικονομίας καὶ Ὀργανισμοῦ τῶν Δικαστηρίων Νόμων - Τόμος Β': Πολιτικὴ Δικονομία, Γενικὸν μέρος","Interpretation of the Laws on Civil Procedure and Organization of Courts - Volume B: Civil Procedure, General Part","8ον, σελ. 864",97,Δρ.,"Τόμος Γ', ὁ καὶ τελευταῖος, ἐκτυποῦται."
1904,IMG_1448.jpeg,"Νομικά, Πολιτικά","Legal, Political",,ΡΑΛΛΗ Κ. Μ.,Rallis K. M.,"Περὶ μεταθέσεως ἐπισκόπων, κατὰ τὸ Δίκαιον τῆς ὀρθοδόξου ἀνατ. Ἐκκλησίας","On the transfer of bishops, according to the Law of the Orthodox Eastern Church","8ον, σελ. 58",16,Δρ.,
1904,IMG_1448.jpeg,"Νομικά, Πολιτικά","Legal, Political",,ΠΕΤΡΟΥΝΑΚΟΥ Ι.,Petrounakos I.,"Ἑρμηνεία Ποινικοῦ Δικαίου, γραφεῖσα ἐπὶ τῇ βάσει τοῦ συγγράματος Κωνστ. Ν. Κωστή - Τόμος Β': Ποινικὸς Νόμος","Interpretation of Criminal Law, written on the basis of the treatise of Const. N. Kostis - Volume B: Penal Law","8ον, σελίδες 470",35,Δρ.,
1904,IMG_1448.jpeg,"Νομικά, Πολιτικά","Legal, Political",,ΠΕΤΡΟΥΝΑΚΟΥ Ι.,Petrounakos I.,"Ἑρμηνεία Ποινικοῦ Δικαίου, γραφεῖσα ἐπὶ τῇ βάσει τοῦ συγγράματος Κωνστ. Ν. Κωστή - Τόμος Α': Ποινικὴ Δικονομία","Interpretation of Criminal Law, written on the basis of the treatise of Const. N. Kostis - Volume A: Criminal Procedure","8ον, σελίδες 152",10,Δρ.,
1904,IMG_1448.jpeg,"Νομικά, Πολιτικά","Legal, Political",,ΠΑΠΑΡΡΗΓΟΠΟΥΛΟΥ Π.,Paparrigopoulos P.,Τὰ ἐμπράγματα δικαιώματα ἐπὶ τῶν κατ' ἰδίαν κτημάτων (ἐκδ. β'),In rem rights on private estates (2nd edition),σελ. 939,60,Δρ.,
1904,IMG_1448.jpeg,"Νομικά, Πολιτικά","Legal, Political",,ΠΑΠΑΡΡΗΓΟΠΟΥΛΟΥ Π.,Paparrigopoulos P.,Τὰ ἐμπράγματα δικαιώματα ἐπὶ τῶν κατ' ἰδίαν κτημάτων,In rem rights on private estates,"μέγα 8ον, σελίδες 894",40,Δρ.,
1904,IMG_1450.jpeg,ΕΜΠΟΡΙΚΑ,Commercial / Commerce,,ΖΥΓΟΥΡΑ Ξ. Θ.,Zygouras X. Th.,Πῶς γίνονται τὰ χρήματα,How money is made,"8ον, σελίδες 63",2,Δρ.,
1904,IMG_1450.jpeg,ΕΜΠΟΡΙΚΑ,Commercial / Commerce,,ΖΥΓΟΥΡΑ Ξ. Θ.,Zygouras X. Th.,Κριτικὴ ἱστορία τοῦ ἐμπορίου,Critical history of commerce,σελίδες 63,2,Δρ.,
1904,IMG_1450.jpeg,ΕΜΠΟΡΙΚΑ,Commercial / Commerce,,ΖΥΓΟΥΡΑ ΘΕΜ. Ξ.,Zygouras Them. X.,Ἡ Λαχαναγοραφία. Καταστιχογραφικὴ Μέθοδος πρὸς ἐγγραφὴν τῶν πράξεων πάσης διαχειρίσεως,Vegetable Market Accounting. Bookkeeping Method for recording transactions of any management,"8ον, σελίδες 56",10,Δρ.,
1904,IMG_1450.jpeg,ΕΜΠΟΡΙΚΑ,Commercial / Commerce,,ΖΥΓΟΥΡΑ ΘΕΜ. Ξ.,Zygouras Them. X.,Περὶ ἐμπορικῶν σχολῶν καὶ τεχνικῆς ἐκπαιδεύσεως,On commercial schools and technical education,"8ον, σ. 96",7,Δρ.,
1904,IMG_1450.jpeg,ΕΜΠΟΡΙΚΑ,Commercial / Commerce,,ΖΥΓΟΥΡΑ Ξ. Θ.,Zygouras X. Th.,Παγκόσμιος μετρολογία καὶ νομισματολογία,World metrology and numismatics,σελίδες 79,3,Δρ.,
1904,IMG_1450.jpeg,ΕΜΠΟΡΙΚΑ,Commercial / Commerce,,ΖΗΛΙΩΤΟΥ Δ.,Ziliotis D.,"Καταστιχογραφία, διδασκομένῃ ἄνευ διδασκάλου διπλογραφίαν καὶ ἁπλογραφίαν","Bookkeeping, teaching double-entry and single-entry bookkeeping without a teacher",σελίδες 276,15,Δρ.,
1904,IMG_1450.jpeg,ΕΜΠΟΡΙΚΑ,Commercial / Commerce,,ΖΥΓΟΥΡΑ Ξ. Θ.,Zygouras X. Th.,Ἱστορία τοῦ καθόλου ἐμπορίου,General history of commerce,"8ον, σελίδες 191",12,Δρ.,
1904,IMG_1450.jpeg,ΕΜΠΟΡΙΚΑ,Commercial / Commerce,,ΖΥΓΟΥΡΑ Ξ. Θ.,Zygouras X. Th.,Καταστιχογραφία καὶ Λογισμογραφία,Bookkeeping and Accounting,"8ον, σελίδες 145",15,Δρ.,
1904,IMG_1450.jpeg,ΕΜΠΟΡΙΚΑ,Commercial / Commerce,,ΖΥΓΟΥΡΑ Ξ. Θ.,Zygouras X. Th.,"Λογιστικὴ ἐμπορική, ἤτοι Ἀριθμητικὴ ἐφαρμοσμένη","Commercial Accounting, or Applied Arithmetic","8ον, σ. 147—254",10,Δρ.,
1904,IMG_1450.jpeg,ΕΜΠΟΡΙΚΑ,Commercial / Commerce,,ΖΥΓΟΥΡΑ Ξ. Θ.,Zygouras X. Th.,"Λογιστικὴ γενική, περιέχουσα τὰ στοιχεῖα τοῦ ἐμπορίου καὶ τῆς διαχειριστικῆς, τὴν ἐμπορικὴν λογιστικὴν καὶ τὴν καταστιχογραφίαν μετὰ λογισμογραφίας, ἐκδ. β΄","General Accounting, containing the elements of commerce and management, commercial accounting and bookkeeping with accounting, 2nd edition","8ον, σ. δ΄-254",35,Δρ.,
1904,IMG_1450.jpeg,ΕΜΠΟΡΙΚΑ,Commercial / Commerce,,ΖΥΓΟΥΡΑ Ξ. Θ.,Zygouras X. Th.,"Ἐπιστολογραφία ἐμπορικὴ πλήρης, θεωρητικὴ καὶ πρακτική, μετὰ λεξικοῦ τῶν ὅρων, ἐκδ. β΄, μετερρυθμισμένη","Complete commercial correspondence, theoretical and practical, with a glossary of terms, 2nd reformed edition",σελίδες 412—77,18,Δρ.,
1904,IMG_1450.jpeg,ΕΜΠΟΡΙΚΑ,Commercial / Commerce,,ΑΝΩΝΥΜΟΣ,Anonymous,"Δυσαναγνώστων καὶ Ἰατρικῶν Συναλλαγμάτων, πρὸς πάντες τὲ ἐν χρήσει ἐπιστολῶν διὰ πᾶν χημικῶν σῆμα ἀπὸ ἐμπορικοῦ ἔτους δι’ αἱανδήποτε ἀριθμητικῶν ἐπῶν, διὰ πέντε σὺν ἀπὸ 1-1000 000","Illegible and Medical Bills of Exchange, for all letters in use for every chemical mark...","8ον, σ. 221",27,Δρ.,
1904,IMG_1450.jpeg,ΕΜΠΟΡΙΚΑ,Commercial / Commerce,,ΒΑΛΣΑΜΟΥ Γ. Π.,Balsamos G. P.,"Ἑλληνικὴ Καταστιχογραφία, ἤτοι Μέθοδος θεωρητικὴ καὶ πρακτική","Greek Bookkeeping, or a Theoretical and Practical Method","8ον, σελ. ιε΄—384 + 20",8,Δρ.,
1904,IMG_1450.jpeg,ΕΜΠΟΡΙΚΑ,Commercial / Commerce,,ΔΕΣΠΟΤΟΠΟΥΛΟΥ Δ.,Despotopoulos D.,Καταστιχογραφίας Ἑρμηνεία. Μέρος Α΄+Β΄,Interpretation of Bookkeeping. Part I + II,8ον,20,Δρ.,
1904,IMG_1450.jpeg,ΕΜΠΟΡΙΚΑ,Commercial / Commerce,,ΑΓΓΕΛΟΠΟΥΛΟΥ Δ.,Angelopoulos D.,"Μεγάλη Πρακτικὴ Ἀριθμητική, ἤτοι πλήρης καὶ τελεία πραγματεία σχολικῆς, ἐμπορικῆς, τραπεζιτικῆς ἀριθμητικῆς","Great Practical Arithmetic, or a complete and perfect treatise on school, commercial, and banking arithmetic","8ον, σελ. 415 + 30",8,Δρ.,
1904,IMG_1450.jpeg,ΕΜΠΟΡΙΚΑ,Commercial / Commerce,,ΒΕΡΝΑΡΔΑΚΗ Α. Ν.,Bernardakis A. N.,Τὸ μέλλον τῶν Ἀθηνῶν,The Future of Athens,"8ον, σελ. 80",6,Δρ.,
1904,IMG_1450.jpeg,ΕΜΠΟΡΙΚΑ,Commercial / Commerce,,ΒΕΡΝΑΡΔΑΚΗ Α. Ν.,Bernardakis A. N.,"Περὶ τοῦ ἐν Ἑλλάδι ἐμπορίου, βραβευθὲν κατὰ τὸν Δοσείον διαγωνισμόν","On commerce in Greece, awarded at the Doseios competition","μέγα 8ον, σελ. η΄—480",20,Δρ.,
1904,IMG_1450.jpeg,ΕΜΠΟΡΙΚΑ,Commercial / Commerce,,ΓΙΑΝΝΑΡΑΚΗ,Giannarakis,"Αὐτοδίδακτος Διπλογραφία, ἤτοι τελεία ἐκμάθησις τῆς Καταστιχογραφίας, πρακτικῆς τε καὶ θεωρητικῆς εἰς 10 μόνον ἡμέρας","Self-Taught Double-Entry Bookkeeping, or perfect learning of Bookkeeping, practical and theoretical in only 10 days","8ον, σελίδες η΄—188",9,Δρ.,
1904,IMG_1450.jpeg,ΕΜΠΟΡΙΚΑ,Commercial / Commerce,,ΒΑΣΙΛΕΙΑΔΟΥ Ν. Ι.,Vasileiadis N. I.,"Ἐγκόλπιον Λογιστικῆς, πρὸς χρῆσιν τῶν ἐμπορευομένων νέων","Manual of Accounting, for the use of young merchants",σελ. 79,6,Δρ.,
1904,IMG_1450.jpeg,ΕΜΠΟΡΙΚΑ,Commercial / Commerce,,COURTOIS FILS ALPH.,Courtois Fils Alph.,"Στοιχειώδης Πραγματεία τῶν ἐργασιῶν τοῦ χρηματιστηρίου καὶ τῆς συναλλαγῆς, ὑπὸ Σπ. Δυοβουνιώτου","Elementary Treatise on Stock Exchange and Exchange Operations, translated by Sp. Dyovouniotis","ἐκδ. β΄, σ. ζ΄-198",15,Δρ.,
1904,IMG_1450.jpeg,ΕΜΠΟΡΙΚΑ,Commercial / Commerce,,DEGRANGES ED.,Degranges Ed.,Traité de Correspondance Commerciale,Treatise on Commercial Correspondence,"8ον, σ. 331",25,Δρ.,
1904,IMG_1450.jpeg,ΕΜΠΟΡΙΚΑ,Commercial / Commerce,,DEGRANGES ED.,Degranges Ed.,La tenue des livres ou Nouveau cours de comptabilité générale,Bookkeeping or New Course of General Accounting,"8ον, σελίδες 326",25,Δρ.,
1904,IMG_1450.jpeg,ΕΜΠΟΡΙΚΑ,Commercial / Commerce,,ΓΙΟΥΡΔΗ Π. Μ.,Giourdis P. M.,"Πλήρης σύστημα Ἐμπορικῆς Λογιστικῆς, ἤτοι περὶ Καταστιχογραφίας, ὑπὸ Goujon et Sardou","Complete System of Commercial Accounting, or on Bookkeeping, by Goujon et Sardou","Τόμοι 2, 8ον, σελ. λα΄—795",35,Δρ.,
1904,IMG_1450.jpeg,ΕΜΠΟΡΙΚΑ,Commercial / Commerce,,ΔΕΣΠΟΤΟΠΟΥΛΟΥ Δ.,Despotopoulos D.,Στοιχεῖα Πολιτικῆς Οἰκονομίας καὶ ἐφαρμογὴ τῆς Ἀριθμητικῆς εἰς ἐμπορικοὺς καὶ τραπεζιτικοὺς ὑπολογισμούς,Elements of Political Economy and application of Arithmetic to commercial and banking calculations,"8ον, σελ. κδ΄—300",15,Δρ.,
1904,IMG_1451.jpeg,Ἐμπορικά,Commercial / Commerce,,ΚΑΤΣΕΛΙΔΟΥ ΓΕΩΡΓΙΟΥ,Katselidis Georgios,Τὸ Νόμισμα,The Currency / Coin,"8ον, σελίδες 352",30,Δρχ.,
1904,IMG_1451.jpeg,Ἐμπορικά,Commercial / Commerce,,ΚΑΛΑΪΤΖΑΚΗ Κ.,Kalaitzakis K.,"Τὰ Ἐμπορικὰ βιβλία, κατὰ νέαν μέθοδον τῆς Ἁπλογραφίας καὶ Διπλογραφίας, ἢ νέα ἐμπορικὴ πραγματεία πλήρης τῆς Γενικῆς Λογιστικῆς","The Commercial Books, according to a new method of Single and Double Entry, or a new comprehensive commercial treatise on General Accounting","8ον, σελίδες 323",12,Δρχ.,Text spans across columns
1904,IMG_1451.jpeg,Ἐμπορικά,Commercial / Commerce,,ΚΑΛΑΪΤΖΑΚΗ Κ.,Kalaitzakis K.,"Ἐμπορικὴ ἀλληλογραφία ἑλληνιστί τε καὶ γαλλιστί, ἐμπεριέχουσα 1000 ἐμπορικὰς ἐπιστολὰς ἐκτύπους τῶν κυριωτέρων ἐμπορικῶν οἴκων, πραγματικὰς κλπ. κλπ.","Commercial Correspondence in Greek and French, containing 1000 sample commercial letters of the main commercial houses, real ones etc. etc.","8ον, σ. 4..",,Δρχ.,Price obscured by thumb
1904,IMG_1451.jpeg,Ἐμπορικά,Commercial / Commerce,,ΚΑΛΑΠΟΔΟΠΟΥΛΟΥ Γ. Α.,Kalapodopoulos G. A.,"Ἔμπορ...σεολόγιον, ἑλληνιστί, ἀγγλιστί, καὶ γαλλιστί","Commercial dictionary/phrasebook in Greek, English, and French","8ον, σ. β΄–436",25,Δρχ.,Title partially obscured by thumb
1904,IMG_1451.jpeg,Ἐμπορικά,Commercial / Commerce,,ΚΑΡΑΓΙΑΝΝΙΔΟΥ Α. Κ.,Karagiannidis A. K.,"Νέος ὁδηγὸς τῆς ἐμπορικῆς ἀλληλογραφίας, ὑπὸ Henri Page","New Guide to Commercial Correspondence, by Henri Page","8ον, σελ. ις΄–468",15,Δρχ.,
1904,IMG_1451.jpeg,Ἐμπορικά,Commercial / Commerce,,ΚΑΣΔΟΝΗ Γ.,Kasdonis G.,Ἡ τέχνη τοῦ πλουτεῖν καὶ εὐτυχεῖν κατὰ τὸν Βενιαμὶν Φραγκλῖνον,The Art of Growing Rich and Happy according to Benjamin Franklin,σελίδες 55,2.20,Δρχ.,
1904,IMG_1451.jpeg,Ἐμπορικά,Commercial / Commerce,,ΝΑΥΤΗ Γ. Α.,Naftis G. A.,Γενικαὶ ἀρχαὶ τοῦ ἐμπορίου καὶ ἱστορία αὐτοῦ παρὰ τοῖς ἀρχαίοις καὶ Βυζαντινοῖς,General Principles of Commerce and its History among the Ancients and Byzantines,"Τόμοι 2, 8ον, σελίδες κη΄–796",25,Δρχ.,
1904,IMG_1451.jpeg,Ἐμπορικά,Commercial / Commerce,,ΜΕΛΑ Κ.,Melas K.,"Ἐγχειρίδιον ἐμπορικὸν περὶ ἐμπορίας, βιομηχανίας, ναυτιλίας καὶ τῶν ἐμπορικῶν πράξεων","Commercial Handbook on Trade, Industry, Shipping, and Commercial Transactions","ἐκδ. γ΄, 8ον, σελίδες 602",20,Δρχ.,3rd edition
1904,IMG_1451.jpeg,Ἐμπορικά,Commercial / Commerce,,MINON A.,Minon A.,Répertoire à l'usage des négociants ou Traité des principales opérations de la Banque,Repertoire for the use of merchants or Treatise on the main Banking operations,32ον,10,Fr.,
1904,IMG_1451.jpeg,Ἐμπορικά,Commercial / Commerce,,ΚΑΛΑΪΤΖΑΚΗ Κ.,Kalaitzakis K.,Γενικαὶ γνώσεις περὶ ἐμπορίου,General Knowledge on Commerce,"8ον, σελίδες 80",4,Δρχ.,
1904,IMG_1451.jpeg,Ἐμπορικά,Commercial / Commerce,,,,Ὁδηγὸς μικρὸς τοῦ Ἐμπόρου καὶ τοῦ Τραπεζίτου,Small Guide for the Merchant and the Banker,"ἐκδ. β΄, σελ. 64",3,Δρχ.,2nd edition
1904,IMG_1451.jpeg,Ἐμπορικά,Commercial / Commerce,,ΟΙΚΟΝΟΜΟΠΟΥΛΟΥ ΗΛ. Ι.,Oikonomopoulos Il. I.,"Πλήρης γενικὴ Ἐπιστολογραφία μετὰ τελείου συστήματος ἐγγραφολογίας, ἐμπορευματολογίας καὶ πρακτικῆς καταστιχογραφίας","Complete General Letter Writing Manual with a perfect system of document writing, merchandise knowledge and practical bookkeeping","8ον, σελίδες ις΄–870",25,Δρχ.,
1904,IMG_1451.jpeg,Ἐμπορικά,Commercial / Commerce,,LEROY-BEAULIEU PAUL,Leroy-Beaulieu Paul,"Ἐγχειρίδιον Πλουτολογίας ἢ τῆς οἰκονομικῆς ἐπιστήμης, μετάφρασις Κ. Ἀ. Κυπριάδου","Handbook of Plutology or Economic Science, translated by K. A. Kypriados","8ον, σελίδες 464",25,Δρχ.,Translated by K. A. Kypriados
1904,IMG_1451.jpeg,Ἐμπορικά,Commercial / Commerce,,ΙΑΚΩΒΙΔΟΥ Ι.,Iakovidis I.,"Ἀριθμητικὴ ἐφαρμοσμένη εἰς τὴν ἐμπορίαν, βιβλία δύο","Arithmetic Applied to Commerce, two books","8ον, σελίδες ι6΄ 152x8΄ 96",10,Δρχ.,
1904,IMG_1451.jpeg,Ἐμπορικά,Commercial / Commerce,,ΚΟΕΜΤΖΟΠΟΥΛΟΥ Π.,Koemtzopoulos P.,"Λογιστής, ἤτοι αἱ ἀπαραίτητοι παντὶ ἐμπόρῳ γνώσεις","Accountant, or the Essential Knowledge for Every Merchant","8ον, σελίδες 275",10,Δρχ.,
1904,IMG_1451.jpeg,Ἐμπορικά,Commercial / Commerce,,ΙΑΚΩΒΙΔΟΥ Ι.,Iakovidis I.,Ἑρμῆς κατὰ γῆν καὶ θάλασσαν,Hermes by Land and Sea,"8ον, σελ. ιδ΄–240",10,Δρχ.,
1904,IMG_1451.jpeg,Ἐμπορικά,Commercial / Commerce,,ΙΑΚΩΒΙΔΟΥ Ι.,Iakovidis I.,Χρυσαῖ καὶ ἀργυραῖ ὕλαι,Gold and Silver Materials,"8ον, σελίδες η΄–184",15,Δρχ.,
1904,IMG_1451.jpeg,Ἐμπορικά,Commercial / Commerce,,ΖΥΓΟΥΡΑ Ξ. Θ.,Zygouras X. Th.,Πρακτικὸς βίος τοῦ ἐμπόρου καὶ τοῦ διαχειριστοῦ,Practical Life of the Merchant and Manager,σ. 304,12,Δρχ.,
1904,IMG_1451.jpeg,Ἐμπορικά,Commercial / Commerce,,ΖΥΓΟΥΡΑ Ξ. Θ.,Zygouras X. Th.,Δοκίμιον ἐμπορευματολογίας,Essay on Merchandise Knowledge,σελίδες 127,9,Δρχ.,
1904,IMG_1451.jpeg,Ἐμπορικά,Commercial / Commerce,,ΖΥΓΟΥΡΑ Ξ. Θ.,Zygouras X. Th.,Ὁδηγὸς τοῦ ἐμποροϋπαλλήλου πρὸς ἀνάδειξιν αὐτοῦ,Guide for the Commercial Employee towards Self-Advancement,σ. 184,10,Δρχ.,
1904,IMG_1451.jpeg,Ἐμπορικά,Commercial / Commerce,,ΖΥΓΟΥΡΑ Ξ. Θ.,Zygouras X. Th.,"Ἐμπορικὴ καὶ Βιομηχανικὴ Οἰκονομία, ἐκτεθεῖσα κατὰ τὸ περὶ πλουτολογίας σύγγραμμα","Commercial and Industrial Economics, set forth according to the treatise on plutology","8ον, σ. 168",12,Δρχ.,
1904,IMG_1451.jpeg,Ἐμπορικά,Commercial / Commerce,,ΖΥΓΟΥΡΑ Ξ. Θ.,Zygouras X. Th.,"Γεωργικὴ Καταστιχογραφία καὶ Οἰκονομία, ἐφαρμοζομένη εἰς πᾶν εἶδος καλλιεργίας","Agricultural Bookkeeping and Economics, applied to all kinds of cultivation","8ον, σελίδες 76",5,Δρχ.,
1904,IMG_1451.jpeg,Ἐμπορικά,Commercial / Commerce,,ΖΥΓΟΥΡΑ Ξ. Θ.,Zygouras X. Th.,Στοιχεῖα διαχειριστικῆς,Elements of Management,"μέγα 8ον, σελίδες 32",4,Δρχ.,
1904,IMG_1451.jpeg,Ἐμπορικά,Commercial / Commerce,,FAURE G.,Faure G.,"Λογιστικὴ καὶ Διπλογραφία ἄνευ διδασκάλου, μεταφρασθεῖσα ὑπὸ Χ. Χριστοβασίλη","Accounting and Double-Entry Bookkeeping without a Teacher, translated by Ch. Christovasilis","8ον, σ. 416",20,Δρχ.,Translated by Ch. Christovasilis
1904,IMG_1451.jpeg,Ἐμπορικά,Commercial / Commerce,,GARNIER J.,Garnier J.,"Ἐγχειρίδιον οἰκονομολογικόν, μετάφρασις Χρ. Ἀθ. Ζάππα","Handbook of Economics, translated by Chr. Ath. Zappas","μέγα 8ον, σελίδες η΄-670",20,Δρχ.,Translated by Chr. Ath. Zappas
1904,IMG_1451.jpeg,Ἐμπορικά,Commercial / Commerce,,ΘΕΟΧΑΡΗ ΣΤ. Κ.,Theocharis St. K.,Ἐμπορικὴ καὶ βιομηχανικὴ γεωγραφία τῶν πέντε μερῶν τοῦ κόσμου,Commercial and Industrial Geography of the Five Parts of the World,"Τόμοι 2, 8ον, σελ. 344",24,Δρχ.,
1904,IMG_1451.jpeg,Ἐμπορικά,Commercial / Commerce,,ΘΕΟΧΑΡΗ ΣΤ. Κ.,Theocharis St. K.,"Ἱστορία ἐπίτομος τοῦ ἐμπορίου, τῆς ναυτιλίας καὶ βιομηχανίας ὅλων τῶν ἐθνῶν, κατὰ Blanqui","Epitome of the History of Commerce, Shipping, and Industry of All Nations, according to Blanqui","8ον, σελίδες ις΄–160",6,Δρχ.,According to Blanqui
1904,IMG_1451.jpeg,Ἐμπορικά,Commercial / Commerce,,ΙΑΚΩΒΙΔΟΥ Ι.,Iakovidis I.,Ἐμπορικὸς Ὁδηγός,Commercial Guide,"8ον, σελίδες ζ΄–550",50,Δρχ.,
1904,IMG_1451.jpeg,Ἐμπορικά,Commercial / Commerce,,ΖΥΓΟΥΡΑ Ξ. Θ.,Zygouras X. Th.,"Μεγάλη Ἐπιστολογραφία. Οἰκογενειακὴ – Ἐμπορική – Δημοσία, εἰς ἑλληνικὴν καὶ γαλλικὴν γλῶσσαν","Great Letter Writing Manual: Family – Commercial – Public, in Greek and French languages","8ον, σελίδες 664",20,Δρχ.,
1904,IMG_1452.jpeg,Ἐμπορικά,Commerce,,ΦΙΛΩΝΟΣ Ν.,Filon N.,"Ἐγχειρίδιον Ἐμπορικῆς Ἀλληλογραφίας, ἤτοι ὁδηγὸς πρὸς σύνταξιν τελείων ἐμπορικῶν ἐπιστολῶν","Handbook of Commercial Correspondence, or guide to drafting perfect commercial letters","8ον, σελίδες η΄-204",14.—,Δρ.,
1904,IMG_1452.jpeg,Ἐμπορικά,Commerce,,ΧΡΟΝΗ ΜΙΧ.,Chronis Mich.,Ὁ Ἑρμῆς,Hermes,σελ. 63,5.—,Δρ.,
1904,IMG_1452.jpeg,Ἐμπορικά,Commerce,,ΧΡΗΣΤΟΒΑΣΙΛΗ,Christovasili,"Αὐτοδίδακτος Διπλογραφία, ἤτοι τελεία ἐκμάθησις τῆς καταστιχογραφίας πρακτικῶς καὶ θεωρητικῶς εἰς δέκα μόνον ἡμέρας","Self-taught Double-entry Bookkeeping, i.e. complete learning of bookkeeping practically and theoretically in only ten days","8ον, σ. 194",12.—,Δρ.,
1904,IMG_1452.jpeg,Ἐμπορικά,Commerce,,ΧΑΡΙΣΙΑΔΟΥ Ν.,Charisiadou N.,Ἐπίτομος Πλουτολογία ἢ Πολιτικὴ Οἰκονομία,Abridged Plutology or Political Economy,"8ον, σ. 90",5.—,Δρ.,
1904,IMG_1452.jpeg,Ἐμπορικά,Commerce,,ΧΑΡΙΣΙΑΔΟΥ Ν.,Charisiadou N.,"Λογιστικῆς στοιχεῖα. Μέρος Β΄: Ἐμπορική, βιομηχανικὴ καὶ τραπεζιτικὴ διπλογραφία","Elements of Accounting. Part II: Commercial, industrial, and banking double-entry bookkeeping","8ον, σελίδες 172",10.—,Δρ.,
1904,IMG_1452.jpeg,Ἐμπορικά,Commerce,,ΧΑΡΙΣΙΑΔΟΥ Ν.,Charisiadou N.,Λογιστικῆς στοιχεῖα. Μέρος Α΄: Διπλογραφία,Elements of Accounting. Part I: Double-entry Bookkeeping,"8ον, σ. 96",7.—,Δρ.,
1904,IMG_1452.jpeg,Ἐμπορικά,Commerce,,ΧΑΡΑΤΖΗ Δ.,Charatzis D.,"Διπλογραφία καὶ ἐμπορικὴ Λογιστική, κατὰ τὸν ὁλλανδικὸν τρόπον","Double-entry Bookkeeping and Commercial Accounting, according to the Dutch method","4ον, σελίδες 72",8.—,Δρ.,
1904,IMG_1452.jpeg,Ἐμπορικά,Commerce,,ΦΩΤΙΑΔΟΥ Π. Σ.,Fotiadou P. S.,"Ὁδηγὸς συναλλαττομένων, ἤτοι περὶ δεκαδικοῦ συστήματος καὶ νομισμάτων, μέτρων καὶ σταθμῶν","Guide for Traders, or on the decimal system and currencies, weights, and measures","8ον, σελίδες 64",2.20,Δρ.,
1904,IMG_1452.jpeg,Ἐμπορικά,Commerce,,ΤΣΙΛΙΜΙΓΚΡΑ Α. Δ.,Tsilimigras A. D.,"Ὁδηγὸς τοῦ διὰ τῶν ἀλγεβρικῶν λογαρίθμων λογισμοῦ, μετὰ πινάκων","Guide to Calculation by Algebraic Logarithms, with tables","8ον, σελίδες 151",16.—,Δρ.,
1904,IMG_1452.jpeg,Ἐμπορικά,Commerce,,ΣΠΗΛΙΟΠΟΥΛΟΥ Ε. Σ.,Spiliopoulos E. S.,Διδασκαλία Διπλογραφικῆς Καταστιχώσεως,Instruction on Double-Entry Bookkeeping Registration,4ον,10.—,Δρ.,
1904,IMG_1452.jpeg,Ἐμπορικά,Commerce,,ΣΠΗΛΙΟΠΟΥΛΟΥ Ε. Σ.,Spiliopoulos E. S.,Συγκριτικὸς Πίναξ τῶν παλαιῶν μέτρων καὶ σταθμῶν πρὸς τὰ τοῦ δεκαδικοῦ συστήματος: Τιμὴ τοῦ χιλιογράμμου καὶ τῶν ὑποδιαιρέσεων αὐτοῦ,Comparative Table of old measures and weights to those of the decimal system: Price of the kilogram and its sub-units,,0.20,Δρ.,
1904,IMG_1452.jpeg,Ἐμπορικά,Commerce,,ΣΟΥΤΣΟΥ Ι. Α.,Soutsos I. A.,"Πλουτολογία, τόμοι 2","Plutology / Political Economy, 2 volumes","8ον, σελίδες ιη΄-1512",40.—,Δρ.,
1904,IMG_1452.jpeg,Ἐμπορικά,Commerce,,ΣΑΚΕΛΛΑΡΙΔΟΥ Ι. ΓΡ.,Sakellaridou I. Gr.,Νέα Μέθοδος πρακτικῆς καὶ ἁπλουστάτης Διπλογραφίας,New Method of Practical and Simple Double-Entry Bookkeeping,"8ον, σελίδες 16+2 πίναξι",10.—,Δρ.,
1904,IMG_1452.jpeg,Ἐμπορικά,Commerce,,ROSENTHAL S. & TAPPONNIER A.,Rosenthal S. & Tapponnier A.,"Table d'intérêt simple, à 6%, 5%, 4%, 3%, 2%, 1% par année","Table of simple interest, at 6%, 5%, 4%, 3%, 2%, 1% per year",8ον,20.—,Δρ.,
1904,IMG_1452.jpeg,Ἐμπορικά,Commerce,,ΡΟΥΣΟΠΟΥΛΟΥ Ο. Α.,Rousopoulos O. A.,Ἐμπορευματολογία,Merchandise Studies / Commodity Science,"8ον, σελ. 160",25.—,Δρ.,
1904,IMG_1452.jpeg,Ἐμπορικά,Commerce,,ΡΑΦΤΑΝΗ ΣΕΡΓΙΟΥ Χ.,Raftanis Sergios Ch.,"Τοκολόγιον, ἤτοι Τοκοφόροι πίνακες ἁπασῶν τῶν ἡμερῶν τοῦ ἔτους ἐπὶ ὡρισμένων κεφαλαίων, χρόνων καὶ ἐπιτοκίων","Interest Tables, or Interest-bearing tables for all days of the year on specified capitals, durations, and interest rates","8ον, σελίδες κδ — 438",24.—,Δρ.,
1904,IMG_1452.jpeg,Ἐμπορικά,Commerce,,ΠΑΝΑ Ν. Π.,Panas N. P.,Ἐγχειρίδιον περὶ ναυτικῆς ἐμπορίας,Handbook on Maritime Commerce,"8ον, σελ. 132",5.—,Δρ.,
1904,IMG_1452.jpeg,Ἐμπορικά,Commerce,,ΤΖΑΝΕΤΑΚΗ Π. Π.,Tzanetakis P. P.,"Πίνακες, ἐμφαίνοντες τοὺς τόκους τοὺς ἀντιστοιχοῦντας εἰς ἕκαστον τοκάριθμον πρὸς 4—9 τοῖς %. Πίνακες 9 χαρτόδετοι",Tables showing the interest corresponding to each interest number at 4-9%. 9 hardbound tables,,20.—,Δρ.,
1904,IMG_1453.jpeg,ΝΑΥΤΙΚΑ,Nautical / Maritime,,MIAOULIS A. A.,Miaoulis A. A.,The tides of the Euripus,The tides of the Euripus,μετὰ 12 πινάκων +,5.—,Δρχ.,
1904,IMG_1453.jpeg,ΝΑΥΤΙΚΑ,Nautical / Maritime,,ΠΑΣΧΑΛΗ Ε. Γ.,Paschalis E. G.,Ναυτικὸς τηλεγραφικὸς ὁδηγός,Nautical Telegraphic Guide,"4ον, σελ. ε΄—303+",30.—,Δρχ.,
1904,IMG_1453.jpeg,ΝΑΥΤΙΚΑ,Nautical / Maritime,,ΡΑΖΗ ΛΟΥΚΑΤΟΥ Δ.,Razis Loukatos D.,Τὸ περιπλανώμενον σκάφος ἐν τῷ ὠκεανῷ καὶ ὁδηγίαι πρὸς διακυβέρνησιν αὐτοῦ,The drifting vessel in the ocean and instructions for its command,"4ον, σελίδες 96 + +",10.—,Δρχ.,
1904,IMG_1453.jpeg,ΝΑΥΤΙΚΑ,Nautical / Maritime,,ΣΥΡΙΓΟΥ Ν. Α.,Syrigos N. A.,"Σχήματα λιμένων τῆς Μεσογείου, Ἀδριατικῆς, Μαύρης καὶ Ἀζοφικῆς θαλάσσης","Diagrams of ports of the Mediterranean, Adriatic, Black and Azov Seas","8ον, σελ. 42 +",8.—,Δρχ.,
1904,IMG_1453.jpeg,ΝΑΥΤΙΚΑ,Nautical / Maritime,,ΣΥΡΙΓΟΥ Ν. Α.,Syrigos N. A.,"Διατίμησις τῶν ναύλων διὰ τοὺς λιμένας τῆς Μεσογείου, Ἀγγλίας καὶ Ἰσπανίας","Tariff of freights for the ports of the Mediterranean, England and Spain",σελ. 32 +,2.20,Δρχ.,
1904,IMG_1453.jpeg,ΝΑΥΤΙΚΑ,Nautical / Maritime,,ΣΥΡΙΓΟΥ Ν. Α.,Syrigos N. A.,"Λιμενοδείκτης, ἤτοι σχήματα λιμένων καὶ συχναζομένων πορθμῶν καὶ παραλίων τῶν θαλασσῶν Μαρμαρᾶ, Μαύρης καὶ Ἀζοφικῆς","Port Guide, i.e. diagrams of ports and frequented straits and coasts of the Marmara, Black and Azov Seas",πίνακες 56 +,25.—,Δρχ.,
1904,IMG_1453.jpeg,ΝΑΥΤΙΚΑ,Nautical / Maritime,,MIAOULIS A. A.,Miaoulis A. A.,La marée de l'Euripe,The tide of Euripus,"pages 21, avec 12 tables +",5.—,Δρχ.,
1904,IMG_1453.jpeg,ΝΑΥΤΙΚΑ,Nautical / Maritime,,ΣΥΡΙΓΟΥ Ν. Α.,Syrigos N. A.,"Φάροι καὶ Φανοὶ τῆς Μεσογείου, Ἀδριατικῆς, Μαύρης καὶ Ἀζοφικῆς θαλάσσης","Lighthouses and Lights of the Mediterranean, Adriatic, Black and Azov Seas","8ον, σελ. 304 +",18.—,Δρχ.,
1904,IMG_1453.jpeg,ΝΑΥΤΙΚΑ,Nautical / Maritime,,ΜΑΥΡΟΜΜΑΤΟΥ Ι. Γ.,Mavrommatis I. G.,"Νέος Πρωρεύς, ἢ πρακτικὴ διδασκαλία τῆς ναυτικῆς μετὰ προβλημάτων καὶ ἑρμηνειῶν ἐφαρμοσμένων πρὸς τὴν ἀκτοπλοΐαν καὶ ποντοπλοΐαν, κατὰ τὸν Νότιέ","New Bowsman, or practical instruction of seamanship with problems and interpretations applied to coastal and open-sea navigation, according to Norie","8ον, σελ. θ΄—576+",30.—,Δρχ.,
1904,IMG_1453.jpeg,ΝΑΥΤΙΚΑ,Nautical / Maritime,,ΣΥΡΙΓΟΥ Ν. Α.,Syrigos N. A.,Βοηθητικὰ ἐπὶ τοῦ βιβλίου Φανῶν καὶ Λιμενοδεικτῶν,Auxiliary notes on the book of Lights and Port Guides,"8ον, σελίδες 42 +",7.—,Δρχ.,
1904,IMG_1453.jpeg,ΝΑΥΤΙΚΑ,Nautical / Maritime,,ΜΑΥΡΟΜΜΑΤΟΥ Ι. Γ.,Mavrommatis I. G.,Ἀπάνθισμα τῆς ναυτικῆς ἐπιστήμης,Anthology of Nautical Science,"8ον, σ. 489+",30.—,Δρχ.,
1904,IMG_1453.jpeg,ΝΑΥΤΙΚΑ,Nautical / Maritime,,ΓΟΥΔΑ ΜΙΧ.,Gouda Mich.,"Στοιχεῖα πρακτικῆς Ναυτιλίας, πρὸς χρῆσιν τῶν ἐμποροπλοιάρχων.—Ναυτιλία κατ' ἀναμέτρησιν","Elements of Practical Navigation, for the use of merchant captains.—Dead reckoning navigation","8ον, σελίδες 155. Πίνακες 1—97+",25.—,Δρχ.,
1904,IMG_1453.jpeg,ΝΑΥΤΙΚΑ,Nautical / Maritime,,ΓΟΥΔΑ ΜΙΧ.,Gouda Mich.,"Διεθνὴς Κῶδιξ σημάτων, πρὸς χρῆσιν πλοίων παντὸς ἔθνους, καταρτισθεὶς καὶ μεταφρασθεὶς διαταγῇ τοῦ ἐπὶ τῶν ναυτικῶν ὑπουργείου","International Code of Signals, for the use of ships of all nations, compiled and translated by order of the Ministry of Naval Affairs","4ον, σελίδες 521 καὶ 16 πίνακες, πανδόδετον+",130.—,Δρχ.,
1904,IMG_1453.jpeg,ΝΑΥΤΙΚΑ,Nautical / Maritime,,ΗΣΑΪΟΥ ΙΩΣΗΦ,Isaiou Joseph,"Ὁδηγὸς τῶν ναυτιλλομένων ἑλλήνων πλοιάρχων, κυβερνητῶν καὶ ναυτῶν","Guide for seafaring Greek captains, masters and sailors","8ον, σ. 300 +",10.—,Δρχ.,
1904,IMG_1453.jpeg,ΝΑΥΤΙΚΑ,Nautical / Maritime,,ΚΑΡΟΥΣΟΥ ΟΔ. Δ.,Karousos Od. D.,Ἑλληνικὸς τηλεγραφικὸς Κῶδιξ,Greek Telegraphic Code,"μέγα 8ον, σ. 224, δεδ.",20.—,Δρχ.,
1904,IMG_1453.jpeg,ΝΑΥΤΙΚΑ,Nautical / Maritime,,ΜΑΥΡΟΜΜΑΤΟΥ Ι. Γ.,Mavrommatis I. G.,"Λιμενοδείκτης τῆς Μεσογείου, τοῦ Ἀδριατικοῦ κόλπου, τῶν νήσων τοῦ Αἰγαίου, τῆς Προποντίδος, τῶν ἀκτῶν τῆς Ἀνατολῆς, Συρίας, Αἰγύπτου, Ἀφρικῆς καὶ Μαύρης Θαλάσσης, ὑπὸ Νορἰὲ καὶ Λαμβερτού","Port Guide of the Mediterranean, Adriatic Gulf, Aegean Islands, Propontis, coasts of the East, Syria, Egypt, Africa and Black Sea, by Norie and Lambert","8ον, σελ. η΄—582+",30.—,Δρχ.,
1904,IMG_1453.jpeg,ΝΑΥΤΙΚΑ,Nautical / Maritime,,ΚΟΥΤΣΟΒΙΛΛΗ Ν. Γ.,Koutsovillis N. G.,"Περὶ παρεκτροπῆς τῶν πυξίδων, μετὰ 35 εἰκόνων καὶ 8 πινάκων καὶ πολλῶν παραδειγμάτων","On compass deviation, with 35 illustrations and 8 tables and many examples","μέγ. 8ον, σ. 152+",50.—,Δρχ.,
1904,IMG_1453.jpeg,ΝΑΥΤΙΚΑ,Nautical / Maritime,,ΚΟΥΤΣΟΒΙΛΛΗ Ν. Γ.,Koutsovillis N. G.,"Περὶ ἐξαρτισμοῦ τῶν πλοίων, ἤτοι ἐξέτασις, καταμέτρησις καὶ ἀναλογία τῶν ἐμπορικῶν πλοίων παντὸς εἴδους. Ἁπλαῖ μέθοδοι τοῦ σχεδιάζειν καὶ ἐξαρτύειν πλοῖα καὶ λέμβους, κόπτειν ἐν ἀναλογίᾳ καὶ ἐφαρμογὴν ἱστίων, σχοινίων κλπ. κλπ., μετ' εἰκόνων","On the rigging of ships, namely examination, measurement and proportion of merchant vessels of all types. Simple methods of designing and rigging ships and boats, cutting to proportion and fitting sails, ropes etc. etc., with illustrations","μέγ. 8ον, σελίδες 140 +",12.—,Δρχ.,
1904,IMG_1453.jpeg,ΝΑΥΤΙΚΑ,Nautical / Maritime,,ΜΑΝΤΖΑΒΙΝΟΥ Μ. Π.,Mantzavinos M. P.,Περιγραφὴ Φάρων καὶ Πυρσῶν καὶ πολλῶν ἄλλων ἀντικειμένων καὶ Σημείων,Description of Lighthouses and Beacons and many other objects and Signals,σελ. 136+,10.—,Δρχ.,
1904,IMG_1453.jpeg,ΝΑΥΤΙΚΑ,Nautical / Maritime,,ΚΟΥΤΣΟΒΙΛΛΗ Ν. Γ.,Koutsovillis N. G.,"Νέος Λιμενοδείκτης πλήρης, μετὰ 250 ὀλοσελίδων λιμενικῶν χαρτῶν, πραγματευόμενος τὸν ὁρισμὸν τῆς γεωγραφικῆς θέσεως τῶν τόπων καὶ τοῦ μεγέθους αὐτῶν, περιγραφὴν τῶν λιμένων, ἐν γένει ὅρμων, νήσων, νησιδίων, ἐπικινδύνων ὑφάλων, βράχων καὶ βαθῶν· τὴν τοπικὴν παραλλαγὴν τῆς μαγνητικῆς βελόνης καὶ τὴν τοποθέτησιν τῶν φάρων καὶ φανῶν μέχρι τοῦ 1899","New Complete Port Pilot, with 250 full-page harbour charts, dealing with the determination of geographical positions and their sizes, description of ports, bays, islands, islets, dangerous shoals, rocks and depths; local magnetic variation and placement of lighthouses up to 1899","μέγα 8ον, σελίδες 608 +",75.—,Δρχ.,
1904,IMG_1454.jpeg,"ΓΕΩΡΓΙΚΑ, ΒΙΟΜΗΧΑΝΙΚΑ, ΤΕΧΝΙΚΑ","Agricultural, Industrial, Technical",,ΓΕΝΝΑΔΙΟΥ Π. Γ.,Gennadiou P. G.,Περὶ βάμβακος,On Cotton,"8ον, σελίδες 117+",15.—,Δρχ.,
1904,IMG_1454.jpeg,"ΓΕΩΡΓΙΚΑ, ΒΙΟΜΗΧΑΝΙΚΑ, ΤΕΧΝΙΚΑ","Agricultural, Industrial, Technical",,ΔΙΟΝΥΣΙΟΥ ΙΕΡΟΜΟΝΑΧΟΥ ΤΟΥ ΖΩΓΡΑΦΟΥ,Dionysiou Hieromonachou tou Zographou,"Ἑρμηνεία τῶν ζωγράφων, ὡς πρὸς τὴν ἐκ-","Interpretation of painters, regarding...",,,Δρχ.,Incomplete entry at bottom of page
1904,IMG_1454.jpeg,"ΓΕΩΡΓΙΚΑ, ΒΙΟΜΗΧΑΝΙΚΑ, ΤΕΧΝΙΚΑ","Agricultural, Industrial, Technical",,ΔΗΜΗΤΡΙΑΔΟΥ ΡΑΪΝΟΛΔΟΥ,Dimitriatou Reinoldou,"Κτηνοτροφία Ἑλληνική, μετὰ πολλῶν εἰκόνων","Greek Livestock Farming, with many illustrations","8ον, σ. 360+",20.—,Δρχ.,
1904,IMG_1454.jpeg,"ΓΕΩΡΓΙΚΑ, ΒΙΟΜΗΧΑΝΙΚΑ, ΤΕΧΝΙΚΑ","Agricultural, Industrial, Technical",,ΔΗΜΗΤΡΙΑΔΟΥ ΡΑΪΝΟΛΔΟΥ,Dimitriatou Reinoldou,"Γεωργικά, ἤτοι περὶ καλλιεργείας τῶν σιτηρῶν, τῆς ἀμπέλου καὶ σταφιδαμπέλου, τοῦ καπνοῦ, τῶν λαχανικῶν κτλ.","Agricultural matters, namely on the cultivation of cereals, vines and raisin-vines, tobacco, vegetables, etc.","8ον, σελ. 222+",13.—,Δρχ.,
1904,IMG_1454.jpeg,"ΓΕΩΡΓΙΚΑ, ΒΙΟΜΗΧΑΝΙΚΑ, ΤΕΧΝΙΚΑ","Agricultural, Industrial, Technical",,ΔΗΜΗΤΡΙΑΔΟΥ ΑΛΕΞ.,Dimitriatou Alex.,"Ὁ Διασταλακτής (λαμπικαριστής), ὁ κατασκευάζων ποτά","The Distiller (still operator), maker of beverages",σελίδες 660,15.—,Δρχ.,
1904,IMG_1454.jpeg,"ΓΕΩΡΓΙΚΑ, ΒΙΟΜΗΧΑΝΙΚΑ, ΤΕΧΝΙΚΑ","Agricultural, Industrial, Technical",,ΔΑΜΒΕΡΓΗ καὶ ΚΟΜΝΗΝΟΥ,Damvergi and Komninou,"Ὁδηγὸς πρὸς ἐξέτασιν ἐδωδίμων καὶ ποτῶν, ὑφασμάτων, χάρτου, δερμάτων, ἑψικῶν καὶ χρωστικῶν οὐσιῶν, καυσίμων, φωτιστικῶν, οἰκοδομησίμων ὑλῶν, σάπωνος, μηχανῶν, λιπασμάτων, μαγειρικῶν σκευῶν, κοσμητικῶν εἰδῶν, μεταλλευμάτων, μετάλλων, μεταλλοκραμάτων καὶ ἐκρηκτικῶν οὐσιῶν, ὡς καὶ εἰδῶν χρησίμων τῷ στρατῷ καὶ τῷ ναυτικῷ, μετὰ πολυαρίθμων πινάκων καὶ σχημάτων","Guide to the examination of edibles and drinks, fabrics, paper, hides, tanning and coloring substances, fuels, illuminants, building materials, soap, machines, fertilizers, cookware, cosmetics, ores, metals, alloys, and explosives, as well as items useful for the army and navy, with numerous tables and diagrams","8ον, σελίδες ια'—880+",150.—,Δρχ.,
1904,IMG_1454.jpeg,"ΓΕΩΡΓΙΚΑ, ΒΙΟΜΗΧΑΝΙΚΑ, ΤΕΧΝΙΚΑ","Agricultural, Industrial, Technical",,ΓΚΙΝΝΟΠΟΥΛΟΥ Ν. Σ.,Gkinnopoulou N. S.,Οἰκιακὴ Μαγειρική,Domestic Cookery,σελίδες 132+,3.—,Δρχ.,
1904,IMG_1454.jpeg,"ΓΕΩΡΓΙΚΑ, ΒΙΟΜΗΧΑΝΙΚΑ, ΤΕΧΝΙΚΑ","Agricultural, Industrial, Technical",,ΓΕΩΡΓΑΚΟΠΟΥΛΟΥ Α. Ν.,Georgakopoulou A. N.,Ἐγχειρίδιον Ἐλαιουργίας,Handbook of Olive Oil Production,"8ον, σελ. 176+",18.—,Δρχ.,
1904,IMG_1454.jpeg,"ΓΕΩΡΓΙΚΑ, ΒΙΟΜΗΧΑΝΙΚΑ, ΤΕΧΝΙΚΑ","Agricultural, Industrial, Technical",,ΓΕΝΝΑΔΙΟΥ Π. Γ.,Gennadiou P. G.,"Περὶ κοκκοειδῶν (ψωριάσεων τῶν φυτῶν) καὶ ἰδίως περὶ τοῦ κοκκίνου κρεμεζίου, τῶν ἑσπεριδοειδῶν",On Coccoidea (scale insects of plants) and particularly on red cochineal of citrus plants,"32ον, σελίδες 51+",3.—,Δρχ.,
1904,IMG_1454.jpeg,"ΓΕΩΡΓΙΚΑ, ΒΙΟΜΗΧΑΝΙΚΑ, ΤΕΧΝΙΚΑ","Agricultural, Industrial, Technical",,ΒΟΥΡΟΥ Ν. Γ.,Vourou N. G.,Κηπουρικὸν Ἡμερολόγιον Διαρκές,Perpetual Gardening Calendar,σελ. 272++,5.—,Δρχ.,
1904,IMG_1454.jpeg,"ΓΕΩΡΓΙΚΑ, ΒΙΟΜΗΧΑΝΙΚΑ, ΤΕΧΝΙΚΑ","Agricultural, Industrial, Technical",,ΓΕΩΡΓΙΑΔΟΥ Α. Ι.,Georgiadou A. I.,Οἰκιακὴ δενδροκομία,Domestic Arboriculture,σελίδες 64+,2.20,Δρχ.,
1904,IMG_1454.jpeg,"ΓΕΩΡΓΙΚΑ, ΒΙΟΜΗΧΑΝΙΚΑ, ΤΕΧΝΙΚΑ","Agricultural, Industrial, Technical",,BATIFOI Κ.,Vatifoi K.,Ἐγχειρίδιον βαφικῆς,Handbook of Dyeing,"32ον, σελίδες 61+",4.—,Δρχ.,
1904,IMG_1454.jpeg,"ΓΕΩΡΓΙΚΑ, ΒΙΟΜΗΧΑΝΙΚΑ, ΤΕΧΝΙΚΑ","Agricultural, Industrial, Technical",,BERTHAUT,Berthaut,"Διδασκαλία πρὸς ἀνάγνωσιν τῶν Τοπογραφικῶν Χαρτῶν, μετάφρασις Δ. Παπαδήμα","Instruction for reading Topographical Maps, translation by D. Papadimas",σελ. 63+,5.—,Δρχ.,
1904,IMG_1454.jpeg,"ΓΕΩΡΓΙΚΑ, ΒΙΟΜΗΧΑΝΙΚΑ, ΤΕΧΝΙΚΑ","Agricultural, Industrial, Technical",,ΑΓΑΠΙΟΥ ΜΟΝΑΧΟΥ,Agapios Monachos,"Γεωπονικόν, ἐν ᾧ περιέχονται ἑρμηνεῖαι περὶ σπερματώσεως καρπῶν καὶ φυτεύσεως δένδρων, ἔτι περὶ διαφόρων ἰατρικῶν εἰς πᾶσαν ἀσθένειαν καὶ ἄλλων τινῶν","Geoponikon, containing explanations on seed sowing of fruits and planting of trees, also on various remedies for every disease and other topics",σ. 144+,2.—,Δρχ.,
1904,IMG_1454.jpeg,"ΓΕΩΡΓΙΚΑ, ΒΙΟΜΗΧΑΝΙΚΑ, ΤΕΧΝΙΚΑ","Agricultural, Industrial, Technical",,ΑΘΑΝΑΣΙΑΔΟΥ Ν.,Athanasiadou N.,"Πρακτικὸν Ἐγχειρίδιον Γεωργίας, περιέχον Κηπουρικήν, Φυτοκομίαν, Δενδροκομίαν, Ἀμπελουργίαν ὡς καὶ Μηχανικὴν Ἀγρονομίαν","Practical Handbook of Agriculture, containing Gardening, Plant Cultivation, Arboriculture, Viticulture as well as Mechanical Agronomy","32ον, σελίδες 189+",4.—,Δρχ.,
1904,IMG_1454.jpeg,"ΓΕΩΡΓΙΚΑ, ΒΙΟΜΗΧΑΝΙΚΑ, ΤΕΧΝΙΚΑ","Agricultural, Industrial, Technical",,ΑΛΕΞΑΝΔΡΙΔΟΥ Ι.,Alexandridou I.,Χρυσοποιία καὶ λεξικὸν τῆς χρυσοποιίας κατὰ στοιχεῖον,Goldsmithing and alphabetical dictionary of goldsmithing,"8ον, σελίδες 92Χ",3.—,Δρχ.,
1904,IMG_1454.jpeg,"ΓΕΩΡΓΙΚΑ, ΒΙΟΜΗΧΑΝΙΚΑ, ΤΕΧΝΙΚΑ","Agricultural, Industrial, Technical",,ΑΛΕΞΙΑΔΟΥ Β. Δ.,Alexiadou V. D.,"Πρακτικὴ Μαγειρική, ἤτοι λεπτομερεῖς πρακτικαὶ ὁδηγίαι πρὸς κατασκευὴν φαγητῶν μετὰ 454 συνταγῶν καὶ εἰκόνων","Practical Cookery, namely detailed practical instructions for preparing meals with 454 recipes and illustrations","8ον, σελ. 159+",6.—,Δρχ.,
1904,IMG_1454.jpeg,"ΓΕΩΡΓΙΚΑ, ΒΙΟΜΗΧΑΝΙΚΑ, ΤΕΧΝΙΚΑ","Agricultural, Industrial, Technical",,ΑΓΑΠΙΟΥ ΜΟΝΑΧΟΥ,Agapios Monachos,Γεωπονικόν (ἔκδ. Βενετίας),Geoponikon (Venice edition),"σελίδες 168, χαρτόδετον +",5.—,Δρχ.,
1904,IMG_1454.jpeg,"ΓΕΩΡΓΙΚΑ, ΒΙΟΜΗΧΑΝΙΚΑ, ΤΕΧΝΙΚΑ","Agricultural, Industrial, Technical",,ΑΛΕΞΙΑΔΟΥ Β. Δ.,Alexiadou V. D.,"Μεγάλη Ζαχαροπλαστική, ἤτοι λεπτομερεῖς πρακτικαὶ ὁδηγίαι πρὸς κατασκευὴν διαφόρων γλυκυσμάτων, ποτῶν κτλ., μετ' εἰκόνων","Great Confectionery, namely detailed practical instructions for preparing various sweets, drinks etc., with illustrations","8ον, σ. 277+",9.—,Δρχ.,
1904,IMG_1454.jpeg,"ΓΕΩΡΓΙΚΑ, ΒΙΟΜΗΧΑΝΙΚΑ, ΤΕΧΝΙΚΑ","Agricultural, Industrial, Technical",,ΑΛΕΞΙΟΥ Α. Ι.,Alexiou A. I.,Ἐγχειρίδιον Ζαχαροπλαστικῆς,Handbook of Confectionery,"8ον, σελ. 186+",12.—,Δρχ.,
1904,IMG_1454.jpeg,"ΓΕΩΡΓΙΚΑ, ΒΙΟΜΗΧΑΝΙΚΑ, ΤΕΧΝΙΚΑ","Agricultural, Industrial, Technical",,ΒΑΡΒΑΤΗ Κ.,Varvati K.,Πρακτικὰ μαθήματα μελισσοκομίας,Practical lessons in apiculture,"8ον, σελ. 235+",6.—,Δρχ.,
1904,IMG_1454.jpeg,"ΓΕΩΡΓΙΚΑ, ΒΙΟΜΗΧΑΝΙΚΑ, ΤΕΧΝΙΚΑ","Agricultural, Industrial, Technical",,ΑΛΕΞΙΑΔΟΥ Β. Δ.,Alexiadou V. D.,"Μεγάλη οἰκογενειακὴ Μαγειρικὴ καὶ Ζαχαροπλαστική, ἤτοι λεπτομερεῖς πρακτικαὶ ὁδηγίαι πρὸς κατασκευὴν φαγητῶν καὶ γλυκυσμάτων μετὰ 1500 συνταγῶν καὶ πολλῶν εἰκόνων","Great Family Cookery and Confectionery, namely detailed practical instructions for preparing meals and sweets with 1500 recipes and many illustrations","μέγα 8ον, σελίδες 910+",20.—,Δρχ.,
1904,IMG_1455.jpeg,ΠΟΙΗΜΑΤΑ,Poems,,HOLINKY A.,Holinky A.,Chant des Ghazi,Song of the Ghazi,"32ον, σελίδες 14",1.—,Δρχ.,
1904,IMG_1455.jpeg,ΠΟΙΗΜΑΤΑ,Poems,,ΙΩΑΝΝΙΔΟΥ Ι. Π.,Ioannidis I. P.,Χρυσαλίδες,Chrysalises,"8ον, σελ. 44",2.—,Δρχ.,
1904,IMG_1455.jpeg,ΠΟΙΗΜΑΤΑ,Poems,,ΘΕΟΛΟΓΗ Θ. Γ.,Theologis Th. G.,"Τὰ Ποικιλόχροα Ἄνθη, ἤτοι συλλογὴ ἠθικῶν καὶ τερπνῶν ποιημάτων","The Multicolor Flowers, namely a collection of moral and delightful poems",σελίδες ε΄-82,5.,Δρχ.,
1904,IMG_1455.jpeg,ΠΟΙΗΜΑΤΑ,Poems,,ΙΩΑΝΝΙΔΟΥ Ι. Π.,Ioannidis I. P.,Ζέφυροι,Zephyrs,"8ον, σελίδες 64, δεδεμένον",6.—,Δρχ.,
1904,IMG_1455.jpeg,ΠΟΙΗΜΑΤΑ,Poems,,ΙΩΑΝΝΙΔΟΥ Ι. Π.,Ioannidis I. P.,Πικροδάφνες,Oleanders,σελίδες 103,10.—,Δρχ.,
1904,IMG_1455.jpeg,ΠΟΙΗΜΑΤΑ,Poems,,ΙΩΑΝΝΙΔΟΥ Ι. Π.,Ioannidis I. P.,"Ποιήσεις, Λυγμοί, Σκιαί, Ζέφυροι","Poems, Sobs, Shadows, Zephyrs",,10.—,Δρχ.,
1904,IMG_1455.jpeg,ΠΟΙΗΜΑΤΑ,Poems,,ΙΩΑΝΝΙΔΟΥ Ι. Π.,Ioannidis I. P.,Ῥεμβασμοί,Reveries,"8ον, σελ. 57",5.—,Δρχ.,
1904,IMG_1455.jpeg,ΠΟΙΗΜΑΤΑ,Poems,,ΙΩΑΝΝΙΔΟΥ Ι. Π.,Ioannidis I. P.,"Χειμεριναὶ Νύκτες, τόμος Α΄, τεῦχος Α΄. Ἑσπεριναὶ Ἐμπνεύσεις","Winter Nights, Volume I, Issue I: Evening Inspirations","8ον, σελίδες 64",2.—,Δρχ.,
1904,IMG_1455.jpeg,ΠΟΙΗΜΑΤΑ,Poems,,ΚΑΜΠΟΥΡΟΓΛΟΥ Δ. ΓΡ.,Kampouroglou D. Gr.,Ἡ φωνὴ τῆς καρδιᾶς μου,The Voice of My Heart,σ. 36,2.—,Δρχ.,
1904,IMG_1455.jpeg,ΠΟΙΗΜΑΤΑ,Poems,,ΚΑΛΑΘΑΚΗ ΠΕΡ.,Kalathakis Per.,Ὁ ἐρημίτης τῆς Ἴδης,The Hermit of Ida,"8ον, σελίδες 64",3.—,Δρχ.,
1904,IMG_1455.jpeg,ΠΟΙΗΜΑΤΑ,Poems,,ΚΑΛΛΙΒΟΥΡΣΗ Π.,Kallivoursis P.,Νησιωτικὰ ἔπη,Island Epics,"8ον, σελίδες 58",3.—,Δρχ.,
1904,IMG_1455.jpeg,ΠΟΙΗΜΑΤΑ,Poems,,ΚΑΜΠΑ Ν. Γ.,Kampas N. G.,Στίχοι,Verses,"8ον, σ. 107",10.—,Δρχ.,
1904,IMG_1455.jpeg,ΠΟΙΗΜΑΤΑ,Poems,,ΚΑΜΠΟΥΡΟΓΛΟΥ Δ. ΓΡ.,Kampouroglou D. Gr.,"Παλαιαὶ ἁμαρτίαι, λυρικὴ συλλογή","Old Sins, lyric collection","8ον, σ. 24",4.—,Δρχ.,
1904,IMG_1455.jpeg,ΠΟΙΗΜΑΤΑ,Poems,,ΚΑΜΠΟΥΡΟΓΛΟΥ Ι. Κ.,Kampouroglou I. K.,Ἡ Ἀκρόπολις,The Acropolis,σελίδες 71,3.—,Δρχ.,
1904,IMG_1455.jpeg,ΠΟΙΗΜΑΤΑ,Poems,,ΚΑΜΠΟΥΡΟΓΛΟΥ Ι. Κ.,Kampouroglou I. K.,Ποιήσεις-Νεότης,Poetry-Youth,σελίδες 72,5.—,Δρχ.,
1904,IMG_1455.jpeg,ΠΟΙΗΜΑΤΑ,Poems,,ΚΑΜΠΟΥΡΟΓΛΟΥ Ι. Κ.,Kampouroglou I. K.,"1900, ποιητικὴ συλλογή, μετ' εἰκόνων","1900, Poetry Collection, Illustrated",σελίδες η΄-311,20.—,Δρχ.,
1904,IMG_1455.jpeg,ΠΟΙΗΜΑΤΑ,Poems,,GRAF ARTURO,Graf Arturo,Versi,Verses,σελ. 147,5.—,Δρχ.,
1904,IMG_1455.jpeg,ΠΟΙΗΜΑΤΑ,Poems,,ΙΩΑΝΝΙΔΟΥ Σ.,Ioannidis S.,"Βασίλειος Διγενὴς Ἀκρίτης ὁ Καππαδόκης, ἔπος μεσαιωνικόν, ἐκ τοῦ χειρογράφου Τραπεζοῦντος","Digenes Akritas the Cappadocian, medieval epic, from the Trebizond manuscript",σελίδες 208,7.—,Δρχ.,
1904,IMG_1455.jpeg,ΠΟΙΗΜΑΤΑ,Poems,,ΕΥΚΛΕΙΔΟΥ Φ. Α.,Eukleidis F. A.,"Δύσελπις· Εὔελπις ἢ ὁ Ἄγνωστος Ποιητής, ποίημα εἰς ᾄσματα τρία","Dyselpis / Evelpis or the Unknown Poet, poem in three cantos","8ον, σελίδες 96",5.—,Δρχ.,
1904,IMG_1455.jpeg,ΠΟΙΗΜΑΤΑ,Poems,,ΔΗΓΛΙΤΖ Π.,Diglitz P.,Ποιήματα,Poems,"8ον, σ. 34",5.—,Δρχ.,
1904,IMG_1455.jpeg,ΠΟΙΗΜΑΤΑ,Poems,,ΕΥΑΓΓΕΛΙΔΟΥ ΒΙΡΓ. Π.,Evangelidis Virg. P.,Ἔπεα πτερόεντα,Winged Words,"8ον, σελίδες 206",10.—,Δρχ.,
1904,IMG_1455.jpeg,ΠΟΙΗΜΑΤΑ,Poems,,ΕΥΓΕΝΗ Φ. Ε.,Evgeni F. E.,Χαραυγαί,Dawns,σ. 62,3.—,Δρχ.,
1904,IMG_1455.jpeg,ΠΟΙΗΜΑΤΑ,Poems,,ΒΑΣΙΛΙΚΟΥ Π.,Vasilikos P.,Τὰ Ἐλεγεῖα καὶ τὰ Εἰδύλλια,The Elegies and Idylls,σελίδες 78,9.—,Δρχ.,
1904,IMG_1455.jpeg,ΠΟΙΗΜΑΤΑ,Poems,,ΒΑΣΙΛΙΚΟΥ Π.,Vasilikos P.,Τραγούδια τῆς ἐρημιᾶς,Songs of Wilderness,σ. 124,12.20,Δρχ.,
1904,IMG_1455.jpeg,ΠΟΙΗΜΑΤΑ,Poems,,ΒΑΣΣΑΡΔΑΚΗ ΚΛ.,Vassardakis Kl.,Τὰ πρῶτα Τολμήματα,First Bold Attempts,"8ον, σελίδες 12",6.—,Δρχ.,
1904,IMG_1455.jpeg,ΠΟΙΗΜΑΤΑ,Poems,,ΒΕΚΕΡΕΛΛΗ Ε. Β.,Vekerellis E. V.,Ἡ παράφρων,The Mad Woman,"8ον, σελίδες 39",6.—,Δρχ.,
1904,IMG_1455.jpeg,ΠΟΙΗΜΑΤΑ,Poems,,BENETA A. Π.,Veneta A. P.,Δυρισμοί,Dyrismoi,σελ. 250,15.—,Δρχ.,
1904,IMG_1455.jpeg,ΠΟΙΗΜΑΤΑ,Poems,,ΒΗΛΑΡΑ Ι.,Vilaras I.,Ἅπαντα,Complete Works,"8ον, σελ. 256",7.—,Δρχ.,
1904,IMG_1455.jpeg,ΠΟΙΗΜΑΤΑ,Poems,,ΒΙΖΥΗΝΟΥ Γ. Μ.,Bizyenos G. M.,Ἀτθίδες Αὖραι,Atthid Breezes,"8ον, σελίδες 310",20.—,Δρχ.,
1904,IMG_1455.jpeg,ΠΟΙΗΜΑΤΑ,Poems,,ΒΙΖΥΗΝΟΥ Γ. Μ.,Bizyenos G. M.,"Κόδρος, ἐπικὸν ποίημα","Codrus, Epic Poem","8ον, σελίδες 80",3.—,Δρχ.,
1904,IMG_1455.jpeg,ΠΟΙΗΜΑΤΑ,Poems,,ΑΡΑΒΑΝΟΠΟΥΛΟΥ Σ. Α. καὶ ΔΗΜΗΤΡΙΑΔΟΥ Ι. ΠΡ.,Aravanopoulos S. A. and Dimitriadis I. Pr.,Προσφιλεῖς Ἀναμνήσεις,Dear Memories,"8ον, σελίδες 62",3.—,Δρχ.,
1904,IMG_1455.jpeg,ΠΟΙΗΜΑΤΑ,Poems,,ΓΡΙΜΑΝΗ ΜΙΧ.,Grimanis Mich.,"Εἰδύλλια, μετὰ προλόγου περὶ βουκολικῆς ποιήσεως","Idylls, with a preface on bucolic poetry","8ον, σελίδες ις΄-80",4.—,Δρχ.,
1904,IMG_1455.jpeg,ΠΟΙΗΜΑΤΑ,Poems,,CARADJAY Dre,Caradjay Dre,Misa Egizia,Egyptian Mass,σ. 92,4.—,Δρχ.,
1904,IMG_1455.jpeg,ΠΟΙΗΜΑΤΑ,Poems,,ΔΗΜΗΤΡΑΚΟΠΟΥΛΟΥ Π.,Dimitrakopoulos P.,"Σάτυραι, Α΄ Σκόνπι-διάδα (ἤγουν ξομολόγησες ἑνὸς κάρρου μὲ σκουπίδια) ἡρωϊκὴ ἐποποιΐα σὲ ῥαψῳδίες δεκαέξη καὶ γενεὲς δεκατέσσερες","Satires, 1st Skonpi-ad (meaning confessions of a garbage cart) heroic epic in sixteen rhapsodies and fourteen generations","8ον, σελ. ι΄-127",6.—,Δρχ.,
1904,IMG_1455.jpeg,ΠΟΙΗΜΑΤΑ,Poems,,ΔΡΙΜΥΤΙΚΟΥ Ν.,Drimytikos N.,Βοσκοπούλα ἡ εὔμορφη,The Beautiful Shepherdess,"ἔκδ. Βενετίας, 32ον, σελ. 22",0.20,Δρχ.,
1904,IMG_1455.jpeg,ΠΟΙΗΜΑΤΑ,Poems,,ΔΡΟΣΙΝΗ Γ.,Drosinis G.,"Γαλήνη, 1901-1902","Serenity, 1901-1902","8ον, σελίδες 111",22.—,Δρχ.,
1904,IMG_1455.jpeg,ΠΟΙΗΜΑΤΑ,Poems,,ΕΛΕΥΘΕΡΟΠΟΥΛΟΥ ΑΒΡ.,Eleftheropoulos Avr.,Ὁ Ἕλλην καὶ ἡ Φρόσω,The Greek and Froso,"8ον, σελίδες 33",5.—,Δρχ.,
1904,IMG_1455.jpeg,ΠΟΙΗΜΑΤΑ,Poems,,ΕΥΑΓΓΕΛΙΔΟΥ ΒΙΡΓ. Π.,Evangelidis Virg. P.,Πρῶτοι Στίχοι,First Verses,σελίδες 93,3.—,Δρχ.,
1904,IMG_1455.jpeg,ΠΟΙΗΜΑΤΑ,Poems,,ΒΛΑΧΟΥ Α.,Vlachos A.,Τραγούδια Ἑρρίκου Ἄϊνε,Songs of Heinrich Heine,"32ον, σελίδες 150",9.—,Δρχ.,
1896,IMG_1456.jpeg,Ποιήματα,Poems,,ΜΟΥΣΟΥΡΟΥ Κ.,Mousouros K.,Δάντου ὁ Ἅιδης,Dante's Inferno,"8ον, σελίδες αϛ΄—331, δεδεμένον",60.—,Δρχ.,
1896,IMG_1456.jpeg,Ποιήματα,Poems,,ΜΩΡΑΪΤΙΔΟΥ ΑΛ.,Moraitidis Al.,Δημήτριος ὁ Πολιορκητής,Demetrius the Besieger,"32ον, σελ. 192",5.—,Δρχ.,
1896,IMG_1456.jpeg,Ποιήματα,Poems,,ΝΟΥΚΑ Ε. Κ.,Noukas E. K.,"Ἀνθών, ἤτοι Συλλογὴ πρωτοτύπων διαφόρων ποιημάτων","Anthon (Flowerbed), namely Collection of original various poems","8ον, σελίδες 51",5.—,Δρχ.,
1896,IMG_1456.jpeg,Ποιήματα,Poems,,ΟΙΚΟΝΟΜΙΔΟΥ Α. Κ.,Oikonomidis A. K.,Τραγούδια τοῦ Ὀλύμπου,Songs of Olympus,"8ον, σελ. 159",6.—,Δρχ.,
1896,IMG_1456.jpeg,Ποιήματα,Poems,,ΠΑΛΑΜΑ ΚΩΣΤΗ,Palamas Kostis,Τὰ μάτια τῆς ψυχῆς μου,The Eyes of My Soul,σελίδες 160,10.—,Δρχ.,
1896,IMG_1456.jpeg,Ποιήματα,Poems,,ΠΑΛΑΜΑ ΚΩΣΤΗ,Palamas Kostis,Ἴαμβοι καὶ ἀνάπαιστοι,Iambs and Anapests,"32ον, σελίδες 45",12.—,Δρχ.,
1896,IMG_1456.jpeg,Ποιήματα,Poems,,ΠΑΛΑΜΑ Κ.,Palamas K.,Ὕμνος εἰς τὴν Ἀθηνᾶν,Hymn to Athena,"8ον, σελίδες 29",5.—,Δρχ.,
1896,IMG_1456.jpeg,Ποιήματα,Poems,,ΠΑΝΑ Π.,Panas P.,Δαρτούλα — Δάτμος,Dartoula — Datmos,"8ον, σελίδες 58",3.—,Δρχ.,
1896,IMG_1456.jpeg,Ποιήματα,Poems,,ΠΑΠΑΖΟΓΛΗ ΚΛ.,Papazoglou Kl.,"Ὁ Δὸν Παέζ, ἢ μία νὺξ ἐν Ἱσπανίᾳ, ποίημα","Don Paez, or One Night in Spain, poem",σελ. 34,2.—,Δρχ.,
1896,IMG_1456.jpeg,Ποιήματα,Poems,,ΠΑΝΑΓΙΩΤΙΔΟΥ Γ. Ν.,Panagiotidou G. N.,Ἡ ἄνοιξις,Spring,"8ον, σελίδες 52",3.—,Δρχ.,
1896,IMG_1456.jpeg,Ποιήματα,Poems,,ΠΑΠΑΔΗΜΗΤΡΙΟΥ Φ.,Papadimitriou F.,Tὸ χρυσοῦν ὄνειρον,The Golden Dream,"8ον, σελίδες 86",5.—,Δρχ.,
1896,IMG_1456.jpeg,Ποιήματα,Poems,,ΠΑΠΑΡΡΗΓΟΠΟΥΛΟΥ Δ.,Paparrigopoulos D.,Ποιήσεις,Poems,σ. 141,5.—,Δρχ.,
1896,IMG_1456.jpeg,Ποιήματα,Poems,,ΠΑΠΟΥΛΙΑ Χ. Γ.,Papoulias Ch. G.,Δάκρυα,Tears,"8ον, σ. 37",1.—,Δρχ.,
1896,IMG_1456.jpeg,Ποιήματα,Poems,,ΠΑΡΑΣΧΟΥ ΑΧΙΛΛΕΩΣ,Paraschos Achilleus,Ἐλεγεῖον εἰς τὸν ἀοίδιμον βασιλέα Βίκτωρα Ἐμμανουήλ,Elegy to the Ever-Memorable King Victor Emmanuel,σελίδες 15,0.20,Δρχ.,
1896,IMG_1456.jpeg,Ποιήματα,Poems,,Anonyme / Anthologie,Anonymous / Anthology,"Παρνασσός, ἤτοι Ἀπάνθισμα τῶν ἐκλεκτοτέρων ποιημάτων τῶν νεωτέρων ἑλλήνων ποιητῶν","Parnassus, or Anthology of the finest poems of modern Greek poets","τόμοι 3, σελίδες 2435",25.—,Δρχ.,
1896,IMG_1456.jpeg,Ποιήματα,Poems,,ΜΟΣΧΟΠΟΥΛΟΥ Θ. Χ.,Moschopoulos Th. Ch.,"Σπουδαὶ ἐν Νυκτί, στίχοι","Studies at Night, verses","8ον, σελίδες 247",10.—,Δρχ.,
1896,IMG_1456.jpeg,Ποιήματα,Poems,,ΠΑΝΑΓΙΩΤΙΔΟΥ Δ. Α.,Panagiotidou D. A.,Ἀνεμώνη,Anemone,σελίδες 44,3.—,Δρχ.,
1896,IMG_1456.jpeg,Ποιήματα,Poems,,ΜΟΣΧΟΠΟΥΛΟΥ Θ. Χ.,Moschopoulos Th. Ch.,Ἔρως καὶ Ψυχή,Eros and Psyche,"8ον, σελίδες 132",10.—,Δρχ.,
1896,IMG_1456.jpeg,Ποιήματα,Poems,,ΚΟΚΚΟΥ Δ. Ι.,Kokkos D. I.,Ἆισματα κωμειδυλλίων,Songs of Comedidylls,σελίδες 16,1.—,Δρχ.,
1896,IMG_1456.jpeg,Ποιήματα,Poems,,ΜΕΛΙΣΣΗΝΟΥ Σ.,Melissinos S.,"Ἠθικὸς κόσμος, ἐποποιία","Moral World, epic","8ον, σελίδες 540",20.—,Δρχ.,
1896,IMG_1456.jpeg,Ποιήματα,Poems,,ΜΗΛΙΑΡΑΚΗ ΑΝΤ.,Miliarakis Ant.,"Βασίλειος Διγενὴς Ἀκρίτας, ἐποποιΐα βυζαντινὴ τῆς 10ης ἑκατονταετηρίδος, κατὰ τὸ ἐν Ἄνδρῳ ἀνευρεθὲν χειρόγραφον","Digenis Acritas, Byzantine epic of the 10th century, according to the manuscript found in Andros","8ον, σελίδες ιϛ΄—166",30.—,Δρχ.,
1896,IMG_1456.jpeg,Ποιήματα,Poems,,ΚΑΡΥΔΟΥ Σ. Κ.,Karydos S. K.,"Ἔμμετρα καὶ Πεζά, βιβλίον Α΄—Γ΄","Verses and Prose, books 1-3","8ον, σ. δεδεμ.",10.—,Δρχ.,
1896,IMG_1456.jpeg,Ποιήματα,Poems,,ΚΑΤΑΚΟΥΖΗΝΟΥ Α.,Katakouzinos A.,Ἡ Θυγάτηρ τοῦ Τειρεσίου καὶ ὁ Υἱὸς τοῦ Δημίου,The Daughter of Tiresias and the Son of the Executioner,"32ον, σελίδες 63",5.—,Δρχ.,
1896,IMG_1456.jpeg,Ποιήματα,Poems,,ΚΕΣΣΙΣΟΓΛΟΥ Π. Ν.,Kessisoglou P. N.,Φαέθων,Phaethon,"8ον, σελίδες 78",4.—,Δρχ.,
1896,IMG_1456.jpeg,Ποιήματα,Poems,,ΚΟΚΚΟΛΑΤΟΥ ΚΛ. ΧΡ.,Kokkolatos Kl. Chr.,"Νεανικὴ Μοῦσα, ἤτοι συλλογὴ ἐπιγραμμάτων, ποιημάτων κλ.","Youthful Muse, namely a collection of epigrams, poems etc.",σελίδες 80,5.—,Δρχ.,
1896,IMG_1456.jpeg,Ποιήματα,Poems,,ΚΟΥΦΑ Β.,Koufas V.,Λυρικαὶ μεταφράσεις καὶ πρωτότυποι ποιήσεις,Lyrical translations and original poems,"8ον, σ. ιγ΄-144",5.—,Δρχ.,
1896,IMG_1456.jpeg,Ποιήματα,Poems,,ΚΟΥΜΑΝΟΥΔΗ ΣΤ. Α.,Koumanoudis St. A.,Στράτις Καλοπίχειρος,Stratis Kalopicheiros,"32ον, σελίδες 270",8.—,Δρχ.,
1896,IMG_1456.jpeg,Ποιήματα,Poems,,ΚΡΙΛΩΦ Ι. Α.,Krylov I. A.,Μῦθοι,Fables,σελ. 125,10.—,Δρχ.,
1896,IMG_1456.jpeg,Ποιήματα,Poems,,ΚΑΣΔΑΓΛΗ Α.,Kasdaglis A.,"Ἀπολεσθεὶς Παράδεισος, ὑπὸ τοῦ ἄγγλου Μίλτωνος, μετ' εἰκόνων μεγάλων","Paradise Lost, by the English Milton, with large illustrations","4ον, σελ. 16΄—170",140.—,Δρχ.,
1896,IMG_1456.jpeg,Ποιήματα,Poems,,ΛΑΓΟΥΔΑΚΗ Γ.,Lagoudakis G.,"Ὁ ἅγιος Γεώργιος ὁ Κωδωνᾶς, ἢ Μάρθα καὶ Μίνως","Saint George Kodonas, or Martha and Minos","8ον, σελίδες 122",5.—,Δρχ.,
1896,IMG_1456.jpeg,Ποιήματα,Poems,,LAMBROS SP. P.,Lambros Sp. P.,"Collection de Romans Grecs, en langue vulgaire et en vers publiés pour la première fois d'après les manuscrits de Leyde et d'Oxford","Collection of Greek Romances, in vulgar language and in verse published for the first time after the manuscripts of Leyden and Oxford","8ον, σελ. CXXV—380",100.—,Δρχ.,
1896,IMG_1456.jpeg,Ποιήματα,Poems,,ΛΕΓΡΑΝΔ ΑΙΜ.,Legrand Émile,"Περὶ τοῦ γέροντος τοῦ φρονίμου Μουτζοκουρεμένου, ποίημα νῦν τὸ πρῶτον ἐκ τοῦ ἐν Παρισίοις χειρογράφου ἐκδοθέν","About the wise shaven old man, a poem now published for the first time from the Paris manuscript","8ον, σ. 54",30.—,Δρχ.,
1896,IMG_1456.jpeg,Ποιήματα,Poems,,ΜΑΡΚΟΡΑ ΓΕΡ.,Markoras Ger.,Μικρὰ ταξίδια,Small Trips,"8ον, σελίδες 243",20.—,Δρχ.,
1896,IMG_1456.jpeg,Ποιήματα,Poems,,ΛΙΜΠΕΡΙΟΥ Π. Ν.,Liberios P. N.,Ἀκτῖνες,Rays,"8ον, σελίδες 82",1.—,Δρχ.,
1896,IMG_1456.jpeg,Ποιήματα,Poems,,ΜΑΚΡΙΔΟΥ Ν. Κ.,Makridou N. K.,Ἄνθη καὶ Φύλλα,Flowers and Leaves,σελίδες 48,3.—,Δρχ.,
1896,IMG_1456.jpeg,Ποιήματα,Poems,,ΜΑΡΚΟΠΟΥΛΟΥ Κ. Ν.,Markopoulos K. N.,"Ἐνθύμησις, μετὰ μυθολογικῶν εἰκόνων","Remembrance, with mythological images","8ον, σ. 192",5.—,Δρχ.,
1896,IMG_1456.jpeg,Ποιήματα,Poems,,ΚΩΝΣΤΑΝΤΙΝΙΔΟΥ Α.,Konstantinidou A.,"Ὁ ἔρως, ἤτοι συλλογὴ ἐρωτικῶν ἁσμάτων","Love, or a collection of love songs",σελ. 64,1.20,Δρχ.,
1904,IMG_1457.jpeg,Ποιήματα,Poems,,ΣΗΜΗΡΙΩΤΟΥ ΑΓΓΕΛΟΥ Θ.,Simiriotis Angelos Th.,Τὰ Θανάσιμα,The Deadly Ones,"8ον, σελίδες ιϛ'—175 ✗",10.—,Δρχ.,
1904,IMG_1457.jpeg,Ποιήματα,Poems,,ΣΟΥΡΗ Γ.,Souris G.,Φασουλῆς Φιλόσοφος· Μέρος Α',Fasoulis the Philosopher: Part I,"8ον, σελίδες 142 +",10.—,Δρχ.,
1904,IMG_1457.jpeg,Ποιήματα,Poems,,ΣΟΥΡΗ Γ.,Souris G.,Φασουλῆς Φιλόσοφος· Μέρος Β',Fasoulis the Philosopher: Part II,"8ον, σελίδες 144 +",15.—,Δρχ.,
1904,IMG_1457.jpeg,Ποιήματα,Poems,,ΣΟΥΤΣΟΥ Π.,Soutsos P.,Μῦθοι,Myths,"8ον, σελ. 179 ✗",10.—,Δρχ.,
1904,IMG_1457.jpeg,Ποιήματα,Poems,,ΣΤΕΦΑΝΙΔΟΥ Φ. Δ.,Stefanidou F. D.,"Ψεύτικα Μαργαριτάρια, λυρικαὶ ποιήσεις","False Pearls, lyric poems",σελ. 93 + +,7.20,Δρχ.,
1904,IMG_1457.jpeg,Ποιήματα,Poems,,ΣΤΡΑΤΗΓΗ Γ.,Stratigis G.,Τραγούδια τοῦ σπιτιοῦ,Songs of the Home,"8ον, σελίδες 110 +",15.—,Δρχ.,
1904,IMG_1457.jpeg,Ποιήματα,Poems,,ΤΑΝΤΑΛΙΔΟΥ ΗΛ.,Tantalides El.,Στιχουργήματα Ἰδιωτικά,Private Verses,"8ον, σελίδες 342 ✗",15.—,Δρχ.,
1904,IMG_1457.jpeg,Ποιήματα,Poems,,ΣΥΝΟΔΙΝΟΥ Π. Σ.,Synodinos P. S.,Διάττοντες. Ποιήσεων συλλογὴ δεκάτη,Shooting Stars. Tenth collection of poems,σελίδες 256 + +,2.—,Δρχ.,
1904,IMG_1457.jpeg,Ποιήματα,Poems,,ΥΟΥΓΚ ΕΔΟΥΑΡΔΟΥ,Young Edward,"Νύκτες, ἐν ἐλευθέρᾳ ἐμμέτρῳ παραφράσει, ὑπὸ Δ. Κ. Σακελλαροπούλου","Nights, in free metrical paraphrase, by D. K. Sakellaropoulos","8ον, σελ. 64 + +",4.—,Δρχ.,
1904,IMG_1457.jpeg,Ποιήματα,Poems,,ΥΠΕΡΙΔΟΥ Γ. Κ.,Yperides G. K.,"Ἐπὶ τοῦ πλοίου, μῖμος ἔμμετρος εἰς μέρη τρία","On the ship, metrical mime in three parts",σ. 47 + +,5.—,Δρχ.,
1904,IMG_1457.jpeg,Ποιήματα,Poems,,ΦΡΑΣΑΡΗ Μ. ΝΑΗΜ,Frasari M. Naim,"Ὁ Ἔρως, εἰς ᾄσματα ὀκτώ","Love, in eight songs",σελίδες 32 + +,2.—,Δρχ.,
1904,IMG_1457.jpeg,Ποιήματα,Poems,,ΣΑΚΕΛΛΑΡΟΠΟΥΛΟΥ Δ. Κ.,Sakellaropoulos D. K.,"Ἐλπὶς καὶ Φιλία, συλλογὴ λυρικῶν ποιημάτων","Hope and Friendship, collection of lyric poems","8ον, σελίδες 32 + +",3.—,Δρχ.,
1904,IMG_1457.jpeg,Ποιήματα,Poems,,ΧΡΙΣΤΟΠΟΥΛΟΥ ΑΘ.,Christopoulos Ath.,"Ποιήματα, ἔκδοσις Ῥαφτάνη","Poems, Raftanis edition","8ον, σελίδες 272 ✗",10.—,Δρχ.,
1904,IMG_1457.jpeg,Ποιήματα,Poems,,ΣΥΜΒΟΥΛΙΔΟΥ Χ. Χ.,Symvoulidou Ch. Ch.,"Ἑλικωνία Αὔρα, ἤτοι συλλογὴ ποιημάτων","Heliconian Breeze, that is collection of poems","8ον, σ. + +",5.—,Δρχ.,
1904,IMG_1457.jpeg,Ποιήματα,Poems,ΣΑΚΕΛΛΑΡΙΟΥ Βιβλιοθήκη τοῦ λαοῦ,Ὀρφανίδου,Orfanides,5 Ὀρφανίδου Τίρι λίρι,5 Orfanides Tiri Liri,Ἕκαστον τομίδιον,2.—,Δρχ.,
1904,IMG_1457.jpeg,Ποιήματα,Poems,ΣΑΚΕΛΛΑΡΙΟΥ Βιβλιοθήκη τοῦ λαοῦ,Σολωμοῦ,Solomos,2 Σολωμοῦ Ποιήματα,2 Solomos Poems,Ἕκαστον τομίδιον,2.—,Δρχ.,
1904,IMG_1457.jpeg,Ποιήματα,Poems,ΣΑΚΕΛΛΑΡΙΟΥ Βιβλιοθήκη τοῦ λαοῦ,Βηλαρᾶ,Vilaras,3 Βηλαρᾶ Ποιήματα,3 Vilaras Poems,Ἕκαστον τομίδιον,2.—,Δρχ.,
1904,IMG_1457.jpeg,Ποιήματα,Poems,ΣΑΚΕΛΛΑΡΙΟΥ Βιβλιοθήκη τοῦ λαοῦ,Σούτσου,Soutsos,4 Σούτσου Περιπλανώμενος,4 Soutsos Wanderer,Ἕκαστον τομίδιον,2.—,Δρχ.,
1904,IMG_1457.jpeg,Ποιήματα,Poems,,ΠΑΥΛΙΔΟΥ Σ. Π.,Paulidou S. P.,Πρῶτα ποιήματα,First poems,"8ον, σελίδες 72 + +",5.—,Δρχ.,
1904,IMG_1457.jpeg,Ποιήματα,Poems,,ΠΙΠΙΖΑ ΜΑΡΙΚΑΣ,Pipiza Marika,Σταλακτῖται,Stalactites,σ. 95 +,10.—,Δρχ.,
1904,IMG_1457.jpeg,Ποιήματα,Poems,,ΠΟΓΑ Π. Β.,Poga P. V.,"Ὀρφεύς, ἢ συλλογὴ λυρικῶν ᾀσμάτων","Orpheus, or collection of lyric songs","32ον, σ. 64 + +",2.—,Δρχ.,
1904,IMG_1457.jpeg,Ποιήματα,Poems,,ΠΟΛΥΛΑ Ι.,Polylas I.,Ποιήματα Δ. Σολωμοῦ,Poems of D. Solomos,"8ον, σ. ση'—445, έκδ. α', 1859, δεδεμ. +",15.—,Δρχ.,
1904,IMG_1457.jpeg,Ποιήματα,Poems,,ΠΟΛΥΧΡΟΝΙΑΔΟΥ Γ.,Polychroniades G.,"Γκιουλιστὰν ἢ Ῥοδών, ὑπὸ Σααδῆ","Gulistan or Rose Garden, by Saadi","8ον, σελίδες 245 ✗",15.—,Δρχ.,
1904,IMG_1457.jpeg,Ποιήματα,Poems,,ΠΟΛΕΜΗ Ι.,Polemis I.,Ἀλάβαστρα,Alabastra,"32ον, σελίδες 242 +",15.—,Δρχ.,
1904,IMG_1457.jpeg,Ποιήματα,Poems,,ΠΡΟΒΕΛΕΓΓΙΟΥ Α. Ι.,Provelengios A. I.,Μῆλον τῆς Ἔριδος,Apple of Discord,σελίδες 105 + +,5.—,Δρχ.,
1904,IMG_1457.jpeg,Ποιήματα,Poems,,ΠΡΟΒΕΛΕΓΓΙΟΥ Α. Ι.,Provelengios A. I.,"Ποιήματα Παλαιὰ καὶ Νέα, τόμος Α'","Poems Old and New, volume I",σελίδες 415 + +,20.—,Δρχ.,
1904,IMG_1457.jpeg,Ποιήματα,Poems,,PALUMBO VITO D.,Palumbo Vito D.,"Poesíai botheménai 'v Γρήκα, Traduzioni in Greco-Salentino","Poems composed in Griko, Translations into Greco-Salentino","8ον, σελίδες 26+ +",10.—,Δρχ.,
1904,IMG_1457.jpeg,Ποιήματα,Poems,,ΣΑΚΕΛΛΑΡΙΔΟΥ Ι.,Sakellarides I.,Ἐγκόλπιον Ὑμνολογικόν,Manual of Hymnology,"8ον, τεῦχος Α'; σ. 112 + +",5.—,Δρχ.,
1904,IMG_1457.jpeg,Ποιήματα,Poems,ΣΑΚΕΛΛΑΡΙΟΥ Βιβλιοθήκη τοῦ λαοῦ,Χριστοπούλου,Christopoulos,1 Χριστοπούλου Λυρικά,1 Christopoulos Lyrics,Ἕκαστον τομίδιον,2.—,Δρχ.,
1904,IMG_1457.jpeg,Ποιήματα,Poems,,ΠΡΕΒΕΖΙΩΤΟΥ Κ.,Preveziotis K.,Πρῶται πτήσεις,First Flights,σελίδες 142 + +,10.—,Δρχ.,
1904,IMG_1458.jpeg,Θέατρον,Theater,Δράματα και Τραγῳδίαι,ΒΕΡΝΑΡΔΑΚΗ ΔΗΜ. Ν.,Vernardakis Dem. N.,"Φαῦστα, τραγῳδία εἰς 5 πράξεις","Fausta, tragedy in 5 acts",,18.—,Δρχ.,
1904,IMG_1458.jpeg,Θέατρον,Theater,Δράματα και Τραγῳδίαι,ΒΑΣΙΛΕΙΑΔΗ ΣΠ. Ν.,Vasileiadis Sp. N.,"Σκύλλα, δρᾶμα εἰς πράξεις τρεῖς","Scylla, drama in three acts","32ον, σελίδες 70",4.—,Δρχ.,
1904,IMG_1458.jpeg,Θέατρον,Theater,Δράματα και Τραγῳδίαι,BATTU L. & JAIME FILS,Battu L. & Jaime Fils,"Λουκία Διδιέ, δρᾶμα εἰς τρεῖς πράξεις, μεταγλωττισθὲν ὑπὸ Ἀλ. Ε. Ἀμπότ καὶ Ἀγγ. Γ. Γεωργιάδου","Lucie Didier, drama in three acts, translated by Al. E. Abott and Ang. G. Georgiadou",σελίδες 84,10.—,Δρχ.,
1904,IMG_1458.jpeg,Θέατρον,Theater,Δράματα και Τραγῳδίαι,ΒΕΡΔΗ Ι.,Verdi G.,"Ἀϊδά, μελόδραμα εἰς 4 πράξεις, ὑπὸ Α. Γκισλανζώνη","Aida, opera in 4 acts, by A. Ghislanzoni",σελ. 86,4.—,Δρχ.,
1904,IMG_1458.jpeg,Θέατρον,Theater,Δράματα και Τραγῳδίαι,ΒΕΡΝΑΡΔΑΚΗ ΔΗΜ. Ν.,Vernardakis Dem. N.,"Μερόπη, τραγῳδία εἰς πράξεις πέντε","Merope, tragedy in five acts",σελίδες 80,2.—,Δρχ.,
1904,IMG_1458.jpeg,Θέατρον,Theater,Δράματα και Τραγῳδίαι,ΒΕΡΝΑΡ ΣΑΡΡΑΣ,Bernard Sarraz,"Ἡ Ἐξομολόγησις, δρᾶμα εἰς πρᾶξιν","The Confession, drama in one act","8ον, σ. 32",3.—,Δρχ.,
1904,IMG_1458.jpeg,Θέατρον,Theater,Δράματα και Τραγῳδίαι,ΒΑΣΙΛΕΙΑΔΗ ΣΠ. Ν.,Vasileiadis Sp. N.,"Γαλάτεια, δρᾶμα εἰς πράξεις τέσσαρας","Galatea, drama in four acts","32ον, σ. 80",4.—,Δρχ.,
1904,IMG_1458.jpeg,Θέατρον,Theater,Δράματα και Τραγῳδίαι,BERRIÈRE καὶ SÉJOUR,Barrière & Séjour,"Τὰ τέκνα τῆς Λυκαίνης, δρᾶμα εἰς πράξεις πέντε, μετὰ προλόγου","The She-Wolf's Children, drama in five acts, with a prologue","8ον, σελίδες 167",6.—,Δρχ.,
1904,IMG_1458.jpeg,Θέατρον,Theater,Δράματα και Τραγῳδίαι,ΒΙΑΓΚΙΝΗ Μ.,Viagkinis M.,"Ἡ Ὑπνοβάτις, μελόδραμα εἰς δύο πράξεις, ὑπὸ Ἑ. Ῥωμάνη","The Somnambulist, opera in two acts, by E. Romani","8ον, σελίδες 38",4.—,Δρχ.,
1904,IMG_1458.jpeg,Θέατρον,Theater,Δράματα και Τραγῳδίαι,ΒΙΔΕΡΑ Ι. ΕΜ.,Videras I. Em.,"Γέμμα δὲ Βεργύ, τραγῳδία","Gemma di Vergy, tragedy",σελίδες 39,3.20,Δρχ.,
1904,IMG_1458.jpeg,Θέατρον,Theater,Δράματα και Τραγῳδίαι,ΒΥΘΙΝΟΥ Ν. Δ.,Vythinos N. D.,"Ὁ συμβολαιογράφος Διονύσιος Τάπας, δρᾶμα εἰς πράξεις τρεῖς","The Notary Dionysios Tapas, drama in three acts","8ον, σελ. 114",5.—,Δρχ.,
1904,IMG_1458.jpeg,Θέατρον,Theater,Δράματα και Τραγῳδίαι,ΒΙΚΕΛΑ Ε.,Vikelas E.,"Ἡ Λουκία τοῦ Δαμερμούρ, μελόδραμα εἰς πράξεις τρεῖς, μουσικὴ Δονιζέττη, μετάφρασις","Lucia di Lammermoor, opera in three acts, music by Donizetti, translation",σελ. 34,3.—,Δρχ.,
1904,IMG_1458.jpeg,Θέατρον,Theater,Δράματα και Τραγῳδίαι,ΒΕΡΣΗ Κ. Χ.,Versis K. Ch.,"Κλεομένης, τραγῳδία εἰς πράξεις 4","Cleomenes, tragedy in 4 acts","8ον, σ. 125",8.—,Δρχ.,
1904,IMG_1458.jpeg,Θέατρον,Theater,Δράματα και Τραγῳδίαι,ΑΥΓΕΡΙΝΟΥ Υ. Ζ.,Avgerinos Y. Z.,Πονήματα Δραματικά,Dramatic Works,"8ον, σελίδες 159",6.—,Δρχ.,
1904,IMG_1458.jpeg,Θέατρον,Theater,Δράματα και Τραγῳδίαι,ΒΕΡΝΑΡΔΑΚΗ ΔΗΜ. Ν.,Vernardakis Dem. N.,"Δράματα, ἔκδοσις νέα, πολλαχῶς μεταρρυθμισθεῖσα καὶ ἐπιδιορθωθεῖσα, μετὰ προλεγομένων, κρίσεων κλπ. Τόμος Α΄ Μαρία Δοξαπατρῆ, Μερόπη καὶ Εὐφροσύνη","Dramas, new edition... Volume I: Maria Doxapatri, Merope and Euphrosyne","8ον, σελίδες σα'—400",30.—,Δρχ.,
1904,IMG_1458.jpeg,Θέατρον,Theater,Δράματα και Τραγῳδίαι,ΑΡΓΥΡΙΑΔΟΥ Ν.,Argyriadis N.,"Θωμᾶς Σιάτερτων, δρᾶμα","Thomas Chatterton, drama","8ον, σελίδες 54",4.—,Δρχ.,
1904,IMG_1458.jpeg,Θέατρον,Theater,Δράματα και Τραγῳδίαι,ΑΓΓΕΛΟΠΟΥΛΟΥ Κ. Ι.,Aggelopoulos K. I.,"Ἀριστόδημος, τραγῳδία εἰς πράξεις πέντε","Aristodemos, tragedy in five acts","8ον, σ. 118",9.—,Δρχ.,
1904,IMG_1458.jpeg,Θέατρον,Theater,Δράματα και Τραγῳδίαι,ΑΔΑΜΙΔΟΥ Β.,Adamidou V.,"Τὰ δίδυμα, δρᾶμα εἰς πράξεις τέσσαρας","The Twins, drama in four acts","8ον, σ. 80",3.—,Δρχ.,
1904,IMG_1458.jpeg,Θέατρον,Theater,Δράματα και Τραγῳδίαι,ΑΔΑΜΙΔΟΥ Β. καὶ ΣΑΒΒΟΠΟΥΛΟΥ Σ.,Adamidou V. & Savvopoulos S.,"Ὁ Σπερθίας ἢ δύο κλέπται, δρᾶμα εἰς πράξεις πέντε","Sperthias or Two Thieves, drama in five acts","8ον, σελίδες 73",5.—,Δρχ.,
1904,IMG_1458.jpeg,Θέατρον,Theater,Δράματα και Τραγῳδίαι,ΑΛΦΙΕΡΟΥ,Alfieri,"Μύρρα, τραγῳδία","Myrrha, tragedy",σελίδες 48,4.—,Δρχ.,
1904,IMG_1458.jpeg,Θέατρον,Theater,Δράματα και Τραγῳδίαι,ΑΜΠΕΛΑ ΤΙΜ.,Ampelas Tim.,"Βιργινία ἢ Ῥωμαία, δρᾶμα εἰς πράξεις τέσσαρας","Virginia or The Roman Woman, drama in four acts",σελ. 88,5.—,Δρχ.,
1904,IMG_1458.jpeg,Θέατρον,Theater,Δράματα και Τραγῳδίαι,ΑΜΠΕΛΑ ΤΙΜ.,Ampelas Tim.,"Λέων Καλλέργης, δρᾶμα εἰς μέρη πέντε","Leon Kallergis, drama in five parts","8ον, σελ. ια'—122",6.20,Δρχ.,
1904,IMG_1458.jpeg,Θέατρον,Theater,Δράματα και Τραγῳδίαι,,,"Ἀβραὰμ θυσία, δρᾶμα ἱερόν","Sacrifice of Abraham, sacred drama",σ. 43,1.—,Δρχ.,
1904,IMG_1458.jpeg,Θέατρον,Theater,Δράματα και Τραγῳδίαι,ΑΝΤΩΝΙΑΔΟΥ Α. Ι.,Antoniadis A. I.,"Ἄγις ὁ Εὐδαμίδα, τραγῳδία","Agis son of Eudamidas, tragedy","8ον, σελίδες 128",8.—,Δρχ.,
1904,IMG_1458.jpeg,Θέατρον,Theater,Δράματα και Τραγῳδίαι,ΑΡΝΙΩΤΑΚΗ Ε.,Arniotakis E.,"Τὸ τέλος τοῦ Θεοδώρου, δρᾶμα εἰς πράξεις πέντε","The End of Theodoros, drama in five acts","8ον, σελίδες 60",5.—,Δρχ.,
1904,IMG_1458.jpeg,Θέατρον,Theater,Δράματα και Τραγῳδίαι,ΑΝΤΩΝΙΑΔΟΥ Α. Ι.,Antoniadis A. I.,"Πετρώνιος, Μάξιμος, Νικηφόρος, Φωκᾶς καὶ Ἄτυς ὁ λυδὸς βασιλόπαις, τραγῳδίαι","Petronius, Maximus, Nikephoros, Phokas and Atys the Lydian Prince, tragedies","8ον, σελ. 348",15.—,Δρχ.,
1904,IMG_1458.jpeg,Θέατρον,Theater,Δράματα και Τραγῳδίαι,ΑΝΤΩΝΙΑΔΟΥ Α. Ι.,Antoniadis A. I.,"Κρίσπος, τραγῳδία εἰς πράξεις πέντε","Crispus, tragedy in five acts","8ον, σελίδες 96",8.—,Δρχ.,
1904,IMG_1458.jpeg,Θέατρον,Theater,Δράματα και Τραγῳδίαι,ΑΝΤΩΝΙΑΔΟΥ Α. Ι.,Antoniadis A. I.,"Ἡ χριστιανὴ Εὐγενία, ἤτοι τὸ φρόνημα τῶν πρώτων Χριστιανῶν, δρᾶμα εἰς μέρη πέντε","Christian Eugenia, or The Spirit of the First Christians, drama in five parts","8ον, σελ. 97",10.—,Δρχ.,
1904,IMG_1458.jpeg,Θέατρον,Theater,Δράματα και Τραγῳδίαι,ΑΝΔΡΟΝΟΠΟΥΛΟΥ Β.,Andronopoulos V.,"Τὸ φάσμα τοῦ Μοντεφόρτου, δρᾶμα εἰς πράξεις πέντε","The Phantom of Monteforto, drama in five acts",σελίδες 63,2.—,Δρχ.,
1904,IMG_1459.jpeg,Θέατρον,Theater,"Δράματα, τραγῳδίαι",COROMILAS D. A.,Coromilas D. A.,Une mission,A Mission,σελ. 46,5,drachmas,
1904,IMG_1459.jpeg,Θέατρον,Theater,"Δράματα, τραγῳδίαι",ΔΑΚΟΠΟΥΛΟΥ Κ. Χ.,Dakopoulos K. Ch.,"Σέξτος ὁ Ἐνετός, δρᾶμα εἰς πράξεις τέσσαρας","Sextus the Venetian, drama in four acts","8ον, σελίδες 103",3,drachmas,
1904,IMG_1459.jpeg,Θέατρον,Theater,"Δράματα, τραγῳδίαι",D'ENNERY AD.,d'Ennery Ad.,"Οἱ μνηστῆρες τοῦ Ἀλβάνου, δρᾶμα εἰς πράξεις πέντε","The Suitors of Albano, drama in five acts","8ον, σελίδες 87",5,drachmas,
1904,IMG_1459.jpeg,Θέατρον,Theater,"Δράματα, τραγῳδίαι",D'ENNERY A. & VERNE J.,d'Ennery A. & Verne J.,"Les voyages au théâtre (Le Tour du monde en 80 jours, Les Enfants du Capitaine Grant et Michel Strogoff)","Travels on Stage (Around the World in 80 Days, In Search of the Castaways, and Michael Strogoff)","8ον, σελίδες 375, δεδεμένον",35,drachmas,
1904,IMG_1459.jpeg,Θέατρον,Theater,"Δράματα, τραγῳδίαι",ΔΗΜΗΤΡΑΚΟΠΟΥΛΟΥ Π. Γ.,Dimitrakopoulos P. G.,"Ἡ Θεία Δίκη, δρᾶμα εἰς πράξεις πέντε","Divine Justice, drama in five acts","8ον, σ. 86",4,drachmas,
1904,IMG_1459.jpeg,Θέατρον,Theater,"Δράματα, τραγῳδίαι",ΔΗΜΗΤΡΙΑΔΟΥ ΒΑΣΙΛΙΚΗΣ,Dimitriadou Vasiliki,"Ἡ παράφρων κληρονόμος, δρᾶμα εἰς πράξεις πέντε","The Mad Heiress, drama in five acts","8ον, σελίδες 79",5,drachmas,
1904,IMG_1459.jpeg,Θέατρον,Theater,"Δράματα, τραγῳδίαι",ΔΟΥΓΕ,Douge,"Ἀπολεσθεὶς Παράδεισος, εἰς πράξεις τρεῖς καὶ 12 εἰκόνας","Paradise Lost, in three acts and 12 illustrations","8ον, σελίδες 71",5,drachmas,
1904,IMG_1459.jpeg,Θέατρον,Theater,"Δράματα, τραγῳδίαι",DOMINIA ET.,Dominia Et.,"Ὁ νόμος τῆς καρδίας, δρᾶμα εἰς πράξεις τρεῖς","The Law of the Heart, drama in three acts","8ον, σελίδες 61",2,drachmas,μετάφρ. ὑπὸ Β. Ἱεσουᾶ
1904,IMG_1459.jpeg,Θέατρον,Theater,"Δράματα, τραγῳδίαι",ΔΟΥΚΑΓΓΟΥ Β.,Ducange V.,"Κάλας, δρᾶμα","Calas, drama","8ον, σελίδες 56",3,drachmas,
1904,IMG_1459.jpeg,Θέατρον,Theater,"Δράματα, τραγῳδίαι",ΔΟΥΜΑ ΑΛ. ΥΙΟΥ,Dumas Alexandre fils,"Ἑρρῖκος Γ' καὶ ἡ αὐλή του, δρᾶμα εἰς πράξεις πέντε","Henry III and His Court, drama in five acts","8ον, σ. 104",5,drachmas,μετάφρ. Κ. Κασιμάτη
1904,IMG_1459.jpeg,Θέατρον,Theater,"Δράματα, τραγῳδίαι",ΔΟΥΜΑ ΑΛ. ΥΙΟΥ,Dumas Alexandre fils,"Ἡ Κυρία μὲ τὰς καμελίας, δρᾶμα εἰς πράξεις πέντε","The Lady of the Camellias, drama in five acts",σελίδες 182,6,drachmas,μετάφρασις Τρ. Εὐαγγελίδου
1904,IMG_1459.jpeg,Θέατρον,Theater,"Δράματα, τραγῳδίαι",COROMILAS D. A.,Coromilas D. A.,"A chacun son tour, pièce en deux actes","To Each His Turn, play in two acts",σ. 60,5,drachmas,
1904,IMG_1459.jpeg,Θέατρον,Theater,"Δράματα, τραγῳδίαι",ΔΟΣΤΟΪΕΒΣΚΗ,Dostoevsky,"Ἔγκλημα καὶ Τιμωρία, δρᾶμα εἰς πράξεις ἑπτά","Crime and Punishment, drama in seven acts",σελίδες 92,3,drachmas,μετάφρασις Γ. Β. Βογιαντζῆ
1904,IMG_1459.jpeg,Θέατρον,Theater,"Δράματα, τραγῳδίαι",ΓΟΝΔΙΝΕΤΟΥ Ε.,Gondinet E.,"Ἐλεύθεροι, δρᾶμα εἰς πράξεις πέντε, εἰκόνας ὀκτώ","Free, drama in five acts, eight illustrations","32ον, σελίδες 158",7,drachmas,
1904,IMG_1459.jpeg,Θέατρον,Theater,"Δράματα, τραγῳδίαι",ΓΟΜΕΣ Α. Κ.,Gomes A. C.,"Οἱ Γουαρανύ, μελόδραμα χοροῦ εἰς 4 πράξεις","Il Guarany, ballet melodrama in 4 acts",σελίδες 110,5,drachmas,μετάφρασις Μ. Βιαγκίνη
1904,IMG_1459.jpeg,Θέατρον,Theater,"Δράματα, τραγῳδίαι",ΒΟΥΤΙΑΔΟΥ Δ.,Voutiades D.,"Γουσταῦος καὶ Ἰουλία, δρᾶμα εἰς πράξεις τέσσαρας","Gustav and Julia, drama in four acts","8ον, σ. 64",3,drachmas,
1904,IMG_1459.jpeg,Θέατρον,Theater,"Δράματα, τραγῳδίαι",ΒΛΑΧΟΥ ΑΓΓ.,Vlachos Ang.,"Ἀντίνοος, τραγῳδία εἰς πράξεις πέντε","Antinous, tragedy in five acts",σελ. 160,6,drachmas,μεταφρασθεῖσα ἐλευθέρως ἐκ τοῦ γερμανικοῦ
1904,IMG_1459.jpeg,Θέατρον,Theater,"Δράματα, τραγῳδίαι",ΒΟΛΑΝΑΚΗ Ι. Δ.,Volanakis I. D.,"Οἱ τέσσαρες χαρακτῆρες, δραματικὴ ἀλληγορία","The Four Characters, dramatic allegory",σ. 235,5,drachmas,
1904,IMG_1459.jpeg,Θέατρον,Theater,"Δράματα, τραγῳδίαι",ΒΟΛΤΑΙΡΟΥ,Voltaire,"Μερόπη, τραγῳδία εἰς πράξεις πέντε","Mérope, tragedy in five acts",σελίδες 95,4,drachmas,μετάφρασις Ἀ. Ἰ. Ὀλυμπίου
1904,IMG_1459.jpeg,Θέατρον,Theater,"Δράματα, τραγῳδίαι",ΒΟΤΣΑΡΗ Ι.,Votsaris I.,"Ἡ Ψυχοκόρη, εἰδυλλιακὸν δράμα εἰς πράξεις 4","The Foster-Daughter, idyllic drama in 4 acts","8ον, σ. 87",6,drachmas,
1904,IMG_1459.jpeg,Θέατρον,Theater,"Δράματα, τραγῳδίαι",ΒΟΥΤΣΙΝΑ Φ. Α.,Voutsinas F. A.,"Ἰσίδωρος ἢ ἡ πεδιάς τοῦ Μαραθῶνος, δρᾶμα εἰς πράξεις πέντε καὶ ὁ Ὄνος καὶ ὁ Ῥύαξ, κωμῳδία ALFRED DE MUSSET","Isidoros or the Plain of Marathon, drama in five acts and Un Âne et un Ruisseau, comedy by Alfred de Musset",σελ. 127,8,drachmas,
1904,IMG_1459.jpeg,Θέατρον,Theater,"Δράματα, τραγῳδίαι",ΓΚΑΙΤΕ,Goethe,"Φάουστ, τραγῳδία εἰς πράξεις πέντε","Faust, tragedy in five acts","μέγα 8ον, σελίδ. 148",90,drachmas,"μετάφρασις Ἀρ. Προβελεγγίου, μετὰ 65 ξυλογραφιῶν καὶ 14 φωτογραφιῶν"
1904,IMG_1459.jpeg,Θέατρον,Theater,"Δράματα, τραγῳδίαι",BUN ROBERT — ΧΑΪΓΕΛ Κ.,Bun Robert - Heigel K.,"Λαίδη Γλόστερ, τραγῳδία εἰς πράξεις πέντε — Μάρθα, εἰς πράξεις πέντε","Lady Gloucester, tragedy in five acts — Martha, in five acts","8ον, σελίδες 110, 88",10,drachmas,ἔμμετρος μετάφρασις ὑπὸ Ε. Γ. Ἁμαξοπούλου. Τὰ δύο ὁμοῦ
1904,IMG_1459.jpeg,Θέατρον,Theater,"Δράματα, τραγῳδίαι",ΓΑΣΠΑΡ ΕΡΡ.,Gaspar Enrique,"Ἀδιάφοροι, δραμάτιον","The Indifferent, short play",σελίδες κθ' - 78,3,drachmas,μετάφρασις Ἰ. Κ. Καμπούρογλου
1904,IMG_1459.jpeg,Θέατρον,Theater,"Δράματα, τραγῳδίαι",ΓΕΜΕΝΙΤΖΟΓΛΟΥ Α.,Gemenitzoglou A.,"Ἀρμάνδος καὶ Μαργαρίτα, δρᾶμα εἰς πράξεις τρεῖς καὶ μέρη τέσσαρα","Armand and Margarita, drama in three acts and four parts",σελίδες 79,3,drachmas,
1904,IMG_1459.jpeg,Θέατρον,Theater,"Δράματα, τραγῳδίαι",ΓΕΝΟΪΝΟΥ Ι.,Genoinos I.,"Ἀγάπη τοῦ πλησίον, δρᾶμα εἰς πράξεις δύο","Love for One's Neighbor, drama in two acts",σελ. 89,2,drachmas,
1904,IMG_1459.jpeg,Θέατρον,Theater,"Δράματα, τραγῳδίαι",ΓΙΑΚΟΜΕΤΤΗ Π.,Giacometti P.,"Λουκρητία Μαρία Δάβιδσον, δρᾶμα εἰς πράξεις τέσσαρας","Lucretia Maria Davidson, drama in four acts","8ον, σελίδες 58",6,drachmas,
1904,IMG_1459.jpeg,Θέατρον,Theater,"Δράματα, τραγῳδίαι",ΓΙΑΚΟΜΕΤΤΗ Π.,Giacometti P.,"Ἡ ἔκθετος τοῦ ὀρφανοτροφείου τῆς ἁγίας Μαρίας, δρᾶμα εἰς τρεῖς πράξεις","The Foundling of Saint Mary's Orphanage, drama in three acts","8ον, σελίδ. 78",5,drachmas,μετάφρασις Γ. Κ. Σφήκα
1904,IMG_1459.jpeg,Θέατρον,Theater,"Δράματα, τραγῳδίαι",ΓΚΑΙΤΕ,Goethe,"Φαῦστος, τραγῳδία εἰς πράξ. 5","Faust, tragedy in 5 acts","8ον, σ. 291",15,drachmas,μεταφρ. Γ. Στρατήγη
1904,IMG_1459.jpeg,Θέατρον,Theater,"Δράματα, τραγῳδίαι",ΒΥΡΩΝΟΣ,Lord Byron,"Οἱ δύο Φόσκαροι, τραγῳδία εἰς πράξεις πέντε","The Two Foscari, tragedy in five acts","8ον, σελ. 116",7,drachmas,μετάφρασις Θρ. Καμαράδου
1904,IMG_1460.jpeg,Θέατρον,Theater,"Δράματα, τραγῳδίαι",ΛΕΣΣΙΓΚ ΕΦΡ.,Gotthold Ephraim Lessing,"Νάθαν ὁ σοφός, δρᾶμα εἰς πράξεις πέντε, μετάφρασις Θ. Ἀφεντούλη","Nathan the Wise, drama in five acts, translation by Th. Afentoulis","8ον, σελίδες 288+...",6.—,Δρχ.,
1904,IMG_1460.jpeg,Θέατρον,Theater,"Δράματα, τραγῳδίαι",ΛΕΟΝΤΙΑΔΟΣ ΣΑΠΦ.,Sappho Leontias,Παραστάσεις Δραματικαὶ ἁρμόδιαι εἰς Παρθεναγωγεῖα,Dramatic Performances Suitable for Girls' Schools,"8ον, σελίδες 57 ++...",5.—,Δρχ.,
1904,IMG_1460.jpeg,Θέατρον,Theater,"Δράματα, τραγῳδίαι",ΚΟΥΡΝΙΑΚΤΗ Α.,A. Kourniaktis,"Πέτρος Τάσκας ἢ τὸ Φουρναρόπουλο τῆς Βενετίας, δρᾶμα εἰς πράξεις πέντε","Petros Taskas or the Baker Boy of Venice, drama in five acts","8ον, σελίδες 68+",4.—,Δρχ.,
1904,IMG_1460.jpeg,Θέατρον,Theater,"Δράματα, τραγῳδίαι",ΚΟΥΡΤΕΛΗ Γ. Α.,G. A. Kourtelis,"Μισαλλόθρησκος μήτηρ, δρᾶμα εἰς πράξεις πέντε","Bigoted Mother, drama in five acts",σ. 61+,2.—,Δρχ.,
1904,IMG_1460.jpeg,Θέατρον,Theater,"Δράματα, τραγῳδίαι",ΛΙΒΑΝΟΥ Δ. Ε.,D. E. Livanos,"Ἡ Μῆνις τοῦ Ἀχιλλέως, τραγῳδία εἰς πράξεις πέντε, παραφρασθεῖσα ἐκ τῆς Ἰλιάδος τοῦ Ὁμήρου","The Wrath of Achilles, tragedy in five acts, paraphrased from Homer's Iliad",σελίδες 112,7.—,Δρχ.,
1904,IMG_1460.jpeg,Θέατρον,Theater,"Δράματα, τραγῳδίαι",ΛΑΜΠΡΟΥ ΣΠΥΡ. Π.,Spyr. P. Lambros,"Τελευταῖος κόμης τῶν Σαλώνων, δρᾶμα εἰς μέρη πέντε","The Last Count of Salona, drama in five parts",σελίδες 192+...,5.—,Δρχ.,
1904,IMG_1460.jpeg,Θέατρον,Theater,"Δράματα, τραγῳδίαι",ΛΥΚΙΑΡΔΟΠΟΥΛΟΥ Μ. Γ.,M. G. Lykiardopoulos,"Ὁ Μανιώδης, δρᾶμα κωμικοτραγικόν, εἰς πράξεις πέντε, ἐκ τοῦ Ἰταλικοῦ","The Maniac, tragicomedy in five acts, from Italian",σελίδες 72,5.—,Δρχ.,
1904,IMG_1460.jpeg,Θέατρον,Theater,"Δράματα, τραγῳδίαι",ΜΟΡΑΚΗ Π.,P. Morakis,"Ὁ κόμης τοῦ Μοντεχρίστου, δρᾶμα εἰς πράξεις 6, ὑπὸ Al. Dumas","The Count of Monte Cristo, drama in 6 acts, by Al. Dumas","8ον, σελ. 112 ++...",7.—,Δρχ.,
1904,IMG_1460.jpeg,Θέατρον,Theater,"Δράματα, τραγῳδίαι",ΜΑΝΟΥΣΟΥ Α.,A. Manousos,"Ἡ Ὑπνοβάτις, μελόδραμα εἰς πράξεις τρεῖς, μουσικὴ Β. Βελλίνη","La Sonnambula, opera in three acts, music by V. Bellini",σελίδες 38 +...,3.—,Δρχ.,
1904,IMG_1460.jpeg,Θέατρον,Theater,"Δράματα, τραγῳδίαι",ΜΑΤΑΡΑΓΚΑ Π.,P. Matarankas,"Προφήτης, μελόδραμα εἰς πράξεις πέντε, μετάφρ.","The Prophet (Le Prophète), opera in five acts, translation",σ. 101 +,4.—,Δρχ.,
1904,IMG_1460.jpeg,Θέατρον,Theater,"Δράματα, τραγῳδίαι",ΜΑΥΡΙΔΟΥ Π.,P. Mavridou,"Μαρκησία, δρᾶμα εἰς πράξεις τρεῖς","Marchioness, drama in three acts","8ον, σελ. 63 ++",2.—,Δρχ.,
1904,IMG_1460.jpeg,Θέατρον,Theater,"Δράματα, τραγῳδίαι",ΜΕΓΑΡΕΩΣ Κ.,K. Megareus,"Ὁ υἱὸς τοῦ δολοφονηθέντος, δρᾶμα εἰς πράξεις τέσσαρας","The Son of the Murdered Man, drama in four acts",σ. 92+,5.—,Δρχ.,
1904,IMG_1460.jpeg,Θέατρον,Theater,"Δράματα, τραγῳδίαι",ΜΙΧΑΛΟΠΟΥΛΟΥ Γ. Ι.,G. I. Michalopoulos,"Ἡ οἰκογένεια τῶν Κρέβερ ἢ Φιλία καὶ Ἔρως, δρᾶμα εἰς πράξεις τρεῖς","The Krebber Family or Friendship and Love, drama in three acts",σελίδες 56 +...,3.—,Δρχ.,
1904,IMG_1460.jpeg,Θέατρον,Theater,"Δράματα, τραγῳδίαι",ΜΟΝΤΕΚΙΝΗ Γ.,G. Montecinis,"Γαλιλαῖος Γαλιλέη, δρᾶμα εἰς πράξεις τέσσαρας","Galileo Galilei, drama in four acts",σελίδες 112 ++...,5.—,Δρχ.,
1904,IMG_1460.jpeg,Θέατρον,Theater,"Δράματα, τραγῳδίαι",ΛΥΚΙΑΡΔΟΠΟΥΛΟΥ Μ. Γ.,M. G. Lykiardopoulos,"Πιστὴ σύζυγος, δρᾶμα εἰς πράξεις τρεῖς","Faithful Wife, drama in three acts",σελ. 95 ++...,2.20,Δρχ.,
1904,IMG_1460.jpeg,Θέατρον,Theater,"Δράματα, τραγῳδίαι",ΚΟΡΟΜΗΛΑ Δ. Α.,D. A. Koromilas,"Πρῶτα δάκρυα, χαρακτήρ","First Tears, character study",σελίδες 72 +...,8.—,Δρχ.,
1904,IMG_1460.jpeg,Θέατρον,Theater,"Δράματα, τραγῳδίαι",ΕΤΣΕΓΑΡΑΗ J.,José Echegaray,"Ὁ Μέγας Γαλεότος, δρᾶμα εἰς πράξεις τρεῖς μεταφρασθὲν ἐκ τοῦ Ἰσπανικοῦ ὑπὸ Δ. Βικέλα","The Great Galeoto, drama in three acts translated from Spanish by D. Vikelas",σ. 160+,5.—,Δρχ.,
1904,IMG_1460.jpeg,Θέατρον,Theater,"Δράματα, τραγῳδίαι",ΚΟΡΟΜΗΛΑ Δ. Α.,D. A. Koromilas,"Ἀκτὶς ἐν σκότει, δραμάτιον εἰς πράξεις τρεῖς","A Ray in the Dark, short play in three acts","32ον, σελ. 128 +",5.—,Δρχ.,
1904,IMG_1460.jpeg,Θέατρον,Theater,"Δράματα, τραγῳδίαι",ΚΟΡΟΜΗΛΑ Δ. Α.,D. A. Koromilas,"Ἔρως Ἀντέρως, δραμάτιον","Eros Anteros, short play",σελίδες 70 +...,8.—,Δρχ.,
1904,IMG_1460.jpeg,Θέατρον,Theater,"Δράματα, τραγῳδίαι",ΔΟΥΜΑ ΑΛ. ΥΙΟΥ,Alexandre Dumas fils,"Ἡ σύζυγος τοῦ Κλαυδίου, δρᾶμα εἰς πράξεις τρεῖς, μετάφρασις Λεωνίδου Π. Κανελλοπούλου","The Wife of Claudius, drama in three acts, translation by Leonidas P. Kanellopoulos","8ον, σελίδες 96 +...",3.20,Δρχ.,
1904,IMG_1460.jpeg,Θέατρον,Theater,"Δράματα, τραγῳδίαι",ΔΟΥΜΑ καὶ ΜΑΚΕ,Alexandre Dumas & Auguste Maquet,"Οἱ τρεῖς σωματοφύλακες, δρᾶμα εἰς πράξ. πέντε μετὰ προλόγου καὶ ἐπιλόγου","The Three Musketeers, drama in five acts with prologue and epilogue","4ον, σελ. 220 ++",10.—,Δρχ.,
1904,IMG_1460.jpeg,Θέατρον,Theater,"Δράματα, τραγῳδίαι",ΖΑΜΠΕΛΙΟΥ Ι.,I. Zampelios,"Τιμολέων, τραγῳδία εἰς πράξεις πέντε","Timoleon, tragedy in five acts","8ον, σελ. 80+",5.—,Δρχ.,
1904,IMG_1460.jpeg,Θέατρον,Theater,"Δράματα, τραγῳδίαι",ΗΓΟΥΜΕΝΙΔΟΥ ΑΡΙΣΤΕΑΣ Χ.,Aristea Ch. Igoumenidou,"Ἄγγελος καὶ Βιργινία, δρᾶμα εἰς πράξ. 2","Angelos and Virginia, drama in 2 acts",σ. 64++,1.20,Δρχ.,
1904,IMG_1460.jpeg,Θέατρον,Theater,"Δράματα, τραγῳδίαι",ΗΓΟΥΜΕΝΙΔΟΥ ΑΡΙΣΤΕΑΣ Χ.,Aristea Ch. Igoumenidou,"Ἡ ἐκ τοῦ παρελθόντος σειρά, δρᾶμα εἰς πράξεις 3","The Series from the Past, drama in 3 acts",σελ. 120+,5.—,Δρχ.,
1904,IMG_1460.jpeg,Θέατρον,Theater,"Δράματα, τραγῳδίαι",ΘΕΟΧΑΡΙΔΟΥ Θ.,Th. Theocharidou,"Πέτρος ὁ συγκλητικός, τραγῳδία εἰς πράξ. 5","Peter the Senator, tragedy in 5 acts","8ον, σ. 131 ++",10.—,Δρχ.,
1904,IMG_1460.jpeg,Θέατρον,Theater,"Δράματα, τραγῳδίαι",ΖΑΧΑΡΙΑΔΟΥ Ζ. Α. καὶ ΣΤΑΘΟΠΟΥΛΟΥ Ε. Δ.,Z. A. Zachariadou and E. D. Stathopoulou,"Ὀρτάντζα Βλέγγια, δρᾶμα εἰς πράξεις τρεῖς","Ortanza Vlengia, drama in three acts","8ον, σελίδες 95 +...",3.—,Δρχ.,
1904,IMG_1460.jpeg,Θέατρον,Theater,"Δράματα, τραγῳδίαι",ΚΑΒΑΛΛΟΤΤΗ Φ.,Felice Cavallotti,"Ἀλκιβιάδης, δρᾶμα εἰς εἰκόνας ἑπτά","Alcibiades, drama in seven scenes","32ον, σελ. 184++",5.—,Δρχ.,
1904,IMG_1460.jpeg,Θέατρον,Theater,"Δράματα, τραγῳδίαι",ΚΑΡΥΣΤΗΝΟΥ Α. Ν.,A. N. Karystinos,"Ἡ κόρη τῆς ἁμαρτίας, δρᾶμα εἰς πρᾶξιν","The Daughter of Sin, drama in one act",σ. 48,3.—,Δρχ.,
1904,IMG_1460.jpeg,Θέατρον,Theater,"Δράματα, τραγῳδίαι",ΚΑΣΤΕΛΒΕΚΙΟΥ Ρ.,R. Castelvecchio,"Τὰ θύματα τῆς Γαλλικῆς Δημοκρατίας, δρᾶμα εἰς πράξεις πέντε","The Victims of the French Republic, drama in five acts","8ον, σελίδες 70 +...",5.—,Δρχ.,
1904,IMG_1460.jpeg,Θέατρον,Theater,"Δράματα, τραγῳδίαι",ΚΟΚΚΟΛΗ Σ. Ε.,S. E. Kokkolis,"Ἀπόκρυφα τῶν ἀρχαίων Παρισίων, δρᾶμα εἰς πράξεις πέντε","Mysteries of Old Paris, drama in five acts","8ον, σελίδες 104 ++...",2.20,Δρχ.,
1904,IMG_1460.jpeg,Θέατρον,Theater,"Δράματα, τραγῳδίαι",ΚΟΡΝΗΛΙΟΥ,Pierre Corneille,"Σίδ, τραγῳδία εἰς πράξεις πέντε","Le Cid, tragedy in five acts",σελίδες 104,6.—,Δρχ.,
1904,IMG_1460.jpeg,Θέατρον,Theater,"Δράματα, τραγῳδίαι",ΚΟΡΟΜΗΛΑ Δ. Α.,D. A. Koromilas,"Ἀγαπητικὸς τῆς Βοσκοπούλας, ἔμμετρον δραματικὸν εἰδύλλιον, μετ' ᾀσμάτων εἰς πράξεις 5","The Shepherdess's Lover, rhymed dramatic idyll, with songs in 5 acts","8ον, σελίδες 119 +...",5.—,Δρχ.,
1904,IMG_1460.jpeg,Θέατρον,Theater,"Δράματα, τραγῳδίαι",ΘΕΟΧΑΡΙΔΟΥ Θ.,Th. Theocharidou,"Ἰωάννης ὁ Καλυβίτης (Καλογηρισμοῦ ἐπίκρισις), δρᾶμα βυζαντινὸν ἱστορικόν","John the Hut-Dweller (Critique of Monasticism), Byzantine historical drama","8ον, σελίδες 111 ++...",5.—,Δρχ.,
1904,IMG_1461.jpeg,Θέατρον,Theater,"Δράματα, τραγῳδίαι",ΡΑΚΙΝΑ,Racine,Ἰφιγένεια ἡ ἐν Αὐλίδι,Iphigenia in Aulis,"ἐμμέτρως καὶ ἐπὶ λέξει μεταφρασθεῖσα ὑπὸ Γ. Μ. Χατζῆ, 8ον, σελίδ. κη' - 132 +",12,Δραχμαί,
1904,IMG_1461.jpeg,Θέατρον,Theater,"Δράματα, τραγῳδίαι",ΠΟΥΠΑΚΑ Γ.,Poupakas G.,Κακὸς δρόμος,Bad Road,"δρᾶμα εἰς πράξεις τρεῖς, μετὰ προλόγου, σ. 68",2,Δραχμαί,
1904,IMG_1461.jpeg,Θέατρον,Theater,"Δράματα, τραγῳδίαι",ΠΡΙΣΜΙΤΖΑΚΗ Μ.,Prismitzakis M.,Δολᾶρος,Dolaros,"δρᾶμα εἰς πράξ. πέντε, 8ον, σελ. 115 ++",5,Δραχμαί,
1904,IMG_1461.jpeg,Θέατρον,Theater,"Δράματα, τραγῳδίαι",ΡΑΓΚΑΒΗ Α. Ρ.,Rangavis A. R.,Ἡ Παραμονή,The Eve,"δρᾶμα εἰς πράξ. πέντε, 8ον, σ. 236++",7,Δραχμαί,
1904,IMG_1461.jpeg,Θέατρον,Theater,"Δράματα, τραγῳδίαι",ΡΑΓΚΑΒΗ Α. Ρ.,Rangavis A. R.,Οἱ Τριάκοντα,The Thirty,"δρᾶμα εἰς μέρη πέντε, 8ον, σελ. 214+",8,Δραχμαί,
1904,IMG_1461.jpeg,Θέατρον,Theater,"Δράματα, τραγῳδίαι",ΡΑΓΚΑΒΗ ΚΛΕΩΝΟΣ,Rangavis Kleon,Ἡράκλειος,Heraclius,"δρᾶμα εἰς πράξεις πέντε, μετὰ λαμπρῶν εἰκόνων καὶ μετὰ τῆς κωμῳδίας ἐν τέλει: Τὸ πῦρ ὑπὸ τὴν αἰθάλην, εἰς πράξιν, μέγα 8ον, χρυσοδέτου ++",30,Δραχμαί,
1904,IMG_1461.jpeg,Θέατρον,Theater,"Δράματα, τραγῳδίαι",ΡΑΚΙΝΑ,Racine,Ἀλέξανδρος ὁ Μέγας,Alexander the Great,"τραγῳδία εἰς πράξεις 5, σελίδες 110+",5,Δραχμαί,
1904,IMG_1461.jpeg,Θέατρον,Theater,"Δράματα, τραγῳδίαι",ΣΑΒΑ Κ. Ν.,Savas K. N.,Ζήνων,Zenon,"παλαιὰ τραγῳδία, 8ον, σελίδες 102+",7,Δραχμαί,
1904,IMG_1461.jpeg,Θέατρον,Theater,"Δράματα, τραγῳδίαι",ΡΗΓΟΠΟΥΛΟΥ ΑΝΔΡ.,Rigopoulos Andr.,Ἰωάννης Μίλτων,John Milton,"δρᾶμα εἰς πράξ. 4, 8ον, σ. 198+",5,Δραχμαί,
1904,IMG_1461.jpeg,Θέατρον,Theater,"Δράματα, τραγῳδίαι",ΡΙΝΟΠΟΥΛΟΥ Α.,Rinopoulos A.,Ὁ Ὑποψήφιος βουλευτής,The Parliamentary Candidate,"μελόδραμα μουσουργηθὲν ὑπὸ Σπ. Ξύνδα, σελίδες 40...",3,Δραχμαί,
1904,IMG_1461.jpeg,Θέατρον,Theater,"Δράματα, τραγῳδίαι",ΡΟΜΑΝΗ ΕΥΤ.,Romani Eut.,Ἡ Νόρμα,Norma,"τραγῳδία λυρικὴ εἰς δύο πράξεις, σελ. 48 X",3,Δραχμαί,
1904,IMG_1461.jpeg,Θέατρον,Theater,"Δράματα, τραγῳδίαι",ΣΑΒΑ Κ. Ν.,Savas K. N.,"Κρητικὸν Θέατρον, ἢ συλλογὴ ἀνεκδότων καὶ ἀγνώστων δραμάτων","Cretan Theater, or Collection of Unpublished and Unknown Plays","8ον, σελίδες .. +",18,Δραχμαί,
1904,IMG_1461.jpeg,Θέατρον,Theater,"Δράματα, τραγῳδίαι",ΡΟΣΤΑΝ ΕΔΜ.,Rostand Edm.,Συρανὸ δὲ Μπερζεράκ,Cyrano de Bergerac,"ἔμμετρον ἐρωτικὸν δρᾶμα εἰς πράξεις πέντε, μετάφρασις ὑπὸ Γ. Κ. Στρατήγη, 8ον, σελίδες 240 +",12,Δραχμαί,
1904,IMG_1461.jpeg,Θέατρον,Theater,"Δράματα, τραγῳδίαι",ΣΑΒΑ Κ. Ν.,Savas K. N.,Γύπαρις,Gyparis,"ποιμενικὴ κωμῳδία, 8ον, σελίδες 106 +",7,Δραχμαί,
1904,IMG_1461.jpeg,Θέατρον,Theater,"Δράματα, τραγῳδίαι",ΠΟΛΕΜΗ Ι.,Polemis I.,Ὁ Τραγουδιστής,The Singer,"λυρικὸν δρᾶμα εἰς πράξιν μίαν, σελ. 32+",3,Δραχμαί,
1904,IMG_1461.jpeg,Θέατρον,Theater,"Δράματα, τραγῳδίαι",ΡΑΛΛΟΠΟΥΛΟΥ ΠΕΡΙ ΚΛ.,Rallopoulos Periklis,Ἰωσὴφ ὁ Πάγκαλος,Joseph the All-Good,"δρᾶμα εἰς πράξ. πέντε, 8ον, σ. 77+",3,Δραχμαί,
1904,IMG_1461.jpeg,Θέατρον,Theater,"Δράματα, τραγῳδίαι",ΠΙΑΒΕ Θ. Μ.,Piave F. M.,Ἡ Παρεκτραπεῖσα (Τραβιάτα),The Erring Woman (La Traviata),"μελόδραμα εἰς τρεῖς πράξεις μουσικὴ Ἰ. Βέρδη, ἐξελληνισθὲν ὑπὸ Μ. Βεγγίνα, σελίδες 93 +",5,Δραχμαί,
1904,IMG_1461.jpeg,Θέατρον,Theater,"Δράματα, τραγῳδίαι",ΟΥΓΚΩ Β.,Hugo V.,Ἑρνάνης,Hernani,"δρᾶμα εἰς πράξεις πέντε, σελίδες 158+",3,Δραχμαί,
1904,IMG_1461.jpeg,Θέατρον,Theater,"Δράματα, τραγῳδίαι",ΠΕΡΕΣΙΑΔΟΥ Σ.,Peresiadis S.,Σκλάβα,The Female Slave,"δρᾶμα εἰς πράξεις τέσσαρας, μετ' ᾀσμάτων καὶ χορῶν, 8ον, σελίδες 96 X",10,Δραχμαί,
1904,IMG_1461.jpeg,Θέατρον,Theater,"Δράματα, τραγῳδίαι",ΠΕΤΡΙΔΟΥ Ι. Β.,Petridis I. V.,"Ἀδελφὸς καὶ Ἀδελφή, ἢ Φερνάνδος καὶ Βιάγκα","Brother and Sister, or Fernando and Bianca","δρᾶμα ῥωμαντικὸν καὶ μεγαλοπρεπές, εἰς πράξ. πέντε καὶ εἰκόνας ὀκτώ, 8ον, σ. 80 ++",5,Δραχμαί,
1904,IMG_1461.jpeg,Θέατρον,Theater,"Δράματα, τραγῳδίαι",ΜΠΕΛΛΑΝΤΩΝΗ Β.,Bellantoni V.,Ἡ ἀνθρώπινος καρδία,The Human Heart,"δρᾶμα εἰς πράξεις πέντε, μετάφρασις Στ. Μπετσάνη, 8ον, σ. 119++",5,Δραχμαί,
1904,IMG_1461.jpeg,Θέατρον,Theater,"Δράματα, τραγῳδίαι",ΟΥΓΚΩ Β.,Hugo V.,Ἄγγελος τύραννος Πάντοβας,"Angelo, Tyrant of Padua","δρᾶμα εἰς τρεῖς πράξεις, μετάφρ. Ἰ. Μ. Ῥαπτάρχου, σελ. 115+",3,Δραχμαί,
1904,IMG_1461.jpeg,Θέατρον,Theater,"Δράματα, τραγῳδίαι",ΟΥΓΚΩ Β.,Hugo V.,Βουργράβοι,Les Burgraves,"δρᾶμα εἰς πράξεις τρεῖς, σελίδες 106 +",3,Δραχμαί,
1904,IMG_1461.jpeg,Θέατρον,Theater,"Δράματα, τραγῳδίαι",ΟΥΓΚΩ Β.,Hugo V.,Ἐσμεράλδα,Esmeralda,"δρᾶμα εἰς πράξεις τέσσαρας, 8ον, σελίδες 56+",5,Δραχμαί,
1904,IMG_1461.jpeg,Θέατρον,Theater,"Δράματα, τραγῳδίαι",ΟΥΓΚΩ Β.,Hugo V.,Μαρία Τυδόρις,Mary Tudor,"δρᾶμα εἰς πράξεις τρεῖς, μετάφρασις Ἰ. Μ. Ῥαπτάρχου, 8ον, σελίδες 122 +",3,Δραχμαί,
1904,IMG_1461.jpeg,Θέατρον,Theater,"Δράματα, τραγῳδίαι",ΟΥΓΚΩ Β.,Hugo V.,Μαριὼν Δελόρμ,Marion de Lorme,"δρᾶμα εἰς πράξεις 5 μετάφρασις Φ. Ἀ. Βυζαντινὰ, σελίδες 128 +",8,Δραχμαί,
1904,IMG_1461.jpeg,Θέατρον,Theater,"Δράματα, τραγῳδίαι",ΟΥΓΚΩ Β.,Hugo V.,Λουκρητία Βοργία,Lucrezia Borgia,"δρᾶμα εἰς πράξεις τρεῖς, μεταφρασθὲν ὑπὸ Ἰ. Μ. Ῥαπτάρχου, σελίδες δ' — 103 +",6,Δραχμαί,
1904,IMG_1461.jpeg,Θέατρον,Theater,"Δράματα, τραγῳδίαι",ΟΥΓΚΩ Β.,Hugo V.,Ῥιγολέττος,Rigoletto,"μελόδραμα, ὑπὸ Π. Ῥαλλιοπούλου, σελ. 40 +",3,Δραχμαί,
1904,IMG_1461.jpeg,Θέατρον,Theater,"Δράματα, τραγῳδίαι",ΟΥΓΚΩ Β.,Hugo V.,Ῥουῒ-Βλάς,Ruy Blas,"δρᾶμα εἰς πράξεις πέντε, σελίδες 151+",3,Δραχμαί,
1904,IMG_1461.jpeg,Θέατρον,Theater,"Δράματα, τραγῳδίαι",ΟΥΓΚΩ Β.,Hugo V.,Τορκουεμάδας,Torquemada,"δρᾶμα, μετάφρασις Σ. Ἰ. Βουτυρᾶ, μέγα 8ον, σ. 221",15,Δραχμαί,
1904,IMG_1461.jpeg,Θέατρον,Theater,"Δράματα, τραγῳδίαι",ΠΑΠΑΔΟΠΟΥΛΟΥ καὶ ΑΘΑΝΑΣΙΑΔΟΥ,Papadopoulos and Athanasiadis,Τὰ τέκνα τῆς Δουκίνης,The Children of the Duchess,"δρᾶμα εἰς πράξεις πέντε, σελίδες 167 ++",5,Δραχμαί,
1904,IMG_1461.jpeg,Θέατρον,Theater,"Δράματα, τραγῳδίαι",ΠΑΠΑΡΡΗΓΟΠΟΥΛΟΥ Δ.,Paparrigopoulos D.,Χαρακτῆρες,Characters,σελίδες 215 +,8,Δραχμαί,
1904,IMG_1461.jpeg,Θέατρον,Theater,"Δράματα, τραγῳδίαι",ΠΑΡΠΑΡΙΑ Γ.,Parparias G.,Ὁ μάγειρος τοῦ βασιλέως,The King's Cook,"δρᾶμα εἰς πράξ. πέντε, σελ. 35X",3,Δραχμαί,
1904,IMG_1461.jpeg,Θέατρον,Theater,"Δράματα, τραγῳδίαι",ΟΥΓΚΩ Β.,Hugo V.,Ὁ βασιλεὺς εὐθυμεῖ,The King Amuses Himself,"δρᾶμα εἰς πράξεις πέντε, 8ον, σελ. 165 ++",15,Δραχμαί,
1904,IMG_1462.jpeg,Θέατρον,Theater,"Δράματα, τραγῳδίαι",ΧΑΤΖΗΧΡΗΣΤΟΥ ΧΡ.,Chatzichristou Chr.,"Ἡ κόρη τοῦ Ἀγάθωνος, δρᾶμα τρίπρακτον μετὰ ἑπτὰ χορικῶν ᾀσμάτων","The Daughter of Agathon, drama in three acts with seven choral songs",σελίδες 69,6,Δρχ.,
1904,IMG_1462.jpeg,Θέατρον,Theater,"Δράματα, τραγῳδίαι",ΤΟΠΟΥΖΗ Ε. καὶ ΚΩΛΕΤΤΗ Κ.,Topouzi E. and Koletti K.,"Ἕκτωρ, δρᾶμα εἰς 3 πράξεις","Hector, drama in 3 acts","8ον, σελ. 48 + +",3,Δρχ.,
1904,IMG_1462.jpeg,Θέατρον,Theater,"Δράματα, τραγῳδίαι",ΦΕΒΑΛ Π.,Féval P.,"Ἀπόκρυφα τοῦ Λονδίνου, δρᾶμα εἰς πράξεις πέντε, μετάφρασις Χ. Ο. Ὀρφανίδου","Mysteries of London, drama in five acts, translated by Ch. O. Orfanidou","8ον, σ. 152 +",3.20,Δρχ.,
1904,IMG_1462.jpeg,Θέατρον,Theater,"Δράματα, τραγῳδίαι",ΦΡΑΓΚΙΑ Ι. Γ.,Fragkias I. G.,"Ὑμέναιος, μελοδραματικὸν εἰδύλλιον εἰς πράξεις τρεῖς","Hymenaios, operatic idyll in three acts","8ον, σελίδες ϛ΄-59 +",7,Δρχ.,
1904,IMG_1462.jpeg,Θέατρον,Theater,"Δράματα, τραγῳδίαι",ΧΑΪΓΕΛ Κ. / Bun R.,Heigel K. / Bun R.,"Μάρθα, δρᾶμα εἰς πράξεις πέντε, ἐκ τοῦ γερμανικοῦ ὑπὸ Ε. Γ. Ἀμαξοπούλου / Λαίδη Γλόστερ, τραγῳδία εἰς πράξεις πέντε","Martha, drama in five acts, from German by E. G. Amaxopoulou / Lady Gloucester, tragedy in five acts","8ον, σελίδες 88 / 8ον, σελίδες 110",10,Δρχ.,The two works are sold together (τὰ δύο ὁμοῦ)
1904,IMG_1462.jpeg,Θέατρον,Theater,"Δράματα, τραγῳδίαι",Anonymous,Anonymous,"Χορὸς μετημφιεσμένων, μελόδραμα","Masquerade Ball, opera",σελίδες 78,3,Δρχ.,
1904,IMG_1462.jpeg,Θέατρον,Theater,Κωμῳδίαι,ΒΛΑΧΟΥ ΑΓΓ.,Vlachos Agg.,"Ὁ λοχαγὸς τῆς ἐθνοφυλακῆς, κωμῳδία ἔμμετρος εἰς τρεῖς πράξεις","The Captain of the National Guard, verse comedy in three acts",σελίδες +,5,Δρχ.,
1904,IMG_1462.jpeg,Θέατρον,Theater,"Δράματα, τραγῳδίαι",ΧΡΙΣΤΟΠΟΥΛΟΥ Α.,Christopoulos A.,"Ὁ Ἀχιλλεύς, δρᾶμα","Achilles, drama",σελίδες 80 +,4,Δρχ.,
1904,IMG_1462.jpeg,Θέατρον,Theater,Κωμῳδίαι,Anonymous,Anonymous,Ἀγροκήπιον,Nursery / Country Estate,σελίδες 23 +,1,Δρχ.,One-act play per header note
1904,IMG_1462.jpeg,Θέατρον,Theater,Κωμῳδίαι,ΑΝΝΙΝΟΥ Χ.,Anninos Ch.,"Ἡ νίκη τοῦ Λεωνίδα, κωμῳδία εἰς πράξ. τέσσαρας","Leonidas' Victory, comedy in four acts",σ. 175 +,10,Δρχ.,
1904,IMG_1462.jpeg,Θέατρον,Theater,Κωμῳδίαι,ΑΝΝΙΝΟΥ Χ.,Anninos Ch.,"Ἄφρων πατήρ, κωμῳδία εἰς εἰκόνας δύο","Foolish Father, comedy in two scenes",σελίδες 34 +,3,Δρχ.,
1904,IMG_1462.jpeg,Θέατρον,Theater,Κωμῳδίαι,ΒΛΑΧΟΥ ΑΓΓ.,Vlachos Agg.,Ἡ σύζυγος τοῦ Λουλουδάκη,Louloudakis' Wife,σελίδες 28 +,1,Δρχ.,One-act play per header note
1904,IMG_1462.jpeg,Θέατρον,Theater,"Δράματα, τραγῳδίαι",ΣΧΙΛΛΕΡΟΥ,Schiller,Λουΐζα Μύλλερ,Luise Miller,"32ον, σ. 192 +",5,Δρχ.,
1904,IMG_1462.jpeg,Θέατρον,Theater,"Δράματα, τραγῳδίαι",ΧΟΡΤΑΤΖΗ Γ.,Chortatzis G.,"Ἐρωφίλη, τραγῳδία εἰς πράξεις πέντε","Erofili, tragedy in five acts","8ον, σελίδ. 185 +",9,Δρχ.,
1904,IMG_1462.jpeg,Θέατρον,Theater,"Δράματα, τραγῳδίαι",ΣΧΙΛΛΕΡΟΥ,Schiller,"Αὐρηλιανὴ Παρθένος, τραγῳδία εἰς πράξεις ἕξ, μετάφρασις Δ. Α. Σοφιανοῦ","The Maid of Orleans, tragedy in six acts, translated by D. A. Sofianos",σελίδες 110 X,3,Δρχ.,
1904,IMG_1462.jpeg,Θέατρον,Theater,"Δράματα, τραγῳδίαι",ΣΧΙΛΛΕΡΟΥ,Schiller,"Μαρία Στουάρτη, τραγῳδία εἰς πράξεις πέντε","Mary Stuart, tragedy in five acts","8ον, σελίδες 111 +",5,Δρχ.,
1904,IMG_1462.jpeg,Θέατρον,Theater,"Δράματα, τραγῳδίαι",STERBINI CES.,Sterbini Cesare,"Il Barbiere di Siviglia, melodramma giocoso in due atti","The Barber of Seville, comic opera in two acts",σελίδες 48 X,3,Δρχ.,
1904,IMG_1462.jpeg,Θέατρον,Theater,"Δράματα, τραγῳδίαι",ΣΤΥΛΙΑΝΙΔΟΥ καὶ ΜΑΝΩΛΑΚΑΚΗ,Stylianidou and Manolakakis,"Τὸ Μῆλον τῆς Ἔριδος, κωμῳδία εἰς πράξεις τρεῖς","The Apple of Discord, comedy in three acts","8ον, σελίδες 80 X",5,Δρχ.,
1904,IMG_1462.jpeg,Θέατρον,Theater,"Δράματα, τραγῳδίαι",ΣΑΙΞΠΗΡΟΥ,Shakespeare,"Ἁμλέτος, τραγῳδία εἰς πράξεις 5, μετάφρ. Δ. Βικέλα","Hamlet, tragedy in 5 acts, translated by D. Vikelas",σ. 178 +,5,Δρχ.,
1904,IMG_1462.jpeg,Θέατρον,Theater,"Δράματα, τραγῳδίαι",ΣΑΙΞΠΗΡΟΥ,Shakespeare,"Βασιλεὺς Λήρ, τραγῳδία εἰς πρξ. 5, μετάφρ. Δ. Βικέλα","King Lear, tragedy in 5 acts, translated by D. Vikelas",σ. 178 +,5,Δρχ.,
1904,IMG_1462.jpeg,Θέατρον,Theater,"Δράματα, τραγῳδίαι",ΣΑΙΞΠΗΡΟΥ,Shakespeare,"Ἰούλιος Καῖσαρ, τραγῳδία εἰς πράξ. 5","Julius Caesar, tragedy in 5 acts","μέγα 8ον, σελ. 90 +",7,Δρχ.,
1904,IMG_1462.jpeg,Θέατρον,Theater,"Δράματα, τραγῳδίαι",ΣΑΙΞΠΗΡΟΥ,Shakespeare,"Μάκβεθ, τραγῳδία εἰς πράξ. 5, μετάφρ. Δ. Βικέλα","Macbeth, tragedy in 5 acts, translated by D. Vikelas",σελ. 179 +,5,Δρχ.,
1904,IMG_1462.jpeg,Θέατρον,Theater,"Δράματα, τραγῳδίαι",ΣΑΙΞΠΗΡΟΥ,Shakespeare,"Ὀθέλλος, τραγῳδία εἰς πράξ. 5, μετάφρ. Δ. Βικέλα","Othello, tragedy in 5 acts, translated by D. Vikelas",σελ. 171 +,5,Δρχ.,
1904,IMG_1462.jpeg,Θέατρον,Theater,"Δράματα, τραγῳδίαι",ΣΑΙΞΠΗΡΟΥ,Shakespeare,"Δύο εὐγενεῖς τῆς Βερώνης, δρᾶμα εἰς πράξεις πέντε","The Two Gentlemen of Verona, drama in five acts",σελ. 103 +,5,Δρχ.,
1904,IMG_1462.jpeg,Θέατρον,Theater,"Δράματα, τραγῳδίαι",ΣΑΙΞΠΗΡΟΥ,Shakespeare,"Ῥωμαῖος καὶ Ἰουλιέττα, τραγῳδία εἰς πράξεις 5, μετ. Δ. Βικέλα","Romeo and Juliet, tragedy in 5 acts, translated by D. Vikelas",σ. 142 +,5,Δρχ.,
1904,IMG_1462.jpeg,Θέατρον,Theater,"Δράματα, τραγῳδίαι",ΣΑΙΞΠΗΡΟΥ,Shakespeare,"Τρικυμία, δρᾶμα εἰς πράξεις 4, μετάφρ. Ι. Πολυλᾶ","The Tempest, drama in 4 acts, translated by I. Polylas","8ον, σ. 94-ι΄ +",6,Δρχ.,
1904,IMG_1462.jpeg,Θέατρον,Theater,"Δράματα, τραγῳδίαι",ΣΕΖΟΥΡ Β.,Séjour B.,"Οἱ Βενετικοὶ Γάμοι, δρᾶμα εἰς πράξεις 5","Venetian Marriages, drama in 5 acts","8ον, σ. 120 +",4,Δρχ.,
1904,IMG_1462.jpeg,Θέατρον,Theater,"Δράματα, τραγῳδίαι",ΣΟΥΝΔΕΡΜΑΝΝ ΕΡΜΑΝΝ,Sudermann Hermann,"Μάγδα (Heimat), δρᾶμα εἰς πράξεις τέσσαρας, μετάφρασις Μιλτ. Ἀθηναίου","Magda (Heimat), drama in four acts, translated by Milt. Athinaios","8ον, σελ. 116 +",4,Δρχ.,
1904,IMG_1462.jpeg,Θέατρον,Theater,"Δράματα, τραγῳδίαι",ΣΟΥΝΔΕΡΜΑΝΝ ΕΡΜΑΝΝ,Sudermann Hermann,"Ἡ Τιμή, δρᾶμα εἰς πράξεις 4, μετ. Α. Σακέλη","Honor, drama in 4 acts, translated by A. Sakelis","32ον, σ. 136 +",5,Δρχ.,
1904,IMG_1462.jpeg,Θέατρον,Theater,"Δράματα, τραγῳδίαι",ΣΤΑΜΑΤΙΑΔΟΥ Α.,Stamatiadou A.,"Πίστις, Ἐλπὶς καὶ Ἔλεος, δρᾶμα εἰς πράξεις πέντε καὶ μέρη ἕξ","Faith, Hope and Mercy, drama in five acts and six parts",σελίδες 133 + +,5,Δρχ.,
1904,IMG_1462.jpeg,Θέατρον,Theater,"Δράματα, τραγῳδίαι",ΣΑΙΞΠΗΡΟΥ,Shakespeare,"Ῥιχάρδος ὁ Γ΄, δρᾶμα εἰς πράξεις πέντε, μετάφρασις Κλεάνθους Ν. Τριανταφύλλου","Richard III, drama in five acts, translated by Kleanthi N. Triantafyllou",σελίδες 150 +,5,Δρχ.,
1904,IMG_1463.jpeg,Θέατρον,Theater,Κωμῳδίαι,ΚΑΛΟΓΕΡΟΠΟΥΛΟΥ Ι. Ν.,Kalogeropoulou I. N.,"Ἡ εὐτράπελος κόρη, κωμῳδία εἰς πράξ. 3","The Witty Maiden, comedy in 3 acts","8ον, σ. 64+",5.—,Δρχ.,
1904,IMG_1463.jpeg,Θέατρον,Theater,Κωμῳδίαι,ΖΑΝΟΥ Π. Δ.,Zanos P. D.,"Ἡ κόρη τοῦ Ἀπέργη, κωμῳδία εἰς μέρη τρία καὶ εἰς τρίμετρον ἰαμβικόν","Apergis's Daughter, comedy in three parts and iambic trimeter",σελίδες 87+,7.20,Δρχ.,
1904,IMG_1463.jpeg,Θέατρον,Theater,Κωμῳδίαι,ZOZA,Zoza,"Ὁ κύριος Τσαλαπετεινὸς ἀπὸ τὸ Κερατοχῶρι, κωμῳδία","Mr. Tsalapeteinos from Keratochori, comedy","8ον, σ. 58 +",5.—,Δρχ.,
1904,IMG_1463.jpeg,Θέατρον,Theater,Κωμῳδίαι,ΙΓΓΛΕΣΗ Αλ.,Inglesis Al.,"Οἱ δύο ἐξάδελφοι, κωμῳδία εἰς πράξ. τρεῖς","The Two Cousins, comedy in three acts","8ον, σ. 80+",2.—,Δρχ.,
1904,IMG_1463.jpeg,Θέατρον,Theater,Κωμῳδίαι,ΙΩΑΝΝΙΔΟΥ Σ.,Ioannidou S.,"Ὁ Σιὸρ Ἀνανίας, κωμῳδία","Signor Ananias, comedy",σελίδες 28 +,2.—,Δρχ.,
1904,IMG_1463.jpeg,Θέατρον,Theater,Κωμῳδίαι,ΙΩΑΝΝΟΥ Γ.,Ioannou G.,"Τὸ καναράκι ἔφυγε, κωμῳδία","The Canary Has Flown, comedy",σελίδες 23 +,2.—,Δρχ.,
1904,IMG_1463.jpeg,Θέατρον,Theater,Κωμῳδίαι,ΚΑΙΣΑΡΕΩΣ Α. Γ.,Kaisareos A. G.,Οἱ τοκογλύφοι,The Usurers,σελίδες 55 +,3.—,Δρχ.,
1904,IMG_1463.jpeg,Θέατρον,Theater,Κωμῳδίαι,ΚΑΙΣΑΡΕΩΣ Α. Γ.,Kaisareos A. G.,Κακὸ συναπάντημα,Unfortunate Encounter,σελ. 23+,1.—,Δρχ.,
1904,IMG_1463.jpeg,Θέατρον,Theater,Κωμῳδίαι,ΚΑΜΠΟΥΡΟΓΛΟΥ Δ. Γρ.,Kampouroglou D. Gr.,"Εὐσυνειδησία καὶ ἀσυνειδησία, κωμῳδία εἰς μέρη τρία","Conscientiousness and Unconscionability, comedy in three parts",σελίδες 116+,6.—,Δρχ.,
1904,IMG_1463.jpeg,Θέατρον,Theater,Κωμῳδίαι,ΚΟΡΟΜΗΛΑ ΔΗΜ. Α.,Koromilas Dim. A.,Ἀλώπηξ κολοβή,Dock-Tailed Fox,σελίδες 76 +,8.20,Δρχ.,
1904,IMG_1463.jpeg,Θέατρον,Theater,Κωμῳδίαι,ΚΑΠΕΤΑΝΑΚΗ Ηλ. ΣΤ.,Kapetanakis Il. St.,"Ὁ γενικὸς γραμματεύς, κωμῳδία εἰς τρεῖς πράξεις, μετ' ᾀσμάτων","The Secretary General, comedy in three acts, with songs",σελίδες 191+,10.—,Δρχ.,
1904,IMG_1463.jpeg,Θέατρον,Theater,Κωμῳδίαι,ΚΑΡΑ Ν. Π.,Kara N. P.,"Οἱ ἔρωτες ἑνὸς γέροντος, κωμῳδία","The Loves of an Old Man, comedy",σελίδες 30+,1.—,Δρχ.,
1904,IMG_1463.jpeg,Θέατρον,Theater,Κωμῳδίαι,ΚΟΚΚΟΥ Δ.,Kokkos D.,"Καπετὰν Γιακουμῆς, κωμειδύλλιον εἰς πράξεις 3","Captain Giakoumis, operetta/comedietta in 3 acts",σελίδες 78 ++,3.—,Δρχ.,
1904,IMG_1463.jpeg,Θέατρον,Theater,Κωμῳδίαι,ΚΟΚΚΟΥ Δ.,Kokkos D.,"Μπάρμπα Λινάρδος ἢ Τὸ τέλος τῆς Μαρούλας, κωμειδύλλιον εἰς πράξεις τρεῖς","Uncle Linardos or The End of Maroula, comedietta in three acts",σελίδες 61 ++,2.—,Δρχ.,
1904,IMG_1463.jpeg,Θέατρον,Theater,Κωμῳδίαι,Ανώνυμος,Anonymous,"Κομψευόμενοι Τυχοδιῶκται, κωμῳδία","Foppish Adventurers, comedy","32ον, σελίδες 61++",2.—,Δρχ.,
1904,IMG_1463.jpeg,Θέατρον,Theater,Κωμῳδίαι,ΚΟΡΟΜΗΛΑ ΔΗΜ. Α.,Koromilas Dim. A.,"Ἀποδείξεις, μῖμος","Proofs, mime","32ον, σ. 72+",3.—,Δρχ.,
1904,IMG_1463.jpeg,Θέατρον,Theater,Κωμῳδίαι,ΚΟΡΟΜΗΛΑ ΔΗΜ. Α.,Koromilas Dim. A.,"Ἔφαγες βλίττα, σκῶμμα","You Ate Amaranth, lampoon","32ον, σελίδες 40+",2.—,Δρχ.,
1904,IMG_1463.jpeg,Θέατρον,Theater,Κωμῳδίαι,ΖΑΝΟΥ Π. Δ.,Zanos P. D.,"Ἐρωτικὴ ἀπόπειρα, κωμικὸς σκηνικὸς διάλογος","Romantic Attempt, comic stage dialogue","8ον, σ. + 27",2.—,Δρχ.,
1904,IMG_1463.jpeg,Θέατρον,Theater,Κωμῳδίαι,ΚΑΜΠΟΥΡΟΓΛΟΥ Ι. Κ.,Kampouroglou I. K.,"Ῥαμπαγᾶς, κωμῳδία εἰς πράξεις πέντε ὑπὸ Victorien Sardou","Rabagas, comedy in five acts by Victorien Sardou","8ον, σελίδες 192++",12.—,Δρχ.,
1904,IMG_1463.jpeg,Θέατρον,Theater,Κωμῳδίαι,ΖΑΝΟΥ Π. Δ.,Zanos P. D.,"Ἀνδρογυναικομαχία, κωμῳδία, εἰς 3 μέρη","Battle of Husband and Wife, comedy in 3 parts",σ.κα'—142+,6.—,Δρχ.,
1904,IMG_1463.jpeg,Θέατρον,Theater,Κωμῳδίαι,ΔΕΚΙΖΑΛΛΗ Ι.,Dekizallas I.,"Ἡ δοξομανής, κωμῳδία ἰταλοῦ Notta, ἐξελληνισθεῖσα καὶ ἐντελῶς μεταποιηθεῖσα","The Glory-Obsessed Woman, comedy by the Italian Notta, translated into Greek and fully adapted","μέγα 8ον, σελίδες 88+",4.—,Δρχ.,
1904,IMG_1463.jpeg,Θέατρον,Theater,Κωμῳδίαι,ΖΑΝΟΥ Π. Δ.,Zanos P. D.,Ἡ ἀνεψιὰ τοῦ θείου της,The Niece of Her Uncle,σελίδες 24 +,2.—,Δρχ.,
1904,IMG_1463.jpeg,Θέατρον,Theater,Κωμῳδίαι,ΒΛΑΧΟΥ ΑΓΓ.,Vlachos Agg.,Ὁ ὑδροπότης σύζυγος,The Water-Drinking Husband,σελίδες 49 +,2.—,Δρχ.,
1904,IMG_1463.jpeg,Θέατρον,Theater,Κωμῳδίαι,ΒΥΖΑΝΤΙΟΥ Γ. Σ.,Byzantios G. S.,Ἡ μαγνητιζομένη,The Magnetized Woman,"32ον, σελίδες 42 +",2.—,Δρχ.,
1904,IMG_1463.jpeg,Θέατρον,Theater,Κωμῳδίαι,ΒΥΖΑΝΤΙΟΥ Δ. Κ.,Byzantios D. K.,"Βαβυλωνία, εἰς πράξεις πέντε","Babylonia, in five acts",σελίδες 64+,1.—,Δρχ.,
1904,IMG_1463.jpeg,Θέατρον,Theater,Κωμῳδίαι,ΒΟΥΤΥΡΑ Ν. Β.,Voutyras N. V.,"Ὁ Μανωλάκης, κωμῳδία","Manolakis, comedy",σελίδες 24 +,2.—,Δρχ.,
1904,IMG_1463.jpeg,Θέατρον,Theater,Κωμῳδίαι,Γίλος,Gilos,Ὁ τετραπέρατος,The Extremely Clever One,σελίδ. 32 +,1.—,Δρχ.,
1904,IMG_1463.jpeg,Θέατρον,Theater,Κωμῳδίαι,ΓΟΛΔΟΝΗ Κ.,Goldoni C.,"Καφενεῖον, κωμῳδία, μεταφρασθεῖσα ὑπὸ Μ. Ἀνδρεάδου","The Coffee House, comedy, translated by M. Andreadis",σελίδες 106+,6.—,Δρχ.,
1904,IMG_1463.jpeg,Θέατρον,Theater,Κωμῳδίαι,ΓΡΑΝΖΕ Εὐγ. καὶ ΔΕΛΑΝΑ Ρ.,Grange Eug. & Delana R.,"Οἱ ὑπηρέται, κωμῳδία εἰς πράξ. τρεῖς, μεταφρασθεῖσα καὶ εἰς τὰ καθ' ἡμᾶς ἤθη μετενεχθεῖσα, ὑπὸ Ἰ. Χ. Κούρτελη","The Servants, comedy in three acts, translated and adapted to local customs by I. Ch. Kourtelis","8ον, σ. 114+",5.—,Δρχ.,
1904,IMG_1463.jpeg,Θέατρον,Theater,Κωμῳδίαι,ΔΑΝΑΣΣΗ Μ.,Danassis M.,"Ἡ ἄρχουσα σύζυγος, εἰς πράξ. τέσσαρας","The Dominant Wife, in four acts","8ον, σ. 124+",5.—,Δρχ.,
1904,IMG_1463.jpeg,Θέατρον,Theater,Κωμῳδίαι,BOCAGE H.,Bocage H.,"Ἐρωτικὴ συνέντευξις, κωμῳδία μονόπρακτος","Romantic Rendezvous, one-act comedy","8ον, σελίδες 25 +",2.—,Δρχ.,
1904,IMG_1463.jpeg,Θέατρον,Theater,Κωμῳδίαι,ΔΕΚΙΖΑΛΛΗ Ι.,Dekizallas I.,"Διὰ τῆς βίας ζηλότυπος, κωμῳδία","Jealous by Force, comedy","8ον, σελίδες 32 +",3.—,Δρχ.,
1904,IMG_1463.jpeg,Θέατρον,Theater,Κωμῳδίαι,Ανώνυμος,Anonymous,"Δικηγορικὰ γελοῖα, κωμῳδία ἀστειοτάτη","Legal Absurdities, a very witty comedy","32ον, σελίδες 39 +",1.—,Δρχ.,
1904,IMG_1463.jpeg,Θέατρον,Theater,Κωμῳδίαι,ΔΡΑΚΑΚΗ Ι.,Drakakis I.,"Ὁ Δὸν Κολοκύθας, κωμῳδία","Don Kolokythas, comedy","8ον, σελίδες 21+",1.—,Δρχ.,
1904,IMG_1463.jpeg,Θέατρον,Theater,Κωμῳδίαι,Ε. Β.,E. V.,"Οἱ Θεριακλίδαι, κωμῳδία δίπρακτος","The Addicts, comedy in two acts","8ον, σελίδες 27+",2.—,Δρχ.,
1904,IMG_1463.jpeg,Θέατρον,Theater,Κωμῳδίαι,Ε. Β.,E. V.,"Ἑξηνταβελώνης, κατὰ Μολιέρον","Exintavelonis, after Molière","8ον, σελ. 106+",6.—,Δρχ.,
1904,IMG_1463.jpeg,Θέατρον,Theater,Κωμῳδίαι,Ε. Β.,E. V.,"Ἐποχὴ τῆς χολέρας, εἰς πράξεις δύο","Cholera Era, in two acts","8ον, σελίδες 60 +",2.—,Δρχ.,
1904,IMG_1463.jpeg,Θέατρον,Theater,Κωμῳδίαι,Ε. Β.,E. V.,Ἐραστὴς τῆς σελήνης,Lover of the Moon,σ. 32 +,1.—,Δρχ.,
1904,IMG_1463.jpeg,Θέατρον,Theater,Κωμῳδίαι,Ε. Β.,E. V.,"Ἔχει τὸ χέρι ὀλίγο... καὶ Ἔχει κάλους ἡ γυναῖκά μου, κωμῳδίαι μονόπρακτοι","Light-Fingered... and My Wife Has Corns, one-act comedies","8ον, σελίδες 40 +",9.—,Δρχ.,
1904,IMG_1463.jpeg,Θέατρον,Theater,Κωμῳδίαι,ΖΑΝΟΥ Π. Δ.,Zanos P. D.,"Θέατρον ἑλληνικόν, τόμος Α'","Greek Theater, Volume A",σελίδες 210+,9.—,Δρχ.,
1904,IMG_1464.jpeg,Θέατρον,Theater,Μένανδρος ἢ συλλογὴ κωμῳδιῶν,Διάφοροι,Various,"Τεῦχος Γ' : Δὸν Κολοκύθας, ὑπὸ Ἰ. Δρακάκη, Ξύλινος σκελετός, Ἁρπαγὴ τῆς Ἑλένης, Καὶ πῶς δὲ μοὔσκασεσ","Issue 3: Don Kolokythas (by I. Drakakis), Wooden Skeleton, Abduction of Helen, And How I Didn't Burst",Τεῦχος Γ',3,δρχ.,Part of 'Menandros' comedy collection
1904,IMG_1464.jpeg,Θέατρον,Theater,Μένανδρος ἢ συλλογὴ κωμῳδιῶν,Διάφοροι,Various,"Τεῦχος Ε' : Νόμος τῆς καρδίας, Ἀργυρὼ καὶ Θανάσης, Πείσματα τῶν γυναικῶν","Issue 5: Law of the Heart, Argyro and Thanasis, Women's Stubbornness",Τεῦχος Ε',3,δρχ.,Part of 'Menandros' comedy collection
1904,IMG_1464.jpeg,Θέατρον,Theater,Κωμῳδίαι,ΜΙΣΙΤΖΗ ΔΗΜΟΣΘ.,Misitzis Dimosthenis,"Ὁ Φιάκας, εἰς μέρη δύο","Fiakas, in two parts",σελίδες 64,1,δρχ.,
1904,IMG_1464.jpeg,Θέατρον,Theater,Κωμῳδίαι,ΜΟΛΙΕΡΟΥ,Moliere,"Ἄριστα ἔργα, Μισάνθρωπος, Ταρτοῦφος, Φιλάργυρος, ἐξελληνισθέντα ὑπὸ Ἰ. Ἰσιδωρίδου Σκυλίτση","Masterpieces: The Misanthrope, Tartuffe, The Miser, translated into Greek by I. Isidoridis Skylitsis","μέγα 8ον, σελίδες ις'—352 +",40,δρχ.,
1904,IMG_1464.jpeg,Θέατρον,Theater,Κωμῳδίαι,ΜΟΛΙΕΡΟΥ,Moliere,Αἱ κομψευόμεναι,Les Précieuses ridicules (The Affected Young Ladies),σ. 48 + +,2,δρχ.,
1904,IMG_1464.jpeg,Θέατρον,Theater,Κωμῳδίαι,ΜΟΛΙΕΡΟΥ,Moliere,"Ἀμφιτρύων, κωμῳδία, μετάφρ. Ἰ. Γ. Φραγκιᾶ","Amphitryon, comedy, transl. by I. G. Fragkias","32ον, σελ. 107 +",2,δρχ.,
1904,IMG_1464.jpeg,Θέατρον,Theater,Κωμῳδίαι,ΜΟΛΙΕΡΟΥ,Moliere,"Ὁ Δὸν Ζουάν, εἰς πράξεις πέντε, Σγαναρέλλος, κωμῳδίαι, μεταφρασθεῖσαι ὑπὸ Ἀ. Γ. Σκαλίδου","Don Juan, in five acts / Sganarelle, comedies translated by A. G. Skalidos",σελίδες 134 +,6,δρχ.,
1904,IMG_1464.jpeg,Θέατρον,Theater,Κωμῳδίαι,ΜΟΛΙΕΡΟΥ,Moliere,Φιλάργυρος,The Miser,"32ον, σελ. 120 +",2,δρχ.,
1904,IMG_1464.jpeg,Θέατρον,Theater,Κωμῳδίαι,ΜΟΛΙΕΡΟΥ,Moliere,"Μισάνθρωπος, κωμῳδία εἰς πράξεις πέντε, ἐξελληνισθεῖσα ὑπὸ Ἰ. Ἰσ. Σκυλίτση","The Misanthrope, comedy in five acts, translated into Greek by I. Is. Skylitsis","μέγα 8ον, σελίδες 104+",6,δρχ.,
1904,IMG_1464.jpeg,Θέατρον,Theater,Κωμῳδίαι,ΜΟΛΙΕΡΟΥ,Moliere,Μισάνθρωπος,The Misanthrope,"32ον, σ. 90+",2,δρχ.,
1904,IMG_1464.jpeg,Θέατρον,Theater,Κωμῳδίαι,ΜΟΛΙΕΡΟΥ,Moliere,Ταρτοῦφος,Tartuffe,"32ον, σελ. 92 +",2,δρχ.,
1904,IMG_1464.jpeg,Θέατρον,Theater,Κωμῳδίαι,ΜΟΝΔΙΝΟΥ Δ.,Mondinos D.,Βασιλεὺς τῶν Φροντίνων,King of Frontini,"8ον, σελίδες 48+",2,δρχ.,
1904,IMG_1464.jpeg,Θέατρον,Theater,Κωμῳδίαι,ΜΟΝΔΙΝΟΥ Δ.,Mondinos D.,"Θύραι καὶ ἑρμάριον, κωμῳδία","Doors and Cabinet, comedy","8ον, σελ. 24 +",2,δρχ.,
1904,IMG_1464.jpeg,Θέατρον,Theater,Κωμῳδίαι,ΜΟΝΔΙΝΟΥ Δ.,Mondinos D.,"Ἡ σκιὰ τοῦ Ῥινάλδου, κωμῳδία, ἐκ τοῦ ἰταλικοῦ","The Shadow of Rinaldo, comedy from the Italian","8ον, σ. 24+",2,δρχ.,
1904,IMG_1464.jpeg,Θέατρον,Theater,Μένανδρος ἢ συλλογὴ κωμῳδιῶν,Διάφοροι,Various,"Τεῦχος Β' : Ἀναπαραδιάδης, ὑπὸ Γ. Χ. Σουρῆ, Τύχη ἑνὸς ποιητοῦ καὶ Ἐρωτικὴ ἀπόπειρα, ὑπὸ Π. Ζάνου","Issue 2: Anaparadiadis (by G. Ch. Souris), A Poet's Fortune and Erotic Attempt (by P. Zanos)",Τεῦχος Β',3,δρχ.,Part of 'Menandros' comedy collection
1904,IMG_1464.jpeg,Θέατρον,Theater,Κωμῳδίαι,ΜΟΛΙΕΡΟΥ,Moliere,"Ὁ κατὰ φαντασίαν ἠπατημένος σύζυγος, κωμῳδία ἐμμέτρως ἐξελληνισθεῖσα ὑπὸ Ν. Ἰ. Λάσκαρη","The Imaginary Cuckold, verse comedy translated into Greek by N. I. Laskaris",σ. 46+,5,δρχ.,
1904,IMG_1464.jpeg,Θέατρον,Theater,Μένανδρος ἢ συλλογὴ κωμῳδιῶν,Διάφοροι,Various,"Τεῦχος Α' : Ἀγροικογιάννης, ὑπὸ Ἀλ. Ῥ. Ῥαγκαβῆ, Δημοπρασία, ὑπὸ Α. Πίστη, καὶ Μανωλάκης, ὑπὸ Ν. Βουτυρᾶ","Issue 1: Agroikogiannis (by Al. R. Rangavis), Auction (by A. Pistis), and Manolakis (by N. Voutyras)",Τεῦχος Α',3,δρχ.,Part of 'Menandros' comedy collection
1904,IMG_1464.jpeg,Θέατρον,Theater,Κωμῳδίαι,ΜΑΪΔΟΥ ΧΡ. Σ.,Maidos Chr. S.,Μαργαρὼ ἢ Μενιδιάτισσα,Margaro or the Woman of Menidi,σ. 32+,1,δρχ.,
1904,IMG_1464.jpeg,Θέατρον,Theater,Κωμῳδίαι,ΜΑΪΔΟΥ ΧΡ. Σ.,Maidos Chr. S.,"Ἡ προὶξ τῆς Χρυσάνθης, κωμειδύλλιον","Chrysanthi's Dowry, musical comedy","8ον, σ. 20+",2,δρχ.,
1904,IMG_1464.jpeg,Θέατρον,Theater,Κωμῳδίαι,ΚΟΡΟΜΗΛΑ ΔΗΜ. Α.,Koromilas Dim. A.,"Ἐξώδικος ἀπόφασις, κωμῳδία","Out-of-court Decision, comedy","32ον, σ. 96 +",3,δρχ.,
1904,IMG_1464.jpeg,Θέατρον,Theater,Κωμῳδίαι,ΚΟΡΟΜΗΛΑ ΔΗΜ. Α.,Koromilas Dim. A.,"Κύριος Κουκάκης καὶ ὁ υἱός του, εἰς πράξεις τρεῖς","Mr. Koukakis and His Son, in three acts",σ. 236 +,20,δρχ.,
1904,IMG_1464.jpeg,Θέατρον,Theater,Κωμῳδίαι,ΚΟΡΟΜΗΛΑ ΔΗΜ. Α.,Koromilas Dim. A.,Λέων παράνυμφος,Leon the Groomsman,"32ον, σελίδες 176 +",4,δρχ.,
1904,IMG_1464.jpeg,Θέατρον,Theater,Κωμῳδίαι,ΚΟΡΟΜΗΛΑ ΔΗΜ. Α.,Koromilas Dim. A.,"Μηδὲν Ἄγαν, μῖμος","Nothing in Excess, mime",σελ. 64 +,7,δρχ.,
1904,IMG_1464.jpeg,Θέατρον,Theater,Κωμῳδίαι,ΚΟΡΟΜΗΛΑ ΔΗΜ. Α.,Koromilas Dim. A.,"Υἱὸς τοῦ ὀψοπώλου, εἰς πράξεις τρεῖς","The Fishmonger's Son, in three acts",σελίδες 232 +,19,δρχ.,
1904,IMG_1464.jpeg,Θέατρον,Theater,Κωμῳδίαι,ΚΟΡΟΜΗΛΑ ΔΗΜ. Α.,Koromilas Dim. A.,"Χρυσοῦν ἀνδράποδον, φλύαξ","Golden Slave, farce","32ον, σελίδες 80 +",4,δρχ.,
1904,IMG_1464.jpeg,Θέατρον,Theater,Κωμῳδίαι,ΚΟΡΟΜΗΛΑ ΔΗΜ. Α.,Koromilas Dim. A.,Κύριος ἑπτά,Mister Seven,σελίδες 32 ++,1,δρχ.,
1904,IMG_1464.jpeg,Θέατρον,Theater,Κωμῳδίαι,ΚΟΡΟΜΗΛΑ ΔΗΜ. Α.,Koromilas Dim. A.,"Σύζυγος τοῦ Μισὲ Ζανῆ, κωμῳδία","Mise Zanis's Wife, comedy",σελίδες 58 +,7,δρχ.,
1904,IMG_1464.jpeg,Θέατρον,Theater,Κωμῳδίαι,Διάφοροι,Various,"Κωμῳδίαι, ἐκδ. Ἀναστασίου Δ. Φέξη. Ὁ θάνατος τοῦ Περικλέους, Δ. Κορομηλᾶ. — Ὑπὸ ἐχεμύθειαν, Ν. Λάσκαρη. — Ζητεῖται ὑπηρέτης, Χ. Ἀννίνου. — Τὸ ἀνδρείκελον, Δ. Γρ. Καμπούρογλου. — Ἡ διαθήκη τοῦ θεῖου, Μ. Γιαννουκάκη. — Ἐνοικιάζεται, Λάσκαρη καὶ Δημητρακοπούλου. — Εἰς ἀναζήτησιν δραματικοῦ συγγραφέως, Π. Ἀξιώτου","Comedies, ed. Anastasios D. Fexis: The Death of Pericles (D. Koromilas) / Under Secrecy (N. Laskaris) / Servant Wanted (Ch. Anninos) / The Dummy (D. Gr. Kampouroglou) / The Uncle's Will (M. Giannoukakis) / For Rent (Laskaris & Demetrakopoulos) / In Search of a Playwright (P. Axiotis)",σ. 312 +,9,δρχ.,Collection edited by Anastasios D. Fexis
1904,IMG_1464.jpeg,Θέατρον,Theater,Κωμῳδίαι,ΛΑΖΑΡΙΔΟΥ Π.,Lazaridou P.,"Ἀρχαῖοι καὶ σύγχρονοι Ἀθηναῖοι, σκῶμμα","Ancient and Modern Athenians, satire",σελ. 31 + ++,3,δρχ.,
1904,IMG_1464.jpeg,Θέατρον,Theater,Κωμῳδίαι,ΛΑΣΚΑΡΗ Ν. Ι.,Laskaris N. I.,Τὸ κοκκαλάκι τῆς νυκτερίδος. — Ὁ μύλος τῆς ἔριδος. — Ἡ πώλησις τῆς Ἀθηνᾶς. — Ἡ ἐξ Ἅιδου παραγγελία. — Ἡ Παληόγλωσσα. — Ἡ Ἐλενίτσα τῆς ὁδοῦ Ἀγχέσμου,The Bat's Wishbone / The Mill of Discord / The Sale of Athena / The Order from Hades / The Bad Tongue / Elenitsa of Agchesmos Street,σελίδες 208 +,5,δρχ.,
1904,IMG_1464.jpeg,Θέατρον,Theater,Κωμῳδίαι,ΛΑΣΚΑΡΗ Ν. Ι.,Laskaris N. I.,"Ὁ πνευματισμός, σκῶμμα","Spiritualism, satire",σ. 37,2,δρχ.,
1904,IMG_1464.jpeg,Θέατρον,Theater,Κωμῳδίαι,ΛΑΣΚΑΡΗ Ν. Ι. καὶ ΓΙΑΝΝΟΥΚΑΚΗ Μ.,Laskaris N. I. & Giannoukakis M.,"Ὁ γαμπρός μας, κωμῳδία εἰς πράξεις τρεῖς","Our Son-in-Law, comedy in three acts","32ον, σελίδες 174 +",10,δρχ.,
1904,IMG_1464.jpeg,Θέατρον,Theater,Κωμῳδίαι,ΛΟΠΕ ΔΕ ΒΕΓΑ,Lope de Vega,Ἡ ἁρπαγὴ τῆς Ἑλένης,The Abduction of Helen,"8ον, σελίδες 16+",1,δρχ.,
1904,IMG_1464.jpeg,Θέατρον,Theater,Κωμῳδίαι,ΛΟΡΑΝΔΟΥ ΕΜ.,Lorandos Em.,"Χυδαιοαριστοκρατομαχία, κωμῳδία εἰς πράξ. 2","Vulgar-Aristocratic Battle, comedy in 2 acts",σ. 48 +,2,δρχ.,
1904,IMG_1464.jpeg,Θέατρον,Theater,Κωμῳδίαι,ΚΟΡΟΜΗΛΑ ΔΗΜ. Α.,Koromilas Dim. A.,Κύριος Κρομμύδας,Mister Krommydas,σελ. 23 ++,1,δρχ.,
1904,IMG_1465.jpeg,Θέατρον,Theater,Κωμῳδίαι,ΡΑΦΟΠΟΥΛΟΥ Ε. Δ.,Rafopoulos E. D.,Ὁ κουρεὺς τῆς Σεβίλλης,The Barber of Seville,"κωμῳδία εἰς πράξεις δύο, ἐκ τοῦ ἰταλικοῦ, 8ον, σελίδες 52",3.—,Δρ.,
1904,IMG_1465.jpeg,Θέατρον,Theater,Κωμῳδίαι,ΠΙΚΑΡΔΟΥ,Picard,Ὁ ἀνεψιὸς ὡς θεῖος,The Nephew as Uncle,"κωμῳδία εἰς πράξεις τρεῖς, μετάφρασις Γ. Π. Λαζαρίδου, σελίδες 48",2.—,Δρ.,Translated by G. P. Lazaridou
1904,IMG_1465.jpeg,Θέατρον,Theater,Κωμῳδίαι,ΠΙΟΤΗ Ν.,Piotis N.,Τὰ αἰνίγματα,The Riddles,σελ. 20,1.20,Δρ.,
1904,IMG_1465.jpeg,Θέατρον,Theater,Κωμῳδίαι,ΠΙΣΤΗ Α.,Pistis A.,Θ’ αὐτοχειριασθῶ. — Ἄστε ντούα οὖ. — Νυκτεριναὶ συνεντεύξεις. — Γίγαντες. — Μουσικὴ συναυλία. — Ἐπιδημία τῆς τρέλλας. — Βέβαια! Βέβαια! — Σὲ μία таράτσα. — Ποῦ ξέρεις πὼς ἔχω ντολμάδες; — Δημοπρασία,I Will Commit Suicide. - Aste Doa Ou. - Nightly Interviews. - Giants. - Music Concert. - Epidemic of Madness. - Of course! Of course! - On a Terrace. - How Do You Know I Have Dolmades? - Auction,σελίδες 224,6.—,Δρ.,
1904,IMG_1465.jpeg,Θέατρον,Theater,Κωμῳδίαι,ΠΙΣΤΗ Α.,Pistis A.,Ἡ δημοπρασία,The Auction,"8ον, σελ. 32",1.—,Δρ.,
1904,IMG_1465.jpeg,Θέατρον,Theater,Κωμῳδίαι,Anonymous,Anonymous,Πῶς θὰ τελειώσῃ;,How Will It End?,"ἐκ τοῦ ἰταλικοῦ, σελίδες 12",2.—,Δρ.,
1904,IMG_1465.jpeg,Θέατρον,Theater,Κωμῳδίαι,ΡΑΓΚΑΒΗ ΑΛ. Ρ.,Rangavis Al. R.,Τοῦ Κουτρούλη ὁ γάμος,Koutroulis's Wedding,"κωμῳδία εἰς πράξεις πέντε, 8ον, σελίδες 120",6.—,Δρ.,
1904,IMG_1465.jpeg,Θέατρον,Theater,Κωμῳδίαι,ΡΟΔΟΠΟΥΛΟΥ Γ. Μ.,Rodopoulos G. M.,Ἡ πολυθέλγητρος διδάσκαλος,The Most Charming Teacher,"κωμῳδία εἰς πράξεις δύο, σελίδες 63",4.—,Δρ.,
1904,IMG_1465.jpeg,Θέατρον,Theater,Κωμῳδίαι,Anonymous,Anonymous,Τὰ τρία γεροντοπαλλήκαρα,The Three Old Bachelors,"κωμῳδία, 8ον, σελίδες 15",2.—,Δρ.,
1904,IMG_1465.jpeg,Θέατρον,Theater,Κωμῳδίαι,ΣΑΙΞΠΗΡΟΥ,Shakespeare,Ἔμπορος τῆς Βενετίας,The Merchant of Venice,"εἰς πράξεις πέντε, μετάφρασις Δ. Βικέλα, 8ον, σελίδες 143",5.—,Δρ.,Translated by D. Bikelas
1904,IMG_1465.jpeg,Θέατρον,Theater,Κωμῳδίαι,ΣΑΙΞΠΗΡΟΥ,Shakespeare,Κωμῳδία τῶν παρεξηγήσεων,The Comedy of Errors,"εἰς πράξεις πέντε, σελ. 76",3.—,Δρ.,
1904,IMG_1465.jpeg,Θέατρον,Theater,Κωμῳδίαι,ΣΑΧΙΝΗ Ν. Γ.,Sachinis N. G.,Ὁ Προξενητής,The Matchmaker,"κωμῳδία, σελίδες 32",5.—,Δρ.,
1904,IMG_1465.jpeg,Θέατρον,Theater,Κωμῳδίαι,ΣΟΥΡΗ Γ.,Souris G.,Ἀλλ’ ἀντ’ ἄλλων,Topsy-Turvy,"κωμῳδία μονόπρακτος, σελίδες 35",3.—,Δρ.,
1904,IMG_1465.jpeg,Θέατρον,Theater,Κωμῳδίαι,ΣΟΥΡΗ Γ.,Souris G.,Δὲν ἔχει τὰ προσόντα,Lacks the Qualifications,"8ον, σελίδες 23",3.—,Δρ.,
1904,IMG_1465.jpeg,Θέατρον,Theater,Κωμῳδίαι,ΣΠΑΡΤΙΔΟΥ Ε.,Spartidis E.,Ἀλλ’ ἀντ’ ἄλλων,Topsy-Turvy,"κωμῳδία εἰς πρᾶξιν μίαν, σελ. 23",3.—,Δρ.,
1904,IMG_1465.jpeg,Θέατρον,Theater,Κωμῳδίαι,ΣΠΑΡΤΙΔΟΥ Ε.,Spartidis E.,Τὰ ἐκλογικὰ χάλια μας!,Our Electoral Mess!,"κωμῳδία, σελίδες 55",4.—,Δρ.,
1904,IMG_1465.jpeg,Θέατρον,Theater,Κωμῳδίαι,ΠΕΠΠΑ ΑΡ. Π.,Peppas Ar. P.,Ὁ κομψευόμενος χωριάτης,The Dandy Countryman,"κωμῳδία εἰς πράξ. 5, 8ον, σ. 84",5.—,Δρ.,
1904,IMG_1465.jpeg,Θέατρον,Theater,Κωμῳδίαι,ΣΑΒΑ Κ. Ν.,Savas K. N.,Ὁ Στάθης,Stathis,"κρητικὴ κωμῳδία, 8ον, σελίδες 74",5.—,Δρ.,
1904,IMG_1465.jpeg,Θέατρον,Theater,Κωμῳδίαι,Anonymous,Anonymous,Πείσματα τῶν γυναικῶν,Obstinacy of Women,"κωμῳδία, 8ον, σελίδες 21",2.—,Δρ.,
1904,IMG_1465.jpeg,Θέατρον,Theater,Κωμῳδίαι,ΠΑΠΑΖΟΓΛΗ ΚΛ.,Papazoglou Kl.,Οἱ ἀφηρημένοι,The Absent-Minded Ones,"8ον, σελίδες 41",3.—,Δρ.,
1904,IMG_1465.jpeg,Θέατρον,Theater,Κωμῳδίαι,ΠΑΠΑΡΡΗΓΟΠΟΥΛΟΥ Δ.,Paparrigopoulos D.,Συζύγου ἐκλογὴ καὶ Πανεπιστήμιον,Choice of Wife and University,σελίδες 32,3.—,Δρ.,
1904,IMG_1465.jpeg,Θέατρον,Theater,Κωμῳδίαι,Θ. Λεμονίδου,Th. Lemonidou,Μυστήριον τοῦ ποτηρίου,Mystery of the Glass,"κωμῳδία ἐκ τοῦ γαλλικοῦ, σελίδες 44",3.—,Δρ.,
1904,IMG_1465.jpeg,Θέατρον,Theater,Κωμῳδίαι,ΝΙΚΗΦΟΡΟΥ Γ.,Nikiforou G.,Κωμῳδίαι: Τὸ ἀλάνθαστον ἰατρικόν. — Τὸ εὐχάριστον λάθος. — Ὁ ἀληθινὸς ψεύστης. — Μυλωνᾶς καὶ Μηλιοφᾶς. — Ὁ καπνοδοχοκαθαριστής. — Ἡ ἀδελφὴ τοῦ χαζοῦ. — Ἔχασα τὸ σπίτι μου,Comedies: The Infallible Remedy. - The Pleasant Mistake. - The True Liar. - Mylonas and Miliofas. - The Chimney Sweep. - The Fool's Sister. - I Lost My House,σελίδες 159,4.—,Δρ.,
1904,IMG_1465.jpeg,Θέατρον,Theater,Κωμῳδίαι,ΝΙΚΗΦΟΡΟΥ Γ.,Nikiforou G.,Ἀργυρὼ καὶ Θανάσης,Argyro and Thanasis,"κωμῳδία, 8ον, σελίδες 22",1.—,Δρ.,
1904,IMG_1465.jpeg,Θέατρον,Theater,Κωμῳδίαι,ΝΙΚΟΛΑΡΑ ΑΝΔΡ.,Nikolaras Andr.,Τὸ Καναρίνι. — Τρεῖς γαμβροὶ καὶ μία νύμφη. — Ὁ Καλικάντζαρος. — Οἱ δύο κανταδόροι. — Ἡ Χαϊδεμένη,The Canary. - Three Grooms and One Bride. - The Goblin. - The Two Serenaders. - The Spoiled Girl,σελ. 176,5.—,Δρ.,
1904,IMG_1465.jpeg,Θέατρον,Theater,Κωμῳδίαι,ΝΙΚΟΛΑΡΑ ΑΝΔΡ.,Nikolaras Andr.,Προικοθήρας,The Fortune Hunter,σελίδες 27,1.—,Δρ.,
1904,IMG_1465.jpeg,Θέατρον,Theater,Κωμῳδίαι,ΝΙΚΟΛΑΡΑ ΑΝΔΡ.,Nikolaras Andr.,Τὸ φράγκο,The Franc,σελ. 46,2.—,Δρ.,
1904,IMG_1465.jpeg,Θέατρον,Theater,Κωμῳδίαι,ΝΙΚΟΛΑΡΑ ΑΝΔΡ.,Nikolaras Andr.,Ξεύρει γαλλικὰ καὶ πιάνο,She Knows French and Piano,"32ον, σελίδες 31",1.—,Δρ.,
1904,IMG_1465.jpeg,Θέατρον,Theater,Κωμῳδίαι,ΝΙΚΟΛΑΡΑ ΑΝΔΡ.,Nikolaras Andr.,Ξύλινος σκελετός,Wooden Skeleton,"8ον, σελίδες 24",2.—,Δρ.,
1904,IMG_1465.jpeg,Θέατρον,Theater,Κωμῳδίαι,Θ. Λεμονίδου,Th. Lemonidou,Μύτη τοῦ αὐθέντου μου,My Master's Nose,,1.—,Δρ.,
1904,IMG_1465.jpeg,Θέατρον,Theater,Κωμῳδίαι,ΟΙΚΟΝΟΜΟΥ ΤΟΥ ΕΞ ΟΙΚΟΝΟΜΩΝ Κ.,Oikonomos ex Oikonomon K.,Ὁ Ἔξηνταβελώνης,The Miser (Exintavelonis),"κωμῳδία εἰς πράξεις πέντε, 32ον, σελίδες 148",6.—,Δρ.,
1904,IMG_1465.jpeg,Θέατρον,Theater,Κωμῳδίαι,ΞΥΡΑΦΙΑΔΟΥ Ν.,Xyrafiadis N.,Τὸ κανόνι τριῶν φοιτητῶν,The Cannon of Three Students,"εἰς πράξεις 3, σελ. 110",3.—,Δρ.,
1904,IMG_1465.jpeg,Θέατρον,Theater,Κωμῳδίαι,ΠΑΠΑΡΡΗΓΟΠΟΥΛΟΥ Δ.,Paparrigopoulos D.,Ἀγορά,Agora (Market),"εἰς πράξεις πέντε, μετὰ προλόγου, σ. 291",10.—,Δρ.,
1904,IMG_1465.jpeg,Θέατρον,Theater,Κωμῳδίαι,ΠΑΠΑΓΕΩΡΓΑΚΟΠΟΥΛΟΥ Ε. Χ.,Papageorgakopoulos E. Ch.,Ἡ προσδοκία μιᾶς προικός,The Expectation of a Dowry,"κωμῳδία, σ. 40",5.—,Δρ.,
1904,IMG_1465.jpeg,Θέατρον,Theater,Κωμῳδίαι,ΠΑΡΠΑΡΙΑ Γ.,Parparias G.,Τέλος τοῦ κόσμου,End of the World,σελίδες 48,2.—,Δρ.,
1904,IMG_1465.jpeg,Θέατρον,Theater,Κωμῳδίαι,Anonymous,Anonymous,Ὄχι,No,"8ον, σελίδες 29",2.—,Δρ.,
1904,IMG_1465.jpeg,Θέατρον,Theater,Κωμῳδίαι,ΟΙΚΟΝΟΜΟΥ ΤΟΥ ΕΞ ΟΙΚΟΝΟΜΩΝ Κ.,Oikonomos ex Oikonomon K.,"Ὅποιος κυνηγᾷ πολλοὺς λαγούς, κἀνένα δὲν πιάνει",He Who Chases Many Hares Catches None,σ. 34,1.—,Δρ.,
1904,IMG_1465.jpeg,Θέατρον,Theater,Κωμῳδίαι,Molière,Moliere,Πανουργίαι τοῦ Σκασίνου,Scapin's Deceits (Les Fourberies de Scapin),"κωμῳδία εἰς πράξεις 3, κατὰ τὸ γαλλ., σ. 48",5.—,Δρ.,
1904,IMG_1466.jpeg,Θέατρον,Theater,Γ΄ Θεατρικὴ Βιβλιοθήκη (Συλλογὴ ἐκλεκτοτάτων δραματικῶν ἔργων),DUMANOIR καὶ KEPANIOU A. DE,Dumanoir & Képaniou A. de,Ἰωάννα τῶν Δακρύων καὶ Ἰωάννα τῶν Γελώτων,Joan of Tears and Joan of Laughter,"δρᾶμα εἰς πράξεις 4, σελ. 32 +....",2,—,
1904,IMG_1466.jpeg,Θέατρον,Theater,Γ΄ Θεατρικὴ Βιβλιοθήκη (Συλλογὴ ἐκλεκτοτάτων δραματικῶν ἔργων),ΓΚΑΙΤΕ,Goethe,Κλαβίγιος,Clavigo,"τραγῳδία εἰς πράξεις πέντε, σελίδες 29 +.......",2,—,
1904,IMG_1466.jpeg,Θέατρον,Theater,Γ΄ Θεατρικὴ Βιβλιοθήκη (Συλλογὴ ἐκλεκτοτάτων δραματικῶν ἔργων),CICONI T.,Ciconi T.,Ἔνσαρκον ἄγαλμα,Incarnate Statue,"δρᾶμα εἰς πράξεις ἕξ, σελίδες 35 +....",3,—,
1904,IMG_1466.jpeg,Θέατρον,Theater,Γ΄ Θεατρικὴ Βιβλιοθήκη (Συλλογὴ ἐκλεκτοτάτων δραματικῶν ἔργων),CONSIGLI A.,Consigli A.,Περιπέτειαι ἐφημεριδογραφίας,Adventures of Journalism,"κωμῳδία εἰς μίαν πρᾶξιν, σελίδες 16 +................",1,—,
1904,IMG_1466.jpeg,Θέατρον,Theater,Γ΄ Θεατρικὴ Βιβλιοθήκη (Συλλογὴ ἐκλεκτοτάτων δραματικῶν ἔργων),CORMON E.,Cormon E.,Φίλιππος ὁ Β΄,Philip II,"δρᾶμα εἰς πράξεις πέντε, σελ. 44 +....",3,—,
1904,IMG_1466.jpeg,Θέατρον,Theater,Γ΄ Θεατρικὴ Βιβλιοθήκη (Συλλογὴ ἐκλεκτοτάτων δραματικῶν ἔργων),ΔΟΥΜΑ Α.,Dumas A.,Λιθοξόος,The Sculptor,"δρᾶμα εἰς πράξεις πέντε, σελίδες 44 +......",2,—,
1904,IMG_1466.jpeg,Θέατρον,Theater,Γ΄ Θεατρικὴ Βιβλιοθήκη (Συλλογὴ ἐκλεκτοτάτων δραματικῶν ἔργων),ΔΟΥΜΑ Α.,Dumas A.,Σύζυγος τῆς χήρας,The Husband of the Widow,"κωμῳδία εἰς πρᾶξιν, σελίδες 16 +.......",2,—,
1904,IMG_1466.jpeg,Θέατρον,Theater,Γ΄ Θεατρικὴ Βιβλιοθήκη (Συλλογὴ ἐκλεκτοτάτων δραματικῶν ἔργων),D'ENNERY καὶ DUGUÉ,D'Ennery & Dugué,Δέησις τῶν ναυαγῶν,The Prayer of the Shipwrecked,"δρᾶμα εἰς πράξεις πέντε, σ. 43 +....",3,—,
1904,IMG_1466.jpeg,Θέατρον,Theater,Γ΄ Θεατρικὴ Βιβλιοθήκη (Συλλογὴ ἐκλεκτοτάτων δραματικῶν ἔργων),D'ENNERY A. καὶ BRÉSILE J.,D'Ennery A. & Brésil J.,Ταχυδακτυλουργός,The Conjurer,"δρᾶμα εἰς πράξεις πέντε, σελίδες 63 +............",3,—,
1904,IMG_1466.jpeg,Θέατρον,Theater,Γ΄ Θεατρικὴ Βιβλιοθήκη (Συλλογὴ ἐκλεκτοτάτων δραματικῶν ἔργων),DESNOYER καὶ D'ENNERY,Desnoyer & D'Ennery,Ποιμενὶς τῶν Ἄλπεων,The Shepherdess of the Alps,"δρᾶμα εἰς πράξεις πέντε, σελίδες 43 +................",3,—,
1904,IMG_1466.jpeg,Θέατρον,Theater,Γ΄ Θεατρικὴ Βιβλιοθήκη (Συλλογὴ ἐκλεκτοτάτων δραματικῶν ἔργων),DUMANOIR καὶ D'ENNERY,Dumanoir & D'Ennery,Γέρω - δεκανεύς,Old Corporal,"δρᾶμα εἰς πράξεις πέντε, σ. 46 +....",2.20,—,
1904,IMG_1466.jpeg,Θέατρον,Theater,Γ΄ Θεατρικὴ Βιβλιοθήκη (Συλλογὴ ἐκλεκτοτάτων δραματικῶν ἔργων),DUMANOIR καὶ D'ENNERY,Dumanoir & D'Ennery,Δὸν Καῖσαρ τοῦ Βαζάν,Don César de Bazan,"δρᾶμα εἰς πράξ. 5, σ. 35 +....",2.20,—,
1904,IMG_1466.jpeg,Θέατρον,Theater,Γ΄ Θεατρικὴ Βιβλιοθήκη (Συλλογὴ ἐκλεκτοτάτων δραματικῶν ἔργων),ΓΑΣΠΑΡ Ερ.,Gaspar Er.,Ἀδιάφοροι,The Indifferent Ones,"δρᾶμα εἰς πρᾶξιν, σελίδες 16 +..........",1,—,
1904,IMG_1466.jpeg,Θέατρον,Theater,Γ΄ Θεατρικὴ Βιβλιοθήκη (Συλλογὴ ἐκλεκτοτάτων δραματικῶν ἔργων),DELPIT A.,Delpit A.,Υἱὸς τῆς Κοραλίας,The Son of Coralie,"δρᾶμα εἰς πράξεις τέσσαρας, σελ. 44 +....",2.20,—,
1904,IMG_1466.jpeg,Θέατρον,Theater,Γ΄ Θεατρικὴ Βιβλιοθήκη (Συλλογὴ ἐκλεκτοτάτων δραματικῶν ἔργων),D'ENNERY καὶ LAFITTE,D'Ennery & Lafitte,"Χαῖρε, Μαρία",Hail Mary,"δρᾶμα εἰς πράξεις ἕξ, σελ. 45 +....",3,—,
1904,IMG_1466.jpeg,Θέατρον,Theater,Γ΄ Θεατρικὴ Βιβλιοθήκη (Συλλογὴ ἐκλεκτοτάτων δραματικῶν ἔργων),BOURGEOIS,Bourgeois,Δήμιος τῆς Ἑνετίας,The Executioner of Venice,"δρᾶμα εἰς πράξεις τέσσαρας, σελ. 34 +....",2,—,
1904,IMG_1466.jpeg,Θέατρον,Theater,Γ΄ Θεατρικὴ Βιβλιοθήκη (Συλλογὴ ἐκλεκτοτάτων δραματικῶν ἔργων),BOUCHARDY J.,Bouchardy J.,Ναύτης Βερτράμ,Bertram the Sailor,"δρᾶμα εἰς πράξεις πέντε, σελίδες 47 +....",3,—,
1904,IMG_1466.jpeg,Θέατρον,Theater,Γ΄ Θεατρικὴ Βιβλιοθήκη (Συλλογὴ ἐκλεκτοτάτων δραματικῶν ἔργων),BRISEBARE E. & NUS E.,Brisebare E. & Nus E.,Σωσάννα Ἴμβερτ,Suzanne Imbert,"δρᾶμα εἰς πράξεις πέντε, σ. 44 +....",2.20,—,
1904,IMG_1466.jpeg,Θέατρον,Theater,Θεατρικὴ βιβλιοθήκη,Anonymous,Anonymous,Τὸ ῥαβασάκι τῆς Ἑλένης,Helen's Love Note,"κωμειδύλλιον, 8ον, σελίδες 29 +....",2,—,
1904,IMG_1466.jpeg,Θέατρον,Theater,Θεατρικὴ βιβλιοθήκη,Anonymous,Anonymous,Τρεῖς δεκανεῖς,Three Corporals,σελίδες 23 +....,1,—,
1904,IMG_1466.jpeg,Θέατρον,Theater,Θεατρικὴ βιβλιοθήκη,Anonymous,Anonymous,Τύχη ἑνὸς ποιητοῦ,A Poet's Fortune,"μετ' ᾀσμάτων, 8ον, σελίδες 22 +....",2,—,
1904,IMG_1466.jpeg,Θέατρον,Theater,Θεατρικὴ βιβλιοθήκη,ΦΑΤΣΕΑ Α.,Fatsea A.,"Ὁ Βερτόλδος, σειρὰ πολιτικῶν κωμῳδιῶν","Bertoldo, Series of Political Comedies","8ον, σ. 96 +....",5,—,
1904,IMG_1466.jpeg,Θέατρον,Theater,Θεατρικὴ βιβλιοθήκη,ΦΙΛΙΚΟΥ Δ.,Filikos D.,Κηδεία καὶ Χορός,Funeral and Dance,"32ον, σελίδες 28 +....",1,—,
1904,IMG_1466.jpeg,Θέατρον,Theater,Θεατρικὴ βιβλιοθήκη,Anonymous,Anonymous,Φαντασιοκόπος,The Daydreamer,σελίδες 26 +....,1,—,
1904,IMG_1466.jpeg,Θέατρον,Theater,Θεατρικὴ βιβλιοθήκη,ΧΟΥΡΜΟΥΖΗ Μ.,Chourmouzi M.,Ὀψίπλουτος,Late-Rich,"εἰς μέρη τέσσαρα, 8ον, σελ. ιϐ΄-135 +....",5,—,
1904,IMG_1466.jpeg,Θέατρον,Theater,Θεατρικὴ βιβλιοθήκη,ΧΟΥΡΜΟΥΖΗ Μ.,Chourmouzi M.,Ψευτοξενοδόχος,The Fake Innkeeper,"κωμῳδία εἰς πράξεις τρεῖς, 8ον, σελ. 41 +......",3,—,
1904,IMG_1466.jpeg,Θέατρον,Theater,Γ΄ Θεατρικὴ Βιβλιοθήκη (Συλλογὴ ἐκλεκτοτάτων δραματικῶν ἔργων),BARRIÈRE Th. & PLOUVIER E.,Barrière Th. & Plouvier E.,Ἄγγελος τοῦ μεσονυκτίου,Angel of Midnight,"δρᾶμα εἰς πράξεις ἕξ, σελίδες 67 +....",4,—,
1904,IMG_1466.jpeg,Θέατρον,Theater,Γ΄ Θεατρικὴ Βιβλιοθήκη (Συλλογὴ ἐκλεκτοτάτων δραματικῶν ἔργων),ΒΑΣΙΛΕΙΑΔΟΥ Σπ. Ν.,Vasileiadis Sp. N.,Γαλάτεια,Galatea,"δρᾶμα εἰς πράξεις πέντε, σελ. 27 +....",2,—,
1904,IMG_1466.jpeg,Θέατρον,Theater,Γ΄ Θεατρικὴ Βιβλιοθήκη (Συλλογὴ ἐκλεκτοτάτων δραματικῶν ἔργων),BORNIER H. DE,Bornier H. de,Γάμοι τοῦ Ἀττίλα,The Wedding of Attila,"δρᾶμα εἰς πράξεις τέσσαρας, σελ. 32 +....",3,—,
1904,IMG_1466.jpeg,Θέατρον,Theater,Γ΄ Θεατρικὴ Βιβλιοθήκη (Συλλογὴ ἐκλεκτοτάτων δραματικῶν ἔργων),BOUCHARDY J.,Bouchardy J.,Γάσπαρος ὁ ἁλιεύς,Gaspar the Fisherman,"δρᾶμα εἰς πράξεις πέντε, σ. 44 +....",3,—,
1904,IMG_1466.jpeg,Θέατρον,Theater,Θεατρικὴ βιβλιοθήκη,ΦΡΑΝΤΖΗ Ν.,Frantzi N.,Ὁ θησαυρὸς τῆς Κορίνθου,The Treasure of Corinth,"κωμῳδία εἰς πράξεις τρεῖς, 8ον, σελίδος 37 +....",3,—,
1904,IMG_1467.jpeg,Θέατρον,Theater,Θεατρικὴ βιβλιοθήκη,COPPÉE FR.,François Coppée,Οἱ Ἰακωβῖται,The Jacobites,"δρᾶμα εἰς πράξεις πέντε, μετάφρασις Γ. Β. Τσοκοπούλου, ἀρ. 35",5.—,Δρ.,
1904,IMG_1467.jpeg,Θέατρον,Theater,Θεατρικὴ βιβλιοθήκη,BISSOU ALEX.,Alex. Bisson,Ὁ μακαρίτης Τουπινέλ,The Late Toupinel,"κωμῳδία εἰς πράξεις τρεῖς, κατὰ διασκευὴν Νικ. Ἰ. Λάσκαρη, ἀρ. 5",5.—,Δρ.,
1904,IMG_1467.jpeg,Θέατρον,Theater,Θεατρικὴ βιβλιοθήκη,ΒΟΥΛΟΔΗΜΟΥ Ι. Κ.,I. K. Voulodimos,Νὺξ ἐλεημοσύνης,Night of Charity,"δρᾶμα εἰς πράξεις 3, ἀρ. 36",5.—,Δρ.,
1904,IMG_1467.jpeg,Θέατρον,Theater,Θεατρικὴ βιβλιοθήκη,BRANDON TH.,Th. Brandon,Ἡ θεία τοῦ Καρόλου,Charley's Aunt,"κωμῳδία εἰς πράξεις τρεῖς, μετάφρασις Χ. Ἀννίνου, ἀρ. 24",5.—,Δρ.,Printed as BPANDON TH.
1904,IMG_1467.jpeg,Θέατρον,Theater,Θεατρικὴ βιβλιοθήκη,CALDERON DE LA BARCA DON PEDRO,Don Pedro Calderón de la Barca,Τὸ στοιχειό,The Phantom,"δρᾶμα εἰς ἡμέρας τρεῖς, μετάφρασις Ἰ. Καμπουρόγλου, ἀρ. 43",5.—,Δρ.,
1904,IMG_1467.jpeg,Θέατρον,Theater,Θεατρικὴ βιβλιοθήκη,ΖΑΝΟΥ Π. Δ.,P. D. Zanou,Γένος καὶ Καρδία,Lineage and Heart,"δρᾶμα εἰς πράξεις τέσσαρας, ἀρ. 54",4.—,Δρ.,
1904,IMG_1467.jpeg,Θέατρον,Theater,Θεατρικὴ βιβλιοθήκη,DARNLEY & MANVILLE FENN,Darnley & Manville Fenn,Τὸ μπαλόνι,The Balloon,"κωμῳδία εἰς πράξεις τρεῖς, μετάφρασις Κ. Ἀ. Πετρίδου, ἀρ. 50",6.—,Δρ.,
1904,IMG_1467.jpeg,Θέατρον,Theater,Θεατρικὴ βιβλιοθήκη,ΕΡΒΙΕ Π.,Paul Hervieu,Ἡ Λαμπαδοδρομία,The Torch Race,"δρᾶμα εἰς πράξεις τέσσαρας, μετάφρασις Ἠλ. Βεργοπούλου, ἀρ. 29",6.—,Δρ.,
1904,IMG_1467.jpeg,Θέατρον,Theater,Θεατρικὴ βιβλιοθήκη,ΔΕΛΗΚΑΤΕΡΙΝΗ Ι.,I. Delikaterini,Ἡ Τρίχα,The Hair,"κωμικὸς μονόλογος, μετὰ καὶ άλλων, ἀρ. 14",4.—,Δρ.,
1904,IMG_1467.jpeg,Θέατρον,Theater,Θεατρικὴ βιβλιοθήκη,D'ENNERY,D'Ennery,Αἱ δύο ὀρφαναί,The Two Orphans,"δρᾶμα εἰς πράξεις πέντε καὶ εἰκόνας ὀκτώ, μετάφρασις Δ. Π. Λάμπρου, ἀρ. 9",6.—,Δρ.,
1904,IMG_1467.jpeg,Θέατρον,Theater,Θεατρικὴ βιβλιοθήκη,D'ENNERY,D'Ennery,Οἱ Ἱππόται τῆς Ὁμίχλης,The Knights of the Fog,"δρᾶμα εἰς πράξεις πέντε καὶ εἰκόνας δέκα, μετάφρασις Χρ. Δ. Ἀλεξιάδου, ἀρ. 14",7.—,Δρ.,
1904,IMG_1467.jpeg,Θέατρον,Theater,Θεατρικὴ βιβλιοθήκη,ΔΗΜΗΤΡΑΚΟΠΟΥΛΟΥ Πολ. Ι.,Pol. I. Dimitrakopoulos,Ἡρωδιάς,Herodias,"τραγικὸς μονόλογος, μετὰ καὶ άλλων, ἀρ. 14",4.—,Δρ.,
1904,IMG_1467.jpeg,Θέατρον,Theater,Θεατρικὴ βιβλιοθήκη,ΔΗΜΗΤΡΑΚΟΠΟΥΛΟΥ Πολ. Ι.,Pol. I. Dimitrakopoulos,Μαρκέλλα,Marcella,"τραγῳδία εἰς πράξεις τέσσαρας, ἀρ. 34",6.—,Δρ.,
1904,IMG_1467.jpeg,Θέατρον,Theater,Θεατρικὴ βιβλιοθήκη,ΔΗΜΗΤΡΑΚΟΠΟΥΛΟΥ Πολ. Ι.,Pol. I. Dimitrakopoulos,Ἀπὸ τὴ Γῆ 'σ τὸν Οὐρανό,From Earth to Heaven,"κωμῳδία εἰς πράξεις τρεῖς, ἀρ. 38",6.—,Δρ.,
1904,IMG_1467.jpeg,Θέατρον,Theater,Θεατρικὴ βιβλιοθήκη - Β΄ Ἔκδοσις Ἀθηνῶν (Γ. Δ. Φέξη),ΑΝΤΩΝΟΠΟΥΛΟΥ Ν. Α.,N. A. Antonopoulos,Ἡ Στρίγγλα,The Shrew,"δραματικὸν εἰδύλλιον εἰς πράξεις τέσσαρας καὶ εἰκόνας πέντε, ἀρ. 16",4.—,Δρ.,Επιμέλεια Ν. Ι. Λάσκαρη
1904,IMG_1467.jpeg,Θέατρον,Theater,Θεατρικὴ βιβλιοθήκη,DAUBIGNY B.,B. Daubigny,Οἱ δύο λοχίαι,The Two Sergeants,δρᾶμα εἰς πράξεις τρεῖς,6.—,Δρ.,
1904,IMG_1467.jpeg,Θέατρον,Theater,Θεατρικὴ βιβλιοθήκη,ΣΧΙΛΛΕΡΟΥ,Schiller,Δῃσταί,The Robbers,"δρᾶμα εἰς πράξεις πέντε, σελίδες 84",7.—,Δρ.,Title printed as Δῃσταί for Λῃσταί
1904,IMG_1467.jpeg,Θέατρον,Theater,Θεατρικὴ βιβλιοθήκη,CALDERON DE LA BARCA DON PEDRO,Don Pedro Calderón de la Barca,Ὁ Ἀλκάδης τῆς Θαλαμέας,The Mayor of Zalamea,"δρᾶμα εἰς ἡμέρας τρεῖς, μεταφρασθὲν ἐκ τοῦ ἰσπανικοῦ ὑπὸ Ἰ. Καμπουρόγλου, ἀριθμὸς 11",5.—,Δρ.,
1904,IMG_1467.jpeg,Θέατρον,Theater,Θεατρικὴ βιβλιοθήκη,NUS καὶ BROT,Nus and Brot,Ἰωάννα Γρέϋ,Lady Jane Grey,"δρᾶμα εἰς πράξεις πέντε, σελίδες 52",3.—,Δρ.,
1904,IMG_1467.jpeg,Θέατρον,Theater,Θεατρικὴ βιβλιοθήκη,FERRIER H.,H. Ferrier,Πωλημένος εὐπατρίδης,Sold Patrician,"δρᾶμα εἰς πράξεις 3, σελ. 37",2.20,Δρ.,
1904,IMG_1467.jpeg,Θέατρον,Theater,Θεατρικὴ βιβλιοθήκη,FEUILLET OCTAVE,Octave Feuillet,Δαλιδά,Dalila,"δρᾶμα εἰς πράξεις τρεῖς, σελίδες 39",2.20,Δρ.,
1904,IMG_1467.jpeg,Θέατρον,Theater,Θεατρικὴ βιβλιοθήκη,FOUCHER P. καὶ D'ENNERY,P. Foucher and D'Ennery,Χαρτομάντις,The Fortune Teller,"δρᾶμα εἰς πράξεις 6, σ. 55",3.—,Δρ.,
1904,IMG_1467.jpeg,Θέατρον,Theater,Θεατρικὴ βιβλιοθήκη,GARAND,Garand,Ὀρφανὰ τῆς Ἐνετίας,Orphans of Venice,"δρᾶμα εἰς πράξεις πέντε, σελ. 48",2.20,Δρ.,
1904,IMG_1467.jpeg,Θέατρον,Theater,Θεατρικὴ βιβλιοθήκη,GOLDONI C.,C. Goldoni,Μεμψίμοιρος,The Fault-Finder,"κωμῳδία εἰς πρᾶξιν, σελίδες 40",2.—,Δρ.,
1904,IMG_1467.jpeg,Θέατρον,Theater,Θεατρικὴ βιβλιοθήκη,HUGO,Victor Hugo,Μαριὼν Δελόρμ,Marion Delorme,"δρᾶμα εἰς πράξεις πέντε, σελίδες 48",3.—,Δρ.,
1904,IMG_1467.jpeg,Θέατρον,Theater,Θεατρικὴ βιβλιοθήκη,ΚΑΠΙΓΙΟΛΔΑΣΗ Ν.,N. Kapigioldasi,Κυανοῦς μανδύας,The Blue Cloak,"κωμῳδία εἰς πρᾶξιν, σελ. 12",1.—,Δρ.,
1904,IMG_1467.jpeg,Θέατρον,Theater,Θεατρικὴ βιβλιοθήκη,ΣΑΙΞΠΗΡΟΥ,Shakespeare,Ὀθέλλος,Othello,"τραγῳδία εἰς πράξεις πέντε, σελίδες 73",5.—,Δρ.,
1904,IMG_1467.jpeg,Θέατρον,Theater,Θεατρικὴ βιβλιοθήκη,ΚΑΠΙΓΙΟΛΔΑΣΗ Ν.,N. Kapigioldasi,Σάλπιγξ Δευτέρας Παρουσίας,Trumpet of the Second Coming,"κωμῳδία εἰς πρᾶξιν, σελίδες 8",1.—,Δρ.,
1904,IMG_1467.jpeg,Θέατρον,Theater,Θεατρικὴ βιβλιοθήκη,ΚΟΡΟΜΗΛΑ Δ.,D. Koromilas,Κακὴ Ὥρα,Bad Hour,"κωμῳδία εἰς πρᾶξιν, σελίδες 27",2.—,Δρ.,
1904,IMG_1467.jpeg,Θέατρον,Theater,Θεατρικὴ βιβλιοθήκη,ΚΟΥΤΟΥΒΑΛΗ Μ.,M. Koutouvalis,Δάφνη,Daphne,"δρᾶμα εἰς πράξεις τέσσαρας, σελίδες 24",2.20,Δρ.,
1904,IMG_1467.jpeg,Θέατρον,Theater,Θεατρικὴ βιβλιοθήκη,LYTTON BULWER,Bulwer-Lytton,Δέσποινα τῆς Λυών,The Lady of Lyons,"δρᾶμα εἰς πράξεις πέντε, σ. 37",2.—,Δρ.,
1904,IMG_1467.jpeg,Θέατρον,Theater,Θεατρικὴ βιβλιοθήκη,MAURICE P.,P. Maurice,Βραζιλιανή,The Brazilian Woman,"δρᾶμα εἰς πράξεις πέντε, σελίδες 41",3.—,Δρ.,
1904,IMG_1467.jpeg,Θέατρον,Theater,Θεατρικὴ βιβλιοθήκη,MÉLESVILLE,Mélesville,Εἶναι τρελλή,She is Mad,"δρᾶμα εἰς πράξεις δύο, σελίδες 29",2.—,Δρ.,
1904,IMG_1467.jpeg,Θέατρον,Theater,Θεατρικὴ βιβλιοθήκη,MONTICCINI G.,G. Monticcini,Γαλιλαῖος,Galileo,"δρᾶμα εἰς πράξεις τέσσαρας, σελίδες 46",2.20,Δρ.,
1904,IMG_1467.jpeg,Θέατρον,Theater,Θεατρικὴ βιβλιοθήκη,ΚΑΠΙΓΙΟΛΔΑΣΗ Ν.,N. Kapigioldasi,Πνεύματα,Spirits,"κωμῳδία εἰς πρᾶξιν, σελίδες 17",2.—,Δρ.,
1904,IMG_1468.jpeg,Θέατρον,Theater,Θεατρικὴ βιβλιοθήκη,ΛΑΣΚΑΡΗ Ν. Ι.,N. I. Laskaris,"Δραμάτια. — Νὰ μὲ ζηλεύῃς. — Οἱ ἔντιμοι. — Τὸ Μαυσωλεῖον, ἀριθμὸς 49","Short Plays: You Should Be Jealous of Me / The Honest Ones / The Mausoleum, no. 49",,5,—,
1904,IMG_1468.jpeg,Θέατρον,Theater,Θεατρικὴ βιβλιοθήκη,ΛΑΣΚΑΡΗ Ν. Ι.,N. I. Laskaris,"Διὰ τῆς μεθόδου τοῦ παππᾶ, κωμικὸς μονόλογος, μετὰ καὶ άλλων, ἀριθμὸς 14","By the Priest's Method, comic monologue, with others, no. 14",,4,—,
1904,IMG_1468.jpeg,Θέατρον,Theater,Θεατρικὴ βιβλιοθήκη,ΛΑΣΚΑΡΗ Ν. Ι.,N. I. Laskaris,"Ἡ Καραντίνα, κωμῳδία εἰς πράξεις τρεῖς, ἀρ. 8","Quarantine, comedy in three acts, no. 8",,6,—,
1904,IMG_1468.jpeg,Θέατρον,Theater,Θεατρικὴ βιβλιοθήκη,ΛΑΣΚΑΡΗ Ν. Ι.,N. I. Laskaris,"Κωμῳδίαι. Σειρὰ Β′ : Ὁ Πνευματισμός. — Μὶς Ἔβανς. — Τὸ καινούργιο σπίτι, ἀρ. 39","Comedies, Series B: Spiritualism / Miss Evans / The New House, no. 39",,5,—,
1904,IMG_1468.jpeg,Θέατρον,Theater,Θεατρικὴ βιβλιοθήκη,ΛΑΣΚΑΡΗ Ν. Ι.,N. I. Laskaris,"Μαλλιὰ κουβάρια, κωμῳδία εἰς πράξεις τρεῖς, ἀρ. 21","Tangled Hair, comedy in three acts, no. 21",,7,—,
1904,IMG_1468.jpeg,Θέατρον,Theater,Θεατρικὴ βιβλιοθήκη,ΛΑΣΚΑΡΗ Ν. Ι.,N. I. Laskaris,"Τιμὴ τὸ χρῆμα, μονόλογος μετὰ καὶ άλλων, ἀρ. 14","Money is Honor, monologue with others, no. 14",,4,—,
1904,IMG_1468.jpeg,Θέατρον,Theater,Θεατρικὴ βιβλιοθήκη,ΛΑΣΚΑΡΗ καὶ ΓΙΑΝΝΟΥΚΑΚΗ,N. I. Laskaris & M. Giannoukakis,"Ὁ γαμβρός μας, κωμῳδία εἰς πράξεις 3, ἀρ. 25","Our Son-in-Law, comedy in 3 acts, no. 25",,6,—,
1904,IMG_1468.jpeg,Θέατρον,Theater,Θεατρικὴ βιβλιοθήκη,ΜΕΛΙΣΣΙΩΤΟΥ Π.,P. Melissiotis,"Θυμιούλα ἢ Γαλαξιδιώτισσα, δραματικὸν εἰδύλλιον εἰς πράξεις τρεῖς, ἀριθμὸς 33","Thymioula or The Woman of Galaxidi, dramatic idyll in three acts, no. 33",,4,—,
1904,IMG_1468.jpeg,Θέατρον,Theater,Θεατρικὴ βιβλιοθήκη,MEILHAC & HALÉVY,Henri Meilhac & Ludovic Halévy,"Ἡ χήρα, κωμῳδία εἰς πράξεις τρεῖς, μετάφρασις Κλ. Διττάκη, ἀρ. 48","The Widow, comedy in three acts, translated by Kl. Dittakis, no. 48",,5,—,
1904,IMG_1468.jpeg,Θέατρον,Theater,Θεατρικὴ βιβλιοθήκη,ΜΕΛΙΣΣΙΩΤΟΥ Π.,P. Melissiotis,"Ἡ Χάϊδω, δραματικὸν εἰδύλλιον εἰς πράξεις 3, ἀρ. 23","Haido, dramatic idyll in 3 acts, no. 23",,4,—,
1904,IMG_1468.jpeg,Θέατρον,Theater,Θεατρικὴ βιβλιοθήκη,ΜΟΛΙΕΡΟΥ,Molière,"Ἀγαθόπουλος ὁ Ξηροχωρίτης, κωμῳδία εἰς πράξεις 3, ἀρ. 45","Agathopoulos of Xirochori (Monsieur de Pourceaugnac), comedy in 3 acts, no. 45",,4,—,
1904,IMG_1468.jpeg,Θέατρον,Theater,Θεατρικὴ βιβλιοθήκη,ΜΟΛΙΕΡΟΥ,Molière,"Ταρτοῦφος, κωμῳδία, μετάφρασις Ἰ. Ἰσιδ. Σκυλίσση, ἀρ. 51","Tartuffe, comedy, translated by I. Isid. Skylissis, no. 51",,7,—,
1904,IMG_1468.jpeg,Θέατρον,Theater,Θεατρικὴ βιβλιοθήκη,ΝΙΚΟΛΑΡΑ Ι. Δ.,I. D. Nikolaras,"Ὁ Σταυρός, δρᾶμα εἰς πράξεις τρεῖς, ἀρ. 22","The Cross, drama in three acts, no. 22",,3,—,
1904,IMG_1468.jpeg,Θέατρον,Theater,Θεατρικὴ βιβλιοθήκη,ΛΑΣΚΑΡΗ Ν. Ι.,N. I. Laskaris,"Ἀθηναϊκὰ χάλια, κωμικὸν μελούργημα. Μουσικὴ Δ. Λαυράγκα, μετὰ καὶ άλλων, ἀρ. 14","Athenian Misery, comic musical. Music by D. Lavrangas, with others, no. 14",,4,—,
1904,IMG_1468.jpeg,Θέατρον,Theater,Θεατρικὴ βιβλιοθήκη,ΛΑΣΚΑΡΗ καὶ ΠΩΠ,N. I. Laskaris & Pop,"Πικ-Νίκ, κωμῳδία εἰς πράξεις τρεῖς, ἀρ. 52","Picnic, comedy in three acts, no. 52",,6,—,
1904,IMG_1468.jpeg,Θέατρον,Theater,Θεατρικὴ βιβλιοθήκη,LABICHE καὶ DURU,Eugène Labiche & Alfred Duru,"Νὰ τὸ λέμε; κωμῳδία εἰς πράξεις τρεῖς, μετάφρασις Ν. Ἰ. Λάσκαρη, ἀρ. 13","Shall We Say It?, comedy in three acts, translated by N. I. Laskaris, no. 13",,5,—,
1904,IMG_1468.jpeg,Θέατρον,Theater,Θεατρικὴ βιβλιοθήκη,ΛΑΣΚΑΡΗ Ν. Ι.,N. I. Laskaris,"Κωμῳδίαι. Σειρὰ Α′ : Ἀκόμη δὲν τὸν εἴδαμε... — Τὸ σκάνδαλον τοῦ δήμου Βουπρασίων. — Ἡ μαύρη παρηγοριά, ἀριθμὸς 10","Comedies, Series A: We Haven't Even Seen Him Yet... / The Scandal of Vouprasia Municipality / Black Comfort, no. 10",,6,—,
1904,IMG_1468.jpeg,Θέατρον,Theater,Θεατρικὴ βιβλιοθήκη,ΚΟΡΟΜΗΛΑ ΔΗΜ.,Dimitrios Koromilas,"Ὁ ἀγαπητικὸς τῆς βοσκοπούλας, δραματικὸν εἰδύλλιον εἰς πράξεις πέντε, ἀρ. 12","The Shepherdess's Lover, dramatic idyll in five acts, no. 12",,6,—,
1904,IMG_1468.jpeg,Θέατρον,Theater,Θεατρικὴ βιβλιοθήκη,ΖΑΝΟΥ Π. Δ.,P. D. Zanou,"Νικηφόρος Φωκᾶς, τραγῳδία εἰς πράξεις πέντε, ἀρ. 47","Nikiforos Phokas, tragedy in five acts, no. 47",,6,—,
1904,IMG_1468.jpeg,Θέατρον,Theater,Θεατρικὴ βιβλιοθήκη,FEYDEAU G.,Georges Feydeau,"Ὁ ῥάπτης τῶν κυριῶν, κωμῳδία εἰς πράξεις τρεῖς, μετάφρασις Κ. Γιαννακάκη, ἀρ. 37","Ladies' Tailor, comedy in three acts, translated by K. Giannakakis, no. 37",,6,—,
1904,IMG_1468.jpeg,Θέατρον,Theater,Θεατρικὴ βιβλιοθήκη,FEYDEAU & DESRVALLIERES,Georges Feydeau & Maurice Desvallières,"Σαμπινιὸλ χωρὶς νὰ θέλῃ, κωμῳδία εἰς πράξεις τρεῖς, μετάφρασις Ν. Ἰ. Λάσκαρη, ἀρ. 27","Champignol Despite Himself, comedy in three acts, translated by N. I. Laskaris, no. 27",,7,—,
1904,IMG_1468.jpeg,Θέατρον,Theater,Θεατρικὴ βιβλιοθήκη,GIACOSA,Giuseppe Giacosa,"Ἔρωτος Θρίαμβος, μῦθος δραματικὸς εἰς πράξεις δύο, μετάφρασις Ἀγ- Γιαννοπούλου, ἀρ. 30","Triumph of Love, dramatic fable in two acts, translated by Ag. Giannopoulou, no. 30",,3,—,
1904,IMG_1468.jpeg,Θέατρον,Theater,Θεατρικὴ βιβλιοθήκη,GOLDONI C.,Carlo Goldoni,"Ἡ Δοκαντιέρα, κωμῳδία εἰς πράξεις τρεῖς, μετάφρασις Ν. Ποριώτη, ἀρ. 40","La Locandiera (The Mistress of the Inn), comedy in three acts, translated by N. Poriotis, no. 40",,7,—,
1904,IMG_1468.jpeg,Θέατρον,Theater,Θεατρικὴ βιβλιοθήκη,GONDINET E.,Edmond Gondinet,"Ὁ πολιτικὸς ἀνεμόμυλος, κωμῳδία μονόπρακτος, διασκευασθεῖσα ὑπὸ Νικ. Ἰ. Λάσκαρη, ἀρ. 53","The Political Windmill, one-act comedy, adapted by Nik. I. Laskaris, no. 53",,3,—,
1904,IMG_1468.jpeg,Θέατρον,Theater,Θεατρικὴ βιβλιοθήκη,ΙΨΕΝ ΕΝΡΙΚ,Henrik Ibsen,"Τὸ Σπίτι τῆς Κούκλας, δρᾶμα εἰς πράξεις τρεῖς, μετάφρασις Μ. Γιαννουκάκη, ἀρ. 31","A Doll's House, drama in three acts, translated by M. Giannoukakis, no. 31",,7,—,
1904,IMG_1468.jpeg,Θέατρον,Theater,Θεατρικὴ βιβλιοθήκη,ΙΨΕΝ ΕΝΡΙΚ,Henrik Ibsen,"Οἱ Βρυκόλακες, δρᾶμα εἰς πράξεις τρεῖς, ἀρ. 3","Ghosts, drama in three acts, no. 3",,5,—,
1904,IMG_1468.jpeg,Θέατρον,Theater,Θεατρικὴ βιβλιοθήκη,ΚΑΛΟΓΕΡΟΠΟΥΛΟΥ Δ. Ι.,D. I. Kalogeropoulos,"Πολὺς θόρυβος, κωμικὸς μονόλογος, μετὰ καὶ άλλων, ἀριθμὸς 14","Much Ado, comic monologue, with others, no. 14",,4,—,
1904,IMG_1468.jpeg,Θέατρον,Theater,Θεατρικὴ βιβλιοθήκη,ΚΑΜΠΟΥΡΟΓΛΟΥ Ι. καὶ ΛΑΣΚΑΡΗ Ν. Ι.,I. Kampouroglou & N. I. Laskaris,"Ὁ ᾽ντροπαλὸς ἐρωτευμένος, κωμῳδία εἰς πρᾶξιν μίαν, ἀρ. 26","The Shy Lover, one-act comedy, no. 26",,3,—,
1904,IMG_1468.jpeg,Θέατρον,Theater,Θεατρικὴ βιβλιοθήκη,ΚΟΚΚΟΥ Δ.,D. Kokkos,"Ὁ καπετὰν Γιακουμῆς, κωμειδύλλιον εἰς πράξεις 4, ἀρ. 18","Captain Giakoumis, musical comedy in 4 acts, no. 18",,5,—,
1904,IMG_1468.jpeg,Θέατρον,Theater,Θεατρικὴ βιβλιοθήκη,ΚΟΚΚΟΥ Δ.,D. Kokkos,"Ἡ Λύρα τοῦ Γέρω-Νικόλα, κωμειδύλλιον εἰς πράξεις τρεῖς, ἀρ. 4","Old Nikolas's Lyre, musical comedy in three acts, no. 4",,4,—,
1904,IMG_1468.jpeg,Θέατρον,Theater,Θεατρικὴ βιβλιοθήκη,ΚΟΚΚΟΥ Δ.,D. Kokkos,"Ὁ Μπάρμπα Λινάρδος, κωμειδύλλιον εἰς πράξεις τρεῖς, ἀρ 42","Uncle Linardos, musical comedy in three acts, no. 42",,5,—,
1904,IMG_1468.jpeg,Θέατρον,Theater,Θεατρικὴ βιβλιοθήκη,ΚΟΡΜΩΝ καὶ ΓΚΡΑΝΖΕ,Eugène Cormon & Eugène Grangé,"Ὁ Γέρω - Μαρτέν, δρᾶμα εἰς πράξεις τρεῖς, ἀρ. 1","Old Martin, drama in three acts, no. 1",,6,—,
1904,IMG_1468.jpeg,Θέατρον,Theater,Θεατρικὴ βιβλιοθήκη,ΚΑΛΑΠΟΘΑΚΗ Δ. ΟΙΚ.,D. Oik. Kalapothaki,"Τὸ Κουνοῦπι, μονόλογος, μετὰ καὶ άλλων, ἀρ. 14","The Mosquito, monologue, with others, no. 14",,4,—,
1904,IMG_1468.jpeg,Θέατρον,Theater,Θεατρικὴ βιβλιοθήκη,ΚΟΤΣΕΛΟΠΟΥΛΟΥ Ν. Α.,N. A. Kotselopoulos,"Ἡ χήρα, κωμικὸς μονόλογος, μετὰ καὶ άλλων, ἀρ. 14","The Widow, comic monologue, with others, no. 14",,4,—,
1904,IMG_1469.jpeg,Θέατρον,Theater,Θεατρικὴ βιβλιοθήκη,SÉJOUR V.,V. Séjour,Ὁ υἱὸς τῆς νυκτός,The Son of the Night,"δρᾶμα εἰς πράξ. 4, μετὰ προλόγου, ἀρ. 32+",6,Δρχ.,
1904,IMG_1469.jpeg,Θέατρον,Theater,Θεατρικὴ βιβλιοθήκη,ΧΡΗΣΤΟΒΑΣΙΛΗ ΧΡ.,Christovasili Chr.,Γιὰ τὴν τιμή,For Honor,"τραγῳδία σὲ πράξες τέσσερες, ἀρ. 46+",5,Δρχ.,
1904,IMG_1469.jpeg,Θέατρον,Theater,Θεατρικὴ βιβλιοθήκη,SUDERMAN-HERMANN,Hermann Sudermann,Ἡ Τιμή,Honor,"δρᾶμα εἰς πράξεις τρεῖς, μετάφρασις Χ. Ἀννίνου, ἀρ. 6+",6,Δρχ.,Translator: Ch. Anninos
1904,IMG_1469.jpeg,Θέατρον,Theater,Θεατρικὴ βιβλιοθήκη,ΣΤΡΑΤΗΓΟΠΟΥΛΟΥ ΙΔ.,Stratigopoulou Id.,Ὁ δὸν Κιχώτης,Don Quixote,"ἱλαροτραγῳδία εἰς πράξεις πέντε, μετὰ 16 ᾀσμάτων, ἀρ. 41+",7,Δρχ.,
1904,IMG_1469.jpeg,Θέατρον,Theater,Θεατρικὴ βιβλιοθήκη,ΣΟΥΒΟΡΙΝ Α. καὶ ΜΠΟΥΡΕΝΙΝ Β.,Souvorin A. and Bourenin V.,Ἡ Μήδεια,Medea,"δρᾶμα εἰς πράξεις τέσσαρας, μετάφρασις ἐκ τοῦ ῥωσσικοῦ ὑπὸ Κ. Σ. Κοκόλη, ἀρ. 28+",6,Δρχ.,Translated from Russian by K. S. Kokolis
1904,IMG_1469.jpeg,Θέατρον,Theater,Θεατρικὴ βιβλιοθήκη,SARDOU V.,V. Sardou,Ἡ Φαιδώρα,Fedora,"δρᾶμα εἰς πράξεις τέσσαρας, ἀρ. 19+",6,Δρχ.,
1904,IMG_1469.jpeg,Θέατρον,Theater,Θεατρικὴ βιβλιοθήκη,SARDOU V.,V. Sardou,Πατρίς !,Patrie!,"δρᾶμα εἰς πράξεις πέντε καὶ εἰκόνας ἑπτά, μετάφρασις Ἰ. Καμπουρόγλου, ἀρ. 7+",6,Δρχ.,Translator: I. Kampouroglou
1904,IMG_1469.jpeg,Θέατρον,Theater,Θεατρικὴ βιβλιοθήκη,ROVETTA G.,G. Rovetta,Οἱ ἄτιμοι,The Dishonest Ones,"δρᾶμα εἰς πράξεις τρεῖς, μετάφρασις Χ. Ἀννίνου, ἀριθμὸς 17+",4,Δρχ.,Translator: Ch. Anninos
1904,IMG_1469.jpeg,Θέατρον,Theater,Θεατρικὴ βιβλιοθήκη,ΡΑΓΚΑΒΗ Α. Ρ.,Rangavis A. R.,Ὁ μνηστὴρ τῆς Ἀρχοντούλας,The Suitor of Archontoula,"κωμῳδία εἰς πρᾶξιν μίαν, ἀριθμὸς 55+",4,Δρχ.,
1904,IMG_1469.jpeg,Θέατρον,Theater,Θεατρικὴ βιβλιοθήκη,ΠΕΡΕΣΙΑΔΟΥ ΣΠ.,Peresiadis Sp.,Ἡ Γκόλφω,Golfo,"δρᾶμα εἰδυλλιακὸν εἰς πράξεις πέντε, ἀρ. 20+",6,Δρχ.,
1904,IMG_1469.jpeg,Θέατρον,Theater,Θεατρικὴ βιβλιοθήκη,SARDOU V.,V. Sardou,Τόσκα,Tosca,"δρᾶμα εἰς πράξεις τέσσαρας, ἀρ. 2+",5,Δρχ.,
1904,IMG_1470.jpeg,Μυθιστορήματα και Διηγήματα,Novels and Short Stories,,,,"Αναμνήσεις της Έμμας, ή μία ημέρα έν Μαδέρα","Memoirs of Emma, or A Day in Madeira","8ον, σελίδες 111",5,—,εκ του ιταλικού
1904,IMG_1470.jpeg,Μυθιστορήματα και Διηγήματα,Novels and Short Stories,,ΧΡ. ΣΑΜΑΡΤΖΙΔΗΣ,Chr. Samartzidis,Απόκρυφα της Κωνσταντινουπόλεως,Secrets of Constantinople,"8ον, σελίδες 415",10,—,"πολύπλοκον κοινωνικόν μυθιστόρημα, μετ' εικόνων"
1904,IMG_1470.jpeg,Μυθιστορήματα και Διηγήματα,Novels and Short Stories,,ΛΕΩΝ ΤΟΛΣΤΟΗ,Leo Tolstoy,Ανάστασις,Resurrection,"8ον, σελίδες 335",6,—,
1904,IMG_1470.jpeg,Μυθιστορήματα και Διηγήματα,Novels and Short Stories,,J. GAUTIER,J. Gautier,Ανδρέας Ιβάνοβιτς,Andreas Ivanovitch,"32ον, σελίδες 161",2,—,
1904,IMG_1470.jpeg,Μυθιστορήματα και Διηγήματα,Novels and Short Stories,,,,Ανεψιά του Σιδηρού Προσωπείου,The Niece of the Iron Mask,"8ον, σελίδες 48",2,—,
1904,IMG_1470.jpeg,Μυθιστορήματα και Διηγήματα,Novels and Short Stories,,M. HAMLET,M. Hamlet,Ανήρ και Γυνή,Man and Woman,σελίδες 115,3,—,
1904,IMG_1470.jpeg,Μυθιστορήματα και Διηγήματα,Novels and Short Stories,,"DICKENS, KVING, DAVIDSON","Dickens, Irving, Davidson",Ανθοδέσμη Διηγημάτων,Bouquet of Short Stories,σ. 65,3,—,μεταφρασθέντα υπό Α. B. N. Παπαδάκη
1904,IMG_1470.jpeg,Μυθιστορήματα και Διηγήματα,Novels and Short Stories,,M. ΒΙΛΛΕΜΕΡ,M. Villemer,Ανθοφόρος κυρία,The Flower-bearing Lady,"τόμοι 2, 32ον, σελ. 1477",15,—,
1904,IMG_1470.jpeg,Μυθιστορήματα και Διηγήματα,Novels and Short Stories,,,,Άνθος της ορτενσίας και τό φύλλον της μυρσίνης,Hydrangea Flower and Myrtle Leaf,σελίδες 152,4,—,
1904,IMG_1470.jpeg,Μυθιστορήματα και Διηγήματα,Novels and Short Stories,,J. ROYQUETTE,J. Royquette,Αξία των γυναικών,The Value of Women,"8ον, σελίδες 179",4,—,
1904,IMG_1470.jpeg,Μυθιστορήματα και Διηγήματα,Novels and Short Stories,,G. AIMARD,Gustave Aimard,Αόρατοι των Παρισίων,The Invisible Ones of Paris,"8ον, σελ. 581, πανόδ.",25,—,
1904,IMG_1470.jpeg,Μυθιστορήματα και Διηγήματα,Novels and Short Stories,,Ν. Αργυριάδης,N. Argyriadis,Απόκρυφα Βατικανού,Secrets of the Vatican,"τόμος Α', 8ον, σ. 241",4,—,
1904,IMG_1470.jpeg,Μυθιστορήματα και Διηγήματα,Novels and Short Stories,,P. ZACCONE,Pierre Zaccone,Απόκρυφα της Διεθνούς,Secrets of the International,"4ον, σελίδες 240",5,—,
1904,IMG_1470.jpeg,Μυθιστορήματα και Διηγήματα,Novels and Short Stories,,ΦΕΡΕΑΛ,M. V. Féreal,Απόκρυφα της Ιεράς Εξετάσεως,Secrets of the Holy Inquisition,"8ον, σελίδες 440",6,—,μετά 80 εικόνων
1904,IMG_1470.jpeg,Μυθιστορήματα και Διηγήματα,Novels and Short Stories,,CAMILLE BAUDIN,Camille Baudin,Αναΐς,Anaïs,σελίδες 276,8,—,"μυθιστορία, μεταφρασθείσα υπό Γ. Μ. Μέγκουλα"
1904,IMG_1470.jpeg,Μυθιστορήματα και Διηγήματα,Novels and Short Stories,,Ι. Φ. ΣΜΙΘ,J. F. Smith,Άνθος της αλόης,Aloe Flower,"8ον, σελίδες 336",7,—,
1904,IMG_1470.jpeg,Μυθιστορήματα και Διηγήματα,Novels and Short Stories,,ΙΟΥΛΙΟΣ ΧΩΘΟΡΝ,Julian Hawthorne,Αμερικανός Μοντεχρίστος,An American Monte Cristo,σελίδες 330,5,—,
1904,IMG_1470.jpeg,Μυθιστορήματα και Διηγήματα,Novels and Short Stories,,ΔΕ-ΚΟΝΤΡΕΚΟΥΡ,De-Contrecourt,Άκρον του Ωτός,Tip of the Ear,"τόμοι 3, 8ον, σελ. 1075",12,—,
1904,IMG_1470.jpeg,Μυθιστορήματα και Διηγήματα,Novels and Short Stories,,Χ. DE MONTEPIN,Xavier de Montépin,Άμαξα άρ. 13,Carriage No. 13,"μετ' εικόνων, 8ον, σελ. 1098",20,—,
1904,IMG_1470.jpeg,Μυθιστορήματα και Διηγήματα,Novels and Short Stories,,Αλ. ΔΟΥΜΑΣ,Alexandre Dumas,Άγγελος Πιτού,Ange Pitou,"μέγα 8ον, σελίδες 536",15,—,
1904,IMG_1470.jpeg,Μυθιστορήματα και Διηγήματα,Novels and Short Stories,,Ε. ΣΥΗ,Eugène Sue,Αδαλβέρτης,Adalbert,σ. 337,10,—,
1904,IMG_1470.jpeg,Μυθιστορήματα και Διηγήματα,Novels and Short Stories,,,,Αδέλη,Adèle,"8ον, σελίδες 59",2,—,
1904,IMG_1470.jpeg,Μυθιστορήματα και Διηγήματα,Novels and Short Stories,,ΕΚΤ. ΜΑΛΟ,Hector Malot,Αδελφούλα,Little Sister,σ. 197,6,—,
1904,IMG_1470.jpeg,Μυθιστορήματα και Διηγήματα,Novels and Short Stories,,ΦΕΡΔ. ΓΡΗΓΟΡΟΒΙΟΣ,Ferdinand Gregorovius,Αθηναΐς,Athenaïs,σελίδες 248,10,—,"ιστορικόν διήγημα, μετάφρ. Σπ. Π. Λάμπρου"
1904,IMG_1470.jpeg,Μυθιστορήματα και Διηγήματα,Novels and Short Stories,,Ν. ΣΠΑΝΔΩΝΗΣ,N. Spandonis,Αθήνα μας,Our Athens,"τόμοι τρείς, σελίδες 1270",20,—,
1904,IMG_1470.jpeg,Μυθιστορήματα και Διηγήματα,Novels and Short Stories,,Ξ. ΔΕ ΜΟΝΤΕΠΕΝ,Xavier de Montépin,Αθιγγανίς,The Gypsy Woman,"μετ' εικόνων, 8ον, σελ. 524",12,—,
1904,IMG_1470.jpeg,Μυθιστορήματα και Διηγήματα,Novels and Short Stories,Εκλεκτή Βιβλιοθήκη,,,Αμάρτημα της Μαγδαληνής,Magdalene's Sin,"τόμοι 2, σελίδες 233",5,—,εκ του γαλλικού
1904,IMG_1470.jpeg,Μυθιστορήματα και Διηγήματα,Novels and Short Stories,,Ι. Δ. ΚΟΝΔΥΛΑΚΗΣ,I. D. Kondylakis,Άθλιοι των Αθηνών,The Wretched of Athens,"8ον, σελίδες 751",20,—,το πρώτον εικονογραφημένον ελληνικόν σύγγραμμα
1904,IMG_1470.jpeg,Μυθιστορήματα και Διηγήματα,Novels and Short Stories,,Ρ. ZACCONE,Pierre Zaccone,Άθλιοι του Λονδίνου,The Miserable of London,"8ον, σελ. 880",8,—,
1904,IMG_1470.jpeg,Μυθιστορήματα και Διηγήματα,Novels and Short Stories,,ΠΡΟΚΕΣ-ΟΣΤΕΝ,Prokesch-Osten,Αί μετά του δουκός του Ράϊχσταδ σχέσεις μου,My Relations with the Duke of Reichstadt,σ. 136,5,—,
1904,IMG_1470.jpeg,Μυθιστορήματα και Διηγήματα,Novels and Short Stories,,ΑΔ. Δ' ΕΝΝΕΡΥ,Adolphe d'Ennery,Αιχμάλωτος των αγρίων,Captive of the Savages,"μετ' εικόνων, 8ον, σελ. 1725",20,—,
1904,IMG_1470.jpeg,Μυθιστορήματα και Διηγήματα,Novels and Short Stories,,ΛΕΩΝ ΓΕΡΑΡΔΗΣ,Leon Gerardis,Ακέφαλον πτώμα,Headless Corpse,"8ον, σελίδες 75",2,—,σύγχρονος αθηναϊκή μυθιστορία
1904,IMG_1470.jpeg,Μυθιστορήματα και Διηγήματα,Novels and Short Stories,,Ν. Γ. Π.,N. G. P.,"Άλλαι μέν βουλαί ανθρώπων, άλλα δέ έρως κελεύει και Η Υπόσχεσις","Man Proposes, Love Disposes and The Promise","8ον, σελίδες 50",2.20,—,διηγήματα πρωτότυπα
1904,IMG_1470.jpeg,Μυθιστορήματα και Διηγήματα,Novels and Short Stories,,ΒΙΚΤΩΡ ΟΥΓΚΩ,Victor Hugo,Άθλιοι,Les Misérables,"μετ' εικόνων, 8ον, τόμοι 5, σελίδες 1836",35,—,κατά μετάφρασιν Δ. Γιανναράκη
1904,IMG_1471.jpeg,"Μυθιστορήματα, διηγήματα","Novels, short stories",,ΕΡΡΙΚΟΥ ΔΕ ΚΟΚ,Henri de Kock,Βασίλισσα καλλονῆς,Queen of Beauty,"8ον, μετ' εἰκόνων χρωματιστῶν, σελίδες 820 +",12.—,drachmas,
1904,IMG_1471.jpeg,"Μυθιστορήματα, διηγήματα","Novels, short stories",,Κ. Δασκαλάκη,K. Daskalaki,Βασίλισσα τῶν Παρισίων,Queen of Paris,"8ον, σελίδες 592, δεδεμένον +",25.—,drachmas,Translated into Greek by K. Daskalaki
1904,IMG_1471.jpeg,"Μυθιστορήματα, διηγήματα","Novels, short stories",,Α. MATHEY,A. Mathey,Βασιλεὺς τῶν Ἐπαιτῶν,King of the Beggars,"τόμοι 2, σελίδες 759 +",8.—,drachmas,
1904,IMG_1471.jpeg,"Μυθιστορήματα, διηγήματα","Novels, short stories",,Ε. ΚΑΠΑΝΔΟΥ,Ernest Capendu,Βασιλεὺς τῶν Ναυτῶν,King of the Sailors,"8ον, σελίδες 848 +",15.—,drachmas,
1904,IMG_1471.jpeg,"Μυθιστορήματα, διηγήματα","Novels, short stories",,AD. BELLOT,Adolphe Bellot,Βασιλεὺς τῶν Πανούργων,King of the Cunning,"τόμοι 4, 8ον, σ. 524 +",20.—,drachmas,
1904,IMG_1471.jpeg,"Μυθιστορήματα, διηγήματα","Novels, short stories",,Ν. Ε. ΜΑΚΡΗ,N. E. Makri,Βασιλική,Vasiliki,"8ον, σελίδες 296 +",10.—,drachmas,
1904,IMG_1471.jpeg,"Μυθιστορήματα, διηγήματα","Novels, short stories",,Α. ΔΟΥΜΑ,Alexandre Dumas,Βασίλισσα Μαργώ,La Reine Margot,"μέγα 8ον, σελίδες 647 +",20.—,drachmas,Translation by A. Skalidou
1904,IMG_1471.jpeg,"Μυθιστορήματα, διηγήματα","Novels, short stories",,Δ' ΕΓΓΡΕΜΟΝ,D'Engremont,Βασίλισσα τοῦ χρυσοῦ,Queen of Gold,σελίδες 1500 +,18.—,drachmas,
1904,IMG_1471.jpeg,"Μυθιστορήματα, διηγήματα","Novels, short stories",,Σ. ΒΛΑΝΔΥ,Stella Blandy,Βενιαμίνη,Benjamined,"8ον, σ. 330",10.—,drachmas,
1904,IMG_1471.jpeg,"Μυθιστορήματα, διηγήματα","Novels, short stories",,Marmontel,Jean-François Marmontel,Βελισσάριος τοῦ Μαρμοντέλου,Bélisaire by Marmontel,"8ον, σελίδες 197 +",7.—,drachmas,Translated by K. P. Yakinthou and M. E. Photiou
1904,IMG_1471.jpeg,"Μυθιστορήματα, διηγήματα","Novels, short stories",,,,Βερανζέρη,Bérangère,σελίδες 176 +,5.—,drachmas,
1904,IMG_1471.jpeg,"Μυθιστορήματα, διηγήματα","Novels, short stories",,Ν. Γ. ΜΑΚΡΙΔΟΥ,N. G. Makridou,Βίκτωρ καὶ Λέανδρος,Victor and Leander,"32ον, σ. 110 +",5.—,drachmas,Novelette
1904,IMG_1471.jpeg,"Μυθιστορήματα, διηγήματα","Novels, short stories",,ΑΙΜ. ΡΙΣΒΟΥΡΓΟΥ,Émile Richebourg,Βιολιστής,The Fiddler,σελ. 288 +,8.—,drachmas,Translation by G. P. Megkoulas
1904,IMG_1471.jpeg,"Μυθιστορήματα, διηγήματα","Novels, short stories",,EM. RICHEBOURG,Émile Richebourg,Βιολιστής,The Fiddler,σελίδες 288 +,8.—,drachmas,
1904,IMG_1471.jpeg,"Μυθιστορήματα, διηγήματα","Novels, short stories",,Α. DUMAS,Alexandre Dumas,"Βανίγκα, ἤτοι τὸ φρικτὸν αὐτῆς ἔγκλημα","Vaninka, or Her Terrible Crime",σελ. 86 +,2.20,drachmas,
1904,IMG_1471.jpeg,"Μυθιστορήματα, διηγήματα","Novels, short stories",,ΓΥΖΩΤΟΥ,François Guizot,"Γαμήλιος ἔρως, ὑπόμνημα ἱστορικόν","Conjugal Love, a historical memoir","8ον, σ. 116 +",5.—,drachmas,
1904,IMG_1471.jpeg,"Μυθιστορήματα, διηγήματα","Novels, short stories",,AMÉDÉE ACHARD,Amédée Achard,Βελερόζας,Belle-Rose,"8ον, σελίδες 528 +",9.—,drachmas,Illustrated
1904,IMG_1471.jpeg,"Μυθιστορήματα, διηγήματα","Novels, short stories",,FLORIAN,Jean-Pierre Claris de Florian,"Γαλάτεια καὶ Ἐστέλλα, διηγήματα","Galatea and Estelle, short stories",σελίδες 196 +,5.—,drachmas,
1904,IMG_1471.jpeg,"Μυθιστορήματα, διηγήματα","Novels, short stories",,,,"Βαλμιέρος, ἤτοι ὁ θρίαμβος τῆς ἀρετῆς καὶ τοῦ ἔρωτος","Valmieros, or the Triumph of Virtue and Love","32ον, σ. 83 +",2.20,drachmas,
1904,IMG_1471.jpeg,"Μυθιστορήματα, διηγήματα","Novels, short stories",,ΙΟΥΛΙΟΥ ΒΕΡΝ,Jules Verne,"Ἀφρική, ἢ πέντε ἑβδομάδες ἐν ἀεροστάτῳ","Africa, or Five Weeks in a Balloon","8ον, σελίδες 375 +",9.—,drachmas,"Illustrated, translation by Ch. Georgiadou"
1904,IMG_1471.jpeg,"Μυθιστορήματα, διηγήματα","Novels, short stories",,Α. ΓΟΖΛΑΝ,Léon Gozlan,Ἀχύρινος στέφανος,Straw Crown,σελίδες 158 +,3.—,drachmas,
1904,IMG_1471.jpeg,"Μυθιστορήματα, διηγήματα","Novels, short stories",,Ε. ΖΟΛΑ,Émile Zola,Απόκρυφα τῆς Μασσαλίας,Mysteries of Marseilles,"8ον, σελίδες 540 +",9.—,drachmas,
1904,IMG_1471.jpeg,"Μυθιστορήματα, διηγήματα","Novels, short stories",,ΕΠ. ΚΥΡΙΑΚΙΔΟΥ,Ep. Kyriakidou,Απόκρυφα Πέραν Κωνσταντινουπόλεως,"Mysteries of Pera, Constantinople",σ. 822 x,15.—,drachmas,
1904,IMG_1471.jpeg,"Μυθιστορήματα, διηγήματα","Novels, short stories",,Κ. Δ. ΓΟΥΣΣΟΠΟΥΛΟΥ,K. D. Goussopoulou,Απόκρυφα τοῦ φρενοκομείου,Mysteries of the Asylum,"8ον, σελ. 142 +",3.—,drachmas,
1904,IMG_1471.jpeg,"Μυθιστορήματα, διηγήματα","Novels, short stories",,ΕΥΓ. ΣΥΗ,Eugène Sue,Απόκρυφα τῶν Παρισίων,The Mysteries of Paris,σελίδες 1850 +,15.—,drachmas,
1904,IMG_1471.jpeg,"Μυθιστορήματα, διηγήματα","Novels, short stories",,J. MARY,Jules Mary,Απολεσθεὶς Παράδεισος,Paradise Lost,"8ον, σ. 1104 +",20.—,drachmas,With 150 illustrations
1904,IMG_1471.jpeg,"Μυθιστορήματα, διηγήματα","Novels, short stories",,Α. ΔΟΥΜΑ,Alexandre Dumas,Απομνημονεύματα ἰατροῦ,Memoirs of a Physician,"4ον, σελίδες 960 +",20.—,drachmas,
1904,IMG_1471.jpeg,"Μυθιστορήματα, διηγήματα","Novels, short stories",,M. PARRIN,M. Parrin,Απομνημονεύματα ᾿Αλίκης Δε-Μερβίλ,Memoirs of Alice De-Merville,"8ον, σελίδες 197 +",8.—,drachmas,Translation by K. Tr. Lazaretou
1904,IMG_1471.jpeg,"Μυθιστορήματα, διηγήματα","Novels, short stories",,John Milton,John Milton,Απολεσθεὶς Παράδεισος Μίλτωνος,Milton's Paradise Lost,"4ον, σελίδες ε' - 313 +",18.—,drachmas,"Translated from English by P. Gratsiadou, illustrated"
1904,IMG_1471.jpeg,"Μυθιστορήματα, διηγήματα","Novels, short stories",,ΑΔΟΛΦΟΥ ΒΕΛΩ,Adolphe Belot,Ἄρθρον 47,Article 47,σελίδες λγ' - 464 +,20.—,drachmas,Translation by K. P. Saltampasi
1904,IMG_1471.jpeg,"Μυθιστορήματα, διηγήματα","Novels, short stories",,ΙΟΥΛΙΟΥ ΒΕΡΝΕ,Jules Verne,Απὸ τῆς Γῆς εἰς τὴν Σελήνην,From the Earth to the Moon,"8ον, σελίδες 358, δεδεμένον +",15.—,drachmas,Translated by I. M. Raptarchou
1904,IMG_1471.jpeg,"Μυθιστορήματα, διηγήματα","Novels, short stories",,Κ. ΔΙΚΕΝΣ,Charles Dickens,"Ἄισμα τῶν Χριστουγέννων, διήγημα","A Christmas Carol, short story","32ον, σελίδες 166 +",5.—,drachmas,Translation by P. Pana
1904,IMG_1471.jpeg,"Μυθιστορήματα, διηγήματα","Novels, short stories",,Ι. Ν. ΠΑΠΑΔΑΚΗ,I. N. Papadaki,Ἀτυχὴς Γεώργιος,Unfortunate George,σελίδες 128 +,3.20,drachmas,
1904,IMG_1471.jpeg,"Μυθιστορήματα, διηγήματα","Novels, short stories",,Α. ΔΟΥΜΑ,Alexandre Dumas,Ἄρχων τοῦ κόσμου,Lord of the World,"τόμοι 6, 8ον, σελ. 1309 +",17.—,drachmas,
1904,IMG_1471.jpeg,"Μυθιστορήματα, διηγήματα","Novels, short stories",,P. LINDAU,Paul Lindau,Ἀσυμβίβαστοι,Incompatibles,"32ον, σελίδες 247 +",5.—,drachmas,
1904,IMG_1471.jpeg,"Μυθιστορήματα, διηγήματα","Novels, short stories",,X. DE MONTEPIN,Xavier de Montépin,Ἀρτόπωλις,The Bakery,"8ον, σελίδες 1007 +",20.—,drachmas,Illustrated
1904,IMG_1471.jpeg,"Μυθιστορήματα, διηγήματα","Novels, short stories",,ΒΑΛΤΕΡ ΣΚΟΤΤ,Walter Scott,Ἀρόλδος ὁ Ἀδάμαστος — ὁ Λόρδος τῶν Νήσων,Harold the Dauntless — The Lord of the Isles,"4ον, σ. ιϛ' + 94 +",10.—,drachmas,Translations by Th. Antoniadou
1904,IMG_1471.jpeg,"Μυθιστορήματα, διηγήματα","Novels, short stories",,Γ. ONE,Georges Ohnet,Αρχισιδηρουργός,The Ironmaster,"8ον, σελίδες 310 +",6.—,drachmas,Illustrated
1904,IMG_1472.jpeg,"Μυθιστορήματα, διηγήματα","Novels, short stories",,ΑΛΕΞ. Σ. ΠΟΥΣΚΗΝ,Alexander Pushkin,Διηγήματα,Short Stories,"8ον, σελίδες 72",4,—,μεταφρασθέντα ὑπὸ Κ. Ἀ. Παλαιολόγου
1904,IMG_1472.jpeg,"Μυθιστορήματα, διηγήματα","Novels, short stories",,COMTESSE DASH,Comtesse Dash,"Δεσποινὶς Ἱππότις, ἢ ἀδικία κολαζομένη","Mademoiselle Chevalier, or Injustice Punished","8ον, σ. 107",4,—,μεταφρασθεῖσα ὑπὸ Κ. Ζαχαριάδου
1904,IMG_1472.jpeg,"Μυθιστορήματα, διηγήματα","Novels, short stories",,Μ. ΚΕΡΒΑΝΤΕΣ,Miguel de Cervantes,Δὸν Κιχώτης ὁ Μαγκήσιος,Don Quixote of La Mancha,"τόμ. 2, 8ον, σ. 551",18,—,
1904,IMG_1472.jpeg,"Μυθιστορήματα, διηγήματα","Novels, short stories",,ΑΛΕΞ. ΔΟΥΜΑ,Alexandre Dumas,Διαβόητα ἐγκλήματα,Celebrated Crimes,"4ον, σελίδες 525",20,—,"ἐκ τοῦ γαλλικοῦ, ὑπὸ Κ. Ν. Τριανταφύλλου"
1904,IMG_1472.jpeg,"Μυθιστορήματα, διηγήματα","Novels, short stories",,ΙΟΥΛΙΟΥ ΒΕΡΝ,Jules Verne,Διαθήκη Ἰδιοτρόπου,The Will of an Eccentric,"8ον, σελίδες 415, μετ' εἰκόνων",10,—,μετάφρασις Σ. Γ. Σαριβαξεβάνη
1904,IMG_1472.jpeg,"Μυθιστορήματα, διηγήματα","Novels, short stories",,ΛΑΜΠΡΟΥ ΕΝΥΑΛΗ,Lambros Enyalis,Διηγήματα,Short Stories,σ. 276,15,—,
1904,IMG_1472.jpeg,"Μυθιστορήματα, διηγήματα","Novels, short stories",,Unknown,Unknown,Διηγήματα Σύγχρονα,Contemporary Short Stories,"8ον, σ. 111",3,—,
1904,IMG_1472.jpeg,"Μυθιστορήματα, διηγήματα","Novels, short stories",,ΑΛΕΞΑΝΔΡΑΣ ΠΑΠΑΔΟΠΟΥΛΟΥ,Alexandra Papadopoulou,Δεσμὶς διηγημάτων (Μέρος Α'),Bundle of Short Stories (Part A),"32ον, σελ. 156",4,—,
1904,IMG_1472.jpeg,"Μυθιστορήματα, διηγήματα","Novels, short stories",,ALBERT DELPIT,Albert Delpit,Δεσποινὶς Δὲ-Βρεσσιέ,Mademoiselle de Bressier,"8ον, σελ. 296",5,—,
1904,IMG_1472.jpeg,"Μυθιστορήματα, διηγήματα","Novels, short stories",,J. MARY,Jules Mary,Διαβολογιατρός,The Devil's Doctor,"8ον, σελίδες 1103, μετὰ εἰκόνων",10,—,
1904,IMG_1472.jpeg,"Μυθιστορήματα, διηγήματα","Novels, short stories",,PONSON DU TERRAÏL,Ponson du Terrail,Διαβολο-Σίμων,Devil-Simon,"8ον, σελίδες 294",6,—,
1904,IMG_1472.jpeg,"Μυθιστορήματα, διηγήματα","Novels, short stories",,P. DE KOCK,Paul de Kock,Διαβολόσπιτον,The Devil's House,σελίδες 112,3,—,
1904,IMG_1472.jpeg,"Μυθιστορήματα, διηγήματα","Novels, short stories",,ΕΥΓΕΝΙΟΥ ΣΥΗ,Eugène Sue,Διδασκάλισσα,The Schoolmistress,"8ον, σελίδες 328",6,—,
1904,IMG_1472.jpeg,"Μυθιστορήματα, διηγήματα","Novels, short stories",,Ξ. ΔΕ ΜΟΝΤΕΠΕΝ,Xavier de Montépin,Διδάσκαλος τῶν ὅπλων,The Fencing Master,"8ον, σελίδες 328",10,—,
1904,IMG_1472.jpeg,"Μυθιστορήματα, διηγήματα","Novels, short stories",,Unknown,Unknown,Δόκτωρ Ζεκύλ,Doctor Jekyll,σελ. 156,5,—,
1904,IMG_1472.jpeg,"Μυθιστορήματα, διηγήματα","Novels, short stories",,AD. BELLOT,Adolphe Belot,Δολοφόνος,The Murderer,"8ον, σελίδες 268, μετ' εἰκόνων",7,—,
1904,IMG_1472.jpeg,"Μυθιστορήματα, διηγήματα","Novels, short stories",,ΑΛΕΞΑΝΔΡΑΣ ΠΑΠΑΔΟΠΟΥΛΟΥ,Alexandra Papadopoulou,Δεσμὶς διηγημάτων (Μέρος Β'),Bundle of Short Stories (Part B),"16ον, σελ. 66",4,—,
1904,IMG_1472.jpeg,"Μυθιστορήματα, διηγήματα","Novels, short stories",,ΙΟΥΛΙΟΥ ΒΕΡΝ,Jules Verne,Δεκαπενταετὴς πλοίαρχος,"Dick Sand, A Captain at Fifteen","8ον, σελίδες 328, μετ' εἰκόνων",7,—,μετάφρασις Ἀ. Σκαλίδου
1904,IMG_1472.jpeg,"Μυθιστορήματα, διηγήματα","Novels, short stories",,ERNEST DUBREUIL,Ernest Dubreuil,Δήμιος τῶν Παρισίων,The Executioner of Paris,"4ον, σ. 331, μετ' εἰκόνων",10,—,
1904,IMG_1472.jpeg,"Μυθιστορήματα, διηγήματα","Novels, short stories",,ΒΟΚΚΑΚΙΟΥ,Giovanni Boccaccio,Δεκαήμερος,The Decameron,"σελίδες 412, μετ' εἰκόνων",15,—,
1904,IMG_1472.jpeg,"Μυθιστορήματα, διηγήματα","Novels, short stories",,Ξ. ΔΕ ΜΟΝΤΕΠΕΝ,Xavier de Montépin,Γάμος τῆς Λεώνης,The Marriage of Léonie,"τόμοι 2, σελίδες 1470",15,—,μετάφρασις Θ. Κ. Ὑπερείδου
1904,IMG_1472.jpeg,"Μυθιστορήματα, διηγήματα","Novels, short stories",,PONSON DU TERRAÏL,Ponson du Terrail,Γανδῖνοι,Gandins,"τόμοι 2, 8ον, σελίδες 656",20,—,
1904,IMG_1472.jpeg,"Μυθιστορήματα, διηγήματα","Novels, short stories",,Ἀδὰμ Σμίθ,Adam Smith,Γενοβέφα,Genevieve,"8ον, σελίδες 284, μετὰ εἰκόνων",6,—,
1904,IMG_1472.jpeg,"Μυθιστορήματα, διηγήματα","Novels, short stories",,ΠΩΛ ΔΕ ΚΟΚ,Paul de Kock,Γεφυράκης,Gefyrakis,"8ον, σ. 315",6,—,μετάφρασις Κλ. Τριανταφύλλου
1904,IMG_1472.jpeg,"Μυθιστορήματα, διηγήματα","Novels, short stories",,Α. ΔΟΥΜΑ,Alexandre Dumas,Γεώργιος ὁ μιγάς,Georges,"8ον, σελίδες 329",10,—,
1904,IMG_1472.jpeg,"Μυθιστορήματα, διηγήματα","Novels, short stories",,ΑΙΜΙΛΙΟΥ ΖΟΛΑ,Émile Zola,Γῆ (La Terre),Earth (La Terre),"8ον, σ. 600",20,—,μετάφρασις Μπάμπη
1904,IMG_1472.jpeg,"Μυθιστορήματα, διηγήματα","Novels, short stories",,Ε. ΣΤΑΝΛΕ Ὕ,Henry Morton Stanley,Γῆ τῆς Δουλείας,Land of Slavery,"8ον, σ. 197",10,—,μετάφρ. Γ. Ἀδρακτᾶ
1904,IMG_1472.jpeg,"Μυθιστορήματα, διηγήματα","Novels, short stories",,P. DE KOCK,Paul de Kock,Γιάννης,Jean,"8ον, σ. 360",5,—,μετάφρασις Κλ. Τριανταφύλλου
1904,IMG_1472.jpeg,"Μυθιστορήματα, διηγήματα","Novels, short stories",,Ι. ΒΕΡΝ,Jules Verne,Δεκαπενταετὴς πλοίαρχος,"Dick Sand, A Captain at Fifteen","4ον, σελίδες 416, Μέρος Α' καὶ Β', μετὰ 97 εἰκόνων",20,—,κατὰ μετάφρασιν Ἀ. Σκαλίδου
1904,IMG_1472.jpeg,"Μυθιστορήματα, διηγήματα","Novels, short stories",,OΥΑΛΤΕΡ ΣΚΩΤΤ,Walter Scott,Γούϋς Μάννεριγκ,Guy Mannering,σελίδες 552,7,—,
1904,IMG_1472.jpeg,"Μυθιστορήματα, διηγήματα","Novels, short stories",,HENRI DE KOCK,Henri de Kock,"Δαίμονες τῆς θαλάσσης, ἢ οἱ ἄγγλοι πειραταί","Demons of the Sea, or the English Pirates","8ον, σ. 366",10,—,μετάφρασις Ἰ. Τ. Ἀντωνιάδου
1904,IMG_1472.jpeg,"Μυθιστορήματα, διηγήματα","Novels, short stories",,ΣΑΜΠΡΙΓΙΑ καὶ ΔΥΒΟΑ,Champrigia and Dubois,Γῦρος τοῦ κόσμου,Around the World,"8ον, σελίδες 255, εἰκονογραφημένον",6,—,κατὰ μετάφρασιν Σταμ. Γιαλίστρα
1904,IMG_1472.jpeg,"Μυθιστορήματα, διηγήματα","Novels, short stories",,P. DE KOCK,Paul de Kock,"Γυναῖκες, Χαρτιὰ καὶ Κρασί","Women, Cards and Wine","8ον, σελίδες 223",5,—,
1904,IMG_1472.jpeg,"Μυθιστορήματα, διηγήματα","Novels, short stories",,FLORIAN,Jean-Pierre Claris de Florian,Γονζάλβης Κορδούβιος,Gonzalo de Córdoba,"8ον, σελίδες 226",7,—,
1904,IMG_1472.jpeg,"Μυθιστορήματα, διηγήματα","Novels, short stories",,PONSON DU TERRAÏL,Ponson du Terrail,Γρύλλος τοῦ μύλου,Cricket of the Mill,σελ. 342,7,—,
1904,IMG_1472.jpeg,"Μυθιστορήματα, διηγήματα","Novels, short stories",,ΑΛ. ΔΟΥΜΑ,Alexandre Dumas,"Γραφὶς καὶ τὸ ξίφος, ἢ Σατωβριὰν καὶ Ναπολέων","The Pen and the Sword, or Chateaubriand and Napoleon",σελ. 100,3,—,μετάφρασις Ἐμμ. Σ. Σαριδάκη
1904,IMG_1472.jpeg,"Μυθιστορήματα, διηγήματα","Novels, short stories",,Α. ΛΑΜΑΡΤΙΝΟΥ,Alphonse de Lamartine,Γραζιέλλα,Graziella,"8ον, σελίδες 184",12,—,μεταφρασθεῖσα καὶ πλουτισθεῖσα διὰ σημειώσεων ὑπὸ Δ. Κ. Πουλουλίδου καὶ Δ. Α. Μαγκλῆ
1904,IMG_1472.jpeg,"Μυθιστορήματα, διηγήματα","Novels, short stories",,Unknown,Unknown,Γυναῖκες καὶ Κέρατα,Women and Horns,σελίδες 79,2,—,ἐκ τοῦ ἰταλικοῦ
1904,IMG_1473.jpeg,"Μυθιστορήματα, διηγήματα","Novels, short stories",,J. MARY,Jules Mary,Ἐν ἀγωνίᾳ,In Agony,"τόμοι 3, σελ. 925 +",10,drachmas,μετάφρασις Ἰ. Γ. Λεών
1904,IMG_1473.jpeg,"Μυθιστορήματα, διηγήματα","Novels, short stories",,EMILE RICHEBOURG,Émile Richebourg,Ἔκπεσοῦσα γυνή,Fallen Woman,"τόμοι 3, 32ον, σελίδες 1483+",15,drachmas,μεταφρασθεῖσα ὑπὸ Ζάνου Βασιλάρου
1904,IMG_1473.jpeg,"Μυθιστορήματα, διηγήματα","Novels, short stories",,Δ. ΟΙΚ. ΚΑΛΑΠΟΘΑΚΗ,D. Oik. Kalapothakis,Ἐκστρατεία εἰς τὴν σελήνην,Expedition to the Moon,σελίδες 208+,5,drachmas,
1904,IMG_1473.jpeg,"Μυθιστορήματα, διηγήματα","Novels, short stories",,Κ. ΚΩΝΣΤΑΝΤΑΚΟΠΟΥΛΟΥ,K. Konstantakopoulos,Ἐλαφρὸς βίος,Light Life,"8ον, σελίδες 39+",5,drachmas,διηγήματα πρωτότυπα καὶ μεταφράσεις
1904,IMG_1473.jpeg,"Μυθιστορήματα, διηγήματα","Novels, short stories",,TIM. ΑΜΠΕΛΑ,Timoleon Ampelas,Ἑλένη τῆς Μιλήτου,Helen of Miletus,σελ. 82 +,3,drachmas,
1904,IMG_1473.jpeg,"Μυθιστορήματα, διηγήματα","Novels, short stories",,ΑΛΦΟΝΣΟΥ ΛΑΜΑΡΤΙΝΟΥ,Alphonse de Lamartine,Ἑλοΐζα καὶ Ἀβελάρδος,Heloise and Abelard,σελίδες 75+,4,drachmas,
1904,IMG_1473.jpeg,"Μυθιστορήματα, διηγήματα","Novels, short stories",,Ε. ΚΥΡΙΑΚΙΔΟΥ,E. Kyriakidou,Ἐλπινίκη,Elpiniki,"32ον, σελίδες 640+",10,drachmas,
1904,IMG_1473.jpeg,"Μυθιστορήματα, διηγήματα","Novels, short stories",,ΙΟΥΛ. ΔΕΓΓΑΣΤΙΝ,Jules de Gastyne,Ἐν δρᾶμα ἐν τῇ ἐκθέσει,A Drama at the Exhibition,σελ. 822+,8,drachmas,
1904,IMG_1473.jpeg,"Μυθιστορήματα, διηγήματα","Novels, short stories",,,,Ἐξομολόγησις ἑνὸς Ἀββᾶ,Confession of an Abbot,"8ον, σελίδες 199+",4,drachmas,
1904,IMG_1473.jpeg,"Μυθιστορήματα, διηγήματα","Novels, short stories",,P. ZACCONE,Pierre Zaccone,Ἐν μῖσος 'ς τὸ κάτεργο,A Hate in the Galleys,"μέγα 8ον, σελίδες 766+",15,drachmas,μετὰ 100 θαυμασίων εἰκόνων
1904,IMG_1473.jpeg,"Μυθιστορήματα, διηγήματα","Novels, short stories",,GOUDRAU BORUS,Goudrau Borus,Ἐξάδελφος τοῦ Διαβόλου,Cousin of the Devil,"τόμοι 2, 8ον, σ. 859+",20,drachmas,μυθιστόρημα
1904,IMG_1473.jpeg,"Μυθιστορήματα, διηγήματα","Novels, short stories",,ΑΛΦΡ. ΔΕ ΜΥΣΣΕ,Alfred de Musset,Ἐξομολογήσεις ἑνὸς τέκνου τοῦ αἰῶνος,Confessions of a Child of the Century,σελ. 239 +,4,drachmas,μετάφρασις ὑπὸ Κ. Ι. Πρασσᾶ
1904,IMG_1473.jpeg,"Μυθιστορήματα, διηγήματα","Novels, short stories",,E. RICHEBOURG,Émile Richebourg,Ἔκπεσοῦσα γυνή,Fallen Woman,"8ον, σελίδες 736 +",6,drachmas,
1904,IMG_1473.jpeg,"Μυθιστορήματα, διηγήματα","Novels, short stories",,Ξ. ΔΕ ΜΟΝΤΕΠΕΝ,Xavier de Montépin,Ἐξομολόγησις τυχοδιώκτου,Confession of an Adventurer,"τόμοι 6, 12ον, σ. 1659+",20,drachmas,"μυθιστορία, μετάφρασις Ἑ. Σεκιάρη"
1904,IMG_1473.jpeg,"Μυθιστορήματα, διηγήματα","Novels, short stories",,ΒΕΣΑΝΤ,Walter Besant,Ἐπανάστασις τῶν ἀνδρῶν,Revolt of Man,σελίδες 232 +,5,drachmas,
1904,IMG_1473.jpeg,"Μυθιστορήματα, διηγήματα","Novels, short stories",,ΒΕΡΘΕ,Élie Berthet,Ἔπαυλις τῆς Ὀζεραίης,The Villa of Ozeray,"32ον, σελίδες 368 +",5,drachmas,
1904,IMG_1473.jpeg,"Μυθιστορήματα, διηγήματα","Novels, short stories",,,,Ἐπικατάρατος,The Accursed,"τόμοι 2, 8ον, σελίδες 760+",20,drachmas,
1904,IMG_1473.jpeg,"Μυθιστορήματα, διηγήματα","Novels, short stories",,ΙΟΥΛΙΟΥ ΜΑΡΗ,Jules Mary,Ἐνέδρα,Ambush,"32ον, σελίδες 828 +",7,drachmas,"μυθιστορία, μετάφρασις Ζάνου Γ. Βασιλάρου"
1904,IMG_1473.jpeg,"Μυθιστορήματα, διηγήματα","Novels, short stories",,,,Ἐκλεκτὰ Μυθιστορήματα,Select Novels,"τόμοι 8, 4ον, σ. 6656+",200,drachmas,μετ' εἰκόνων
1904,IMG_1473.jpeg,"Μυθιστορήματα, διηγήματα","Novels, short stories",,,,Ἑλένη Γλιφφόρδ,Helen Clifford,σελίδες 216 +,4,drachmas,
1904,IMG_1473.jpeg,"Μυθιστορήματα, διηγήματα","Novels, short stories",,E. RICHEBOURG,Émile Richebourg,Ἑκατομμύρια τοῦ Ζοραμῆ,Zorami's Millions,"8ον, σελίδες 1100 +",35,drachmas,"μετὰ 150 εἰκόνων. Variant edition available: 32ον, σελ. 1388 + at 10 drachmas"
1904,IMG_1473.jpeg,"Μυθιστορήματα, διηγήματα","Novels, short stories",,A. MATTHEY,Arthur Matthey,Ἐκδίκησις τοῦ Κλωδίωνα,The Revenge of Clodion,σελίδες 596+,5,drachmas,
1904,IMG_1473.jpeg,"Μυθιστορήματα, διηγήματα","Novels, short stories",,,,Δράματα τοῦ Λονδίνου,Dramas of London,"τόμοι 10, σελίδες 1941+...",30,drachmas,
1904,IMG_1473.jpeg,"Μυθιστορήματα, διηγήματα","Novels, short stories",,PONSON DU TERRAIL,Ponson du Terrail,Δράματα τῶν Παρισίων,Dramas of Paris,"τόμοι 3, 8ον, σ. 1480+",20,drachmas,
1904,IMG_1473.jpeg,"Μυθιστορήματα, διηγήματα","Novels, short stories",,J. MARY,Jules Mary,Δύο ἀθῷοι,Two Innocents,"32ον, σελίδες 823 +",7,drachmas,
1904,IMG_1473.jpeg,"Μυθιστορήματα, διηγήματα","Novels, short stories",,,,Δύο καρδίαι,Two Hearts,"8ον, σελίδες 671 +",15,drachmas,
1904,IMG_1473.jpeg,"Μυθιστορήματα, διηγήματα","Novels, short stories",,EM. RICHEBOURG,Émile Richebourg,Δύο λίκνα,Two Cradles,"32ον, σελίδες 800 +",10,drachmas,
1904,IMG_1473.jpeg,"Μυθιστορήματα, διηγήματα","Novels, short stories",,ΑΙΜ. ΡΙΣΕΒΟΥΡΓ,Émile Richebourg,Δύο μητέρες,Two Mothers,"8ον, σελίδες 527 +",10,drachmas,
1904,IMG_1473.jpeg,"Μυθιστορήματα, διηγήματα","Novels, short stories",,ΜΙΛΤ. Δ. ΣΕΙΖΑΝΗ,Miltiades D. Seizanis,Δύο νύκτες τοῦ πειρασμοῦ,Two Nights of Temptation,"8ον, σελίδες 110 +",8,drachmas,
1904,IMG_1473.jpeg,"Μυθιστορήματα, διηγήματα","Novels, short stories",,A. D' ENNERY,Adolphe d'Ennery,Δύο ὀρφαναί,Two Orphans,"τόμοι 2, 4ον, σ. 1968+",30,drachmas,μετ' εἰκόνων
1904,IMG_1473.jpeg,"Μυθιστορήματα, διηγήματα","Novels, short stories",,ÉLIE BERTHET,Élie Berthet,Δρᾶμα ἐν τῇ μονῇ τῆς Σεβίλλης,Drama in the Monastery of Seville,"μέγα 8ον, σελίδες 89+...",7,drachmas,μετάφρασις Ἀ. Δ. Γεωργιάδου
1904,IMG_1473.jpeg,"Μυθιστορήματα, διηγήματα","Novels, short stories",,,,Δύο σκωτικαὶ οἰκογένειαι,Two Scottish Families,σ. 100+,3,drachmas,
1904,IMG_1473.jpeg,"Μυθιστορήματα, διηγήματα","Novels, short stories",,ΑΘ. Ν. ΜΑΥΡΟΜΜΑΤΟΥ,Athanasios N. Mavrommatis,"Δύο φίλοι, ἤτοι ἡ ἀληθὴς φιλία","Two Friends, or True Friendship","8ον, σελ. 56 +",2,drachmas,
1904,IMG_1473.jpeg,"Μυθιστορήματα, διηγήματα","Novels, short stories",,ΑΔΟΛΦΟΥ Δ' ΕΝΝΕΡΥ,Adolphe d'Ennery,Δυστυχὴς γυνή,Unfortunate Woman,"τόμ. 3, 8ον, σελ. 1849+",18,drachmas,
1904,IMG_1473.jpeg,"Μυθιστορήματα, διηγήματα","Novels, short stories",,,,Δῶρα τῆς Μαργαρίτας,Margaret's Gifts,"8ον, σελίδες 64 +",3,drachmas,"διήγημα, μεταφρασθὲν ὑπὸ Ἡ Κ. Ζησιμοπούλου"
1904,IMG_1473.jpeg,"Μυθιστορήματα, διηγήματα","Novels, short stories",,ΕΠ. ΚΥΡΙΑΚΙΔΟΥ,Epaminondas Kyriakidis,Ἑβραία,The Jewess,σ. 266+,5,drachmas,
1904,IMG_1473.jpeg,"Μυθιστορήματα, διηγήματα","Novels, short stories",,ΜΟΝΤΕΠΕΝ,Xavier de Montépin,Ἐγγαστρίμυθος,Ventriloquist,"τόμοι 3, σελίδες 823 +",15,drachmas,
1904,IMG_1473.jpeg,"Μυθιστορήματα, διηγήματα","Novels, short stories",,ΙΟΥΛΙΟΥ ΒΕΡΝ,Jules Verne,Εἴκοσι χιλιάδες λεῦγαι ὑπὸ τὴν θάλασσαν,Twenty Thousand Leagues Under the Sea,"4ον, σελίδες 488 +",20,drachmas,"κατὰ μετάφρασιν Ἀλεξ. Σκαλίδου, μετὰ 110 εἰκόνων"
1904,IMG_1473.jpeg,"Μυθιστορήματα, διηγήματα","Novels, short stories",,,,Δύο Σαβινίαι,Two Savinies,"8ον, σ. 56 +",3,drachmas,διήγημα μεταφρασθὲν ὑπὸ Σ. Α. Τριανταφύλλου
1904,IMG_1474.jpeg,"Μυθιστορήματα, διηγήματα","Novels, short stories",,CONTESSE DASH,Comtesse Dash,Ἡρωὶς Σωματοφύλαξ,Heroine Bodyguard,"8ον, σελίδες 30 +",2.—,Δρ.,"διήγημα, μεταφρασθὲν ὑπὸ Γ. 'Ι. Παπάζογλου"
1904,IMG_1474.jpeg,"Μυθιστορήματα, διηγήματα","Novels, short stories",,Π. ΚΑΛΛΙΓΑ,Pavlos Kalligas,Θάνος Βλέκας,Thanos Vlekas,τόμ. 3+,5.—,Δρ.,
1904,IMG_1474.jpeg,"Μυθιστορήματα, διηγήματα","Novels, short stories",,ΛΟΥΪΖΗΣ ΛΕΒΕΝΕ,Louise Lévené,Θαυμάσια τῆς θαλάσσης,Wonders of the Sea,σελίδες β'—106 +,5.—,Δρ.,διασκευασθέντα ὑπὸ Μ. Δ. Σακορράφου
1904,IMG_1474.jpeg,"Μυθιστορήματα, διηγήματα","Novels, short stories",,G. OHNET,Georges Ohnet,Θέλησις,Will,"32ον, σ. 555+",5.—,Δρ.,
1904,IMG_1474.jpeg,"Μυθιστορήματα, διηγήματα","Novels, short stories",,J. MARY,Jules Mary,"Θηρεσία, ἤτοι περιπέτεια ἐγγάμου γυναικός","Theresa, or Adventure of a Married Woman","32ον, σελίδες 172",6.—,Δρ.,μετάφρασις Γ. Λ. Ξανθοπούλου
1904,IMG_1474.jpeg,"Μυθιστορήματα, διηγήματα","Novels, short stories",,Ι. ΩΔΕΒΑΛ,J. Oudeval,Ἰατρὸς τῶν Νεκρῶν,Doctor of the Dead,σελίδες 216 +,12.—,Δρ.,μετάφρασις 'Α. Παπαλεξανδρῆ
1904,IMG_1474.jpeg,"Μυθιστορήματα, διηγήματα","Novels, short stories",,Ξ. ΔΕ ΜΟΝΤΕΠΕΝ,Xavier de Montépin,Ἰατρὸς τῶν Πτωχῶν,Doctor of the Poor,"τόμοι 2, 8ον, σ. 489+",10.—,Δρ.,
1904,IMG_1474.jpeg,"Μυθιστορήματα, διηγήματα","Novels, short stories",,Ξ. ΔΕ ΜΟΝΤΕΠΕΝ,Xavier de Montépin,Ἰατρὸς τῶν Τρελλῶν,Doctor of the Mad,"8ον, σελ. 1088 +",25.—,Δρ.,μετ' εἰκόνων
1904,IMG_1474.jpeg,"Μυθιστορήματα, διηγήματα","Novels, short stories",,EV. GARANCE,Ev. Garance,Ἱστορία τεθνεῶτος,Story of a Deceased,"8ον, σελίδες 128+",5.—,Δρ.,
1904,IMG_1474.jpeg,"Μυθιστορήματα, διηγήματα","Novels, short stories",,Π. ΦΕΒΑΛ,Paul Féval,Ἱππόται τοῦ Στερεώματος,Knights of the Firmament,σελίδες 307 +,7.—,Δρ.,"μυθιστορία, μετάφρασις 'Α. Ρ. 'Ραγκαβῆ"
1904,IMG_1474.jpeg,"Μυθιστορήματα, διηγήματα","Novels, short stories",,Α. ΔΟΥΜΑ,Alexandre Dumas,Ἱστορία νεκροῦ,Story of a Dead Man,"8ον, σελίδες 28 +",3.—,Δρ.,μεταφρασθεῖσα ὑπὸ Κ. Κουμένη
1904,IMG_1474.jpeg,"Μυθιστορήματα, διηγήματα","Novels, short stories",,Λ. ΒΟΝΑΠΑΡΤΕ,Lucien Bonaparte,Ἰνδικὴ φυλὴ ἢ ὁ Ἐδουάρδος καὶ ἡ Στελλίνα,"Indian Tribe, or Edward and Stellina","32ον, σελίδες 296 +",8.—,Δρ.,
1904,IMG_1474.jpeg,"Μυθιστορήματα, διηγήματα","Novels, short stories",,Π. ΦΕΒΑΛ,Paul Féval,Ἱππότης τοῦ Κεραμούργ,Knight of Keramour,"8ον, σελίδες 318+",10.—,Δρ.,
1904,IMG_1474.jpeg,"Μυθιστορήματα, διηγήματα","Novels, short stories",,Α. ΜΑΝΤΖΟΝΟΥ,Alessandro Manzoni,Ἱστορία δύο μελλονύμφων,Story of Two Betrothed,"τόμοι 3, σελ. 914 +",15.—,Δρ.,
1904,IMG_1474.jpeg,"Μυθιστορήματα, διηγήματα","Novels, short stories",,ΠΡΕΒΟΣΤ,Abbé Prévost,Ἱστορία Μανὼν Λεσκώ,History of Manon Lescaut,"8ον, σελίδες 160 +",4.—,Δρ.,
1904,IMG_1474.jpeg,"Μυθιστορήματα, διηγήματα","Novels, short stories",,OCT. FEUILLET,Octave Feuillet,Ἱστορία τῆς Σιβύλλης,Story of Sibylle,"8ον, σελίδες 114+",,,
1904,IMG_1474.jpeg,"Μυθιστορήματα, διηγήματα","Novels, short stories",,Ο. ΦΕΓΙΕ,Octave Feuillet,Ἡμερολόγιον ἀπόρου νέου,Journal of a Poor Young Man,σελίδες 323 +,7.—,Δρ.,
1904,IMG_1474.jpeg,"Μυθιστορήματα, διηγήματα","Novels, short stories",,MME ANAÏS SÉGALA,Anaïs Ségalas,Ἰδὲ τὴν μάνα καὶ πᾶρ' τὴν κόρη,Look at the Mother and Take the Daughter,"8ον, σελίδες 61+",4.—,Δρ.,"διήγημα, μετάφρασις Στ. Ε. Βρυώνη"
1904,IMG_1474.jpeg,"Μυθιστορήματα, διηγήματα","Novels, short stories",,ΛΑΒΟΥΛΑΙΗ,Édouard René de Laboulaye,Ἡγεμὼν Σκύλαξ,Prince Scylax,σελίδες 138+,7.—,Δρ.,
1904,IMG_1474.jpeg,"Μυθιστορήματα, διηγήματα","Novels, short stories",,ΔΑΝΤΟΥ ΑΛΙΓΕΡΗ,Dante Alighieri,"Θεία Κωμῳδία, Κόλασις","Divine Comedy, Inferno","8ον, σελίδες 592+",12.—,Δρ.,"μετάφρασις Γ. Σ. Βουτσινᾶ, μετ' εἰκόνων"
1904,IMG_1474.jpeg,"Μυθιστορήματα, διηγήματα","Novels, short stories",,,,Ζὶλ Βλὰς ὁ Σαντιλλανός,Gil Blas of Santillana,"8ον, σελίδες 846+",12.—,Δρ.,
1904,IMG_1474.jpeg,"Μυθιστορήματα, διηγήματα","Novels, short stories",,,,Ἐπιστολαὶ μιᾶς μηδενιστρίας,Letters of a Nihilist Woman,σελίδες 106 +,6.—,Δρ.,
1904,IMG_1474.jpeg,"Μυθιστορήματα, διηγήματα","Novels, short stories",,ΕΥΓ. ΣΥΗ,Eugène Sue,Ἑπτὰ θανάσιμα ἁμαρτήματα,Seven Deadly Sins,"τόμοι 7, 8ον, σελ. 1563+",20.—,Δρ.,
1904,IMG_1474.jpeg,"Μυθιστορήματα, διηγήματα","Novels, short stories",,,,Ἐραστὴς τῆς Δουκίλλης,The Lover of Doukilla,σ. 181+,5.—,Δρ.,
1904,IMG_1474.jpeg,"Μυθιστορήματα, διηγήματα","Novels, short stories",,ΑΙΜ. ΖΟΛΑ,Émile Zola,Ἐργασία,Work (Travail),"8ον, σ. 688 +",12.—,Δρ.,μετάφρασις Ἡ. Οἰκονομοπούλου
1904,IMG_1474.jpeg,"Μυθιστορήματα, διηγήματα","Novels, short stories",,Β. ΟΥΓΚΩ,Victor Hugo,Ἐργάται τῆς θαλάσσης,Toilers of the Sea,σελίδες 536 +,8.—,Δρ.,
1904,IMG_1474.jpeg,"Μυθιστορήματα, διηγήματα","Novels, short stories",,ΠΕΤΡΟΥ ΣΑΛΛ,Pierre Sales,Ἐρυθρὰ παρέλασις,Red Parade,"τόμοι 4, 12ον, σελ. 1160+",12.—,Δρ.,
1904,IMG_1474.jpeg,"Μυθιστορήματα, διηγήματα","Novels, short stories",,PONSON DU TERRAIL,Ponson du Terrail,Ἐρυθροὶ προσωπιδοφόροι,Red Masked Men,"τόμοι 2, 8ον, σ. 640+",6.—,Δρ.,
1904,IMG_1474.jpeg,"Μυθιστορήματα, διηγήματα","Novels, short stories",,ΜΟΝΤΕΠΕΝ,Xavier de Montépin,Ἐρυθρὸς μύλος,Red Mill,"8ον, σελίδες 456 +",8.—,Δρ.,
1904,IMG_1474.jpeg,"Μυθιστορήματα, διηγήματα","Novels, short stories",,ΑΥΓ. ΜΑΚΕ,Auguste Maquet,Ἐρωμένη βασιλέως,King's Mistress,"4ον, σελ. 704 +",12.—,Δρ.,μετ' εἰκόνων
1904,IMG_1474.jpeg,"Μυθιστορήματα, διηγήματα","Novels, short stories",,Ξ. ΔΕ ΜΟΝΤΕΠΕΝ,Xavier de Montépin,Ἡ Αὐτοῦ ὑψηλότης ὁ Ἔρως,His Highness Love,"τόμοι 3, σ. 1315+",27.—,Δρ.,
1904,IMG_1474.jpeg,"Μυθιστορήματα, διηγήματα","Novels, short stories",,ΠΩΛ ΔΕ ΚΟΚ,Paul de Kock,Ἐρωτευμένοι,In Love,"8ον, σελίδες 335+",7.—,Δρ.,μετ' εἰκόνων
1904,IMG_1474.jpeg,"Μυθιστορήματα, διηγήματα","Novels, short stories",,Ι. KAZOTT,Jacques Cazotte,Ἐρωτευμένος διάβολος,The Devil in Love,σελίδες 124 +,1.20,Δρ.,
1904,IMG_1474.jpeg,"Μυθιστορήματα, διηγήματα","Novels, short stories",,X. DE MONTEPIN,Xavier de Montépin,Ἐρωτοκλόπος γυνὴ ἢ Φούλτων ἡ γόησσα,Love-stealing Woman or Fulton the Enchantress,"4ον, σελ. 656 +",20.—,Δρ.,μετ' εἰκόνων
1904,IMG_1474.jpeg,"Μυθιστορήματα, διηγήματα","Novels, short stories",,RICHEBOURG καὶ ΔΕΛΥΔΕΝ,Émile Richebourg and Deluden,Ἐρωτύλαι γυναῖκες,Amorous Women,"τόμοι 3, σελ. 766 +",20.—,Δρ.,
1904,IMG_1474.jpeg,"Μυθιστορήματα, διηγήματα","Novels, short stories",,ΑΛ. ΔΟΥΜΑ,Alexandre Dumas,Εὐγενὴς ἔρως,Noble Love,"8ον, σελίδες 572+",10.—,Δρ.,
1904,IMG_1474.jpeg,"Μυθιστορήματα, διηγήματα","Novels, short stories",,X. DE MONTEPIN,Xavier de Montépin,Εὐγενὴς τῆς μεγάλης ὁδοῦ,Gentleman of the Highway,"4ον, σελίδες 223 +",10.—,Δρ.,μετάφρασις Θ. Χ. Μεταξᾶ
1904,IMG_1474.jpeg,"Μυθιστορήματα, διηγήματα","Novels, short stories",,C. FARRENS,C. Farrens,Εὐτυχία εἰς τὴν εὐσέβειαν,Happiness in Piety,σελίδες 136+,5.—,Δρ.,μετάφρασις Γ. 'Α. Παππατζώρη
1904,IMG_1474.jpeg,"Μυθιστορήματα, διηγήματα","Novels, short stories",,Γ. ΞΕΝΟΠΟΥΛΟΥ,Grigorios Xenopoulos,Ἔρωτες ἐνδὸς κουρέως,Loves Inside a Barber Shop,"32ον, σελ. 614 +",6.—,Δρ.,
1904,IMG_1475.jpeg,"Μυθιστορήματα, διηγήματα","Novels, short stories",,ΟΥΑΛΤΕΡ ΣΚΩΤΤ,Walter Scott,Κρόμβελλ,Cromwell,"4ον, σελίδες 275+",8,Δρχ.,
1904,IMG_1475.jpeg,"Μυθιστορήματα, διηγήματα","Novels, short stories",,Ξ. ΔΕ ΜΟΝΤΕΠΕΝ,Xavier de Montépin,Κόρη τῆς Μαργαρίτας,Margaret's Daughter,"τόμοι 6, 8ον, σελ. 1455+",20,Δρχ.,μεταγλώττισις 'Ε. Σεκιάρη
1904,IMG_1475.jpeg,"Μυθιστορήματα, διηγήματα","Novels, short stories",,ΙΟΥΛΙΟΥ ΚΑΡΝΕΖΥ,Jules Carnezy,Κόρη τοῦ λαοῦ,Daughter of the People,"τόμοι 2, 8ον, σ. 1624+",25,Δρχ.,μετὰ εἰκόνων
1904,IMG_1475.jpeg,"Μυθιστορήματα, διηγήματα","Novels, short stories",,H. LYNCH,Hannah Lynch,Κόραι τῆς Ἑλλάδος,Daughters of Greece,"8ον, σελίδες 391+",10,Δρχ.,
1904,IMG_1475.jpeg,"Μυθιστορήματα, διηγήματα","Novels, short stories",,CH. MEROUVEL,Charles Mérouvel,Κόρη ἢ ἄνευ ὀνόματος,The Girl or The Nameless One,"32ον, σελ. 1205+",12,Δρχ.,
1904,IMG_1475.jpeg,"Μυθιστορήματα, διηγήματα","Novels, short stories",,Unknown,Unknown,Κρυπτὴ κλοπὴ εἰς τὴν Ῥωσσίαν,Secret Theft in Russia,"8ον, σελίδες 30+",3,Δρχ.,
1904,IMG_1475.jpeg,"Μυθιστορήματα, διηγήματα","Novels, short stories",,ΑΛ. ΔΟΥΜΑ,Alexandre Dumas,Κόμησσα Σαρνύ,The Countess de Charny,"τόμοι 4, 8ον, σελίδες 1662+",18,Δρχ.,
1904,IMG_1475.jpeg,"Μυθιστορήματα, διηγήματα","Novels, short stories",,ΕΡ. ΔΩΔΕ,Ernest Daudet,Κόρη τοῦ ζητιάνου,The Beggar's Daughter,"8ον, σελίδες 212+",5,Δρχ.,
1904,IMG_1475.jpeg,"Μυθιστορήματα, διηγήματα","Novels, short stories",,Γ. Χ. ΦΕΡΡΥ,Gabriel Ferry,Κυνηγὸς ἢ ἡ κοιλὰς τοῦ χρυσοῦ,"The Hunter; or, The Valley of Gold","8ον, σελίδες 879+",18,Δρχ.,"μετ' εἰκόνων, μετάφρασις Ν. Δραγούμη"
1904,IMG_1475.jpeg,"Μυθιστορήματα, διηγήματα","Novels, short stories",,ΓΕΩΡΓΙΟΥ ΧΟΡΤΩΝ,George Horton,Κωνσταντῖνος,Constantine,"8ον, σελ. 133+",4,Δρχ.,
1904,IMG_1475.jpeg,"Μυθιστορήματα, διηγήματα","Novels, short stories",,ΟΚΤ. ΦΕΓΙΕ,Octave Feuillet,Κύριος Δεκαμόρ,Monsieur de Camors,"8ον, σελίδες 288+",8,Δρχ.,
1904,IMG_1475.jpeg,"Μυθιστορήματα, διηγήματα","Novels, short stories",,ΙΟΥΛΙΟΥ ΚΛΑΡΕΤΗ,Jules Claretie,Κύριος Ὑπουργός,Monsieur the Minister,"μέγα 4ον, σ. 144+",10,Δρχ.,μυθιστόρημα
1904,IMG_1475.jpeg,"Μυθιστορήματα, διηγήματα","Novels, short stories",,Unknown,Unknown,Λάθος τοῦ ἰατροῦ Μαδελόρ,Doctor Madelor's Mistake,σελίδες 453+,14,Δρχ.,
1904,IMG_1475.jpeg,"Μυθιστορήματα, διηγήματα","Novels, short stories",,ΑΔΟΛΦΟΥ ΔΕΝΝΕΡΥ,Adolphe d'Ennery,Λαυρεντία,Laurentia,"τόμοι 2, 8ον, σελ. 1887+",40,Δρχ.,"μετ' εἰκόνων, μετάφρασις 'Α. Γεωργιάδου"
1904,IMG_1475.jpeg,"Μυθιστορήματα, διηγήματα","Novels, short stories",,ΙΟΥΛ. ΒΕΡΝ,Jules Verne,Λαχνὸς ὑπ' ἀριθμὸν 9672,Ticket No. 9672,"4ον, σ. 184+",12.20,Δρχ.,"κατὰ μετάφρασιν 'Αλ. Σκαλίδου, μετὰ 41 εἰκόνων"
1904,IMG_1475.jpeg,"Μυθιστορήματα, διηγήματα","Novels, short stories",,Unknown,Unknown,Λεπρὸς τῆς 'Αόπτης,The Leper of Aosta,σελίδες 39+,2,Δρχ.,διήγημα ἐκ τοῦ γαλλικοῦ
1904,IMG_1475.jpeg,"Μυθιστορήματα, διηγήματα","Novels, short stories",,AL. DUMAS,Alexandre Dumas,Κόμης Μοντεχρῖστος,The Count of Monte Cristo,"8ον, σελίδες 1286+",20,Δρχ.,
1904,IMG_1475.jpeg,"Μυθιστορήματα, διηγήματα","Novels, short stories",,J. BOULABERT,Jules Boulabert,Λῄσταρχος γυνή,The Female Bandit Chief,σελίδες 580+,12,Δρχ.,
1904,IMG_1475.jpeg,"Μυθιστορήματα, διηγήματα","Novels, short stories",,ΑΛ. ΔΟΥΜΑ,Alexandre Dumas fils,Κυρία με τὰς καμελίας,The Lady of the Camellias,"8ον, σ. 246+",5,Δρχ.,μετ' εἰκόνων
1904,IMG_1475.jpeg,"Μυθιστορήματα, διηγήματα","Novels, short stories",,Μ. Π. ΦΙΛΑΝΘΙΔΟΥ,M. P. Philanthidis,Λευκὸν καὶ μέλαν,White and Black,σελίδες 95+,4,Δρχ.,διηγήματα
1904,IMG_1475.jpeg,"Μυθιστορήματα, διηγήματα","Novels, short stories",,Unknown,Unknown,Κόμης Δορκέλης,Count Dorkeliss,"8ον, σελ. 92+",3,Δρχ.,
1904,IMG_1475.jpeg,"Μυθιστορήματα, διηγήματα","Novels, short stories",,ΚΑΡ. ΜΕΡΟΥΒΕΛ,Charles Mérouvel,Κοινωνικὸς πόλεμος,Social War,"4ον, σελίδες 407+",10,Δρχ.,"μετ' εἰκόνων, κατὰ μετάφρασιν Τόνη"
1904,IMG_1475.jpeg,"Μυθιστορήματα, διηγήματα","Novels, short stories",,Unknown,Unknown,Κόκκινο πανταλόνι,Red Trousers,σελ. 1450+,20,Δρχ.,
1904,IMG_1475.jpeg,"Μυθιστορήματα, διηγήματα","Novels, short stories",,ΑΛΦ. ΔΕ ΛΑΜΑΡΤΙΝΟΥ,Alphonse de Lamartine,Ἰωάννα δ' Ἄρκ,Joan of Arc,"8ον, σελίδες 87+",5,Δρχ.,μετάφρασις 'Α. 'Ι. 'Oλυμπίου
1904,IMG_1475.jpeg,"Μυθιστορήματα, διηγήματα","Novels, short stories",,Γ. Δ. ΛΑΜΠΙΣΗ,G. D. Lampisis,Ἰωάννα Γρέϋ,Lady Jane Grey,σελίδες κδ'—262+,7,Δρχ.,
1904,IMG_1475.jpeg,"Μυθιστορήματα, διηγήματα","Novels, short stories",,A. MATHEY,A. Mathey,Ἰωάννης ὁ ἄνευ ἐπιθέτου,John Without a Surname,"τόμ. 2, 32ον, σ. 860+",12,Δρχ.,
1904,IMG_1475.jpeg,"Μυθιστορήματα, διηγήματα","Novels, short stories",,Unknown,Unknown,Κακούργημα εἰς τὸν μύλον τοῦ Οὐζώρ,Crime at the Mill of Huzor,σελίδες 324+,8,Δρχ.,"ἐκ τοῦ γαλλικοῦ, μετάφρασις Γ. Σ. Γαλάτη"
1904,IMG_1475.jpeg,"Μυθιστορήματα, διηγήματα","Novels, short stories",,PAUL DE KOCK,Paul de Kock,Καμπούρης τῶν Παρισίων,The Hunchback of Paris,"8ον, σ. 168+",5,Δρχ.,μετ' εἰκόνων
1904,IMG_1475.jpeg,"Μυθιστορήματα, διηγήματα","Novels, short stories",,ΣΚΡΙΒ,Eugène Scribe,Κάρολος Βρόσκης,Charles Brosky,"8ον, σελίδες 208+",5,Δρχ.,
1904,IMG_1475.jpeg,"Μυθιστορήματα, διηγήματα","Novels, short stories",,CHEVALIER,Chevalier,Κατακόμβαι τῆς 'Ιούλλης,Catacombs of Juelle,"8ον, σελίδες 232+",4,Δρχ.,
1904,IMG_1475.jpeg,"Μυθιστορήματα, διηγήματα","Novels, short stories",,ΕΡ. ΣΤΟΒΗΣ,Harriet Beecher Stowe,Καλύβη τοῦ Θωμᾶ ἢ ὁ Βίος τῶν Μαύρων ἐν 'Αμερικῇ,"Uncle Tom's Cabin; or, Life Among the Lowly","τόμοι 2, 8ον, σελίδες ϑ'—590+",10,Δρχ.,"μυθιστορία, μετάφρασις 'Ι. Καρασούτσα"
1904,IMG_1475.jpeg,"Μυθιστορήματα, διηγήματα","Novels, short stories",,AIM. ZOLA,Émile Zola,Καταστροφή,The Downfall,"8ον, σελίδες ϑ, σ. 777+",15,Δρχ.,
1904,IMG_1475.jpeg,"Μυθιστορήματα, διηγήματα","Novels, short stories",,ΑΛΕΞΙΟΥ ΜΠΟΥΒΙΕ,Alexis Bouvier,Κατάσκοπος,The Spy,"8ον, σελίδες 288+",6,Δρχ.,μυθιστόρημα
1904,IMG_1475.jpeg,"Μυθιστορήματα, διηγήματα","Novels, short stories",,Ν. Θ. ΚΑΣΣΑΝΔΡΕΩΣ,N. Th. Kassandreus,Κλεοπάτρα,Cleopatra,"8ον, σ. 241+",10,Δρχ.,ἱστορικὸν μυθιστόρημα μετὰ πολλῶν σημειώσεων καὶ παραπομπῶν
1904,IMG_1475.jpeg,"Μυθιστορήματα, διηγήματα","Novels, short stories",,Ε. ΓΚΡΕΒΙΛΛ,Henry Gréville,Κλεοπάτρα,Cleopatra,"32ον, σελίδες 334+",,Δρχ.,
1904,IMG_1475.jpeg,"Μυθιστορήματα, διηγήματα","Novels, short stories",,Γ. Κ. ΥΠΕΡΕΙΔΟΥ,G. K. Hypereides,Κλεανθίνη,Kleanthini,σελίδες 208+,5,Δρχ.,
1904,IMG_1475.jpeg,"Μυθιστορήματα, διηγήματα","Novels, short stories",,ΓΑΣΚΩΝΙΑΣ ΔΥΦΟΥΡΙΑΣ,Gaskonias Dufourias,Κλημεντίνα,Clementina,"8ον, σελίδες 192, δεδεμ.",10,Δρχ.,
1904,IMG_1475.jpeg,"Μυθιστορήματα, διηγήματα","Novels, short stories",,LOUIS NOIR,Louis Noir,Κατηραμένον καπηλεῖον,Accursed Tavern,"8ον, σελίδες 244+",8,Δρχ.,
1904,IMG_1475.jpeg,"Μυθιστορήματα, διηγήματα","Novels, short stories",,E. RICHEBOURG,Émile Richebourg,Κατηραμένη κόρη,Accursed Daughter,σελίδες 784+,15,Δρχ.,μετ' εἰκόνων
1904,IMG_1475.jpeg,"Μυθιστορήματα, διηγήματα","Novels, short stories",,PIERRE CŒUR,Pierre Cœur,Κηδεμονευόμενος ὀρφανός,Warded Orphan,"32ον, σελίδες 180+",3,Δρχ.,"μυθιστόρημα, μετάφρασις ὑπὸ Ζ. Γ. Βασιλάρου"
1904,IMG_1476.jpeg,"Μυθιστορήματα, διηγήματα","Novels, short stories",,Ξ. ΔΕ ΜΟΝΤΕΠΕΝ,Xavier de Montépin,Μητρυιά,Stepmother,"32ον, σελίδες 1603",10.—,Δραχμαί,
1904,IMG_1476.jpeg,"Μυθιστορήματα, διηγήματα","Novels, short stories",,ΙΟΥΛ. ΒΕΡΝ,Jules Verne,Μέλαιναι Ἰνδίαι,The Black Indies,"4ον, σελίδες 198",12.20,Δραχμαί,"κατὰ μετάφρασιν Ἀλεξάνδρου Σκαλίδου, 45 εἰκόνων"
1904,IMG_1476.jpeg,"Μυθιστορήματα, διηγήματα","Novels, short stories",,ΑΛΕΞ. ΔΟΥΜΑ,Alexandre Dumas,"Μνηστὴ τῶν ἑκατομμυρίων (συνέχεια τοῦ Κόμητος Μόντε-Χρίστου καὶ 'Αρχοντος τοῦ Κόσμου), μυθιστορία","Bride of Millions (sequel to The Count of Monte Cristo and Master of the World), a novel","τόμοι 3, 12ον, σελίδες 1084",25.—,Δραχμαί,μετάφρασις 'Α. Κ. Χούμη
1904,IMG_1476.jpeg,"Μυθιστορήματα, διηγήματα","Novels, short stories",,ΑΛ. ΔΟΥΜΑ,Alexandre Dumas,Μετὰ εἴκοσιν ἔτη (συνέχεια τῶν «Τριῶν Σωματοφυλάκων»),Twenty Years After (sequel to The Three Musketeers),"τόμοι 6, σελ. 1136",20.—,Δραχμαί,μετ' εἰκόνων
1904,IMG_1476.jpeg,"Μυθιστορήματα, διηγήματα","Novels, short stories",,EM. RICHEBOURG,Émile Richebourg,Μητερούλα,Little Mother,"τόμοι 2, 32ον, σελίδες 1190",10.—,Δραχμαί,
1904,IMG_1476.jpeg,"Μυθιστορήματα, διηγήματα","Novels, short stories",,ΟΔ. ΙΑΛΕΜΟΥ,Odysseas Ialemos,"Μητρικὴ στοργή, διήγημα","Maternal Love, a short story","8ον, σελίδες 87",2.20,Δραχμαί,
1904,IMG_1476.jpeg,"Μυθιστορήματα, διηγήματα","Novels, short stories",,ΑΔΟΛΦΟΥ ΒΕΛΩ,Adolphe Belot,Μητροκτόνος,The Matricide,"μέγα 8ον, σελ. 444",12.—,Δραχμαί,μετ' εἰκόνων
1904,IMG_1476.jpeg,"Μυθιστορήματα, διηγήματα","Novels, short stories",,Κυρία ΚΡΑΙΗΧ,Dinah Craik,"Μία εὐγενὴς ὕπαρξις, διήγημα","A Noble Life, a short story",σελίδες 320,6.—,Δραχμαί,
1904,IMG_1476.jpeg,"Μυθιστορήματα, διηγήματα","Novels, short stories",,X. DE MONTEPIN,Xavier de Montépin,Μέγας Λαχνός,The Grand Prize,"τόμοι 3, 32ον, σελ. 820",7.—,Δραχμαί,
1904,IMG_1476.jpeg,"Μυθιστορήματα, διηγήματα","Novels, short stories","Μικρὰ μυθιστορήματα, ἔκδοσις Βαλ. Γαβριηλίδου",,,Ὄνειρα Χλωράλης,Dreams of Chloral,,0.20,Δραχμαί,
1904,IMG_1476.jpeg,"Μυθιστορήματα, διηγήματα","Novels, short stories","Μικρὰ μυθιστορήματα, ἔκδοσις Βαλ. Γαβριηλίδου",,,Μαγδαληνή,Magdalene,,0.20,Δραχμαί,
1904,IMG_1476.jpeg,"Μυθιστορήματα, διηγήματα","Novels, short stories","Μικρὰ μυθιστορήματα, ἔκδοσις Βαλ. Γαβριηλίδου",,,Ἡ ῥοδιὰ τοῦ μάγου,The Sorcerer's Pomegranate Tree,,0.20,Δραχμαί,
1904,IMG_1476.jpeg,"Μυθιστορήματα, διηγήματα","Novels, short stories",,Χρυσοῦλας Παπαγγελῆ,Chrysoula Papangeli,"Μικρὸς ναύτης, διήγημα ἐκ τοῦ γαλλικοῦ","Little Sailor, a short story from the French","32ον, σελίδες 92",3.—,Δραχμαί,
1904,IMG_1476.jpeg,"Μυθιστορήματα, διηγήματα","Novels, short stories",,EM. RICHEBOURG,Émile Richebourg,Μικρούλα,Little One,"τόμοι 4, σελίδες 1446",12.—,Δραχμαί,
1904,IMG_1476.jpeg,"Μυθιστορήματα, διηγήματα","Novels, short stories",,Ι. ΟΙΚΟΝΟΜΟΠΟΥΛΟΥ,I. Oikonomopoulos,"Μῖμος καὶ Μαίρη, σύγχρονον κοινωνικὸν μυθιστόρημα","Mimos and Mary, a modern social novel","8ον, σ. 943",12.—,Δραχμαί,μετ' εἰκόνων
1904,IMG_1476.jpeg,"Μυθιστορήματα, διηγήματα","Novels, short stories",,G. OHNET,Georges Ohnet,Μίσους ὀφειλή,Debt of Hatred,"32ον, σελίδες 490",5.—,Δραχμαί,
1904,IMG_1476.jpeg,"Μυθιστορήματα, διηγήματα","Novels, short stories",,ΙΟΥΛΙΟΥ ΒΕΡΝ,Jules Verne,Μιχαὴλ Στρογώφ,Michael Strogoff,"8ον, σελ. 380",8.—,Δραχμαί,μετ' εἰκόνων
1904,IMG_1476.jpeg,"Μυθιστορήματα, διηγήματα","Novels, short stories","Μικρὰ μυθιστορήματα, ἔκδοσις Βαλ. Γαβριηλίδου",,,Κάρμεν,Carmen,τομίδια 4,2.—,Δραχμαί,
1904,IMG_1476.jpeg,"Μυθιστορήματα, διηγήματα","Novels, short stories",,ERN. CAPENDU,Ernest Capendu,Μέγαρον τοῦ Νιόρ,Mansion of Niort,"8ον, σελ. 784",12.—,Δραχμαί,μετάφρασις Σ. Ι. Βούτυρα καὶ Αβρ. Μαλιάκα
1904,IMG_1476.jpeg,"Μυθιστορήματα, διηγήματα","Novels, short stories",,Ι. ΒΕΡΝ,Jules Verne,"Μεσημβρινὸς 'Αστήρ, ἢ ἡ χώρα τῶν ἀδαμάντων","The Southern Star, or the Land of Diamonds","4ον, σελίδες 260",12.20,Δραχμαί,"κατὰ μετάφρασιν Φρ. Πρίντεζη, μετὰ 62 εἰκόνων"
1904,IMG_1476.jpeg,"Μυθιστορήματα, διηγήματα","Novels, short stories",,Γ. ΟΝΕ,Georges Ohnet,Μέγα ἀργιλλωρυχεῖον,The Great Clay Pit,"8ον, σελίδες 382",15.—,Δραχμαί,
1904,IMG_1476.jpeg,"Μυθιστορήματα, διηγήματα","Novels, short stories",,ΛΕΟΝΤΟΣ ΑΛΛΑΡ,Léonce Allard,"Δῃστοπειραταί, ἱσπανικὸν μυθιστόρημα","Highway Pirates, a Spanish novel","8ον, σελίδες 558",12.—,Δραχμαί,"μετ' εἰκόνων, μετάφρασις Εμμ. 'Ροΐδου"
1904,IMG_1476.jpeg,"Μυθιστορήματα, διηγήματα","Novels, short stories",,H. MURGER,Henri Murger,"Διμοκοντόροι, ἢ σκηναὶ τοῦ βοημικοῦ βίου",Scenes of Bohemian Life,,12.—,Δραχμαί,μετάφρασις Εμμ. 'Ροΐδου
1904,IMG_1476.jpeg,"Μυθιστορήματα, διηγήματα","Novels, short stories",,,,Δουκία,Doukia,"8ον, σελίδες 113",3.—,Δραχμαί,
1904,IMG_1476.jpeg,"Μυθιστορήματα, διηγήματα","Novels, short stories",,ΑΙΜ. ΡΙΣΒΟΥΡΓ,Émile Richebourg,Δυκογιάννης ἢ Ἔρωτες ἀγριανθρώπου,Lykogiannis or Loves of a Wild Man,"τόμοι 4, 8ον, σ. 664",10.—,Δραχμαί,
1904,IMG_1476.jpeg,"Μυθιστορήματα, διηγήματα","Novels, short stories",,ΚΑΛΛΙΡΡΟΗΣ ΠΑΡΡΕΝ,Kallirhoe Parren,Μάγισσα,The Witch,"8ον, σελίδες 431",15.—,Δραχμαί,
1904,IMG_1476.jpeg,"Μυθιστορήματα, διηγήματα","Novels, short stories",,ΓΟΝΖΑΛΕΣ,Emmanuel Gonzalès,Μάγειρος τοῦ βασιλέως,The King's Cook,"8ον, σελ. 472",7.20,Δραχμαί,μετ' εἰκόνων
1904,IMG_1476.jpeg,"Μυθιστορήματα, διηγήματα","Novels, short stories",,Δ. ΚΟΤΤΕΝ,D. Cotten,Μαλβίνα,Malvina,σ. 454,5.—,Δραχμαί,
1904,IMG_1476.jpeg,"Μυθιστορήματα, διηγήματα","Novels, short stories",,E. RICHEBOURG,Émile Richebourg,Μάμμη,Grandmother,"32ον, σελίδες 1440",12.—,Δραχμαί,
1904,IMG_1476.jpeg,"Μυθιστορήματα, διηγήματα","Novels, short stories",,Ξ. ΜΟΝΤΕΠΕΝ,Xavier de Montépin,Μεγάλη περιουσία,A Great Fortune,"8ον, σελίδες 482",10.—,Δραχμαί,
1904,IMG_1476.jpeg,"Μυθιστορήματα, διηγήματα","Novels, short stories",,ΑΡΙΣΤΕΩΣ ΧΡ. ΗΓΟΥΜΕΝΙΔΟΥ,Aristeos Chr. Igoumenidis,"Μαραμμένον ἄνθος, διήγημα","Withered Flower, a short story","8ον, σελ. 46",3.—,Δραχμαί,
1904,IMG_1476.jpeg,"Μυθιστορήματα, διηγήματα","Novels, short stories",,J. MARY,Jules Mary,Μαρκησία Γαβριέλλα,Marquise Gabriella,"τόμοι 3, 8ον, σελίδες 598",10.—,Δραχμαί,
1904,IMG_1476.jpeg,"Μυθιστορήματα, διηγήματα","Novels, short stories",,ERN. CAPENDU,Ernest Capendu,"Μαρκήσιος Δὲ Λὸκ 'Ρονάν, συνέχεια τοῦ Μαρκὼφ τοῦ Μαλουΐνου","Marquis De Loc Ronan, sequel to Marcof the Malouin","8ον, σελ. 404",8.—,Δραχμαί,
1904,IMG_1476.jpeg,"Μυθιστορήματα, διηγήματα","Novels, short stories",,ERN. CAPENDU,Ernest Capendu,Μαρκὼφ ὁ Μαλουῖνος,Marcof the Malouin,"8ον, σελίδες 407",8.—,Δραχμαί,μετάφρασις Γ. Μ. Τρανοῦ
1904,IMG_1476.jpeg,"Μυθιστορήματα, διηγήματα","Novels, short stories",,E. RICHEBOURG,Émile Richebourg,Μάρτυρες τοῦ γάμου,Witnesses of the Marriage,"4ον, σελ. 488",20.—,Δραχμαί,μετ' εἰκόνων
1904,IMG_1476.jpeg,"Μυθιστορήματα, διηγήματα","Novels, short stories",,Ε. ΣΥΗ,Eugène Sue,Ματθίλδη,Mathilde,"8ον, σ. 698",15.—,Δραχμαί,
1904,IMG_1476.jpeg,"Μυθιστορήματα, διηγήματα","Novels, short stories",,Ξ. ΔΕ ΜΟΝΤΕΠΕΝ,Xavier de Montépin,Μαύρη Μάσκα,The Black Mask,"8ον, σελ. 583",10.—,Δραχμαί,μετ' εἰκόνων
1904,IMG_1476.jpeg,"Μυθιστορήματα, διηγήματα","Novels, short stories",,LOIS NOIR,Louis Noir,Μαῦρος πειρατής,The Black Pirate,"τόμοι 2, 4ον, σελίδες 471",15.—,Δραχμαί,
1904,IMG_1476.jpeg,"Μυθιστορήματα, διηγήματα","Novels, short stories",,,,"Μαξιώτης, ἀγγλικὴ μυθιστορία","The Manxman, an English novel",,16.—,Δραχμαί,
1904,IMG_1477.jpeg,"Μυθιστορήματα, διηγήματα","Novels, short stories",,ANDRÉ GÉRARD,André Gérard,Νεκρὰ ζῶσα,The Living Dead Woman,"μετάφρ. Σ. Σπηλιοπούλου, 8ον, σ. 95",5,Δραχμαί,
1904,IMG_1477.jpeg,"Μυθιστορήματα, διηγήματα","Novels, short stories",,Χ. Ι. ΓΡΗΓΟΡΙΑΔΟΥ,Ch. I. Grigoriadou,Νεκραναστάσα νύμφη,Resurrected Bride,σελίδες 312,5,Δραχμαί,
1904,IMG_1477.jpeg,"Μυθιστορήματα, διηγήματα","Novels, short stories",,P. ZACCONE,Pierre Zaccone,Νύκτες τοῦ βουλεβάρτου,Nights of the Boulevard,"τόμοι 2, 8ον, σελ. 448",9,Δραχμαί,
1904,IMG_1477.jpeg,"Μυθιστορήματα, διηγήματα","Novels, short stories",,Ε. Φ. ΠΕΤΡΙΔΟΥ,E. F. Petridou,Ὀδύσσεια τοῦ Ἀντωνίου,Anthony's Odyssey,"διήγημα ἠθικόν, μετάφρασις ἐκ τοῦ γαλλικοῦ, 8ον, σελ. 214",10,Δραχμαί,
1904,IMG_1477.jpeg,"Μυθιστορήματα, διηγήματα","Novels, short stories",,Π. ΦΕΒΑΛ,Paul Féval,Οἰκία Καρναβαλέτ,Carnavalet House,"8ον, σελίδες 110",5,Δραχμαί,
1904,IMG_1477.jpeg,"Μυθιστορήματα, διηγήματα","Novels, short stories",,J. SANTEAY,J. Santeay,Οἰκογένεια Περναβάν,The Pernavan Family,"8ον, σελίδες 101",5,Δραχμαί,
1904,IMG_1477.jpeg,"Μυθιστορήματα, διηγήματα","Novels, short stories",,ΜΑΡΙΑΣ Σ. ΝΙΚΟΛΑΪΔΟΥ,Maria S. Nikolaidou,Ὀλβία,Olvia,"ἠθικὸν διήγημα, ἐκ τοῦ γαλλικοῦ, 8ον, σελίδες 253",10,Δραχμαί,
1904,IMG_1477.jpeg,"Μυθιστορήματα, διηγήματα","Novels, short stories",,ΑΛΕΞ. ΔΟΥΜΑ,Alexandre Dumas,Οὐγενότοι,The Huguenots,"σελίδες 586, δεδεμένον",20,Δραχμαί,
1904,IMG_1477.jpeg,"Μυθιστορήματα, διηγήματα","Novels, short stories",,ΑΛ. ΔΟΥΜΑ,Alexandre Dumas,Ὀπαδοὶ τοῦ Ἰησοῦ,Followers of Jesus,"4ον, σελίδες 224",10,Δραχμαί,
1904,IMG_1477.jpeg,"Μυθιστορήματα, διηγήματα","Novels, short stories",,ΒΟΥΣΕΝΑΡ καὶ ΜΑΛΩΝ,Boussenard and Malon,Ὀρφανόν,The Orphan,"μετάφρ. Χρ. Δαραλέξη, 8ον, σελ. 428",12,Δραχμαί,
1904,IMG_1477.jpeg,"Μυθιστορήματα, διηγήματα","Novels, short stories",,ΣΑΤΩΜΠΡΙΑΝ,Chateaubriand,Νατσαῖοι,The Natchez,"μεταφρασθέντες ὑπὸ Κ. Ι. Δραγούμη, 8ον, σελίδες ε'-485",20,Δραχμαί,
1904,IMG_1477.jpeg,"Μυθιστορήματα, διηγήματα","Novels, short stories",,ΦΛΑΜΑΡΙΩΝΟΣ,Camille Flammarion,Οὐράνια θαύματα,Celestial Wonders,"μετ' 80 εἰκονογραφιῶν, μετάφρασις Ἀ. Κωνσταντινίδου, σελ. 458",20,Δραχμαί,
1904,IMG_1477.jpeg,"Μυθιστορήματα, διηγήματα","Novels, short stories",,E. RICHEBOURG,Émile Richebourg,Παιδίον τῆς νεκρᾶς,The Dead Woman's Child,σελίδες 1088,15,Δραχμαί,
1904,IMG_1477.jpeg,"Μυθιστορήματα, διηγήματα","Novels, short stories",,ΠΩΛ ΔΕ ΚΟΚ,Paul de Kock,Παιδιὰ τῆς Μαρούλας,Maroula's Pranks,"κωμικὸν διήγημα, μετ' εἰκόνων, 8ον, σελίδες 48",1.20,Δραχμαί,
1904,IMG_1477.jpeg,"Μυθιστορήματα, διηγήματα","Novels, short stories",,Β. ΟΥΓΚΩ,Victor Hugo,Παναγία τῶν Παρισίων,The Hunchback of Notre-Dame (Our Lady of Paris),"μετ' εἰκόνων, τόμ. 2, 8ον, σ. 639",17,Δραχμαί,
1904,IMG_1477.jpeg,"Μυθιστορήματα, διηγήματα","Novels, short stories",,Ε. MEZZABOTTE,E. Mezzabotte,Πάπισσα Ἰωάννα,Pope Joan,"μετ' εἰκόνων, μετάφρασις Π. Πανᾶ, 8ον, σελίδες 720",18,Δραχμαί,
1904,IMG_1477.jpeg,"Μυθιστορήματα, διηγήματα","Novels, short stories",,ΓΕΩΡΓ. Σ. ΦΡΑΓΚΟΥΔΗ,Georg. S. Fragkoudis,Ὄνειρα,Dreams,"σελίδες 302, χρυσόδετον",15,Δραχμαί,
1904,IMG_1477.jpeg,"Μυθιστορήματα, διηγήματα","Novels, short stories",,Ανώνυμος,Anonymous,Ναξία Μαριάνθη,Marianthi of Naxos,σελίδες 144,2,Δραχμαί,
1904,IMG_1477.jpeg,"Μυθιστορήματα, διηγήματα","Novels, short stories",,Mme GEURMANIE,Mme Geurmanie,Νέος ναύτης,Young Sailor,"διήγημα, μετάφρασις Ἰ. Σ. Τσιμπῆ καὶ Ἠ. Λιάκου, 8ον, σελίδες 185",5,Δραχμαί,
1904,IMG_1477.jpeg,"Μυθιστορήματα, διηγήματα","Novels, short stories",,Γ. ΠΡΕΔΕΛ,G. Predel,Μυστικὸν τοῦ σκελετοῦ,Secret of the Skeleton,"μετ' εἰκόνων, 4ον, σελ. 773",10,Δραχμαί,
1904,IMG_1477.jpeg,"Μυθιστορήματα, διηγήματα","Novels, short stories",,ETIN-ΣΕΛ,Etin-Sel,Μνηστῆρες τῆς Μάρθας,Martha's Suitors,"32ον, σελίδες 216",2,Δραχμαί,
1904,IMG_1477.jpeg,"Μυθιστορήματα, διηγήματα","Novels, short stories",,ΣΚΩΤ,Walter Scott,Μνηστὴ τοῦ Δάμερμουρ,The Bride of Lammermoor,"8ον, σελίδες 360",12,Δραχμαί,
1904,IMG_1477.jpeg,"Μυθιστορήματα, διηγήματα","Novels, short stories",,P. DE KOCK,Paul de Kock,Μοδιστροῦλες,Little Dressmakers,"μετ' εἰκόνων, 8ον, σελίδες 280",6,Δραχμαί,
1904,IMG_1477.jpeg,"Μυθιστορήματα, διηγήματα","Novels, short stories",,ΑΛ. ΔΟΥΜΑ,Alexandre Dumas,Μοϊκανοὶ τῶν Παρισίων,The Mohicans of Paris,"μετ' εἰκόνων, τόμοι 2, 8ον, σελίδες 1438",25,Δραχμαί,
1904,IMG_1477.jpeg,"Μυθιστορήματα, διηγήματα","Novels, short stories",,PAUL DE KOCK,Paul de Kock,Μοσχομάγκα τῶν Παρισίων,The Dandy Street Urchin of Paris,"μετ' εἰκόνων, 8ον, σ. 286",6,Δραχμαί,
1904,IMG_1477.jpeg,"Μυθιστορήματα, διηγήματα","Novels, short stories",,Γ. Χ. ΝΙΚΟΛΑΪΔΟΥ,G. C. Nikolaidis,Μυρσίνη,Myrsini,"8ον, σελίδες 90",3,Δραχμαί,
1904,IMG_1477.jpeg,"Μυθιστορήματα, διηγήματα","Novels, short stories",,ÉLIE BERTHET,Élie Berthet,Μυστήρια τῶν γάμων,Mysteries of Marriages,"μετ' εἰκόνων, μετάφρασις Ἠλ. Ἰ. Οἰκονομοπούλου, μέγα 8ον, σ. 320",10,Δραχμαί,
1904,IMG_1477.jpeg,"Μυθιστορήματα, διηγήματα","Novels, short stories",,Κ. ΚΑΡΛΟΤ,C. Carlot,Μυστήρια τῆς γραίας κόρης,Mysteries of the Old Maid,"μετάφρασις Ἑλένης Γενναδίου, 8ον, σελίδες 399",15,Δραχμαί,
1904,IMG_1477.jpeg,"Μυθιστορήματα, διηγήματα","Novels, short stories",,ΑΙΜ. ΖΟΛΑ,Émile Zola,Νανά,Nana,"έκδ. νέα, μετὰ 30 εἰκόνων, 8ον, σελίδες 550",15,Δραχμαί,
1904,IMG_1477.jpeg,"Μυθιστορήματα, διηγήματα","Novels, short stories",,Μ. Δ. ΧΑΜΟΥΔΟΠΟΥΛΟΥ,M. D. Chamoudopoulos,Μυστηριώδεις νυκτοκλέπται,Mysterious Night Thieves,"διήγημα, 8ον, σελίδες 152",5,Δραχμαί,
1904,IMG_1477.jpeg,"Μυθιστορήματα, διηγήματα","Novels, short stories",,A. DAUDET,Alphonse Daudet,Μυστηριώδης γάμος,Mysterious Marriage,σελίδες 216,4,Δραχμαί,
1904,IMG_1477.jpeg,"Μυθιστορήματα, διηγήματα","Novels, short stories",,E. RICHEBOURG,Émile Richebourg,Μυστηριώδης μοναχὴ καὶ ἡ μήτηρ Ῥοδία,Mysterious Nun and Mother Rhodia,"μετ' εἰκόνων, 4ον, σελ. 1020",30,Δραχμαί,
1904,IMG_1477.jpeg,"Μυθιστορήματα, διηγήματα","Novels, short stories",,ΙΟΥΛΙΟΥ ΒΕΡΝ,Jules Verne,Μυστηριώδης νῆσος,The Mysterious Island,"μετ' εἰκόνων, μετάφρασις Σ. Γ. Σαριβαξεβάνη, μέγα 8ον, σελ. 716",15,Δραχμαί,
1904,IMG_1477.jpeg,"Μυθιστορήματα, διηγήματα","Novels, short stories",,M. LAFON,M. Lafon,Μυστηριώδης συμμορία,Mysterious Gang,σελίδες 376,7,Δραχμαί,
1904,IMG_1477.jpeg,"Μυθιστορήματα, διηγήματα","Novels, short stories",,JULES DE GASTYNE,Jules de Gastyne,Μυστικὸν τοῦ Δανιήλ,Daniel's Secret,"μετάφρασις Γ. Β. Βογιαντζῆ, 32ον, σελίδες 410",5,Δραχμαί,
1904,IMG_1477.jpeg,"Μυθιστορήματα, διηγήματα","Novels, short stories",,JULES DE GASTYNE,Jules de Gastyne,Μυστικὸν τοῦ καταδίκου,The Convict's Secret,"μετάφρασις Θ. Κ. Ὑπερείδου, 32ον, σελ. 550",10,Δραχμαί,
1904,IMG_1477.jpeg,"Μυθιστορήματα, διηγήματα","Novels, short stories",,H. HÉRITIER,H. Héritier,Μυστήρια τοῦ κόσμου,Mysteries of the World,"8ον, σελίδες 104",3,Δραχμαί,
1904,IMG_1478.jpeg,"Μυθιστορήματα, διηγήματα","Novels, short stories",,Π. ΣΩΝΙΕ,Paul Saunière,Πλοίαρχος Καλόβολος,Captain Good-Heart,"τόμοι 2, 16ον, σελίδες 599+...",10.—,Δρχ.,
1904,IMG_1478.jpeg,"Μυθιστορήματα, διηγήματα","Novels, short stories",,ΙΟΥΛΙΟΥ ΒΕΡΝ,Jules Verne,Πλοίαρχος Κορκοράν,Captain Corcoran,σελίδες 400+.......,7.—,Δρχ.,"μετ' εἰκόνων, μετάφρασις Δ. Ἀ. Σπαθιώτου"
1904,IMG_1478.jpeg,"Μυθιστορήματα, διηγήματα","Novels, short stories",,ΙΟΥΛ. ΒΕΡΝ,Jules Verne,Πλωτὴ πόλις,A Floating City,"8ον, σελίδες 197+...............",5.—,Δρχ.,
1904,IMG_1478.jpeg,"Μυθιστορήματα, διηγήματα","Novels, short stories",,A. GENEVAY,A. Genevay,Πολιορκία τῆς Φλωρεντίας,Siege of Florence,σελίδες 155+......,6.—,Δρχ.,"ἐκ τοῦ γαλλικοῦ, ὑπὸ Κ. Νεστορίδου"
1904,IMG_1478.jpeg,"Μυθιστορήματα, διηγήματα","Novels, short stories",,A. DAUDET,Alphonse Daudet,"Πὸρ Ταρασκόν, ἢ τὰ τελευταῖα ἔτη τοῦ Ταρταρίνου",Port Tarascon: The Last Adventures of the Illustrious Tartarin,σ. 290+,5.—,Δρχ.,
1904,IMG_1478.jpeg,"Μυθιστορήματα, διηγήματα","Novels, short stories",,A. GREVILLE,Henry Gréville,Πριγκίπισσα Ὀγερώφ,Princess Oghérof,σελίδες 298+.........,5.—,Δρχ.,
1904,IMG_1478.jpeg,"Μυθιστορήματα, διηγήματα","Novels, short stories",,Ι. ΚΑΡΝΤΟΖ,J. Cardoze,Προδότης,Traitor,"8ον, σελ. 960+........",15.—,Δρχ.,μετ' εἰκόνων
1904,IMG_1478.jpeg,"Μυθιστορήματα, διηγήματα","Novels, short stories",,Γ. Κ. ΥΠΕΡΕΙΔΟΥ,G. K. Hypereidis,Πύργος τοῦ Παπᾶ-Δανιήλ,Castle of Papa-Daniel,"8ον, σελ. 137+...",5.—,Δρχ.,
1904,IMG_1478.jpeg,"Μυθιστορήματα, διηγήματα","Novels, short stories",,ΕΔ. ΒΟΥΛΒΕΡ,Edward Bulwer-Lytton,"Ῥιένζης, ὁ τελευταῖος τῶν Ῥωμαίων δημάρχων","Rienzi, the Last of the Roman Tribunes","8ον, σελίδες 474 +",20.—,Δρχ.,μετάφρασις Ν. Δραγοῦμη
1904,IMG_1478.jpeg,"Μυθιστορήματα, διηγήματα","Novels, short stories",,F. PYAT,Félix Pyat,Ῥακοσυλλέκτης τῶν Παρισίων,The Ragpicker of Paris,"μέγα 8ον, σελίδες 944+.......................",15.—,Δρχ.,μετ' εἰκόνων
1904,IMG_1478.jpeg,"Μυθιστορήματα, διηγήματα","Novels, short stories",,Samuel Johnson,Samuel Johnson,Ῥασσέλλας ὁ βασιλόπαις τῆς Ἀβυσσινίας,"Rasselas, Prince of Abyssinia","8ον, σελ. 111 +",5.—,Δρχ.,διήγημα
1904,IMG_1478.jpeg,"Μυθιστορήματα, διηγήματα","Novels, short stories",,Daniel Defoe,Daniel Defoe,Ῥοβινσὼν Κροῦσος ἐν τῇ νήσῳ αὐτοῦ,Robinson Crusoe on his Island,σελίδες 95+...,1.20,Δρχ.,διήγημα
1904,IMG_1478.jpeg,"Μυθιστορήματα, διηγήματα","Novels, short stories",,Σ. Ν. ΜΑΛΑΧΟΠΟΥΛΟΥ,S. N. Malachopoulos,Ῥόζα ἢ πρὸς τοὺς γονεῖς εὐσέβεια,"Rosa, or Piety towards Parents",σ. 102,5.—,Δρχ.,
1904,IMG_1478.jpeg,"Μυθιστορήματα, διηγήματα","Novels, short stories",,Christoph von Schmid,Christoph von Schmid,Ῥόζα τοῦ Τανανβούργου,Rosa of Tannenburg,"8ον, σελίδες 248+............",7.—,Δρχ.,
1904,IMG_1478.jpeg,"Μυθιστορήματα, διηγήματα","Novels, short stories",,PONSON DU TERRAIL,Ponson du Terrail,Ῥοκαμβὸλ ἀθλιότητες,Rocambole: Miseries,"τόμοι 2, 8ον, σ. 1264+",15.—,Δρχ.,
1904,IMG_1478.jpeg,"Μυθιστορήματα, διηγήματα","Novels, short stories",,ΛΑΒΟΥΛΑΙΗ,Édouard René de Laboulaye,Πὶφ Πὰφ ἢ ἡ τέχνη τοῦ κυβερνᾶν τοὺς ἄνδρας,"Pif Paf, or the Art of Governing Men",σελίδες 64+........,3.—,Δρχ.,"διήγημα, ἐκ τοῦ γαλλικοῦ, ὑπὸ Ἀλεξ. Ἰ. Ὀλυμπίου"
1904,IMG_1478.jpeg,"Μυθιστορήματα, διηγήματα","Novels, short stories",,ΜΑΧΝΤΑΓΚ,MacIntosh,Ῥαδιουργός (ἡ) ΛΟΥΑ,The Schemer Loua,"τόμοι 2, 8ον, σελίδες 1472+..........",25.—,Δρχ.,"μετάφρασις Ε. Δ. Παντελίδου, μετ' εἰκόνων"
1904,IMG_1478.jpeg,"Μυθιστορήματα, διηγήματα","Novels, short stories",,PONSON DU TERRAIL,Ponson du Terrail,Ῥοκαμβὸλ Ἄθλοι,Rocambole: Exploits,"8ον, σελίδες 1359+...",20.—,Δρχ.,
1904,IMG_1478.jpeg,"Μυθιστορήματα, διηγήματα","Novels, short stories",,ΣΚΡΙΒ,Eugène Scribe,Πικουΐλλος Ἀλλίαγας,Piquillo Alliaga,"8ον, σ. 1036+",12.—,Δρχ.,μετὰ πολλῶν εἰκόνων
1904,IMG_1478.jpeg,"Μυθιστορήματα, διηγήματα","Novels, short stories",,Κ. ΔΕΛΥΣ,C. Dellys,Πέτρος καὶ ἡ κοιμωμένη ψυχή,Peter and the Sleeping Soul,"8ον, σελ. 130+...",4.—,Δρχ.,
1904,IMG_1478.jpeg,"Μυθιστορήματα, διηγήματα","Novels, short stories",,ΕΜΜ. ΡΟΪΔΟΥ,Emmanuel Roidis,Πάπισσα Ἰωάννα,Pope Joan,"8ον, σελίδες 399+...",7.—,Δρχ.,
1904,IMG_1478.jpeg,"Μυθιστορήματα, διηγήματα","Novels, short stories",,M. PERRIN,M. Perrin,Παράπτωσης καὶ Μεταμέλεια,Transgression and Repentance,"8ον, σελίδες 340+...",10.—,Δρχ.,
1904,IMG_1478.jpeg,"Μυθιστορήματα, διηγήματα","Novels, short stories",,LOUIS ENAULT,Louis Enault,Παρθένος τοῦ Λιβάνου,The Virgin of Lebanon,"8ον, σελίδες 244+...",8.—,Δρχ.,μετάφρασις ὑπὸ Κ. Πληθωνίδου
1904,IMG_1478.jpeg,"Μυθιστορήματα, διηγήματα","Novels, short stories",,Ν. ΔΙΑΓΓΕΛΗ,N. Diaggelis,Πατροκτονία,Patricide,σελίδες 72+...,1.20,Δρχ.,
1904,IMG_1478.jpeg,"Μυθιστορήματα, διηγήματα","Novels, short stories",,ΑΛ. ΔΟΥΜΑ,Alexandre Dumas,Παυλίνα,Pauline,"8ον, σ. 178+",5.—,Δρχ.,
1904,IMG_1478.jpeg,"Μυθιστορήματα, διηγήματα","Novels, short stories",,Β. ΣΑΙΝ-ΠΙΕΡΡΟΥ,Bernardin de Saint-Pierre,Παῦλος καὶ Βιργινία,Paul and Virginie,"32ον, σελίδες 166+...",5.—,Δρχ.,
1904,IMG_1478.jpeg,"Μυθιστορήματα, διηγήματα","Novels, short stories",,ΕΔ. ΛΑΒΟΥΛΑΙΗ,Édouard René de Laboulaye,Παρίσιοι ἐν Ἀμερικῇ,Paris in America,"8ον, σελ. ζ'-484",20.—,Δρχ.,μετάφρασις Ν. Β. Καποδαΐνῃ καὶ Ν. Κ. Κυριακοῦ
1904,IMG_1478.jpeg,"Μυθιστορήματα, διηγήματα","Novels, short stories",,ΕΜ. ΓΟΝΖΑΛΕΣ,Emmanuel Gonzales,Πειραταί,Pirates,"4ον, σελίδες 477+....",10.—,Δρχ.,μετ' εἰκόνων
1904,IMG_1478.jpeg,"Μυθιστορήματα, διηγήματα","Novels, short stories",,ΑΔΑΛΒΕΡΤΟΥ ΣΑΜΙΣΣΩ,Adelbert von Chamisso,Πέτρου Σλεμὶλ Θαυμαστὴ Ἱστορία,Peter Schlemihl's Remarkable Story,σελίδες 103+...............,5.—,Δρχ.,ἐκ τοῦ γερμανικοῦ
1904,IMG_1478.jpeg,"Μυθιστορήματα, διηγήματα","Novels, short stories",,Ι. ΒΑΛΕΡΑ,Juan Valera,Πεπίτα Χιμενές,Pepita Ximenez,"32ον, σελίδες 384+..........",6.—,Δρχ.,
1904,IMG_1478.jpeg,"Μυθιστορήματα, διηγήματα","Novels, short stories",,ΑΛ. ΔΟΥΜΑ,Alexandre Dumas,Περιδέραιον τῆς βασιλίσσης,The Queen's Necklace,"4ον, σελίδες 740+..",15.—,Δρχ.,
1904,IMG_1478.jpeg,"Μυθιστορήματα, διηγήματα","Novels, short stories",,ΙΟΥΛΙΟΥ ΒΕΡΝ,Jules Verne,Περιοδεία τῆς γῆς εἰς 80 ἡμέρας,Around the World in Eighty Days,"8ον, σελίδες 318+..........",7.—,Δρχ.,κατὰ μετάφρασιν Χ. Γεωργιάδου
1904,IMG_1478.jpeg,"Μυθιστορήματα, διηγήματα","Novels, short stories",,Anonyme,Anonymous,Περιπέτειαι μιᾶς νεάνιδος,Adventures of a Young Woman,"8ον, σελ. 324+........",10.—,Δρχ.,ἐκ τοῦ γαλλικοῦ
1904,IMG_1478.jpeg,"Μυθιστορήματα, διηγήματα","Novels, short stories",,Θ. Λ. ΘΑΛΑΣΣΙΝΟΥ,Th. L. Thalassinos,Περιπέτειαι μιᾶς οἰκογενείας,Adventures of a Family,σελίδες 130+......,4.—,Δρχ.,
1904,IMG_1478.jpeg,"Μυθιστορήματα, διηγήματα","Novels, short stories",,Μ. ΓΟΝΖΑΛΕΣ,Emmanuel Gonzales,Περιπέτειαι στρατάρχου,Adventures of a Field Marshal,"8ον, σελίδες 239+....",5.—,Δρχ.,
1904,IMG_1478.jpeg,"Μυθιστορήματα, διηγήματα","Novels, short stories",,ΕΥΓ. ΣΥΗ,Eugène Sue,Περιπλανώμενος Ἰουδαῖος,The Wandering Jew,"μέγα 8ον, σ. 1600+",30.—,Δρχ.,μετ' εἰκόνων
1904,IMG_1478.jpeg,"Μυθιστορήματα, διηγήματα","Novels, short stories",,ΕΥΓ. ΣΥΗ,Eugène Sue,Περιπλανώμενος Ἰουδαῖος,The Wandering Jew,"8ον, σελίδες 1294+...",15.—,Δρχ.,
1904,IMG_1478.jpeg,"Μυθιστορήματα, διηγήματα","Novels, short stories",,ΙΟΥΛ. ΒΕΡΝ,Jules Verne,Πεντακόσια ἑκατομμύρια τῆς Βεγούμ,The Begum's Millions,"4ον, σελίδες 188+..........",12.20,Δρχ.,"κατὰ μετάφρασιν Ἀλεξ. Σκαλίδου, μετὰ 43 εἰκόνων"
1904,IMG_1479.jpeg,"Μυθιστορήματα, διηγήματα","Novels, short stories","Μικρὰ μυθιστορήματα, ἔκδοσις Βαλ. Γαβριηλίδου",ΑΛ. ΔΟΥΜΑΣ,Alexandre Dumas,Συνωμόται,The Conspirators,"8ον, σελίδες 566 +.......",10.—,Δρχ.,μετ' εἰκόνων
1904,IMG_1479.jpeg,"Μυθιστορήματα, διηγήματα","Novels, short stories","Μικρὰ μυθιστορήματα, ἔκδοσις Βαλ. Γαβριηλίδου",ΒΟΥΚΙΚΩΤ,Dion Boucicault,Συνοικίαι τοῦ Λονδίνου,Neighborhoods of London,"8ον, σελίδες 276 +......",8.20,Δρχ.,
1904,IMG_1479.jpeg,"Μυθιστορήματα, διηγήματα","Novels, short stories","Μικρὰ μυθιστορήματα, ἔκδοσις Βαλ. Γαβριηλίδου",RICHEBOURG,Émile Richebourg,Σύζυγος,Wife,"8ον, σελίδες 842 +...",15.—,Δρχ.,
1904,IMG_1479.jpeg,"Μυθιστορήματα, διηγήματα","Novels, short stories","Μικρὰ μυθιστορήματα, ἔκδοσις Βαλ. Γαβριηλίδου",Η. ΒΕΡΘΕ,Élie Berthet,Σταυρὸς τῆς ἐνέδρας,Cross of the Ambush,"8ον, σελίδες 84 +...",5.—,Δρχ.,
1904,IMG_1479.jpeg,"Μυθιστορήματα, διηγήματα","Novels, short stories","Μικρὰ μυθιστορήματα, ἔκδοσις Βαλ. Γαβριηλίδου",,,"Στρατιωτικὴ ζωὴ ἐν Ἑλλάδι, τόμοι 2","Military Life in Greece, 2 vols.","8ον, σελίδες 357 +........",15.—,Δρχ.,χειρόγραφον ἕλληνος ὑπαξιωματικοῦ
1904,IMG_1479.jpeg,"Μυθιστορήματα, διηγήματα","Novels, short stories","Μικρὰ μυθιστορήματα, ἔκδοσις Βαλ. Γαβριηλίδου",P. ZACCONE,Pierre Zaccone,Ἐς τὸ Κάτεργο,To the Galleys,"8ον, σ. 766 +",15.—,Δρχ.,μετὰ 100 θαυμασίων εἰκόνων
1904,IMG_1479.jpeg,"Μυθιστορήματα, διηγήματα","Novels, short stories","Μικρὰ μυθιστορήματα, ἔκδοσις Βαλ. Γαβριηλίδου",,,Σχολεῖον τῶν ντελικάτων ἐραστῶν,School for Delicate Lovers,"8ον, σελίδες 220 +......",10.—,Δρχ.,
1904,IMG_1479.jpeg,"Μυθιστορήματα, διηγήματα","Novels, short stories","Μικρὰ μυθιστορήματα, ἔκδοσις Βαλ. Γαβριηλίδου",J. MURY,J. Mury,Στρατιωτικὸν τάγμα,Military Battalion,"μέγα 8ον, σελίδες 310 +......",12.—,Δρχ.,
1904,IMG_1479.jpeg,"Μυθιστορήματα, διηγήματα","Novels, short stories","Μικρὰ μυθιστορήματα, ἔκδοσις Βαλ. Γαβριηλίδου",Ι. ΒΕΡΝ,Jules Verne,Σχολὴ τῶν Ῥοβινσώνων,Godfrey Morgan / School for Robinsons,"4ον, σελίδες 206 +...",12.20,Δρχ.,"κατὰ μετάφρασιν Π. Φέρμπου, μετὰ 51 εἰκόνων"
1904,IMG_1479.jpeg,"Μυθιστορήματα, διηγήματα","Novels, short stories","Μικρὰ μυθιστορήματα, ἔκδοσις Βαλ. Γαβριηλίδου",A. DAUDET,Alphonse Daudet,Ταρταρῖνος ἐπὶ τῶν Ἄλπεων,Tartarin on the Alps,σελίδες 308 +...,6.—,Δρχ.,
1904,IMG_1479.jpeg,"Μυθιστορήματα, διηγήματα","Novels, short stories","Μικρὰ μυθιστορήματα, ἔκδοσις Βαλ. Γαβριηλίδου",Φ. Φαρμακόπουλος,F. Farmakopoulos,Τὰ κατὰ Πελίαν,The Tale of Pelias,"8ον, σελίδες 108 +...",7.20,Δρχ.,
1904,IMG_1479.jpeg,"Μυθιστορήματα, διηγήματα","Novels, short stories","Μικρὰ μυθιστορήματα, ἔκδοσις Βαλ. Γαβριηλίδου",ΚΩΣΤΗΣ ΝΕΑΠΟΛΙΤΗΣ,Kostis Neapolitis,Τὰ κορίτσια μας,Our Girls,"8ον, σ. 255 +",5.—,Δρχ.,μετ' εἰκόνων
1904,IMG_1479.jpeg,"Μυθιστορήματα, διηγήματα","Novels, short stories","Μικρὰ μυθιστορήματα, ἔκδοσις Βαλ. Γαβριηλίδου",A. DAUDET,Alphonse Daudet,Ταρταρῖνος ὁ ἐκ Ταρασκόνης,Tartarin of Tarascon,σελίδες 170 +...,5.—,Δρχ.,
1904,IMG_1479.jpeg,"Μυθιστορήματα, διηγήματα","Novels, short stories","Μικρὰ μυθιστορήματα, ἔκδοσις Βαλ. Γαβριηλίδου",A. DAUDET,Alphonse Daudet,Τὰ τελευταῖα τοῦ Ταρταρίνου,The Last Adventures of Tartarin,σελ. 275 +......,6.—,Δρχ.,
1904,IMG_1479.jpeg,"Μυθιστορήματα, διηγήματα","Novels, short stories","Μικρὰ μυθιστορήματα, ἔκδοσις Βαλ. Γαβριηλίδου",Ι. ΒΕΡΝ,Jules Verne,Τέκνα τοῦ πλοιάρχου Γκράντ,In Search of the Castaways / Children of Captain Grant,"μέγα 8ον, σ. 776 +",20.—,Δρχ.,μετὰ εἰκόνων
1904,IMG_1479.jpeg,"Μυθιστορήματα, διηγήματα","Novels, short stories","Μικρὰ μυθιστορήματα, ἔκδοσις Βαλ. Γαβριηλίδου",Α. MATHEY,A. Mathey,Τέκνον τοῦ ἐραστοῦ καὶ ἄνυμφος μήτηρ,The Lover's Child and Unwed Mother,"μικρὸν 8ον, σελίδες 751 +............",20.—,Δρχ.,
1904,IMG_1479.jpeg,"Μυθιστορήματα, διηγήματα","Novels, short stories","Μικρὰ μυθιστορήματα, ἔκδοσις Βαλ. Γαβριηλίδου",Α. Κ. ΓΕΩΡΓΙΑΔΗΣ,A. K. Georgiadis,Στάθης καὶ Μαρία,Stathis and Maria,"8ον, σ. 78 +",5.—,Δρχ.,διηγήματα
1904,IMG_1479.jpeg,"Μυθιστορήματα, διηγήματα","Novels, short stories","Μικρὰ μυθιστορήματα, ἔκδοσις Βαλ. Γαβριηλίδου",Φ. Κοῦπερ,James Fenimore Cooper,Τελευταῖος τῶν Μοχικανῶν,The Last of the Mohicans,"8ον, σελίδες 218 +............",15.—,Δρχ.,"διήγημα κατὰ τὸ ἀγγλικὸν τοῦ Φ. Κοῦπερ, ὑπὸ Ε. Δ. ΑΛΕΞΑΚΗ, μετὰ ὀκτὼ εἰκόνων"
1904,IMG_1479.jpeg,"Μυθιστορήματα, διηγήματα","Novels, short stories","Μικρὰ μυθιστορήματα, ἔκδοσις Βαλ. Γαβριηλίδου",AIM. ΖΟΛΑΣ,Émile Zola,Ταβέρνα (L' Assommoir),The Tavern (L'Assommoir),"8ον, σελίδες 546 +............",20.—,Δρχ.,μετάφρασις Χ. Νεοκλέους
1904,IMG_1479.jpeg,"Μυθιστορήματα, διηγήματα","Novels, short stories","Μικρὰ μυθιστορήματα, ἔκδοσις Βαλ. Γαβριηλίδου",Β. ΟΥΓΓΩ,Victor Hugo,Τελευταία ἡμέρα καταδίκου,The Last Day of a Condemned Man,σελίδες 148 +........,3.20,Δρχ.,
1904,IMG_1479.jpeg,"Μυθιστορήματα, διηγήματα","Novels, short stories","Μικρὰ μυθιστορήματα, ἔκδοσις Βαλ. Γαβριηλίδου",ΓΡΕΒΙΛ,Henry Gréville,Σόνια,Sonia,σελίδες 310 +..,2.20,Δρχ.,
1904,IMG_1479.jpeg,"Μυθιστορήματα, διηγήματα","Novels, short stories","Μικρὰ μυθιστορήματα, ἔκδοσις Βαλ. Γαβριηλίδου",ALBERT DELPIT,Albert Delpit,Σκληροὶ ἔρωτες,Cruel Loves,σελίδες 83 +...,3.—,Δρχ.,
1904,IMG_1479.jpeg,"Μυθιστορήματα, διηγήματα","Novels, short stories","Μικρὰ μυθιστορήματα, ἔκδοσις Βαλ. Γαβριηλίδου",PENE ΔΕ ΠΟΝΖΕΣΤΕ,René de Pont-Jest,Σκότη τῆς ζωῆς,Darkness of Life,σελίδες 596 +........,7.—,Δρχ.,
1904,IMG_1479.jpeg,"Μυθιστορήματα, διηγήματα","Novels, short stories","Μικρὰ μυθιστορήματα, ἔκδοσις Βαλ. Γαβριηλίδου",PONSON DU TERRAIL,Ponson du Terrail,Ροκαμβὼλ νέοι ἆθλοι,Rocambole: New Feats,"8ον, σελίδες 456 +...",9.—,Δρχ.,
1904,IMG_1479.jpeg,"Μυθιστορήματα, διηγήματα","Novels, short stories","Μικρὰ μυθιστορήματα, ἔκδοσις Βαλ. Γαβριηλίδου",PONSON DU TERRAIL,Ponson du Terrail,"Ἀνάστασις, τόμ. 2","Resurrection, 2 vols.","8ον, σ. 1143 +",15.—,Δρχ.,
1904,IMG_1479.jpeg,"Μυθιστορήματα, διηγήματα","Novels, short stories","Μικρὰ μυθιστορήματα, ἔκδοσις Βαλ. Γαβριηλίδου",PONSON DU TERRAIL,Ponson du Terrail,"Δράματα τῶν Παρισίων, τόμοι 3","Dramas of Paris, 3 vols.","8ον, σελίδες 1545 +...",20.—,Δρχ.,
1904,IMG_1479.jpeg,"Μυθιστορήματα, διηγήματα","Novels, short stories","Μικρὰ μυθιστορήματα, ἔκδοσις Βαλ. Γαβριηλίδου",PONSON DU TERRAIL,Ponson du Terrail,Τὸ σχοινίον τοῦ ἀπηγχονισμένου,The Hanged Man's Rope,"8ον, σελίδες 708 +...",10.—,Δρχ.,
1904,IMG_1479.jpeg,"Μυθιστορήματα, διηγήματα","Novels, short stories","Μικρὰ μυθιστορήματα, ἔκδοσις Βαλ. Γαβριηλίδου",PONSON DU TERRAIL,Ponson du Terrail,"Κατεδάφισις τῶν Παρισίων, τόμοι 2","Demolition of Paris, 2 vols.","8ον, σελίδες 592 +....",10.—,Δρχ.,
1904,IMG_1479.jpeg,"Μυθιστορήματα, διηγήματα","Novels, short stories","Μικρὰ μυθιστορήματα, ἔκδοσις Βαλ. Γαβριηλίδου",PONSON DU TERRAIL,Ponson du Terrail,Ὡραία ἀνθοκόμος,The Beautiful Florist,"8ον, σ. 575 +",10.—,Δρχ.,
1904,IMG_1479.jpeg,"Μυθιστορήματα, διηγήματα","Novels, short stories","Μικρὰ μυθιστορήματα, ἔκδοσις Βαλ. Γαβριηλίδου",Ι. ΒΕΡΝ,Jules Verne,Ῥωβῦρος ὁ κατακτητής,Robur the Conqueror,"4ον, σελίδες 248 +...",12.20,Δρχ.,"κατὰ μετάφρασιν Π. Φέρμπου, μετὰ 45 εἰκόνων"
1904,IMG_1479.jpeg,"Μυθιστορήματα, διηγήματα","Novels, short stories","Μικρὰ μυθιστορήματα, ἔκδοσις Βαλ. Γαβριηλίδου",PONSON DU TERRAIL,Ponson du Terrail,"Τελευταία λέξις, τόμοι 2","Last Word, 2 vols.","8ον, σελίδες 703 +...",10.—,Δρχ.,
1904,IMG_1479.jpeg,"Μυθιστορήματα, διηγήματα","Novels, short stories","Μικρὰ μυθιστορήματα, ἔκδοσις Βαλ. Γαβριηλίδου",,,Σαῗφ Ζουλιαζάν,Saif Zul Yazan,σελίδες 517 +.......,6.—,Δρχ.,ἀραβικὸν μυθιστόρημα
1904,IMG_1479.jpeg,"Μυθιστορήματα, διηγήματα","Novels, short stories","Μικρὰ μυθιστορήματα, ἔκδοσις Βαλ. Γαβριηλίδου",,,Ῥωμαντικαὶ Σκηναί,Romantic Scenes,"8ον, σελίδες 190 +",10.—,Δρχ.,συλλογὴ διηγημάτων
1904,IMG_1479.jpeg,"Μυθιστορήματα, διηγήματα","Novels, short stories","Μικρὰ μυθιστορήματα, ἔκδοσις Βαλ. Γαβριηλίδου",Κ. ΜΕΤΑΞΑΣ ΒΟΣΠΟΡΙΤΗΣ,K. Metaxas Vosporitis,"Σκηναὶ τῆς ἐρήμου, ἤθη Βεδουΐνων","Scenes of the Desert, Bedouin Customs",σ. 246 +,12.—,Δρχ.,
1904,IMG_1479.jpeg,"Μυθιστορήματα, διηγήματα","Novels, short stories","Μικρὰ μυθιστορήματα, ἔκδοσις Βαλ. Γαβριηλίδου",ΣΕΛΟΥΪΟΣ ΠΕΛΚΟΣ,Silvio Pellico,Τὰ ἐν τῇ φυλακῇ μου,My Prisons,"8ον, σελίδες 228 +...",8.—,Δρχ.,μετάφρασις Γ. Ι. Πατάκη
1904,IMG_1479.jpeg,"Μυθιστορήματα, διηγήματα","Novels, short stories","Μικρὰ μυθιστορήματα, ἔκδοσις Βαλ. Γαβριηλίδου",G. OHNET,Georges Ohnet,Σέργιος Πανίνης,Serge Panine,σελίδες 312 +...,5.—,Δρχ.,
1904,IMG_1479.jpeg,"Μυθιστορήματα, διηγήματα","Novels, short stories","Μικρὰ μυθιστορήματα, ἔκδοσις Βαλ. Γαβριηλίδου",Α. Α. ΣΜΥΡΝΩΦ,A. A. Smirnov,Σκλήραινα,Skleraina,σελ. 160 +,9.—,Δρχ.,"διήγημα βυζαντιακῆς ὑποθέσεως, μετάφρασις Ἀ. Γ. Κωνσταντινίδου"
1904,IMG_1479.jpeg,"Μυθιστορήματα, διηγήματα","Novels, short stories","Μικρὰ μυθιστορήματα, ἔκδοσις Βαλ. Γαβριηλίδου",VICTOR CHERBULIEZ,Victor Cherbuliez,"Σαμουὴλ Βρὼλ καὶ Συντροφία, τόμ. 4","Samuel Brohl and Company, 4 vols.",σ. 551 +,15.—,Δρχ.,
1904,IMG_1479.jpeg,"Μυθιστορήματα, διηγήματα","Novels, short stories","Μικρὰ μυθιστορήματα, ἔκδοσις Βαλ. Γαβριηλίδου",ΑΛ. ΔΟΥΜΑΣ,Alexandre Dumas,"Σαλβατόρος, τόμοι 2","Salvator, 2 vols.",σελίδες 1536 +...,10.—,Δρχ.,
1904,IMG_1479.jpeg,"Μυθιστορήματα, διηγήματα","Novels, short stories","Μικρὰ μυθιστορήματα, ἔκδοσις Βαλ. Γαβριηλίδου",ΙΟΥΛΙΟΣ ΒΕΡΝ,Jules Verne,Σανσελλώρ,The Chancellor,"4ον, σελίδες 191 +......",12.20,Δρχ.,"κατὰ μετάφρασιν Π. Ἰ. Φέρμπου, μετὰ 45 εἰκόνων"
1904,IMG_1480.jpeg,"Μυθιστορήματα, διηγήματα","Novels, short stories",,Χαρίτωνος Ἀφροδισιέως,Chariton of Aphrodisias,Χαιρέαν καὶ Καλλιρρόην Ἐρωτικῶν Διηγημάτων ὀκτώ,"Chaereas and Callirhoe, Eight Erotic Stories","8ον, σελίδες 135+",10.-,Δρ.,
1904,IMG_1480.jpeg,"Μυθιστορήματα, διηγήματα","Novels, short stories",,Unspecified,,Φιλάργυρος καὶ θησαυρὸς αὐτοῦ,The Miser and His Treasure,"8ον, σελίδες 352+",6.-,Δρ.,
1904,IMG_1480.jpeg,"Μυθιστορήματα, διηγήματα","Novels, short stories",,Θ. Βαφειάδου,Th. Vafeiadis,Φιλάρεσκος,Coquettish,"8ον, σελίδες 184+",5.-,Δρ.,
1904,IMG_1480.jpeg,"Μυθιστορήματα, διηγήματα","Novels, short stories",,Sain Zoïp,Sain Zoïp,Φιλάσθενος,Valetudinarian,"32ον, σελίδες 504+",4.-,Δρ.,
1904,IMG_1480.jpeg,"Μυθιστορήματα, διηγήματα","Novels, short stories",,Ξ. Ραφοπούλου,X. Rafopoulou,"Φρικτὸν Λάθος, μυθιστόρημα","Horrible Mistake, a novel","32, σελίδες 141+",2.20,Δρ.,
1904,IMG_1480.jpeg,"Μυθιστορήματα, διηγήματα","Novels, short stories",,Σμιθ,Smith,Φρούριον Καρρόου,Carrow Castle,"8ον, σελίδες 142+",10.-,Δρ.,
1904,IMG_1480.jpeg,"Μυθιστορήματα, διηγήματα","Novels, short stories",,Ε. Γονζαλές,Emmanuel Gonzalès,Φύλακες τοῦ θησαυροῦ,Guardians of the Treasure,"8ον, σελίδες 230+",5.-,Δρ.,
1904,IMG_1480.jpeg,"Μυθιστορήματα, διηγήματα","Novels, short stories",,Unspecified,,"Χαλιμά, ἤτοι Ἀραβικὸν Μυθολογικόν","Chalima, or Arabian Mythology (Arabian Nights)","ἔκδ. Βενετίας, τόμοι 3, σ. 858+",6.-,Δρ.,Venice edition (ἔκδ. Βενετίας)
1904,IMG_1480.jpeg,"Μυθιστορήματα, διηγήματα","Novels, short stories",,Louis Noir,Louis Noir,Χρυσόμαλλος πειρατής,Golden-haired Pirate,"8ον, σελίδες 697+",15.-,Δρ.,Translated by A. Petridou (μετάφρασις Ἀ. Πετρίδου)
1904,IMG_1480.jpeg,"Μυθιστορήματα, διηγήματα","Novels, short stories",,Βλ. Γαβριηλίδου,Vl. Gavriilidis,"Χαλιμά, ἤτοι Χίλιαι καὶ Μία Νύκτες","Chalima, or One Thousand and One Nights","οἰκογενειακὴ εἰκονογραφημένη, τόμ. 2, 8ον, σ. 1040+",20.-,Δρ.,Illustrated family edition
1904,IMG_1480.jpeg,"Μυθιστορήματα, διηγήματα","Novels, short stories",,Π. Σούτσου,Panagiotis Soutsos,Χαριτίνη,Charitini,σελίδες ϛ'—304+,6.-,Δρ.,
1904,IMG_1480.jpeg,"Μυθιστορήματα, διηγήματα","Novels, short stories",,Ερρ. Ἀζάρ,Err. Azar,Χαρτοπαίκτης,The Gambler,"μετ' εἰκόνων, τόμ. 2, μέγα 8ον, σ. 1424+",35.-,Δρ.,
1904,IMG_1480.jpeg,"Μυθιστορήματα, διηγήματα","Novels, short stories",,Oct. Feuillet,Octave Feuillet,Χήρα,The Widow,σελ. 131+,3.-,Δρ.,Translated by G. Lytzeropoulos (μετάφρ. Γ. Λυτζεροπούλου)
1904,IMG_1480.jpeg,"Μυθιστορήματα, διηγήματα","Novels, short stories",,A. Mathey,A. Mathey,Χιλιόφραγκον γραμμάτιον,The Thousand-Franc Note,"τόμοι 2, σελ. 728+",8.-,Δρ.,
1904,IMG_1480.jpeg,"Μυθιστορήματα, διηγήματα","Novels, short stories",,P. de Kock,Paul de Kock,Χονδροκέφαλος,The Blockhead,σελίδες 384+,7.-,Δρ.,
1904,IMG_1480.jpeg,"Μυθιστορήματα, διηγήματα","Novels, short stories",Ἐκλεκτὴ Βιβλιοθήκη,Λουδοβίκου Ἐνώλτ,Louis Énault,Χριστίνα,Christina,"τόμοι 3, σ. 333+",8.-,Δρ.,
1904,IMG_1480.jpeg,"Μυθιστορήματα, διηγήματα","Novels, short stories",,Unspecified,,"Χαλιμά, ἤτοι Ἀραβικὸν Μυθολογικόν","Chalima, or Arabian Mythology (Arabian Nights)","μετ' εἰκόνων, ἔκδοσις Ἀθηνῶν. Τόμοι 3, 32ον, σελίδες 783+",5.-,Δρ.,Athens edition (ἔκδοσις Ἀθηνῶν)
1904,IMG_1480.jpeg,"Μυθιστορήματα, διηγήματα","Novels, short stories",,Ἀ. Δελπή,A. Delpis,Φάσμα τοῦ παρελθόντος,Spectre of the Past,σελίδες 232+,5.-,Δρ.,
1904,IMG_1480.jpeg,"Μυθιστορήματα, διηγήματα","Novels, short stories",,Ἀλ. Δουμᾶ,Alexandre Dumas,Ὑποκόμης τῆς Βραζελόννης,The Vicomte de Bragelonne,"τόμοι 12, μετ' εἰκόνων, 8ον, σελίδες 2407+",37.-,Δρ.,
1904,IMG_1480.jpeg,"Μυθιστορήματα, διηγήματα","Novels, short stories",,Ch. Kingsley,Charles Kingsley,"Ὑπατία, μυθιστορία","Hypatia, a novel","εἰς τεύχη δύο, σελίδες 438+",10.-,Δρ.,Translated by Em. S. Skoufos (μετάφρασις Ἑμ. Σ. Σκούφου)
1904,IMG_1480.jpeg,"Μυθιστορήματα, διηγήματα","Novels, short stories",,Κ. Μεταξᾶ Βοσπορίτου,K. Metaxas Vosporitis,Ὑπὸ τὴν σκιὰν τῶν φοινίκων,Under the Shade of the Palm Trees,σ. ιδ'—231+,15.-,Δρ.,
1904,IMG_1480.jpeg,"Μυθιστορήματα, διηγήματα","Novels, short stories",,Unspecified,,Τελευταῖος μαῦρος τῆς Γρενάδης,The Last Moor of Granada,σελίδες 63+,5.-,Δρ.,
1904,IMG_1480.jpeg,"Μυθιστορήματα, διηγήματα","Novels, short stories",,Ἠλ. Στ. Καπετανάκη,Ilias St. Kapetanakis,"Τερπνὰ διηγήματα, ἐκ τοῦ γαλλικοῦ","Delightful stories, from the French",σ. 252+,7.-,Δρ.,
1904,IMG_1480.jpeg,"Μυθιστορήματα, διηγήματα","Novels, short stories",,Unspecified,,Τίμιαι γυναῖκες,Honest Women,σελίδες 80+,3.20,Δρ.,
1904,IMG_1480.jpeg,"Μυθιστορήματα, διηγήματα","Novels, short stories",,Ἀλ. Δουμᾶ,Alexandre Dumas,"Τρεῖς σωματοφύλακες, Μετὰ εἴκοσιν ἔτη καὶ Ὑποκόμης τῆς Βραζελόνης","The Three Musketeers, Twenty Years After, and The Vicomte de Bragelonne","μετ' εἰκόνων, 8ον, σ. 3176+",40.-,Δρ.,
1904,IMG_1480.jpeg,"Μυθιστορήματα, διηγήματα","Novels, short stories",,F. K. Guérard,F. K. Guérard,"Τρεῖς φίλοι, διήγημα","Three Friends, a story","8ον, σελίδες 98+",5.-,Δρ.,
1904,IMG_1480.jpeg,"Μυθιστορήματα, διηγήματα","Novels, short stories",,Πέτρου Μαέλ,Pierre Maël,"Τοpπιλλοβόλον, ναυτικὸν μυθιστόρημα","Torpedo Boat, a naval novel","8ον, σελ. 240+",10.-,Δρ.,Translated by Babis Anninos (μετάφρασις Μπάμπη Ἀννίνου)
1904,IMG_1480.jpeg,"Μυθιστορήματα, διηγήματα","Novels, short stories",,Μ. Π. Μηχανίδου,M. P. Mechanidou,"Τρομερὸν φάντασμα, διήγημα","Terrible Ghost, a story",σελίδες 43+,1.20,Δρ.,
1904,IMG_1480.jpeg,"Μυθιστορήματα, διηγήματα","Novels, short stories",,Ἀλ. Δουμᾶ,Alexandre Dumas,Τρεῖς σωματοφύλακες,The Three Musketeers,"τόμοι 5, μετ' εἰκόνων, 8ον, σ. 880+",20.-,Δρ.,
1904,IMG_1480.jpeg,"Μυθιστορήματα, διηγήματα","Novels, short stories",,Ε. Καπανδού,E. Capandou,Τυμπανιστὴς τοῦ 32ου συντάγματος,The Drummer of the 32nd Regiment,"τόμοι 2, 8ον, σελίδες 1600+",15.-,Δρ.,
1904,IMG_1480.jpeg,"Μυθιστορήματα, διηγήματα","Novels, short stories",,Π. Φανφανη,Pietro Fanfani,Τυφλὸς τῆς Ἀσκόλης,The Blind Man of Ascoli,"8ον, σελίδες 354+",13.-,Δρ.,
1904,IMG_1480.jpeg,"Μυθιστορήματα, διηγήματα","Novels, short stories",,Ιουλ. Βέρν,Jules Verne,Τύχαι τριῶν Ῥώσσων καὶ τριῶν Ἀγγλων,Adventures of Three Russians and Three Englishmen,"μετὰ 53 εἰκόνων, 4ον, σελίδες 236+",12.20,Δρ.,Translated by A. Skalidos (κατὰ μετάφρασιν Ἀ. Σκαλίδου)
1904,IMG_1480.jpeg,"Μυθιστορήματα, διηγήματα","Novels, short stories",,Κ. Μωραϊτίνη,K. Moraitinis,Τύχη τῆς Μαρούλας καὶ ὁ Μπάρμπα Λινάρδος,The Luck of Maroula and Uncle Linardos,"μετ' εἰκόνων, σελίδες 784+",15.-,Δρ.,
1904,IMG_1480.jpeg,"Μυθιστορήματα, διηγήματα","Novels, short stories",,Victor Hugo,Victor Hugo,Υἱοί μου,My Sons,"8ον, σελίδες 23+",3.-,Δρ.,
1904,IMG_1480.jpeg,"Μυθιστορήματα, διηγήματα","Novels, short stories",,E. Richebourg,Émile Richebourg,Υἱός,Son,"τόμοι 2, 32ον, σ. 1218+",20.-,Δρ.,Translated by Z. Vasilaros (μετάφρασις Ζ. Βασιλάρου)
1904,IMG_1480.jpeg,"Μυθιστορήματα, διηγήματα","Novels, short stories",,Ἀλεξ. Δουμᾶ,Alexandre Dumas,Υἱὸς τοῦ Μοντεχρίστου,The Son of Monte Cristo,"8ον, σελ. 1369+",15.-,Δρ.,
1904,IMG_1480.jpeg,"Μυθιστορήματα, διηγήματα","Novels, short stories",,Ι. Σ. Τσίμπη,I. S. Tsimpis,"Τρόμος, τερπνὸν διήγημα","Terror, a delightful story","8ον, σελ. 16+",1.-,Δρ.,
1904,IMG_1481.jpeg,"Μυθιστορήματα, διηγήματα","Novels, short stories",,GAVARNI,Paul Gavarni,Le Diable à Paris. Volume I,The Devil in Paris. Volume I,,20,Δρχ.,
1904,IMG_1481.jpeg,"Μυθιστορήματα, διηγήματα","Novels, short stories",,GAVARNI,Paul Gavarni,Le Diable à Paris. Volume III,The Devil in Paris. Volume III,,20,Δρχ.,
1904,IMG_1481.jpeg,"Μυθιστορήματα, διηγήματα","Novels, short stories",,GAVARNI,Paul Gavarni,Le Diable à Paris. Volume IV,The Devil in Paris. Volume IV,,20,Δρχ.,
1904,IMG_1481.jpeg,"Μυθιστορήματα, διηγήματα","Novels, short stories",,RICHEBOURG EMILE,Émile Richebourg,Jean Loup,Jean Loup,,40,Δρχ.,illustré
1904,IMG_1481.jpeg,"Μυθιστορήματα, διηγήματα","Novels, short stories",,MANÉ,Mané,Paris mystérieux,Mysterious Paris,,10,Δρχ.,
1904,IMG_1481.jpeg,"Μυθιστορήματα, διηγήματα","Novels, short stories",Bibliothèque pour rire,Unknown,Unknown,Physiologies Parisiennes,Parisian Physiologies,4ον,20,Δρχ.,
1904,IMG_1481.jpeg,"Μυθιστορήματα, διηγήματα","Novels, short stories",,CAPPENDU,Ernest Capendu,Le Tambour de la 32e,The Drummer of the 32nd,,12,Δρχ.,
1904,IMG_1481.jpeg,"Μυθιστορήματα, διηγήματα","Novels, short stories",,GOLDSMITH,Oliver Goldsmith,Le Ministre de Wakefield,The Vicar of Wakefield,2 volumes,3,Δρχ.,
1904,IMG_1481.jpeg,"Μυθιστορήματα, διηγήματα","Novels, short stories",,BRILLAT-SAVARIN,Jean Anthelme Brillat-Savarin,Physiologie du Goût,Physiology of Taste,,5,Δρχ.,
1904,IMG_1481.jpeg,"Μυθιστορήματα, διηγήματα","Novels, short stories",,BACHAUMONT,Louis Petit de Bachaumont,Les femmes du monde,Women of the World,,10,Δρχ.,
1904,IMG_1481.jpeg,"Μυθιστορήματα, διηγήματα","Novels, short stories",,BARRILLON G.,G. Barrillon,"Un drame en Amérique, II","A Drama in America, II",,10,Δρχ.,
1904,IMG_1481.jpeg,"Μυθιστορήματα, διηγήματα","Novels, short stories",,AJALBERT JEAN,Jean Ajalbert,La Revue indépendant,The Independent Review,,10,Δρχ.,
1904,IMG_1481.jpeg,"Μυθιστορήματα, διηγήματα","Novels, short stories",,Csse DASH,Comtesse Dash,Ὡραία Παρισιανή,Beautiful Parisian Woman,σελίδες 119,4,Δρχ.,μετάφρασις Ν. Ἑ. Μαρουλιάνου
1904,IMG_1481.jpeg,"Μυθιστορήματα, διηγήματα","Novels, short stories",,A. MAKE,Auguste Maquet,Ὡραία Γαβριέλλα,Beautiful Gabriella,"8ον, σελίδες 1264, τόμοι 2",20,Δρχ.,"μετάφρασις Ἀ. Γ. Σκαλίδου, μετ' εἰκόνων"
1904,IMG_1481.jpeg,"Μυθιστορήματα, διηγήματα","Novels, short stories",,XAVIER DE MONTEPIN,Xavier de Montépin,Ὡραία Βοτανόπωλις,The Beautiful Flower Girl,"4ον, σελ. 610",20,Δρχ.,
1904,IMG_1481.jpeg,"Μυθιστορήματα, διηγήματα","Novels, short stories",,Ι. ΒΕΡΝ,Jules Verne,"Χῶραι τῶν Μηλωτῶν, ἢ ταξίδια εἰς τὰς βορείους παγωμένας θαλάσσας","The Fur Country, or Travels in the Frozen Northern Seas","8ον, σελίδες 493",8,Δρχ.,"μετάφρασις Χ. Γεωργιάδου, μετ' εἰκόνων"
1904,IMG_1481.jpeg,"Μυθιστορήματα, διηγήματα","Novels, short stories",,LE SAGE,Le Sage,"Χωλὸς Διάβολος καὶ αἱ βακτηρίαι του, ἤτοι, Κάτοπτρον τοῦ ἀνθρωπίνου βίου","The Lame Devil and His Crutches, or Mirror of Human Life","8ον, σελ. 260",8,Δρχ.,
1904,IMG_1481.jpeg,"Μυθιστορήματα, διηγήματα","Novels, short stories",,BAWR Mme DE,Madame de Bawr,Les soirées des jeunes personnes,Evenings for Young People,,5,Δρχ.,
1904,IMG_1482.jpeg,Διάφορα,Miscellaneous,,GRANDE-CARTERET Richard,Grande-Carteret Richard,Wagner en caricature,Wagner in Caricature,,10,Δρχ.,
1904,IMG_1482.jpeg,Διάφορα,Miscellaneous,,ΖΕΡΒΑΤΗ ΠΕΡΑΚΗ Π.,Zervati Peraki P.,᾿Ανέκδοτα καὶ ἀποφθέγματα μεγάλων ἀνδρῶν. Τόμος Α΄,Anecdotes and Aphorisms of Great Men. Volume A,"8ον, σελίδες 90+ +",5,Δρχ.,
1904,IMG_1482.jpeg,Διάφορα,Miscellaneous,,ΖΥΓΟΥΡΑ Ξ. Δ.,Zygoura X. D.,"᾿Επιστολάριον γενικόν, θεωρητικὸν καὶ πρακτικόν, περιέχον ἐπιστολὰς καὶ ἀλληλογραφίας ἐπὶ παντοίων τοῦ βίου περιστάσεων μεθ' ἑρμηνειῶν καὶ ἐγγράφων, συμβολαίων, ἀναφορῶν κτλ.","General Letter-Writer, theoretical and practical, containing letters and correspondence on all life circumstances with explanations and documents, contracts, reports etc.","σ. 368, δεδεμένον",15,Δρχ.,
1904,IMG_1482.jpeg,Διάφορα,Miscellaneous,,ZIFFO Dr,Ziffo Dr,La Femme adultère,The Adulterous Woman,"32ον, pages 32 + +",2,Δρχ.,
1904,IMG_1482.jpeg,Διάφορα,Miscellaneous,,HOCQUART E.,Hocquart E.,Le Secrétaire de tout le monde,Everyone's Secretary,σελίδες 356 + +,10,Δρχ.,
1904,IMG_1482.jpeg,Διάφορα,Miscellaneous,,ΙΓΓΛΕΣΗ Γ. Η.,Inglesi G. I.,"Ἡ ἐν τῇ κοινωνίᾳ ἀναστροφή, ἢ ὁδηγὸς συμπεριφορᾶς","Social Intercourse, or guide to behavior",σ. 242,10,Δρχ.,
1904,IMG_1482.jpeg,Διάφορα,Miscellaneous,,ΚΑΝΕΛΛΟΥ ΓΡ.,Kanellou Gr.,"᾿Εγκόλπιον τῶν νέων, ἢ Ὁμιλίαι ᾿Ι. Χάουστ","Youth Vade Mecum, or Speeches of J. Haust","8ον, σ. 120+",5,Δρχ.,
1904,IMG_1482.jpeg,Διάφορα,Miscellaneous,,JULIN DOCTEUR,Julin Docteur,Les caravanes d'un chirurgien d'aubulances,The Caravans of an Ambulance Surgeon,+ +,9,Δρχ.,
1904,IMG_1482.jpeg,Διάφορα,Miscellaneous,,JURANVILLE (Mlle),Juranville (Mlle),Le Savoir-faire et le Savoir-vivre,Know-How and Etiquette,+ +,10,Δρχ.,
1904,IMG_1482.jpeg,Διάφορα,Miscellaneous,,ΚΑΣΔΟΝΗ Γ.,Kasdoni G.,"Παιγνιόχαρτα ἢ Παίγνια καὶ Πασιέντσαι, πρὸς διασκέδασιν τῶν οἰκογενειῶν","Playing Cards or Games and Solitaires, for family entertainment",σελίδες 96+,4,Δρχ.,
1904,IMG_1482.jpeg,Διάφορα,Miscellaneous,,ΚΑΣΔΟΝΗ Γ.,Kasdoni G.,"Τὸ βιβλίον τῆς Σφιγγός, κρυπτογραφία, παίγνια, προβλήματα, αἰνίγματα, γρῖφοι, ἀκροστιχίδες, λιπογράμματα","The Book of the Sphinx, cryptography, games, problems, riddles, charades, acrostics, lipograms",,,,Title cut off or unpriced at bottom of page
1904,IMG_1482.jpeg,Διάφορα,Miscellaneous,,GIRARDIN C.,Girardin C.,"Ἡ οἰκοδέσποινα, ἢ τὸ βιβλίον τῆς οἰκοκυρᾶς","The Housewife, or the book of the housekeeper","8ον, σελ 463 +",10,Δρχ.,
1904,IMG_1482.jpeg,Διάφορα,Miscellaneous,,ΙΩΑΝΝΙΔΟΥ Ι.,Ioannidou I.,Ἡ Γυνή,The Woman,"8ον, σ. 233",5,Δρχ.,
1904,IMG_1482.jpeg,Διάφορα,Miscellaneous,,,,"Εὐθύφρων, ἢ αὐτοσχέδιοι στοχασμοὶ περὶ γνησίου ἑλληνισμοῦ καὶ ὑπὲρ συμφιλιώσεως τῶν λαῶν τῆς ᾿Ανατολῆς","Euthyphron, or impromptu reflections on genuine Hellenism and in favor of reconciliation of the peoples of the East","8ον, σελίδες 36 + +",3,Δρχ.,
1904,IMG_1482.jpeg,Διάφορα,Miscellaneous,,,,᾿Αποκαλύψεις πανσλαβϊστικαί,Pan-Slavist Revelations,"8ον, σελίδες 62 + +",6,Δρχ.,
1904,IMG_1482.jpeg,Διάφορα,Miscellaneous,,,,᾿Επιστολάριον ἐρωτικόν,Erotic Letter-Writer,σελίδες 64+31,2,Δρχ.,
1904,IMG_1482.jpeg,Διάφορα,Miscellaneous,,ΕΥΘΥΜΙΑΔΟΥ Ν.,Efthymiadou N.,Περὶ ἀναγνώσεως καὶ ἀπαγγελίας,On Reading and Recitation,σελ. 61,2.20,Δρχ.,
1904,IMG_1482.jpeg,Διάφορα,Miscellaneous,,ΑΝΔΡΕΟΠΟΥΛΟΥ ΑΡΓ. Ν.,Andreopoulou Arg. N.,"Διδασκαλία τοῦ χοροῦ, θεωρητικὴ καὶ πρακτική, μετὰ πολλῶν ἐπεξηγηματικῶν σχημάτων","Teaching of Dance, theoretical and practical, with many explanatory figures","8ον, σελίδες 224+",15,Δρχ.,
1904,IMG_1482.jpeg,Διάφορα,Miscellaneous,,ANTONIADÈS J. T.,Antoniades J. T.,Catalogue descriptif de tous les Timpres-Poste Orientaux (1893),Descriptive Catalogue of all Oriental Postage Stamps (1893),"8ον, σελίδες 96",20,Δρχ.,
1904,IMG_1482.jpeg,Διάφορα,Miscellaneous,,ΑΝΤΩΝΙΟΥ Κ.,Antoniou K.,"Ὁδηγὸς τῶν νέων καὶ οἰκογενειῶν, ἤτοι διάλογοι περὶ ἐρεύνης τῆς οἰκογενειακῆς εὐδαιμονίας","Guide for Youth and Families, or dialogues on the search for family happiness",σελίδες 176 + +,5,Δρχ.,
1904,IMG_1482.jpeg,Διάφορα,Miscellaneous,,ΑΣΚΛΗΠΙΑΔΟΥ Θ.,Asklepiadou Th.,Τὰ διὰ τῶν Βουλγάρων τεκταινόμενα,What is being plotted by the Bulgarians,σ. 98++,5,Δρχ.,
1904,IMG_1482.jpeg,Διάφορα,Miscellaneous,,ΒΑΣΙΛΑΡΟΥ ΖΑΝΟΥ,Vasilarou Zanou,Ἡ οἰκοδέσποινα,The Housewife,"8ον, σελίδες ζ΄—576",20,Δρχ.,
1904,IMG_1482.jpeg,Διάφορα,Miscellaneous,,,,"᾿Απάντησις εἰς τὸν λόγον τοῦ κυρίου Σ. Καραθεοδωρῆ, μετάφρασις ἐκ τοῦ βουλγαρικοῦ","Reply to the speech of Mr. S. Karatheodori, translated from Bulgarian","8ον, σελ. 67 X ..",2,Δρχ.,
1904,IMG_1482.jpeg,Διάφορα,Miscellaneous,,ΒΛΟΚ Σ.,Vlok S.,Τὰ νεώτερα ὅπλα καὶ ὁ πόλεμος τοῦ μέλλοντος,Modern weapons and the war of the future,"8ον, σ, 104++",5,Δρχ.,
1904,IMG_1482.jpeg,Διάφορα,Miscellaneous,,ΔΑΝΔΡΙΑ Λ. Β.,Dandria L. V.,"Ὁ Χορευτὴς εἰς τὴν αἴθουσαν, ἢ Ὁδηγὸς τελειοποιημένος τοῦ χοροῦ","The Dancer in the Ballroom, or Perfected Guide to Dance","32ον, σελ. 126",5,Δρχ.,
1904,IMG_1482.jpeg,Διάφορα,Miscellaneous,,ΔΑΣΑΡΗΤΟΥ ΗΛ.,Dasaritou Il.,Ὡρολόγα Δοκίμιον ὑποκριτικῆς,Horologa: Essay on Acting,"8ον, σελ. 86++",10,Δρχ.,
1904,IMG_1482.jpeg,Διάφορα,Miscellaneous,,ΔΕΠΑΣΤΑ Α.,Depasta A.,"᾿Ονειροκρίτης νεώτατος, ἢ πληρεστάτη καὶ ἀκριβεστάτη ἐξήγησις 1316 ὀνείρων, μετὰ φυσιολογίας χαρακτήρων καὶ κράσεων καὶ μετὰ Πυθίας","Newest Dream Book, or most complete and accurate explanation of 1316 dreams, with physiology of characters and temperaments and with Pythia","8ον, σελίδες 150+24",2,Δρχ.,
1904,IMG_1482.jpeg,Διάφορα,Miscellaneous,,DUNOIS A.,Dunois A.,Le Secrétaire Universel,The Universal Secretary,σελίδες 422 + +,10,Δρχ.,
1904,IMG_1482.jpeg,Διάφορα,Miscellaneous,,ΒΕΡΝΑΡΔΑΚΗ Α. Ν.,Bernardaki A. N.,Περὶ πολυτελείας,On Luxury,"8ον, σελίδες 64 + +",5,Δρχ.,
1904,IMG_1483.jpeg,Διάφορα,Miscellaneous,,ΞΕΝΟΥ ΣΤ. Θ.,Xenou St. Th.,Ἡ πολύκροτος δίκη τοῦ Σὲρ Ῥότζερ Τίτμπορν,The Famous Trial of Sir Roger Tichborne,"32ον, σ 216 X",5,Δρχ.,
1904,IMG_1483.jpeg,Διάφορα,Miscellaneous,,ΟΛΙΒΙΕ Λ.,Olivier L.,"Ἐγχειρίδιον ζατρικίου, ἐρανισθὲν ἐκ πάντων τῶν ἀρίστων","Handbook of Chess, collected from all the best sources",σελίδες η' - 112 + +,10,Δρχ.,
1904,IMG_1483.jpeg,Διάφορα,Miscellaneous,,Ανώνυμος,Anonymous,"Οἰκονομία τοῦ ἀνθρωπίνου βίου, ἤτοι κεφαλαιώδης ἠθικῶν συλλογὴ πρὸς τὸ εὐδαιμόνως ζῆν","Economy of Human Life, being a principal moral collection for living happily","32ον, σελ. 64 *",1,Δρχ.,
1904,IMG_1483.jpeg,Διάφορα,Miscellaneous,,ΟΙΚΟΝΟΜΙΔΟΥ Ν. Γ.,Oikonomidou N. G.,Κυνηγετικά,Hunting Matters,"8ον, σελίδες ϛ' - 370 +",18,Δρχ.,
1904,IMG_1483.jpeg,Διάφορα,Miscellaneous,,ΟΙΚΟΝΟΜΟΠΟΥΛΟΥ ΗΛ.,Oikonomopoulou Il.,Ὁ Γάμος ὑφ' ὅλας τὰς ἐπόψεις παρ' ὅλοις τοῦς λαοῖς καὶ καθ' ὅλας τὰς ἐποχάς,Marriage from All Perspectives Among All Peoples and Across All Eras,"8ον, σ 207 +",6,Δρχ.,
1904,IMG_1483.jpeg,Διάφορα,Miscellaneous,,ΟΙΚΟΝΟΜΟΥ Ι.,Oikonomou I.,Κάτοπτρον τῆς φιλαργυρίας,Mirror of Avarice,"8ον, σελ. δ' - 71 + +",2,Δρχ.,
1904,IMG_1483.jpeg,Διάφορα,Miscellaneous,,ΟΜΗΡΟΛΟΥ Α.,Omirolou A.,Δοκίμιον ἐπιστολικῶν κανόνων,Essay on Epistolary Rules,"8ον, σ. η' - 305, δεδ + +",20,Δρχ.,
1904,IMG_1483.jpeg,Διάφορα,Miscellaneous,,ΠΙΓΓΑ ΗΡ.,Pigga Ir.,Τελειότατος ὁδηγὸς χοροῦ,Most Complete Guide to Dancing,σελίδες 210 +,15,Δρχ.,
1904,IMG_1483.jpeg,Διάφορα,Miscellaneous,,PAGE HENRI,Page Henri,Le Secrétaire Commercial,The Commercial Secretary,σελίδες 354 X,15,Δρχ.,
1904,IMG_1483.jpeg,Διάφορα,Miscellaneous,,ΠΑΝΤΑΖΙΔΟΥ ΧΡ. Γ.,Pantazidou Chr. G.,"Ἐγκόλπιον ἠθικοῦ βίου, πρακτικὰ μελετήματα περὶ καθηκόντων τοῦ ἀνθρώπου πρὸς κοινὴν χρῆσιν καὶ ὠφέλειαν","Manual of Moral Life, practical studies on human duties for common use and benefit",σελ. 171 + +,10,Δρχ.,
1904,IMG_1483.jpeg,Διάφορα,Miscellaneous,,ΠΑΠΑΓΕΩΡΓΙΟΥ Γ.,Papageorgiou G.,Ἀναγνώσματα καὶ Λόγοι,Readings and Speeches,"8ον, σελίδες 143 + +",5,Δρχ.,
1904,IMG_1483.jpeg,Διάφορα,Miscellaneous,,ΠΑΠΑΔΟΥΚΑ Κ.,Papadouka K.,Ἐγχειρίδιον ὠφελίμων τινῶν γνώσεων διὰ τοῦς ἀπείρους,Handbook of Useful Knowledge for the Inexperienced,"8ον, σελίδες 28 X",7,Δρχ.,
1904,IMG_1483.jpeg,Διάφορα,Miscellaneous,,ΠΑΡΑΣΚΕΥΟΠΟΥΛΟΥ Θ.,Paraskevopoulou Th.,"Φιλικὴ ἀνθοδέσμη, ἤτοι λόγοι περιφιλίας","Friendly Bouquet, or speeches on friendship","8ον, σ. 192 X",3,Δρχ.,
1904,IMG_1483.jpeg,Διάφορα,Miscellaneous,,ΞΕΝΟΥ ΣΤ. Θ.,Xenou St. Th.,"Ἡ παγκόσμιος ἔκθεσις ἐν Λονδίνῳ τῷ 1851, μετὰ εἰκόνων","The World Exhibition in London in 1851, with illustrations","4ον, σελίδες 187, δεδεμένον + +",40,Δρχ.,
1904,IMG_1483.jpeg,Διάφορα,Miscellaneous,,ΟΜΗΡΟΛΟΥ Α.,Omirolou A.,"Ὀνειροκρίτης μέγας, ἤτοι πληρεστάτη καὶ ἀκριβεστάτη ἐξήγησις τῶν ὀνείρων μετὰ πολλῶν εἰκονογραφιῶν καὶ προσθήκης τῆς ὡροσκοπίας, χειρομαντείας, φυσιογνωμίας, ἀνθοδέσμης, νέας Πυθίας, τῶν εὐτυχῶν ἢ δυστυχῶν ἡμερῶν τῆς σελήνης κ. ἄ. π.","Great Dream Interpretation Book, being a most complete and accurate explanation of dreams with many illustrations and addition of astrology, palmistry, physiognomy, flower bouquet, new Pythia, auspicious or inauspicious moon days, etc.",σελίδες ϛ' - 208 + 16' + 80 + 11 *,4,Δρχ.,
1904,IMG_1483.jpeg,Διάφορα,Miscellaneous,,ΝΙΚΟΛΑΟΥ ***,Nikolaou ***,Ὀρνιθοσκαλίσματα,Scribbles (Bird-Scratchings),"8ον, σελίδες 192 X",15,Δρχ.,
1904,IMG_1483.jpeg,Διάφορα,Miscellaneous,,ΜΑΚΡΑΚΗ Α.,Makraki A.,"Τὸ ἐθνοδόξαστον ἔθνος, ἤγουν ποῖον ἔργον δύναται νὰ μᾶς δοξάσῃ ὑπὲρ πάντα τῆς γῆς τὰ ἔθνη","The Nation-Glorified Nation, or What Work Can Glorify Us Above All Nations of the Earth","8ον, σ. 64 X",5,Δρχ.,
1904,IMG_1483.jpeg,Διάφορα,Miscellaneous,,Ανώνυμος,Anonymous,"Μουσεῖον, ἤτοι ἱστορικὰ καὶ διάφορα","Museum, or Historical and Various Matters","8ον, σελίδες 128 X",6,Δρχ.,
1904,IMG_1483.jpeg,Διάφορα,Miscellaneous,,ΝΙΚΗΤΟΠΟΥΛΟΥ Μ. Π.,Nikitopoulou M. P.,Τέχνη τοῦ θηρᾷν,The Art of Hunting,"32ον, σελίδες 63 X",4,Δρχ.,
1904,IMG_1483.jpeg,Διάφορα,Miscellaneous,,ΚΑΣΔΟΝΗ Γ.,Kasdoni G.,"ἀριθμητικὰ καὶ γεωμετρικὰ παίγνια, κυβόλεξα, λογοπαίγνια","Arithmetic and geometric games, word cubes, word games",σελ. 154 +,8.20,Δρχ.,Continuation of title from previous page
1904,IMG_1483.jpeg,Διάφορα,Miscellaneous,,ΚΑΣΔΟΝΗ Γ.,Kasdoni G.,"Τὸ βιβλίον τῶν Συναναστροφῶν, τὰ παίγνια συναναστροφῶν, τὰ μυστήρια τῶν μάγων καὶ ταχυδακτυλουργῶν, τὰ θαυματουργὰ παιγνιδόχαρτα, παίγνια παντοῖα","The Book of Social Gatherings, parlour games, mysteries of magicians and conjurers, miraculous playing cards, all kinds of games",σελ. 208 +,8.20,Δρχ.,
1904,IMG_1483.jpeg,Διάφορα,Miscellaneous,,ΚΩΝΣΤΑΝΤΙΝΙΔΟΥ ΑΝΑΣΤΑΣΙΟΥ,Konstantinidou Anastasiou,"Ὁ Καπνός, ἤτοι πραγματεία περὶ καπνοῦ καὶ τῶν ἀποτελεσμάτων αὐτοῦ","Tobacco, or a Treatise on Tobacco and its Effects",σελ. 77 + +,3,Δρχ.,
1904,IMG_1483.jpeg,Διάφορα,Miscellaneous,,ΚΩΝΣΤΑΝΤΙΝΙΔΟΥ ΑΝΕΣΤΗ,Konstantinidou Anesti,Νέον Ἐπιστολάριον,New Letter-Writer,"8ον, σελ. 144 +",2,Δρχ.,
1904,IMG_1483.jpeg,Διάφορα,Miscellaneous,,ΚΩΝΣΤΑΝΤΙΝΙΔΟΥ ΑΝΕΣΤΗ,Konstantinidou Anesti,"Ὀνειροκρίτης μέγας, μετὰ εἰκονογραφιῶν","Great Dream Interpretation Book, with illustrations","8ον, σελ. 144 +",3,Δρχ.,
1904,IMG_1483.jpeg,Διάφορα,Miscellaneous,,ΚΩΝΣΤΑΝΤΙΝΙΔΟΥ Γ.,Konstantinidou G.,Ὁμηρικὴ θεολογία,Homeric Theology,"8ον, σελ. κδ' - 264 +",20,Δρχ.,
1904,IMG_1483.jpeg,Διάφορα,Miscellaneous,,ΚΥΡΙΑΚΙΔΟΥ Γ. Ν.,Kyriakidou G. N.,Τὰ μυστήρια τοῦ συζυγικοῦ ἔρωτος,The Mysteries of Conjugal Love,"8ον, σ. 224 X",4,Δρχ.,
1904,IMG_1483.jpeg,Διάφορα,Miscellaneous,,ΜΑΚΡΑΚΗ Α.,Makraki A.,Μασσονία,Freemasonry,"8ον, σ. 48 X",2,Δρχ.,
1904,IMG_1483.jpeg,Διάφορα,Miscellaneous,,ΜΑΝΟΥΣΟΥ ΕΛΕΝΗΣ,Manousou Elenis,Τὰ μυστήρια τοῦ Μπόσκου καὶ ἡ ἐξήγησις αὐτῶν,The Mysteries of Bosko and Their Explanation,σελίδες 128 +,3.20,Δρχ.,
1904,IMG_1483.jpeg,Διάφορα,Miscellaneous,,ΜΑΝΤΕΓΚΑΤΣΑ Π.,Mantegazza Paolo,Ἡ τέχνη τοῦ λαμβάνειν σύζυγον,The Art of Taking a Wife,σελ. 164 X,6,Δρχ.,
1904,IMG_1483.jpeg,Διάφορα,Miscellaneous,,ΜΑΝΩΛΗ Ι. Δ.,Manoli I. D.,"Οἰκογενειακὸν Ἐγκόλπιον, ἐμπεριέχον διάφορα γλυκύσματα, φαγητὰ καὶ συμβουλὰς διὰ τὰς ἐν τῇ οἰκίᾳ ἀνάγκας, ἔτι δὲ καὶ Ὁδηγὸν τοῦ Ἀϊδινίου τοῦ 1889","Family Manual, containing various desserts, dishes, and advice for household needs, plus a Guide to Aidin of 1889","8ον, σ. 107 + +",5,Δρχ.,
1904,IMG_1483.jpeg,Διάφορα,Miscellaneous,,MARKSMAN,Marksman,"Ὁ ἀλάνθαστος Κυνηγός, ἤτοι Ὁδηγὸς τοῦ κυνηγέτου, μετάφρασις Ἰ. Ἀ. Μοσχοννησίου","The Infallible Hunter, or Hunter's Guide, translation by I. A. Moschonnisiou","8ον, σελίδες ρμγ' - 198 +",12,Δρχ.,
1904,IMG_1483.jpeg,Διάφορα,Miscellaneous,,ΛΕΥΚΙΟΥ Π.,Lefkiou P.,Διατριβὴ περὶ ἐργασίας καὶ ἐργάτου,Dissertation on Labor and the Worker,"8ον, 114 X",6,Δρχ.,
1904,IMG_1484.jpeg,Διάφορα,Miscellaneous,,ΧΡΥΣΟΣΠΑΘΗ ΗΛΙΑ,Chrysospathi Ilia,"Αὐτοδίδακτος διδασκαλία τοῦ χοροῦ, ἤτοι τελειότατος ὁδηγὸς πρὸς ἐκμάθησιν ὅλων τῶν εὐρωπαϊκῶν χορῶν πρακτικῶς τε καὶ θεωρητικῶς","Self-taught dance instruction, or most perfect guide to learning all European dances practically and theoretically","8ον, σελ. η' - 208 +",5.—,Δρ.,
1904,IMG_1484.jpeg,Διάφορα,Miscellaneous,,ΦΕΞΗ Α. Δ.,Fexi A. D.,"Ὀνειροκρίτης Νεώτατος μέγας καὶ ἀληθής, κατὰ τὸν Ἰταλὸν Γουσταῦον Παζίνην, μετ' εἰκόνων","The Newest Great and True Dream-Interpretation Book, according to the Italian Gustavo Pasini, with illustrations","μέγα 8ον, σελίδες δ' - 765 +",12.—,Δρ.,
1904,IMG_1484.jpeg,Διάφορα,Miscellaneous,,ΧΡΥΣΟΓΕΛΟΥ Ι.,Chrysogelou I.,Ὁδηγὸς τοῦ ποδηλάτου,Bicycle Guide,σελίδες 128 X,4.—,Δρ.,
1904,IMG_1484.jpeg,Διάφορα,Miscellaneous,,ΧΟΥΜΗ Α. Κ.,Choumi A. K.,Ὁ Καβοὺρ δηλητηριαζόμενος,Cavour poisoned,σελίδες 36 + +,2.—,Δρ.,
1904,IMG_1484.jpeg,Διάφορα,Miscellaneous,,Ανώνυμος,Anonymous,Φωνὴ τῶν Ἀνθέων,Voice of the Flowers,σελ. 144 X,5.—,Δρ.,
1904,IMG_1484.jpeg,Διάφορα,Miscellaneous,,Ανώνυμος,Anonymous,Φύρδην Μίγδην,Hodgepodge,σελίδες 128 + +,3.—,Δρ.,
1904,IMG_1484.jpeg,Διάφορα,Miscellaneous,,Ανώνυμος,Anonymous,"Φύρδην Μίγδην, ἤτοι Συλλογὴ ἐκλεκτῶν καὶ τερπνῶν τεμαχίων","Hodgepodge, or Collection of select and delightful pieces",σ. 208 X,4.—,Δρ.,
1904,IMG_1484.jpeg,Διάφορα,Miscellaneous,,ΦΕΡΜΠΟΥ Π. Ι. καὶ ΣΟΥΡΜΕΛΗ Δ.,Fermpou P. I. and Sourmeli D.,"Ἐπιστολογραφική, ἤτοι ὁδηγίαι πρὸς ἐκμάθησιν τῆς ἐπιστολογραφίας μετὰ ὑποδειγμάτων ἐπιστολῶν καὶ παντοίων ἐγγράφων","Epistolary, or instructions for learning letter-writing with sample letters and various documents","8ον, σελίδες 248 +",7.20,Δρ.,
1904,IMG_1484.jpeg,Διάφορα,Miscellaneous,,ΦΕΡΜΠΟΥ Π.,Fermpou P.,Ὁδηγὸς ἑλληνοπρεποῦς συμπεριφορᾶς,Guide to Greek-appropriate conduct,"32ον, σ. 96 + +",3.—,Δρ.,
1904,IMG_1484.jpeg,Διάφορα,Miscellaneous,,ΦΑΡΣΗ Β.,Farsi V.,"Ὁ ταραξισύλλογος, ἤτοι πραγματεία περὶ Χριστιανισμοῦ καὶ Ἑλληνισμοῦ","The disturber, or treatise on Christianity and Hellenism","8ον, σελίδες 63 X",2.—,Δρ.,
1904,IMG_1484.jpeg,Διάφορα,Miscellaneous,,ΧΟΥΡΜΟΥΖΗ Μ.,Chourmouzi M.,Παρωδικὴ μικρογραφία μυθιστορημάτων,Parodic miniature of novels,σελίδες 63 X,5.—,Δρ.,
1904,IMG_1484.jpeg,Διάφορα,Miscellaneous,,VIEL CH.,Viel Ch.,Nouveau Code du chasseur,New Code of the Hunter,"32ον, σελίδες 120 X",6.—,Δρ.,
1904,IMG_1484.jpeg,Διάφορα,Miscellaneous,,ΠΡΟΚΟΥ Α. Α.,Prokou A. A.,"Ἀνθοδέσμη, ἤτοι Συλλογὴ διαφόρων διηγημάτων, ποιημάτων, γνωμικῶν, ἀναλέκτων καὶ ποικίλων ἠθικῶν κλπ.","Bouquet of Flowers, or Collection of various short stories, poems, maxims, analects and various moral texts, etc.","σελίδες 172, χαρτόδετον X",7.20,Δρ.,
1904,IMG_1484.jpeg,Διάφορα,Miscellaneous,,Ανώνυμος,Anonymous,"Πυθία νέα, ἤτοι μαντεῖον τῆς τύχης, δι' οὗ πᾶσα συναναστροφὴ δύναται νὰ διασκεδάζῃ, μετὰ προσθήκης Ἀνθοδέσμης","New Pythia, or fortune-telling oracle, through which any social gathering can entertain itself, with the addition of Bouquet of Flowers",σελ. 16 + 80 + 11 ,2.20,Δρ.,Features a pointing hand symbol in original text
1904,IMG_1484.jpeg,Διάφορα,Miscellaneous,,Ανώνυμος,Anonymous,"Πῶς νὰ εἶναι κἀνεὶς εὐτυχής, ἂν καὶ πανδρεμένος, ὑπὸ ἑνὸς διδάκτορος τοῦ πανεπιστημίου τοῦ γάμου","How to be happy, even if married, by a doctor of the university of marriage",σ. 330+,10.—,Δρ.,
1904,IMG_1484.jpeg,Διάφορα,Miscellaneous,,ΣΑΜΑΡΤΣΙΔΟΥ Χ. Σ.,Samartsidou Ch. S.,"Ἡ βουλγαρικὴ ἐξαρχία καὶ ὁ Φάρος τοῦ Βοσπόρου, ἤτοι Πρακτικὰ τῆς ἐν τῇ Ὑψ. Πύλῃ διεξαχθείσης τὸν Ὀκτώβριον τοῦ 1872 δίκης τοῦ Φάρος τοῦ Βοσπόρου κλπ.","The Bulgarian Exarchate and the Lighthouse of the Bosphorus, or Proceedings of the trial of the Lighthouse of the Bosphorus conducted at the Sublime Porte in October 1872, etc.","8ον, σ. 136++",5.—,Δρ.,
1904,IMG_1484.jpeg,Διάφορα,Miscellaneous,,ΦΑΡΔΥ Ν. Β.,Fardou N. V.,Συμβουλαὶ πρὸς τὰς μητέρας,Advice to mothers,σελίδες 220 X,7.—,Δρ.,
1904,IMG_1484.jpeg,Διάφορα,Miscellaneous,,ΣΚΟΚΟΥ Κ. Φ.,Skokou K. F.,Κοινωνιολογία. Σελίδες ἐκ τοῦ καθ' ἑκάστην βίου,Sociology. Pages from everyday life,"μέγα 8ον, σελίδες 78 +",7.—,Δρ.,
1904,IMG_1484.jpeg,Διάφορα,Miscellaneous,,ΣΠΗΛΙΩΤΟΠΟΥΛΟΥ ΑΝΤ. Θ.,Spiliotopoulou Ant. Th.,Ὀλυμπιακοὶ ἀγῶνες. Ἡ γυμναστικὴ διὰ μέσου τῶν αἰώνων,Olympic Games. Gymnastics through the ages,σελίδες 139 +,9.—,Δρ.,
1904,IMG_1484.jpeg,Διάφορα,Miscellaneous,,ΣΩΤΗΡΟΠΟΥΛΟΥ Σ.,Sotiropoulou S.,Τριάκοντα ἓξ ἡμερῶν αἰχμαλωσία καὶ συμβίωσις μετὰ λῃστῶν,Thirty-six days of captivity and cohabitation with bandits,"8ον, σελίδες 198 X",4.—,Δρ.,
1904,IMG_1484.jpeg,Διάφορα,Miscellaneous,,SÉGUR Cte DE,Segur Cte de,"Pensées, Maximes, Réflexions","Thoughts, Maxims, Reflections","32ον, δεδεμένον + +",10.—,Δρ.,
1904,IMG_1485.jpeg,ΘΡΗΣΚΕΥΤΙΚΑ,Religious Books,Βιβλιοθήκη Χριστιανικὴ τοῦ Λαοῦ,Ανώνυμος,Anonymous,Βίος καὶ Πολιτεία τοῦ ἁγίου Ἀντωνίου τοῦ Μεγάλου,Life and Conduct of Saint Anthony the Great,σελ. 29,0.20,Δρχ.,
1904,IMG_1485.jpeg,ΘΡΗΣΚΕΥΤΙΚΑ,Religious Books,ΒΙΒΛΙΑ ΤΟΥ ΛΑΟΥ,Ανώνυμος,Anonymous,Ἀκολουθία τοῦ Εὐαγγελισμοῦ τῆς Θεοτόκου καὶ ἀειπαρθένου Μαρίας,Service of the Annunciation of the Theotokos and Ever-Virgin Mary,"8ον, σελίδες 32",1.—,Δρχ.,
1904,IMG_1485.jpeg,ΘΡΗΣΚΕΥΤΙΚΑ,Religious Books,Βιβλιοθήκη Χριστιανικὴ τοῦ Λαοῦ,Ανώνυμος,Anonymous,Βίος καὶ Πολιτεία τοῦ ἁγίου Ἀναστασίου τοῦ Πέρσου,Life and Conduct of Saint Anastasios the Persian,σελίδες 16,0.10,Δρχ.,
1904,IMG_1485.jpeg,ΘΡΗΣΚΕΥΤΙΚΑ,Religious Books,Βιβλιοθήκη Χριστιανικὴ τοῦ Λαοῦ,Ανώνυμος,Anonymous,Βίος καὶ Πολιτεία τῆς ἁγίας Αἰκατερίνης,Life and Conduct of Saint Catherine,σελίδες 32,0.20,Δρχ.,
1904,IMG_1485.jpeg,ΘΡΗΣΚΕΥΤΙΚΑ,Religious Books,Βιβλιοθήκη Χριστιανικὴ τοῦ Λαοῦ,Ανώνυμος,Anonymous,Βίος καὶ Πολιτεία τοῦ ἁγίου Ἀθανασίου,Life and Conduct of Saint Athanasios,σελίδες 16,0.10,Δρχ.,
1904,IMG_1485.jpeg,ΘΡΗΣΚΕΥΤΙΚΑ,Religious Books,Βιβλιοθήκη Χριστιανικὴ τοῦ Λαοῦ,Ανώνυμος,Anonymous,Εὐχὴ τῆς Ὑπεραγίας Θεοτόκου,Prayer of the Most Holy Theotokos,σελίδες 8,0.10,Δρχ.,
1904,IMG_1485.jpeg,ΘΡΗΣΚΕΥΤΙΚΑ,Religious Books,Βιβλιοθήκη Χριστιανικὴ τοῦ Λαοῦ,Ανώνυμος,Anonymous,Ἐπιστολὴ τοῦ Κυρίου ἡμῶν Ἰησοῦ Χριστοῦ,Letter of Our Lord Jesus Christ,σελίδες 15,0.10,Δρχ.,
1904,IMG_1485.jpeg,ΘΡΗΣΚΕΥΤΙΚΑ,Religious Books,Βιβλιοθήκη Χριστιανικὴ τοῦ Λαοῦ,Ανώνυμος,Anonymous,Ἀποκάλυψις τῆς Ὑπεραγίας Θεοτόκου,Apocalypse of the Most Holy Theotokos,σελίδες 15,0.10,Δρχ.,Published under 'Βιβλιοθήκη Χριστιανικὴ τοῦ Λαοῦ'
1904,IMG_1485.jpeg,ΘΡΗΣΚΕΥΤΙΚΑ,Religious Books,ΒΙΒΛΙΑ ΤΟΥ ΛΑΟΥ,Ανώνυμος,Anonymous,Ἀποκάλυψις τῆς Ὑπεραγίας Θεοτόκου,Apocalypse of the Most Holy Theotokos,σελίδες 16,0.10,Δρχ.,
1904,IMG_1485.jpeg,ΘΡΗΣΚΕΥΤΙΚΑ,Religious Books,ΒΙΒΛΙΑ ΤΟΥ ΛΑΟΥ,Ανώνυμος,Anonymous,Ἀκολουθία τοῦ μεγάλου ἁγιασμοῦ τῶν Θεοφανείων,Service of the Great Blessing of Waters of Theophany,"8ον, σελίδες 16",1.—,Δρχ.,
1904,IMG_1485.jpeg,ΘΡΗΣΚΕΥΤΙΚΑ,Religious Books,Βιβλιοθήκη Χριστιανικὴ τοῦ Λαοῦ,Ανώνυμος,Anonymous,Βίος καὶ Πολιτεία τοῦ ἁγίου Ἀνδρέου τοῦ Πρωτοκλήτου,Life and Conduct of Saint Andrew the First-Called,σ. 32,0.20,Δρχ.,
1904,IMG_1485.jpeg,ΘΡΗΣΚΕΥΤΙΚΑ,Religious Books,ΒΙΒΛΙΑ ΤΟΥ ΛΑΟΥ,Ανώνυμος,Anonymous,"Ἀκολουθία τοῦ Ἀκαθίστου Ὕμνου, τῆς Ὑπεραγίας Θεοτόκου",Service of the Akathist Hymn to the Most Holy Theotokos,"8ον, σελίδες 32",1.—,Δρχ.,
1904,IMG_1485.jpeg,ΘΡΗΣΚΕΥΤΙΚΑ,Religious Books,ΒΙΒΛΙΑ ΤΟΥ ΛΑΟΥ,Ανώνυμος,Anonymous,Ἀκολουθία τῆς Κυριακῆς τοῦ Πάσχα καὶ τῆς Δευτέρας Ἀναστάσεως,Service of Easter Sunday and the Second Resurrection,σελίδες 15,0.10,Δρχ.,
1904,IMG_1485.jpeg,ΘΡΗΣΚΕΥΤΙΚΑ,Religious Books,ΒΙΒΛΙΑ ΤΟΥ ΛΑΟΥ,Ανώνυμος,Anonymous,Ἀκολουθία τῆς θείας Μεταλήψεως,Service of Holy Communion,"32ον, σελίδες 59",1.—,Δρχ.,
1904,IMG_1485.jpeg,ΘΡΗΣΚΕΥΤΙΚΑ,Religious Books,ΒΙΒΛΙΑ ΤΟΥ ΛΑΟΥ,Γ. Βουτέρης,G. Vouteris,Ἀκολουθία καὶ βίος τῶν ἁγίων ἐνδόξων μαρτύρων τοῦ Χριστοῦ Τιμοθέου καὶ Μαύρας καὶ τοῦ ἐν ἁγίοις πατρὸς ἡμῶν Πέτρου τοῦ θαυματουργοῦ ἀρχιεπισκόπου Ἄργους καὶ Ναυπλίου,"Service and Life of the Holy Glorious Martyrs of Christ Timotheos and Maura and of Our Father among the Saints Peter the Wonderworker, Archbishop of Argos and Nauplio","μέγα 8ον, σ. 32",2.—,Δρχ.,
1904,IMG_1485.jpeg,ΘΡΗΣΚΕΥΤΙΚΑ,Religious Books,ΒΙΒΛΙΑ ΤΟΥ ΛΑΟΥ,Ανώνυμος,Anonymous,Ἀκολουθία καὶ βίος τοῦ ἐν ἁγίοις ὁσίου καὶ θεοφόρου πατρὸς ἡμῶν Στυλιανοῦ τοῦ Παφλαγόνος,"Service and Life of Our Saintly, Venerable and God-bearing Father Stylianos of Paphlagonia","8ον, σ. 24",2.—,Δρχ.,
1904,IMG_1485.jpeg,ΘΡΗΣΚΕΥΤΙΚΑ,Religious Books,ΒΙΒΛΙΑ ΤΟΥ ΛΑΟΥ,Ανώνυμος,Anonymous,Ἀκολουθία καὶ βίος τοῦ ἁγίου ἐνδόξου ὁσιομάρτυρος Εὐθυμίου τοῦ νέου τοῦ ἐκ Δημητσάνης,Service and Life of the Holy Glorious Venerable Martyr Euthymios the New of Dimitsana,"8ον, σ. 65",5.—,Δρχ.,
1904,IMG_1485.jpeg,ΘΡΗΣΚΕΥΤΙΚΑ,Religious Books,ΒΙΒΛΙΑ ΤΟΥ ΛΑΟΥ,Ανώνυμος,Anonymous,"Ἀκολουθία καὶ βίος τοῦ ἁγίου ἐνδόξου ἱερομάρτυρος Μοδέστου, ἀρχιεπισκόπου Ἱεροσολύμων τοῦ θαυματουργοῦ","Service and Life of the Holy Glorious Hieromartyr Modestos, Archbishop of Jerusalem the Wonderworker","8ον, σελίδες 32",1.—,Δρχ.,
1904,IMG_1485.jpeg,ΘΡΗΣΚΕΥΤΙΚΑ,Religious Books,ΒΙΒΛΙΑ ΤΟΥ ΛΑΟΥ,Ανώνυμος,Anonymous,Ἀκολουθία ἀσματικὴ τοῦ ἁγίου νεομάρτυρος Παντελεήμονος,Choral Service of the Holy Neomartyr Panteleimon,"8ον, σελίδες 39",2.—,Δρχ.,
1904,IMG_1485.jpeg,ΘΡΗΣΚΕΥΤΙΚΑ,Religious Books,ΒΙΒΛΙΑ ΤΟΥ ΛΑΟΥ,Ανώνυμος,Anonymous,"Ἄθλησις τῆς ἁγίας Μεγαλομάρτυρος Μαρίνης, ἑορταζομένης τὴν 17 Ἰουλίου","Martyrdom of Saint Great Martyr Marina, celebrated on July 17",σελίδες 16,0.10,Δρχ.,
1904,IMG_1485.jpeg,ΘΡΗΣΚΕΥΤΙΚΑ,Religious Books,ΒΙΒΛΙΑ ΤΟΥ ΛΑΟΥ,Κ. Δαπόντες,K. Daponte,"Ἅγια Πάθη καὶ ἡ Λαμπροφόρος Ἀνάστασις τοῦ Κυρίου καὶ Θεοῦ καὶ Σωτῆρος ἡμῶν Ἰησοῦ Χριστοῦ, συγγραφέντα πάλαι διὰ στίχων ἁπλῶν, ὑπὸ Κ. Δαπόντε, αὖθις ἐκδίδονται τῇ προσθήκῃ τοῦ περὶ Χριστοῦ καταδικαστικοῦ ψηφίσματος τοῦ Ποντίου Πιλάτου",Holy Passions and the Radiant Resurrection of Our Lord and God and Savior Jesus Christ...,σελίδες 48,1.—,Δρχ.,
1904,IMG_1485.jpeg,ΘΡΗΣΚΕΥΤΙΚΑ,Religious Books,ΒΙΒΛΙΑ ΤΟΥ ΛΑΟΥ,Ανώνυμος,Anonymous,Ἀκολουθία τοῦ ἁγίου καὶ ἐνδόξου μεγαλομάρτυρος Ἀποστόλου τοῦ Νέου τοῦ ἐξ Ἁγίου Λαυρεντίου τοῦ Βώλου,Service of the Holy and Glorious Great Martyr Apostolos the New of Agios Lavrentios of Volos,"8ον, σελίδες 26",1.20,Δρχ.,
1904,IMG_1486.jpeg,ΘΡΗΣΚΕΥΤΙΚΑ,Religious Books,Βιβλία τοῦ λαοῦ,Ἀγάπιος Μοναχός,Agapios Monachos,Ἁμαρτωλῶν Σωτηρία (Τὸ αὐτὸ ἔκδ. Ἀθηνῶν),"Salvation of Sinners (The same, Athens edition)","2ον, σελίδες 384 +",9.—,Δραχμαί,
1904,IMG_1486.jpeg,ΘΡΗΣΚΕΥΤΙΚΑ,Religious Books,Βιβλία τοῦ λαοῦ,Ανώνυμος,Anonymous,"Βίοι ἁγίων [Αἰκατερίνης, Ἀνδρέου τοῦ ἀποστόλου, Ἀντωνίου τοῦ μεγάλου, Βασιλείου τοῦ μεγάλου, Γεωργίου τοῦ τροπαιφόρου, ΔημΗτρίου τοῦ μεγαλομάρτυρος, Εὐσταθίου τοῦ Πλακίδα καὶ Ἐλευθερίου, Θεοδώρων Τήρωνος καὶ Στρατηλάτου, Ἰωάννου τοῦ Καλυβίτου, Νικολάου τοῦ θαυματουργοῦ, Πέτρου καὶ Παύλου, Χαραλάμπους καὶ Τρύφωνος]","Lives of Saints (Catherine, Andrew the Apostle, Anthony the Great, Basil the Great, George the Trophy-bearer, Demetrius the Great Martyr, Eustathius Plakidas and Eleutherios, the Theodores Tyron and Stratelates, John the Hut-dweller, Nicholas the Wonderworker, Peter and Paul, Charalambos and Tryphon)",Ἕκαστον φυλλάδιον ἐκ σ. 32,0.20,Δραχμαί,Price is per pamphlet
1904,IMG_1486.jpeg,ΘΡΗΣΚΕΥΤΙΚΑ,Religious Books,Βιβλία τοῦ λαοῦ,ΗΛΙΑΣ ΜΑΝΙΑΤΗΣ,Elias Maniatis,Διδαχαὶ εἰς τὴν Ἁγίαν καὶ Μεγάλην Τεσσαρακοστὴν καὶ εἰς ἄλλας Κυριακὰς τοῦ ἐνιαυτοῦ καὶ ἐπισήμους ἑορτὰς μετὰ καί τινων πανηγυρικῶν λόγων,Teachings for Holy and Great Lent and for Other Sundays of the Year and Official Feasts with Certain Panegyric Sermons,4ον,,Δραχμαί,Bottom of page cut off
1904,IMG_1486.jpeg,ΘΡΗΣΚΕΥΤΙΚΑ,Religious Books,Βιβλία τοῦ λαοῦ,Ἀγάπιος Μοναχός,Agapios Monachos,"Βιβλίον ὡραιότατον καλούμενον Ἁμαρτωλῶν Σωτηρία, συντεθὲν εἰς κοινὴν τῶν Γραικῶν διάλεκτον παρὰ Ἀγαπίου Μοναχοῦ","Most Beautiful Book Called Salvation of Sinners, Composed in the Common Language of the Greeks by Agapios Monachos","4ον, σελ. 358, ἔκδ. Βενετίας, χαρτόδετον ++",18.—,Δραχμαί,
1904,IMG_1486.jpeg,ΘΡΗΣΚΕΥΤΙΚΑ,Religious Books,Βιβλία τοῦ λαοῦ,Ν. ΓΕΩΡΓΙΑΔΗΣ,N. Georgiadis,Βίος καὶ ἀκολουθία τοῦ ἁγίου ἐνδόξου καὶ μεγαλομάρτυρος Φανουρίου τοῦ Νεοφανοῦς,Life and Service of the Holy Glorious and Great Martyr Phanourios the Newly Revealed,"8ον, σελίδες 16 *",0.10,Δραχμαί,
1904,IMG_1486.jpeg,ΘΡΗΣΚΕΥΤΙΚΑ,Religious Books,Βιβλία τοῦ λαοῦ,Ι. ΛΕΥΚΟΠΟΥΛΟΣ,I. Lefkopoulos,Βίος καὶ θαύματα ἁγίου Φανουρίου τοῦ Νεοφανοῦς,Life and Miracles of Saint Phanourios the Newly Revealed,"8ον, σελίδες 110 +",2.—,Δραχμαί,
1904,IMG_1486.jpeg,ΘΡΗΣΚΕΥΤΙΚΑ,Religious Books,Βιβλία τοῦ λαοῦ,ΗΛΙΑΣ Ι. ΟΙΚΟΝΟΜΟΠΟΥΛΟΣ,Elias I. Oikonomopoulos,Βίος τοῦ Ἰησοῦ Χριστοῦ ἐπὶ τῇ βάσει τῆς Καινῆς Διαθήκης,Life of Jesus Christ Based on the New Testament,"32ον, σελίδες 80+",2.—,Δραχμαί,
1904,IMG_1486.jpeg,ΘΡΗΣΚΕΥΤΙΚΑ,Religious Books,Βιβλία τοῦ λαοῦ,Θ. ΚΥΡΙΑΚΙΔΗΣ,Th. Kyriakidis,Βίος Θεοδώρου τοῦ Στουδίτου τοῦ Ὁμολογητοῦ,Life of Theodore the Studite the Confessor,σελίδες 20 ++,1.20,Δραχμαί,
1904,IMG_1486.jpeg,ΘΡΗΣΚΕΥΤΙΚΑ,Religious Books,Βιβλία τοῦ λαοῦ,Νικόδημος Ἁγιορείτης,Nicodemus the Hagiorite,"Βιβλίον ψυχωφελέστατον καλούμενον Ἀόρατος Πόλεμος, συντεθὲν μὲν παρά τινος σοφοῦ, καλλωπισθὲν δὲ καὶ διορθωθὲν παρὰ τοῦ ὁσιωτάτου Κυρίου Νικοδήμου, ἐν ᾧ προσετέθησαν παρὰ τοῦ αὐτοῦ καὶ Εὐχαὶ εἰς τὸν Κύριον ἡμῶν Ἰησοῦν Χριστὸν κατανυκτικαὶ καὶ ὡραῖαι","Most Soul-Profiting Book Called Unseen Warfare, Composed Formerly by a Wise Man, Embellished and Corrected by the Most Venerable Nicodemus, to which were added Prayers to our Lord Jesus Christ","8ον, σελίδες 224+",9.—,Δραχμαί,
1904,IMG_1486.jpeg,ΘΡΗΣΚΕΥΤΙΚΑ,Religious Books,Βιβλία τοῦ λαοῦ,Ανώνυμος,Anonymous,"Βίοι ἁγίων [Ἀθανασίου τοῦ μεγάλου, Ἀλεξίου, Ἀναστασίας, Ἀναστασίου τοῦ Πέρσου, Ἀποστόλου τοῦ νέου, Βαρβάρας, Ἐλευθερίου, Ἑπτὰ παίδων, Εὐθυμίου τοῦ Μεγάλου, Εὐσταθίου, Εὐσταθίου τοῦ νέου, Ἡλιοῦ τοῦ προφήτου, Ἰγνατίου, Ἰωάννου τοῦ Δαμασκηνοῦ, Ἰωάννου τοῦ Καλυβίτου, Ἰωσὴφ τοῦ Παγκάλου, Κοσμᾶ καὶ Δαμιανοῦ τῶν Ἀναργύρων, Κυριακῆς, Κωνσταντίνου καὶ Ἑλένης, Μαρίας τῆς Αἰγυπτίας, Μαρίας τῆς ὁσίας, Μαρίνης, Ματθαίου τοῦ Εὐαγγελιστοῦ, Ματρώνης τῆς ὁσίας, Νικολάου τοῦ θαυματουργοῦ, Ξένης τῆς ὁσίας, Ὀνουφρίου τοῦ Αἰγυπτίου, Παντελεήμονος, Παρασκευῆς, Σαμψὼν τοῦ Ξενοδόχου, Τρύφωνος, Φωτεινῆς, Χαραλάμπους]","Lives of Saints (Athanasius the Great, Alexios, Anastasia, Anastasios the Persian, Apostolos the New, Barbara, Eleutherios, Seven Children, Euthymios the Great, Eustathius, Eustathius the New, Elijah the Prophet, Ignatius, John of Damascus, John the Hut-dweller, Joseph the All-Comely, Cosmas and Damian the Unmercenaries, Kyriaki, Constantine and Helen, Mary of Egypt, Mary the Venerable, Marina, Matthew the Evangelist, Matrona the Venerable, Nicholas the Wonderworker, Xene the Venerable, Onuphrius the Egyptian, Panteleimon, Paraskevi, Sampson the Innkeeper, Tryphon, Photini, Charalambos)",Ἕκαστον φυλλάδιον ἐκ σ. 16,0.10,Δραχμαί,Price is per pamphlet
1904,IMG_1486.jpeg,ΘΡΗΣΚΕΥΤΙΚΑ,Religious Books,Βιβλία τοῦ λαοῦ,Ἀγάπιος Μοναχός,Agapios Monachos,"Βιβλίον καλούμενον Κυριακοδρόμιον, ἤγουν Διδαχαὶ καὶ Ὁμιλίαι εἰς τὰς Κυριακὰς ὅλου τοῦ ἐνιαυτοῦ, συλλεχθεῖσαι παρὰ Ἀγαπίου Μοναχοῦ","Book called Kyriakodromion, i.e., Teachings and Sermons for the Sundays of the Whole Year, collected by Agapios the Monk","4ον, σελίδες 295, ἔκδ. Βενετίας, χαρτόδ. ++",20.—,Δραχμαί,
1904,IMG_1486.jpeg,ΘΡΗΣΚΕΥΤΙΚΑ,Religious Books,Βιβλία τοῦ λαοῦ,Ανώνυμος,Anonymous,Βίος καὶ Πολιτεία τοῦ ἁγίου Χαραλάμπους,Life and Conduct of Saint Charalambos,σελίδες 16,0.10,Δραχμαί,
1904,IMG_1486.jpeg,ΘΡΗΣΚΕΥΤΙΚΑ,Religious Books,Βιβλία τοῦ λαοῦ,Ανώνυμος,Anonymous,Βίος καὶ Πολιτεία τοῦ ἁγίου Τρύφωνος,Life and Conduct of Saint Tryphon,σελίδες 16,0.10,Δραχμαί,
1904,IMG_1486.jpeg,ΘΡΗΣΚΕΥΤΙΚΑ,Religious Books,Βιβλία τοῦ λαοῦ,Ανώνυμος,Anonymous,Βίος καὶ Πολιτεία τῶν ἁγίων Κοσμᾶ καὶ Δαμιανοῦ,Life and Conduct of Saints Cosmas and Damian,σελίδες 16,0.10,Δραχμαί,
1904,IMG_1486.jpeg,ΘΡΗΣΚΕΥΤΙΚΑ,Religious Books,Βιβλία τοῦ λαοῦ,Ανώνυμος,Anonymous,Βίος καὶ Πολιτεία τῶν ἁγίων ἑπτὰ Παίδων τῶν ἐν Ἐφέσῳ κοιμηθέντων,Life and Conduct of the Holy Seven Children who slept in Ephesus,σελίδες 16,0.10,Δραχμαί,
1904,IMG_1486.jpeg,ΘΡΗΣΚΕΥΤΙΚΑ,Religious Books,Βιβλία τοῦ λαοῦ,Ανώνυμος,Anonymous,Βίος καὶ Πολιτεία τοῦ ἁγίου ΔημΗτρίου τοῦ Μυροβλήτου,Life and Conduct of Saint Demetrius the Myroblyte,σ. 32,0.20,Δραχμαί,
1904,IMG_1486.jpeg,ΘΡΗΣΚΕΥΤΙΚΑ,Religious Books,Βιβλία τοῦ λαοῦ,Ανώνυμος,Anonymous,Βίος καὶ Πολιτεία τοῦ ἁγίου μεγαλομάρτυρος Γεωργίου,Life and Conduct of the Holy Great Martyr George,σελ. 31,0.20,Δραχμαί,
1904,IMG_1486.jpeg,ΘΡΗΣΚΕΥΤΙΚΑ,Religious Books,Βιβλία τοῦ λαοῦ,Ανώνυμος,Anonymous,Βίος καὶ Πολιτεία τοῦ ἁγίου Βασιλείου τοῦ Μεγάλου,Life and Conduct of Saint Basil the Great,σελίδες 32,0.20,Δραχμαί,
1904,IMG_1486.jpeg,ΘΡΗΣΚΕΥΤΙΚΑ,Religious Books,Βιβλία τοῦ λαοῦ,Νικόδημος Ἁγιορείτης,Nicodemus the Hagiorite,"Βιβλίον ψυχωφελέστατον καλούμενον Ἀόρατος Πόλεμος, συντεθὲν μὲν πρὶν παρά τινος σοφοῦ ἀνδρός, τελειοποιηθὲν δὲ καὶ διορθωθὲν παρὰ τοῦ ὁσιωτάτου ἐν μοναχοῖς Νικοδήμου","Most Soul-Profiting Book Called Unseen Warfare, Composed Formerly by a Wise Man, Completed and Corrected by the Most Venerable among Monks Nicodemus","4ον, σελίδες 192, ἔκδ. Βενετίας ++",15.—,Δραχμαί,
1904,IMG_1487.jpeg,ΘΡΗΣΚΕΥΤΙΚΑ,Religious Books,Βιβλία τοῦ λαοῦ,—,—,Κανὼν Παρακλητικὸς τοῦ ἁγίου μεγαλομάρτυρος Γεωργίου τοῦ Κωδωνᾶ,Supplicatory Canon to Saint Great Martyr George Kodonas,"8ον, σελίδες 20 *",1.—,Δρχ.,
1904,IMG_1487.jpeg,ΘΡΗΣΚΕΥΤΙΚΑ,Religious Books,Βιβλία τοῦ λαοῦ,Αθανάσιος Βαρούχας,Athanasios Varouchas,"Λόγοι ψυχωφελεῖς εἰς τὸ Σωτήριον πάθος καὶ εἰς τὴν ἔνδοξον ἀνάστασιν τοῦ Κυρίου ἡμῶν Ἰησοῦ Χριστοῦ, ὑπὸ ΑΘ. ΒΑΡΟΥΧΑ","Soul-Profiting Sermons on the Saving Passion and Glorious Resurrection of Our Lord Jesus Christ, by Ath. Varouchas","8ον, σελίδες 96, έκδ. Βενετίας +",2.—,Δρχ.,
1904,IMG_1487.jpeg,ΘΡΗΣΚΕΥΤΙΚΑ,Religious Books,Βιβλία τοῦ λαοῦ,—,—,Λόγοι πολὺ ὠφέλιμοι ἐκ τῶν ἁγίων Πατέρων καὶ Ἀσκητῶν περὶ ψυχικῆς σωτηρίας,Very Useful Sermons from the Holy Fathers and Ascetics on the Salvation of the Soul,"32ον, σελίδες 16 *",0.10,Δρχ.,
1904,IMG_1487.jpeg,ΘΡΗΣΚΕΥΤΙΚΑ,Religious Books,Βιβλία τοῦ λαοῦ,Ἀβραάμ,Abraham,"Λόγος κατανυκτικὸς καὶ θαυμάσιος τοῦ ἁγίου καὶ δικαίου Ἀβραάμ, λεγόμενον ἰδιόσιον αὐτοῦ",Contrite and Wonderful Sermon of Saint and Righteous Abraham...,"32ον, σ. 16 *",0.20,Δρχ.,
1904,IMG_1487.jpeg,ΘΡΗΣΚΕΥΤΙΚΑ,Religious Books,Βιβλία τοῦ λαοῦ,—,—,Μαρτύριον τοῦ ἁγίου μεγαλομάρτυρος Εὐσταθίου τοῦ νέου Ἰὼβ καὶ τῆς συζύγου αὐτοῦ Θεοπίστης,Martyrdom of Saint Great Martyr Eustathios the New Job and His Wife Theopiste,σ. 16 *,0.10,Δρχ.,
1904,IMG_1487.jpeg,ΘΡΗΣΚΕΥΤΙΚΑ,Religious Books,Βιβλία τοῦ λαοῦ,Ἰωάννης ὁ Χρυσόστομος,John Chrysostom,"Μαργαρῖται, ἤτοι Λόγοι διάφοροι τοῦ ἐν ἁγίοις πατρὸς ἡμῶν Ἰωάννου τοῦ Χρυσοστόμου καὶ ἑτέρων ἁγίων Πατέρων μεταφρασθέντες εἰς ἁπλῆν γλῶσσαν πρὸς κοινὴν τῶν ὀρθοδόξων Χριστιανῶν ὠφέλειαν","Pearls (Margaritai), or Various Discourses of Our Holy Father John Chrysostom and Other Holy Fathers Translated into Simple Language...","4ον, σελίδες 303, έκδ. Βενετίας +",18.—,Δρχ.,
1904,IMG_1487.jpeg,ΘΡΗΣΚΕΥΤΙΚΑ,Religious Books,Βιβλία τοῦ λαοῦ,Ἰωάννης ὁ Χρυσόστομος,John Chrysostom,Μαργαρῖται (Τὸ αὐτὸ έκδ. Ἀθηνῶν),"Pearls (Margaritai - The same, Athens edition)",σ. 384 +,10.—,Δρχ.,
1904,IMG_1487.jpeg,ΘΡΗΣΚΕΥΤΙΚΑ,Religious Books,Βιβλία τοῦ λαοῦ,—,—,Μαρτυρολόγιον τοῦ ἁγίου ἐνδόξου μεγαλομάρτυρος Γεωργίου τοῦ Τροπαιοφόρου ὁμοῦ καὶ μερικῶν θαυμάτων διήγησις,Martyrology of Saint Glorious Great Martyr George the Trophy-Bearer Together with the Account of Some Miracles,"32ον, σελίδες 64 *",0.20,Δρχ.,
1904,IMG_1487.jpeg,ΘΡΗΣΚΕΥΤΙΚΑ,Religious Books,Βιβλία τοῦ λαοῦ,—,—,Ἱστορία ἀκριβὴς περὶ τῶν κατὰ τὴν Σταύρωσιν καὶ Ἀνάστασιν τοῦ Κυρίου καὶ Σωτῆρος ἡμῶν Ἰησοῦ Χριστοῦ τελεσθέντων,Accurate History of the Events at the Crucifixion and Resurrection of Our Lord and Saviour Jesus Christ,σελίδες 61 ++,3.—,Δρχ.,
1904,IMG_1487.jpeg,ΘΡΗΣΚΕΥΤΙΚΑ,Religious Books,Βιβλία τοῦ λαοῦ,—,—,Λόγος περὶ βλασφημίας καὶ Βίος Ἰούδα τοῦ Ἰσκαριώτου,Sermon on Blasphemy and Life of Judas Iscariot,σ. 31 *,1.—,Δρχ.,
1904,IMG_1487.jpeg,ΘΡΗΣΚΕΥΤΙΚΑ,Religious Books,Βιβλία τοῦ λαοῦ,Ν. Κ. Κ. Κ.,N. K. K. K.,"Ἱερὰ Συλλογή, ἐρανισθεῖσα ἐκ τοῦ Ἑορτοδρομίου καὶ περιέχουσα ἑρμηνείας τῶν Καταβασιῶν τοῦ Πάσχα καὶ διαφόρους ἐκκλησιαστικοὺς ἐπιταφίους καὶ πανηγυρικοὺς λόγους, πρὸς χρῆσιν τοῦ λαοῦ, ὑπὸ Ν. Κ. Κ. Κ.","Sacred Collection, Gathered from the Heortodromion and Containing Interpretations of the Katavasiai of Pascha...",σ. 68 ++,3.—,Δρχ.,
1904,IMG_1487.jpeg,ΘΡΗΣΚΕΥΤΙΚΑ,Religious Books,Βιβλία τοῦ λαοῦ,Π. Γ. Σ.,P. G. S.,"Περὶ μελλούσης ζωῆς, συνταχθὲν ἐκ διαφόρων ἱερῶν βιβλίων τῆς τοῦ Χριστοῦ Ἐκκλησίας, ὑπὸ Π. Γ. Σ.","On the Life to Come, Compiled from Various Sacred Books of Christ's Church, by P. G. S.","8ον, σελίδες 32 ++",1.20,Δρχ.,
1904,IMG_1487.jpeg,ΘΡΗΣΚΕΥΤΙΚΑ,Religious Books,Βιβλία τοῦ λαοῦ,Α. Γεωργίου,A. Georgiou,"Θύρα τῆς Μετανοίας, ἤτοι Βίβλος κατανυκτικὴ καὶ ψυχωφελεστάτη, περιέχουσα τὰ τέσσαρα ἔσχατα τοῦ ἀνθρώπου, Θάνατον, Κρίσιν, Ἅδην καὶ Παράδεισον, έκδ. Α. ΓΕΩΡΓΙΟΥ","Door of Repentance, or Soul-Profiting Book Containing the Four Last Things of Man: Death, Judgment, Hell, and Paradise","8ον, σελ. 253 +",10.—,Δρχ.,
1904,IMG_1487.jpeg,ΘΡΗΣΚΕΥΤΙΚΑ,Religious Books,Βιβλία τοῦ λαοῦ,Σολομῶν,Solomon,Διήγησις Σολομῶντος,Account of Solomon,"32ον, σ. 32 *",0.20,Δρχ.,
1904,IMG_1487.jpeg,ΘΡΗΣΚΕΥΤΙΚΑ,Religious Books,Βιβλία τοῦ λαοῦ,Α. Γεωργίου,A. Georgiou,Θύρα τῆς Μετανοίας (Τὸ αὐτὸ δεδεμένον),"Door of Repentance (The same, bound)",+,15.—,Δρχ.,
1904,IMG_1487.jpeg,ΘΡΗΣΚΕΥΤΙΚΑ,Religious Books,Βιβλία τοῦ λαοῦ,Μελέτιος Καλλονᾶς,Meletios Kallonas,"Εἴκοσι τέσσαρες Οἶκοι τῆς Ὑπεραγίας Δεσποίνης ἡμῶν Θεοτόκου καὶ Ἀειπαρθένου Μαρίας, εἰς τὴν ἁπλῆν γλῶσσαν παραφραστικῶς μετενεχθέντες παρὰ τοῦ ἐν Ἱερομονάχοις Μελετίου Καλλονᾶ","Twenty-Four Stanzas to Our Most Holy Lady Theotokos and Ever-Virgin Mary, Paraphrased into Simple Language...","32ον, σ. 104, Βενετίας++",1.20,Δρχ.,
1904,IMG_1487.jpeg,ΘΡΗΣΚΕΥΤΙΚΑ,Religious Books,Βιβλία τοῦ λαοῦ,—,—,Εἴκοσι τέσσαρες Οἶκοι τῆς Θεοτόκου,Twenty-Four Stanzas to the Theotokos,"32ον, σελίδες 15 *",0.20,Δρχ.,
1904,IMG_1487.jpeg,ΘΡΗΣΚΕΥΤΙΚΑ,Religious Books,Βιβλία τοῦ λαοῦ,Κ. Χρηστίδης,K. Christidis,"Εἰκονογραφημένον Ἑορτολόγιον, ἤτοι Συλλογὴ ἐξ ἱερῶν πηγῶν τῶν ἑορτῶν καὶ ἑρμηνεῖαι αὐτῶν καὶ συντόμου βιογραφίας τῶν ἑορταζομένων ἁγίων μετὰ τῶν τροπαρίων καὶ τῶν καταλλήλων εἰκόνων","Illustrated Menologion, or Collection from Sacred Sources of the Feasts and their Interpretations and Short Biographies of Celebrated Saints...",σ. 34X,6.—,Δρχ.,
1904,IMG_1487.jpeg,ΘΡΗΣΚΕΥΤΙΚΑ,Religious Books,Βιβλία τοῦ λαοῦ,—,—,Ἐπιτάφιος Θρῆνος,Lamentations at the Tomb (Epitaphios Threnos),σελ. 32 *,0.20,Δρχ.,
1904,IMG_1487.jpeg,ΘΡΗΣΚΕΥΤΙΚΑ,Religious Books,Βιβλία τοῦ λαοῦ,Δαμασκηνὸς Στουδίτης,Damaskinos Studites,"Θησαυρὸς Δαμασκηνοῦ, μετὰ προσθήκης ἑτέρων ἑπτὰ λόγων ψυχωφελεστάτων καὶ ἐξηγήσεως τοῦ «Πάτερ ἡμῶν», έκδ. Βενετίας","Treasure of Damaskinos, with the Addition of Seven Other Soul-Profiting Sermons and Explanation of the 'Our Father', Venice Edition","4ον, σ. 432, χαρτόδ. ++",20.—,Δρχ.,
1904,IMG_1487.jpeg,ΘΡΗΣΚΕΥΤΙΚΑ,Religious Books,Βιβλία τοῦ λαοῦ,Δαμασκηνὸς Θεσσαλονικεύς,Damaskinos of Thessalonica,"Θησαυρὸς Δαμασκηνοῦ τοῦ Θεσσαλονικέως μετὰ προσθήκης, ἐν τῷ τέλει ἑτέρων ἑπτὰ λόγων ψυχωφελεστάτων καὶ ἐξηγήσεως τοῦ «Πάτερ ἡμῶν», νεωστὶ μετατυπωθεὶς καὶ ἐπιμελῶς διορθωθεὶς πρὸς ψυχικὴν τῶν Ὀρθοδόξων ὠφέλειαν μετὰ προσθήκης πολλῶν εἰκόνων","Treasure of Damaskinos of Thessalonica, with Addition at the End of Seven Other Soul-Profiting Sermons...","4ον, σελίδες 435, έκδ. Ἀθηνῶν +",10.—,Δρχ.,
1904,IMG_1487.jpeg,ΘΡΗΣΚΕΥΤΙΚΑ,Religious Books,Βιβλία τοῦ λαοῦ,Δαμασκηνὸς Θεσσαλονικεύς,Damaskinos of Thessalonica,Θησαυρὸς Δαμασκηνοῦ τοῦ Θεσσαλονικέως (Τὸ αὐτὸ δεδεμένον),"Treasure of Damaskinos of Thessalonica (The same, bound)",+,15.—,Δρχ.,
1904,IMG_1487.jpeg,ΘΡΗΣΚΕΥΤΙΚΑ,Religious Books,Βιβλία τοῦ λαοῦ,—,—,"Ἐξήγησις τῆς θείας καὶ ἱερᾶς Λειτουργίας εἰς ἁπλῆν φράσιν, πάνυ ὠφέλιμος καὶ συντομωτάτη","Explanation of the Divine and Sacred Liturgy in Simple Language, Very Beneficial and Concise","32ον, σ. 48++",3.—,Δρχ.,
1904,IMG_1488.jpeg,ΒΙΒΛΙΟΘΗΚΗ ΜΑΡΑΣΛΗ,Maraslis Library,Δ΄ ΒΙΒΛΙΟΘΗΚΗ ΜΑΡΑΣΛΗ,ΓΡΗΓΟΡΟΒΙΟΥ ΦΕΡΔΙΝΑΝΔΟΥ,Ferdinand Gregorovius,"Ἱστορία τῆς πόλεως Ἀθηνῶν κατὰ τοὺς μέσους αἰῶνας..., μεταφρασθεῖσα... ὑπὸ Σπυρίδωνος Π. Λάμπρου - Τόμος Β΄","History of the City of Athens in the Middle Ages..., translated by Spyridon P. Lambros - Volume B",(τεύχη 3),,Δρ.,Translated by Spyridon P. Lambros
1904,IMG_1488.jpeg,ΒΙΒΛΙΟΘΗΚΗ ΜΑΡΑΣΛΗ,Maraslis Library,Δ΄ ΒΙΒΛΙΟΘΗΚΗ ΜΑΡΑΣΛΗ,ΓΡΗΓΟΡΟΒΙΟΥ ΦΕΡΔΙΝΑΝΔΟΥ,Ferdinand Gregorovius,"Ἱστορία τῆς πόλεως Ἀθηνῶν κατὰ τοὺς μέσους αἰῶνας ἀπὸ τοῦ Ἰουστινιανοῦ μέχρι τῆς ὑπὸ τῶν Τούρκων κατακτήσεως, μεταφρασθεῖσα ἐκ τοῦ γερμανικοῦ μετὰ διορθώσεων καὶ προσθηκῶν, ὑπὸ Σπυρίδωνος Π. Λάμπρου - Τόμος Α΄","History of the City of Athens in the Middle Ages from Justinian to the Conquest by the Turks, translated from German with corrections and additions by Spyridon P. Lambros - Volume A",σελ 576 (τεύχη 3),27,Δρ.,Translated by Spyridon P. Lambros
1904,IMG_1488.jpeg,ΒΙΒΛΙΟΘΗΚΗ ΜΑΡΑΣΛΗ,Maraslis Library,Δ΄ ΒΙΒΛΙΟΘΗΚΗ ΜΑΡΑΣΛΗ,ΓΟΓΟΛ Ν.,Nikolai Gogol,"Πανδρολογήματα, κωμῳδία εἰς δύο πράξεις, μεταφρασθεῖσα ὑπὸ Ἀγ. Γ. Κωνσταντινίδου","Marriage, a comedy in two acts, translated by Ag. G. Konstantinidis",σελ. 147—247,9,Δρ.,Translated by Ag. G. Konstantinidis
1904,IMG_1488.jpeg,ΒΙΒΛΙΟΘΗΚΗ ΜΑΡΑΣΛΗ,Maraslis Library,Δ΄ ΒΙΒΛΙΟΘΗΚΗ ΜΑΡΑΣΛΗ,ΓΙΡΑΡΔΙΝΟΥ ΣΑΙΜΜΑΡΚΟΥ,Saint-Marc Girardin,"Μαθήματα Δραματολογίας, κατὰ μετάφρασιν Ἀγγέλου Βλάχου - Τόμος Δ΄","Lessons in Dramatology, translated by Angelos Vlachos - Volume D",596 (τεύχη 3),27,Δρ.,Translated by Angelos Vlachos
1904,IMG_1488.jpeg,ΒΙΒΛΙΟΘΗΚΗ ΜΑΡΑΣΛΗ,Maraslis Library,Δ΄ ΒΙΒΛΙΟΘΗΚΗ ΜΑΡΑΣΛΗ,ΓΙΡΑΡΔΙΝΟΥ ΣΑΙΜΜΑΡΚΟΥ,Saint-Marc Girardin,"Μαθήματα Δραματολογίας, κατὰ μετάφρασιν Ἀγγέλου Βλάχου - Τόμος Γ΄","Lessons in Dramatology, translated by Angelos Vlachos - Volume C",564 (τεύχη 3),27,Δρ.,Translated by Angelos Vlachos
1904,IMG_1488.jpeg,ΒΙΒΛΙΟΘΗΚΗ ΜΑΡΑΣΛΗ,Maraslis Library,Δ΄ ΒΙΒΛΙΟΘΗΚΗ ΜΑΡΑΣΛΗ,ΓΙΡΑΡΔΙΝΟΥ ΣΑΙΜΜΑΡΚΟΥ,Saint-Marc Girardin,"Μαθήματα Δραματολογίας, κατὰ μετάφρασιν Ἀγγέλου Βλάχου - Τόμος Β΄","Lessons in Dramatology, translated by Angelos Vlachos - Volume B",502 (τεύχη 3),27,Δρ.,Translated by Angelos Vlachos
1904,IMG_1488.jpeg,ΒΙΒΛΙΟΘΗΚΗ ΜΑΡΑΣΛΗ,Maraslis Library,Δ΄ ΒΙΒΛΙΟΘΗΚΗ ΜΑΡΑΣΛΗ,ΓΙΛΒΕΡΤ ΓΟΥΣΤΑΥΟΥ,Gustav Gilbert,"Ἐγχειρίδιον Ἀρχαιολογίας τοῦ Δημοσίου βίου τῶν Ἑλλήνων, κατὰ μετάφρασιν Ν. Γ. Πολίτου - Τόμος Α΄","Handbook of Archaeology of Greek Public Life, translated by N. G. Politis - Volume A",σελ. 602 (τεύχη 3),27,Δρ.,Translated by N. G. Politis
1904,IMG_1488.jpeg,ΒΙΒΛΙΟΘΗΚΗ ΜΑΡΑΣΛΗ,Maraslis Library,Δ΄ ΒΙΒΛΙΟΘΗΚΗ ΜΑΡΑΣΛΗ,ΓΙΡΑΡΔΙΝΟΥ ΣΑΙΜΜΑΡΚΟΥ,Saint-Marc Girardin,"Μαθήματα Δραματολογίας, κατὰ μετάφρασιν Ἀγγέλου Βλάχου - Τόμος Α΄","Lessons in Dramatology, translated by Angelos Vlachos - Volume A",σελ. 428 (τεύχη 2),18,Δρ.,Translated by Angelos Vlachos
1904,IMG_1488.jpeg,ΒΙΒΛΙΟΘΗΚΗ ΜΑΡΑΣΛΗ,Maraslis Library,Δ΄ ΒΙΒΛΙΟΘΗΚΗ ΜΑΡΑΣΛΗ,ΓΑΣΠΑΡΗ ΑΔ.,Adolf Gaspary,"Ἱστορία τῆς ἰταλικῆς Λογοτεχνίας, μεταφρασθεῖσα ὑπὸ Ἀγγέλου Βλάχου - Τόμος Α΄: Ἡ Ἰταλικὴ Λογοτεχνία κατὰ τὸν μέσον αἰῶνα","History of Italian Literature, translated by Angelos Vlachos - Volume A: Italian Literature in the Middle Ages",σελίδες 712 (τεύχη 4),36,Δρ.,Translated by Angelos Vlachos
1904,IMG_1488.jpeg,ΒΙΒΛΙΟΘΗΚΗ ΜΑΡΑΣΛΗ,Maraslis Library,Δ΄ ΒΙΒΛΙΟΘΗΚΗ ΜΑΡΑΣΛΗ,ΒΛΑΧΟΥ ΑΓ.,Ag. Vlachos,"Ἀνάλεκτα - Τόμος Β΄: Κρίσεις, Ἀναμνήσεις καὶ Ἐντυπώσεις","Analecta - Volume B: Reviews, Memories and Impressions",σελ. 391,20,Δρ.,
1904,IMG_1488.jpeg,ΒΙΒΛΙΟΘΗΚΗ ΜΑΡΑΣΛΗ,Maraslis Library,Δ΄ ΒΙΒΛΙΟΘΗΚΗ ΜΑΡΑΣΛΗ,ΒΛΑΧΟΥ ΑΓ.,Ag. Vlachos,"Ἀνάλεκτα - Τόμος Α΄: Διηγήματα, Κοινωνικαὶ εἰκόνες καὶ Μελέται","Analecta - Volume A: Short Stories, Social Sketches and Studies",σ. β΄-424,20,Δρ.,
1904,IMG_1488.jpeg,ΒΙΒΛΙΟΘΗΚΗ ΜΑΡΑΣΛΗ,Maraslis Library,Δ΄ ΒΙΒΛΙΟΘΗΚΗ ΜΑΡΑΣΛΗ,ΒΕΡΤΟΛΙΝΗ ΦΡ.,Fr. Bertolini,Ἱστορία τῆς ἰταλικῆς παλιγγενεσίας κατὰ μετάφρασιν Χ. Ἀννίνου - Τόμος Β΄,"History of Italian Risorgimento, translated by Ch. Anninos - Volume B",σελ. 654 (τεύχη 4),36,Δρ.,Translated by Ch. Anninos
1904,IMG_1488.jpeg,ΒΙΒΛΙΟΘΗΚΗ ΜΑΡΑΣΛΗ,Maraslis Library,Δ΄ ΒΙΒΛΙΟΘΗΚΗ ΜΑΡΑΣΛΗ,ΒΕΡΤΟΛΙΝΗ ΦΡ.,Fr. Bertolini,Ἱστορία τῆς ἰταλικῆς παλιγγενεσίας κατὰ μετάφρασιν Χ. Ἀννίνου - Τόμος Α΄,"History of Italian Risorgimento, translated by Ch. Anninos - Volume A",σελ. 688 (τεύχη 4),36,Δρ.,Translated by Ch. Anninos
1904,IMG_1488.jpeg,ΒΙΒΛΙΟΘΗΚΗ ΜΑΡΑΣΛΗ,Maraslis Library,Δ΄ ΒΙΒΛΙΟΘΗΚΗ ΜΑΡΑΣΛΗ,ΒΑΣΙΛΕΙΟΥ Μητροπολίτου Ἀγχιάλου,"Vasilios, Metropolitan of Anchialos",Περὶ τοῦ Ἁγίου Γρηγορίου τοῦ Θεολόγου Μελέτη,Study on Saint Gregory the Theologian,σελίδες 193,9,Δρ.,
1904,IMG_1488.jpeg,ΒΙΒΛΙΟΘΗΚΗ ΜΑΡΑΣΛΗ,Maraslis Library,Δ΄ ΒΙΒΛΙΟΘΗΚΗ ΜΑΡΑΣΛΗ,ΒΑΣΗ ΣΠ. Π.,Sp. P. Basis,Ῥωμαίων Πολιτεία ἡ βασιλευομένη καὶ ἡ ἐλευθέρα,Roman Polity: The Monarchy and the Republic,σελίδες ιϛ΄— 801,70,Δρ.,
1904,IMG_1488.jpeg,ΒΙΒΛΙΟΘΗΚΗ ΜΑΡΑΣΛΗ,Maraslis Library,Δ΄ ΒΙΒΛΙΟΘΗΚΗ ΜΑΡΑΣΛΗ,ΓΑΣΠΑΡΗ ΑΔ.,Adolf Gaspary,"Ἱστορία τῆς ἰταλικῆς Λογοτεχνίας, μεταφρασθεῖσα ὑπὸ Ἀγγέλου Βλάχου - Τόμος Β΄: Ἡ Ἰταλικὴ Λογοτεχνία τῶν χρόνων τῆς Ἀναγεννήσεως","History of Italian Literature, translated by Angelos Vlachos - Volume B: Italian Literature of the Renaissance Period",σελίδες 943 (τεύχη 5),45,Δρ.,Translated by Angelos Vlachos
1904,IMG_1489.jpeg,ΒΙΒΛΙΟΘΗΚΗ ΜΑΡΑΣΛΗ,Maraslis Library,Δ΄ ΒΙΒΛΙΟΘΗΚΗ ΜΑΡΑΣΛΗ,ΚΡΟΥΜΒΑΧΕΡ,Karl Krumbacher,"Ἱστορία τῆς Βυζαντηνῆς λογοτεχνίας, μεταφρασθεῖσα ὑπὸ Γεωργίου Σωτηριάδου: Τόμος Β΄","History of Byzantine Literature, translated by Georgios Sotiriadis: Vol. B",σελ. 770 (τεύχη 4),36,Δρχ.,
1904,IMG_1489.jpeg,ΒΙΒΛΙΟΘΗΚΗ ΜΑΡΑΣΛΗ,Maraslis Library,Δ΄ ΒΙΒΛΙΟΘΗΚΗ ΜΑΡΑΣΛΗ,ΚΡΟΥΜΒΑΧΕΡ,Karl Krumbacher,"Ἱστορία τῆς Βυζαντηνῆς λογοτεχνίας, μεταφρασθεῖσα ὑπὸ Γεωργίου Σωτηριάδου: Τόμος Γ΄","History of Byzantine Literature, translated by Georgios Sotiriadis: Vol. C",σελ. 832 (τεύχη 4),36,Δρχ.,
1904,IMG_1489.jpeg,ΒΙΒΛΙΟΘΗΚΗ ΜΑΡΑΣΛΗ,Maraslis Library,Δ΄ ΒΙΒΛΙΟΘΗΚΗ ΜΑΡΑΣΛΗ,LANGLOIS & SEIGNOBOS,Victor Langlois & Charles Seignobos,"Εἰσαγωγὴ εἰς τὰς Ἱστορικὰς Μελέτας, κατὰ μετάφρασιν Σπυρίδωνος Π. Λάμπρου","Introduction to the Study of History, translated by Spyridon P. Lampros",σελ. 333,18,Δρχ.,
1904,IMG_1489.jpeg,ΒΙΒΛΙΟΘΗΚΗ ΜΑΡΑΣΛΗ,Maraslis Library,Δ΄ ΒΙΒΛΙΟΘΗΚΗ ΜΑΡΑΣΛΗ,ΛΕΣΣΙΓΓ,Gotthold Ephraim Lessing,"Λαοκόων ἢ περὶ τῶν ὁρίων τῆς Ζωγραφικῆς καὶ τῆς Ποιήσεως, κατὰ μετάφρασιν Ἀ. Προβελεγγίου","Laocoön or On the Limits of Painting and Poetry, translated by A. Provelengios",σ. 251,9,Δρχ.,
1904,IMG_1489.jpeg,ΒΙΒΛΙΟΘΗΚΗ ΜΑΡΑΣΛΗ,Maraslis Library,Δ΄ ΒΙΒΛΙΟΘΗΚΗ ΜΑΡΑΣΛΗ,ΛΕΦΑ Π.,P. Lefas,"Ῥωσσικὰ Διηγήματα Β. Γάρσω, Μ. Γόρκυ, Ἀ. Τσέχωβ, Β. Κορολένκω, Λ. Τολοστόη, μετὰ βιογραφικῶν καὶ κριτικῶν παρατηρήσεων","Russian Stories by V. Garshin, M. Gorky, A. Chekhov, V. Korolenko, L. Tolstoy, with biographical and critical notes",σ. 317,12,Δρχ.,
1904,IMG_1489.jpeg,ΒΙΒΛΙΟΘΗΚΗ ΜΑΡΑΣΛΗ,Maraslis Library,Δ΄ ΒΙΒΛΙΟΘΗΚΗ ΜΑΡΑΣΛΗ,ΜΑΚΩΛΕ·Υ·,Thomas Babington Macaulay,"Ἱστορία τῆς Ἀγγλίας, ἀπὸ τῆς βασιλείας Ἰακώβου τοῦ Β΄, μεταφρασθεῖσα ἐκ τοῦ ἀγγλικοῦ ὑπὸ Ἐ. Ῥοΐδου: Τόμος Α΄","History of England, from the Accession of James II, translated from English by E. Roidis: Vol. A",σελ. ζ΄-480 (τεύχη 3),27,Δρχ.,
1904,IMG_1489.jpeg,ΒΙΒΛΙΟΘΗΚΗ ΜΑΡΑΣΛΗ,Maraslis Library,Δ΄ ΒΙΒΛΙΟΘΗΚΗ ΜΑΡΑΣΛΗ,ΜΑΚΩΛΕ·Υ·,Thomas Babington Macaulay,"Ἱστορία τῆς Ἀγγλίας, ἀπὸ τῆς βασιλείας Ἰακώβου τοῦ Β΄: Τόμος Ε΄","History of England, from the Accession of James II: Vol. E",σελ. 536 (τεύχη 3),27,Δρχ.,
1904,IMG_1489.jpeg,ΒΙΒΛΙΟΘΗΚΗ ΜΑΡΑΣΛΗ,Maraslis Library,Δ΄ ΒΙΒΛΙΟΘΗΚΗ ΜΑΡΑΣΛΗ,ΜΑΚΩΛΕ·Υ·,Thomas Babington Macaulay,"Ἱστορία τῆς Ἀγγλίας, ἀπὸ τῆς βασιλείας Ἰακώβου τοῦ Β΄: Τόμος Γ΄","History of England, from the Accession of James II: Vol. C",σελ. 738 (τεύχη 4),36,Δρχ.,
1904,IMG_1489.jpeg,ΒΙΒΛΙΟΘΗΚΗ ΜΑΡΑΣΛΗ,Maraslis Library,Δ΄ ΒΙΒΛΙΟΘΗΚΗ ΜΑΡΑΣΛΗ,ΜΑΚΩΛΕ·Υ·,Thomas Babington Macaulay,"Ἱστορία τῆς Ἀγγλίας, ἀπὸ τῆς βασιλείας Ἰακώβου τοῦ Β΄: Τόμος Δ΄","History of England, from the Accession of James II: Vol. D",σελ. 538 (τεύχη 3),27,Δρχ.,
1904,IMG_1489.jpeg,ΒΙΒΛΙΟΘΗΚΗ ΜΑΡΑΣΛΗ,Maraslis Library,Δ΄ ΒΙΒΛΙΟΘΗΚΗ ΜΑΡΑΣΛΗ,ΜΑΚΩΛΕ·Υ·,Thomas Babington Macaulay,"Ἱστορία τῆς Ἀγγλίας, ἀπὸ τῆς βασιλείας Ἰακώβου τοῦ Β΄: Τόμος ΣΤ΄","History of England, from the Accession of James II: Vol. F",σελ. 751 (τεύχη 4),36,Δρχ.,
1904,IMG_1489.jpeg,ΒΙΒΛΙΟΘΗΚΗ ΜΑΡΑΣΛΗ,Maraslis Library,Δ΄ ΒΙΒΛΙΟΘΗΚΗ ΜΑΡΑΣΛΗ,MAYET VALÉRY,Valéry Mayet,"Τὰ Βλαβερὰ Ἔντομα τῶν ἀμπέλων, κατὰ μετάφρασιν Ν. Κ. Γερμανοῦ, μετὰ τροποποιήσεων καὶ προσθηκῶν","Insect Pests of Vines, translated by N. K. Germanos, with modifications and additions",σελ. ια΄—501 (τεύχη 2),18,Δρχ.,
1904,IMG_1489.jpeg,ΒΙΒΛΙΟΘΗΚΗ ΜΑΡΑΣΛΗ,Maraslis Library,Δ΄ ΒΙΒΛΙΟΘΗΚΗ ΜΑΡΑΣΛΗ,PODWISSOZKY V. V.,Valery Podvysotsky,"Στοιχεῖα γενικῆς καὶ πειραματικῆς Παθολογίας ἢ Ἐγχειρίδιον φυσιολογίας τοῦ ἀσθενοῦς ὀργανισμοῦ, μεταφρασθὲν ἐκ τῆς τρίτης ῥωσ-","Elements of General and Experimental Pathology or Manual of Physiology of the Diseased Organism, translated from the 3rd Russian [edition]",,,Δρχ.,Text continues on following page
1904,IMG_1489.jpeg,ΒΙΒΛΙΟΘΗΚΗ ΜΑΡΑΣΛΗ,Maraslis Library,Δ΄ ΒΙΒΛΙΟΘΗΚΗ ΜΑΡΑΣΛΗ,ΚΡΟΥΜΒΑΧΕΡ,Karl Krumbacher,"Ἱστορία τῆς Βυζαντηνῆς λογοτεχνίας, μεταφρασθεῖσα ὑπὸ Γεωργίου Σωτηριάδου: Τόμος Α΄","History of Byzantine Literature, translated by Georgios Sotiriadis: Vol. A",σελ. γ΄-828 (τεύχη 5),45,Δρχ.,
1904,IMG_1489.jpeg,ΒΙΒΛΙΟΘΗΚΗ ΜΑΡΑΣΛΗ,Maraslis Library,Δ΄ ΒΙΒΛΙΟΘΗΚΗ ΜΑΡΑΣΛΗ,ΜΑΚΩΛΕ·Υ·,Thomas Babington Macaulay,"Ἱστορία τῆς Ἀγγλίας, ἀπὸ τῆς βασιλείας Ἰακώβου τοῦ Β΄: Τόμος Β΄","History of England, from the Accession of James II: Vol. B",σελ. 439 (τεύχη 2),18,Δρχ.,
1904,IMG_1489.jpeg,ΒΙΒΛΙΟΘΗΚΗ ΜΑΡΑΣΛΗ,Maraslis Library,Δ΄ ΒΙΒΛΙΟΘΗΚΗ ΜΑΡΑΣΛΗ,ΚΟΥΡΤΙΟΥ ΕΡΝΕΣΤΟΥ,Ernst Curtius,"Ἑλληνικὴ Ἱστορία, μεταφρασθεῖσα ἐκ τῆς γερμανικῆς ὑπὸ Σπυρίδωνος Π. Λάμπρου: Τόμος Ε΄","History of Greece, translated from German by Spyridon P. Lampros: Vol. E",σελ. 617 (τεύχη 4),36,Δρχ.,
1904,IMG_1489.jpeg,ΒΙΒΛΙΟΘΗΚΗ ΜΑΡΑΣΛΗ,Maraslis Library,Δ΄ ΒΙΒΛΙΟΘΗΚΗ ΜΑΡΑΣΛΗ,ΠΑΠΑΔΟΠΟΥΛΟΥ ΚΕΡΑΜΕΩΣ Α.,Athanasios Papadopoulos-Kerameus,"Ὁ Ἀκάθιστος Ὕμνος, οἱ Ῥῶς καὶ ὁ Πατριάρχης Φώτιος","The Akathist Hymn, the Rus and Patriarch Photius",σελίδες 88,6,Δρχ.,
1904,IMG_1489.jpeg,ΒΙΒΛΙΟΘΗΚΗ ΜΑΡΑΣΛΗ,Maraslis Library,Δ΄ ΒΙΒΛΙΟΘΗΚΗ ΜΑΡΑΣΛΗ,ΚΟΥΡΤΙΟΥ ΕΡΝΕΣΤΟΥ,Ernst Curtius,"Ἑλληνικὴ Ἱστορία, μεταφρασθεῖσα ἐκ τῆς γερμανικῆς ὑπὸ Σπυρίδωνος Π. Λάμπρου: Τόμος Γ΄","History of Greece, translated from German by Spyridon P. Lampros: Vol. C",σελ. 696 (τεύχη 4),36,Δρχ.,
1904,IMG_1489.jpeg,ΒΙΒΛΙΟΘΗΚΗ ΜΑΡΑΣΛΗ,Maraslis Library,Δ΄ ΒΙΒΛΙΟΘΗΚΗ ΜΑΡΑΣΛΗ,ΚΟΥΡΤΙΟΥ ΕΡΝΕΣΤΟΥ,Ernst Curtius,"Ἑλληνικὴ Ἱστορία, μεταφρασθεῖσα ἐκ τῆς γερμανικῆς ὑπὸ Σπυρίδωνος Π. Λάμπρου: Τόμος Δ΄","History of Greece, translated from German by Spyridon P. Lampros: Vol. D",σελ. 617 (τεύχη 4),36,Δρχ.,
1904,IMG_1489.jpeg,ΒΙΒΛΙΟΘΗΚΗ ΜΑΡΑΣΛΗ,Maraslis Library,Δ΄ ΒΙΒΛΙΟΘΗΚΗ ΜΑΡΑΣΛΗ,CHRIST W.,Wilhelm von Christ,"Ἱστορία τῆς Ἑλληνικῆς Λογοτεχνίας, μεταφρασθεῖσα ὑπὸ Λ. Γ. Χ. Κώνστα","History of Greek Literature, translated by L. G. C. Konstas","Τόμος Α΄, σελ. 928 (τεύχη 5)",45,Δρχ.,
1904,IMG_1489.jpeg,ΒΙΒΛΙΟΘΗΚΗ ΜΑΡΑΣΛΗ,Maraslis Library,Δ΄ ΒΙΒΛΙΟΘΗΚΗ ΜΑΡΑΣΛΗ,ΔΡΟ·Υ·ΣΕΝ Ι. Γ.,Johann Gustav Droysen,Ἱστορία τοῦ Μακεδονικοῦ Ἑλληνισμοῦ: Τόμος Β΄ - Ἱστορία τῶν Διαδόχων,History of Macedonian Hellenism: Vol. B - History of the Diadochi,σελ. 792 (τεύχη 4),36,Δρχ.,
1904,IMG_1489.jpeg,ΒΙΒΛΙΟΘΗΚΗ ΜΑΡΑΣΛΗ,Maraslis Library,Δ΄ ΒΙΒΛΙΟΘΗΚΗ ΜΑΡΑΣΛΗ,ΔΡΟ·Υ·ΣΕΝ Ι. Γ.,Johann Gustav Droysen,Ἱστορία τοῦ Μακεδονικοῦ Ἑλληνισμοῦ: Τόμος Γ΄ α΄ - Ἱστορία τῶν Ἐπιγόνων,History of Macedonian Hellenism: Vol. C1 - History of the Epigoni,σελ. 539 (τεύχη 3),27,Δρχ.,
1904,IMG_1489.jpeg,ΒΙΒΛΙΟΘΗΚΗ ΜΑΡΑΣΛΗ,Maraslis Library,Δ΄ ΒΙΒΛΙΟΘΗΚΗ ΜΑΡΑΣΛΗ,ΔΡΟ·Υ·ΣΕΝ Ι. Γ.,Johann Gustav Droysen,Ἱστορία τοῦ Μακεδονικοῦ Ἑλληνισμοῦ: Τόμος Γ΄ β΄,History of Macedonian Hellenism: Vol. C2,σελ. 536 (τεύχη 3),27,Δρχ.,
1904,IMG_1489.jpeg,ΒΙΒΛΙΟΘΗΚΗ ΜΑΡΑΣΛΗ,Maraslis Library,Δ΄ ΒΙΒΛΙΟΘΗΚΗ ΜΑΡΑΣΛΗ,ΔΡΟ·Υ·ΣΕΝ Ι. Γ.,Johann Gustav Droysen,Ἱστορία τοῦ Μακεδονικοῦ Ἑλληνισμοῦ: Ἀλφαβητικὸς Πίναξ,History of Macedonian Hellenism: Alphabetical Index,σελ. 197 (τεῦχος 1),9,Δρχ.,
1904,IMG_1489.jpeg,ΒΙΒΛΙΟΘΗΚΗ ΜΑΡΑΣΛΗ,Maraslis Library,Δ΄ ΒΙΒΛΙΟΘΗΚΗ ΜΑΡΑΣΛΗ,HEAD BARCLAY V.,Barclay V. Head,"Ἱστορία τῶν Νομισμάτων, ἤτοι Ἐγχειρίδιον Ἑλληνικῆς Νομισματικῆς, μεταφρασθὲν ἐκ τῆς ἀγγλικῆς καὶ συμπληρωθὲν ὑπὸ Ἰωάννου Ν. Σβορώνου","History of Coins, or Handbook of Greek Numismatics, translated from English and supplemented by Ioannis N. Svoronos","Τόμος Α΄: Εὐρώπη (σελ. X-ρκδ΄-631), Τόμος Β΄: Ἀσία καὶ Ἀφρική (σελ. VIII-583, 5 πίνακες), Πίνακες Α΄-ΛΕ΄",120,Δρχ.,Grouped price for full set
1904,IMG_1489.jpeg,ΒΙΒΛΙΟΘΗΚΗ ΜΑΡΑΣΛΗ,Maraslis Library,Δ΄ ΒΙΒΛΙΟΘΗΚΗ ΜΑΡΑΣΛΗ,ΔΡΟ·Υ·ΣΕΝ Ι. Γ.,Johann Gustav Droysen,"Ἱστορία τοῦ Μακεδονικοῦ Ἑλληνισμοῦ, κατὰ μετάφρασιν Ἰ. Πανταζίδου καὶ Ἰ. Δελλίου: Τόμος Α΄ - Ἱστορία τοῦ Μεγάλου Ἀλεξάνδρου",History of Macedonian Hellenism: Vol. A - History of Alexander the Great,σελ. 924 (τεύχη 4),36,Δρχ.,
1904,IMG_1489.jpeg,ΒΙΒΛΙΟΘΗΚΗ ΜΑΡΑΣΛΗ,Maraslis Library,Δ΄ ΒΙΒΛΙΟΘΗΚΗ ΜΑΡΑΣΛΗ,ΙΔΡΩΜΕΝΟΥ Α. Μ.,A. M. Idromenos,Ἰωάννης Καποδίστριας,Ioannis Kapodistrias,σελίδες 160,9,Δρχ.,
1904,IMG_1489.jpeg,ΒΙΒΛΙΟΘΗΚΗ ΜΑΡΑΣΛΗ,Maraslis Library,Δ΄ ΒΙΒΛΙΟΘΗΚΗ ΜΑΡΑΣΛΗ,ΚΑΝΤΟΥ ΚΑΙΣΑΡΟΣ,Cesare Cantù,"Ἱστορία τριάκοντα ἐτῶν, (1848–1878) κατὰ μετάφρασιν Ἰωάννου Περβανόγλου","History of Thirty Years (1848–1878), translated by Ioannis Pervanoglou",σ. 808 (τεύχη 4),36,Δρχ.,
1904,IMG_1489.jpeg,ΒΙΒΛΙΟΘΗΚΗ ΜΑΡΑΣΛΗ,Maraslis Library,Δ΄ ΒΙΒΛΙΟΘΗΚΗ ΜΑΡΑΣΛΗ,ΚΟΥΜΑΝΟΥΔΗ ΣΤ. Α.,Stefanos A. Koumanoudis,"Συναγωγὴ νέων λέξεων, ὑπὸ τῶν λογίων πλασθεισῶν ἀπὸ τῆς Ἁλώσεως μέχρι τῶν καθ' ἡμᾶς χρόνων",Collection of New Words Coined by Scholars from the Fall of Constantinople to Our Times,"τόμοι 2, σελίδες ι΄—1167",65,Δρχ.,
1904,IMG_1489.jpeg,ΒΙΒΛΙΟΘΗΚΗ ΜΑΡΑΣΛΗ,Maraslis Library,Δ΄ ΒΙΒΛΙΟΘΗΚΗ ΜΑΡΑΣΛΗ,ΚΟΥΜΑΝΟΥΔΗ ΣΤ. Α.,Stefanos A. Koumanoudis,Στράτης καλοπίχειρος,Stratis Kalopicheiros,σ. 279,12.20,Δρχ.,
1904,IMG_1489.jpeg,ΒΙΒΛΙΟΘΗΚΗ ΜΑΡΑΣΛΗ,Maraslis Library,Δ΄ ΒΙΒΛΙΟΘΗΚΗ ΜΑΡΑΣΛΗ,ΚΟΥΡΤΙΟΥ ΕΡΝΕΣΤΟΥ,Ernst Curtius,"Ἑλληνικὴ Ἱστορία, μεταφρασθεῖσα ἐκ τῆς γερμανικῆς ὑπὸ Σπυρίδωνος Π. Λάμπρου: Τόμος Α΄","History of Greece, translated from German by Spyridon P. Lampros: Vol. A",σελ. λα΄-723 (τεύχη 4),36,Δρχ.,
1904,IMG_1489.jpeg,ΒΙΒΛΙΟΘΗΚΗ ΜΑΡΑΣΛΗ,Maraslis Library,Δ΄ ΒΙΒΛΙΟΘΗΚΗ ΜΑΡΑΣΛΗ,ΚΟΥΡΤΙΟΥ ΕΡΝΕΣΤΟΥ,Ernst Curtius,"Ἑλληνικὴ Ἱστορία, μεταφρασθεῖσα ἐκ τῆς γερμανικῆς ὑπὸ Σπυρίδωνος Π. Λάμπρου: Τόμος Β΄","History of Greece, translated from German by Spyridon P. Lampros: Vol. B",σελ. 848 (τεύχη 5),45,Δρχ.,
1904,IMG_1489.jpeg,ΒΙΒΛΙΟΘΗΚΗ ΜΑΡΑΣΛΗ,Maraslis Library,Δ΄ ΒΙΒΛΙΟΘΗΚΗ ΜΑΡΑΣΛΗ,ΘΟΜΨΩΝΟΣ ΕΔ.,Edward Maunde Thompson,"Ἐγχειρίδιον Ἑλληνικῆς καὶ Λατινικῆς Παλαιογραφίας, κατὰ μετάφρασιν Σπυρ. Π. Λάμπρου","Handbook of Greek and Latin Palaeography, translated by Spyridon P. Lampros",σελίδες 501 (τεύχη 3),27,Δρχ.,
1904,IMG_1490.jpeg,ΒΙΒΛΙΟΘΗΚΗ ΜΑΡΑΣΛΗ,Maraslis Library,Δ΄ ΒΙΒΛΙΟΘΗΚΗ ΜΑΡΑΣΛΗ,ΣΟΥΧΟΒΟ-ΚΟΜΠΥΛΗΝ Α.,"Sukhovo-Kobylin, Aleksandr","Ὁ γάμος τοῦ Κρετσίνσκη, κωμῳδία εἰς τρεῖς πράξεις, μεταφρασθεῖσα ὑπὸ Ἀγ. Γ. Κωνσταντινίδου","Krechinsky's Wedding, comedy in three acts, translated by Ag. G. Konstantinidis",σελίδες 146,9,Δρχ.,
1904,IMG_1490.jpeg,ΒΙΒΛΙΟΘΗΚΗ ΜΑΡΑΣΛΗ,Maraslis Library,Δ΄ ΒΙΒΛΙΟΘΗΚΗ ΜΑΡΑΣΛΗ,ΤΟΜΠΑΖΗ Ι. Ν.,"Tompazis, I. N.",Ἀδελφοὶ Ἰάκωβος καὶ Μανώλης Τομπάζης,Brothers Iakovos and Manolis Tompazis,σελ. 398,18,Δρχ.,
1904,IMG_1490.jpeg,ΒΙΒΛΙΟΘΗΚΗ ΜΑΡΑΣΛΗ,Maraslis Library,Δ΄ ΒΙΒΛΙΟΘΗΚΗ ΜΑΡΑΣΛΗ,ΤΣΕΡΕΠΗ Γ. Ν.,"Tserepis, G. N.",Τὰ σύνθετα τῆς Ἑλληνικῆς Γλώσσης,The Compounds of the Greek Language,σελ. ιε΄-957,60,Δρχ.,
1904,IMG_1490.jpeg,ΒΙΒΛΙΟΘΗΚΗ ΜΑΡΑΣΛΗ,Maraslis Library,Δ΄ ΒΙΒΛΙΟΘΗΚΗ ΜΑΡΑΣΛΗ,WHITNEY καὶ JOLLY,"Whitney, W. D. and Jolly, J.","Ἀναγνώσματα περὶ τῶν γενικῶν ἀρχῶν τῆς Συγκριτικῆς Γλωσσικῆς, μετερρυθμισμένα εἰς τὴν ἑλληνικήν, ὑπὸ Γ. Ν. Χατζιδάκι","Readings on the General Principles of Comparative Linguistics, adapted into Greek by G. N. Hatzidakis",σελίδες 736 (τεύχη 4),36,Δρχ.,
1904,IMG_1490.jpeg,ΒΙΒΛΙΟΘΗΚΗ ΜΑΡΑΣΛΗ,Maraslis Library,Δ΄ ΒΙΒΛΙΟΘΗΚΗ ΜΑΡΑΣΛΗ,ΧΕΡΤΣΒΕΡΓ Γ. Δ.,"Hertzberg, Gustav Friedrich","Ἱστορία τῆς Ἑλλάδος ἐπὶ τῆς ῥωμαϊκῆς κυριαρχίας, μεταφρασθεῖσα ὑπὸ Π. Καρολίδου. Τόμος Β΄","History of Greece under Roman Rule, translated by P. Karolidis. Volume II",σελ. 672 (τεύχη 4),36,Δρχ.,
1904,IMG_1490.jpeg,ΒΙΒΛΙΟΘΗΚΗ ΜΑΡΑΣΛΗ,Maraslis Library,Δ΄ ΒΙΒΛΙΟΘΗΚΗ ΜΑΡΑΣΛΗ,ΧΑΤΖΙΔΑΚΙ Γ. Ν.,"Hatzidakis, G. N.","Ἀκαδημεικὰ Ἀναγνώσματα, Ἑλληνική, Λατινικὴ καὶ Ἰνδικὴ Γραμματική. Τόμος Β΄","Academic Readings, Greek, Latin and Indic Grammar. Volume II",σελίδες κβ΄-688,50,Δρχ.,
1904,IMG_1490.jpeg,ΒΙΒΛΙΟΘΗΚΗ ΜΑΡΑΣΛΗ,Maraslis Library,Δ΄ ΒΙΒΛΙΟΘΗΚΗ ΜΑΡΑΣΛΗ,ΧΕΡΤΣΒΕΡΓ Γ. Δ.,"Hertzberg, Gustav Friedrich","Ἱστορία τῆς Ἑλλάδος ἐπὶ τῆς ῥωμαϊκῆς κυριαρχίας, μεταφρασθεῖσα ὑπὸ Π. Καρολίδου. Τόμος Α΄","History of Greece under Roman Rule, translated by P. Karolidis. Volume I",σελ. 694 (τεύχη 4),36,Δρχ.,
1904,IMG_1490.jpeg,ΒΙΒΛΙΟΘΗΚΗ ΜΑΡΑΣΛΗ,Maraslis Library,Δ΄ ΒΙΒΛΙΟΘΗΚΗ ΜΑΡΑΣΛΗ,ΧΕΡΤΣΒΕΡΓ Γ. Δ.,"Hertzberg, Gustav Friedrich","Ἱστορία τῆς Ἑλλάδος ἐπὶ τῆς ῥωμαϊκῆς κυριαρχίας, μεταφρασθεῖσα ὑπὸ Π. Καρολίδου. Τόμος Γ΄","History of Greece under Roman Rule, translated by P. Karolidis. Volume III",σελ. 723 (τεύχη 4),36,Δρχ.,
1904,IMG_1490.jpeg,ΒΙΒΛΙΟΘΗΚΗ ΜΑΡΑΣΛΗ,Maraslis Library,Δ΄ ΒΙΒΛΙΟΘΗΚΗ ΜΑΡΑΣΛΗ,ΣΟΛΩΜΟΥ Δ.,"Solomos, Dionysios",Ἅπαντα τὰ εὑρισκόμενα,Complete Extant Works,σελίδες ξβ΄-253,15,Δρχ.,
1904,IMG_1490.jpeg,ΒΙΒΛΙΟΘΗΚΗ ΜΑΡΑΣΛΗ,Maraslis Library,Δ΄ ΒΙΒΛΙΟΘΗΚΗ ΜΑΡΑΣΛΗ,ΧΑΤΖΙΔΑΚΙ Γ. Ν.,"Hatzidakis, G. N.","Ἀκαδημεικὰ Ἀναγνώσματα, Ἑλληνική, Λατινικὴ καὶ Ἰνδικὴ Γραμματική. Τόμος Α΄","Academic Readings, Greek, Latin and Indic Grammar. Volume I",σελίδες κη΄-608,40,Δρχ.,
1904,IMG_1490.jpeg,ΒΙΒΛΙΟΘΗΚΗ ΜΑΡΑΣΛΗ,Maraslis Library,Δ΄ ΒΙΒΛΙΟΘΗΚΗ ΜΑΡΑΣΛΗ,SCHMIDT L.,"Schmidt, Leopold","Ἡ Ἠθικὴ τῶν ἀρχαίων Ἑλλήνων, μετεφράσθη ὑπὸ Δημ. Ἰωαννίδου Ὀλυμπίου. Τόμος Β΄","The Ethics of the Ancient Greeks, translated by Dem. Ioannidis Olympios. Volume II",σελ. 632 (τεύχη 3),27,Δρχ.,
1904,IMG_1490.jpeg,ΒΙΒΛΙΟΘΗΚΗ ΜΑΡΑΣΛΗ,Maraslis Library,Δ΄ ΒΙΒΛΙΟΘΗΚΗ ΜΑΡΑΣΛΗ,THIERRY AM.,"Thierry, Amédée","Ἱστορία τοῦ Ἀττίλα καὶ τῶν διαδόχων αὐτοῦ, κατὰ μετάφρασιν Σ. Ἰ. Βουτυρᾶ","History of Attila and His Successors, translated by S. I. Voutyras",σελ. 604 (τεύχη 3),27,Δρχ.,
1904,IMG_1490.jpeg,ΒΙΒΛΙΟΘΗΚΗ ΜΑΡΑΣΛΗ,Maraslis Library,Δ΄ ΒΙΒΛΙΟΘΗΚΗ ΜΑΡΑΣΛΗ,ΣΑΙΞΠΗΡ,"Shakespeare, William","Κυμβελῖνος, τραγῳδία εἰς πράξεις πέντε, μεταφρασθεῖσα ὑπὸ Μ. Ν. Δαμιράλη","Cymbeline, tragedy in five acts, translated by M. N. Damiralis",σελίδες 194,9,Δρχ.,
1904,IMG_1490.jpeg,ΒΙΒΛΙΟΘΗΚΗ ΜΑΡΑΣΛΗ,Maraslis Library,Δ΄ ΒΙΒΛΙΟΘΗΚΗ ΜΑΡΑΣΛΗ,SCHMIDT L.,"Schmidt, Leopold","Ἡ Ἠθικὴ τῶν ἀρχαίων Ἑλλήνων, μετεφράσθη ὑπὸ Δημ. Ἰωαννίδου Ὀλυμπίου. Τόμος Α΄","The Ethics of the Ancient Greeks, translated by Dem. Ioannidis Olympios. Volume I",σελ. 492 (τεύχη 3),27,Δρχ.,
1904,IMG_1490.jpeg,ΒΙΒΛΙΟΘΗΚΗ ΜΑΡΑΣΛΗ,Maraslis Library,Δ΄ ΒΙΒΛΙΟΘΗΚΗ ΜΑΡΑΣΛΗ,ΠΟΛΙΤΟΥ Ν. Γ.,"Politis, N. G.",Μελέται περὶ τοῦ Βίου καὶ τῆς Γλώσσης τοῦ Ἑλληνικοῦ Λαοῦ. Τόμος Α΄: Παροιμίαι,Studies on the Life and Language of the Greek People. Volume I: Proverbs,σελ. 600,38,Δρχ.,
1904,IMG_1490.jpeg,ΒΙΒΛΙΟΘΗΚΗ ΜΑΡΑΣΛΗ,Maraslis Library,Δ΄ ΒΙΒΛΙΟΘΗΚΗ ΜΑΡΑΣΛΗ,ΠΟΛΙΤΟΥ Ν. Γ.,"Politis, N. G.",Μελέται περὶ τοῦ Βίου καὶ τῆς Γλώσσης τοῦ Ἑλληνικοῦ Λαοῦ. Τόμος Β΄,Studies on the Life and Language of the Greek People. Volume II,σελ. 699,38,Δρχ.,
1904,IMG_1490.jpeg,ΒΙΒΛΙΟΘΗΚΗ ΜΑΡΑΣΛΗ,Maraslis Library,Δ΄ ΒΙΒΛΙΟΘΗΚΗ ΜΑΡΑΣΛΗ,ΠΟΛΙΤΟΥ Ν. Γ.,"Politis, N. G.",Μελέται περὶ τοῦ Βίου καὶ τῆς Γλώσσης τοῦ Ἑλληνικοῦ Λαοῦ. Τόμος Γ΄,Studies on the Life and Language of the Greek People. Volume III,σελ. 686,38,Δρχ.,
1904,IMG_1490.jpeg,ΒΙΒΛΙΟΘΗΚΗ ΜΑΡΑΣΛΗ,Maraslis Library,Δ΄ ΒΙΒΛΙΟΘΗΚΗ ΜΑΡΑΣΛΗ,ΠΟΛΙΤΟΥ Ν. Γ.,"Politis, N. G.",Μελέται περὶ τοῦ Βίου καὶ τῆς Γλώσσης τοῦ Ἑλληνικοῦ Λαοῦ. Τόμος Δ΄,Studies on the Life and Language of the Greek People. Volume IV,σελ. 686,38,Δρχ.,
1904,IMG_1490.jpeg,ΒΙΒΛΙΟΘΗΚΗ ΜΑΡΑΣΛΗ,Maraslis Library,Δ΄ ΒΙΒΛΙΟΘΗΚΗ ΜΑΡΑΣΛΗ,PODWISSOZKY V. V.,"Podvysotsky, V. V.","Γενικὴ Παθολογία (συνέχεια)... σικῆς ἐκδόσεως ὑπὸ Νικολάου Ἰ. Κορδέλλη, μετὰ πολλῶν ἐν τῷ κειμένῳ εἰκόνων καὶ 19 πολυχρώμων πινάκων","General Pathology (continuation)... edition by Nikolaos I. Kordellis, with many images in text and 19 polychrome plates",σελίδες κθ΄-1237,68,Δρχ.,Continuation of entry from previous page
1904,IMG_1490.jpeg,ΒΙΒΛΙΟΘΗΚΗ ΜΑΡΑΣΛΗ,Maraslis Library,Δ΄ ΒΙΒΛΙΟΘΗΚΗ ΜΑΡΑΣΛΗ,ΡΙΒΒΕΚ ΟΘΩΝΟΣ,"Ribbeck, Otto","Ἱστορία τῆς ῥωμαϊκῆς ποιήσεως, ἐξελληνισθεῖσα ὑπὸ Σ. Κ. Σακελλαροπούλου. Τόμος Α΄: Ἡ ποίησις κατὰ τοὺς χρόνους τῆς Ἐλευθέρας Πολιτείας","History of Roman Poetry, translated into Greek by S. K. Sakellaropoulos. Volume I: Poetry during the era of the Republic",σελίδες γ΄-523 (τεύχη 3),27,Δρχ.,
1904,IMG_1490.jpeg,ΒΙΒΛΙΟΘΗΚΗ ΜΑΡΑΣΛΗ,Maraslis Library,Δ΄ ΒΙΒΛΙΟΘΗΚΗ ΜΑΡΑΣΛΗ,ΡΙΒΒΕΚ ΟΘΩΝΟΣ,"Ribbeck, Otto",Ἱστορία τῆς ῥωμαϊκῆς ποιήσεως. Τόμος Β΄: Ἡ ποίησις κατὰ τοὺς χρόνους τοῦ Αὐγούστου,History of Roman Poetry. Volume II: Poetry during the time of Augustus,σελίδες 601 (τεύχη 3),27,Δρχ.,
1904,IMG_1490.jpeg,ΒΙΒΛΙΟΘΗΚΗ ΜΑΡΑΣΛΗ,Maraslis Library,Δ΄ ΒΙΒΛΙΟΘΗΚΗ ΜΑΡΑΣΛΗ,ΡΙΒΒΕΚ ΟΘΩΝΟΣ,"Ribbeck, Otto",Ἱστορία τῆς ῥωμαϊκῆς ποιήσεως. Τόμος Γ΄: Ἡ ποίησις κατὰ τοὺς χρόνους τῶν Αὐτοκρατόρων,History of Roman Poetry. Volume III: Poetry during the time of the Emperors,σελίδες 545 (τεύχη 3),27,Δρχ.,
1904,IMG_1490.jpeg,ΒΙΒΛΙΟΘΗΚΗ ΜΑΡΑΣΛΗ,Maraslis Library,Δ΄ ΒΙΒΛΙΟΘΗΚΗ ΜΑΡΑΣΛΗ,ΣΑΙΞΠΗΡ,"Shakespeare, William","Χάμλετ, τραγῳδία εἰς πράξεις πέντε κατὰ μετάφρασιν Μιχαὴλ Ν. Δαμιράλη, μετὰ μελέτης περὶ τοῦ ποιητοῦ","Hamlet, tragedy in five acts, translated by Michael N. Damiralis, with a study on the poet",σελίδες 258,12.20,Δρχ.,
1904,IMG_1490.jpeg,ΒΙΒΛΙΟΘΗΚΗ ΜΑΡΑΣΛΗ,Maraslis Library,Δ΄ ΒΙΒΛΙΟΘΗΚΗ ΜΑΡΑΣΛΗ,ΠΟΥΣΚΙΝ ΑΛΕΞΑΝΔΡΟΥ ΣΕΡΓΙΑΔΟΥ,"Pushkin, Alexander Sergeyevich","Ὀνέγην, ἔπος, μεταφρασθὲν ἐκ τοῦ ἐμμέτρου ῥωσσικοῦ πρωτοτύπου εἰς τὴν ἑλληνικὴν ἐν τῷ πεζῷ λόγῳ μετὰ βιογραφικῶν καὶ χαρακτηριστικῶν τοῦ ποιητοῦ εἰδήσεων, ὑπὸ Χαραλάμπους Ἰ. Βουλοδήμου","Eugene Onegin, epic, translated from the rhymed Russian original into Greek prose with biographical and character notes on the poet, by Charalampos I. Voulodimos",σελ. 246,9,Δρχ.,
1904,IMG_1491.jpeg,ΕΚΔΟΣΕΙΣ ΣΥΛΛΟΓΟΥ ΠΡΟΣ ΔΙΑΔΟΣΙΝ ΩΦΕΛΙΜΩΝ ΒΙΒΛΙΩΝ,Publications of the Society for the Propagation of Useful Books,1900—1904,ΚΑΡΟΛΙΔΟΥ Π.,Karolidis P.,Ἡράκλειος,Heraclius,,,,ἀρ. 56
1904,IMG_1491.jpeg,ΕΚΔΟΣΕΙΣ ΣΥΛΛΟΓΟΥ ΠΡΟΣ ΔΙΑΔΟΣΙΝ ΩΦΕΛΙΜΩΝ ΒΙΒΛΙΩΝ,Publications of the Society for the Propagation of Useful Books,1900—1904,ΛΥΚΟΥΔΗ Ε. Σ.,Lykoudis E. S.,Καθήκοντα τοῦ πολίτου,Duties of the Citizen,,,,ἀρ. 8
1904,IMG_1491.jpeg,ΕΚΔΟΣΕΙΣ ΣΥΛΛΟΓΟΥ ΠΡΟΣ ΔΙΑΔΟΣΙΝ ΩΦΕΛΙΜΩΝ ΒΙΒΛΙΩΝ,Publications of the Society for the Propagation of Useful Books,1900—1904,ΚΟΥΡΤΙΔΟΥ Α. Π.,Kourtidis A. P.,Οὐάσιγκτων,Washington,,,,ἀρ. 46
1904,IMG_1491.jpeg,ΕΚΔΟΣΕΙΣ ΣΥΛΛΟΓΟΥ ΠΡΟΣ ΔΙΑΔΟΣΙΝ ΩΦΕΛΙΜΩΝ ΒΙΒΛΙΩΝ,Publications of the Society for the Propagation of Useful Books,1900—1904,ΚΥΡΙΑΚΟΥ Α. ΔΙΟΜΗΔΟΥΣ,Kyriakos A. Diomidis,Οἱ τρεῖς μεγάλοι Ἱεράρχαι,The Three Great Hierarchs,,,,ἀρ. 42
1904,IMG_1491.jpeg,ΕΚΔΟΣΕΙΣ ΣΥΛΛΟΓΟΥ ΠΡΟΣ ΔΙΑΔΟΣΙΝ ΩΦΕΛΙΜΩΝ ΒΙΒΛΙΩΝ,Publications of the Society for the Propagation of Useful Books,1900—1904,ΚΥΡΙΑΚΟΥ Γ.,Kyriakos G.,Ἱστορία τῆς μετάξης,History of Silk,,,,ἀρ. 55
1904,IMG_1491.jpeg,ΕΚΔΟΣΕΙΣ ΣΥΛΛΟΓΟΥ ΠΡΟΣ ΔΙΑΔΟΣΙΝ ΩΦΕΛΙΜΩΝ ΒΙΒΛΙΩΝ,Publications of the Society for the Propagation of Useful Books,1900—1904,ΚΥΡΙΑΚΟΥ Γ.,Kyriakos G.,Ὁ μεταξοσκώληξ,The Silkworm,,,,ἀρ. 47
1904,IMG_1491.jpeg,ΕΚΔΟΣΕΙΣ ΣΥΛΛΟΓΟΥ ΠΡΟΣ ΔΙΑΔΟΣΙΝ ΩΦΕΛΙΜΩΝ ΒΙΒΛΙΩΝ,Publications of the Society for the Propagation of Useful Books,1900—1904,ΚΩΝΣΤΑΝΤΙΝΙΔΟΥ Μ.,Konstantinidis M.,Ὁ ἄνθρωπος καὶ τὸ σῶμά του,Man and His Body,,,,ἀρ. 4
1904,IMG_1491.jpeg,ΕΚΔΟΣΕΙΣ ΣΥΛΛΟΓΟΥ ΠΡΟΣ ΔΙΑΔΟΣΙΝ ΩΦΕΛΙΜΩΝ ΒΙΒΛΙΩΝ,Publications of the Society for the Propagation of Useful Books,1900—1904,ΚΩΝΣΤΑΝΤΙΝΙΔΟΥ Μ.,Konstantinidis M.,Οἱ Ἀργοναῦται,The Argonauts,,,,ἀρ. 40
1904,IMG_1491.jpeg,ΕΚΔΟΣΕΙΣ ΣΥΛΛΟΓΟΥ ΠΡΟΣ ΔΙΑΔΟΣΙΝ ΩΦΕΛΙΜΩΝ ΒΙΒΛΙΩΝ,Publications of the Society for the Propagation of Useful Books,1900—1904,ΛΟΒΕΡΔΟΥ Σ. Π.,Loverdos S. P.,Ἀποταμίευσις καὶ Ταμιευτήρια,Savings and Savings Banks,,,,ἀρ. 51
1904,IMG_1491.jpeg,ΕΚΔΟΣΕΙΣ ΣΥΛΛΟΓΟΥ ΠΡΟΣ ΔΙΑΔΟΣΙΝ ΩΦΕΛΙΜΩΝ ΒΙΒΛΙΩΝ,Publications of the Society for the Propagation of Useful Books,1900—1904,ΛΟΒΕΡΔΟΥ Σ. Π.,Loverdos S. P.,Ὁ Ἐθνικὸς Πλοῦτος,National Wealth,,,,"ἀρ. 24, 27"
1904,IMG_1491.jpeg,ΕΚΔΟΣΕΙΣ ΣΥΛΛΟΓΟΥ ΠΡΟΣ ΔΙΑΔΟΣΙΝ ΩΦΕΛΙΜΩΝ ΒΙΒΛΙΩΝ,Publications of the Society for the Propagation of Useful Books,1900—1904,ΛΥΚΟΥΔΗ Ε. Σ.,Lykoudis E. S.,Οἱ μετανάσται,The Immigrants,,,,ἀρ. 43
1904,IMG_1491.jpeg,ΕΚΔΟΣΕΙΣ ΣΥΛΛΟΓΟΥ ΠΡΟΣ ΔΙΑΔΟΣΙΝ ΩΦΕΛΙΜΩΝ ΒΙΒΛΙΩΝ,Publications of the Society for the Propagation of Useful Books,1900—1904,ΜΕΛΙΣΣΗΝΟΥ Μ.,Melissinos M.,Τὸ βρέφος,The Infant,,,,ἀρ. 49
1904,IMG_1491.jpeg,ΕΚΔΟΣΕΙΣ ΣΥΛΛΟΓΟΥ ΠΡΟΣ ΔΙΑΔΟΣΙΝ ΩΦΕΛΙΜΩΝ ΒΙΒΛΙΩΝ,Publications of the Society for the Propagation of Useful Books,1900—1904,ΜΑΤΕΣΙ Α. Σ.,Matesis A. S.,Ἱστορία ἑνὸς πλουσίου,Story of a Rich Man,,,,ἀρ. 30
1904,IMG_1491.jpeg,ΕΚΔΟΣΕΙΣ ΣΥΛΛΟΓΟΥ ΠΡΟΣ ΔΙΑΔΟΣΙΝ ΩΦΕΛΙΜΩΝ ΒΙΒΛΙΩΝ,Publications of the Society for the Propagation of Useful Books,1900—1904,ΜΕΛΑ Κ. Μ.,Melas K. M.,Ἀνακαλύψεις τοῦ ΙΘ΄ αἰῶνος,Discoveries of the 19th Century,,,,ἀρ. 48
1904,IMG_1491.jpeg,ΕΚΔΟΣΕΙΣ ΣΥΛΛΟΓΟΥ ΠΡΟΣ ΔΙΑΔΟΣΙΝ ΩΦΕΛΙΜΩΝ ΒΙΒΛΙΩΝ,Publications of the Society for the Propagation of Useful Books,1900—1904,ΜΕΛΑ Λ.,Melas L.,Ὁ μικρὸς Πλούταρχος,The Little Plutarch,,,,"ἀρ. 9, 20, 32"
1904,IMG_1491.jpeg,ΕΚΔΟΣΕΙΣ ΣΥΛΛΟΓΟΥ ΠΡΟΣ ΔΙΑΔΟΣΙΝ ΩΦΕΛΙΜΩΝ ΒΙΒΛΙΩΝ,Publications of the Society for the Propagation of Useful Books,1900—1904,ΣΑΚΕΛΛΑΡΟΠΟΥΛΟΥ Μ.,Sakellaropoulos M.,Ὁ βίος τοῦ Ἰησοῦ Χριστοῦ,The Life of Jesus Christ,,,,ἀρ. 36
1904,IMG_1491.jpeg,ΕΚΔΟΣΕΙΣ ΣΥΛΛΟΓΟΥ ΠΡΟΣ ΔΙΑΔΟΣΙΝ ΩΦΕΛΙΜΩΝ ΒΙΒΛΙΩΝ,Publications of the Society for the Propagation of Useful Books,1900—1904,ΜΗΛΙΑΡΑΚΗ Α.,Miliarakis A.,Ὁ χαρακτήρ,Character,,,,ἀρ. 21
1904,IMG_1491.jpeg,ΕΚΔΟΣΕΙΣ ΣΥΛΛΟΓΟΥ ΠΡΟΣ ΔΙΑΔΟΣΙΝ ΩΦΕΛΙΜΩΝ ΒΙΒΛΙΩΝ,Publications of the Society for the Propagation of Useful Books,1900—1904,ΜΠΑΛΑΝΟΥ Δ.,Balanos D.,Ἡ Ἐκκλησία μας,Our Church,,,,ἀρ. 2
1904,IMG_1491.jpeg,ΕΚΔΟΣΕΙΣ ΣΥΛΛΟΓΟΥ ΠΡΟΣ ΔΙΑΔΟΣΙΝ ΩΦΕΛΙΜΩΝ ΒΙΒΛΙΩΝ,Publications of the Society for the Propagation of Useful Books,1900—1904,ΠΑΤΡΙΚΙΟΥ Β.,Patrikios V.,Νοσήματα καὶ μικρόβια,Diseases and Microbes,,,,ἀρ. 17
1904,IMG_1491.jpeg,ΕΚΔΟΣΕΙΣ ΣΥΛΛΟΓΟΥ ΠΡΟΣ ΔΙΑΔΟΣΙΝ ΩΦΕΛΙΜΩΝ ΒΙΒΛΙΩΝ,Publications of the Society for the Propagation of Useful Books,1900—1904,ΠΡΩΤΟΠΑΠΑΔΑΚΗ Δ. Ε.,Protopapadakis D. E.,Ὁ καθαρὸς ἀήρ,Clean Air,,,,ἀρ. 41
1904,IMG_1491.jpeg,ΕΚΔΟΣΕΙΣ ΣΥΛΛΟΓΟΥ ΠΡΟΣ ΔΙΑΔΟΣΙΝ ΩΦΕΛΙΜΩΝ ΒΙΒΛΙΩΝ,Publications of the Society for the Propagation of Useful Books,1900—1904,ΠΡΩΤΟΠΑΠΑΔΑΚΗ Π. Ε.,Protopapadakis P. E.,Ἥλιος,Sun,,,,ἀρ. 15
1904,IMG_1491.jpeg,ΕΚΔΟΣΕΙΣ ΣΥΛΛΟΓΟΥ ΠΡΟΣ ΔΙΑΔΟΣΙΝ ΩΦΕΛΙΜΩΝ ΒΙΒΛΙΩΝ,Publications of the Society for the Propagation of Useful Books,1900—1904,ΚΑΡΟΛΙΔΟΥ Π.,Karolidis P.,Ἡ Εὐρώπη κατὰ τὸν ΙΘ΄ Αἰῶνα,Europe during the 19th Century,,,,ἀρ. 10
1904,IMG_1491.jpeg,ΕΚΔΟΣΕΙΣ ΣΥΛΛΟΓΟΥ ΠΡΟΣ ΔΙΑΔΟΣΙΝ ΩΦΕΛΙΜΩΝ ΒΙΒΛΙΩΝ,Publications of the Society for the Propagation of Useful Books,1900—1904,ΜΑΡΙΝΟΥ Γ. Μ.,Marinos G. M.,Τὸ κράτος τοῦ πλούτου,The Power of Wealth,,,,ἀρ. 45
1904,IMG_1491.jpeg,ΕΚΔΟΣΕΙΣ ΣΥΛΛΟΓΟΥ ΠΡΟΣ ΔΙΑΔΟΣΙΝ ΩΦΕΛΙΜΩΝ ΒΙΒΛΙΩΝ,Publications of the Society for the Propagation of Useful Books,1900—1904,ΚΑΡΑΘΕΟΔΩΡΗ Κ. ΣΤ.,Karatheodori K. St.,Ἡ Αἴγυπτος,Egypt,,,,ἀρ. 14
1904,IMG_1491.jpeg,ΕΚΔΟΣΕΙΣ ΣΥΛΛΟΓΟΥ ΠΡΟΣ ΔΙΑΔΟΣΙΝ ΩΦΕΛΙΜΩΝ ΒΙΒΛΙΩΝ,Publications of the Society for the Propagation of Useful Books,1900—1904,ANNINOY X.,Anninos Ch.,Ὁ στρατιώτης,The Soldier,,,,ἀρ. 6
1904,IMG_1491.jpeg,ΕΚΔΟΣΕΙΣ ΣΥΛΛΟΓΟΥ ΠΡΟΣ ΔΙΑΔΟΣΙΝ ΩΦΕΛΙΜΩΝ ΒΙΒΛΙΩΝ,Publications of the Society for the Propagation of Useful Books,1900—1904,ΔΡΟΣΙΝΗ Γ.,Drosinis G.,Τὸ ψάρευμα,Fishing,,,,ἀρ. 54
1904,IMG_1491.jpeg,ΕΚΔΟΣΕΙΣ ΣΥΛΛΟΓΟΥ ΠΡΟΣ ΔΙΑΔΟΣΙΝ ΩΦΕΛΙΜΩΝ ΒΙΒΛΙΩΝ,Publications of the Society for the Propagation of Useful Books,1900—1904,A. A. καὶ Α. Ε.,A. A. and A. E.,Μάρτυρες τῆς Ἐπιστήμης,Martyrs of Science,,,,ἀρ. 25
1904,IMG_1491.jpeg,ΕΚΔΟΣΕΙΣ ΣΥΛΛΟΓΟΥ ΠΡΟΣ ΔΙΑΔΟΣΙΝ ΩΦΕΛΙΜΩΝ ΒΙΒΛΙΩΝ,Publications of the Society for the Propagation of Useful Books,1900—1904,A. O.,A. O.,Γειτόνισσαι,Female Neighbors,,,,ἀρ. 38
1904,IMG_1491.jpeg,ΕΚΔΟΣΕΙΣ ΣΥΛΛΟΓΟΥ ΠΡΟΣ ΔΙΑΔΟΣΙΝ ΩΦΕΛΙΜΩΝ ΒΙΒΛΙΩΝ,Publications of the Society for the Propagation of Useful Books,1900—1904,A. O.,A. O.,Ὁ Κὺρ Σῖμος,Master Simos,,,,ἀρ. 11
1904,IMG_1491.jpeg,ΕΚΔΟΣΕΙΣ ΣΥΛΛΟΓΟΥ ΠΡΟΣ ΔΙΑΔΟΣΙΝ ΩΦΕΛΙΜΩΝ ΒΙΒΛΙΩΝ,Publications of the Society for the Propagation of Useful Books,1900—1904,ΑΙΓΙΝΗΤΟΥ Δ.,Aeginitis D.,Ὁ Οὐρανός,The Sky,,,,ἀρ. 1
1904,IMG_1491.jpeg,ΕΚΔΟΣΕΙΣ ΣΥΛΛΟΓΟΥ ΠΡΟΣ ΔΙΑΔΟΣΙΝ ΩΦΕΛΙΜΩΝ ΒΙΒΛΙΩΝ,Publications of the Society for the Propagation of Useful Books,1900—1904,ΑΙΓΙΝΗΤΟΥ Δ.,Aeginitis D.,Ἀνέκδοτα ζῴων,Animal Anecdotes,,,,ἀρ. 33
1904,IMG_1491.jpeg,ΕΚΔΟΣΕΙΣ ΣΥΛΛΟΓΟΥ ΠΡΟΣ ΔΙΑΔΟΣΙΝ ΩΦΕΛΙΜΩΝ ΒΙΒΛΙΩΝ,Publications of the Society for the Propagation of Useful Books,1900—1904,ANNINOY X.,Anninos Ch.,Ὁ Κολόμβος καὶ ἡ Ἀνακάλυψις τῆς Ἀμερικῆς,Columbus and the Discovery of America,,,,ἀρ. 19
1904,IMG_1491.jpeg,ΕΚΔΟΣΕΙΣ ΣΥΛΛΟΓΟΥ ΠΡΟΣ ΔΙΑΔΟΣΙΝ ΩΦΕΛΙΜΩΝ ΒΙΒΛΙΩΝ,Publications of the Society for the Propagation of Useful Books,1900—1904,ANNINOY X.,Anninos Ch.,Φρειδερίκος ὁ Μέγας,Frederick the Great,,,,ἀρ. 50
1904,IMG_1491.jpeg,ΕΚΔΟΣΕΙΣ ΣΥΛΛΟΓΟΥ ΠΡΟΣ ΔΙΑΔΟΣΙΝ ΩΦΕΛΙΜΩΝ ΒΙΒΛΙΩΝ,Publications of the Society for the Propagation of Useful Books,1900—1904,ΑΠΟΣΤΟΛΙΔΟΥ Ν. Χ.,Apostolidis N. Ch.,Τὰ ὠφελιμώτερα πτηνά,The Most Useful Birds,,,,ἀρ. 5
1904,IMG_1491.jpeg,ΕΚΔΟΣΕΙΣ ΣΥΛΛΟΓΟΥ ΠΡΟΣ ΔΙΑΔΟΣΙΝ ΩΦΕΛΙΜΩΝ ΒΙΒΛΙΩΝ,Publications of the Society for the Propagation of Useful Books,1900—1904,Ε. Λ.,E. L.,Ὁδηγὸς τῆς οἰκοδεσποίνης,Housewife's Guide,,,,ἀρ. 23
1904,IMG_1491.jpeg,ΕΚΔΟΣΕΙΣ ΣΥΛΛΟΓΟΥ ΠΡΟΣ ΔΙΑΔΟΣΙΝ ΩΦΕΛΙΜΩΝ ΒΙΒΛΙΩΝ,Publications of the Society for the Propagation of Useful Books,1900—1904,ΒΕΛΛΙΑΝΙΤΟΥ Θ. Α.,Vellianitis Th. A.,Ἡ Ῥωσσία,Russia,,,,ἀρ. 26
1904,IMG_1491.jpeg,ΕΚΔΟΣΕΙΣ ΣΥΛΛΟΓΟΥ ΠΡΟΣ ΔΙΑΔΟΣΙΝ ΩΦΕΛΙΜΩΝ ΒΙΒΛΙΩΝ,Publications of the Society for the Propagation of Useful Books,1900—1904,,,Βασίλισσα Βικτωρία,Queen Victoria,,,,ἀρ. 22
1904,IMG_1491.jpeg,ΕΚΔΟΣΕΙΣ ΣΥΛΛΟΓΟΥ ΠΡΟΣ ΔΙΑΔΟΣΙΝ ΩΦΕΛΙΜΩΝ ΒΙΒΛΙΩΝ,Publications of the Society for the Propagation of Useful Books,1900—1904,ΒΙΚΕΛΑ Δ.,Bikelas D.,Ἡ Γῆ τοῦ πυρός,Tierra del Fuego (The Land of Fire),,,,ἀρ. 3
1904,IMG_1491.jpeg,ΕΚΔΟΣΕΙΣ ΣΥΛΛΟΓΟΥ ΠΡΟΣ ΔΙΑΔΟΣΙΝ ΩΦΕΛΙΜΩΝ ΒΙΒΛΙΩΝ,Publications of the Society for the Propagation of Useful Books,1900—1904,ΒΙΚΕΛΑ Δ.,Bikelas D.,Τὰ Ἑλληνικὰ Γράμματα,Greek Letters,,,,ἀρ. 16
1904,IMG_1491.jpeg,ΕΚΔΟΣΕΙΣ ΣΥΛΛΟΓΟΥ ΠΡΟΣ ΔΙΑΔΟΣΙΝ ΩΦΕΛΙΜΩΝ ΒΙΒΛΙΩΝ,Publications of the Society for the Propagation of Useful Books,1900—1904,ΒΙΚΕΛΑ Δ.,Bikelas D.,Σουηδία,Sweden,,,,ἀρ. 53
1904,IMG_1491.jpeg,ΕΚΔΟΣΕΙΣ ΣΥΛΛΟΓΟΥ ΠΡΟΣ ΔΙΑΔΟΣΙΝ ΩΦΕΛΙΜΩΝ ΒΙΒΛΙΩΝ,Publications of the Society for the Propagation of Useful Books,1900—1904,ΓΡΗΓΟΡΙΑΔΟΥ Δ. Π.,Grigoriadis D. P.,Τὸ δένδρον,The Tree,,,,ἀρ. 29
1904,IMG_1491.jpeg,ΕΚΔΟΣΕΙΣ ΣΥΛΛΟΓΟΥ ΠΡΟΣ ΔΙΑΔΟΣΙΝ ΩΦΕΛΙΜΩΝ ΒΙΒΛΙΩΝ,Publications of the Society for the Propagation of Useful Books,1900—1904,ΔΑΜΒΕΡΓΗ Α.,Damvergis A.,Ὁ ὑλικὸς κόσμος,The Material World,,,,ἀρ. 7
1904,IMG_1491.jpeg,ΕΚΔΟΣΕΙΣ ΣΥΛΛΟΓΟΥ ΠΡΟΣ ΔΙΑΔΟΣΙΝ ΩΦΕΛΙΜΩΝ ΒΙΒΛΙΩΝ,Publications of the Society for the Propagation of Useful Books,1900—1904,ΔΗΜΗΤΡΙΑΔΟΥ Ρ.,Dimitriadis R.,Τὸ γάλα,Milk,,,,ἀρ. 39
1904,IMG_1491.jpeg,ΕΚΔΟΣΕΙΣ ΣΥΛΛΟΓΟΥ ΠΡΟΣ ΔΙΑΔΟΣΙΝ ΩΦΕΛΙΜΩΝ ΒΙΒΛΙΩΝ,Publications of the Society for the Propagation of Useful Books,1900—1904,ΔΗΜΗΤΡΙΑΔΟΥ Ρ.,Dimitriadis R.,Ὁ γεωργός,The Farmer,,,,ἀρ. 18
1904,IMG_1491.jpeg,ΕΚΔΟΣΕΙΣ ΣΥΛΛΟΓΟΥ ΠΡΟΣ ΔΙΑΔΟΣΙΝ ΩΦΕΛΙΜΩΝ ΒΙΒΛΙΩΝ,Publications of the Society for the Propagation of Useful Books,1900—1904,ΔΗΜΗΤΡΙΑΔΟΥ Ρ.,Dimitriadis R.,Ὁ καπνός,Tobacco,,,,ἀρ. 52
1904,IMG_1491.jpeg,ΕΚΔΟΣΕΙΣ ΣΥΛΛΟΓΟΥ ΠΡΟΣ ΔΙΑΔΟΣΙΝ ΩΦΕΛΙΜΩΝ ΒΙΒΛΙΩΝ,Publications of the Society for the Propagation of Useful Books,1900—1904,ΔΡΟΣΙΝΗ Γ.,Drosinis G.,Αἱ μέλισσαι,Bees,,,,ἀρ. 13
1904,IMG_1491.jpeg,ΕΚΔΟΣΕΙΣ ΣΥΛΛΟΓΟΥ ΠΡΟΣ ΔΙΑΔΟΣΙΝ ΩΦΕΛΙΜΩΝ ΒΙΒΛΙΩΝ,Publications of the Society for the Propagation of Useful Books,1900—1904,ΔΡΟΣΙΝΗ Γ.,Drosinis G.,Αἱ ὄρνιθες,Hens / Birds,,,,ἀρ. 37
1904,IMG_1491.jpeg,ΕΚΔΟΣΕΙΣ ΣΥΛΛΟΓΟΥ ΠΡΟΣ ΔΙΑΔΟΣΙΝ ΩΦΕΛΙΜΩΝ ΒΙΒΛΙΩΝ,Publications of the Society for the Propagation of Useful Books,1900—1904,,,Βενιαμὶν Φραγκλῖνος,Benjamin Franklin,,,,ἀρ. 35
1904,IMG_1492.jpeg,Εκδόσεις ὠφελίμ. βιβλίων,Publications of Useful Books,1900—1904,ΧΑΣΙΩΤΟΥ Σπ.,Chasiotis Sp.,"Ὁ οἶνος, ἀρ. 44.","Wine, No. 44",80—100 σελ.,2.—,₯,χαρτόδετον
1904,IMG_1492.jpeg,Εκδόσεις ὠφελίμ. βιβλίων,Publications of Useful Books,1900—1904,ΣΩΤΗΡΙΑΔΟΥ Γ.,Sotiriadis G.,"Ὁ Μέγας Ἀλέξανδρος, ἀρ. 28.","Alexander the Great, No. 28",80—100 σελ.,2.—,₯,χαρτόδετον
1904,IMG_1492.jpeg,Εκδόσεις ὠφελίμ. βιβλίων,Publications of Useful Books,1900—1904,ΤΣΟΥΝΤΑ Χ.,Tsountas Ch.,"Ἡ Ἀκρόπολις, ἀρ. 12.","The Acropolis, No. 12",80—100 σελ.,2.—,₯,χαρτόδετον
1904,IMG_1492.jpeg,Εκδόσεις ὠφελίμ. βιβλίων,Publications of Useful Books,1900—1904,ΦΛΩΡΑ Θ. Χ.,Flora Th. Ch.,"Πρῶται βοήθειαι, ἀρ. 31.","First Aid, No. 31",80—100 σελ.,2.—,₯,χαρτόδετον
1904,IMG_1492.jpeg,Εκδόσεις ὠφελίμ. βιβλίων,Publications of Useful Books,1900—1904,ΧΕΛΔΡΑΪΚ Θ. ΔΕ,Heldreich Th. de,"Τὰ ἄνθη, ἀρ. 34...","Flowers, No. 34...",80—100 σελ.,2.—,₯,χαρτόδετον
