catalog_year,source_file,main_category,main_category_english,subcategory_or_series,author,author_transcribed,title,title_english,pages_format,price,currency,notes
1895,IMG_1290.jpeg,"ΝΗΠΙΑΓΩΓΕΙΑ, ΔΗΜΟΤΙΚΑ ΣΧΟΛΕΙΑ, ΑΣΤΙΚΑΙ ΣΧΟΛΑΙ ΚΑΙ ΠΑΡΘΕΝΑΓΩΓΕΙΑ","Kindergartens, Primary Schools, Urban Schools and Girls' High Schools",,Α. Βάμπας,A. Vampas,"Αἰμίλιος, μετὰ 4 εἰκόνων","Aemilius, with 4 illustrations","σελ. 80, χαρτόδετος",4,γρ.,
1895,IMG_1290.jpeg,"ΝΗΠΙΑΓΩΓΕΙΑ, ΔΗΜΟΤΙΚΑ ΣΧΟΛΕΙΑ, ΑΣΤΙΚΑΙ ΣΧΟΛΑΙ ΚΑΙ ΠΑΡΘΕΝΑΓΩΓΕΙΑ","Kindergartens, Primary Schools, Urban Schools and Girls' High Schools",,Ι. Α. Βρετός,I. A. Vretos,᾿Αλφαβητάριον μικρόν,Small Primer,σελ. 30,20,παρ.,
1895,IMG_1290.jpeg,"ΝΗΠΙΑΓΩΓΕΙΑ, ΔΗΜΟΤΙΚΑ ΣΧΟΛΕΙΑ, ΑΣΤΙΚΑΙ ΣΧΟΛΑΙ ΚΑΙ ΠΑΡΘΕΝΑΓΩΓΕΙΑ","Kindergartens, Primary Schools, Urban Schools and Girls' High Schools",,Ι. Α. Βρετός,I. A. Vretos,᾿Αλφαβητάριον μέγα,Large Primer,σελ. 60,1,γρ.,
1895,IMG_1290.jpeg,"ΝΗΠΙΑΓΩΓΕΙΑ, ΔΗΜΟΤΙΚΑ ΣΧΟΛΕΙΑ, ΑΣΤΙΚΑΙ ΣΧΟΛΑΙ ΚΑΙ ΠΑΡΘΕΝΑΓΩΓΕΙΑ","Kindergartens, Primary Schools, Urban Schools and Girls' High Schools",,Ι. Π. Κοκκώνης,I. P. Kokkonis,᾿Αλφαβητάριον,Primer,σελ. 32,10,παρ.,Marked with asterisk (*)
1895,IMG_1290.jpeg,"ΝΗΠΙΑΓΩΓΕΙΑ, ΔΗΜΟΤΙΚΑ ΣΧΟΛΕΙΑ, ΑΣΤΙΚΑΙ ΣΧΟΛΑΙ ΚΑΙ ΠΑΡΘΕΝΑΓΩΓΕΙΑ","Kindergartens, Primary Schools, Urban Schools and Girls' High Schools",,Δ. Α. Κορομηλᾶς,D. A. Koromilas,᾿Αλφαβητάριον,Primer,σελ. 30,30,παρ.,Struck through in text
1895,IMG_1290.jpeg,"ΝΗΠΙΑΓΩΓΕΙΑ, ΔΗΜΟΤΙΚΑ ΣΧΟΛΕΙΑ, ΑΣΤΙΚΑΙ ΣΧΟΛΑΙ ΚΑΙ ΠΑΡΘΕΝΑΓΩΓΕΙΑ","Kindergartens, Primary Schools, Urban Schools and Girls' High Schools",,Κ. Γ. Κουρτίδης καὶ Γ. Κωνσταντινίδης,K. G. Kourtidis and G. Konstantinidis,᾿Αλφαβητάριον,Primer,σελ. 77,1,γρ.,Price: 1 γρ. 20 παρ.
1895,IMG_1290.jpeg,"ΝΗΠΙΑΓΩΓΕΙΑ, ΔΗΜΟΤΙΚΑ ΣΧΟΛΕΙΑ, ΑΣΤΙΚΑΙ ΣΧΟΛΑΙ ΚΑΙ ΠΑΡΘΕΝΑΓΩΓΕΙΑ","Kindergartens, Primary Schools, Urban Schools and Girls' High Schools",,Μπάρτ καὶ Χίρστ,Barth and Hirst,᾿Αλφαβητάριον ῾Ελληνικόν,Greek Primer,"4ον, δεδεμένον",10,γρ.,24 χρωμολιθογραφημέναι εἰκόνες πρὸς ἐκμάθησιν τοῦ ᾿Αλφαβήτου μετὰ στίχων
1895,IMG_1290.jpeg,"ΝΗΠΙΑΓΩΓΕΙΑ, ΔΗΜΟΤΙΚΑ ΣΧΟΛΕΙΑ, ΑΣΤΙΚΑΙ ΣΧΟΛΑΙ ΚΑΙ ΠΑΡΘΕΝΑΓΩΓΕΙΑ","Kindergartens, Primary Schools, Urban Schools and Girls' High Schools",,Γ. Κωνσταντινίδης,G. Konstantinidis,᾿Αλφαβητάριον μέγα,Large Primer,σελ. 60,1,γρ.,Marked with asterisk (*)
1895,IMG_1290.jpeg,"ΝΗΠΙΑΓΩΓΕΙΑ, ΔΗΜΟΤΙΚΑ ΣΧΟΛΕΙΑ, ΑΣΤΙΚΑΙ ΣΧΟΛΑΙ ΚΑΙ ΠΑΡΘΕΝΑΓΩΓΕΙΑ","Kindergartens, Primary Schools, Urban Schools and Girls' High Schools",,Χαρίσιος Παπαμάρκος,Charisios Papamarkos,᾿Αλφαβητάριον ῾Ελληνικόν,Greek Primer,σελ. 84,1,γρ.,"Marked with pointing hand (publisher's edition). Μετὰ εἰκόνων, πρὸς χρῆσιν τῆς Α΄ τάξεως τοῦ Δημοτικοῦ Σχολείου. Ἔτος Α΄, Μέρος α΄, ἔκδοσις β΄. Price: 1 γρ. 20 παρ."
1895,IMG_1290.jpeg,"ΝΗΠΙΑΓΩΓΕΙΑ, ΔΗΜΟΤΙΚΑ ΣΧΟΛΕΙΑ, ΑΣΤΙΚΑΙ ΣΧΟΛΑΙ ΚΑΙ ΠΑΡΘΕΝΑΓΩΓΕΙΑ","Kindergartens, Primary Schools, Urban Schools and Girls' High Schools",,Χαρίσιος Παπαμάρκος,Charisios Papamarkos,᾿Αλφαβητάριον ῾Ελληνικόν,Greek Primer,σελ. 72,1,γρ.,"Marked with pointing hand (publisher's edition). Ἔτος Α΄, Μέρος β΄, ἔκδοσις β΄. Price: 1 γρ. 20 παρ."
1895,IMG_1291.jpeg,"ΝΗΠΙΑΓΩΓΕΙΑ, ΔΗΜΟΤΙΚΑ ΣΧΟΛΕΙΑ, ΑΣΤΙΚΑΙ ΣΧΟΛΑΙ ΚΑΙ ΠΑΡΘΕΝΑΓΩΓΕΙΑ","Kindergartens, Primary Schools, Urban Schools and Girls' High Schools",,Χ. Πουλίου,Ch. Poulios,Ἀλφαβητάριον νέον,New Alphabet Book,σελ. η΄— 64,1,γρ.,
1895,IMG_1291.jpeg,"ΝΗΠΙΑΓΩΓΕΙΑ, ΔΗΜΟΤΙΚΑ ΣΧΟΛΕΙΑ, ΑΣΤΙΚΑΙ ΣΧΟΛΑΙ ΚΑΙ ΠΑΡΘΕΝΑΓΩΓΕΙΑ","Kindergartens, Primary Schools, Urban Schools and Girls' High Schools",,Β. Δ. Σ.,V. D. S.,Ἀλφαβητάριον καὶ Ἀναγνωσματάριον,Alphabet Book and Reader,σ. 92,1,γρ.,
1895,IMG_1291.jpeg,"ΝΗΠΙΑΓΩΓΕΙΑ, ΔΗΜΟΤΙΚΑ ΣΧΟΛΕΙΑ, ΑΣΤΙΚΑΙ ΣΧΟΛΑΙ ΚΑΙ ΠΑΡΘΕΝΑΓΩΓΕΙΑ","Kindergartens, Primary Schools, Urban Schools and Girls' High Schools",,,,"Ἀλφάβητον κινητόν, ἤτοι τὰ κεφαλαῖα καὶ μικρὰ γράμματα, τόνοι κτλ. ἐπὶ χαρτονίου","Movable Alphabet, i.e. capital and small letters, accents etc. on cardboard",ἐπὶ χαρτονίου,80,γρ.,
1895,IMG_1291.jpeg,"ΝΗΠΙΑΓΩΓΕΙΑ, ΔΗΜΟΤΙΚΑ ΣΧΟΛΕΙΑ, ΑΣΤΙΚΑΙ ΣΧΟΛΑΙ ΚΑΙ ΠΑΡΘΕΝΑΓΩΓΕΙΑ","Kindergartens, Primary Schools, Urban Schools and Girls' High Schools",,Ἰωακεὶμ Βαλαβάνης,Ioakeim Balavanis,"Ἀναγνωσματάριον ἐκ τοῦ Ἡροδότου, πρὸς χρῆσιν τῶν μαθητῶν καὶ μαθητριῶν τῆς Δ΄ τάξεως τῶν Δημοτικῶν Σχολείων","Reader from Herodotus, for use by male and female students of the 4th grade of Primary Schools","Ἔκδ. β΄, ἀμετάβλητος, σ. ιβ΄-224",5,γρ.,"Βραβευθὲν ὑπὸ τοῦ ἐν Κωνσταντινουπόλει Ἑλληνικοῦ Φιλολογικοῦ Συλλόγου ἐν τῷ Καραπανείῳ ἀγῶνι τοῦ 1894. Μετ' εἰκόνων, εἰσαγωγῆς καὶ ποικίλων σημειώσεων."
1895,IMG_1292.jpeg,"ΝΗΠΙΑΓΩΓΕΙΑ, ΔΗΜΟΤΙΚΑ ΣΧΟΛΕΙΑ, ΑΣΤΙΚΑΙ ΣΧΟΛΑΙ ΚΑΙ ΠΑΡΘΕΝΑΓΩΓΕΙΑ","Kindergartens, Primary Schools, Urban Schools and Girls' High Schools",,Δ. Ἀ. Κορομηλᾶς,D. A. Koromilas,Ἀναγνωσματάριον,Greek Reader,σελ. 48,30,παρ.,Crossed out with blue line in original text
1895,IMG_1292.jpeg,"ΝΗΠΙΑΓΩΓΕΙΑ, ΔΗΜΟΤΙΚΑ ΣΧΟΛΕΙΑ, ΑΣΤΙΚΑΙ ΣΧΟΛΑΙ ΚΑΙ ΠΑΡΘΕΝΑΓΩΓΕΙΑ","Kindergartens, Primary Schools, Urban Schools and Girls' High Schools",,"Κ. Γ. Κουρτίδης, Γ. Κωνσταντινίδης","K. G. Kourtidis, G. Konstantinidis",Ἀναγνωσματάριον διὰ τὴν Α΄ τάξιν,Reader for First Grade,σελ. 59,1.20,γρ.,Crossed out with blue line in original text
1895,IMG_1292.jpeg,"ΝΗΠΙΑΓΩΓΕΙΑ, ΔΗΜΟΤΙΚΑ ΣΧΟΛΕΙΑ, ΑΣΤΙΚΑΙ ΣΧΟΛΑΙ ΚΑΙ ΠΑΡΘΕΝΑΓΩΓΕΙΑ","Kindergartens, Primary Schools, Urban Schools and Girls' High Schools",,Γ. Κωνσταντινίδης,G. Konstantinidis,"Ἀναγνωσματάριον, ἐκ τῶν Πινάκων τῆς ἀναγνώσεως","Reader, from the Reading Tables",σελ. 64,20,παρ.,Crossed out with blue line in original text
1895,IMG_1292.jpeg,"ΝΗΠΙΑΓΩΓΕΙΑ, ΔΗΜΟΤΙΚΑ ΣΧΟΛΕΙΑ, ΑΣΤΙΚΑΙ ΣΧΟΛΑΙ ΚΑΙ ΠΑΡΘΕΝΑΓΩΓΕΙΑ","Kindergartens, Primary Schools, Urban Schools and Girls' High Schools",,"Χαρίσιος Παπαμάρκου, Φίλιππος Δ. Γεωργαντᾶς","Charisios Papamarkou, Philippos D. Georgantas","Ἀναγνωσματάριον Ἑλληνικόν, μετὰ εἰκόνων (Ἔτος Β΄, πρὸς χρῆσιν τῆς Β΄ τάξ. τοῦ Δημοτικοῦ, ἔκδ. β΄)","Greek Reader, with illustrations (Year 2, for 2nd Grade of Primary School, 2nd ed.)",σ. 136,3,γρ.,See note on page 1
1895,IMG_1292.jpeg,"ΝΗΠΙΑΓΩΓΕΙΑ, ΔΗΜΟΤΙΚΑ ΣΧΟΛΕΙΑ, ΑΣΤΙΚΑΙ ΣΧΟΛΑΙ ΚΑΙ ΠΑΡΘΕΝΑΓΩΓΕΙΑ","Kindergartens, Primary Schools, Urban Schools and Girls' High Schools",,"Χαρίσιος Παπαμάρκου, Φίλιππος Δ. Γεωργαντᾶς","Charisios Papamarkou, Philippos D. Georgantas","Ἀναγνωσματάριον Ἑλληνικόν, μετὰ εἰκόνων (Ἔτος Γ΄)","Greek Reader, with illustrations (Year 3)",σ. 179,4,γρ.,
1895,IMG_1292.jpeg,"ΝΗΠΙΑΓΩΓΕΙΑ, ΔΗΜΟΤΙΚΑ ΣΧΟΛΕΙΑ, ΑΣΤΙΚΑΙ ΣΧΟΛΑΙ ΚΑΙ ΠΑΡΘΕΝΑΓΩΓΕΙΑ","Kindergartens, Primary Schools, Urban Schools and Girls' High Schools",,"Χαρίσιος Παπαμάρκου, Φίλιππος Δ. Γεωργαντᾶς","Charisios Papamarkou, Philippos D. Georgantas","Ἀναγνωσματάριον Ἑλληνικόν, μετὰ εἰκόνων (Ἔτος Δ΄)","Greek Reader, with illustrations (Year 4)",σ. 232,5,γρ.,
1895,IMG_1292.jpeg,"ΝΗΠΙΑΓΩΓΕΙΑ, ΔΗΜΟΤΙΚΑ ΣΧΟΛΕΙΑ, ΑΣΤΙΚΑΙ ΣΧΟΛΑΙ ΚΑΙ ΠΑΡΘΕΝΑΓΩΓΕΙΑ","Kindergartens, Primary Schools, Urban Schools and Girls' High Schools",,Χ. Πούλιος,Ch. Poulios,Ἀναγνωσματάριον,Reader,Ἕκαστον τεῦχος,1,γρ.,
1895,IMG_1292.jpeg,"ΝΗΠΙΑΓΩΓΕΙΑ, ΔΗΜΟΤΙΚΑ ΣΧΟΛΕΙΑ, ΑΣΤΙΚΑΙ ΣΧΟΛΑΙ ΚΑΙ ΠΑΡΘΕΝΑΓΩΓΕΙΑ","Kindergartens, Primary Schools, Urban Schools and Girls' High Schools",,"Ἀ. Ἀθανασιάδης, Ἰ. Ἀρβανιτάκης, Ἰ. Δημητριάδης","A. Athanasiadis, I. Arvanitakis, I. Dimitriadis",Ἀναγνωσμάτων Ἐκλογή,Selection of Readings,5 τεύχη (Ἔτη Α΄-Δ΄),1.20 - 5,γρ.,"Ἔτος Α΄ τεῦχ. α΄: 1 γρ. 20 παρ., τεῦχ. β΄: 1 γρ. 20 παρ., Ἔτος Β΄: 3 γρ. 20 παρ., Ἔτος Γ΄: 4 γρ., Ἔτος Δ΄: 5 γρ."
1895,IMG_1292.jpeg,"ΝΗΠΙΑΓΩΓΕΙΑ, ΔΗΜΟΤΙΚΑ ΣΧΟΛΕΙΑ, ΑΣΤΙΚΑΙ ΣΧΟΛΑΙ ΚΑΙ ΠΑΡΘΕΝΑΓΩΓΕΙΑ","Kindergartens, Primary Schools, Urban Schools and Girls' High Schools",,"Κ. Γ. Γεωργάλας, Ἰ. Πολύβιος","K. G. Georgalas, I. Polyvios",Ἀναγνωσμάτων σειρά,Series of Readings,6 τεύχη (Ἔτη Α΄-Ε΄),1.20 - 5,γρ.,"Ἔτος Α΄ τεῦχος α΄: 1 γρ. 20 παρ., τεῦχος β΄: 1 γρ. 20 παρ., Ἔτος Β΄: 4 γρ., Ἔτος Γ΄: 4 γρ. 20 παρ., Ἔτος Δ΄: 4 γρ. 20 παρ., Ἔτος Ε΄: 5 γρ."
1895,IMG_1292.jpeg,"ΝΗΠΙΑΓΩΓΕΙΑ, ΔΗΜΟΤΙΚΑ ΣΧΟΛΕΙΑ, ΑΣΤΙΚΑΙ ΣΧΟΛΑΙ ΚΑΙ ΠΑΡΘΕΝΑΓΩΓΕΙΑ","Kindergartens, Primary Schools, Urban Schools and Girls' High Schools",,"Γ. Ἰ. Κούζος, Ἰ. Ἀ. Ἰλλίδος","G. I. Kouzos, I. A. Illidos","Ἀναγνωστικόν, πρὸς χρῆσιν τῶν ἐν τοῖς Δημοτικοῖς καὶ Ἀστικοῖς Σχολείοις διδασκομένων ἀρρένων τε καὶ θηλέων","Reading Book, for use by boys and girls taught in Primary and Urban Schools",5 τεύχη (Ἔτη Α΄-Δ΄),1.50 - 5,γρ.,"Ἔτος σχολ. Α΄ τεῦχος α΄ (ἔκδ. ζ΄, σελ. ιβ΄-90): 1.50 γρ. | Ἔτος σχολ. Α΄ τεῦχος β΄ (ἔκδ. δ΄, σελ. 88): 1.50 γρ. | Ἔτος σχολ. Β΄ (ἔκδ. ς΄, σελ. 192): 4 γρ. | Ἔτος σχολ. Γ΄ (ἔκδ. ε΄, σελ. 212): 4.50 γρ. | Ἔτος σχολ. Δ΄ (ἔκδ. ε΄, σελ. 256): 5 γρ. Includes a lengthy promotional/descriptive note on bottom."
1895,IMG_1293.jpeg,"ΝΗΠΙΑΓΩΓΕΙΑ, ΔΗΜΟΤΙΚΑ ΣΧΟΛΕΙΑ, ΑΣΤΙΚΑΙ ΣΧΟΛΑΙ ΚΑΙ ΠΑΡΘΕΝΑΓΩΓΕΙΑ","Kindergartens, Primary Schools, Urban Schools and Girls' High Schools",,Γεώργιος Ἰ. Κούζος,Georgios I. Kouzos,Ἀναγνωστικὸν πρὸς χρῆσιν τῆς Ε΄ καὶ ΣΤ΄ τάξεως τῶν Ἀστικῶν ἢ τῆς Α΄ καὶ Β΄ τῶν Ἑλληνικῶν Σχολείων ἑκατέρου τῶν φύλων (Ἔτος σχολικὸν Ε΄),Reader for Use in Grades 5 and 6 of Urban Schools or Grades 1 and 2 of Greek Schools for Both Genders (School Year 5),σελ. 223,5,γρ.,Ἐν τῷ Α΄ μέρει τοῦ Ε΄ ἔτους περιελήφθησαν διάφορα ἐκλεκτὰ τεμάχια καὶ ποιήματα τῆς καθωμιλημένης γλώσσης περὶ διαφόρων θεμάτων.
1895,IMG_1293.jpeg,"ΝΗΠΙΑΓΩΓΕΙΑ, ΔΗΜΟΤΙΚΑ ΣΧΟΛΕΙΑ, ΑΣΤΙΚΑΙ ΣΧΟΛΑΙ ΚΑΙ ΠΑΡΘΕΝΑΓΩΓΕΙΑ","Kindergartens, Primary Schools, Urban Schools and Girls' High Schools",,Γεώργιος Ἰ. Κούζος,Georgios I. Kouzos,Ἀναγνωστικὸν πρὸς χρῆσιν τῆς Ε΄ καὶ ΣΤ΄ τάξεως τῶν Ἀστικῶν ἢ τῆς Α΄ καὶ Β΄ τῶν Ἑλληνικῶν Σχολείων ἑκατέρου τῶν φύλων (Ἔτος σχολικὸν ΣΤ΄),Reader for Use in Grades 5 and 6 of Urban Schools or Grades 1 and 2 of Greek Schools for Both Genders (School Year 6),σελ. ιβ΄ - 280,5,γρ.,Ἐν τῷ Α΄ μέρει τοῦ ΣΤ΄ σχολικοῦ ἔτους ὁ ἐλλόγιμος κ. Κούζος περιέλαβε... Ξενοφῶντα καὶ Ἰσοκράτην.
1895,IMG_1293.jpeg,"ΝΗΠΙΑΓΩΓΕΙΑ, ΔΗΜΟΤΙΚΑ ΣΧΟΛΕΙΑ, ΑΣΤΙΚΑΙ ΣΧΟΛΑΙ ΚΑΙ ΠΑΡΘΕΝΑΓΩΓΕΙΑ","Kindergartens, Primary Schools, Urban Schools and Girls' High Schools",,Δημοσθένης Κ. Μισιτζῆς,Demosthenes K. Misitzis,"Ἀνθοδέσμη τῶν Παίδων, ἤτοι ποιήματα θρησκευτικά, ἠθικά, πραγματολογικὰ καὶ σκηνικά, πρὸς χρῆσιν τῶν Δημοτικῶν καὶ λοιπῶν Σχολείων ἀμφοτέρων τῶν φύλων","Garland of Children, i.e. Religious, Moral, Factual and Stage Poems, for Use in Primary and Other Schools for Both Genders",σελ. ιε΄ - 171,3,γρ.,Ἐν τῇ Ἀνθοδέσμῃ τοῦ κ. Μισιτζῆ ὑπάρχουσι ποιήματα κατάλληλα διὰ πᾶσαν ἐπίσημον ἑορτὴν τῆς ὀρθοδόξου Ἐκκλησίας...
1895,IMG_1293.jpeg,"ΝΗΠΙΑΓΩΓΕΙΑ, ΔΗΜΟΤΙΚΑ ΣΧΟΛΕΙΑ, ΑΣΤΙΚΑΙ ΣΧΟΛΑΙ ΚΑΙ ΠΑΡΘΕΝΑΓΩΓΕΙΑ","Kindergartens, Primary Schools, Urban Schools and Girls' High Schools",,Ἰάκωβος Βασιάδης,Iakobos Basiadis,"Ἀνθολόγιον τῶν Κορασίων πρὸς χρῆσιν τῶν Παρθεναγωγείων (Ἔτος σχολικὸν Α΄, τεῦχος α΄)","Anthology for Girls for Use in Girls' High Schools (School Year 1, Issue 1)","ἔκδ. β΄, σελ. 47",1,γρ.,Συνετάχθη ἐπίτηδες καὶ ἀποκλειστικῶς διὰ τὰ Παρθεναγωγεῖα.
1895,IMG_1293.jpeg,"ΝΗΠΙΑΓΩΓΕΙΑ, ΔΗΜΟΤΙΚΑ ΣΧΟΛΕΙΑ, ΑΣΤΙΚΑΙ ΣΧΟΛΑΙ ΚΑΙ ΠΑΡΘΕΝΑΓΩΓΕΙΑ","Kindergartens, Primary Schools, Urban Schools and Girls' High Schools",,Ἰάκωβος Βασιάδης,Iakobos Basiadis,"Ἀνθολόγιον τῶν Κορασίων πρὸς χρῆσιν τῶν Παρθεναγωγείων (Ἔτος σχολικὸν Α΄, τεῦχος β΄)","Anthology for Girls for Use in Girls' High Schools (School Year 1, Issue 2)","ἔκδ. β΄, σελ. 72",2,γρ.,Συνετάχθη ἐπίτηδες καὶ ἀποκλειστικῶς διὰ τὰ Παρθεναγωγεῖα.
1895,IMG_1293.jpeg,"ΝΗΠΙΑΓΩΓΕΙΑ, ΔΗΜΟΤΙΚΑ ΣΧΟΛΕΙΑ, ΑΣΤΙΚΑΙ ΣΧΟΛΑΙ ΚΑΙ ΠΑΡΘΕΝΑΓΩΓΕΙΑ","Kindergartens, Primary Schools, Urban Schools and Girls' High Schools",,Ἰάκωβος Βασιάδης,Iakobos Basiadis,Ἀνθολόγιον τῶν Κορασίων πρὸς χρῆσιν τῶν Παρθεναγωγείων (Ἔτος σχολικὸν Β΄),Anthology for Girls for Use in Girls' High Schools (School Year 2),"ἔκδ. β΄, σελ. 120",3,γρ.,Συνετάχθη ἐπίτηδες καὶ ἀποκλειστικῶς διὰ τὰ Παρθεναγωγεῖα.
1895,IMG_1293.jpeg,"ΝΗΠΙΑΓΩΓΕΙΑ, ΔΗΜΟΤΙΚΑ ΣΧΟΛΕΙΑ, ΑΣΤΙΚΑΙ ΣΧΟΛΑΙ ΚΑΙ ΠΑΡΘΕΝΑΓΩΓΕΙΑ","Kindergartens, Primary Schools, Urban Schools and Girls' High Schools",,Ἰάκωβος Βασιάδης,Iakobos Basiadis,Ἀνθολόγιον τῶν Κορασίων πρὸς χρῆσιν τῶν Παρθεναγωγείων (Ἔτος σχολικὸν Γ΄),Anthology for Girls for Use in Girls' High Schools (School Year 3),"ἔκδ. β΄, σελ. 152",4,γρ.,Συνετάχθη ἐπίτηδες καὶ ἀποκλειστικῶς διὰ τὰ Παρθεναγωγεῖα.
1895,IMG_1293.jpeg,"ΝΗΠΙΑΓΩΓΕΙΑ, ΔΗΜΟΤΙΚΑ ΣΧΟΛΕΙΑ, ΑΣΤΙΚΑΙ ΣΧΟΛΑΙ ΚΑΙ ΠΑΡΘΕΝΑΓΩΓΕΙΑ","Kindergartens, Primary Schools, Urban Schools and Girls' High Schools",,Ἰάκωβος Βασιάδης,Iakobos Basiadis,Ἀνθολόγιον τῶν Κορασίων πρὸς χρῆσιν τῶν Παρθεναγωγείων (Ἔτος σχολικὸν Δ΄),Anthology for Girls for Use in Girls' High Schools (School Year 4),"ἔκδ. β΄, σελ. 176",5,γρ.,Συνετάχθη ἐπίτηδες καὶ ἀποκλειστικῶς διὰ τὰ Παρθεναγωγεῖα.
1895,IMG_1294.jpeg,"ΝΗΠΙΑΓΩΓΕΙΑ, ΔΗΜΟΤΙΚΑ ΣΧΟΛΕΙΑ, ΑΣΤΙΚΑΙ ΣΧΟΛΑΙ ΚΑΙ ΠΑΡΘΕΝΑΓΩΓΕΙΑ","Kindergartens, Primary Schools, Urban Schools and Girls' High Schools",,Βλ. Γ. Σκορδέλη,Vl. G. Skordelis,᾿Ανθρωπολογία καὶ ῾Υγιεινή,Anthropology and Hygiene,σ. 54,3,γρ.,
1895,IMG_1294.jpeg,"ΝΗΠΙΑΓΩΓΕΙΑ, ΔΗΜΟΤΙΚΑ ΣΧΟΛΕΙΑ, ΑΣΤΙΚΑΙ ΣΧΟΛΑΙ ΚΑΙ ΠΑΡΘΕΝΑΓΩΓΕΙΑ","Kindergartens, Primary Schools, Urban Schools and Girls' High Schools",,Ν. Χορτάκη,N. Chortakis,᾿Ανθρωπολογία σύντομος,Brief Anthropology,σελ. 52,20,παρ.,
1895,IMG_1294.jpeg,"ΝΗΠΙΑΓΩΓΕΙΑ, ΔΗΜΟΤΙΚΑ ΣΧΟΛΕΙΑ, ΑΣΤΙΚΑΙ ΣΧΟΛΑΙ ΚΑΙ ΠΑΡΘΕΝΑΓΩΓΕΙΑ","Kindergartens, Primary Schools, Urban Schools and Girls' High Schools",,Θ. Ν. ᾿Αποστολοπούλου,Th. N. Apostolopoulos,᾿Ανθρωπος,Man,σελ. 112,2,γρ.,
1895,IMG_1294.jpeg,"ΝΗΠΙΑΓΩΓΕΙΑ, ΔΗΜΟΤΙΚΑ ΣΧΟΛΕΙΑ, ΑΣΤΙΚΑΙ ΣΧΟΛΑΙ ΚΑΙ ΠΑΡΘΕΝΑΓΩΓΕΙΑ","Kindergartens, Primary Schools, Urban Schools and Girls' High Schools",,Γ. Παπακωνσταντίνου,G. Papakonstantinou,"᾿Αριθμητική, εἰς πέντε τεύχη","Arithmetic, in five volumes",5 τεύχη,,,"μετὰ ἀσκήσεων καὶ παραδειγμάτων καὶ μεθ' ὁδηγιῶν. Τεῦχος Α', ἔκδ. β', γρ. 3. — Β', γρ. 2 παρ. 20. — Γ', γρ. 3. — Δ', γρ. 3. — Ε', γρ. 3, παρ. 20."
1895,IMG_1294.jpeg,"ΝΗΠΙΑΓΩΓΕΙΑ, ΔΗΜΟΤΙΚΑ ΣΧΟΛΕΙΑ, ΑΣΤΙΚΑΙ ΣΧΟΛΑΙ ΚΑΙ ΠΑΡΘΕΝΑΓΩΓΕΙΑ","Kindergartens, Primary Schools, Urban Schools and Girls' High Schools",,Γ. Γεράκη,G. Gerakis,᾿Αριθμητικὴ πρακτική,Practical Arithmetic,"Τεῦχος β', σελ. 88",2.20,γρ.,"βραβευθεῖσα εἰς τὸν Καραπάνειον ἀγῶνα. Ἔκδοσις γνησία τῶν ᾿Αθηνῶν. * Τεῦχος β'. Αἱ 4 πράξεις ἐπὶ εὐρυτέρου κύκλου ἀριθμῶν καὶ ἐπὶ τῶν συμμιγῶν, σελ. 88, γρ. 2 παρ. 20."
1895,IMG_1294.jpeg,"ΝΗΠΙΑΓΩΓΕΙΑ, ΔΗΜΟΤΙΚΑ ΣΧΟΛΕΙΑ, ΑΣΤΙΚΑΙ ΣΧΟΛΑΙ ΚΑΙ ΠΑΡΘΕΝΑΓΩΓΕΙΑ","Kindergartens, Primary Schools, Urban Schools and Girls' High Schools",,Χ. Γεωργιάδου,Ch. Georgiadou,᾿Αριθμητικὴ πρακτική,Practical Arithmetic,"Τεῦχος Β', ἔκδ. β', σελ. δ'—147",4,γρ.,
1895,IMG_1294.jpeg,"ΝΗΠΙΑΓΩΓΕΙΑ, ΔΗΜΟΤΙΚΑ ΣΧΟΛΕΙΑ, ΑΣΤΙΚΑΙ ΣΧΟΛΑΙ ΚΑΙ ΠΑΡΘΕΝΑΓΩΓΕΙΑ","Kindergartens, Primary Schools, Urban Schools and Girls' High Schools",,Π. Σ. Φωτιάδου,P. S. Photiadou,᾿Αριθμητικὴ πρακτικὴ Στοιχειωδεστάτη κατ' ἐρωταπόκρισιν,Elementary Practical Arithmetic by Question and Answer,"Τεῦχ. Α', σελ. ε'—79",2.50,γρ.,"Τὸ τεῦχος τοῦτο τοῦ διδασκάλου κ. Φωτιάδου, προωρισμένον διὰ τὰς κατωτάτας τάξεις τῶν Δημοτικῶν Σχολείων, ἐπεθεωρήθη ὑπὸ τοῦ καθηγητοῦ κ. ᾿Ανδρέου Σπαθάρη..."
1895,IMG_1294.jpeg,"ΝΗΠΙΑΓΩΓΕΙΑ, ΔΗΜΟΤΙΚΑ ΣΧΟΛΕΙΑ, ΑΣΤΙΚΑΙ ΣΧΟΛΑΙ ΚΑΙ ΠΑΡΘΕΝΑΓΩΓΕΙΑ","Kindergartens, Primary Schools, Urban Schools and Girls' High Schools",,᾿Αθανασίου ᾿Ιωάννου Δ. Φ.,Athanasios Ioannou D. F.,"᾿Αριθμητικὴ Στοιχειώδης, πρὸς χρῆσιν τῶν Δημοτικῶν καὶ ῾Ελληνικῶν Σχολείων ἀμφοτέρων τῶν φύλων","Elementary Arithmetic, for use in Primary and Hellenic Schools of both genders",2 τεύχη,,,"εἰς τεύχη δύο. Τεῦχος Α', περιέχον τὰ κατὰ τοὺς ἀκεραίους... Τεῦχος Β', περιέχον τὰ κατὰ τὸν μέγιστον κοινὸν διαιρέτην..."
1895,IMG_1294.jpeg,"ΝΗΠΙΑΓΩΓΕΙΑ, ΔΗΜΟΤΙΚΑ ΣΧΟΛΕΙΑ, ΑΣΤΙΚΑΙ ΣΧΟΛΑΙ ΚΑΙ ΠΑΡΘΕΝΑΓΩΓΕΙΑ","Kindergartens, Primary Schools, Urban Schools and Girls' High Schools",,᾿Αθανασίου ᾿Ιωάννου Δ. Φ.,Athanasios Ioannou D. F.,"᾿Αριθμητικῶν ᾿Ασκήσεων καὶ Προβλημάτων Συλλογή, πρὸς χρῆσιν τῶν Δημοτικῶν καὶ ῾Ελληνικῶν Σχολῶν ἀμφοτέρων τῶν φύλων","Collection of Arithmetical Exercises and Problems, for use in Primary and Hellenic Schools of both genders",εἰς τεύχη,,,
1895,IMG_1295.jpeg,"ΝΗΠΙΑΓΩΓΕΙΑ, ΔΗΜΟΤΙΚΑ ΣΧΟΛΕΙΑ, ΑΣΤΙΚΑΙ ΣΧΟΛΑΙ ΚΑΙ ΠΑΡΘΕΝΑΓΩΓΕΙΑ","Kindergartens, Primary Schools, Urban Schools and Girls' High Schools",,᾿Αθανάσιος ᾿Ιωάννου,Athanasios Ioannou,Στοιχειώδης ᾿Αριθμητικὴ καὶ Συλλογὴ ᾿Ασκήσεων καὶ Προβλημάτων (Τεῦχος Α΄ - Β΄),Elementary Arithmetic and Collection of Exercises and Problems (Volumes A - B),Τεῦχος Α΄: σελ. ς΄-95; Τεῦχος Β΄,"2, παρ. 20","γρ., παρ.",Continuation of entry from previous page; includes detailed description and publisher announcement quote.
1895,IMG_1295.jpeg,"ΝΗΠΙΑΓΩΓΕΙΑ, ΔΗΜΟΤΙΚΑ ΣΧΟΛΕΙΑ, ΑΣΤΙΚΑΙ ΣΧΟΛΑΙ ΚΑΙ ΠΑΡΘΕΝΑΓΩΓΕΙΑ","Kindergartens, Primary Schools, Urban Schools and Girls' High Schools",,Γ. Γεράκης,G. Gerakis,᾿Αριθμητικὴ Στοιχειώδης,Elementary Arithmetic,"8ον, σελ. 76",2,γρ.,
1895,IMG_1295.jpeg,"ΝΗΠΙΑΓΩΓΕΙΑ, ΔΗΜΟΤΙΚΑ ΣΧΟΛΕΙΑ, ΑΣΤΙΚΑΙ ΣΧΟΛΑΙ ΚΑΙ ΠΑΡΘΕΝΑΓΩΓΕΙΑ","Kindergartens, Primary Schools, Urban Schools and Girls' High Schools",,Ι. Δραΐκης,I. Draikis,"᾿Αριθμητικῆς ἐπιτομὴ πινάκων, μέτρων καὶ σταθμῶν (Τμῆμα α΄: Αἱ 4 πράξεις, Τμῆμα β΄: Κλασματικοὶ ἀριθμοὶ καὶ Μέθοδοι)","Abridgment of Arithmetic Tables, Weights and Measures (Part 1: The 4 operations, Part 2: Fractional numbers and Methods)","Τμῆμα α΄: σελ. 48, Τμῆμα β΄: σελ. 59","20 (Τμῆμα α΄), 30 (Τμῆμα β΄)",παρ.,
1895,IMG_1295.jpeg,"ΝΗΠΙΑΓΩΓΕΙΑ, ΔΗΜΟΤΙΚΑ ΣΧΟΛΕΙΑ, ΑΣΤΙΚΑΙ ΣΧΟΛΑΙ ΚΑΙ ΠΑΡΘΕΝΑΓΩΓΕΙΑ","Kindergartens, Primary Schools, Urban Schools and Girls' High Schools",,Γ. Κωνσταντινίδης,G. Konstantinidis,᾿Αριθμητικῆς πρῶτα στοιχεῖα κατ' ἐρωταπόκρισιν,First Elements of Arithmetic by Question and Answer,σελ. 96,"2, παρ. 20","γρ., παρ.",
1895,IMG_1295.jpeg,"ΝΗΠΙΑΓΩΓΕΙΑ, ΔΗΜΟΤΙΚΑ ΣΧΟΛΕΙΑ, ΑΣΤΙΚΑΙ ΣΧΟΛΑΙ ΚΑΙ ΠΑΡΘΕΝΑΓΩΓΕΙΑ","Kindergartens, Primary Schools, Urban Schools and Girls' High Schools",,Μ. Σακελλαρόπουλος,M. Sakellaropoulos,᾿Αριθμητικῶν Προβλημάτων Συλλογή,Collection of Arithmetic Problems,σελ. 51,"1, παρ. 10","γρ., παρ.",
1895,IMG_1295.jpeg,"ΝΗΠΙΑΓΩΓΕΙΑ, ΔΗΜΟΤΙΚΑ ΣΧΟΛΕΙΑ, ΑΣΤΙΚΑΙ ΣΧΟΛΑΙ ΚΑΙ ΠΑΡΘΕΝΑΓΩΓΕΙΑ","Kindergartens, Primary Schools, Urban Schools and Girls' High Schools",,Lamé Fleury,Lame Fleury,᾿Αρχαία Ἑλλάς,Ancient Greece,σελ. 250,5,γρ.,
1895,IMG_1296.jpeg,"ΝΗΠΙΑΓΩΓΕΙΑ, ΔΗΜΟΤΙΚΑ ΣΧΟΛΕΙΑ, ΑΣΤΙΚΑΙ ΣΧΟΛΑΙ ΚΑΙ ΠΑΡΘΕΝΑΓΩΓΕΙΑ","Kindergartens, Primary Schools, Urban Schools and Girls' High Schools",,Ἠλίας Τανταλίδης,Elias Tantalidis,Ἄσματα Ἠλία Τανταλίδου μετὰ τῆς εὐρωπαϊκῆς μελῳδίας,Songs of Elias Tantalidis with European melody,σελ. ιε'—118,8,γρ.,
1895,IMG_1296.jpeg,"ΝΗΠΙΑΓΩΓΕΙΑ, ΔΗΜΟΤΙΚΑ ΣΧΟΛΕΙΑ, ΑΣΤΙΚΑΙ ΣΧΟΛΑΙ ΚΑΙ ΠΑΡΘΕΝΑΓΩΓΕΙΑ","Kindergartens, Primary Schools, Urban Schools and Girls' High Schools",,Anonymous,Anonymous,"Αὐγὰ τοῦ Πάσχα, διήγημα","Easter Eggs, a story",σελ. 44,10,παρ.,
1895,IMG_1296.jpeg,"ΝΗΠΙΑΓΩΓΕΙΑ, ΔΗΜΟΤΙΚΑ ΣΧΟΛΕΙΑ, ΑΣΤΙΚΑΙ ΣΧΟΛΑΙ ΚΑΙ ΠΑΡΘΕΝΑΓΩΓΕΙΑ","Kindergartens, Primary Schools, Urban Schools and Girls' High Schools",,Ἀ. Ἀναγνωστόπουλος (κατὰ Δελαπάλη),A. Anagnostopoulos (after Delapalle),"Βιβλίον πρῶτον τῶν παίδων, ἠθικὰ μαθήματα","First book for children, moral lessons","τόμος α', σελ. 76",1 γρ. 20,γρ. / παρ.,Line crossed out in original document
1895,IMG_1296.jpeg,"ΝΗΠΙΑΓΩΓΕΙΑ, ΔΗΜΟΤΙΚΑ ΣΧΟΛΕΙΑ, ΑΣΤΙΚΑΙ ΣΧΟΛΑΙ ΚΑΙ ΠΑΡΘΕΝΑΓΩΓΕΙΑ","Kindergartens, Primary Schools, Urban Schools and Girls' High Schools",,Γ. Βρουνώ,G. Bruno,Βιβλίον πρῶτον ἀναγνώσεως καὶ διδασκαλίας μετὰ 70 εἰκόνων,First reading and instruction book with 70 illustrations,σελ. 150,4,γρ.,Line crossed out in original document
1895,IMG_1296.jpeg,"ΝΗΠΙΑΓΩΓΕΙΑ, ΔΗΜΟΤΙΚΑ ΣΧΟΛΕΙΑ, ΑΣΤΙΚΑΙ ΣΧΟΛΑΙ ΚΑΙ ΠΑΡΘΕΝΑΓΩΓΕΙΑ","Kindergartens, Primary Schools, Urban Schools and Girls' High Schools",,Γ. Παπαγεωργίου,G. Papageorgiou,Βίος τοῦ Μ. Ἀλεξάνδρου,Life of Alexander the Great,σ. 112,2,γρ.,
1895,IMG_1296.jpeg,"ΝΗΠΙΑΓΩΓΕΙΑ, ΔΗΜΟΤΙΚΑ ΣΧΟΛΕΙΑ, ΑΣΤΙΚΑΙ ΣΧΟΛΑΙ ΚΑΙ ΠΑΡΘΕΝΑΓΩΓΕΙΑ","Kindergartens, Primary Schools, Urban Schools and Girls' High Schools",,Δ. Μέλᾳς,D. Melas,Γεροστάθης,Gerostathis,σελ. 400,3,γρ.,
1895,IMG_1296.jpeg,"ΝΗΠΙΑΓΩΓΕΙΑ, ΔΗΜΟΤΙΚΑ ΣΧΟΛΕΙΑ, ΑΣΤΙΚΑΙ ΣΧΟΛΑΙ ΚΑΙ ΠΑΡΘΕΝΑΓΩΓΕΙΑ","Kindergartens, Primary Schools, Urban Schools and Girls' High Schools",,Anonymous,Anonymous,"Γέρων Ἀμβρόσιος, διήγημα","Old Ambrosios, a story",σελ. 104,1,γρ.,
1895,IMG_1296.jpeg,"ΝΗΠΙΑΓΩΓΕΙΑ, ΔΗΜΟΤΙΚΑ ΣΧΟΛΕΙΑ, ΑΣΤΙΚΑΙ ΣΧΟΛΑΙ ΚΑΙ ΠΑΡΘΕΝΑΓΩΓΕΙΑ","Kindergartens, Primary Schools, Urban Schools and Girls' High Schools",,Ἀπόστολος Βασακόπουλος,Apostolos Basakopoulos,"Γεωγραφία, Τεῦχος Α'","Geography, Issue A","ἐκδ. ε', 1895, σελ. 100",2.50,γρ.,"Awarded by the Greek Philological Society, with illustrations"
1895,IMG_1296.jpeg,"ΝΗΠΙΑΓΩΓΕΙΑ, ΔΗΜΟΤΙΚΑ ΣΧΟΛΕΙΑ, ΑΣΤΙΚΑΙ ΣΧΟΛΑΙ ΚΑΙ ΠΑΡΘΕΝΑΓΩΓΕΙΑ","Kindergartens, Primary Schools, Urban Schools and Girls' High Schools",,Ἀπόστολος Βασακόπουλος,Apostolos Basakopoulos,"Γεωγραφία, Τεῦχος Β'","Geography, Issue B","ἐκδ. ε', 1894, σελ. 128",4,γρ.,
1895,IMG_1296.jpeg,"ΝΗΠΙΑΓΩΓΕΙΑ, ΔΗΜΟΤΙΚΑ ΣΧΟΛΕΙΑ, ΑΣΤΙΚΑΙ ΣΧΟΛΑΙ ΚΑΙ ΠΑΡΘΕΝΑΓΩΓΕΙΑ","Kindergartens, Primary Schools, Urban Schools and Girls' High Schools",,Ἀπόστολος Βασακόπουλος,Apostolos Basakopoulos,"Γεωγραφία, Τεῦχος Γ'","Geography, Issue C","ἐκδ. δ', 1894, σελ. δ'-168",5,γρ.,
1895,IMG_1296.jpeg,"ΝΗΠΙΑΓΩΓΕΙΑ, ΔΗΜΟΤΙΚΑ ΣΧΟΛΕΙΑ, ΑΣΤΙΚΑΙ ΣΧΟΛΑΙ ΚΑΙ ΠΑΡΘΕΝΑΓΩΓΕΙΑ","Kindergartens, Primary Schools, Urban Schools and Girls' High Schools",,Ι. Δραΐκης,I. Draikis,Γεωγραφία,Geography,σελ. 60,30,παρ.,
1895,IMG_1296.jpeg,"ΝΗΠΙΑΓΩΓΕΙΑ, ΔΗΜΟΤΙΚΑ ΣΧΟΛΕΙΑ, ΑΣΤΙΚΑΙ ΣΧΟΛΑΙ ΚΑΙ ΠΑΡΘΕΝΑΓΩΓΕΙΑ","Kindergartens, Primary Schools, Urban Schools and Girls' High Schools",,Δόμνη Θωμᾶ,Domni Thoma,"Γεωγραφία, τεῦχ. Α'","Geography, Issue A",τεῦχ. Α',3 γρ. 20,γρ. / παρ.,
1895,IMG_1296.jpeg,"ΝΗΠΙΑΓΩΓΕΙΑ, ΔΗΜΟΤΙΚΑ ΣΧΟΛΕΙΑ, ΑΣΤΙΚΑΙ ΣΧΟΛΑΙ ΚΑΙ ΠΑΡΘΕΝΑΓΩΓΕΙΑ","Kindergartens, Primary Schools, Urban Schools and Girls' High Schools",,Δόμνη Θωμᾶ,Domni Thoma,"Γεωγραφία, τεῦχ. Β'","Geography, Issue B",τεῦχ. Β',3 γρ. 20,γρ. / παρ.,
1895,IMG_1296.jpeg,"ΝΗΠΙΑΓΩΓΕΙΑ, ΔΗΜΟΤΙΚΑ ΣΧΟΛΕΙΑ, ΑΣΤΙΚΑΙ ΣΧΟΛΑΙ ΚΑΙ ΠΑΡΘΕΝΑΓΩΓΕΙΑ","Kindergartens, Primary Schools, Urban Schools and Girls' High Schools",,Γρ. Π. Κακάβας καὶ Π. Ι. Κομνηνός,Gr. P. Kakavas and P. I. Komninos,Γεωγραφία μετὰ χαρτῶν,Geography with maps,Φυλλάδιον Α' χαρτόδετον συνοδευόμενον καὶ ὑπὸ φυλλαδίου χαρτῶν βωβῶν,10,γρ.,Includes accompanying booklet of blank maps
1895,IMG_1296.jpeg,"ΝΗΠΙΑΓΩΓΕΙΑ, ΔΗΜΟΤΙΚΑ ΣΧΟΛΕΙΑ, ΑΣΤΙΚΑΙ ΣΧΟΛΑΙ ΚΑΙ ΠΑΡΘΕΝΑΓΩΓΕΙΑ","Kindergartens, Primary Schools, Urban Schools and Girls' High Schools",,Δ. Π. Μελανδινός,D. P. Melandinos,Γεωγραφία στοιχειώδης,Elementary Geography,σελ. 152,5,γρ.,
1895,IMG_1296.jpeg,"ΝΗΠΙΑΓΩΓΕΙΑ, ΔΗΜΟΤΙΚΑ ΣΧΟΛΕΙΑ, ΑΣΤΙΚΑΙ ΣΧΟΛΑΙ ΚΑΙ ΠΑΡΘΕΝΑΓΩΓΕΙΑ","Kindergartens, Primary Schools, Urban Schools and Girls' High Schools",,Ἀθ. Σακελλάριος,Ath. Sakellarios,Γεωγραφία στοιχειώδης,Elementary Geography,"8ον, σελ. 60",1 γρ. 20,γρ. / παρ.,
1895,IMG_1296.jpeg,"ΝΗΠΙΑΓΩΓΕΙΑ, ΔΗΜΟΤΙΚΑ ΣΧΟΛΕΙΑ, ΑΣΤΙΚΑΙ ΣΧΟΛΑΙ ΚΑΙ ΠΑΡΘΕΝΑΓΩΓΕΙΑ","Kindergartens, Primary Schools, Urban Schools and Girls' High Schools",,Κ. Σ. Παρίτσης,K. S. Paritsis,Γεωγραφία ἁγίας Γῆς,Geography of the Holy Land,σελ. 35,2 γρ. 20,γρ. / παρ.,
1895,IMG_1296.jpeg,"ΝΗΠΙΑΓΩΓΕΙΑ, ΔΗΜΟΤΙΚΑ ΣΧΟΛΕΙΑ, ΑΣΤΙΚΑΙ ΣΧΟΛΑΙ ΚΑΙ ΠΑΡΘΕΝΑΓΩΓΕΙΑ","Kindergartens, Primary Schools, Urban Schools and Girls' High Schools",,Ν. Γεωργιάδης,N. Georgiadis,Γεωγραφίας μαθήματα,Geography lessons,,3 γρ. 30,γρ. / παρ.,Line crossed out in original document
1895,IMG_1296.jpeg,"ΝΗΠΙΑΓΩΓΕΙΑ, ΔΗΜΟΤΙΚΑ ΣΧΟΛΕΙΑ, ΑΣΤΙΚΑΙ ΣΧΟΛΑΙ ΚΑΙ ΠΑΡΘΕΝΑΓΩΓΕΙΑ","Kindergartens, Primary Schools, Urban Schools and Girls' High Schools",,Δ. Πανταζῆς,D. Pantazis,Γεωγραφίας ἱερᾶς ἐπιτομή,Epitome of Sacred Geography,σελ. 20,1,γρ.,
1895,IMG_1296.jpeg,"ΝΗΠΙΑΓΩΓΕΙΑ, ΔΗΜΟΤΙΚΑ ΣΧΟΛΕΙΑ, ΑΣΤΙΚΑΙ ΣΧΟΛΑΙ ΚΑΙ ΠΑΡΘΕΝΑΓΩΓΕΙΑ","Kindergartens, Primary Schools, Urban Schools and Girls' High Schools",,Π. Παπαρρούσης,P. Paparrousis,"Γεωγραφίας στοιχεῖα, Τεῦχος Α'","Elements of Geography, Issue A","τεῦχος Α', σελ. 52",2,γρ.,
1895,IMG_1296.jpeg,"ΝΗΠΙΑΓΩΓΕΙΑ, ΔΗΜΟΤΙΚΑ ΣΧΟΛΕΙΑ, ΑΣΤΙΚΑΙ ΣΧΟΛΑΙ ΚΑΙ ΠΑΡΘΕΝΑΓΩΓΕΙΑ","Kindergartens, Primary Schools, Urban Schools and Girls' High Schools",,Π. Παπαρρούσης,P. Paparrousis,"Γεωγραφίας στοιχεῖα, Τεῦχος Β'","Elements of Geography, Issue B","Τεῦχος Β', σελ. 136",3,γρ.,
1895,IMG_1296.jpeg,"ΝΗΠΙΑΓΩΓΕΙΑ, ΔΗΜΟΤΙΚΑ ΣΧΟΛΕΙΑ, ΑΣΤΙΚΑΙ ΣΧΟΛΑΙ ΚΑΙ ΠΑΡΘΕΝΑΓΩΓΕΙΑ","Kindergartens, Primary Schools, Urban Schools and Girls' High Schools",,Π. Παπαρρούσης,P. Paparrousis,"Γεωγραφίας στοιχεῖα, Τεῦχος Γ'","Elements of Geography, Issue C",Τεῦχος Γ',6,γρ.,
1895,IMG_1296.jpeg,"ΝΗΠΙΑΓΩΓΕΙΑ, ΔΗΜΟΤΙΚΑ ΣΧΟΛΕΙΑ, ΑΣΤΙΚΑΙ ΣΧΟΛΑΙ ΚΑΙ ΠΑΡΘΕΝΑΓΩΓΕΙΑ","Kindergartens, Primary Schools, Urban Schools and Girls' High Schools",,Θ. Ν. Ἀποστολόπουλος,Th. N. Apostolopoulos,Γραμματικὴ εὐμέθοδος τῆς ἐλληνικῆς γλώσσης,Methodical Grammar of the Greek language,σελ. 120,2 γρ. 20,γρ. / παρ.,
1895,IMG_1297.jpeg,"ΝΗΠΙΑΓΩΓΕΙΑ, ΔΗΜΟΤΙΚΑ ΣΧΟΛΕΙΑ, ΑΣΤΙΚΑΙ ΣΧΟΛΑΙ ΚΑΙ ΠΑΡΘΕΝΑΓΩΓΕΙΑ","Kindergartens, Primary Schools, Urban Schools and Girls' High Schools",,Γ. Γεράκης,G. Gerakis,"Γραμματικὴ τῆς νέας ἑλληνικῆς γλώσσης, μετὰ γυμνασμάτων","Grammar of the Modern Greek Language, with exercises",σελ. 160,1.20,γρ.,
1895,IMG_1297.jpeg,"ΝΗΠΙΑΓΩΓΕΙΑ, ΔΗΜΟΤΙΚΑ ΣΧΟΛΕΙΑ, ΑΣΤΙΚΑΙ ΣΧΟΛΑΙ ΚΑΙ ΠΑΡΘΕΝΑΓΩΓΕΙΑ","Kindergartens, Primary Schools, Urban Schools and Girls' High Schools",,Πρόδρομος Εὐτυχίδης,Prodromos Eutychidis,"Γραμματικὴ τῆς Νεωτέρας Ἑλληνικῆς Γλώσσης, μετὰ γυμνασμάτων, εἰς τρεῖς κύκλους. Κύκλος Α΄","Grammar of Modern Greek Language, with exercises, in three cycles. Cycle I",σελίδ. 1-92,2,γρ., Includes publisher commentary.
1895,IMG_1297.jpeg,"ΝΗΠΙΑΓΩΓΕΙΑ, ΔΗΜΟΤΙΚΑ ΣΧΟΛΕΙΑ, ΑΣΤΙΚΑΙ ΣΧΟΛΑΙ ΚΑΙ ΠΑΡΘΕΝΑΓΩΓΕΙΑ","Kindergartens, Primary Schools, Urban Schools and Girls' High Schools",,Πρόδρομος Εὐτυχίδης,Prodromos Eutychidis,"Γραμματικὴ τῆς Νεωτέρας Ἑλληνικῆς Γλώσσης, μετὰ γυμνασμάτων, εἰς τρεῖς κύκλους. Κύκλος Β΄","Grammar of Modern Greek Language, with exercises, in three cycles. Cycle II",σελ. δ΄-124,3,γρ.,
1895,IMG_1297.jpeg,"ΝΗΠΙΑΓΩΓΕΙΑ, ΔΗΜΟΤΙΚΑ ΣΧΟΛΕΙΑ, ΑΣΤΙΚΑΙ ΣΧΟΛΑΙ ΚΑΙ ΠΑΡΘΕΝΑΓΩΓΕΙΑ","Kindergartens, Primary Schools, Urban Schools and Girls' High Schools",,Πρόδρομος Εὐτυχίδης,Prodromos Eutychidis,"Γραμματικὴ τῆς Νεωτέρας Ἑλληνικῆς Γλώσσης, μετὰ γυμνασμάτων, εἰς τρεῖς κύκλους. Κύκλος Γ΄","Grammar of Modern Greek Language, with exercises, in three cycles. Cycle III",σελ. ϛ΄-226,5,γρ.,
1895,IMG_1297.jpeg,"ΝΗΠΙΑΓΩΓΕΙΑ, ΔΗΜΟΤΙΚΑ ΣΧΟΛΕΙΑ, ΑΣΤΙΚΑΙ ΣΧΟΛΑΙ ΚΑΙ ΠΑΡΘΕΝΑΓΩΓΕΙΑ","Kindergartens, Primary Schools, Urban Schools and Girls' High Schools",,Γεώργιος Ι. Κούζος,Georgios I. Kouzos,"Γραμματικὴ τῆς Νέας Ἑλληνικῆς Γλώσσης, εἰς τεύχη δύο. Τεῦχος Α΄","Grammar of the Modern Greek Language, in two volumes. Volume I",σελ. 128,3,γρ.,Includes publisher commentary.
1895,IMG_1297.jpeg,"ΝΗΠΙΑΓΩΓΕΙΑ, ΔΗΜΟΤΙΚΑ ΣΧΟΛΕΙΑ, ΑΣΤΙΚΑΙ ΣΧΟΛΑΙ ΚΑΙ ΠΑΡΘΕΝΑΓΩΓΕΙΑ","Kindergartens, Primary Schools, Urban Schools and Girls' High Schools",,Γεώργιος Ι. Κούζος,Georgios I. Kouzos,"Γραμματικὴ τῆς Νέας Ἑλληνικῆς Γλώσσης, εἰς τεύχη δύο. Τεῦχος Β΄","Grammar of the Modern Greek Language, in two volumes. Volume II",σελ. 160,4,γρ.,
1895,IMG_1297.jpeg,"ΝΗΠΙΑΓΩΓΕΙΑ, ΔΗΜΟΤΙΚΑ ΣΧΟΛΕΙΑ, ΑΣΤΙΚΑΙ ΣΧΟΛΑΙ ΚΑΙ ΠΑΡΘΕΝΑΓΩΓΕΙΑ","Kindergartens, Primary Schools, Urban Schools and Girls' High Schools",,Ν. Εὐστάθιος καὶ Ἀ. Κουζουλάρης,N. Eustathiou and A. Kouzoularis,"Γραμματικῆς τῆς νέας ἑλληνικῆς Ἐγχειρίδιον, τεῦχος Α΄","Manual of Modern Greek Grammar, volume I",σελ. ϛ΄-64,2,γρ.,
1895,IMG_1297.jpeg,"ΝΗΠΙΑΓΩΓΕΙΑ, ΔΗΜΟΤΙΚΑ ΣΧΟΛΕΙΑ, ΑΣΤΙΚΑΙ ΣΧΟΛΑΙ ΚΑΙ ΠΑΡΘΕΝΑΓΩΓΕΙΑ","Kindergartens, Primary Schools, Urban Schools and Girls' High Schools",,Ν. Εὐστάθιος καὶ Ἀ. Κουζουλάρης,N. Eustathiou and A. Kouzoularis,"Γραμματικῆς τῆς νέας ἑλληνικῆς Ἐγχειρίδιον, τεῦχος Β΄","Manual of Modern Greek Grammar, volume II",σελ. 80,2.20,γρ.,
1895,IMG_1297.jpeg,"ΝΗΠΙΑΓΩΓΕΙΑ, ΔΗΜΟΤΙΚΑ ΣΧΟΛΕΙΑ, ΑΣΤΙΚΑΙ ΣΧΟΛΑΙ ΚΑΙ ΠΑΡΘΕΝΑΓΩΓΕΙΑ","Kindergartens, Primary Schools, Urban Schools and Girls' High Schools",,Ν. Εὐστάθιος καὶ Ἀ. Κουζουλάρης,N. Eustathiou and A. Kouzoularis,"Γραμματικῆς τῆς νέας ἑλληνικῆς Ἐγχειρίδιον, τεῦχος Γ΄","Manual of Modern Greek Grammar, volume III",σελ. 128,3.20,γρ.,
1895,IMG_1298.jpeg,"ΝΗΠΙΑΓΩΓΕΙΑ, ΔΗΜΟΤΙΚΑ ΣΧΟΛΕΙΑ, ΑΣΤΙΚΑΙ ΣΧΟΛΑΙ ΚΑΙ ΠΑΡΘΕΝΑΓΩΓΕΙΑ","Kindergartens, Primary Schools, Urban Schools and Girls' High Schools",,Β. Δ. Καλλίφρονος,V. D. Kalliphronos,"Γραμματικῆς ἐλληνικῆς Ἐγχειρίδιον, κατ' ἐρωταπόκρισιν","Handbook of Greek Grammar, by Question and Answer","8ον, σελ. 124",3,γρ.,
1895,IMG_1298.jpeg,"ΝΗΠΙΑΓΩΓΕΙΑ, ΔΗΜΟΤΙΚΑ ΣΧΟΛΕΙΑ, ΑΣΤΙΚΑΙ ΣΧΟΛΑΙ ΚΑΙ ΠΑΡΘΕΝΑΓΩΓΕΙΑ","Kindergartens, Primary Schools, Urban Schools and Girls' High Schools",,Γ. Δ. Ζηκίδου,G. D. Zikidis,Γραμματικῆς ἐλληνικῆς (τῆς νέας) Ἐγχειρίδιον,Handbook of Greek Grammar (Modern),"8ον, σελ. 64",3.20,γρ. π.,Price listed as 3 γρ. 20 π.
1895,IMG_1298.jpeg,"ΝΗΠΙΑΓΩΓΕΙΑ, ΔΗΜΟΤΙΚΑ ΣΧΟΛΕΙΑ, ΑΣΤΙΚΑΙ ΣΧΟΛΑΙ ΚΑΙ ΠΑΡΘΕΝΑΓΩΓΕΙΑ","Kindergartens, Primary Schools, Urban Schools and Girls' High Schools",,Π. Π. Οἰκονόμου,P. P. Oikonomos,Γραμματικῆς ἐλληνικῆς Ἐγχειρίδιον,Handbook of Greek Grammar,"8ον, σελ. 96",3,γρ.,
1895,IMG_1298.jpeg,"ΝΗΠΙΑΓΩΓΕΙΑ, ΔΗΜΟΤΙΚΑ ΣΧΟΛΕΙΑ, ΑΣΤΙΚΑΙ ΣΧΟΛΑΙ ΚΑΙ ΠΑΡΘΕΝΑΓΩΓΕΙΑ","Kindergartens, Primary Schools, Urban Schools and Girls' High Schools",,Γρ. Κανέλλου,Gr. Kanellos,Γραμματικὴ Στοιχειώδης ἐλληνική,Elementary Greek Grammar,"8ον, σελ. 76",2,γρ.,Text strikethrough in original print/markup
1895,IMG_1298.jpeg,"ΝΗΠΙΑΓΩΓΕΙΑ, ΔΗΜΟΤΙΚΑ ΣΧΟΛΕΙΑ, ΑΣΤΙΚΑΙ ΣΧΟΛΑΙ ΚΑΙ ΠΑΡΘΕΝΑΓΩΓΕΙΑ","Kindergartens, Primary Schools, Urban Schools and Girls' High Schools",,Ἀθ. Σακελλαρίου,Ath. Sakellarios,Γραμματικὴ ἐλληνικὴ Στοιχειώδης ὑπὸ τὸν τίτλον «Νικᾷ δ' ὁ κάρρων»,"Elementary Greek Grammar under the title ""Nika d' o karron""","8ον, σελ. 76",1.20,γρ. π.,Price listed as 1 γρ. 20 π.
1895,IMG_1298.jpeg,"ΝΗΠΙΑΓΩΓΕΙΑ, ΔΗΜΟΤΙΚΑ ΣΧΟΛΕΙΑ, ΑΣΤΙΚΑΙ ΣΧΟΛΑΙ ΚΑΙ ΠΑΡΘΕΝΑΓΩΓΕΙΑ","Kindergartens, Primary Schools, Urban Schools and Girls' High Schools",,Λουκᾶ Χριστοδούλου,Loukas Christodoulou,Γραμματικὴ τῆς ἐλληνικῆς γλώσσης,Grammar of the Greek Language,"8ον, σελ. 144",2.10,γρ. παρ.,Asterisk in original; price listed as 2 γρ. 10 παρ.
1895,IMG_1298.jpeg,"ΝΗΠΙΑΓΩΓΕΙΑ, ΔΗΜΟΤΙΚΑ ΣΧΟΛΕΙΑ, ΑΣΤΙΚΑΙ ΣΧΟΛΑΙ ΚΑΙ ΠΑΡΘΕΝΑΓΩΓΕΙΑ","Kindergartens, Primary Schools, Urban Schools and Girls' High Schools",,Ἀρ. Π. Κουρτίδου,Ar. P. Kourtidis,Διάλογοι Παιδικοί,Children's Dialogues,σελ. 191,8,γρ.,
1895,IMG_1298.jpeg,"ΝΗΠΙΑΓΩΓΕΙΑ, ΔΗΜΟΤΙΚΑ ΣΧΟΛΕΙΑ, ΑΣΤΙΚΑΙ ΣΧΟΛΑΙ ΚΑΙ ΠΑΡΘΕΝΑΓΩΓΕΙΑ","Kindergartens, Primary Schools, Urban Schools and Girls' High Schools",,Σπ. Ἀντωνιάδου,Sp. Antoniadis,Διδασκαλία ἐλληνικῆς Ἱστορίας Ἰρβίγγος,Teaching of Greek History by Irving,σελ. β' - 64,30,παρ.,
1895,IMG_1298.jpeg,"ΝΗΠΙΑΓΩΓΕΙΑ, ΔΗΜΟΤΙΚΑ ΣΧΟΛΕΙΑ, ΑΣΤΙΚΑΙ ΣΧΟΛΑΙ ΚΑΙ ΠΑΡΘΕΝΑΓΩΓΕΙΑ","Kindergartens, Primary Schools, Urban Schools and Girls' High Schools",,Σπ. Ἀντωνιάδου,Sp. Antoniadis,Διδασκαλία ἐλληνικῆς Ἱστορίας Ἰρβίγγος,Teaching of Greek History by Irving,σελ. δ' - 172,4,γρ.,Text underlined/crossed out in blue
1895,IMG_1298.jpeg,"ΝΗΠΙΑΓΩΓΕΙΑ, ΔΗΜΟΤΙΚΑ ΣΧΟΛΕΙΑ, ΑΣΤΙΚΑΙ ΣΧΟΛΑΙ ΚΑΙ ΠΑΡΘΕΝΑΓΩΓΕΙΑ","Kindergartens, Primary Schools, Urban Schools and Girls' High Schools",,Ἰ. Ἀ. Βρετοῦ,I. A. Vretos,Διδάσκαλος,The Teacher,σελ. 64,2,γρ.,Text underlined in blue
1895,IMG_1298.jpeg,"ΝΗΠΙΑΓΩΓΕΙΑ, ΔΗΜΟΤΙΚΑ ΣΧΟΛΕΙΑ, ΑΣΤΙΚΑΙ ΣΧΟΛΑΙ ΚΑΙ ΠΑΡΘΕΝΑΓΩΓΕΙΑ","Kindergartens, Primary Schools, Urban Schools and Girls' High Schools",,Ἰ. Βρετοῦ,I. Vretos,Διηγήματα ἠθικά,Moral Stories,"ἔτος Β', σελ. 64",2,γρ.,
1895,IMG_1298.jpeg,"ΝΗΠΙΑΓΩΓΕΙΑ, ΔΗΜΟΤΙΚΑ ΣΧΟΛΕΙΑ, ΑΣΤΙΚΑΙ ΣΧΟΛΑΙ ΚΑΙ ΠΑΡΘΕΝΑΓΩΓΕΙΑ","Kindergartens, Primary Schools, Urban Schools and Girls' High Schools",,Φιλεκπαιδευτικὴ Ἑταιρεία,Philekpaideutiki Etaireia,Διηγήματα καὶ πρακτικὰ μαθήματα,Stories and Practical Lessons,"8ον, σελ. 224",9,γρ.,Author indicated as 'ὑπὸ τῆς ἐν Ἀθήναις Φιλεκπαιδευτικῆς Ἑταιρείας'
1895,IMG_1298.jpeg,"ΝΗΠΙΑΓΩΓΕΙΑ, ΔΗΜΟΤΙΚΑ ΣΧΟΛΕΙΑ, ΑΣΤΙΚΑΙ ΣΧΟΛΑΙ ΚΑΙ ΠΑΡΘΕΝΑΓΩΓΕΙΑ","Kindergartens, Primary Schools, Urban Schools and Girls' High Schools",,Ἀριστ. Π. Κουρτίδου,Arist. P. Kourtidis,Διηγήματα Παιδικά,Children's Stories,σελ. 183,9,γρ.,
1895,IMG_1298.jpeg,"ΝΗΠΙΑΓΩΓΕΙΑ, ΔΗΜΟΤΙΚΑ ΣΧΟΛΕΙΑ, ΑΣΤΙΚΑΙ ΣΧΟΛΑΙ ΚΑΙ ΠΑΡΘΕΝΑΓΩΓΕΙΑ","Kindergartens, Primary Schools, Urban Schools and Girls' High Schools",,Γ. Κωνσταντινίδου,G. Konstantinidis,Διηγήματα παιδικὰ δώδεκα,Twelve Children's Stories,σελ. 144,1.20,γρ. π.,Asterisk in original; strikethrough text
1895,IMG_1298.jpeg,"ΝΗΠΙΑΓΩΓΕΙΑ, ΔΗΜΟΤΙΚΑ ΣΧΟΛΕΙΑ, ΑΣΤΙΚΑΙ ΣΧΟΛΑΙ ΚΑΙ ΠΑΡΘΕΝΑΓΩΓΕΙΑ","Kindergartens, Primary Schools, Urban Schools and Girls' High Schools",,Π. Π. Οἰκονόμου,P. P. Oikonomos,Διηγήματα καθ' Ὅμηρον καὶ τοὺς τραγικούς,Stories According to Homer and the Tragedians,σελ. 129,2,γρ.,
1895,IMG_1298.jpeg,"ΝΗΠΙΑΓΩΓΕΙΑ, ΔΗΜΟΤΙΚΑ ΣΧΟΛΕΙΑ, ΑΣΤΙΚΑΙ ΣΧΟΛΑΙ ΚΑΙ ΠΑΡΘΕΝΑΓΩΓΕΙΑ","Kindergartens, Primary Schools, Urban Schools and Girls' High Schools",,Ἀρσ. Παπαδοπούλου,Ars. Papadopoulos,Διηγήματα εἴκοσι,Twenty Stories,σ. 40,2.20,γρ. π.,Price listed as 2 γρ. 20 π.
1895,IMG_1298.jpeg,"ΝΗΠΙΑΓΩΓΕΙΑ, ΔΗΜΟΤΙΚΑ ΣΧΟΛΕΙΑ, ΑΣΤΙΚΑΙ ΣΧΟΛΑΙ ΚΑΙ ΠΑΡΘΕΝΑΓΩΓΕΙΑ","Kindergartens, Primary Schools, Urban Schools and Girls' High Schools",,Π. Περρῆ,P. Perris,Διηγήματα τρία,Three Stories,"σελ. 62, χαρτόδετον",1,γρ.,Asterisk in original
1895,IMG_1298.jpeg,"ΝΗΠΙΑΓΩΓΕΙΑ, ΔΗΜΟΤΙΚΑ ΣΧΟΛΕΙΑ, ΑΣΤΙΚΑΙ ΣΧΟΛΑΙ ΚΑΙ ΠΑΡΘΕΝΑΓΩΓΕΙΑ","Kindergartens, Primary Schools, Urban Schools and Girls' High Schools",,Μαριέττας Σ. Ῥάλλη,Marietta S. Ralli,Διηγήματα μητρὸς ἐκ τῆς Βίβλου,Mother's Stories from the Bible,σελ. 160,5,γρ.,
1895,IMG_1298.jpeg,"ΝΗΠΙΑΓΩΓΕΙΑ, ΔΗΜΟΤΙΚΑ ΣΧΟΛΕΙΑ, ΑΣΤΙΚΑΙ ΣΧΟΛΑΙ ΚΑΙ ΠΑΡΘΕΝΑΓΩΓΕΙΑ","Kindergartens, Primary Schools, Urban Schools and Girls' High Schools",,Ν. Δαμπίση,N. Dampisis,"Δισσάκιον τοῦ Αἰσώπου, συλλογὴ ἐμμέτρων μύθων","Aesop's Pouch, Collection of Verse Fables",σελ. 84,2.20,γρ. παρ.,Price listed as 2 γρ. 20 παρ.
1895,IMG_1298.jpeg,"ΝΗΠΙΑΓΩΓΕΙΑ, ΔΗΜΟΤΙΚΑ ΣΧΟΛΕΙΑ, ΑΣΤΙΚΑΙ ΣΧΟΛΑΙ ΚΑΙ ΠΑΡΘΕΝΑΓΩΓΕΙΑ","Kindergartens, Primary Schools, Urban Schools and Girls' High Schools",,Ἀρ. Π. Κουρτίδου,Ar. P. Kourtidis,Δραμάτια καὶ Κωμῳδίαι,Short Plays and Comedies,σελ. 193,9,γρ.,
1895,IMG_1298.jpeg,"ΝΗΠΙΑΓΩΓΕΙΑ, ΔΗΜΟΤΙΚΑ ΣΧΟΛΕΙΑ, ΑΣΤΙΚΑΙ ΣΧΟΛΑΙ ΚΑΙ ΠΑΡΘΕΝΑΓΩΓΕΙΑ","Kindergartens, Primary Schools, Urban Schools and Girls' High Schools",,Ἰ. Δ. Ἀριστοκλέους,I. D. Aristokleous,Ἐγκόλπιον μητρικόν,Mother's Manual,8ον,9,γρ.,Asterisk in original
1895,IMG_1298.jpeg,"ΝΗΠΙΑΓΩΓΕΙΑ, ΔΗΜΟΤΙΚΑ ΣΧΟΛΕΙΑ, ΑΣΤΙΚΑΙ ΣΧΟΛΑΙ ΚΑΙ ΠΑΡΘΕΝΑΓΩΓΕΙΑ","Kindergartens, Primary Schools, Urban Schools and Girls' High Schools",,Δ. Θεανοπούλου,D. Theanopoulos,Ἐγκυκλοπαιδεία παιδική,Children's Encyclopedia,"Ἔτος Β', σελ. 160 / Ἔτος Γ', σελ. 178 / Ἔτος Δ', σελ. 192",2,γρ.,"Asterisk in original; price 2 γρ. per volume/year (Year B, C, D)"
1895,IMG_1298.jpeg,"ΝΗΠΙΑΓΩΓΕΙΑ, ΔΗΜΟΤΙΚΑ ΣΧΟΛΕΙΑ, ΑΣΤΙΚΑΙ ΣΧΟΛΑΙ ΚΑΙ ΠΑΡΘΕΝΑΓΩΓΕΙΑ","Kindergartens, Primary Schools, Urban Schools and Girls' High Schools",,Χ. Πουλίου,Ch. Poulios,Ἐγκυκλοπαιδεία παιδική,Children's Encyclopedia,Ἕκαστον τεῦχ.,2,γρ.,Asterisk in original
1895,IMG_1299.jpeg,"ΝΗΠΙΑΓΩΓΕΙΑ, ΔΗΜΟΤΙΚΑ ΣΧΟΛΕΙΑ, ΑΣΤΙΚΑΙ ΣΧΟΛΑΙ ΚΑΙ ΠΑΡΘΕΝΑΓΩΓΕΙΑ","Kindergartens, Primary Schools, Urban Schools and Girls' High Schools",,Ἀθ. Σακελλαρίου,Ath. Sakellariou,Ἐγκυκλοπαιδεία παιδική,Children's Encyclopedia,σελ. δ' — 144,3,γρ.,
1895,IMG_1299.jpeg,"ΝΗΠΙΑΓΩΓΕΙΑ, ΔΗΜΟΤΙΚΑ ΣΧΟΛΕΙΑ, ΑΣΤΙΚΑΙ ΣΧΟΛΑΙ ΚΑΙ ΠΑΡΘΕΝΑΓΩΓΕΙΑ","Kindergartens, Primary Schools, Urban Schools and Girls' High Schools",,Β. Δ. Καλλίφρονος,V. D. Kallifronos,Ἐγχειρίδιον μαθημάτων θρησκευτικῶν,Manual of Religious Lessons,σελ. 74,1 παρ. 20,γρ.,
1895,IMG_1299.jpeg,"ΝΗΠΙΑΓΩΓΕΙΑ, ΔΗΜΟΤΙΚΑ ΣΧΟΛΕΙΑ, ΑΣΤΙΚΑΙ ΣΧΟΛΑΙ ΚΑΙ ΠΑΡΘΕΝΑΓΩΓΕΙΑ","Kindergartens, Primary Schools, Urban Schools and Girls' High Schools",,Ε. Δ. Ρ.,E. D. R.,Ἐγχειρίδιον ἐναρέτων πράξεων,Manual of Virtuous Actions,σελ. 96,1 παρ. 20,γρ.,Crossed out in blue ink
1895,IMG_1299.jpeg,"ΝΗΠΙΑΓΩΓΕΙΑ, ΔΗΜΟΤΙΚΑ ΣΧΟΛΕΙΑ, ΑΣΤΙΚΑΙ ΣΧΟΛΑΙ ΚΑΙ ΠΑΡΘΕΝΑΓΩΓΕΙΑ","Kindergartens, Primary Schools, Urban Schools and Girls' High Schools",,,,Ἐξωκκλήσιον τοῦ δάσους,The Country Chapel in the Forest,σελ. 16,20,παρ.,
1895,IMG_1299.jpeg,"ΝΗΠΙΑΓΩΓΕΙΑ, ΔΗΜΟΤΙΚΑ ΣΧΟΛΕΙΑ, ΑΣΤΙΚΑΙ ΣΧΟΛΑΙ ΚΑΙ ΠΑΡΘΕΝΑΓΩΓΕΙΑ","Kindergartens, Primary Schools, Urban Schools and Girls' High Schools",,Α. Σικελιανοῦ,A. Sikelianos,Ἐπιστολαὶ διδασκάλου πρὸς μαθητήν,Letters from a Teacher to a Student,σελ. 190,5,γρ.,Pencil cross mark in left margin
1895,IMG_1299.jpeg,"ΝΗΠΙΑΓΩΓΕΙΑ, ΔΗΜΟΤΙΚΑ ΣΧΟΛΕΙΑ, ΑΣΤΙΚΑΙ ΣΧΟΛΑΙ ΚΑΙ ΠΑΡΘΕΝΑΓΩΓΕΙΑ","Kindergartens, Primary Schools, Urban Schools and Girls' High Schools",,,,Ἐργόχειρα καλλιτεχνικά,Artistic Handiwork,"8ον, σελ. ιβ'—59",9,γρ.,
1895,IMG_1299.jpeg,"ΝΗΠΙΑΓΩΓΕΙΑ, ΔΗΜΟΤΙΚΑ ΣΧΟΛΕΙΑ, ΑΣΤΙΚΑΙ ΣΧΟΛΑΙ ΚΑΙ ΠΑΡΘΕΝΑΓΩΓΕΙΑ","Kindergartens, Primary Schools, Urban Schools and Girls' High Schools",,Ι. Α. Βρετοῦ,I. A. Vretos,Ἐρημίτης,The Hermit,σελ. 64,1,γρ.,Underlined in blue ink
1895,IMG_1299.jpeg,"ΝΗΠΙΑΓΩΓΕΙΑ, ΔΗΜΟΤΙΚΑ ΣΧΟΛΕΙΑ, ΑΣΤΙΚΑΙ ΣΧΟΛΑΙ ΚΑΙ ΠΑΡΘΕΝΑΓΩΓΕΙΑ","Kindergartens, Primary Schools, Urban Schools and Girls' High Schools",,Ι. Ε. Μεσολωρᾶ,I. E. Mesoloras,Ἐρμηνεία πρακτικὴ καὶ κείμενον Εὐαγγελίων,Practical Interpretation and Text of the Gospels,"8ον, σελ. 208",5,γρ.,
1895,IMG_1299.jpeg,"ΝΗΠΙΑΓΩΓΕΙΑ, ΔΗΜΟΤΙΚΑ ΣΧΟΛΕΙΑ, ΑΣΤΙΚΑΙ ΣΧΟΛΑΙ ΚΑΙ ΠΑΡΘΕΝΑΓΩΓΕΙΑ","Kindergartens, Primary Schools, Urban Schools and Girls' High Schools",,Μ. Χαμουδοπούλου,M. Chamoudopoulos,Ἐρμηνεία Λειτουργίας,Interpretation of the Divine Liturgy,σελ. 196,6,γρ.,
1895,IMG_1299.jpeg,"ΝΗΠΙΑΓΩΓΕΙΑ, ΔΗΜΟΤΙΚΑ ΣΧΟΛΕΙΑ, ΑΣΤΙΚΑΙ ΣΧΟΛΑΙ ΚΑΙ ΠΑΡΘΕΝΑΓΩΓΕΙΑ","Kindergartens, Primary Schools, Urban Schools and Girls' High Schools",,Ι. Α. Βρετοῦ,I. A. Vretos,Ζωολογία,Zoology,σελ. 64,1 παρ. 20,γρ.,
1895,IMG_1299.jpeg,"ΝΗΠΙΑΓΩΓΕΙΑ, ΔΗΜΟΤΙΚΑ ΣΧΟΛΕΙΑ, ΑΣΤΙΚΑΙ ΣΧΟΛΑΙ ΚΑΙ ΠΑΡΘΕΝΑΓΩΓΕΙΑ","Kindergartens, Primary Schools, Urban Schools and Girls' High Schools",,Καρπαντιέ,Carpentier,Ζωολογία,Zoology,σελ. 122,4,γρ.,
1895,IMG_1299.jpeg,"ΝΗΠΙΑΓΩΓΕΙΑ, ΔΗΜΟΤΙΚΑ ΣΧΟΛΕΙΑ, ΑΣΤΙΚΑΙ ΣΧΟΛΑΙ ΚΑΙ ΠΑΡΘΕΝΑΓΩΓΕΙΑ","Kindergartens, Primary Schools, Urban Schools and Girls' High Schools",,Γ. Δ. Λαμπίση,G. D. Lampisis,Ζωολογία μετὰ ἑκατὸν εἰκόνων χαλκογραφημένων,Zoology with One Hundred Copperplate Engravings,"8ον, ἔκδ. δ', σελ. 286",6,γρ.,Includes descriptive recommendation note below
1895,IMG_1299.jpeg,"ΝΗΠΙΑΓΩΓΕΙΑ, ΔΗΜΟΤΙΚΑ ΣΧΟΛΕΙΑ, ΑΣΤΙΚΑΙ ΣΧΟΛΑΙ ΚΑΙ ΠΑΡΘΕΝΑΓΩΓΕΙΑ","Kindergartens, Primary Schools, Urban Schools and Girls' High Schools",,Δ. Πολυχρονιάδου καὶ Σ. Οἰκονομίδου,D. Polychroniadou and S. Oikonomidou,"Ἠθικαὶ γνώσεις, ἤτοι Ἀναγνωστικόν","Moral Knowledge, or Reader",σελ. 144,5,γρ.,
1895,IMG_1299.jpeg,"ΝΗΠΙΑΓΩΓΕΙΑ, ΔΗΜΟΤΙΚΑ ΣΧΟΛΕΙΑ, ΑΣΤΙΚΑΙ ΣΧΟΛΑΙ ΚΑΙ ΠΑΡΘΕΝΑΓΩΓΕΙΑ","Kindergartens, Primary Schools, Urban Schools and Girls' High Schools",,Δ. Μέλα,D. Melas,Ἠθικαὶ ὁμιλίαι ἐπὶ τῶν κυριακῶν Εὐαγγελίων μετὰ τοῦ κειμένου αὐτῶν,Moral Homilies on the Sunday Gospels with their Text,σελ. 268,2 παρ. 20,γρ.,
1895,IMG_1299.jpeg,"ΝΗΠΙΑΓΩΓΕΙΑ, ΔΗΜΟΤΙΚΑ ΣΧΟΛΕΙΑ, ΑΣΤΙΚΑΙ ΣΧΟΛΑΙ ΚΑΙ ΠΑΡΘΕΝΑΓΩΓΕΙΑ","Kindergartens, Primary Schools, Urban Schools and Girls' High Schools",,Α. Ρ. Ραγκαβῆ,A. R. Rangavis,Ἠθικὴ Ι. Κάμπη,Ethics of J. Campe,σελ. 36,30,παρ.,Crossed out in blue ink
1895,IMG_1299.jpeg,"ΝΗΠΙΑΓΩΓΕΙΑ, ΔΗΜΟΤΙΚΑ ΣΧΟΛΕΙΑ, ΑΣΤΙΚΑΙ ΣΧΟΛΑΙ ΚΑΙ ΠΑΡΘΕΝΑΓΩΓΕΙΑ","Kindergartens, Primary Schools, Urban Schools and Girls' High Schools",,Π. Ἰασεμίδου καὶ Ἀρ. Χαροκόπου,P. Iasemidou and Ar. Charokopos,Ἡροδότου ἱστορία,History of Herodotus,"Τεῦχος Α', σελ. ϛ'—192 / Τεῦχος Β'","Τεῦχ. Α': 3, Τεῦχ. Β': 3",γρ.,
1895,IMG_1299.jpeg,"ΝΗΠΙΑΓΩΓΕΙΑ, ΔΗΜΟΤΙΚΑ ΣΧΟΛΕΙΑ, ΑΣΤΙΚΑΙ ΣΧΟΛΑΙ ΚΑΙ ΠΑΡΘΕΝΑΓΩΓΕΙΑ","Kindergartens, Primary Schools, Urban Schools and Girls' High Schools",,Ἀριστ. Π. Κουρτίδου,Arist. P. Kourtidou,Ἡρωϊκοὶ χρόνοι τῆς Ἀρχαίας Ἑλλάδος,Heroic Times of Ancient Greece,σελ. η'—122,2 παρ. 20,γρ.,
1895,IMG_1299.jpeg,"ΝΗΠΙΑΓΩΓΕΙΑ, ΔΗΜΟΤΙΚΑ ΣΧΟΛΕΙΑ, ΑΣΤΙΚΑΙ ΣΧΟΛΑΙ ΚΑΙ ΠΑΡΘΕΝΑΓΩΓΕΙΑ","Kindergartens, Primary Schools, Urban Schools and Girls' High Schools",,Ἀ. Ἀθανασιάδου καὶ Ἰ. Δημήτριάδου,A. Athanasiadou and I. Demetriadou,Ἱστορία τῆς ἀρχαίας Ἑλλάδος,History of Ancient Greece,"Τεῦχ. Α', Β'","Τεῦχ. Α': 2 π. 20, Β': 3 π. 20",γρ.,
1895,IMG_1300.jpeg,"ΝΗΠΙΑΓΩΓΕΙΑ, ΔΗΜΟΤΙΚΑ ΣΧΟΛΕΙΑ, ΑΣΤΙΚΑΙ ΣΧΟΛΑΙ ΚΑΙ ΠΑΡΘΕΝΑΓΩΓΕΙΑ","Kindergartens, Primary Schools, Urban Schools and Girls' High Schools",,Ἰ. Ἀνθοπούλου,I. Anthopoulos,Ἱστορία ἑλληνικὴ μετὰ γνωμικῶν,Greek History with Maxims,σελ. 59,3,γρ.,
1895,IMG_1300.jpeg,"ΝΗΠΙΑΓΩΓΕΙΑ, ΔΗΜΟΤΙΚΑ ΣΧΟΛΕΙΑ, ΑΣΤΙΚΑΙ ΣΧΟΛΑΙ ΚΑΙ ΠΑΡΘΕΝΑΓΩΓΕΙΑ","Kindergartens, Primary Schools, Urban Schools and Girls' High Schools",,Σπ. Ἀντωνιάδου,Sp. Antoniades,Ἱστορίας ἑλληνικῆς σύνοψις,Synopsis of Greek History,σ. 58,1,γρ.,
1895,IMG_1300.jpeg,"ΝΗΠΙΑΓΩΓΕΙΑ, ΔΗΜΟΤΙΚΑ ΣΧΟΛΕΙΑ, ΑΣΤΙΚΑΙ ΣΧΟΛΑΙ ΚΑΙ ΠΑΡΘΕΝΑΓΩΓΕΙΑ","Kindergartens, Primary Schools, Urban Schools and Girls' High Schools",,Κ. Ζαχαριάδου,K. Zachariades,Ἱστορία ἑλληνικὴ βιογραφικῶς,Greek History Biographically,"Τεῦχος Α΄, Β΄, Γ΄",2 - 2.20 - 3.20,γρ.,"Τεῦχος Α΄: γρ. 2, Β΄: γρ. 2 π. 20, Γ΄: γρ. 3 π. 20."
1895,IMG_1300.jpeg,"ΝΗΠΙΑΓΩΓΕΙΑ, ΔΗΜΟΤΙΚΑ ΣΧΟΛΕΙΑ, ΑΣΤΙΚΑΙ ΣΧΟΛΑΙ ΚΑΙ ΠΑΡΘΕΝΑΓΩΓΕΙΑ","Kindergartens, Primary Schools, Urban Schools and Girls' High Schools",,Γ. Ἰ. Κούζου,G. I. Kouzos,Ἱστορία βιογραφικὴ τῆς Ἀρχαίας Ἑλλάδος,Biographical History of Ancient Greece,"Τεῦχος Α΄ (Ἔτος σχολικὸν Γ΄ καὶ Δ΄), ἔκδοσις ε΄ / Τεῦχος Β΄ (Ἔτος Ε΄ καὶ ΣΤ΄)",2.50 - 3.50,γρ.,"μετὰ εἰκόνων. Περὶ τῶν ἔργων τούτων τοῦ κ. Κούζου δὲν θὰ ἐπαναλάβωμεν ὅ τι εἴπομεν καὶ περὶ τῶν ἄλλων τοῦ αὐτοῦ συγγραφέως, διότι εἶναι τοσοῦτον γνωστὸς τοῖς περὶ τὴν δημοτικὴν παίδευσιν ἀσχολουμένοις ὁ συγγραφεύς, ὥστε κατέστησε τὰ βιβλία αὐτοῦ ἤδη αὐτοσύστατα."
1895,IMG_1300.jpeg,"ΝΗΠΙΑΓΩΓΕΙΑ, ΔΗΜΟΤΙΚΑ ΣΧΟΛΕΙΑ, ΑΣΤΙΚΑΙ ΣΧΟΛΑΙ ΚΑΙ ΠΑΡΘΕΝΑΓΩΓΕΙΑ","Kindergartens, Primary Schools, Urban Schools and Girls' High Schools",,Ἰ. Κυριακοπούλου,I. Kyriakopoulos,Ἱστορία ἑλληνική,Greek History,,1.20,γρ.,
1895,IMG_1300.jpeg,"ΝΗΠΙΑΓΩΓΕΙΑ, ΔΗΜΟΤΙΚΑ ΣΧΟΛΕΙΑ, ΑΣΤΙΚΑΙ ΣΧΟΛΑΙ ΚΑΙ ΠΑΡΘΕΝΑΓΩΓΕΙΑ","Kindergartens, Primary Schools, Urban Schools and Girls' High Schools",,Κ. Σ. Ξανθοπούλου,K. S. Xanthopoulos,Ἱστορία ἑλληνική,Greek History,"Τόμος Α΄, Β΄, Γ΄",2,γρ.,"Τόμος Α΄: γρ. 2, Β΄: γρ. 2, Γ΄: γρ. 2."
1895,IMG_1300.jpeg,"ΝΗΠΙΑΓΩΓΕΙΑ, ΔΗΜΟΤΙΚΑ ΣΧΟΛΕΙΑ, ΑΣΤΙΚΑΙ ΣΧΟΛΑΙ ΚΑΙ ΠΑΡΘΕΝΑΓΩΓΕΙΑ","Kindergartens, Primary Schools, Urban Schools and Girls' High Schools",,Δ. Πανταζῆ,D. Pantazis,Ἱστορίας τῆς Ἑλλάδος σύνοψις ἀπὸ τῶν ἀρχαιοτάτων χρόνων μέχρι τοῦ 1820,Synopsis of the History of Greece from Ancient Times until 1820,σελ. 144,2,γρ.,
1895,IMG_1300.jpeg,"ΝΗΠΙΑΓΩΓΕΙΑ, ΔΗΜΟΤΙΚΑ ΣΧΟΛΕΙΑ, ΑΣΤΙΚΑΙ ΣΧΟΛΑΙ ΚΑΙ ΠΑΡΘΕΝΑΓΩΓΕΙΑ","Kindergartens, Primary Schools, Urban Schools and Girls' High Schools",,Χρ. Γ. Πανταζίδου,Chr. G. Pantazides,Ἱστορία ἑλληνικὴ ἀρχαία κατὰ βίους συντεταγμένη,Ancient Greek History Arranged by Lives,"Τόμ. Α΄ (σελ. 100), Β΄ (σελ. 189), Γ΄ (σελ. 310)",2.20 - 4 - 6,γρ.,"ἔκδ. β΄. Τόμ. Α΄: γρ. 2 παρ. 20, Β΄: γρ. 4, Γ΄: γρ. 6."
1895,IMG_1300.jpeg,"ΝΗΠΙΑΓΩΓΕΙΑ, ΔΗΜΟΤΙΚΑ ΣΧΟΛΕΙΑ, ΑΣΤΙΚΑΙ ΣΧΟΛΑΙ ΚΑΙ ΠΑΡΘΕΝΑΓΩΓΕΙΑ","Kindergartens, Primary Schools, Urban Schools and Girls' High Schools",,Π. Παπαρρούση,P. Paparrousis,Ἱστορία τῆς ἀρχαίας Ἑλλάδος βιογραφικῶς,Biographical History of Ancient Greece,"Τεῦχος Α΄ (σελ. 86), Τεῦχος Β΄ (σελ. 128)",2.20 - 3,γρ.,"μετὰ εἰκόνων. Τεῦχος Α΄: γρ. 2 παρ. 20, Τεῦχος Β΄: γρ. 3."
1895,IMG_1300.jpeg,"ΝΗΠΙΑΓΩΓΕΙΑ, ΔΗΜΟΤΙΚΑ ΣΧΟΛΕΙΑ, ΑΣΤΙΚΑΙ ΣΧΟΛΑΙ ΚΑΙ ΠΑΡΘΕΝΑΓΩΓΕΙΑ","Kindergartens, Primary Schools, Urban Schools and Girls' High Schools",,Ἀ. Ῥ. Ῥαγκαβῆ,A. R. Rangavis,Ἱστορία ἑλληνική,Greek History,"8ον, σελ. 190",2,γρ.,
1895,IMG_1300.jpeg,"ΝΗΠΙΑΓΩΓΕΙΑ, ΔΗΜΟΤΙΚΑ ΣΧΟΛΕΙΑ, ΑΣΤΙΚΑΙ ΣΧΟΛΑΙ ΚΑΙ ΠΑΡΘΕΝΑΓΩΓΕΙΑ","Kindergartens, Primary Schools, Urban Schools and Girls' High Schools",,Ε. Φραγκίστα,E. Fragkistas,Ἱστορία ἑλληνική,Greek History,"Τόμ. Α΄, 8ον, σ. 235",5,γρ.,
1895,IMG_1300.jpeg,"ΝΗΠΙΑΓΩΓΕΙΑ, ΔΗΜΟΤΙΚΑ ΣΧΟΛΕΙΑ, ΑΣΤΙΚΑΙ ΣΧΟΛΑΙ ΚΑΙ ΠΑΡΘΕΝΑΓΩΓΕΙΑ","Kindergartens, Primary Schools, Urban Schools and Girls' High Schools",,"Π. Κυλίτου, Κ. Δ. Γουσσοπούλου καὶ Γρ. Κ. Ἐγγονοπούλου","P. Kylitos, K. D. Goussopoulos and Gr. K. Engonopoulos","Ἱστορία Ἱερά, συναρμολογηθεῖσα κατὰ τὰ προγράμματα τῆς Πατριαρχικῆς Κεντρικῆς Ἐκπαιδευτικῆς Ἐπιτροπῆς καὶ τῆς ἐν Ἀθήναις Ἐπιστημονικῆς Ἑταιρείας μετὰ ῥητῶν, τροπαρίων καὶ προσευχῶν εἰς τεύχη τρία","Sacred History, Assembled According to the Curricula of the Patriarchal Central Educational Committee and the Scientific Society in Athens, with Maxims, Hymns, and Prayers in Three Volumes","Τεῦχος Α΄ (σελ. 64), Τεῦχος Β΄ (σελ. 120), Τεῦχος Γ΄ (σελ. δ΄—120)",2 - 2.20 - 3,γρ.,"μετ' εἰκόνων εὐρωπαϊκῶν, ἔκδοσις β΄. Ἡ νέα ἔκδοσις τῆς Ἱερᾶς Ἱστορίας таύτης συνετάχθη ἐπὶ τῇ βάσει τοῦ προγράμματος τῆς Πατριαρχικῆς Κεντρικῆς Ἐκπαιδευτικῆς Ἐπιτροπῆς..."
1895,IMG_1301.jpeg,"ΝΗΠΙΑΓΩΓΕΙΑ, ΔΗΜΟΤΙΚΑ ΣΧΟΛΕΙΑ, ΑΣΤΙΚΑΙ ΣΧΟΛΑΙ ΚΑΙ ΠΑΡΘΕΝΑΓΩΓΕΙΑ","Kindergartens, Primary Schools, Urban Schools and Girls' High Schools",,Δ. Ν. Βερναρδάκη,D. N. Vernardakis,Ἱστορία ἱερὰ μικρά,Short Sacred History,"σελ. 64, παρ. 30",30,παρ.,
1895,IMG_1301.jpeg,"ΝΗΠΙΑΓΩΓΕΙΑ, ΔΗΜΟΤΙΚΑ ΣΧΟΛΕΙΑ, ΑΣΤΙΚΑΙ ΣΧΟΛΑΙ ΚΑΙ ΠΑΡΘΕΝΑΓΩΓΕΙΑ","Kindergartens, Primary Schools, Urban Schools and Girls' High Schools",,Ε. Κοφινιώτου,E. Kofiniotis,Ἱστορία ἱερὰ,Sacred History,"Τεῦχ. Α΄, Β΄",2,γρ.,"Price is 2 groschen per issue (Τεῦχ. Α΄, γρ. 2. Β΄, γρ. 2)."
1895,IMG_1301.jpeg,"ΝΗΠΙΑΓΩΓΕΙΑ, ΔΗΜΟΤΙΚΑ ΣΧΟΛΕΙΑ, ΑΣΤΙΚΑΙ ΣΧΟΛΑΙ ΚΑΙ ΠΑΡΘΕΝΑΓΩΓΕΙΑ","Kindergartens, Primary Schools, Urban Schools and Girls' High Schools",,Δ. Α. Κυριακοῦ,D. A. Kyriakos,Ἱστορία ἱερὰ στοιχειώδης,Elementary Sacred History,8ον σ. 80,2,γρ.,
1895,IMG_1301.jpeg,"ΝΗΠΙΑΓΩΓΕΙΑ, ΔΗΜΟΤΙΚΑ ΣΧΟΛΕΙΑ, ΑΣΤΙΚΑΙ ΣΧΟΛΑΙ ΚΑΙ ΠΑΡΘΕΝΑΓΩΓΕΙΑ","Kindergartens, Primary Schools, Urban Schools and Girls' High Schools",,Ἰ. Μοσχάκη,I. Moschakis,Ἱστορία ἱερὰ τῆς Παλαιᾶς Διαθήκης,Sacred History of the Old Testament,"8ον, σελ. 96",2.20,γρ.,Price given as γρ. 2 παρ. 20
1895,IMG_1301.jpeg,"ΝΗΠΙΑΓΩΓΕΙΑ, ΔΗΜΟΤΙΚΑ ΣΧΟΛΕΙΑ, ΑΣΤΙΚΑΙ ΣΧΟΛΑΙ ΚΑΙ ΠΑΡΘΕΝΑΓΩΓΕΙΑ","Kindergartens, Primary Schools, Urban Schools and Girls' High Schools",,Σ. Μωραΐτου,S. Moraitis,Ἱστορία ἱερὰ,Sacred History,"8ον, σελ. 240",3,γρ.,
1895,IMG_1301.jpeg,"ΝΗΠΙΑΓΩΓΕΙΑ, ΔΗΜΟΤΙΚΑ ΣΧΟΛΕΙΑ, ΑΣΤΙΚΑΙ ΣΧΟΛΑΙ ΚΑΙ ΠΑΡΘΕΝΑΓΩΓΕΙΑ","Kindergartens, Primary Schools, Urban Schools and Girls' High Schools",,Γ. Ι. Τσιάλα,G. I. Tsialas,Ἱστορία ἱερὰ μετὰ ῥητῶν καὶ εἰκόνων,Sacred History with Sayings and Illustrations,"Κύκλος Α΄, σελ. 48 | Β΄, σελ. 111 | Γ΄, Ἡμικύκλιον α΄, Παλαιὰ Διαθήκη, σελ. 128 | Γ΄, β΄, Ἱστοριολογιον, σ. 41",1,γρ.,"Multi-part prices: Α΄: γρ. 1, Β΄: γρ. 1 παρ. 20, Γ΄ α΄: γρ. 2, Γ΄ β΄: γρ. 2."
1895,IMG_1301.jpeg,"ΝΗΠΙΑΓΩΓΕΙΑ, ΔΗΜΟΤΙΚΑ ΣΧΟΛΕΙΑ, ΑΣΤΙΚΑΙ ΣΧΟΛΑΙ ΚΑΙ ΠΑΡΘΕΝΑΓΩΓΕΙΑ","Kindergartens, Primary Schools, Urban Schools and Girls' High Schools",,Ν. Εὐσταθίου καὶ Α. Κουζουλάρη,N. Efstathiou and A. Kouzoularis,Ἱστορίας ἱερᾶς ἐγχειρίδιον,Handbook of Sacred History,"Τεῦχος Α΄, σελ. ιδ΄-48 | Β΄, σελ. 64 | Γ΄, σελ. 80",1.20,γρ.,"Multi-part prices: Α΄: γρ. 1 παρ. 20, Β΄: γρ. 2, Γ΄: γρ. 2 παρ. 20."
1895,IMG_1301.jpeg,"ΝΗΠΙΑΓΩΓΕΙΑ, ΔΗΜΟΤΙΚΑ ΣΧΟΛΕΙΑ, ΑΣΤΙΚΑΙ ΣΧΟΛΑΙ ΚΑΙ ΠΑΡΘΕΝΑΓΩΓΕΙΑ","Kindergartens, Primary Schools, Urban Schools and Girls' High Schools",,Γ. Γενναδίου,G. Gennadios,Ἱστορίας ἱερᾶς σύνοψις,Synopsis of Sacred History,"8ον, σελ. 78",1,γρ.,
1895,IMG_1301.jpeg,"ΝΗΠΙΑΓΩΓΕΙΑ, ΔΗΜΟΤΙΚΑ ΣΧΟΛΕΙΑ, ΑΣΤΙΚΑΙ ΣΧΟΛΑΙ ΚΑΙ ΠΑΡΘΕΝΑΓΩΓΕΙΑ","Kindergartens, Primary Schools, Urban Schools and Girls' High Schools",,Ἀ. Κοραῆ,A. Korais,Ἱστορίας ἱερᾶς σύνοψις,Synopsis of Sacred History,σελ. 32,10,παρ.,
1895,IMG_1301.jpeg,"ΝΗΠΙΑΓΩΓΕΙΑ, ΔΗΜΟΤΙΚΑ ΣΧΟΛΕΙΑ, ΑΣΤΙΚΑΙ ΣΧΟΛΑΙ ΚΑΙ ΠΑΡΘΕΝΑΓΩΓΕΙΑ","Kindergartens, Primary Schools, Urban Schools and Girls' High Schools",,Β. Δ. Εὐδη,V. D. Eudis,Ἱστορίας ἱερᾶς ἐπιτομή,Epitome of Sacred History,σελ. 128,1.20,γρ.,Price given as γρ. 1 παρ. 20
1895,IMG_1301.jpeg,"ΝΗΠΙΑΓΩΓΕΙΑ, ΔΗΜΟΤΙΚΑ ΣΧΟΛΕΙΑ, ΑΣΤΙΚΑΙ ΣΧΟΛΑΙ ΚΑΙ ΠΑΡΘΕΝΑΓΩΓΕΙΑ","Kindergartens, Primary Schools, Urban Schools and Girls' High Schools",,Ἰ. Ἀ. Βρετοῦ,I. A. Vretos,Ἱστορικὰ ἀπανθίσματα,Historical Anthologies,σελ. 240,3,γρ.,
1895,IMG_1301.jpeg,"ΝΗΠΙΑΓΩΓΕΙΑ, ΔΗΜΟΤΙΚΑ ΣΧΟΛΕΙΑ, ΑΣΤΙΚΑΙ ΣΧΟΛΑΙ ΚΑΙ ΠΑΡΘΕΝΑΓΩΓΕΙΑ","Kindergartens, Primary Schools, Urban Schools and Girls' High Schools",,Κ. Ν. Ὀρφανουδάκη,K. N. Orfanoudakis,Ἰχνογραφία γραμμικὴ θεωρητικὴ καὶ ἐφαρμοσμένη,Theoretical and Applied Linear Drawing,"Μέρος Α΄, τεῦχος α΄, 8ον, σελ. 63 | Τεῦχος β΄, σελ. 56",6,γρ.,"Prices: Τεῦχος α΄: γρ. 6, Τεῦχος β΄: γρ. 8."
1895,IMG_1301.jpeg,"ΝΗΠΙΑΓΩΓΕΙΑ, ΔΗΜΟΤΙΚΑ ΣΧΟΛΕΙΑ, ΑΣΤΙΚΑΙ ΣΧΟΛΑΙ ΚΑΙ ΠΑΡΘΕΝΑΓΩΓΕΙΑ","Kindergartens, Primary Schools, Urban Schools and Girls' High Schools",,Ν. Γ. Βούρου,N. G. Vourou,Ἰχνογραφία Στοιχειώδης,Elementary Drawing,μετὰ πινάκων,5,γρ.,
1895,IMG_1301.jpeg,"ΝΗΠΙΑΓΩΓΕΙΑ, ΔΗΜΟΤΙΚΑ ΣΧΟΛΕΙΑ, ΑΣΤΙΚΑΙ ΣΧΟΛΑΙ ΚΑΙ ΠΑΡΘΕΝΑΓΩΓΕΙΑ","Kindergartens, Primary Schools, Urban Schools and Girls' High Schools",,Ἑ. Μαγκάκη,E. Magkakis,Ἰχνογραφίας ἐγχειρίδιον,Manual of Drawing,σελ. 64,2.20,γρ.,Price given as γρ. 2 π. 20
1895,IMG_1301.jpeg,"ΝΗΠΙΑΓΩΓΕΙΑ, ΔΗΜΟΤΙΚΑ ΣΧΟΛΕΙΑ, ΑΣΤΙΚΑΙ ΣΧΟΛΑΙ ΚΑΙ ΠΑΡΘΕΝΑΓΩΓΕΙΑ","Kindergartens, Primary Schools, Urban Schools and Girls' High Schools",,Anonymous,Anonymous,Ἰχνογράφος ὁ Μικρός,The Little Drawing-Master,"12 τετράδια μεθ' ὑποδειγμάτων, 14 σελίδες ἕκαστον, μεγάλον 8ου σχήματος",20,παράδων,Price 20 paras per notebook.
1895,IMG_1302.jpeg,"ΝΗΠΙΑΓΩΓΕΙΑ, ΔΗΜΟΤΙΚΑ ΣΧΟΛΕΙΑ, ΑΣΤΙΚΑΙ ΣΧΟΛΑΙ ΚΑΙ ΠΑΡΘΕΝΑΓΩΓΕΙΑ","Kindergartens, Primary Schools, Urban Schools and Girls' High Schools",,Anonymous,Anonymous,Μικρὸς Ἰχνογράφος,Small Drawing Book,12 τετράδια,20,παράδες,Continuation from previous page text describing the 12 drawing workbooks.
1895,IMG_1302.jpeg,"ΝΗΠΙΑΓΩΓΕΙΑ, ΔΗΜΟΤΙΚΑ ΣΧΟΛΕΙΑ, ΑΣΤΙΚΑΙ ΣΧΟΛΑΙ ΚΑΙ ΠΑΡΘΕΝΑΓΩΓΕΙΑ","Kindergartens, Primary Schools, Urban Schools and Girls' High Schools",,Anonymous,Anonymous,"Καλή μήτηρ, συλλογὴ διηγημάτων","Good Mother, collection of short stories",σελ. 155,2,γρ.,
1895,IMG_1302.jpeg,"ΝΗΠΙΑΓΩΓΕΙΑ, ΔΗΜΟΤΙΚΑ ΣΧΟΛΕΙΑ, ΑΣΤΙΚΑΙ ΣΧΟΛΑΙ ΚΑΙ ΠΑΡΘΕΝΑΓΩΓΕΙΑ","Kindergartens, Primary Schools, Urban Schools and Girls' High Schools",,Η. Δαζαρίδου,H. Dazaridou,Καλλιγραφία ἑλληνικὴ μικρά,"Greek Calligraphy, small",σ. 10,20,π.,
1895,IMG_1302.jpeg,"ΝΗΠΙΑΓΩΓΕΙΑ, ΔΗΜΟΤΙΚΑ ΣΧΟΛΕΙΑ, ΑΣΤΙΚΑΙ ΣΧΟΛΑΙ ΚΑΙ ΠΑΡΘΕΝΑΓΩΓΕΙΑ","Kindergartens, Primary Schools, Urban Schools and Girls' High Schools",,Η. Δαζαρίδου,H. Dazaridou,"Καλλιγραφία (Βασιλέων) ἑλληνική, γαλλικὴ καὶ γερμανική","Calligraphy (of Kings) Greek, French and German",σελ. 17,4,γρ.,
1895,IMG_1302.jpeg,"ΝΗΠΙΑΓΩΓΕΙΑ, ΔΗΜΟΤΙΚΑ ΣΧΟΛΕΙΑ, ΑΣΤΙΚΑΙ ΣΧΟΛΑΙ ΚΑΙ ΠΑΡΘΕΝΑΓΩΓΕΙΑ","Kindergartens, Primary Schools, Urban Schools and Girls' High Schools",,Η. Δ.,H. D.,Καλλιγραφία (Διαδόχου) ἑλληνικὴ καὶ γαλλική,Calligraphy (of the Crown Prince) Greek and French,σελ. 10,30,παρ.,
1895,IMG_1302.jpeg,"ΝΗΠΙΑΓΩΓΕΙΑ, ΔΗΜΟΤΙΚΑ ΣΧΟΛΕΙΑ, ΑΣΤΙΚΑΙ ΣΧΟΛΑΙ ΚΑΙ ΠΑΡΘΕΝΑΓΩΓΕΙΑ","Kindergartens, Primary Schools, Urban Schools and Girls' High Schools",,Μ. Κ. Κ. Σάμιος,M. K. K. Samios,Καλλιγραφίας Ἑλληνικῆς Στοιχεῖα,Elements of Greek Calligraphy,Πίνακες 16,1,γρ.,Ἔκδοσις λαμπρὰ τοῦ 1895.
1895,IMG_1302.jpeg,"ΝΗΠΙΑΓΩΓΕΙΑ, ΔΗΜΟΤΙΚΑ ΣΧΟΛΕΙΑ, ΑΣΤΙΚΑΙ ΣΧΟΛΑΙ ΚΑΙ ΠΑΡΘΕΝΑΓΩΓΕΙΑ","Kindergartens, Primary Schools, Urban Schools and Girls' High Schools",,Μ. Κ. Κ. Σάμιος,M. K. K. Samios,Καλλιγραφία ἑλληνικὴ μεγάλη,"Greek Calligraphy, large",πίνακες 21,2,γρ.,
1895,IMG_1302.jpeg,"ΝΗΠΙΑΓΩΓΕΙΑ, ΔΗΜΟΤΙΚΑ ΣΧΟΛΕΙΑ, ΑΣΤΙΚΑΙ ΣΧΟΛΑΙ ΚΑΙ ΠΑΡΘΕΝΑΓΩΓΕΙΑ","Kindergartens, Primary Schools, Urban Schools and Girls' High Schools",,Ἀ. Ἀλεξιάδου,A. Alexiadou,Καλλιγραφία Κεντήματος,Embroidery Calligraphy,φυλλάδια τρία,2 γρ. 20 παρ.,γρ.,Ἕκαστον φυλλάδιον γρ. 2 παρ. 20.
1895,IMG_1302.jpeg,"ΝΗΠΙΑΓΩΓΕΙΑ, ΔΗΜΟΤΙΚΑ ΣΧΟΛΕΙΑ, ΑΣΤΙΚΑΙ ΣΧΟΛΑΙ ΚΑΙ ΠΑΡΘΕΝΑΓΩΓΕΙΑ","Kindergartens, Primary Schools, Urban Schools and Girls' High Schools",,Ἀ. Ἀλεξιάδου,A. Alexiadou,Καλλιγραφία Κεντήματος μεγάλη,"Embroidery Calligraphy, large",,5,γρ.,
1895,IMG_1302.jpeg,"ΝΗΠΙΑΓΩΓΕΙΑ, ΔΗΜΟΤΙΚΑ ΣΧΟΛΕΙΑ, ΑΣΤΙΚΑΙ ΣΧΟΛΑΙ ΚΑΙ ΠΑΡΘΕΝΑΓΩΓΕΙΑ","Kindergartens, Primary Schools, Urban Schools and Girls' High Schools",,Ἰ. Δ. Νεράντζης,I. D. Nerantzis,Καλλιγραφίας δείγματα,Calligraphy Samples,σελ. 17,2 γρ. 20 π.,γρ.,
1895,IMG_1302.jpeg,"ΝΗΠΙΑΓΩΓΕΙΑ, ΔΗΜΟΤΙΚΑ ΣΧΟΛΕΙΑ, ΑΣΤΙΚΑΙ ΣΧΟΛΑΙ ΚΑΙ ΠΑΡΘΕΝΑΓΩΓΕΙΑ","Kindergartens, Primary Schools, Urban Schools and Girls' High Schools",,Ἀ. Ῥωμανός,A. Romanos,Καλλιγραφίας δείγματα διὰ τοὺς πρωτοπείρους τῆς γαλλικῆς,Calligraphy Samples for Beginners in French,,2 γρ. 20 π.,γρ.,
1895,IMG_1302.jpeg,"ΝΗΠΙΑΓΩΓΕΙΑ, ΔΗΜΟΤΙΚΑ ΣΧΟΛΕΙΑ, ΑΣΤΙΚΑΙ ΣΧΟΛΑΙ ΚΑΙ ΠΑΡΘΕΝΑΓΩΓΕΙΑ","Kindergartens, Primary Schools, Urban Schools and Girls' High Schools",,Βλ. Σκορδέλης,Vl. Skordelis,Καλλιγραφία μεθοδική,Methodical Calligraphy,τετράδιον,1 γρ. 10 παρ.,γρ.,Ἕκαστον τετράδιον γρ. 1 παρ. 10.
1895,IMG_1302.jpeg,"ΝΗΠΙΑΓΩΓΕΙΑ, ΔΗΜΟΤΙΚΑ ΣΧΟΛΕΙΑ, ΑΣΤΙΚΑΙ ΣΧΟΛΑΙ ΚΑΙ ΠΑΡΘΕΝΑΓΩΓΕΙΑ","Kindergartens, Primary Schools, Urban Schools and Girls' High Schools",,Ἀθανάσιος Εὐστρατιάδης,Athanasios Efstratiadis,Καλλιγραφία μεγάλη,"Calligraphy, large",,10,γρ.,
1895,IMG_1303.jpeg,"ΝΗΠΙΑΓΩΓΕΙΑ, ΔΗΜΟΤΙΚΑ ΣΧΟΛΕΙΑ, ΑΣΤΙΚΑΙ ΣΧΟΛΑΙ ΚΑΙ ΠΑΡΘΕΝΑΓΩΓΕΙΑ","Kindergartens, Primary Schools, Urban Schools and Girls' High Schools",,Ν. Παπαδόπουλος καὶ Α. Γεωργιάδης,N. Papadopoulos and A. Georgiadis,Καλλιγραφικῶν δειγμάτων μετὰ χαράκων μέθοδος,Method of Calligraphic Samples with Rulers,,3.20,γρ. / παρ.,γρ. 3 παρ. 20
1895,IMG_1303.jpeg,"ΝΗΠΙΑΓΩΓΕΙΑ, ΔΗΜΟΤΙΚΑ ΣΧΟΛΕΙΑ, ΑΣΤΙΚΑΙ ΣΧΟΛΑΙ ΚΑΙ ΠΑΡΘΕΝΑΓΩΓΕΙΑ","Kindergartens, Primary Schools, Urban Schools and Girls' High Schools",,Γρηγόριος Καλλιγᾶς,Gregorios Kalligas,Καλλιγραφίας Εὐμέθοδοι Χάρακες,Well-Methodized Calligraphy Rulers,Πίνακες 16,2,γρ.,
1895,IMG_1303.jpeg,"ΝΗΠΙΑΓΩΓΕΙΑ, ΔΗΜΟΤΙΚΑ ΣΧΟΛΕΙΑ, ΑΣΤΙΚΑΙ ΣΧΟΛΑΙ ΚΑΙ ΠΑΡΘΕΝΑΓΩΓΕΙΑ","Kindergartens, Primary Schools, Urban Schools and Girls' High Schools",,Ι. Α. Βρετός,I. A. Vretos,Καλὸς πατήρ,Good Father,σελ. 160,2,γρ.,
1895,IMG_1303.jpeg,"ΝΗΠΙΑΓΩΓΕΙΑ, ΔΗΜΟΤΙΚΑ ΣΧΟΛΕΙΑ, ΑΣΤΙΚΑΙ ΣΧΟΛΑΙ ΚΑΙ ΠΑΡΘΕΝΑΓΩΓΕΙΑ","Kindergartens, Primary Schools, Urban Schools and Girls' High Schools",,Κ. Βαφείδης,K. Vafeidis,Κατήχησις ἱερὰ (μικρά),Sacred Catechism (Small),σελ. 85,2.20,γρ. / παρ.,γρ. 2 παρ. 20
1895,IMG_1303.jpeg,"ΝΗΠΙΑΓΩΓΕΙΑ, ΔΗΜΟΤΙΚΑ ΣΧΟΛΕΙΑ, ΑΣΤΙΚΑΙ ΣΧΟΛΑΙ ΚΑΙ ΠΑΡΘΕΝΑΓΩΓΕΙΑ","Kindergartens, Primary Schools, Urban Schools and Girls' High Schools",,Κ. Βαφείδης,K. Vafeidis,Κατήχησις ἱερὰ (μεσαία),Sacred Catechism (Medium),σελ. 85,2.20,γρ. / παρ.,γρ. 2 παρ. 20
1895,IMG_1303.jpeg,"ΝΗΠΙΑΓΩΓΕΙΑ, ΔΗΜΟΤΙΚΑ ΣΧΟΛΕΙΑ, ΑΣΤΙΚΑΙ ΣΧΟΛΑΙ ΚΑΙ ΠΑΡΘΕΝΑΓΩΓΕΙΑ","Kindergartens, Primary Schools, Urban Schools and Girls' High Schools",,Δ. Ν. Βερναρδάκης,D. N. Vernardakis,Κατήχησις ἱερὰ μικρά,Sacred Catechism Small,σελ. 43,30,παρ.,
1895,IMG_1303.jpeg,"ΝΗΠΙΑΓΩΓΕΙΑ, ΔΗΜΟΤΙΚΑ ΣΧΟΛΕΙΑ, ΑΣΤΙΚΑΙ ΣΧΟΛΑΙ ΚΑΙ ΠΑΡΘΕΝΑΓΩΓΕΙΑ","Kindergartens, Primary Schools, Urban Schools and Girls' High Schools",,Ἰ. Μοσχάκης,I. Moschakis,Κατήχησις ὀρθόδοξος χριστιανική,Orthodox Christian Catechism,σελ. 48,1.20,γρ. / παρ.,γρ. 1 παρ. 20
1895,IMG_1303.jpeg,"ΝΗΠΙΑΓΩΓΕΙΑ, ΔΗΜΟΤΙΚΑ ΣΧΟΛΕΙΑ, ΑΣΤΙΚΑΙ ΣΧΟΛΑΙ ΚΑΙ ΠΑΡΘΕΝΑΓΩΓΕΙΑ","Kindergartens, Primary Schools, Urban Schools and Girls' High Schools",,Β. Δ. Καλλίφρων,V. D. Kallifron,Κατήχησις ἱερά,Sacred Catechism,σελ. 35,1.20,γρ. / παρ.,γρ. 1 παρ. 20
1895,IMG_1303.jpeg,"ΝΗΠΙΑΓΩΓΕΙΑ, ΔΗΜΟΤΙΚΑ ΣΧΟΛΕΙΑ, ΑΣΤΙΚΑΙ ΣΧΟΛΑΙ ΚΑΙ ΠΑΡΘΕΝΑΓΩΓΕΙΑ","Kindergartens, Primary Schools, Urban Schools and Girls' High Schools",,Ἀ. Κοραῆς,A. Korais,Κατηχήσεως ἱερᾶς σύνοψις,Synopsis of Sacred Catechism,σελ. 48,30,παρ.,Crossed out in page
1895,IMG_1303.jpeg,"ΝΗΠΙΑΓΩΓΕΙΑ, ΔΗΜΟΤΙΚΑ ΣΧΟΛΕΙΑ, ΑΣΤΙΚΑΙ ΣΧΟΛΑΙ ΚΑΙ ΠΑΡΘΕΝΑΓΩΓΕΙΑ","Kindergartens, Primary Schools, Urban Schools and Girls' High Schools",,Ἀ. Κοραῆς,A. Korais,Κατηχήσεως ἱερᾶς σύνοψις,Synopsis of Sacred Catechism,σελ. 16,10,παρ.,Crossed out in page
1895,IMG_1303.jpeg,"ΝΗΠΙΑΓΩΓΕΙΑ, ΔΗΜΟΤΙΚΑ ΣΧΟΛΕΙΑ, ΑΣΤΙΚΑΙ ΣΧΟΛΑΙ ΚΑΙ ΠΑΡΘΕΝΑΓΩΓΕΙΑ","Kindergartens, Primary Schools, Urban Schools and Girls' High Schools",,Κ. Παρίτσης,K. Paritsis,Κατήχησις ἐπίτομος ὀρθόδοξος χριστιανική,Epitome of Orthodox Christian Catechism,σελ. 100,4,γρ.,
1895,IMG_1303.jpeg,"ΝΗΠΙΑΓΩΓΕΙΑ, ΔΗΜΟΤΙΚΑ ΣΧΟΛΕΙΑ, ΑΣΤΙΚΑΙ ΣΧΟΛΑΙ ΚΑΙ ΠΑΡΘΕΝΑΓΩΓΕΙΑ","Kindergartens, Primary Schools, Urban Schools and Girls' High Schools",,Φ. Φωτιάδης,F. Fotiadis,Κατήχησις ἱερὰ μικρά,Sacred Catechism Small,σελ. 30,20,παρ.,Crossed out in page
1895,IMG_1303.jpeg,"ΝΗΠΙΑΓΩΓΕΙΑ, ΔΗΜΟΤΙΚΑ ΣΧΟΛΕΙΑ, ΑΣΤΙΚΑΙ ΣΧΟΛΑΙ ΚΑΙ ΠΑΡΘΕΝΑΓΩΓΕΙΑ","Kindergartens, Primary Schools, Urban Schools and Girls' High Schools",,Ἰ. Π. Ἰωαννίδης,I. P. Ioannidis,Κιθάρα τῶν Παίδων,Children's Lyre,"ἔκδ. β΄, πληρεστέρα, 16ον, σελ. 80",2,γρ.,
1895,IMG_1303.jpeg,"ΝΗΠΙΑΓΩΓΕΙΑ, ΔΗΜΟΤΙΚΑ ΣΧΟΛΕΙΑ, ΑΣΤΙΚΑΙ ΣΧΟΛΑΙ ΚΑΙ ΠΑΡΘΕΝΑΓΩΓΕΙΑ","Kindergartens, Primary Schools, Urban Schools and Girls' High Schools",,Ἰωάννης Γ. Κυψιώτης,Ioannis G. Kypsiotis,Κωνσταντινούπολις μετὰ τῶν προαστείων αὐτῆς,Constantinople with its Suburbs,"Ἔκδ. ε΄, σελ. 160 μετὰ Χάρτου",3,γρ.,
1895,IMG_1303.jpeg,"ΝΗΠΙΑΓΩΓΕΙΑ, ΔΗΜΟΤΙΚΑ ΣΧΟΛΕΙΑ, ΑΣΤΙΚΑΙ ΣΧΟΛΑΙ ΚΑΙ ΠΑΡΘΕΝΑΓΩΓΕΙΑ","Kindergartens, Primary Schools, Urban Schools and Girls' High Schools",,Ἀθανάσιος Εὐστρατιάδης,Athanasios Efstratiadis,Λογιστικὴ μετὰ πινάκων,Accounting with Tables,"8ον, σελ. 32",9,γρ.,Printed as 'Αογιστικὴ'
1895,IMG_1303.jpeg,"ΝΗΠΙΑΓΩΓΕΙΑ, ΔΗΜΟΤΙΚΑ ΣΧΟΛΕΙΑ, ΑΣΤΙΚΑΙ ΣΧΟΛΑΙ ΚΑΙ ΠΑΡΘΕΝΑΓΩΓΕΙΑ","Kindergartens, Primary Schools, Urban Schools and Girls' High Schools",,Ἀ. Βάμπας,A. Vampas,Μαργαριταρένιος Σταυρός,Pearl Cross,σελ. 36,1,γρ.,
1895,IMG_1303.jpeg,"ΝΗΠΙΑΓΩΓΕΙΑ, ΔΗΜΟΤΙΚΑ ΣΧΟΛΕΙΑ, ΑΣΤΙΚΑΙ ΣΧΟΛΑΙ ΚΑΙ ΠΑΡΘΕΝΑΓΩΓΕΙΑ","Kindergartens, Primary Schools, Urban Schools and Girls' High Schools",,Ἀ. Βάμπας,A. Vampas,"Μαρία, ἢ τὸ ἀνθοφόρον κάνιστρον","Maria, or the Flower Basket",σελ. 36,6,γρ.,
1895,IMG_1303.jpeg,"ΝΗΠΙΑΓΩΓΕΙΑ, ΔΗΜΟΤΙΚΑ ΣΧΟΛΕΙΑ, ΑΣΤΙΚΑΙ ΣΧΟΛΑΙ ΚΑΙ ΠΑΡΘΕΝΑΓΩΓΕΙΑ","Kindergartens, Primary Schools, Urban Schools and Girls' High Schools",,Α. Γ. Δαμπίσης,A. G. Dampisis,Μαρία,Maria,σελ. 160,4,γρ.,
1895,IMG_1303.jpeg,"ΝΗΠΙΑΓΩΓΕΙΑ, ΔΗΜΟΤΙΚΑ ΣΧΟΛΕΙΑ, ΑΣΤΙΚΑΙ ΣΧΟΛΑΙ ΚΑΙ ΠΑΡΘΕΝΑΓΩΓΕΙΑ","Kindergartens, Primary Schools, Urban Schools and Girls' High Schools",,Α. Κ. Πεκίος,A. K. Pekios,"Μαυρίκιος ἢ ἡ ἐργασία, διήγημα ἠθικόν","Maurice or Labor, a Moral Tale","μετὰ εἰκόνων, Μέρος Α΄, 8ον, σελ. 107, Β΄, σελ. 104",5,γρ.,
1895,IMG_1303.jpeg,"ΝΗΠΙΑΓΩΓΕΙΑ, ΔΗΜΟΤΙΚΑ ΣΧΟΛΕΙΑ, ΑΣΤΙΚΑΙ ΣΧΟΛΑΙ ΚΑΙ ΠΑΡΘΕΝΑΓΩΓΕΙΑ","Kindergartens, Primary Schools, Urban Schools and Girls' High Schools",,Γ. Γεράκης,G. Gerakis,Μεθοδικὴ σειρὰ ζητημάτων πρὸς ἔγγραφον ἔκθεσιν ἰδεῶν,Methodical Series of Questions for Written Essay Writing,"βαθμὶς α΄, σελ. η΄—48",2.20,γρ. / παρ.,γρ. 2 παρ. 20
1895,IMG_1303.jpeg,"ΝΗΠΙΑΓΩΓΕΙΑ, ΔΗΜΟΤΙΚΑ ΣΧΟΛΕΙΑ, ΑΣΤΙΚΑΙ ΣΧΟΛΑΙ ΚΑΙ ΠΑΡΘΕΝΑΓΩΓΕΙΑ","Kindergartens, Primary Schools, Urban Schools and Girls' High Schools",,Χ. Πούλιος,Ch. Poulios,Μέλισσα,Bee,Τόμ. Γ΄,2,γρ.,Underlined in page
1895,IMG_1303.jpeg,"ΝΗΠΙΑΓΩΓΕΙΑ, ΔΗΜΟΤΙΚΑ ΣΧΟΛΕΙΑ, ΑΣΤΙΚΑΙ ΣΧΟΛΑΙ ΚΑΙ ΠΑΡΘΕΝΑΓΩΓΕΙΑ","Kindergartens, Primary Schools, Urban Schools and Girls' High Schools",,Ἀ. Ν. Μάλτος,A. N. Maltos,"Μελπομένη, συλλογὴ ᾀσμάτων","Melpomene, Collection of Songs","Τεῦχος α΄, 27 μονόφωνα ᾀσματα, 4ον, σελ. 24",12,γρ.,
1895,IMG_1303.jpeg,"ΝΗΠΙΑΓΩΓΕΙΑ, ΔΗΜΟΤΙΚΑ ΣΧΟΛΕΙΑ, ΑΣΤΙΚΑΙ ΣΧΟΛΑΙ ΚΑΙ ΠΑΡΘΕΝΑΓΩΓΕΙΑ","Kindergartens, Primary Schools, Urban Schools and Girls' High Schools",,Γ. Βοντζίδης,G. Vontzidis,Μήτηρ διηγουμένη,A Mother Narrative,σελ. 288,3,γρ.,
1895,IMG_1303.jpeg,"ΝΗΠΙΑΓΩΓΕΙΑ, ΔΗΜΟΤΙΚΑ ΣΧΟΛΕΙΑ, ΑΣΤΙΚΑΙ ΣΧΟΛΑΙ ΚΑΙ ΠΑΡΘΕΝΑΓΩΓΕΙΑ","Kindergartens, Primary Schools, Urban Schools and Girls' High Schools",,Ἀ. Βάμπας,A. Vampas,Μικρὰ ἀλώπηξ,Little Fox,σελ. 32,1,γρ.,Underlined in page
1895,IMG_1303.jpeg,"ΝΗΠΙΑΓΩΓΕΙΑ, ΔΗΜΟΤΙΚΑ ΣΧΟΛΕΙΑ, ΑΣΤΙΚΑΙ ΣΧΟΛΑΙ ΚΑΙ ΠΑΡΘΕΝΑΓΩΓΕΙΑ","Kindergartens, Primary Schools, Urban Schools and Girls' High Schools",,Ι. Α. Βρετός,I. A. Vretos,Μικρὰ Εἰρήνη,Little Irene,σελ. 48,2,γρ.,Underlined in page
1895,IMG_1303.jpeg,"ΝΗΠΙΑΓΩΓΕΙΑ, ΔΗΜΟΤΙΚΑ ΣΧΟΛΕΙΑ, ΑΣΤΙΚΑΙ ΣΧΟΛΑΙ ΚΑΙ ΠΑΡΘΕΝΑΓΩΓΕΙΑ","Kindergartens, Primary Schools, Urban Schools and Girls' High Schools",,Ι. Α. Βρετός,I. A. Vretos,Μικρὰ Ἑλένη,Little Helen,σελ. 51,30,παρ.,Underlined in page
1895,IMG_1303.jpeg,"ΝΗΠΙΑΓΩΓΕΙΑ, ΔΗΜΟΤΙΚΑ ΣΧΟΛΕΙΑ, ΑΣΤΙΚΑΙ ΣΧΟΛΑΙ ΚΑΙ ΠΑΡΘΕΝΑΓΩΓΕΙΑ","Kindergartens, Primary Schools, Urban Schools and Girls' High Schools",,Ι. Α. Βρετός,I. A. Vretos,Μικρὰ Καλλιόπη,Little Calliope,σελ. 64,1,γρ.,Underlined in page
1895,IMG_1303.jpeg,"ΝΗΠΙΑΓΩΓΕΙΑ, ΔΗΜΟΤΙΚΑ ΣΧΟΛΕΙΑ, ΑΣΤΙΚΑΙ ΣΧΟΛΑΙ ΚΑΙ ΠΑΡΘΕΝΑΓΩΓΕΙΑ","Kindergartens, Primary Schools, Urban Schools and Girls' High Schools",,Α. Βάμπας,A. Vampas,Μικρὰ Καλύβη,Little Hut,σελ. 64,4,γρ.,Underlined in page
1895,IMG_1303.jpeg,"ΝΗΠΙΑΓΩΓΕΙΑ, ΔΗΜΟΤΙΚΑ ΣΧΟΛΕΙΑ, ΑΣΤΙΚΑΙ ΣΧΟΛΑΙ ΚΑΙ ΠΑΡΘΕΝΑΓΩΓΕΙΑ","Kindergartens, Primary Schools, Urban Schools and Girls' High Schools",,Ι. Α. Βρετός,I. A. Vretos,Μικρὰ Μάρθα,Little Martha,σελ. 64,30,παρ.,Underlined in page
1895,IMG_1303.jpeg,"ΝΗΠΙΑΓΩΓΕΙΑ, ΔΗΜΟΤΙΚΑ ΣΧΟΛΕΙΑ, ΑΣΤΙΚΑΙ ΣΧΟΛΑΙ ΚΑΙ ΠΑΡΘΕΝΑΓΩΓΕΙΑ","Kindergartens, Primary Schools, Urban Schools and Girls' High Schools",,Ι. Α. Βρετός,I. A. Vretos,Μικρὰ Σοφία,Little Sophia,σελ. 80,1,γρ.,Underlined in page
1895,IMG_1303.jpeg,"ΝΗΠΙΑΓΩΓΕΙΑ, ΔΗΜΟΤΙΚΑ ΣΧΟΛΕΙΑ, ΑΣΤΙΚΑΙ ΣΧΟΛΑΙ ΚΑΙ ΠΑΡΘΕΝΑΓΩΓΕΙΑ","Kindergartens, Primary Schools, Urban Schools and Girls' High Schools",,Ἀ. Δασκαλάκης,A. Daskalakis,Μικρὸν ἀρνίον,Little Lamb,σελ. 96,4,γρ.,
1895,IMG_1304.jpeg,"ΝΗΠΙΑΓΩΓΕΙΑ, ΔΗΜΟΤΙΚΑ ΣΧΟΛΕΙΑ, ΑΣΤΙΚΑΙ ΣΧΟΛΑΙ ΚΑΙ ΠΑΡΘΕΝΑΓΩΓΕΙΑ","Kindergartens, Primary Schools, Urban Schools and Girls' High Schools",,Ι. Α. Βρετοῦ,I. A. Vretos,Μικρὸς Γεώργιος,Little George,σελ. 60,1,γρ.,
1895,IMG_1304.jpeg,"ΝΗΠΙΑΓΩΓΕΙΑ, ΔΗΜΟΤΙΚΑ ΣΧΟΛΕΙΑ, ΑΣΤΙΚΑΙ ΣΧΟΛΑΙ ΚΑΙ ΠΑΡΘΕΝΑΓΩΓΕΙΑ","Kindergartens, Primary Schools, Urban Schools and Girls' High Schools",,Σ. Κ. Βλαστοῦ,S. K. Vlastos,Μικρὸς Δημήτριος ὁ Ἀρκέτης,Little Demetrios the Arketis,σελ. 88,4,γρ.,
1895,IMG_1304.jpeg,"ΝΗΠΙΑΓΩΓΕΙΑ, ΔΗΜΟΤΙΚΑ ΣΧΟΛΕΙΑ, ΑΣΤΙΚΑΙ ΣΧΟΛΑΙ ΚΑΙ ΠΑΡΘΕΝΑΓΩΓΕΙΑ","Kindergartens, Primary Schools, Urban Schools and Girls' High Schools",,Ι. Α. Βρετοῦ,I. A. Vretos,Μικρὸς Παῦλος,Little Paul,σελ. 64,1,γρ.,
1895,IMG_1304.jpeg,"ΝΗΠΙΑΓΩΓΕΙΑ, ΔΗΜΟΤΙΚΑ ΣΧΟΛΕΙΑ, ΑΣΤΙΚΑΙ ΣΧΟΛΑΙ ΚΑΙ ΠΑΡΘΕΝΑΓΩΓΕΙΑ","Kindergartens, Primary Schools, Urban Schools and Girls' High Schools",,Ι. Α. Βρετοῦ,I. A. Vretos,Μικρὸς Πέτρος,Little Peter,σελ. 176,2,γρ.,
1895,IMG_1304.jpeg,"ΝΗΠΙΑΓΩΓΕΙΑ, ΔΗΜΟΤΙΚΑ ΣΧΟΛΕΙΑ, ΑΣΤΙΚΑΙ ΣΧΟΛΑΙ ΚΑΙ ΠΑΡΘΕΝΑΓΩΓΕΙΑ","Kindergartens, Primary Schools, Urban Schools and Girls' High Schools",,Ἐμμ. Γαλάνη,Emm. Galanis,Μῦθοι Ἀρχαῖοι Ἑλληνικοί,Ancient Greek Fables,σ. 144,4,γρ.,
1895,IMG_1304.jpeg,"ΝΗΠΙΑΓΩΓΕΙΑ, ΔΗΜΟΤΙΚΑ ΣΧΟΛΕΙΑ, ΑΣΤΙΚΑΙ ΣΧΟΛΑΙ ΚΑΙ ΠΑΡΘΕΝΑΓΩΓΕΙΑ","Kindergartens, Primary Schools, Urban Schools and Girls' High Schools",,Π. Ι. Φέρμπου,P. I. Fermbos,Μῦθοι,Fables,σελ. πο,5,γρ.,
1895,IMG_1304.jpeg,"ΝΗΠΙΑΓΩΓΕΙΑ, ΔΗΜΟΤΙΚΑ ΣΧΟΛΕΙΑ, ΑΣΤΙΚΑΙ ΣΧΟΛΑΙ ΚΑΙ ΠΑΡΘΕΝΑΓΩΓΕΙΑ","Kindergartens, Primary Schools, Urban Schools and Girls' High Schools",,Δ. Α. Κορομηλᾶ,D. A. Koromilas,Μυθολογήματα,Mythological Tales,"Τόμ. Α', σελ. 128",2,γρ.,
1895,IMG_1304.jpeg,"ΝΗΠΙΑΓΩΓΕΙΑ, ΔΗΜΟΤΙΚΑ ΣΧΟΛΕΙΑ, ΑΣΤΙΚΑΙ ΣΧΟΛΑΙ ΚΑΙ ΠΑΡΘΕΝΑΓΩΓΕΙΑ","Kindergartens, Primary Schools, Urban Schools and Girls' High Schools",,Δ. Α. Κορομηλᾶ,D. A. Koromilas,Μυθοπλαστία,Myth-Making / Fables,"Τόμ. Α', σελ. 96",2,γρ.,
1895,IMG_1304.jpeg,"ΝΗΠΙΑΓΩΓΕΙΑ, ΔΗΜΟΤΙΚΑ ΣΧΟΛΕΙΑ, ΑΣΤΙΚΑΙ ΣΧΟΛΑΙ ΚΑΙ ΠΑΡΘΕΝΑΓΩΓΕΙΑ","Kindergartens, Primary Schools, Urban Schools and Girls' High Schools",,Ἰωακεὶμ Βαλαβάνης,Ioakeim Valavanis,Νεοελληνικὴ Κιβωτός,Modern Greek Ark,"Τόμος Α' (σελ. 15-232), Τόμος Β' (σελ. 224), Τόμος Γ' (σελ. 212)",6,γρόσια,Price is 6 grosia per volume. Includes descriptive annotation.
1895,IMG_1304.jpeg,"ΝΗΠΙΑΓΩΓΕΙΑ, ΔΗΜΟΤΙΚΑ ΣΧΟΛΕΙΑ, ΑΣΤΙΚΑΙ ΣΧΟΛΑΙ ΚΑΙ ΠΑΡΘΕΝΑΓΩΓΕΙΑ","Kindergartens, Primary Schools, Urban Schools and Girls' High Schools",,Ξενοφῶν (μετ. Μ. Βρατσάνου),Xenophon (trans. M. Vratsanos),"Ξενοφῶντος Κύρου Ἀνάβασις, εἰς τὴν γραφομένην γλῶσσαν","Xenophon's Anabasis of Cyrus, in the written language","Τεῦχος Α' (σελ. 112), Τεῦχος Β' (σελ. 103), Τεῦχος Γ' (σελ. 192)","4 (Α', Β'), 5 (Γ')",γρ.,
1895,IMG_1304.jpeg,"ΝΗΠΙΑΓΩΓΕΙΑ, ΔΗΜΟΤΙΚΑ ΣΧΟΛΕΙΑ, ΑΣΤΙΚΑΙ ΣΧΟΛΑΙ ΚΑΙ ΠΑΡΘΕΝΑΓΩΓΕΙΑ","Kindergartens, Primary Schools, Urban Schools and Girls' High Schools",,Δ. Γ. Μοστράτου,D. G. Mostratos,Ὀδύσσεια,Odyssey,"μετὰ εἰκόνων, σελ. 168",4,γρ.,Awarded at the Karapaneios competition of 1893. Includes detailed descriptive paragraph continuing onto page 17.
1895,IMG_1304.jpeg,"ΝΗΠΙΑΓΩΓΕΙΑ, ΔΗΜΟΤΙΚΑ ΣΧΟΛΕΙΑ, ΑΣΤΙΚΑΙ ΣΧΟΛΑΙ ΚΑΙ ΠΑΡΘΕΝΑΓΩΓΕΙΑ","Kindergartens, Primary Schools, Urban Schools and Girls' High Schools",,Γ. Κονιδάρη,G. Konidaris,Ὀδύσσεια,Odyssey,σελ. 150,2.20,γρ. παρ.,
1895,IMG_1304.jpeg,"ΝΗΠΙΑΓΩΓΕΙΑ, ΔΗΜΟΤΙΚΑ ΣΧΟΛΕΙΑ, ΑΣΤΙΚΑΙ ΣΧΟΛΑΙ ΚΑΙ ΠΑΡΘΕΝΑΓΩΓΕΙΑ","Kindergartens, Primary Schools, Urban Schools and Girls' High Schools",,Π. Π. Οἰκονόμου,P. P. Oikonomou,Ὀδύσσεια,Odyssey,"Τεῦχος Α' καὶ Β', σελ. 264",1.20,γρ. παρ.,Price is 1 grosi 20 para per issue.
1895,IMG_1304.jpeg,"ΝΗΠΙΑΓΩΓΕΙΑ, ΔΗΜΟΤΙΚΑ ΣΧΟΛΕΙΑ, ΑΣΤΙΚΑΙ ΣΧΟΛΑΙ ΚΑΙ ΠΑΡΘΕΝΑΓΩΓΕΙΑ","Kindergartens, Primary Schools, Urban Schools and Girls' High Schools",,Ε. Ζύγουρα,E. Zygouras,Οἰκονομίας οἰκιακῆς Περίληψις,Summary of Domestic Economy,σ. 124,5,γρ.,
1895,IMG_1304.jpeg,"ΝΗΠΙΑΓΩΓΕΙΑ, ΔΗΜΟΤΙΚΑ ΣΧΟΛΕΙΑ, ΑΣΤΙΚΑΙ ΣΧΟΛΑΙ ΚΑΙ ΠΑΡΘΕΝΑΓΩΓΕΙΑ","Kindergartens, Primary Schools, Urban Schools and Girls' High Schools",,Α. Κιβανιάρη,A. Kivaniaris,Οἰκονομίας οἰκιακῆς (περι),Domestic Economy (summary),σελ. 112,6,γρ.,
1895,IMG_1304.jpeg,"ΝΗΠΙΑΓΩΓΕΙΑ, ΔΗΜΟΤΙΚΑ ΣΧΟΛΕΙΑ, ΑΣΤΙΚΑΙ ΣΧΟΛΑΙ ΚΑΙ ΠΑΡΘΕΝΑΓΩΓΕΙΑ","Kindergartens, Primary Schools, Urban Schools and Girls' High Schools",,Β. Σωτηριάδου,V. Sotiriadis,"Παῖς ἐν τῷ οἴκῳ, ἤτοι Πρακτικὴ Ἠθική","The Child at Home, or Practical Ethics",σελ. 152,3,γρ.,
1895,IMG_1304.jpeg,"ΝΗΠΙΑΓΩΓΕΙΑ, ΔΗΜΟΤΙΚΑ ΣΧΟΛΕΙΑ, ΑΣΤΙΚΑΙ ΣΧΟΛΑΙ ΚΑΙ ΠΑΡΘΕΝΑΓΩΓΕΙΑ","Kindergartens, Primary Schools, Urban Schools and Girls' High Schools",,Ι. Α. Βρετοῦ,I. A. Vretos,Παπασπῦρος,Papaspyros,σελ. 58,1,γρ.,
1895,IMG_1304.jpeg,"ΝΗΠΙΑΓΩΓΕΙΑ, ΔΗΜΟΤΙΚΑ ΣΧΟΛΕΙΑ, ΑΣΤΙΚΑΙ ΣΧΟΛΑΙ ΚΑΙ ΠΑΡΘΕΝΑΓΩΓΕΙΑ","Kindergartens, Primary Schools, Urban Schools and Girls' High Schools",,Α. Βλάση,A. Vlasis,Παραλλήλων βίων τοῦ Πλουτάρχου ἐπιτομή,Epitome of Plutarch's Parallel Lives,σελ. 184,2.20,γρ. παρ.,
1895,IMG_1304.jpeg,"ΝΗΠΙΑΓΩΓΕΙΑ, ΔΗΜΟΤΙΚΑ ΣΧΟΛΕΙΑ, ΑΣΤΙΚΑΙ ΣΧΟΛΑΙ ΚΑΙ ΠΑΡΘΕΝΑΓΩΓΕΙΑ","Kindergartens, Primary Schools, Urban Schools and Girls' High Schools",,Δ. Βικέλα,D. Vikelas,Παραμύθια Δανικὰ Ἄνδερσεν,Andersen's Danish Fairy Tales,σελ. 86,6,γρ.,
1895,IMG_1304.jpeg,"ΝΗΠΙΑΓΩΓΕΙΑ, ΔΗΜΟΤΙΚΑ ΣΧΟΛΕΙΑ, ΑΣΤΙΚΑΙ ΣΧΟΛΑΙ ΚΑΙ ΠΑΡΘΕΝΑΓΩΓΕΙΑ","Kindergartens, Primary Schools, Urban Schools and Girls' High Schools",,Μ. Βρατσάνου,M. Vratsanos,Παραμύθια Ἀδελφῶν Γρίμμ,Brothers Grimm's Fairy Tales,σ. 80,2,γρ.,
1895,IMG_1304.jpeg,"ΝΗΠΙΑΓΩΓΕΙΑ, ΔΗΜΟΤΙΚΑ ΣΧΟΛΕΙΑ, ΑΣΤΙΚΑΙ ΣΧΟΛΑΙ ΚΑΙ ΠΑΡΘΕΝΑΓΩΓΕΙΑ","Kindergartens, Primary Schools, Urban Schools and Girls' High Schools",,Κ. Χριστοδούλου,K. Christodoulou,Περίληψις τῶν πράξεων τῶν ἁγίων Ἀποστόλων,Summary of the Acts of the Holy Apostles,σελ. 45,30,παρ.,
1895,IMG_1304.jpeg,"ΝΗΠΙΑΓΩΓΕΙΑ, ΔΗΜΟΤΙΚΑ ΣΧΟΛΕΙΑ, ΑΣΤΙΚΑΙ ΣΧΟΛΑΙ ΚΑΙ ΠΑΡΘΕΝΑΓΩΓΕΙΑ","Kindergartens, Primary Schools, Urban Schools and Girls' High Schools",,Κ. Χριστοδούλου,K. Christodoulou,Περίληψις ἱστορικὴ τοῦ ἱεροῦ Εὐαγγελίου,Historical Summary of the Holy Gospel,σελ. 64,30,παρ.,
1895,IMG_1304.jpeg,"ΝΗΠΙΑΓΩΓΕΙΑ, ΔΗΜΟΤΙΚΑ ΣΧΟΛΕΙΑ, ΑΣΤΙΚΑΙ ΣΧΟΛΑΙ ΚΑΙ ΠΑΡΘΕΝΑΓΩΓΕΙΑ","Kindergartens, Primary Schools, Urban Schools and Girls' High Schools",,,,Περίληψις νεωτάτη τῆς Παλαιᾶς καὶ Νέας Διαθήκης,Newest Summary of the Old and New Testaments,"μετὰ 24 εἰκόνων, σελ. 89",1,γρ.,Includes descriptive commentary below entry.
1895,IMG_1304.jpeg,"ΝΗΠΙΑΓΩΓΕΙΑ, ΔΗΜΟΤΙΚΑ ΣΧΟΛΕΙΑ, ΑΣΤΙΚΑΙ ΣΧΟΛΑΙ ΚΑΙ ΠΑΡΘΕΝΑΓΩΓΕΙΑ","Kindergartens, Primary Schools, Urban Schools and Girls' High Schools",,Ἑ. Γαλάνη,E. Galanis,Περιπλανήσεις τοῦ Ὀδυσσέως,Wanderings of Odysseus,σελ. 214,6,γρ.,
1895,IMG_1304.jpeg,"ΝΗΠΙΑΓΩΓΕΙΑ, ΔΗΜΟΤΙΚΑ ΣΧΟΛΕΙΑ, ΑΣΤΙΚΑΙ ΣΧΟΛΑΙ ΚΑΙ ΠΑΡΘΕΝΑΓΩΓΕΙΑ","Kindergartens, Primary Schools, Urban Schools and Girls' High Schools",,,,"Περιστερά, διήγημα","The Dove, a story",σελ. 28,10,παρ.,
1895,IMG_1304.jpeg,"ΝΗΠΙΑΓΩΓΕΙΑ, ΔΗΜΟΤΙΚΑ ΣΧΟΛΕΙΑ, ΑΣΤΙΚΑΙ ΣΧΟΛΑΙ ΚΑΙ ΠΑΡΘΕΝΑΓΩΓΕΙΑ","Kindergartens, Primary Schools, Urban Schools and Girls' High Schools",,Ι. Π. Κοκκώνη,I. P. Kokkonis,Πινακίδες ἢ Νέον Ἀλφαβητάριον,Tablets or New Primer,"Μέρος Α', σελ. 60",1,γρ.,Entry is crossed out with blue ink on the page.
1895,IMG_1304.jpeg,"ΝΗΠΙΑΓΩΓΕΙΑ, ΔΗΜΟΤΙΚΑ ΣΧΟΛΕΙΑ, ΑΣΤΙΚΑΙ ΣΧΟΛΑΙ ΚΑΙ ΠΑΡΘΕΝΑΓΩΓΕΙΑ","Kindergartens, Primary Schools, Urban Schools and Girls' High Schools",,Δ. Κ. Μισιτζῆ,D. K. Misitzis,Πνευματικὴ τροφὴ τῶν παίδων,Spiritual Food of Children,4 Ἔτη,"2, 4, 4.20, 5",γρ.,"Prices by year: Ἔτος Α' τεῦχ. α' γρ. 2, τεῦχ. β' γρ. 2; Ἔτος Β' γρ. 4; Ἔτος Γ' γρ. 4 παρ. 20; Ἔτος Δ' γρ. 5."
1895,IMG_1304.jpeg,"ΝΗΠΙΑΓΩΓΕΙΑ, ΔΗΜΟΤΙΚΑ ΣΧΟΛΕΙΑ, ΑΣΤΙΚΑΙ ΣΧΟΛΑΙ ΚΑΙ ΠΑΡΘΕΝΑΓΩΓΕΙΑ","Kindergartens, Primary Schools, Urban Schools and Girls' High Schools",,Β. Ἰωαννίδου,V. Ioannidou,Πραγματογνωσίας μαθήματα,Object Lessons / Lessons in Realia,"Τεῦχος Α', σελ. η'—80",2,γρ.,Includes descriptive text below entry.
1895,IMG_1305.jpeg,"ΝΗΠΙΑΓΩΓΕΙΑ, ΔΗΜΟΤΙΚΑ ΣΧΟΛΕΙΑ, ΑΣΤΙΚΑΙ ΣΧΟΛΑΙ ΚΑΙ ΠΑΡΘΕΝΑΓΩΓΕΙΑ","Kindergartens, Primary Schools, Urban Schools and Girls' High Schools",,Α. Κ.,A. K.,"Προπαιδεία, ἢ στοιχεῖα ἀριθμητικῆς","Propaedeutics, or Elements of Arithmetic",σελ. 15,20,παρ.,παρ. 20
1895,IMG_1305.jpeg,"ΝΗΠΙΑΓΩΓΕΙΑ, ΔΗΜΟΤΙΚΑ ΣΧΟΛΕΙΑ, ΑΣΤΙΚΑΙ ΣΧΟΛΑΙ ΚΑΙ ΠΑΡΘΕΝΑΓΩΓΕΙΑ","Kindergartens, Primary Schools, Urban Schools and Girls' High Schools",,Anonymos,Anonymous,Προσευχαὶ διὰ τὰ παιδιά,Prayers for Children,σελ. 16,10,παρ.,
1895,IMG_1305.jpeg,"ΝΗΠΙΑΓΩΓΕΙΑ, ΔΗΜΟΤΙΚΑ ΣΧΟΛΕΙΑ, ΑΣΤΙΚΑΙ ΣΧΟΛΑΙ ΚΑΙ ΠΑΡΘΕΝΑΓΩΓΕΙΑ","Kindergartens, Primary Schools, Urban Schools and Girls' High Schools",,Γ. Γεννάδιος,G. Gennadios,Πρώτη τροφὴ τοῦ νοός,First Food of the Mind,σελ. 128,1,γρ.,
1895,IMG_1305.jpeg,"ΝΗΠΙΑΓΩΓΕΙΑ, ΔΗΜΟΤΙΚΑ ΣΧΟΛΕΙΑ, ΑΣΤΙΚΑΙ ΣΧΟΛΑΙ ΚΑΙ ΠΑΡΘΕΝΑΓΩΓΕΙΑ","Kindergartens, Primary Schools, Urban Schools and Girls' High Schools",,Ἰ. Ἀ. Βρετός,I. A. Vretos,Πτωχὸς γέρων,Poor Old Man,σελ. 94,1 γρ. 10 παρ.,γρ.,
1895,IMG_1305.jpeg,"ΝΗΠΙΑΓΩΓΕΙΑ, ΔΗΜΟΤΙΚΑ ΣΧΟΛΕΙΑ, ΑΣΤΙΚΑΙ ΣΧΟΛΑΙ ΚΑΙ ΠΑΡΘΕΝΑΓΩΓΕΙΑ","Kindergartens, Primary Schools, Urban Schools and Girls' High Schools",,Ε. Ζύγουρας,E. Zygouras,"Ῥαπτική, Κοπτική, Πλεκτικὴ καὶ Ποικιλτική, μετὰ 40 σχημάτων","Sewing, Cutting, Knitting and Embroidery, with 40 figures",σελ. 184,7 γρ. 20 παρ.,γρ.,
1895,IMG_1305.jpeg,"ΝΗΠΙΑΓΩΓΕΙΑ, ΔΗΜΟΤΙΚΑ ΣΧΟΛΕΙΑ, ΑΣΤΙΚΑΙ ΣΧΟΛΑΙ ΚΑΙ ΠΑΡΘΕΝΑΓΩΓΕΙΑ","Kindergartens, Primary Schools, Urban Schools and Girls' High Schools",,Μ. Αὐθεντόπουλος,M. Authentopoulos,"Ῥοβινσὼν Κροῦσος, ἐλευθέρως διασκευασθεὶς χάριν τῶν μαθητῶν καὶ μαθητριῶν τῆς Δημοτικῆς Σχολῆς","Robinson Crusoe, freely adapted for pupils of Primary School",σελ. 168,3,γρ.,μετὰ εἰκόνων εὐρωπαϊκῶν
1895,IMG_1305.jpeg,"ΝΗΠΙΑΓΩΓΕΙΑ, ΔΗΜΟΤΙΚΑ ΣΧΟΛΕΙΑ, ΑΣΤΙΚΑΙ ΣΧΟΛΑΙ ΚΑΙ ΠΑΡΘΕΝΑΓΩΓΕΙΑ","Kindergartens, Primary Schools, Urban Schools and Girls' High Schools",,Π. Π. Οἰκονόμου,P. P. Oikonomou,Ῥοβινσών,Robinson,σελ. 160,2,γρ.,
1895,IMG_1305.jpeg,"ΝΗΠΙΑΓΩΓΕΙΑ, ΔΗΜΟΤΙΚΑ ΣΧΟΛΕΙΑ, ΑΣΤΙΚΑΙ ΣΧΟΛΑΙ ΚΑΙ ΠΑΡΘΕΝΑΓΩΓΕΙΑ","Kindergartens, Primary Schools, Urban Schools and Girls' High Schools",,Μιλτιάδης Ν. Στελανίδης,Miltiadis N. Stelanidis,"Ῥοβινσών, διασκευασθεὶς ἐκ τοῦ κειμένου τοῦ Campe καὶ διὰ καταλλήλων κοσμηθεὶς εἰκόνων","Robinson, adapted from Campe's text and decorated with suitable images",Έκδ. β',3,γρ.,Εβραβεύθη ἐν τῷ Καραπανείῳ ἀγῶνι
1895,IMG_1305.jpeg,"ΝΗΠΙΑΓΩΓΕΙΑ, ΔΗΜΟΤΙΚΑ ΣΧΟΛΕΙΑ, ΑΣΤΙΚΑΙ ΣΧΟΛΑΙ ΚΑΙ ΠΑΡΘΕΝΑΓΩΓΕΙΑ","Kindergartens, Primary Schools, Urban Schools and Girls' High Schools",,Δ. Ν. Δάρβαρις,D. N. Darvaris,Σοφίας ἀπάνθισμα,Anthology of Wisdom,σελ. 149,1 γρ. 20 παρ.,γρ.,ἀναθεωρηθὲν ὑπὸ Γ. Γεράκη
1895,IMG_1305.jpeg,"ΝΗΠΙΑΓΩΓΕΙΑ, ΔΗΜΟΤΙΚΑ ΣΧΟΛΕΙΑ, ΑΣΤΙΚΑΙ ΣΧΟΛΑΙ ΚΑΙ ΠΑΡΘΕΝΑΓΩΓΕΙΑ","Kindergartens, Primary Schools, Urban Schools and Girls' High Schools",,Γ. Πολυμέρης,G. Polymeris,Σοφίας ἀπάνθισμα,Anthology of Wisdom,σελ. 76,30,παρ.,
1895,IMG_1305.jpeg,"ΝΗΠΙΑΓΩΓΕΙΑ, ΔΗΜΟΤΙΚΑ ΣΧΟΛΕΙΑ, ΑΣΤΙΚΑΙ ΣΧΟΛΑΙ ΚΑΙ ΠΑΡΘΕΝΑΓΩΓΕΙΑ","Kindergartens, Primary Schools, Urban Schools and Girls' High Schools",,Δ. Α. Κορομηλᾶς,D. A. Koromilas,Συλλαβισματάριον,Spelling Book / Syllabary,σελ. 34,30,παρ.,
1895,IMG_1305.jpeg,"ΝΗΠΙΑΓΩΓΕΙΑ, ΔΗΜΟΤΙΚΑ ΣΧΟΛΕΙΑ, ΑΣΤΙΚΑΙ ΣΧΟΛΑΙ ΚΑΙ ΠΑΡΘΕΝΑΓΩΓΕΙΑ","Kindergartens, Primary Schools, Urban Schools and Girls' High Schools",,Anonymous,Anonymous,Συμπεριφορᾶς (περί),On Behavior,σελ. 23,10,παρ.,
1895,IMG_1305.jpeg,"ΝΗΠΙΑΓΩΓΕΙΑ, ΔΗΜΟΤΙΚΑ ΣΧΟΛΕΙΑ, ΑΣΤΙΚΑΙ ΣΧΟΛΑΙ ΚΑΙ ΠΑΡΘΕΝΑΓΩΓΕΙΑ","Kindergartens, Primary Schools, Urban Schools and Girls' High Schools",,Ἀ. Πρωτοπαπαδάκης,A. Protopapadakis,Σωματολογία,Somatology / Human Physiology,σελ. 96,3,γρ.,
1895,IMG_1305.jpeg,"ΝΗΠΙΑΓΩΓΕΙΑ, ΔΗΜΟΤΙΚΑ ΣΧΟΛΕΙΑ, ΑΣΤΙΚΑΙ ΣΧΟΛΑΙ ΚΑΙ ΠΑΡΘΕΝΑΓΩΓΕΙΑ","Kindergartens, Primary Schools, Urban Schools and Girls' High Schools",,Δ. Πανταζῆς,D. Pantazis,Ταμεῖον ὠφελίμων γνώσεων,Treasury of Useful Knowledge,σ. 120,4,γρ.,
1895,IMG_1305.jpeg,"ΝΗΠΙΑΓΩΓΕΙΑ, ΔΗΜΟΤΙΚΑ ΣΧΟΛΕΙΑ, ΑΣΤΙΚΑΙ ΣΧΟΛΑΙ ΚΑΙ ΠΑΡΘΕΝΑΓΩΓΕΙΑ","Kindergartens, Primary Schools, Urban Schools and Girls' High Schools",,Αἰκατερίνη Δασκαρίδου,Aikaterini Daskaridou,"Τέρψις τῶν παίδων, διηγήματα διὰ παιδία 7—9 ἐτῶν","Delight of Children, stories for children 7–9 years old","8ον, σελ. 160",7 γρ. 20 παρ.,γρ.,
1895,IMG_1305.jpeg,"ΝΗΠΙΑΓΩΓΕΙΑ, ΔΗΜΟΤΙΚΑ ΣΧΟΛΕΙΑ, ΑΣΤΙΚΑΙ ΣΧΟΛΑΙ ΚΑΙ ΠΑΡΘΕΝΑΓΩΓΕΙΑ","Kindergartens, Primary Schools, Urban Schools and Girls' High Schools",,Ἀ. Ν. Μίλτος,A. N. Miltos,Τερψιχόρη (Τεῦχος α' & Τεῦχος β'),Terpsichore (Volume A & Volume B),"Τεῦχος α', σελ. 136 / Τεῦχος β', σελ. 170",10 / 12,γρ.,"Τεῦχος α': γρ. 10, Τεῦχος β': γρ. 12"
1895,IMG_1305.jpeg,"ΝΗΠΙΑΓΩΓΕΙΑ, ΔΗΜΟΤΙΚΑ ΣΧΟΛΕΙΑ, ΑΣΤΙΚΑΙ ΣΧΟΛΑΙ ΚΑΙ ΠΑΡΘΕΝΑΓΩΓΕΙΑ","Kindergartens, Primary Schools, Urban Schools and Girls' High Schools",,Ἀ. Βισκόπουλος,A. Viskopoulos,Τοπογραφία τῆς Κωνσταντινουπόλεως,Topography of Constantinople,σελ. 160,6,γρ.,χαρτόδετος
1895,IMG_1305.jpeg,"ΝΗΠΙΑΓΩΓΕΙΑ, ΔΗΜΟΤΙΚΑ ΣΧΟΛΕΙΑ, ΑΣΤΙΚΑΙ ΣΧΟΛΑΙ ΚΑΙ ΠΑΡΘΕΝΑΓΩΓΕΙΑ","Kindergartens, Primary Schools, Urban Schools and Girls' High Schools",,Ν. Δελένδας,N. Delendas,Φιλόστοργος κόρη,Affectionate Daughter,σελ. 144,2,γρ.,
1895,IMG_1305.jpeg,"ΝΗΠΙΑΓΩΓΕΙΑ, ΔΗΜΟΤΙΚΑ ΣΧΟΛΕΙΑ, ΑΣΤΙΚΑΙ ΣΧΟΛΑΙ ΚΑΙ ΠΑΡΘΕΝΑΓΩΓΕΙΑ","Kindergartens, Primary Schools, Urban Schools and Girls' High Schools",,Μάξιμος Δασκαλάκης,Maximos Daskalakis,Φυσικὴ μικρά,Short Physics,σελ. 101,2 γρ. 20 παρ.,γρ.,
1895,IMG_1305.jpeg,"ΝΗΠΙΑΓΩΓΕΙΑ, ΔΗΜΟΤΙΚΑ ΣΧΟΛΕΙΑ, ΑΣΤΙΚΑΙ ΣΧΟΛΑΙ ΚΑΙ ΠΑΡΘΕΝΑΓΩΓΕΙΑ","Kindergartens, Primary Schools, Urban Schools and Girls' High Schools",,Ἰ. Παπαθανασίου,I. Papathanasiou,Φυσικὴ πειραματικὴ μικρά,Short Experimental Physics,σ. 101,6,γρ.,
1895,IMG_1305.jpeg,"ΝΗΠΙΑΓΩΓΕΙΑ, ΔΗΜΟΤΙΚΑ ΣΧΟΛΕΙΑ, ΑΣΤΙΚΑΙ ΣΧΟΛΑΙ ΚΑΙ ΠΑΡΘΕΝΑΓΩΓΕΙΑ","Kindergartens, Primary Schools, Urban Schools and Girls' High Schools",,Ἀ. Κωνσταντινίδης,A. Konstantinidis,Φυσικὴ Προπαιδεία,Physics Propaedeutics,σελ. 144,5,γρ.,
1895,IMG_1305.jpeg,"ΝΗΠΙΑΓΩΓΕΙΑ, ΔΗΜΟΤΙΚΑ ΣΧΟΛΕΙΑ, ΑΣΤΙΚΑΙ ΣΧΟΛΑΙ ΚΑΙ ΠΑΡΘΕΝΑΓΩΓΕΙΑ","Kindergartens, Primary Schools, Urban Schools and Girls' High Schools",,Δ. Τραγανός,D. Traganos,Φυσικὴ μετὰ σχημάτων (Τεῦχος Α' & Τεῦχος Β'),Physics with Diagrams (Volume A & Volume B),"Τεῦχος Α', σελ. 83 / Τεῦχος Β', σελ. 82",4 / 4,γρ.,"Τεῦχος Α': γρ. 4, Τεῦχος Β': γρ. 4"
1895,IMG_1305.jpeg,"ΝΗΠΙΑΓΩΓΕΙΑ, ΔΗΜΟΤΙΚΑ ΣΧΟΛΕΙΑ, ΑΣΤΙΚΑΙ ΣΧΟΛΑΙ ΚΑΙ ΠΑΡΘΕΝΑΓΩΓΕΙΑ","Kindergartens, Primary Schools, Urban Schools and Girls' High Schools",,Ι. Π. Κ.,I. P. K.,Φυσικῆς Μαθήματα,Lessons of Physics,σελ. 74,1 γρ. 20 παρ.,γρ.,
1895,IMG_1305.jpeg,"ΝΗΠΙΑΓΩΓΕΙΑ, ΔΗΜΟΤΙΚΑ ΣΧΟΛΕΙΑ, ΑΣΤΙΚΑΙ ΣΧΟΛΑΙ ΚΑΙ ΠΑΡΘΕΝΑΓΩΓΕΙΑ","Kindergartens, Primary Schools, Urban Schools and Girls' High Schools",,"Β. Σκορδέλης, Μ. Σακελλαρόπουλος","V. Skordelis, M. Sakellaropoulos",Φυσικῆς διδασκαλία,Teaching of Physics,σελ. 88,5,γρ.,
1895,IMG_1305.jpeg,"ΝΗΠΙΑΓΩΓΕΙΑ, ΔΗΜΟΤΙΚΑ ΣΧΟΛΕΙΑ, ΑΣΤΙΚΑΙ ΣΧΟΛΑΙ ΚΑΙ ΠΑΡΘΕΝΑΓΩΓΕΙΑ","Kindergartens, Primary Schools, Urban Schools and Girls' High Schools",,Π. Κονδύλης,P. Kondylis,Φυσικῆς Στοιχειώδεις Γνώσεις,Elementary Knowledge of Physics,σελ. 32,4,γρ.,
1895,IMG_1305.jpeg,"ΝΗΠΙΑΓΩΓΕΙΑ, ΔΗΜΟΤΙΚΑ ΣΧΟΛΕΙΑ, ΑΣΤΙΚΑΙ ΣΧΟΛΑΙ ΚΑΙ ΠΑΡΘΕΝΑΓΩΓΕΙΑ","Kindergartens, Primary Schools, Urban Schools and Girls' High Schools",,Ἀ. Π. Ἀθανασιάδης,A. P. Athanasiadis,Φυσικὴ Ἱστορία (Τεῦχος Α' & Τεῦχος Β'),Natural History (Volume A & Volume B),Τεῦχος Α': σελ. πβ (82) / Τεῦχος Β': σελ. 160,4 / 5,γρ.,"Τεῦχος Α': Περιγραφαὶ ζῴων, φυτῶν καὶ ὀρυκτῶν. Τεῦχος Β': Στοιχειώδης Ἀνθρωπολογία καὶ Ζῳολογία"
1895,IMG_1305.jpeg,"ΝΗΠΙΑΓΩΓΕΙΑ, ΔΗΜΟΤΙΚΑ ΣΧΟΛΕΙΑ, ΑΣΤΙΚΑΙ ΣΧΟΛΑΙ ΚΑΙ ΠΑΡΘΕΝΑΓΩΓΕΙΑ","Kindergartens, Primary Schools, Urban Schools and Girls' High Schools",,Κ. Βαρβάτης,K. Varvatis,Φυσικὴ ἱστορία,Natural History,σελ. 172,3,γρ.,
1895,IMG_1305.jpeg,"ΝΗΠΙΑΓΩΓΕΙΑ, ΔΗΜΟΤΙΚΑ ΣΧΟΛΕΙΑ, ΑΣΤΙΚΑΙ ΣΧΟΛΑΙ ΚΑΙ ΠΑΡΘΕΝΑΓΩΓΕΙΑ","Kindergartens, Primary Schools, Urban Schools and Girls' High Schools",,Δ. Κουτσομητόπουλος,D. Koutsomitopoulos,Φυσικῆς Ἱστορίας Ἀναγνώσματα,Readings in Natural History,σελ. 104,5,γρ.,
1895,IMG_1305.jpeg,"ΝΗΠΙΑΓΩΓΕΙΑ, ΔΗΜΟΤΙΚΑ ΣΧΟΛΕΙΑ, ΑΣΤΙΚΑΙ ΣΧΟΛΑΙ ΚΑΙ ΠΑΡΘΕΝΑΓΩΓΕΙΑ","Kindergartens, Primary Schools, Urban Schools and Girls' High Schools",,Σπ. Μηλιαράκης,Sp. Miliarakis,Φυσικῆς Ἱστορίας Ἐγχειρίδιον,Manual of Natural History,"8ον, σελ. 128",2 γρ. 20 παρ.,γρ.,
1895,IMG_1305.jpeg,"ΝΗΠΙΑΓΩΓΕΙΑ, ΔΗΜΟΤΙΚΑ ΣΧΟΛΕΙΑ, ΑΣΤΙΚΑΙ ΣΧΟΛΑΙ ΚΑΙ ΠΑΡΘΕΝΑΓΩΓΕΙΑ","Kindergartens, Primary Schools, Urban Schools and Girls' High Schools",,Σ. Μηλιαράκης,S. Miliarakis,Φυσικῆς Ἱστορίας Μαθήματα,Lessons of Natural History,σελ. 192,3,γρ.,
1895,IMG_1306.jpeg,"ΝΗΠΙΑΓΩΓΕΙΑ, ΔΗΜΟΤΙΚΑ ΣΧΟΛΕΙΑ, ΑΣΤΙΚΑΙ ΣΧΟΛΑΙ ΚΑΙ ΠΑΡΘΕΝΑΓΩΓΕΙΑ","Kindergartens, Primary Schools, Urban Schools and Girls' High Schools",,Β. Σκορδέλης,V. Skordelis,Φυσικῆς ἱστορίας Μαθήματα,Lessons of Natural History,σελ. 158,6,γρ.,
1895,IMG_1306.jpeg,"ΝΗΠΙΑΓΩΓΕΙΑ, ΔΗΜΟΤΙΚΑ ΣΧΟΛΕΙΑ, ΑΣΤΙΚΑΙ ΣΧΟΛΑΙ ΚΑΙ ΠΑΡΘΕΝΑΓΩΓΕΙΑ","Kindergartens, Primary Schools, Urban Schools and Girls' High Schools",,Ἀ. Γεωργιάδης καὶ Ν. Παπαδόπουλος,A. Georgiadis and N. Papadopoulos,Φυσικῆς ἱστορίας στοιχειώδεις Γνώσεις,Elementary Knowledge of Natural History,σελ. 126,4.20,γρ.,
1895,IMG_1306.jpeg,"ΝΗΠΙΑΓΩΓΕΙΑ, ΔΗΜΟΤΙΚΑ ΣΧΟΛΕΙΑ, ΑΣΤΙΚΑΙ ΣΧΟΛΑΙ ΚΑΙ ΠΑΡΘΕΝΑΓΩΓΕΙΑ","Kindergartens, Primary Schools, Urban Schools and Girls' High Schools",,,,"Χρηστοήθεια, ἢτοι τρόποι τοῦ ἑλληνοπρεπῶς φέρεσθαι","Good Conduct, or Ways of Behaving in a Greek-befitting Manner",σ. 108,4,γρ.,
1895,IMG_1306.jpeg,"ΝΗΠΙΑΓΩΓΕΙΑ, ΔΗΜΟΤΙΚΑ ΣΧΟΛΕΙΑ, ΑΣΤΙΚΑΙ ΣΧΟΛΑΙ ΚΑΙ ΠΑΡΘΕΝΑΓΩΓΕΙΑ","Kindergartens, Primary Schools, Urban Schools and Girls' High Schools",,Φρ. Σοάβιος,Fr. Soave,Χρηστοήθεια ἢ Πραγματεία περὶ τῶν χρεῶν τοῦ ἀνθρώπου,Good Conduct or Treatise on the Duties of Man,σελ. 64,20,παρ.,
1895,IMG_1306.jpeg,"ΝΗΠΙΑΓΩΓΕΙΑ, ΔΗΜΟΤΙΚΑ ΣΧΟΛΕΙΑ, ΑΣΤΙΚΑΙ ΣΧΟΛΑΙ ΚΑΙ ΠΑΡΘΕΝΑΓΩΓΕΙΑ","Kindergartens, Primary Schools, Urban Schools and Girls' High Schools",,Ἰ. Δ. Ἀριστοκλῆς,I. D. Aristoklis,Χρηστομάθεια τῶν Δημοτικῶν Σχολείων. Τεῦχος Ε΄,Chrestomathy for Primary Schools. Volume E,σελ. 96,5,γρ.,
1895,IMG_1306.jpeg,"ΝΗΠΙΑΓΩΓΕΙΑ, ΔΗΜΟΤΙΚΑ ΣΧΟΛΕΙΑ, ΑΣΤΙΚΑΙ ΣΧΟΛΑΙ ΚΑΙ ΠΑΡΘΕΝΑΓΩΓΕΙΑ","Kindergartens, Primary Schools, Urban Schools and Girls' High Schools",,Ματθ. Πανταζῆς,Matth. Pantazis,Χρηστομάθεια,Chrestomathy,σελ. 32,1,γρ.,
1895,IMG_1306.jpeg,"ΝΗΠΙΑΓΩΓΕΙΑ, ΔΗΜΟΤΙΚΑ ΣΧΟΛΕΙΑ, ΑΣΤΙΚΑΙ ΣΧΟΛΑΙ ΚΑΙ ΠΑΡΘΕΝΑΓΩΓΕΙΑ","Kindergartens, Primary Schools, Urban Schools and Girls' High Schools",,Χ. Πούλιος,Ch. Poulios,"Χρηστομάθεια νέα ἑλληνική, ἤτοι ἀνέκδοτα, μῦθοι, παραβολαί, περιγραφαὶ ἐκ τῆς φύσεως, χαρακτῆρες, ἱστορικὰ τεμάχια κτλ.","New Greek Chrestomathy, namely anecdotes, fables, parables, descriptions of nature, characters, historical passages etc.",σελ. 142,1.20,γρ.,
1895,IMG_1306.jpeg,"ΝΗΠΙΑΓΩΓΕΙΑ, ΔΗΜΟΤΙΚΑ ΣΧΟΛΕΙΑ, ΑΣΤΙΚΑΙ ΣΧΟΛΑΙ ΚΑΙ ΠΑΡΘΕΝΑΓΩΓΕΙΑ","Kindergartens, Primary Schools, Urban Schools and Girls' High Schools",,Κ. Μαρουδῆς,K. Maroudis,Χρυσαλὶς τῶν Παίδων ἢ τὰ καθήκοντα αὐτῶν,Chrysalis of Children or Their Duties,"8ον, σελ. 224",7.20,γρ.,
1895,IMG_1306.jpeg,"ΝΗΠΙΑΓΩΓΕΙΑ, ΔΗΜΟΤΙΚΑ ΣΧΟΛΕΙΑ, ΑΣΤΙΚΑΙ ΣΧΟΛΑΙ ΚΑΙ ΠΑΡΘΕΝΑΓΩΓΕΙΑ","Kindergartens, Primary Schools, Urban Schools and Girls' High Schools",,Θ. Γαλουδέτος,Th. Galoudetos,Ψυχολογία,Psychology,σελ. 64,20,παρ.,
1895,IMG_1306.jpeg,"ΕΛΛΗΝΙΚΑ ΣΧΟΛΕΙΑ, ΠΑΡΘΕΝΑΓΩΓΕΙΑ ΚΑΙ ΓΥΜΝΑΣΙΑ","Hellenic Schools, Girls' High Schools and Gymnasiums",,Ἀνδρέας Σπαθάρης,Andreas Spatharis,Ἄλγεβρα,Algebra,"8ον, σελ. πβ",12.20,γρ.,
1895,IMG_1306.jpeg,"ΕΛΛΗΝΙΚΑ ΣΧΟΛΕΙΑ, ΠΑΡΘΕΝΑΓΩΓΕΙΑ ΚΑΙ ΓΥΜΝΑΣΙΑ","Hellenic Schools, Girls' High Schools and Gymnasiums",,Ἀ. Δαμασκηνός,A. Damaskinos,Ἄλγεβρα στοιχειώδης,Elementary Algebra,"8ον, σελ. 296",12,γρ.,
1895,IMG_1306.jpeg,"ΕΛΛΗΝΙΚΑ ΣΧΟΛΕΙΑ, ΠΑΡΘΕΝΑΓΩΓΕΙΑ ΚΑΙ ΓΥΜΝΑΣΙΑ","Hellenic Schools, Girls' High Schools and Gymnasiums",,Ἰ. Χατζιδάκης,I. Chatzidakis,Ἄλγεβρα στοιχειώδης,Elementary Algebra,"8ον, σελ. ιε΄-247",10,γρ.,
1895,IMG_1306.jpeg,"ΕΛΛΗΝΙΚΑ ΣΧΟΛΕΙΑ, ΠΑΡΘΕΝΑΓΩΓΕΙΑ ΚΑΙ ΓΥΜΝΑΣΙΑ","Hellenic Schools, Girls' High Schools and Gymnasiums",,Ἀ. Δαμασκηνός,A. Damaskinos,Ἀλγεβρικαὶ ἀσκήσεις,Algebraic Exercises,"8ον, σελ. 192",9,γρ.,
1895,IMG_1306.jpeg,"ΕΛΛΗΝΙΚΑ ΣΧΟΛΕΙΑ, ΠΑΡΘΕΝΑΓΩΓΕΙΑ ΚΑΙ ΓΥΜΝΑΣΙΑ","Hellenic Schools, Girls' High Schools and Gymnasiums",,Γ. Παπασλιώτης,G. Papasliotis,Ἀνθολόγιον ἑλληνικόν,Greek Anthology,"8ον, σελ. 288",5,γρ.,"ἐν Βιέννῃ, 1862"
1895,IMG_1306.jpeg,"ΕΛΛΗΝΙΚΑ ΣΧΟΛΕΙΑ, ΠΑΡΘΕΝΑΓΩΓΕΙΑ ΚΑΙ ΓΥΜΝΑΣΙΑ","Hellenic Schools, Girls' High Schools and Gymnasiums",,Ν. Χορτάκης,N. Chortakis,Ἀνθρωπολογία σωματολογικὴ καὶ ψυχολογική,Somatological and Psychological Anthropology,"8ον, σελ. 168",8,γρ.,
1895,IMG_1306.jpeg,"ΕΛΛΗΝΙΚΑ ΣΧΟΛΕΙΑ, ΠΑΡΘΕΝΑΓΩΓΕΙΑ ΚΑΙ ΓΥΜΝΑΣΙΑ","Hellenic Schools, Girls' High Schools and Gymnasiums",,Μ. Ῥάλλης,M. Rallis,Ἄνθρωπος,Man,σελ. ε΄-208,10,γρ.,
1895,IMG_1306.jpeg,"ΕΛΛΗΝΙΚΑ ΣΧΟΛΕΙΑ, ΠΑΡΘΕΝΑΓΩΓΕΙΑ ΚΑΙ ΓΥΜΝΑΣΙΑ","Hellenic Schools, Girls' High Schools and Gymnasiums",,Ε. Βαρνίκος,E. Varnikos,Ἀνώμαλα ῥήματα καὶ ὀνόματα,Irregular Verbs and Nouns,"8ον, σελ. 123",5,γρόσια,
1895,IMG_1306.jpeg,"ΕΛΛΗΝΙΚΑ ΣΧΟΛΕΙΑ, ΠΑΡΘΕΝΑΓΩΓΕΙΑ ΚΑΙ ΓΥΜΝΑΣΙΑ","Hellenic Schools, Girls' High Schools and Gymnasiums",,Σ. Νικολαΐδης,S. Nikolaidis,Ἀνώμαλα ῥήματα καὶ ὀνόματα,Irregular Verbs and Nouns,σ. πϐ,3,γρ.,
1895,IMG_1306.jpeg,"ΕΛΛΗΝΙΚΑ ΣΧΟΛΕΙΑ, ΠΑΡΘΕΝΑΓΩΓΕΙΑ ΚΑΙ ΓΥΜΝΑΣΙΑ","Hellenic Schools, Girls' High Schools and Gymnasiums",,Κ. Δ. Οἰκονόμος,K. D. Oikonomos,Ἀνώμαλα ῥήματα καὶ ὀνόματα,Irregular Verbs and Nouns,"8ον, σελ. 187",7,γρ.,
1895,IMG_1306.jpeg,"ΕΛΛΗΝΙΚΑ ΣΧΟΛΕΙΑ, ΠΑΡΘΕΝΑΓΩΓΕΙΑ ΚΑΙ ΓΥΜΝΑΣΙΑ","Hellenic Schools, Girls' High Schools and Gymnasiums",,Ἀθ. Σακελλάριος,Ath. Sakellarios,Ἀνώμαλα καὶ ἐλλιπῆ ῥήματα,Irregular and Defective Verbs,"8ον, σελ. 427",10,γρ.,
1895,IMG_1306.jpeg,"ΕΛΛΗΝΙΚΑ ΣΧΟΛΕΙΑ, ΠΑΡΘΕΝΑΓΩΓΕΙΑ ΚΑΙ ΓΥΜΝΑΣΙΑ","Hellenic Schools, Girls' High Schools and Gymnasiums",,Λουκᾶς Χριστοδούλου,Loukas Christodoulou,Ἀνώμαλα ῥήματα καὶ ὀνόματα,Irregular Verbs and Nouns,"8ον, σελ. 194",5,γρ.,
1895,IMG_1306.jpeg,"ΕΛΛΗΝΙΚΑ ΣΧΟΛΕΙΑ, ΠΑΡΘΕΝΑΓΩΓΕΙΑ ΚΑΙ ΓΥΜΝΑΣΙΑ","Hellenic Schools, Girls' High Schools and Gymnasiums",,Γ. Δ. Ζηκίδης,G. D. Zikidis,Ἀνωμάλων ῥημάτων καὶ ὀνομάτων τῆς ἀττικῆς διαλέκτου Κατάλογος,Catalog of Irregular Verbs and Nouns of the Attic Dialect,"8ον, σελ. η΄-160",5,γρ.,
1895,IMG_1306.jpeg,"ΕΛΛΗΝΙΚΑ ΣΧΟΛΕΙΑ, ΠΑΡΘΕΝΑΓΩΓΕΙΑ ΚΑΙ ΓΥΜΝΑΣΙΑ","Hellenic Schools, Girls' High Schools and Gymnasiums",,Ἀ. Δ. Κυριακός,A. D. Kyriakos,Ἀπάνθισμα τῆς Ἁγίας Γραφῆς,Selection from the Holy Bible,σελ. ια΄-248,10,γρ.,
1895,IMG_1306.jpeg,"ΕΛΛΗΝΙΚΑ ΣΧΟΛΕΙΑ, ΠΑΡΘΕΝΑΓΩΓΕΙΑ ΚΑΙ ΓΥΜΝΑΣΙΑ","Hellenic Schools, Girls' High Schools and Gymnasiums",,Ἀ. Γ. Τάγης,A. G. Tagis,"Ἀπάνθισμα Ἑλληνικῶν Γραμμάτων. Τόμος Α΄, διὰ τὴν Α΄ τάξιν τοῦ Σχολείου, μετὰ Λεξικοῦ","Anthology of Greek Literature. Volume A, for the 1st grade of School, with a Dictionary",σελ. Ϛ΄-125,5,γρ.,"Δ. Φ. Includes review note: Ὁ καθηγητὴς κ. Τάγης, ἐκαινοτόμησε πάνυ εὐστόχως, διότι τὰς σημειώσεις προσήρτησεν ἐν εἴδει Λεξικοῦ εἰς τὸ τέλος τοῦ βιβλίου, περιορισθεὶς νὰ ὑποδείξῃ μόνον τὸν τύπον τῆς ζητητέας ἐν τῷ Λεξικῷ λέξεως."
1895,IMG_1307.jpeg,"ΕΛΛΗΝΙΚΑ ΣΧΟΛΕΙΑ, ΠΑΡΘΕΝΑΓΩΓΕΙΑ ΚΑΙ ΓΥΜΝΑΣΙΑ","Hellenic Schools, Girls' High Schools and Gymnasiums",Ἀπάνθισμα,Ἰωακείμ Βαλαβάνης,Ioakeim Balavanis,"Τόμος Β', διὰ τὴν Β' τάξιν τῶν Ἑλληνικῶν Σχολείων καὶ τὴν Α' τῶν Γυμνασίων, περιέχων τὰ τρία πρῶτα βιβλία τῆς Ξενοφῶντος Κύρου Ἀναβάσεως καὶ τὴν Ἰσοκράτους Πρὸς Δημόνικον Παραίνεσιν","Volume B, for the 2nd grade of Hellenic Schools and the 1st grade of Gymnasiums, containing the first three books of Xenophon's Anabasis and Isocrates' To Demonicus",σελ. η'—263,6,γρ.,"μετὰ εἰσαγωγῆς, βιογραφιῶν καὶ ποικίλων σημειώσεων"
1895,IMG_1307.jpeg,"ΕΛΛΗΝΙΚΑ ΣΧΟΛΕΙΑ, ΠΑΡΘΕΝΑΓΩΓΕΙΑ ΚΑΙ ΓΥΜΝΑΣΙΑ","Hellenic Schools, Girls' High Schools and Gymnasiums",Ἀπάνθισμα,Ἰωακείμ Βαλαβάνης,Ioakeim Balavanis,"Τόμος Δ', διὰ τὴν Α' τάξιν τῶν Γυμνασίων, περιέχων ἐκλογὴν τῶν Ξενοφῶντος Ἀπομνημονευμάτων, τὸν Λυσίου Ἐπιτάφιον τοῖς Κορινθίων βοηθοῖς καὶ τὸν Ἰσοκράτους Ἀρεοπαγιτικόν","Volume D, for the 1st grade of Gymnasiums, containing a selection of Xenophon's Memorabilia, Lysias' Funeral Oration, and Isocrates' Areopagiticus",,7,γρ.,"μετὰ εἰσαγωγῆς, βιογραφιῶν καὶ ποικίλων σημειώσεων"
1895,IMG_1308.jpeg,"ΕΛΛΗΝΙΚΑ ΣΧΟΛΕΙΑ, ΠΑΡΘΕΝΑΓΩΓΕΙΑ ΚΑΙ ΓΥΜΝΑΣΙΑ","Hellenic Schools, Girls' High Schools and Gymnasiums",,Ἀ. Δαμασκηνοῦ,A. Damaskinos,Ἀριθμητικὰ προβλήματα,Arithmetic Problems,σελ. 73,2,γρ.,
1895,IMG_1308.jpeg,"ΕΛΛΗΝΙΚΑ ΣΧΟΛΕΙΑ, ΠΑΡΘΕΝΑΓΩΓΕΙΑ ΚΑΙ ΓΥΜΝΑΣΙΑ","Hellenic Schools, Girls' High Schools and Gymnasiums",,Ἠλία Γ. Βαλσαμάκη,Ilias G. Valsamakis,Ἀριθμητική,Arithmetic,"8ον, σελ. 235",10,γρ.,
1895,IMG_1308.jpeg,"ΕΛΛΗΝΙΚΑ ΣΧΟΛΕΙΑ, ΠΑΡΘΕΝΑΓΩΓΕΙΑ ΚΑΙ ΓΥΜΝΑΣΙΑ","Hellenic Schools, Girls' High Schools and Gymnasiums",,Χ. Βάφα,Ch. Vafas,Ἀριθμητική,Arithmetic,"8ον, σελ. 158",6,γρ.,
1895,IMG_1308.jpeg,"ΕΛΛΗΝΙΚΑ ΣΧΟΛΕΙΑ, ΠΑΡΘΕΝΑΓΩΓΕΙΑ ΚΑΙ ΓΥΜΝΑΣΙΑ","Hellenic Schools, Girls' High Schools and Gymnasiums",,Γ. Γεράκη,G. Gerakis,Ἀριθμητική,Arithmetic,"8ον, σελ. 76",2 παρ. 20,γρ.,
1895,IMG_1308.jpeg,"ΕΛΛΗΝΙΚΑ ΣΧΟΛΕΙΑ, ΠΑΡΘΕΝΑΓΩΓΕΙΑ ΚΑΙ ΓΥΜΝΑΣΙΑ","Hellenic Schools, Girls' High Schools and Gymnasiums",,Γ. Γεράκη,G. Gerakis,"Ἀριθμητική, μετὰ προβλημάτων","Arithmetic, with Problems",σελ. 152,8,γρ.,
1895,IMG_1308.jpeg,"ΕΛΛΗΝΙΚΑ ΣΧΟΛΕΙΑ, ΠΑΡΘΕΝΑΓΩΓΕΙΑ ΚΑΙ ΓΥΜΝΑΣΙΑ","Hellenic Schools, Girls' High Schools and Gymnasiums",,Γ. Γεράκη,G. Gerakis,"Ἀριθμητική, κατὰ τὸ σύστημα Λοιζέρου","Arithmetic, according to the Loizeros system","Φυλλάδιον γ΄. Δεκαδικοὶ ἀριθμοί, διαιρετότης τῶν ἀριθμῶν, κλάσματα, μέθοδοι καὶ ἀναλογίαι, σελ. 120",4,γρ.,
1895,IMG_1308.jpeg,"ΕΛΛΗΝΙΚΑ ΣΧΟΛΕΙΑ, ΠΑΡΘΕΝΑΓΩΓΕΙΑ ΚΑΙ ΓΥΜΝΑΣΙΑ","Hellenic Schools, Girls' High Schools and Gymnasiums",,Χ. Γεωργιάδου,Ch. Georgiadou,Ἀριθμητικὴ πρακτική (μεγάλη),Practical Arithmetic (Large),"8ον, σελ. 238",6,γρ.,"Ἡ Ἀριθμητικὴ αὕτη τοῦ κ. Γεωργιάδου, προωρισμένη διὰ τὰ Ἑλληνικὰ Σχολεῖα καὶ τὰς μεγάλας τάξεις τῶν Παρθεναγωγείων, συνιστᾶται διὰ τὸ εὐμέθοδον αὐτῆς καὶ ὑπὸ τοῦ σοφοῦ καθηγητοῦ τῶν φυσικομαθητικῶν κ. Ἀνδρέου Σπαθάρη, διεξελθόντος, ἐγκρίναντος καὶ ἐπιδοκιμάσαντος αὐτήν· ὥστε πᾶσα ἄλλη σύστασις καθίσταται περιττή."
1895,IMG_1308.jpeg,"ΕΛΛΗΝΙΚΑ ΣΧΟΛΕΙΑ, ΠΑΡΘΕΝΑΓΩΓΕΙΑ ΚΑΙ ΓΥΜΝΑΣΙΑ","Hellenic Schools, Girls' High Schools and Gymnasiums",,Ἀ. Δαμασκηνοῦ,A. Damaskinos,Ἀριθμητική,Arithmetic,"8ον, σελ. 167",3,γρ.,
1895,IMG_1308.jpeg,"ΕΛΛΗΝΙΚΑ ΣΧΟΛΕΙΑ, ΠΑΡΘΕΝΑΓΩΓΕΙΑ ΚΑΙ ΓΥΜΝΑΣΙΑ","Hellenic Schools, Girls' High Schools and Gymnasiums",,Ἀ. Δαμασκηνοῦ,A. Damaskinos,Ἀριθμητικὴ θεωρητική,Theoretical Arithmetic,"8ον, σ. 264",8,γρ.,
1895,IMG_1308.jpeg,"ΕΛΛΗΝΙΚΑ ΣΧΟΛΕΙΑ, ΠΑΡΘΕΝΑΓΩΓΕΙΑ ΚΑΙ ΓΥΜΝΑΣΙΑ","Hellenic Schools, Girls' High Schools and Gymnasiums",,Γ. Κωνσταντινίδου,G. Konstantinidou,Ἀριθμητική,Arithmetic,σελ. 224,5 παρ. 20,γρ.,
1895,IMG_1308.jpeg,"ΕΛΛΗΝΙΚΑ ΣΧΟΛΕΙΑ, ΠΑΡΘΕΝΑΓΩΓΕΙΑ ΚΑΙ ΓΥΜΝΑΣΙΑ","Hellenic Schools, Girls' High Schools and Gymnasiums",,Β. Δάκωνος,V. Dakon,Ἀριθμητική,Arithmetic,"8ον, σελ. 144",5,γρ.,
1895,IMG_1308.jpeg,"ΕΛΛΗΝΙΚΑ ΣΧΟΛΕΙΑ, ΠΑΡΘΕΝΑΓΩΓΕΙΑ ΚΑΙ ΓΥΜΝΑΣΙΑ","Hellenic Schools, Girls' High Schools and Gymnasiums",,Γ. Παπακωνσταντίνου,G. Papakonstantinou,Ἀριθμητικὴ εἰς πέντε τεύχη,Arithmetic in Five Volumes,"μετὰ πολλῶν ἀσκήσεων καὶ μεθ' ὁδηγιῶν. Τεῦχος Α΄, ἔκδ. β΄, γρ. 3. Τεῦχος Δ΄, σ. 118, γρ. 3. Τεῦχος Ε΄, σ. 120, γρ. 3 παρ. 20.",3 - 3.20,γρ.,"Τῆς Ἀριθμητικῆς ταύτης εἶχον ἐκδοθῆ τὰ τρία πρῶτα τεύχη, ἤδη δέ, συμπληρῶν ὁ φιλόκαλος συγγραφεὺς τὸ κάλλιστον ἔργον αὐτοῦ, συνέγραψε καὶ τὸ Δ΄ καὶ τὸ Ε΄ τεῦχος, οὕτω δὲ κατηρτίσθη πλήρης ἡ ὅλη σειρά, εὐδοκίμως ἀπὸ πολλοῦ χρησιμοποιηθεῖσα ὑπὸ τῶν ἐλλογίμων διδασκάλων ἀμφοτέρων τῶν φύλων."
1895,IMG_1308.jpeg,"ΕΛΛΗΝΙΚΑ ΣΧΟΛΕΙΑ, ΠΑΡΘΕΝΑΓΩΓΕΙΑ ΚΑΙ ΓΥΜΝΑΣΙΑ","Hellenic Schools, Girls' High Schools and Gymnasiums",,Ι. Ν. Χατζιδάκη,I. N. Chatzidakis,Ἀριθμητική,Arithmetic,"8ον, σελ. 218",6,γρ.,
1895,IMG_1308.jpeg,"ΕΛΛΗΝΙΚΑ ΣΧΟΛΕΙΑ, ΠΑΡΘΕΝΑΓΩΓΕΙΑ ΚΑΙ ΓΥΜΝΑΣΙΑ","Hellenic Schools, Girls' High Schools and Gymnasiums",,Β. Δάκωνος,V. Dakon,Ἀριθμητικὴ θεωρητική,Theoretical Arithmetic,"ἐγκεκριμένη διὰ τὰ Γυμνάσια, 8ον, σελ. 255",12,γρ.,
1895,IMG_1308.jpeg,"ΕΛΛΗΝΙΚΑ ΣΧΟΛΕΙΑ, ΠΑΡΘΕΝΑΓΩΓΕΙΑ ΚΑΙ ΓΥΜΝΑΣΙΑ","Hellenic Schools, Girls' High Schools and Gymnasiums",,Σ. Ἀντωνιάδου,S. Antoniadou,Ἀρχαιολογία Ἑλληνική,Greek Archaeology,σ. 160,5,γρ.,
1895,IMG_1308.jpeg,"ΕΛΛΗΝΙΚΑ ΣΧΟΛΕΙΑ, ΠΑΡΘΕΝΑΓΩΓΕΙΑ ΚΑΙ ΓΥΜΝΑΣΙΑ","Hellenic Schools, Girls' High Schools and Gymnasiums",,Σ. Ἀντωνιάδου,S. Antoniadou,Ἀρχαιολογία Ἑλληνική,Greek Archaeology,"8ον, σ. 443",12,γρ.,
1895,IMG_1308.jpeg,"ΕΛΛΗΝΙΚΑ ΣΧΟΛΕΙΑ, ΠΑΡΘΕΝΑΓΩΓΕΙΑ ΚΑΙ ΓΥΜΝΑΣΙΑ","Hellenic Schools, Girls' High Schools and Gymnasiums",,Κ. Ζαχαριάδου,K. Zachariadou,Ἀρχαιολογίας Ἑλληνικῆς Ἐγχειρίδιον,Handbook of Greek Archaeology,"8ον, σελ. 364",10,γρ.,
1895,IMG_1309.jpeg,"ΕΛΛΗΝΙΚΑ ΣΧΟΛΕΙΑ, ΠΑΡΘΕΝΑΓΩΓΕΙΑ ΚΑΙ ΓΥΜΝΑΣΙΑ","Hellenic Schools, Girls' High Schools and Gymnasiums",,Ἰ. Καρακατσάνη,I. Karakatsanis,"Ἀσκήσεις Ὀρθογραφικαί, Τεῦχος Α' & Β'","Orthographic Exercises, Volume A & B","Τεῦχος Α': σελ. 128, Τεῦχος Β': σελ. 128",7,γρ.,"Τεῦχος Α' γρ. 7, Τεῦχος Β' γρ. 7."
1895,IMG_1309.jpeg,"ΕΛΛΗΝΙΚΑ ΣΧΟΛΕΙΑ, ΠΑΡΘΕΝΑΓΩΓΕΙΑ ΚΑΙ ΓΥΜΝΑΣΙΑ","Hellenic Schools, Girls' High Schools and Gymnasiums",,Δ. Παπαθεοδώρου,D. Papatheodorou,Βίοι ἐπιφανῶν ἀνδρῶν τῆς ἀρχαίας Ἑλλάδος,Lives of Illustrious Men of Ancient Greece,"8ον, σελ. 95",7,γρ.,
1895,IMG_1309.jpeg,"ΕΛΛΗΝΙΚΑ ΣΧΟΛΕΙΑ, ΠΑΡΘΕΝΑΓΩΓΕΙΑ ΚΑΙ ΓΥΜΝΑΣΙΑ","Hellenic Schools, Girls' High Schools and Gymnasiums",,Χ. Πουλίου,Ch. Poulios,Βίοι ἐπιφανῶν ἀνδρῶν τῆς ἀρχαίας Ἑλλάδος,Lives of Illustrious Men of Ancient Greece,"8ον, σελ. 144",8,γρ.,
1895,IMG_1309.jpeg,"ΕΛΛΗΝΙΚΑ ΣΧΟΛΕΙΑ, ΠΑΡΘΕΝΑΓΩΓΕΙΑ ΚΑΙ ΓΥΜΝΑΣΙΑ","Hellenic Schools, Girls' High Schools and Gymnasiums",,Γ. Δ. Λαμπίση,G. D. Lampisis,"Βοτανική, μετ' εἰκόνων, πρὸς χρῆσιν τῶν Ἑλλ. Σχολείων καὶ Παρθεναγωγείων, έκδ. β'","Botany, with illustrations, for use in Hellenic Schools and Girls' High Schools, 2nd edition",σελ. 173,5,γρ.,Includes descriptive text about the contents and methodology.
1895,IMG_1309.jpeg,"ΕΛΛΗΝΙΚΑ ΣΧΟΛΕΙΑ, ΠΑΡΘΕΝΑΓΩΓΕΙΑ ΚΑΙ ΓΥΜΝΑΣΙΑ","Hellenic Schools, Girls' High Schools and Gymnasiums",,Α. Νοννόττη,A. Nonnottis,Βοτανική,Botany,σελ. 214,18,γρ.,
1895,IMG_1309.jpeg,"ΕΛΛΗΝΙΚΑ ΣΧΟΛΕΙΑ, ΠΑΡΘΕΝΑΓΩΓΕΙΑ ΚΑΙ ΓΥΜΝΑΣΙΑ","Hellenic Schools, Girls' High Schools and Gymnasiums",,Ἀποστόλου Βασακοπούλου,Apostolos Vasakopoulos,"Γεωγραφία, βραβευθεῖσα ὑπὸ τοῦ Ἑλληνικοῦ Φιλολογικοῦ Συλλόγου, μετ' εἰκόνων","Geography, awarded by the Hellenic Philological Society, with illustrations","Τεῦχος Α' (έκδ. ε', 1895, σελ. 100), Τεῦχος Β' (έκδ. ε', 1894, σελ. 128), Τεῦχος Γ' (έκδ. δ', 1894, σελ. δ'-168)",2.50,γρ.,"Τεῦχος Α': γρ. 2.50, Τεῦχος Β': γρ. 4, Τεῦχος Γ': γρ. 5. Includes commendation text by the Philological Society of Constantinople."
1895,IMG_1309.jpeg,"ΕΛΛΗΝΙΚΑ ΣΧΟΛΕΙΑ, ΠΑΡΘΕΝΑΓΩΓΕΙΑ ΚΑΙ ΓΥΜΝΑΣΙΑ","Hellenic Schools, Girls' High Schools and Gymnasiums",,Κ. Ζαχαριάδου καὶ Ἀ. Σπαθάρη,K. Zachariadou & A. Spatharis,"Γεωγραφία, Τεῦχος Α' & Β'","Geography, Volume A & B","Τεῦχος Α' (σελ. σδ'-181), Τεῦχος Β' (σελ. δ'-472)",5,γρ.,"Τεῦχος Α': γρ. 5, Τεῦχος Β': γρ. 7 παρ. 20."
1895,IMG_1309.jpeg,"ΕΛΛΗΝΙΚΑ ΣΧΟΛΕΙΑ, ΠΑΡΘΕΝΑΓΩΓΕΙΑ ΚΑΙ ΓΥΜΝΑΣΙΑ","Hellenic Schools, Girls' High Schools and Gymnasiums",,Ἰ. Π. Κοκκώνη,I. P. Kokkonis,"Γεωγραφία πολιτική, μαθηματικὴ καὶ φυσική. Περίοδος Β'","Political, Mathematical and Physical Geography. Period B","8ον, σελ. δ'-300",3,γρ.,Contains handwritten modifications/annotations on the printed entry.
1895,IMG_1309.jpeg,"ΕΛΛΗΝΙΚΑ ΣΧΟΛΕΙΑ, ΠΑΡΘΕΝΑΓΩΓΕΙΑ ΚΑΙ ΓΥΜΝΑΣΙΑ","Hellenic Schools, Girls' High Schools and Gymnasiums",,Ε. Κοφινιώτου,E. Kofiniotis,Γεωγραφία ὁμηρική,Homeric Geography,σελ. 240,15,γρ.,
1895,IMG_1309.jpeg,"ΕΛΛΗΝΙΚΑ ΣΧΟΛΕΙΑ, ΠΑΡΘΕΝΑΓΩΓΕΙΑ ΚΑΙ ΓΥΜΝΑΣΙΑ","Hellenic Schools, Girls' High Schools and Gymnasiums",,Δ. Πανταζῆ,D. Pantazis,Γεωγραφία Ἱερά,Sacred Geography,"8ον, σελ. 42",2,γρ.,
1895,IMG_1309.jpeg,"ΕΛΛΗΝΙΚΑ ΣΧΟΛΕΙΑ, ΠΑΡΘΕΝΑΓΩΓΕΙΑ ΚΑΙ ΓΥΜΝΑΣΙΑ","Hellenic Schools, Girls' High Schools and Gymnasiums",,Ἀ. Ἀ. Σακελλαρίου,A. A. Sakellarios,"Γεωγραφία πολιτική, μαθηματικὴ καὶ φυσική","Political, Mathematical and Physical Geography","8ον, σελ. 192",3,γρ.,
1895,IMG_1310.jpeg,"ΕΛΛΗΝΙΚΑ ΣΧΟΛΕΙΑ, ΠΑΡΘΕΝΑΓΩΓΕΙΑ ΚΑΙ ΓΥΜΝΑΣΙΑ","Hellenic Schools, Girls' High Schools and Gymnasiums",,Κ. Ζαχαριάδης,K. Zachariades,Γεωγραφικοὶ πίνακες τῶν Κρατῶν τοῦ Αἵμου,Geographical Maps of the Balkan States,"πίνακες 32, 4ον",7.20,γρ.,
1895,IMG_1310.jpeg,"ΕΛΛΗΝΙΚΑ ΣΧΟΛΕΙΑ, ΠΑΡΘΕΝΑΓΩΓΕΙΑ ΚΑΙ ΓΥΜΝΑΣΙΑ","Hellenic Schools, Girls' High Schools and Gymnasiums",,Γεώργιος Ἰ. Βασματζίδης,Georgios I. Vasmatzidis,"Γεωμετρία στοιχειώδης, περιέχουσα καὶ 240 προβλήματα μετὰ ποικίλων πρακτικῶν ἐφαρμογῶν","Elementary Geometry, Containing 240 Problems with Various Practical Applications",σελ. 96,5,γρ.,Includes descriptive recommendation paragraph on page
1895,IMG_1310.jpeg,"ΕΛΛΗΝΙΚΑ ΣΧΟΛΕΙΑ, ΠΑΡΘΕΝΑΓΩΓΕΙΑ ΚΑΙ ΓΥΜΝΑΣΙΑ","Hellenic Schools, Girls' High Schools and Gymnasiums",,Χ. Βάφας,Ch. Vafas,Γεωμετρία,Geometry,"8ον, σελ. 83",5,γρ.,
1895,IMG_1310.jpeg,"ΕΛΛΗΝΙΚΑ ΣΧΟΛΕΙΑ, ΠΑΡΘΕΝΑΓΩΓΕΙΑ ΚΑΙ ΓΥΜΝΑΣΙΑ","Hellenic Schools, Girls' High Schools and Gymnasiums",,Γ. Γεράκης,G. Gerakis,Γεωμετρία,Geometry,σελ. 112,3,γρ.,
1895,IMG_1310.jpeg,"ΕΛΛΗΝΙΚΑ ΣΧΟΛΕΙΑ, ΠΑΡΘΕΝΑΓΩΓΕΙΑ ΚΑΙ ΓΥΜΝΑΣΙΑ","Hellenic Schools, Girls' High Schools and Gymnasiums",,Γ. Ἀ. Δημητριάδης,G. A. Demetriades,"Γεωμετρία θεωρητική, πρακτικὴ καὶ ἐφηρμοσμένη","Theoretical, Practical, and Applied Geometry","8ον, σελ. 520",54,γρ.,
1895,IMG_1310.jpeg,"ΕΛΛΗΝΙΚΑ ΣΧΟΛΕΙΑ, ΠΑΡΘΕΝΑΓΩΓΕΙΑ ΚΑΙ ΓΥΜΝΑΣΙΑ","Hellenic Schools, Girls' High Schools and Gymnasiums",,Β. Λάκων,V. Lakon,Γεωμετρία,Geometry,"8ον, σελ. 304",10,γρ.,
1895,IMG_1310.jpeg,"ΕΛΛΗΝΙΚΑ ΣΧΟΛΕΙΑ, ΠΑΡΘΕΝΑΓΩΓΕΙΑ ΚΑΙ ΓΥΜΝΑΣΙΑ","Hellenic Schools, Girls' High Schools and Gymnasiums",,Γ. Ζωχιός,G. Zochios,Γεωμετρία Λεγένδρου,Geometry of Legendre,"8ον, σελ. 298",5,γρ.,
1895,IMG_1310.jpeg,"ΕΛΛΗΝΙΚΑ ΣΧΟΛΕΙΑ, ΠΑΡΘΕΝΑΓΩΓΕΙΑ ΚΑΙ ΓΥΜΝΑΣΙΑ","Hellenic Schools, Girls' High Schools and Gymnasiums",,Ἀνδρέας Σπαθάρης,Andreas Spatharis,Γεωμετρία,Geometry,"8ον, σελ. 92",12.20,γρ.,
1895,IMG_1310.jpeg,"ΕΛΛΗΝΙΚΑ ΣΧΟΛΕΙΑ, ΠΑΡΘΕΝΑΓΩΓΕΙΑ ΚΑΙ ΓΥΜΝΑΣΙΑ","Hellenic Schools, Girls' High Schools and Gymnasiums",,Ἰ. Ν. Χατζιδάκης,I. N. Chatzidakis,Γεωμετρία,Geometry,"8ον, σελ. 104",5,γρ.,
1895,IMG_1310.jpeg,"ΕΛΛΗΝΙΚΑ ΣΧΟΛΕΙΑ, ΠΑΡΘΕΝΑΓΩΓΕΙΑ ΚΑΙ ΓΥΜΝΑΣΙΑ","Hellenic Schools, Girls' High Schools and Gymnasiums",,Ἰ. Ν. Χατζιδάκης,I. N. Chatzidakis,Γεωμετρία,Geometry,"8ον, σελ. η΄-311",20,γρ.,
1895,IMG_1310.jpeg,"ΕΛΛΗΝΙΚΑ ΣΧΟΛΕΙΑ, ΠΑΡΘΕΝΑΓΩΓΕΙΑ ΚΑΙ ΓΥΜΝΑΣΙΑ","Hellenic Schools, Girls' High Schools and Gymnasiums",,Γ. Ἀ. Πίκος,G. A. Pikos,Γεωμετρίας στοιχειώδους Χατζιδάκη Λύσεις τῶν ἐφαρμογῶν,Solutions to the Applications of Chatzidakis' Elementary Geometry,"8ον, σελ. 47",5,γρ.,
1895,IMG_1310.jpeg,"ΕΛΛΗΝΙΚΑ ΣΧΟΛΕΙΑ, ΠΑΡΘΕΝΑΓΩΓΕΙΑ ΚΑΙ ΓΥΜΝΑΣΙΑ","Hellenic Schools, Girls' High Schools and Gymnasiums",,Ἀ. Ἀντωνιάδης,A. Antoniades,Γραμματικὴ ἑλληνική,Greek Grammar,"8ον, σ. 262",10,γρ.,
1895,IMG_1310.jpeg,"ΕΛΛΗΝΙΚΑ ΣΧΟΛΕΙΑ, ΠΑΡΘΕΝΑΓΩΓΕΙΑ ΚΑΙ ΓΥΜΝΑΣΙΑ","Hellenic Schools, Girls' High Schools and Gymnasiums",,Γ. Παπασλιώτης,G. Papasliotis,Γραμματική,Grammar,"8ον, σελ. 216",4,γρ.,
1895,IMG_1310.jpeg,"ΕΛΛΗΝΙΚΑ ΣΧΟΛΕΙΑ, ΠΑΡΘΕΝΑΓΩΓΕΙΑ ΚΑΙ ΓΥΜΝΑΣΙΑ","Hellenic Schools, Girls' High Schools and Gymnasiums",,Γ. Γεννάδιος,G. Gennadios,Γραμματική,Grammar,"8ον, σελ. 150",3,γρ.,
1895,IMG_1310.jpeg,"ΕΛΛΗΝΙΚΑ ΣΧΟΛΕΙΑ, ΠΑΡΘΕΝΑΓΩΓΕΙΑ ΚΑΙ ΓΥΜΝΑΣΙΑ","Hellenic Schools, Girls' High Schools and Gymnasiums",,Ἰ. Δραΐκης,I. Draikis,Γραμματική,Grammar,"8ον, σελ. 158",6,γρ.,
1895,IMG_1310.jpeg,"ΕΛΛΗΝΙΚΑ ΣΧΟΛΕΙΑ, ΠΑΡΘΕΝΑΓΩΓΕΙΑ ΚΑΙ ΓΥΜΝΑΣΙΑ","Hellenic Schools, Girls' High Schools and Gymnasiums",,Πρόδρομος Εὐτυχίδης Φ. Δ.,Prodromos Eutychides Ph. D.,Γραμματικὴ τῆς παλαιᾶς ἑλληνικῆς γλώσσης (Μεγάλη) μετὰ ἐφαρμογῶν,Grammar of the Ancient Greek Language (Great) with Applications,8ον,7,γρ.,Includes descriptive text note below
1895,IMG_1311.jpeg,"ΕΛΛΗΝΙΚΑ ΣΧΟΛΕΙΑ, ΠΑΡΘΕΝΑΓΩΓΕΙΑ ΚΑΙ ΓΥΜΝΑΣΙΑ","Hellenic Schools, Girls' High Schools and Gymnasiums",,Γ. Δ. Ζηκίδου,G. D. Zikidis,Γραμματική,Grammar,"8ον, σελ. 246",12,γρ.,
1895,IMG_1311.jpeg,"ΕΛΛΗΝΙΚΑ ΣΧΟΛΕΙΑ, ΠΑΡΘΕΝΑΓΩΓΕΙΑ ΚΑΙ ΓΥΜΝΑΣΙΑ","Hellenic Schools, Girls' High Schools and Gymnasiums",,Β. Δ. Καλλίφρονος,V. D. Kalliphron,Γραμματική,Grammar,"8ον, σελ. η΄-124",3,γρ.,
1895,IMG_1311.jpeg,"ΕΛΛΗΝΙΚΑ ΣΧΟΛΕΙΑ, ΠΑΡΘΕΝΑΓΩΓΕΙΑ ΚΑΙ ΓΥΜΝΑΣΙΑ","Hellenic Schools, Girls' High Schools and Gymnasiums",,Κ. Καταιβαίνη,K. Kataivainis,Γραμματική,Grammar,"8ον, σελ. 216",6,γρ.,
1895,IMG_1311.jpeg,"ΕΛΛΗΝΙΚΑ ΣΧΟΛΕΙΑ, ΠΑΡΘΕΝΑΓΩΓΕΙΑ ΚΑΙ ΓΥΜΝΑΣΙΑ","Hellenic Schools, Girls' High Schools and Gymnasiums",,Κ. Κούμα,K. Koumas,"Γραμματική, διασκευασθεῖσα ὑπὸ Γ. Παπασλεώτου","Grammar, adapted by G. Papasleotos","8ον, σελ. ιζ΄-457",8,γρ.,Underlined in blue pen in original document
1895,IMG_1311.jpeg,"ΕΛΛΗΝΙΚΑ ΣΧΟΛΕΙΑ, ΠΑΡΘΕΝΑΓΩΓΕΙΑ ΚΑΙ ΓΥΜΝΑΣΙΑ","Hellenic Schools, Girls' High Schools and Gymnasiums",,Ε. Κοφινιώτου,E. Kofiniotis,Γραμματικὴ Γενναδίου,Gennadios' Grammar,"8ον, σ. δ΄-172",5,γρ.,
1895,IMG_1311.jpeg,"ΕΛΛΗΝΙΚΑ ΣΧΟΛΕΙΑ, ΠΑΡΘΕΝΑΓΩΓΕΙΑ ΚΑΙ ΓΥΜΝΑΣΙΑ","Hellenic Schools, Girls' High Schools and Gymnasiums",,Ε. Κοφινιώτου,E. Kofiniotis,Γραμματικὴ διαλέκτων,Grammar of Dialects,"8ον, σ. 198",10,γρ.,
1895,IMG_1311.jpeg,"ΕΛΛΗΝΙΚΑ ΣΧΟΛΕΙΑ, ΠΑΡΘΕΝΑΓΩΓΕΙΑ ΚΑΙ ΓΥΜΝΑΣΙΑ","Hellenic Schools, Girls' High Schools and Gymnasiums",,Ε. Κοφινιώτου,E. Kofiniotis,Γραμματικὴ ὁμηρική,Homeric Grammar,"8ον, σελ. 112",9,γρ.,
1895,IMG_1311.jpeg,"ΕΛΛΗΝΙΚΑ ΣΧΟΛΕΙΑ, ΠΑΡΘΕΝΑΓΩΓΕΙΑ ΚΑΙ ΓΥΜΝΑΣΙΑ","Hellenic Schools, Girls' High Schools and Gymnasiums",,Δημ. Παπαγεωργίου,Dimitrios Papageorgiou,"Γραμματική, ἐγκριθεῖσα ἐν τῷ διαγωνισμῷ τοῦ 1894","Grammar, approved in the competition of 1894","8ον, σελ. 202",8,γρ.,
1895,IMG_1311.jpeg,"ΕΛΛΗΝΙΚΑ ΣΧΟΛΕΙΑ, ΠΑΡΘΕΝΑΓΩΓΕΙΑ ΚΑΙ ΓΥΜΝΑΣΙΑ","Hellenic Schools, Girls' High Schools and Gymnasiums",,Χ. Παπανικολάου,Ch. Papanikolaou,Γραμματική,Grammar,"8ον, σελ. β΄-164",4,γρ.,Underlined in blue pen in original document
1895,IMG_1311.jpeg,"ΕΛΛΗΝΙΚΑ ΣΧΟΛΕΙΑ, ΠΑΡΘΕΝΑΓΩΓΕΙΑ ΚΑΙ ΓΥΜΝΑΣΙΑ","Hellenic Schools, Girls' High Schools and Gymnasiums",,Γ. Παπασλιώτου,G. Papasliotis,"Γραμματική, τυπικόν","Grammar, Typikon",σ. 64,1 πάρ. 20,γρ.,
1895,IMG_1311.jpeg,"ΕΛΛΗΝΙΚΑ ΣΧΟΛΕΙΑ, ΠΑΡΘΕΝΑΓΩΓΕΙΑ ΚΑΙ ΓΥΜΝΑΣΙΑ","Hellenic Schools, Girls' High Schools and Gymnasiums",,Γ. Παπασλιώτου,G. Papasliotis,"Γραμματική, ἄνευ συντακτικοῦ","Grammar, without syntax","8ον, σελ. 191",3,γρ.,
1895,IMG_1312.jpeg,"ΕΛΛΗΝΙΚΑ ΣΧΟΛΕΙΑ, ΠΑΡΘΕΝΑΓΩΓΕΙΑ ΚΑΙ ΓΥΜΝΑΣΙΑ","Hellenic Schools, Girls' High Schools and Gymnasiums",,Γ. Παπασλιώτου,G. Papasliotis,Γραμματική,Grammar,"8ον, σελ. 186",10,γρ.,"ἐν Βιέννῃ, αωξβ΄"
1895,IMG_1312.jpeg,"ΕΛΛΗΝΙΚΑ ΣΧΟΛΕΙΑ, ΠΑΡΘΕΝΑΓΩΓΕΙΑ ΚΑΙ ΓΥΜΝΑΣΙΑ","Hellenic Schools, Girls' High Schools and Gymnasiums",,Ἀ. Ἀ. Σακελλαρίου,A. A. Sakellariou,Γραμματικὴ μετ' ἐπιτόμου συντακτικοῦ,Grammar with Concise Syntax,"8ον, σελ. 210",8,γρ.,
1895,IMG_1312.jpeg,"ΕΛΛΗΝΙΚΑ ΣΧΟΛΕΙΑ, ΠΑΡΘΕΝΑΓΩΓΕΙΑ ΚΑΙ ΓΥΜΝΑΣΙΑ","Hellenic Schools, Girls' High Schools and Gymnasiums",,Δ. Χριστοδούλου,D. Christodoulou,Γραμματικὴ μεγάλη,Great Grammar,"8ον, σελ. 270",7,γρ.,
1895,IMG_1312.jpeg,"ΕΛΛΗΝΙΚΑ ΣΧΟΛΕΙΑ, ΠΑΡΘΕΝΑΓΩΓΕΙΑ ΚΑΙ ΓΥΜΝΑΣΙΑ","Hellenic Schools, Girls' High Schools and Gymnasiums",,"Β. Κοππίου, ὑπὸ Ἐμμ. Γαλάνη","V. Koppios, by Emm. Galanis",Γραμματολογία ἑλληνικὴ,Greek Literature,"8ον, σελ. 255",18,γρ.,
1895,IMG_1312.jpeg,"ΕΛΛΗΝΙΚΑ ΣΧΟΛΕΙΑ, ΠΑΡΘΕΝΑΓΩΓΕΙΑ ΚΑΙ ΓΥΜΝΑΣΙΑ","Hellenic Schools, Girls' High Schools and Gymnasiums",,Σ. Κ. Σακελλαροπούλου,S. K. Sakellaropoulos,Γραμματολογία ἑλληνική,Greek Literature,"8ον, σελ. 252",18,γρ.,
1895,IMG_1312.jpeg,"ΕΛΛΗΝΙΚΑ ΣΧΟΛΕΙΑ, ΠΑΡΘΕΝΑΓΩΓΕΙΑ ΚΑΙ ΓΥΜΝΑΣΙΑ","Hellenic Schools, Girls' High Schools and Gymnasiums",,Β. Γ. Βυθούλκα,V. G. Vythoulkas,Γραμματολογία ἑλληνικῆς Ἱστορίας,Literature of Greek History,"8ον, σελ. 289",15,γρ.,
1895,IMG_1312.jpeg,"ΕΛΛΗΝΙΚΑ ΣΧΟΛΕΙΑ, ΠΑΡΘΕΝΑΓΩΓΕΙΑ ΚΑΙ ΓΥΜΝΑΣΙΑ","Hellenic Schools, Girls' High Schools and Gymnasiums",,Βλ. Γ. Σκορδέλη,Vl. G. Skordelis,Γραπταὶ Ἀσκήσεις πρὸς πρακτικὴν ἐφαρμογὴν τῆς Γραμματικῆς καὶ τοῦ Συντακτικοῦ,Written Exercises for Practical Application of Grammar and Syntax,σελ. 63,4,γρ.,
1895,IMG_1312.jpeg,"ΕΛΛΗΝΙΚΑ ΣΧΟΛΕΙΑ, ΠΑΡΘΕΝΑΓΩΓΕΙΑ ΚΑΙ ΓΥΜΝΑΣΙΑ","Hellenic Schools, Girls' High Schools and Gymnasiums",,Ἀ. Κωνσταντινίδου,A. Konstantinidou,Γυμνάσματα ὀρθογραφικά,Orthographic Exercises,σ. 96,3,γρ.,
1895,IMG_1312.jpeg,"ΕΛΛΗΝΙΚΑ ΣΧΟΛΕΙΑ, ΠΑΡΘΕΝΑΓΩΓΕΙΑ ΚΑΙ ΓΥΜΝΑΣΙΑ","Hellenic Schools, Girls' High Schools and Gymnasiums",,Ν. Πύργου,N. Pyrgos,Γυμναστικὴ ἡμιοργανικὴ παιδαγωγική,Pedagogical Semi-Organic Gymnastics,"8ον, σελ. 126",6,γρ.,
1895,IMG_1312.jpeg,"ΕΛΛΗΝΙΚΑ ΣΧΟΛΕΙΑ, ΠΑΡΘΕΝΑΓΩΓΕΙΑ ΚΑΙ ΓΥΜΝΑΣΙΑ","Hellenic Schools, Girls' High Schools and Gymnasiums",,Β. Γ. Στίνη,V. G. Stinis,"Γυμναστικὴ Οἰκιακὴ δι' ὑγιεῖς καὶ ἀσθενεῖς, μετὰ πολλῶν εἰκόνων","Home Gymnastics for Healthy and Sick People, with many illustrations","μέγα 8ον, σελ. 117",20,γρ.,πανόδετος
1895,IMG_1312.jpeg,"ΕΛΛΗΝΙΚΑ ΣΧΟΛΕΙΑ, ΠΑΡΘΕΝΑΓΩΓΕΙΑ ΚΑΙ ΓΥΜΝΑΣΙΑ","Hellenic Schools, Girls' High Schools and Gymnasiums",,Ἀ. Ἰωαννίδου,A. Ioannidou,Γυμναστικῆς ὀργανικῆς Ἐγχειρίδιον,Manual of Organic Gymnastics,φυλλάδια τρία,5,γρ.,ἕκαστον γρ. 5
1895,IMG_1312.jpeg,"ΕΛΛΗΝΙΚΑ ΣΧΟΛΕΙΑ, ΠΑΡΘΕΝΑΓΩΓΕΙΑ ΚΑΙ ΓΥΜΝΑΣΙΑ","Hellenic Schools, Girls' High Schools and Gymnasiums",,Β. Δ. Καλλίφρονος,V. D. Kallifronas,Ἐγκυκλίων ἑλληνικῶν μαθημάτων Σειρά,Series of Encyclical Greek Lessons,5 τόμοι,5,γρ.,"Τόμος Α΄, γρ. 5. Β΄, γρ. 6. Γ΄, γρ. 7. Δ΄, γρ. 5. Ε΄, γρ. 6."
1895,IMG_1312.jpeg,"ΕΛΛΗΝΙΚΑ ΣΧΟΛΕΙΑ, ΠΑΡΘΕΝΑΓΩΓΕΙΑ ΚΑΙ ΓΥΜΝΑΣΙΑ","Hellenic Schools, Girls' High Schools and Gymnasiums",,Σ. Κομμητα,S. Kommitas,"Ἐγκυκλοπαιδεία, εἰς τόμους δέκα","Encyclopedia, in ten volumes",σελ. Ϛ΄-3515,120,γρόσια,
1895,IMG_1312.jpeg,"ΕΛΛΗΝΙΚΑ ΣΧΟΛΕΙΑ, ΠΑΡΘΕΝΑΓΩΓΕΙΑ ΚΑΙ ΓΥΜΝΑΣΙΑ","Hellenic Schools, Girls' High Schools and Gymnasiums",,Κ. Σ. Παρίτση,K. S. Paritsis,Εἰσαγωγὴ εἰς τὴν ἁγίαν Γραφήν,Introduction to the Holy Bible,σ. 120,5,γρ.,
1895,IMG_1312.jpeg,"ΕΛΛΗΝΙΚΑ ΣΧΟΛΕΙΑ, ΠΑΡΘΕΝΑΓΩΓΕΙΑ ΚΑΙ ΓΥΜΝΑΣΙΑ","Hellenic Schools, Girls' High Schools and Gymnasiums",,"Καλλινίκου Δελικάνη, ἀρχιμανδρίτου","Kallinikos Delikanis, Archimandrite",Ἑρμηνεία περικοπῶν τοῦ Εὐαγγελίου,Interpretation of Gospel Pericopes,σελ. 256,7,γρ.,παρ. 20
1895,IMG_1312.jpeg,"ΕΛΛΗΝΙΚΑ ΣΧΟΛΕΙΑ, ΠΑΡΘΕΝΑΓΩΓΕΙΑ ΚΑΙ ΓΥΜΝΑΣΙΑ","Hellenic Schools, Girls' High Schools and Gymnasiums",,Γ. Δέρβου,G. Dervos,Ἑρμηνεία τῶν Εὐαγγελίων,Interpretation of the Gospels,"8ον, σ. ιϚ΄-152",6,γρ.,
1895,IMG_1312.jpeg,"ΕΛΛΗΝΙΚΑ ΣΧΟΛΕΙΑ, ΠΑΡΘΕΝΑΓΩΓΕΙΑ ΚΑΙ ΓΥΜΝΑΣΙΑ","Hellenic Schools, Girls' High Schools and Gymnasiums",,Ἰγν. Μοσχάκη,Ign. Moschakis,Ἑρμηνεία περικοπῶν τοῦ Εὐαγγελίου,Interpretation of Gospel Pericopes,σελ. β΄-300,15,γρ.,
1895,IMG_1312.jpeg,"ΕΛΛΗΝΙΚΑ ΣΧΟΛΕΙΑ, ΠΑΡΘΕΝΑΓΩΓΕΙΑ ΚΑΙ ΓΥΜΝΑΣΙΑ","Hellenic Schools, Girls' High Schools and Gymnasiums",,Δ. Ἡ. Κυριακοπούλου,D. I. Kyriakopoulos,Ζωολογία,Zoology,σελ. 200,10,γρ.,
1895,IMG_1312.jpeg,"ΕΛΛΗΝΙΚΑ ΣΧΟΛΕΙΑ, ΠΑΡΘΕΝΑΓΩΓΕΙΑ ΚΑΙ ΓΥΜΝΑΣΙΑ","Hellenic Schools, Girls' High Schools and Gymnasiums",,Γ. Λαμπίση,G. Lampisis,"Ζωολογία, μετὰ 100 εὐρωπαϊκῶν εἰκόνων","Zoology, with 100 European illustrations","8ον, σελ. 286",6,γρ.,"Προκειμένου περὶ τῆς Βοτανικῆς τοῦ Γ. Δ. Λαμπίση, εἴπομεν ἐν γένει περὶ τοῦ συγγραφέως τινά..."
1895,IMG_1313.jpeg,"ΕΛΛΗΝΙΚΑ ΣΧΟΛΕΙΑ, ΠΑΡΘΕΝΑΓΩΓΕΙΑ ΚΑΙ ΓΥΜΝΑΣΙΑ","Hellenic Schools, Girls' High Schools and Gymnasiums",,Α. Νοννόττης,A. Nonnottis,"Ζωολογία, μεθ' 155 χαλκογραφιῶν","Zoology, with 155 engravings",σ. 300,20,γρ.,
1895,IMG_1313.jpeg,"ΕΛΛΗΝΙΚΑ ΣΧΟΛΕΙΑ, ΠΑΡΘΕΝΑΓΩΓΕΙΑ ΚΑΙ ΓΥΜΝΑΣΙΑ","Hellenic Schools, Girls' High Schools and Gymnasiums",,Π. Ψάρας,P. Psaras,Ζωολογία,Zoology,"8ον, σελ. 376, πανδόδετος",27,γρ.,
1895,IMG_1313.jpeg,"ΕΛΛΗΝΙΚΑ ΣΧΟΛΕΙΑ, ΠΑΡΘΕΝΑΓΩΓΕΙΑ ΚΑΙ ΓΥΜΝΑΣΙΑ","Hellenic Schools, Girls' High Schools and Gymnasiums",,Μ. Ῥάλλης,M. Rallis,Ζωολογία,Zoology,σελ. Ϛ΄-224 / σ. 352,8 / 15,γρ.,
1895,IMG_1313.jpeg,"ΕΛΛΗΝΙΚΑ ΣΧΟΛΕΙΑ, ΠΑΡΘΕΝΑΓΩΓΕΙΑ ΚΑΙ ΓΥΜΝΑΣΙΑ","Hellenic Schools, Girls' High Schools and Gymnasiums",,Κ. Παπαδούκας,K. Papadoukas,Ἠθική,Ethics,"8ον, σελ. 73",5,γρ.,Line strikethrough printed in original text
1895,IMG_1313.jpeg,"ΕΛΛΗΝΙΚΑ ΣΧΟΛΕΙΑ, ΠΑΡΘΕΝΑΓΩΓΕΙΑ ΚΑΙ ΓΥΜΝΑΣΙΑ","Hellenic Schools, Girls' High Schools and Gymnasiums",,Μ. Ἀποστολίδης,M. Apostolidis,Ἠθικὴ χριστιανική,Christian Ethics,"8ον, σελ. 336",10,γρ.,
1895,IMG_1313.jpeg,"ΕΛΛΗΝΙΚΑ ΣΧΟΛΕΙΑ, ΠΑΡΘΕΝΑΓΩΓΕΙΑ ΚΑΙ ΓΥΜΝΑΣΙΑ","Hellenic Schools, Girls' High Schools and Gymnasiums",,Ἀ. Δ. Κυριακός,A. D. Kyriakos,Ἠθικὴ χριστιανική,Christian Ethics,σελ. 126,5,γρ.,
1895,IMG_1313.jpeg,"ΕΛΛΗΝΙΚΑ ΣΧΟΛΕΙΑ, ΠΑΡΘΕΝΑΓΩΓΕΙΑ ΚΑΙ ΓΥΜΝΑΣΙΑ","Hellenic Schools, Girls' High Schools and Gymnasiums",,Κ. Π. Κασιμάτης,K. P. Kasimatis,Θεματογραφία,Topic Writing Exercises,"8ον, σελ. 60",5,γρ.,
1895,IMG_1313.jpeg,"ΕΛΛΗΝΙΚΑ ΣΧΟΛΕΙΑ, ΠΑΡΘΕΝΑΓΩΓΕΙΑ ΚΑΙ ΓΥΜΝΑΣΙΑ","Hellenic Schools, Girls' High Schools and Gymnasiums",,Ι. Βησματζίδης,I. Vismatzidis,"Ἱστορία Ἀρχαία τῶν Ἀνατολικῶν Ἐθνῶν, πρὸς χρῆσιν τῶν Γυμνασίων, ἐκδ. β΄","Ancient History of the Eastern Nations, for the use of Gymnasiums, 2nd ed.","εἰς μικρὸν 8ον, σ. δ΄-160",6,γρ.,Includes introductory/review text
1895,IMG_1313.jpeg,"ΕΛΛΗΝΙΚΑ ΣΧΟΛΕΙΑ, ΠΑΡΘΕΝΑΓΩΓΕΙΑ ΚΑΙ ΓΥΜΝΑΣΙΑ","Hellenic Schools, Girls' High Schools and Gymnasiums",,Κ. Ζαχαριάδης,K. Zachariadis,Ἱστορία Ἀρχαία τῶν Ἀνατολικῶν Ἐθνῶν,Ancient History of the Eastern Nations,σελ. 139,4.30,γρ. παρ.,
1895,IMG_1313.jpeg,"ΕΛΛΗΝΙΚΑ ΣΧΟΛΕΙΑ, ΠΑΡΘΕΝΑΓΩΓΕΙΑ ΚΑΙ ΓΥΜΝΑΣΙΑ","Hellenic Schools, Girls' High Schools and Gymnasiums",,Γ. Κούζος,G. Kouzos,"Ἱστορία τῶν Ἀνατολικῶν Ἐθνῶν Στοιχειώδης, μετὰ εἰκόνων, πρὸς χρῆσιν τῶν Ἑλληνικῶν Σχολείων καὶ Παρθεναγωγείων, ἔκδοσις γ΄ τοῦ 1894","Elementary History of the Eastern Nations, with illustrations, for the use of Hellenic Schools and Girls' High Schools, 3rd ed. 1894",σελ. 94,3,γρ.,Includes detailed review description
1895,IMG_1313.jpeg,"ΕΛΛΗΝΙΚΑ ΣΧΟΛΕΙΑ, ΠΑΡΘΕΝΑΓΩΓΕΙΑ ΚΑΙ ΓΥΜΝΑΣΙΑ","Hellenic Schools, Girls' High Schools and Gymnasiums",,Λαμὲ Φλερύ (μετάφρ. Ε. Ἀ. Σίμος),Lamé Fleury (trans. E. A. Simos),Ἱστορία ἀρχαία,Ancient History,"8ον, σ. 297",10,γρ.,
1895,IMG_1313.jpeg,"ΕΛΛΗΝΙΚΑ ΣΧΟΛΕΙΑ, ΠΑΡΘΕΝΑΓΩΓΕΙΑ ΚΑΙ ΓΥΜΝΑΣΙΑ","Hellenic Schools, Girls' High Schools and Gymnasiums",,Κ. Ζαχαριάδης,K. Zachariadis,Ἱστορία Βυζαντινή,Byzantine History,,5.20,γρ. παρ.,
1895,IMG_1313.jpeg,"ΕΛΛΗΝΙΚΑ ΣΧΟΛΕΙΑ, ΠΑΡΘΕΝΑΓΩΓΕΙΑ ΚΑΙ ΓΥΜΝΑΣΙΑ","Hellenic Schools, Girls' High Schools and Gymnasiums",,Πίτσιος (ἐπιμ. Γ. Ἀ. Βακαλόπουλος),Pitsios (ed. G. A. Vakalopoulos),"Ἱστορία γενική (Τεύχη Β΄, Γ΄, Δ΄)","General History (Issues B, C, D)","Τεῦχος Β΄: σελ. 176, Τεῦχος Γ΄: σελ. 212, Τεῦχος Δ΄: σελ. 208",5,γρ.,Price is 5 γρ. per issue
1895,IMG_1313.jpeg,"ΕΛΛΗΝΙΚΑ ΣΧΟΛΕΙΑ, ΠΑΡΘΕΝΑΓΩΓΕΙΑ ΚΑΙ ΓΥΜΝΑΣΙΑ","Hellenic Schools, Girls' High Schools and Gymnasiums",,Καμμέρερος (μετάφρ. Γ. Γεννάδιος),Kammerer (trans. G. Gennadios),Ἱστορία γενική,General History,"8ον, σ. 168",8,γρ.,
1895,IMG_1313.jpeg,"ΕΛΛΗΝΙΚΑ ΣΧΟΛΕΙΑ, ΠΑΡΘΕΝΑΓΩΓΕΙΑ ΚΑΙ ΓΥΜΝΑΣΙΑ","Hellenic Schools, Girls' High Schools and Gymnasiums",,Σ. Τσιβανόπουλος,S. Tsivanopoulos,"Ἱστορία γενική, μέχρι τοῦ Μεγάλου Ἀλεξάνδρου","General History, up to Alexander the Great","8ον, σελ. 299",10,γρ.,
1895,IMG_1313.jpeg,"ΕΛΛΗΝΙΚΑ ΣΧΟΛΕΙΑ, ΠΑΡΘΕΝΑΓΩΓΕΙΑ ΚΑΙ ΓΥΜΝΑΣΙΑ","Hellenic Schools, Girls' High Schools and Gymnasiums",,Φ. Βαφείδης,F. Vafeidis,Ἱστορία Ἐκκλησιαστική,Ecclesiastical History,"8ον, σ. ιϚ΄-286",10,γρ.,
1895,IMG_1313.jpeg,"ΕΛΛΗΝΙΚΑ ΣΧΟΛΕΙΑ, ΠΑΡΘΕΝΑΓΩΓΕΙΑ ΚΑΙ ΓΥΜΝΑΣΙΑ","Hellenic Schools, Girls' High Schools and Gymnasiums",,Κ. Σ. Παρίτσης,K. S. Paritsis,"Ἱστορία Ἐκκλησιαστική (βιογραφική), ἀπὸ τῶν Ἀποστολικῶν Πατέρων","Ecclesiastical History (Biographical), from the Apostolic Fathers",σελ. 240,5,γρ.,Includes descriptive text note
1895,IMG_1313.jpeg,"ΕΛΛΗΝΙΚΑ ΣΧΟΛΕΙΑ, ΠΑΡΘΕΝΑΓΩΓΕΙΑ ΚΑΙ ΓΥΜΝΑΣΙΑ","Hellenic Schools, Girls' High Schools and Gymnasiums",,Χρ. Γ. Πανταζίδης,Chr. G. Pantazidis,Ἱστορία Ἐκκλησιαστικὴ Στοιχειώδης,Elementary Ecclesiastical History,σελ. Ϛ΄-152,5,γρ.,Includes extensive descriptive text review
1895,IMG_1313.jpeg,"ΕΛΛΗΝΙΚΑ ΣΧΟΛΕΙΑ, ΠΑΡΘΕΝΑΓΩΓΕΙΑ ΚΑΙ ΓΥΜΝΑΣΙΑ","Hellenic Schools, Girls' High Schools and Gymnasiums",,Θ. Β. Βενιζέλος,Th. V. Venizelos,"Ἱστορία ἑλληνική, Τόμος Α΄: Ἀρχαία Ἱστορία τῆς Ἑλλάδος","Greek History, Volume A: Ancient History of Greece","8ον, σελ. 314",15,γρ.,
1895,IMG_1313.jpeg,"ΕΛΛΗΝΙΚΑ ΣΧΟΛΕΙΑ, ΠΑΡΘΕΝΑΓΩΓΕΙΑ ΚΑΙ ΓΥΜΝΑΣΙΑ","Hellenic Schools, Girls' High Schools and Gymnasiums",,Κ. Ζαχαριάδης,K. Zachariadis,Ἱστορία ἑλληνικὴ βιογραφικῶς,Greek History Biographically,"Τεῦχος Α΄: σελ. 67, Τεῦχος Β΄: σελ. 79, Τεῦχος Γ΄: σελ. 127",2 - 3.20,γρ. / γρ. παρ.,"Issue A: 2 γρ., Issue B: 2 γρ. 20 παρ., Issue C: 3 γρ. 20 παρ."
1895,IMG_1314.jpeg,"ΕΛΛΗΝΙΚΑ ΣΧΟΛΕΙΑ, ΠΑΡΘΕΝΑΓΩΓΕΙΑ ΚΑΙ ΓΥΜΝΑΣΙΑ","Hellenic Schools, Girls' High Schools and Gymnasiums",,Δ. Ἡ. Κυριακόπουλος,D. I. Kyriakopoulos,Ἱστορία ἑλληνική,Greek History,"8ον, σ. 232",12,γρ.,
1895,IMG_1314.jpeg,"ΕΛΛΗΝΙΚΑ ΣΧΟΛΕΙΑ, ΠΑΡΘΕΝΑΓΩΓΕΙΑ ΚΑΙ ΓΥΜΝΑΣΙΑ","Hellenic Schools, Girls' High Schools and Gymnasiums",,Π. Παπαρρούσης,P. Paparrousis,"Ἱστορία ἑλληνική, Τεῦχος Γ'","Greek History, Issue C",σελ. δ'-254,6,γρ.,
1895,IMG_1314.jpeg,"ΕΛΛΗΝΙΚΑ ΣΧΟΛΕΙΑ, ΠΑΡΘΕΝΑΓΩΓΕΙΑ ΚΑΙ ΓΥΜΝΑΣΙΑ","Hellenic Schools, Girls' High Schools and Gymnasiums",,Ἐπ. Φραγκίστας,Ep. Fragkistas,"Ἱστορία ἑλληνική, Τόμος Α'","Greek History, Volume A","8ον, σελ. η'-236",6,γρ.,
1895,IMG_1314.jpeg,"ΕΛΛΗΝΙΚΑ ΣΧΟΛΕΙΑ, ΠΑΡΘΕΝΑΓΩΓΕΙΑ ΚΑΙ ΓΥΜΝΑΣΙΑ","Hellenic Schools, Girls' High Schools and Gymnasiums",,Δ. Ν. Βερναρδάκης,D. N. Vernardakis,Ἱστορία ἱερὰ μεγάλη,Great Sacred History,"8ον, σ. 232",4,γρ.,
1895,IMG_1314.jpeg,"ΕΛΛΗΝΙΚΑ ΣΧΟΛΕΙΑ, ΠΑΡΘΕΝΑΓΩΓΕΙΑ ΚΑΙ ΓΥΜΝΑΣΙΑ","Hellenic Schools, Girls' High Schools and Gymnasiums",,Ε. Κ. Κοφινιώτης,E. K. Kofiniotis,Ἱστορία ἱερά (Μέρος Α' - Μέρος Β'),Sacred History (Part A - Part B),"Μέρος Α', σελ. 132 — Μέρος Β', σελ. 144",5 / 5,γρ.,
1895,IMG_1314.jpeg,"ΕΛΛΗΝΙΚΑ ΣΧΟΛΕΙΑ, ΠΑΡΘΕΝΑΓΩΓΕΙΑ ΚΑΙ ΓΥΜΝΑΣΙΑ","Hellenic Schools, Girls' High Schools and Gymnasiums",,Ἰ. Ἐ. Μεσολωρᾶς,I. E. Mesoloras,Ἱστορία ἱερά (Α' - B'),Sacred History (A - B),"Α', σελ. 95 — B', σελ. 112","5,20 / 6","γρ., παρ.",
1895,IMG_1314.jpeg,"ΕΛΛΗΝΙΚΑ ΣΧΟΛΕΙΑ, ΠΑΡΘΕΝΑΓΩΓΕΙΑ ΚΑΙ ΓΥΜΝΑΣΙΑ","Hellenic Schools, Girls' High Schools and Gymnasiums",,Ἰ. Μοσχάκης,I. Moschakis,Ἱστορία ἱερά (Α' - Β'),Sacred History (A - B),"Α', σ. 96 — Β', σ. 104",2 / 2,γρ.,
1895,IMG_1314.jpeg,"ΕΛΛΗΝΙΚΑ ΣΧΟΛΕΙΑ, ΠΑΡΘΕΝΑΓΩΓΕΙΑ ΚΑΙ ΓΥΜΝΑΣΙΑ","Hellenic Schools, Girls' High Schools and Gymnasiums",,Σπ. Μωραΐτης,Sp. Moraitis,Ἱστορία ἱερά,Sacred History,σελ. 240,3,γρ.,
1895,IMG_1314.jpeg,"ΕΛΛΗΝΙΚΑ ΣΧΟΛΕΙΑ, ΠΑΡΘΕΝΑΓΩΓΕΙΑ ΚΑΙ ΓΥΜΝΑΣΙΑ","Hellenic Schools, Girls' High Schools and Gymnasiums",,Γ. Καστέλλιος,G. Kastellios,Ἱστορία ὀθωμανική,Ottoman History,σελ. 122,5,γρ.,Crossed out in original text.
1895,IMG_1314.jpeg,"ΕΛΛΗΝΙΚΑ ΣΧΟΛΕΙΑ, ΠΑΡΘΕΝΑΓΩΓΕΙΑ ΚΑΙ ΓΥΜΝΑΣΙΑ","Hellenic Schools, Girls' High Schools and Gymnasiums",,Ἰ. Μηλιόπουλος,I. Miliopoulos,Ἱστορία ὀθωμανική,Ottoman History,σελ. 202,5,γρ.,Crossed out in original text.
1895,IMG_1314.jpeg,"ΕΛΛΗΝΙΚΑ ΣΧΟΛΕΙΑ, ΠΑΡΘΕΝΑΓΩΓΕΙΑ ΚΑΙ ΓΥΜΝΑΣΙΑ","Hellenic Schools, Girls' High Schools and Gymnasiums",,Δ. Ἀναστασιάδης,D. Anastasiadis,Ἱστορία ῥωμαϊκή,Roman History,"8ον, σελ. 35",25,γρ.,
1895,IMG_1314.jpeg,"ΕΛΛΗΝΙΚΑ ΣΧΟΛΕΙΑ, ΠΑΡΘΕΝΑΓΩΓΕΙΑ ΚΑΙ ΓΥΜΝΑΣΙΑ","Hellenic Schools, Girls' High Schools and Gymnasiums",,Θ. Β. Βενιζέλος,Th. V. Venizelos,Ἱστορία ῥωμαϊκή,Roman History,"8ον, σελ. δ'-112",8,γρ.,
1895,IMG_1314.jpeg,"ΕΛΛΗΝΙΚΑ ΣΧΟΛΕΙΑ, ΠΑΡΘΕΝΑΓΩΓΕΙΑ ΚΑΙ ΓΥΜΝΑΣΙΑ","Hellenic Schools, Girls' High Schools and Gymnasiums",,Κ. Ζ. Χαριάδης,K. Z. Chariadis,Ἱστορία ῥωμαϊκή,Roman History,σ. θ'-186,"6,20","γρ., παρ.",
1895,IMG_1314.jpeg,"ΕΛΛΗΝΙΚΑ ΣΧΟΛΕΙΑ, ΠΑΡΘΕΝΑΓΩΓΕΙΑ ΚΑΙ ΓΥΜΝΑΣΙΑ","Hellenic Schools, Girls' High Schools and Gymnasiums",,Κ. Ζαχαριάδης,K. Zachariadis,Ἱστορίας ῥωμαϊκῆς Ἐγχειρίδιον,Handbook of Roman History,σελ. 134,"4,30","γρ., παρ.",
1895,IMG_1314.jpeg,"ΕΛΛΗΝΙΚΑ ΣΧΟΛΕΙΑ, ΠΑΡΘΕΝΑΓΩΓΕΙΑ ΚΑΙ ΓΥΜΝΑΣΙΑ","Hellenic Schools, Girls' High Schools and Gymnasiums",,Γ. Κούζος,G. Kouzos,Ἱστορία ῥωμαϊκή,Roman History,σελ. 156,6,γρ.,
1895,IMG_1314.jpeg,"ΕΛΛΗΝΙΚΑ ΣΧΟΛΕΙΑ, ΠΑΡΘΕΝΑΓΩΓΕΙΑ ΚΑΙ ΓΥΜΝΑΣΙΑ","Hellenic Schools, Girls' High Schools and Gymnasiums",,Ἀβραὰμ Γ. Βαπορίδης,Avraam G. Vaporidis,"Ἱστορία βιογραφικὴ τῶν Σουλτάνων, μετὰ 31 προσωπογραφιῶν (Τεῦχος Α' - Τεῦχος Β')","Biographical History of the Sultans, with 31 portraits (Issue A - Issue B)","Τεῦχος Α', έκδ. γ', σελ. 191 — Τεῦχος Β', σελ. 240","7,20 / 7,20","γρ., παρ.",
1895,IMG_1314.jpeg,"ΕΛΛΗΝΙΚΑ ΣΧΟΛΕΙΑ, ΠΑΡΘΕΝΑΓΩΓΕΙΑ ΚΑΙ ΓΥΜΝΑΣΙΑ","Hellenic Schools, Girls' High Schools and Gymnasiums",,Ανώνυμος,Anonymous,Καινῆς Διαθήκης ἅπαντα,New Testament Complete Works,,5,γρ.,
1895,IMG_1314.jpeg,"ΕΛΛΗΝΙΚΑ ΣΧΟΛΕΙΑ, ΠΑΡΘΕΝΑΓΩΓΕΙΑ ΚΑΙ ΓΥΜΝΑΣΙΑ","Hellenic Schools, Girls' High Schools and Gymnasiums",,Δ. Σ. Ζαλοῦχος,D. S. Zalouchos,Καλολογία,Rhetoric / Fine Speaking,"8ον, σελ. 360",18,γρ.,
1895,IMG_1314.jpeg,"ΕΛΛΗΝΙΚΑ ΣΧΟΛΕΙΑ, ΠΑΡΘΕΝΑΓΩΓΕΙΑ ΚΑΙ ΓΥΜΝΑΣΙΑ","Hellenic Schools, Girls' High Schools and Gymnasiums",,Π. Κοεμτζόπουλος,P. Koemtzopoulos,Καταστιχογράφος,Bookkeeper / Bookkeeping,"8ον, σ. 177",10,γρ.,
1895,IMG_1314.jpeg,"ΕΛΛΗΝΙΚΑ ΣΧΟΛΕΙΑ, ΠΑΡΘΕΝΑΓΩΓΕΙΑ ΚΑΙ ΓΥΜΝΑΣΙΑ","Hellenic Schools, Girls' High Schools and Gymnasiums",,Κ. Βαφείδης (μητροπολίτης Νικοπόλεως),K. Vafeidis (Metropolitan of Nikopolis),Κατήχησις ὀρθόδοξος χριστιανικὴ στοιχειώδης (μεσαία),"Orthodox Christian Catechism, Elementary (Intermediate)",σ. 85,"2,20","γρ., παρ.",Marked with pointing hand symbol.
1895,IMG_1314.jpeg,"ΕΛΛΗΝΙΚΑ ΣΧΟΛΕΙΑ, ΠΑΡΘΕΝΑΓΩΓΕΙΑ ΚΑΙ ΓΥΜΝΑΣΙΑ","Hellenic Schools, Girls' High Schools and Gymnasiums",,Κ. Βαφείδης (μητροπολίτης Νικοπόλεως),K. Vafeidis (Metropolitan of Nikopolis),Κατήχησις ὀρθόδοξος χριστιανική (μεγάλη),Orthodox Christian Catechism (Advanced / Great),σελ. 126,4,γρ.,Marked with pointing hand symbol. Includes an extensive recommendation note spanning across pages 30 and 31.
1895,IMG_1314.jpeg,"ΕΛΛΗΝΙΚΑ ΣΧΟΛΕΙΑ, ΠΑΡΘΕΝΑΓΩΓΕΙΑ ΚΑΙ ΓΥΜΝΑΣΙΑ","Hellenic Schools, Girls' High Schools and Gymnasiums",,Β. Δ. Καλλίφρων,V. D. Kallifron,Κατήχησις,Catechism,"8ον, σ. ϛ'-52",4,γρ.,
1895,IMG_1314.jpeg,"ΕΛΛΗΝΙΚΑ ΣΧΟΛΕΙΑ, ΠΑΡΘΕΝΑΓΩΓΕΙΑ ΚΑΙ ΓΥΜΝΑΣΙΑ","Hellenic Schools, Girls' High Schools and Gymnasiums",,Ἀ. Δ. Κυριακός,A. D. Kyriakos,Κατήχησις,Catechism,"8ον, σελ. δ'-72","2,20","γρ., παρ.",
1895,IMG_1314.jpeg,"ΕΛΛΗΝΙΚΑ ΣΧΟΛΕΙΑ, ΠΑΡΘΕΝΑΓΩΓΕΙΑ ΚΑΙ ΓΥΜΝΑΣΙΑ","Hellenic Schools, Girls' High Schools and Gymnasiums",,Ἀ. Δ. Κυριακός,A. D. Kyriakos,Κατήχησις,Catechism,"8ον, σελ. 83",4,γρ.,
1895,IMG_1314.jpeg,"ΕΛΛΗΝΙΚΑ ΣΧΟΛΕΙΑ, ΠΑΡΘΕΝΑΓΩΓΕΙΑ ΚΑΙ ΓΥΜΝΑΣΙΑ","Hellenic Schools, Girls' High Schools and Gymnasiums",,Κ. Νεστορίδης,K. Nestoridis,Κατήχησις,Catechism,"8ον, σελ. 98",5,γρ.,
1895,IMG_1314.jpeg,"ΕΛΛΗΝΙΚΑ ΣΧΟΛΕΙΑ, ΠΑΡΘΕΝΑΓΩΓΕΙΑ ΚΑΙ ΓΥΜΝΑΣΙΑ","Hellenic Schools, Girls' High Schools and Gymnasiums",,Ἀ. Πρωτοπαδάκης,A. Protopadakis,Κατήχησις,Catechism,σελ. ιιι,"3,20","γρ., παρ.",
1895,IMG_1314.jpeg,"ΕΛΛΗΝΙΚΑ ΣΧΟΛΕΙΑ, ΠΑΡΘΕΝΑΓΩΓΕΙΑ ΚΑΙ ΓΥΜΝΑΣΙΑ","Hellenic Schools, Girls' High Schools and Gymnasiums",,Χ. Βάφας,Ch. Vafas,Κοσμογραφία,Cosmography,"8ον, σελ. δ'-96",5,γρ.,
1895,IMG_1314.jpeg,"ΕΛΛΗΝΙΚΑ ΣΧΟΛΕΙΑ, ΠΑΡΘΕΝΑΓΩΓΕΙΑ ΚΑΙ ΓΥΜΝΑΣΙΑ","Hellenic Schools, Girls' High Schools and Gymnasiums",,Κ. Ζαχαριάδης,K. Zachariadis,"Κοσμογραφία, μετὰ παραρτήματος","Cosmography, with Appendix",σ. 171,8,γρ.,
1895,IMG_1314.jpeg,"ΕΛΛΗΝΙΚΑ ΣΧΟΛΕΙΑ, ΠΑΡΘΕΝΑΓΩΓΕΙΑ ΚΑΙ ΓΥΜΝΑΣΙΑ","Hellenic Schools, Girls' High Schools and Gymnasiums",,Δ. Κ. Κοκκίδης,D. K. Kokkidis,Κοσμογραφία,Cosmography,σελ. 124,4,γρ.,
1895,IMG_1314.jpeg,"ΕΛΛΗΝΙΚΑ ΣΧΟΛΕΙΑ, ΠΑΡΘΕΝΑΓΩΓΕΙΑ ΚΑΙ ΓΥΜΝΑΣΙΑ","Hellenic Schools, Girls' High Schools and Gymnasiums",,Β. Λάκων,V. Lakon,Κοσμογραφία,Cosmography,"8ον, σελ. 140","12,20","γρ., παρ.",
1895,IMG_1314.jpeg,"ΕΛΛΗΝΙΚΑ ΣΧΟΛΕΙΑ, ΠΑΡΘΕΝΑΓΩΓΕΙΑ ΚΑΙ ΓΥΜΝΑΣΙΑ","Hellenic Schools, Girls' High Schools and Gymnasiums",,Χ. Παπαγεωργίου,Ch. Papageorgiou,Κοσμογραφία,Cosmography,"8ον, σελ. 176",20,γρ.,
1895,IMG_1314.jpeg,"ΕΛΛΗΝΙΚΑ ΣΧΟΛΕΙΑ, ΠΑΡΘΕΝΑΓΩΓΕΙΑ ΚΑΙ ΓΥΜΝΑΣΙΑ","Hellenic Schools, Girls' High Schools and Gymnasiums",,Γρ. Παλαμᾶς,Gr. Palamas,Λειτουργικὴ ὀρθόδοξος,Orthodox Liturgics,σελ. 96,5,γρ.,Crossed out in original text.
1895,IMG_1314.jpeg,"ΕΛΛΗΝΙΚΑ ΣΧΟΛΕΙΑ, ΠΑΡΘΕΝΑΓΩΓΕΙΑ ΚΑΙ ΓΥΜΝΑΣΙΑ","Hellenic Schools, Girls' High Schools and Gymnasiums",,Π. Ῥομπότης / Ἰ. Ε. Μεσολωρᾶς,P. Rompotis / I. E. Mesoloras,Λειτουργικὴ Π. Ῥομπότου,Liturgics of P. Rompotis,"8ον, σ. 78",5,γρ.,
1895,IMG_1314.jpeg,"ΕΛΛΗΝΙΚΑ ΣΧΟΛΕΙΑ, ΠΑΡΘΕΝΑΓΩΓΕΙΑ ΚΑΙ ΓΥΜΝΑΣΙΑ","Hellenic Schools, Girls' High Schools and Gymnasiums",,Ἀ. Β. Δαμασκηνός,A. V. Damaskinos,"Δογαριθμικοὶ πίνακες Καλλέττου, ἀπὸ τοῦ 1 μέχρι τοῦ 50700","Logarithmic Tables of Callet, from 1 to 50700","8ον, σελ. 86",10,γρ.,
1895,IMG_1314.jpeg,"ΕΛΛΗΝΙΚΑ ΣΧΟΛΕΙΑ, ΠΑΡΘΕΝΑΓΩΓΕΙΑ ΚΑΙ ΓΥΜΝΑΣΙΑ","Hellenic Schools, Girls' High Schools and Gymnasiums",,Ἰ. Δ. Ἀριστοκλῆς,I. D. Aristoklis,Λογική,Logic,"8ον, σελ. 246",25,γρ.,
1895,IMG_1314.jpeg,"ΕΛΛΗΝΙΚΑ ΣΧΟΛΕΙΑ, ΠΑΡΘΕΝΑΓΩΓΕΙΑ ΚΑΙ ΓΥΜΝΑΣΙΑ","Hellenic Schools, Girls' High Schools and Gymnasiums",,Γ. Μ. Βιζυηνός,G. M. Vizyinos,Λογική,Logic,"8ον, σελ. 112",10,γρ.,
1895,IMG_1314.jpeg,"ΕΛΛΗΝΙΚΑ ΣΧΟΛΕΙΑ, ΠΑΡΘΕΝΑΓΩΓΕΙΑ ΚΑΙ ΓΥΜΝΑΣΙΑ","Hellenic Schools, Girls' High Schools and Gymnasiums",,Θ. Λιβάδας,Th. Livadas,Λογικὴ Βεκίου,Logic of Beck,"8ον, σελ. 86",5,γρ.,
1895,IMG_1314.jpeg,"ΕΛΛΗΝΙΚΑ ΣΧΟΛΕΙΑ, ΠΑΡΘΕΝΑΓΩΓΕΙΑ ΚΑΙ ΓΥΜΝΑΣΙΑ","Hellenic Schools, Girls' High Schools and Gymnasiums",,Σ. Δελέχος,S. Delechos,Λογική,Logic,"8ον, σελ. 78",12,γρ.,
1895,IMG_1314.jpeg,"ΕΛΛΗΝΙΚΑ ΣΧΟΛΕΙΑ, ΠΑΡΘΕΝΑΓΩΓΕΙΑ ΚΑΙ ΓΥΜΝΑΣΙΑ","Hellenic Schools, Girls' High Schools and Gymnasiums",,Ἀ. Κ. Σπαθάκης,A. K. Spathakis,Λογική,Logic,"8ον, σελ. 68",6,γρ.,
1895,IMG_1314.jpeg,"ΕΛΛΗΝΙΚΑ ΣΧΟΛΕΙΑ, ΠΑΡΘΕΝΑΓΩΓΕΙΑ ΚΑΙ ΓΥΜΝΑΣΙΑ","Hellenic Schools, Girls' High Schools and Gymnasiums",,Ν. Χορτάκης,N. Chortakis,Λογική,Logic,"8ον, σελ. 103",8,γρ.,
1895,IMG_1314.jpeg,"ΕΛΛΗΝΙΚΑ ΣΧΟΛΕΙΑ, ΠΑΡΘΕΝΑΓΩΓΕΙΑ ΚΑΙ ΓΥΜΝΑΣΙΑ","Hellenic Schools, Girls' High Schools and Gymnasiums",,Ν. Χαρισιάδης,N. Charisiadis,"Λογιστική (Μέρος Α' - Μέρος Β', Ἐμπορική, βιομηχανικὴ καὶ τραπεζιτικὴ διπλογραφία)","Accounting (Part A - Part B, Commercial, Industrial, and Banking Double-Entry Bookkeeping)","Μέρος Α', 8ον, σελ. 96 — Μέρος Β', σελ. 172","9,20 / 15","γρ., παρ. / γρ.",
1895,IMG_1314.jpeg,"ΕΛΛΗΝΙΚΑ ΣΧΟΛΕΙΑ, ΠΑΡΘΕΝΑΓΩΓΕΙΑ ΚΑΙ ΓΥΜΝΑΣΙΑ","Hellenic Schools, Girls' High Schools and Gymnasiums",,Α. Νοννότσης,A. Nonnotsis,Μυθολογία ἐπίτομος Γερουζέ,Epitome of Mythology by Geruze,σελ. 222,6,γρ.,Marked with pointing hand symbol.
1895,IMG_1314.jpeg,"ΕΛΛΗΝΙΚΑ ΣΧΟΛΕΙΑ, ΠΑΡΘΕΝΑΓΩΓΕΙΑ ΚΑΙ ΓΥΜΝΑΣΙΑ","Hellenic Schools, Girls' High Schools and Gymnasiums",,Κωνστ. Ζαχαριάδης,Konst. Zachariadis,Μυθολογία ἑλληνική,Greek Mythology,σ. 160,5,γρ.,Marked with pointing hand symbol. Includes introductory recommendation note.
1895,IMG_1315.jpeg,"ΕΛΛΗΝΙΚΑ ΣΧΟΛΕΙΑ, ΠΑΡΘΕΝΑΓΩΓΕΙΑ ΚΑΙ ΓΥΜΝΑΣΙΑ","Hellenic Schools, Girls' High Schools and Gymnasiums",,Κ. Κοντογόνου,K. Kontogonos,Μυθολογία ἑλληνική,Greek Mythology,"8ov, σελ. 182",6,γρ.,
1895,IMG_1315.jpeg,"ΕΛΛΗΝΙΚΑ ΣΧΟΛΕΙΑ, ΠΑΡΘΕΝΑΓΩΓΕΙΑ ΚΑΙ ΓΥΜΝΑΣΙΑ","Hellenic Schools, Girls' High Schools and Gymnasiums",,Δ. Πανταζῆ,D. Pantazis,"Μυθολογία ἑλληνική, μετὰ ῥωμαϊκῆς","Greek Mythology, with Roman Mythology",σελ. ιβ'-360,10,γρ.,
1895,IMG_1315.jpeg,"ΕΛΛΗΝΙΚΑ ΣΧΟΛΕΙΑ, ΠΑΡΘΕΝΑΓΩΓΕΙΑ ΚΑΙ ΓΥΜΝΑΣΙΑ","Hellenic Schools, Girls' High Schools and Gymnasiums",,Ε. Ζύγουρα,E. Zygouras,Οἰκονομία οἰκιακὴ ἑλληνική,Greek Domestic Economy,"8ov, σ. 192",6,γρ.,
1895,IMG_1315.jpeg,"ΕΛΛΗΝΙΚΑ ΣΧΟΛΕΙΑ, ΠΑΡΘΕΝΑΓΩΓΕΙΑ ΚΑΙ ΓΥΜΝΑΣΙΑ","Hellenic Schools, Girls' High Schools and Gymnasiums",,Σ. Θεοχάρη,S. Theocharis,Οἰκονομία οἰκιακή,Domestic Economy,"8ov, σελ. δ'-159",6,γρ.,
1895,IMG_1315.jpeg,"ΕΛΛΗΝΙΚΑ ΣΧΟΛΕΙΑ, ΠΑΡΘΕΝΑΓΩΓΕΙΑ ΚΑΙ ΓΥΜΝΑΣΙΑ","Hellenic Schools, Girls' High Schools and Gymnasiums",,Μ. Ῥάλλη,M. Rallis,Ὀρυκτολογία,Mineralogy,σελ. 72,3.30,γρ.,Original price: γρ. 3 παρ. 30
1895,IMG_1315.jpeg,"ΕΛΛΗΝΙΚΑ ΣΧΟΛΕΙΑ, ΠΑΡΘΕΝΑΓΩΓΕΙΑ ΚΑΙ ΓΥΜΝΑΣΙΑ","Hellenic Schools, Girls' High Schools and Gymnasiums",,Γ. Τζερέπη,G. Tzerepis,Ὁμηρικὴ Ἑλλάς,Homeric Greece,,4,γρ.,
1895,IMG_1315.jpeg,"ΕΛΛΗΝΙΚΑ ΣΧΟΛΕΙΑ, ΠΑΡΘΕΝΑΓΩΓΕΙΑ ΚΑΙ ΓΥΜΝΑΣΙΑ","Hellenic Schools, Girls' High Schools and Gymnasiums",,Ἀ. Νοννότη,A. Nonnotis,Ὀρυκτολογία καὶ Γεωλογία,Mineralogy and Geology,σ. 193,25,γρ.,
1895,IMG_1315.jpeg,"ΕΛΛΗΝΙΚΑ ΣΧΟΛΕΙΑ, ΠΑΡΘΕΝΑΓΩΓΕΙΑ ΚΑΙ ΓΥΜΝΑΣΙΑ","Hellenic Schools, Girls' High Schools and Gymnasiums",,Β. Δ. Καλλίφρονος,V. D. Kallifronos,Παλαιᾶς καὶ Νέας Διαθήκης βιβλία,Books of the Old and New Testament,"8ov, σελ. δ'-23",2,γρ.,
1895,IMG_1315.jpeg,"ΕΛΛΗΝΙΚΑ ΣΧΟΛΕΙΑ, ΠΑΡΘΕΝΑΓΩΓΕΙΑ ΚΑΙ ΓΥΜΝΑΣΙΑ","Hellenic Schools, Girls' High Schools and Gymnasiums",,Σ. Δεοντιάδος,S. Deontias,Παραστάσεις δραματικαί,Dramatic Representations,"8ov, σελ. 65",5,γρ.,
1895,IMG_1315.jpeg,"ΕΛΛΗΝΙΚΑ ΣΧΟΛΕΙΑ, ΠΑΡΘΕΝΑΓΩΓΕΙΑ ΚΑΙ ΓΥΜΝΑΣΙΑ","Hellenic Schools, Girls' High Schools and Gymnasiums",,,,Προπύλαια ἑλληνικῆς μυθολογίας,Propylaea of Greek Mythology,σελ. η'-120,5,γρ.,Text strikethrough in original print
1895,IMG_1315.jpeg,"ΕΛΛΗΝΙΚΑ ΣΧΟΛΕΙΑ, ΠΑΡΘΕΝΑΓΩΓΕΙΑ ΚΑΙ ΓΥΜΝΑΣΙΑ","Hellenic Schools, Girls' High Schools and Gymnasiums",,Ἐμμ. Γαλάνη,Emm. Galanis,Ῥητορική,Rhetoric,"8ov, σελ. 182",10,γρ.,
1895,IMG_1315.jpeg,"ΕΛΛΗΝΙΚΑ ΣΧΟΛΕΙΑ, ΠΑΡΘΕΝΑΓΩΓΕΙΑ ΚΑΙ ΓΥΜΝΑΣΙΑ","Hellenic Schools, Girls' High Schools and Gymnasiums",,Β. Δ. Καλλίφρονος,V. D. Kallifronos,"Συμπλήρωμα συντάξεως, Α'","Supplement on Syntax, Part A","8ov, σελ. 94",6,γρ.,
1895,IMG_1315.jpeg,"ΕΛΛΗΝΙΚΑ ΣΧΟΛΕΙΑ, ΠΑΡΘΕΝΑΓΩΓΕΙΑ ΚΑΙ ΓΥΜΝΑΣΙΑ","Hellenic Schools, Girls' High Schools and Gymnasiums",,Β. Δ. Καλλίφρονος,V. D. Kallifronos,"Συμπλήρωμα συντάξεως, Β'","Supplement on Syntax, Part B",σελ. 61,4,γρ.,
1895,IMG_1315.jpeg,"ΕΛΛΗΝΙΚΑ ΣΧΟΛΕΙΑ, ΠΑΡΘΕΝΑΓΩΓΕΙΑ ΚΑΙ ΓΥΜΝΑΣΙΑ","Hellenic Schools, Girls' High Schools and Gymnasiums",,Ἀ. Ἰ. Ἀντωνιάδου,A. I. Antoniadis,Συντακτικόν,Syntax,"8ov, σελ. 146",6,γρ.,
1895,IMG_1315.jpeg,"ΕΛΛΗΝΙΚΑ ΣΧΟΛΕΙΑ, ΠΑΡΘΕΝΑΓΩΓΕΙΑ ΚΑΙ ΓΥΜΝΑΣΙΑ","Hellenic Schools, Girls' High Schools and Gymnasiums",,Κ. Ἀσωπίου,K. Asopios,"Συντακτικόν, Περίοδος Α'","Syntax, Period A",σ. 236,2.20,γρ.,Line strikethrough in original print; price listed as γρ. 2 π. 20
1895,IMG_1315.jpeg,"ΕΛΛΗΝΙΚΑ ΣΧΟΛΕΙΑ, ΠΑΡΘΕΝΑΓΩΓΕΙΑ ΚΑΙ ΓΥΜΝΑΣΙΑ","Hellenic Schools, Girls' High Schools and Gymnasiums",,Προδρόμου Εὐτυχίδου,Prodromos Eutychidis,Συντακτικὸν τῆς Ἑλληνικῆς Γλώσσης,Syntax of the Greek Language,Δ. Φ. 8ov,5,γρ.,Includes descriptive footnote below entry
1895,IMG_1315.jpeg,"ΕΛΛΗΝΙΚΑ ΣΧΟΛΕΙΑ, ΠΑΡΘΕΝΑΓΩΓΕΙΑ ΚΑΙ ΓΥΜΝΑΣΙΑ","Hellenic Schools, Girls' High Schools and Gymnasiums",,Π. Ἰασεμίδου,P. Iasemidis,Συντακτικόν,Syntax,"8ov, σελ. 64",3,γρ.,
1895,IMG_1315.jpeg,"ΕΛΛΗΝΙΚΑ ΣΧΟΛΕΙΑ, ΠΑΡΘΕΝΑΓΩΓΕΙΑ ΚΑΙ ΓΥΜΝΑΣΙΑ","Hellenic Schools, Girls' High Schools and Gymnasiums",,Π. Ἰασεμίδου,P. Iasemidis,Συντακτικόν,Syntax,"8ov, σελ. 296",15,γρ.,
1895,IMG_1315.jpeg,"ΕΛΛΗΝΙΚΑ ΣΧΟΛΕΙΑ, ΠΑΡΘΕΝΑΓΩΓΕΙΑ ΚΑΙ ΓΥΜΝΑΣΙΑ","Hellenic Schools, Girls' High Schools and Gymnasiums",,Β. Δ. Καλλίφρονος,V. D. Kallifronos,Συντακτικόν,Syntax,"8ov, σελ. 130",4,γρ.,
1895,IMG_1315.jpeg,"ΕΛΛΗΝΙΚΑ ΣΧΟΛΕΙΑ, ΠΑΡΘΕΝΑΓΩΓΕΙΑ ΚΑΙ ΓΥΜΝΑΣΙΑ","Hellenic Schools, Girls' High Schools and Gymnasiums",,Κ. Καταιβαίνη,K. Kataivainis,Συντακτικόν,Syntax,"8ov, σελ. 72",2.20,γρ.,Price listed as γρ. 2 παρ. 20
1895,IMG_1315.jpeg,"ΕΛΛΗΝΙΚΑ ΣΧΟΛΕΙΑ, ΠΑΡΘΕΝΑΓΩΓΕΙΑ ΚΑΙ ΓΥΜΝΑΣΙΑ","Hellenic Schools, Girls' High Schools and Gymnasiums",,Κ. Καταιβαίνη,K. Kataivainis,Συντακτικόν,Syntax,"8ov, σελ. 183",6,γρ.,"Also lists 2nd Edition: σελ. ϛ'-192, γρ. 2"
1895,IMG_1315.jpeg,"ΕΛΛΗΝΙΚΑ ΣΧΟΛΕΙΑ, ΠΑΡΘΕΝΑΓΩΓΕΙΑ ΚΑΙ ΓΥΜΝΑΣΙΑ","Hellenic Schools, Girls' High Schools and Gymnasiums",,Δ. Ἡ. Κυριακοπούλου,D. I. Kyriakopoulos,Συντακτικὸν ἐπίτομον,Epitome of Syntax,"8ov, σελ. 64",3,γρ.,
1895,IMG_1315.jpeg,"ΕΛΛΗΝΙΚΑ ΣΧΟΛΕΙΑ, ΠΑΡΘΕΝΑΓΩΓΕΙΑ ΚΑΙ ΓΥΜΝΑΣΙΑ","Hellenic Schools, Girls' High Schools and Gymnasiums",,Ἀποστόλου Β. Οἰκονομίδου,Apostolos V. Oikonomidis,Συντακτικὸν Στοιχειῶδες τῆς Ἑλληνικῆς Γλώσσης,Elementary Syntax of the Greek Language,σελ. 5'-192,4,γρ.,Text continues onto page 33
1895,IMG_1315.jpeg,"ΕΛΛΗΝΙΚΑ ΣΧΟΛΕΙΑ, ΠΑΡΘΕΝΑΓΩΓΕΙΑ ΚΑΙ ΓΥΜΝΑΣΙΑ","Hellenic Schools, Girls' High Schools and Gymnasiums",,Μ. Πανταζῆ,M. Pantazis,Συντακτικόν,Syntax,"8ov, σελ. 218",10,γρ.,
1895,IMG_1315.jpeg,"ΕΛΛΗΝΙΚΑ ΣΧΟΛΕΙΑ, ΠΑΡΘΕΝΑΓΩΓΕΙΑ ΚΑΙ ΓΥΜΝΑΣΙΑ","Hellenic Schools, Girls' High Schools and Gymnasiums",,Χ. Παπανικολάου,Ch. Papanikolaou,Συντακτικόν,Syntax,"8ov, σελ. 79",1.20,γρ.,Price listed as γρ. 1 π. 20
1895,IMG_1315.jpeg,"ΕΛΛΗΝΙΚΑ ΣΧΟΛΕΙΑ, ΠΑΡΘΕΝΑΓΩΓΕΙΑ ΚΑΙ ΓΥΜΝΑΣΙΑ","Hellenic Schools, Girls' High Schools and Gymnasiums",,Χ. Πουλίου,Ch. Poulios,Συντακτικόν,Syntax,"8ov, σελ. 84",5,γρ.,
1895,IMG_1315.jpeg,"ΕΛΛΗΝΙΚΑ ΣΧΟΛΕΙΑ, ΠΑΡΘΕΝΑΓΩΓΕΙΑ ΚΑΙ ΓΥΜΝΑΣΙΑ","Hellenic Schools, Girls' High Schools and Gymnasiums",,Ἱ. Χ. Σεφεριάδου,I. Ch. Seferiadis,Συντακτικόν,Syntax,"8ov, σελ. 121",5,γρ.,
1895,IMG_1315.jpeg,"ΕΛΛΗΝΙΚΑ ΣΧΟΛΕΙΑ, ΠΑΡΘΕΝΑΓΩΓΕΙΑ ΚΑΙ ΓΥΜΝΑΣΙΑ","Hellenic Schools, Girls' High Schools and Gymnasiums",,Δούκα Χριστοδούλου,Doukas Christodoulou,Συντακτικόν,Syntax,"8ov, σελ. πο",3,γρ.,
1895,IMG_1315.jpeg,"ΕΛΛΗΝΙΚΑ ΣΧΟΛΕΙΑ, ΠΑΡΘΕΝΑΓΩΓΕΙΑ ΚΑΙ ΓΥΜΝΑΣΙΑ","Hellenic Schools, Girls' High Schools and Gymnasiums",,Δούκα Χριστοδούλου,Doukas Christodoulou,Συντακτικόν,Syntax,"8ov, σελ. 258",12,γρ.,
1895,IMG_1315.jpeg,"ΕΛΛΗΝΙΚΑ ΣΧΟΛΕΙΑ, ΠΑΡΘΕΝΑΓΩΓΕΙΑ ΚΑΙ ΓΥΜΝΑΣΙΑ","Hellenic Schools, Girls' High Schools and Gymnasiums",,Μ. Δέφνερ,M. Defner,Σχέδια πρὸς ἔκθεσιν ἰδεῶν,Outlines for Essay Writing,"8ov, σ. ι'-240",10,γρ.,
1895,IMG_1315.jpeg,"ΕΛΛΗΝΙΚΑ ΣΧΟΛΕΙΑ, ΠΑΡΘΕΝΑΓΩΓΕΙΑ ΚΑΙ ΓΥΜΝΑΣΙΑ","Hellenic Schools, Girls' High Schools and Gymnasiums",,Φ. Τέρκις,F. Terkis,Σωματολογία τοῦ ἀνθρώπου πρῶτα στοιχεῖα,First Elements of Human Somatology,"8ov, σελ. X-85",10,γρ.,Translated/Edited by Θ. Χ. Φλώρα
1895,IMG_1315.jpeg,"ΕΛΛΗΝΙΚΑ ΣΧΟΛΕΙΑ, ΠΑΡΘΕΝΑΓΩΓΕΙΑ ΚΑΙ ΓΥΜΝΑΣΙΑ","Hellenic Schools, Girls' High Schools and Gymnasiums",,Ἀνδρ. Σπαθάρη,Andr. Spatharis,Τριγωνομετρία,Trigonometry,"8ov, σελ. 76",8,γρ.,
1895,IMG_1315.jpeg,"ΕΛΛΗΝΙΚΑ ΣΧΟΛΕΙΑ, ΠΑΡΘΕΝΑΓΩΓΕΙΑ ΚΑΙ ΓΥΜΝΑΣΙΑ","Hellenic Schools, Girls' High Schools and Gymnasiums",,Ι. Ν. Χατζιδάκη,I. N. Chatzidakis,Τριγωνομετρία,Trigonometry,"8ov, σελ. 80",7,γρ.,
1895,IMG_1315.jpeg,"ΕΛΛΗΝΙΚΑ ΣΧΟΛΕΙΑ, ΠΑΡΘΕΝΑΓΩΓΕΙΑ ΚΑΙ ΓΥΜΝΑΣΙΑ","Hellenic Schools, Girls' High Schools and Gymnasiums",,Δ. Γρηγορα,D. Grigoras,Ὑγιεινή,Hygiene,"8ov, σελ. 190",10,γρ.,
1895,IMG_1315.jpeg,"ΕΛΛΗΝΙΚΑ ΣΧΟΛΕΙΑ, ΠΑΡΘΕΝΑΓΩΓΕΙΑ ΚΑΙ ΓΥΜΝΑΣΙΑ","Hellenic Schools, Girls' High Schools and Gymnasiums",,Γ. Καραπαναγιώτου,G. Karapanagiotou,Ὑγιεινή,Hygiene,"8ov, σελ. η'-80",10,γρ.,
1895,IMG_1315.jpeg,"ΕΛΛΗΝΙΚΑ ΣΧΟΛΕΙΑ, ΠΑΡΘΕΝΑΓΩΓΕΙΑ ΚΑΙ ΓΥΜΝΑΣΙΑ","Hellenic Schools, Girls' High Schools and Gymnasiums",,Ι. Δ. Ἀριστοκλέους,I. D. Aristokleous,Φιλοσοφία ἠθική,Moral Philosophy,"8ov, σ. 219",30,γρ.,
1895,IMG_1315.jpeg,"ΕΛΛΗΝΙΚΑ ΣΧΟΛΕΙΑ, ΠΑΡΘΕΝΑΓΩΓΕΙΑ ΚΑΙ ΓΥΜΝΑΣΙΑ","Hellenic Schools, Girls' High Schools and Gymnasiums",,Ι. Δ. Ἀριστοκλέους,I. D. Aristokleous,Φιλοσοφίας εἰσαγωγή,Introduction to Philosophy,"8ov, σελ. 56",7.20,γρ.,Price listed as γρ. 7 παρ. 20
1895,IMG_1315.jpeg,"ΕΛΛΗΝΙΚΑ ΣΧΟΛΕΙΑ, ΠΑΡΘΕΝΑΓΩΓΕΙΑ ΚΑΙ ΓΥΜΝΑΣΙΑ","Hellenic Schools, Girls' High Schools and Gymnasiums",,Ἐ. Γαλάνη,E. Galanis,"Φιλοσοφικὴ προπαιδεία, ἤτοι Λογικὴ καὶ Ψυχολογία","Philosophical Propaedeutics, namely Logic and Psychology","8ov, σελ. ιθ'-151",12,γρ.,
1895,IMG_1315.jpeg,"ΕΛΛΗΝΙΚΑ ΣΧΟΛΕΙΑ, ΠΑΡΘΕΝΑΓΩΓΕΙΑ ΚΑΙ ΓΥΜΝΑΣΙΑ","Hellenic Schools, Girls' High Schools and Gymnasiums",,Π. Σ. Κονδύλη,P. S. Kondylis,Φυσική,Physics,"8ov, σελ. 480",30,γρ.,
1895,IMG_1315.jpeg,"ΕΛΛΗΝΙΚΑ ΣΧΟΛΕΙΑ, ΠΑΡΘΕΝΑΓΩΓΕΙΑ ΚΑΙ ΓΥΜΝΑΣΙΑ","Hellenic Schools, Girls' High Schools and Gymnasiums",,Ἀ. Σπαθάρη,A. Spatharis,Φυσική,Physics,"8ov, σελ. 405",48,γρ.,
1895,IMG_1315.jpeg,"ΕΛΛΗΝΙΚΑ ΣΧΟΛΕΙΑ, ΠΑΡΘΕΝΑΓΩΓΕΙΑ ΚΑΙ ΓΥΜΝΑΣΙΑ","Hellenic Schools, Girls' High Schools and Gymnasiums",,Ν. Γερμανοῦ,N. Germanos,Φυσικὴ ἱστορία,Natural History,"8ov, σελ. 192",10,γρ.,
1895,IMG_1315.jpeg,"ΕΛΛΗΝΙΚΑ ΣΧΟΛΕΙΑ, ΠΑΡΘΕΝΑΓΩΓΕΙΑ ΚΑΙ ΓΥΜΝΑΣΙΑ","Hellenic Schools, Girls' High Schools and Gymnasiums",,Δ. Ἡ. Κυριακοπούλου,D. I. Kyriakopoulos,Φυσικὴ ἱστορία,Natural History,σελ. 208,8,γρ.,
1895,IMG_1315.jpeg,"ΕΛΛΗΝΙΚΑ ΣΧΟΛΕΙΑ, ΠΑΡΘΕΝΑΓΩΓΕΙΑ ΚΑΙ ΓΥΜΝΑΣΙΑ","Hellenic Schools, Girls' High Schools and Gymnasiums",,Σπ. Μηλιαράκη,Sp. Miliarakis,Φυσικὴ ἱστορία,Natural History,"8ov, σελ. 364",10,γρ.,
1895,IMG_1315.jpeg,"ΕΛΛΗΝΙΚΑ ΣΧΟΛΕΙΑ, ΠΑΡΘΕΝΑΓΩΓΕΙΑ ΚΑΙ ΓΥΜΝΑΣΙΑ","Hellenic Schools, Girls' High Schools and Gymnasiums",,Τ. Ἀργυροπούλου,T. Argyropoulos,Φυσικὴ Πειραματική,Experimental Physics,σ. 348,18,γρ.,
1895,IMG_1315.jpeg,"ΕΛΛΗΝΙΚΑ ΣΧΟΛΕΙΑ, ΠΑΡΘΕΝΑΓΩΓΕΙΑ ΚΑΙ ΓΥΜΝΑΣΙΑ","Hellenic Schools, Girls' High Schools and Gymnasiums",,Ν. Κ. Γερμανοῦ,N. K. Germanos,Φυσικὴ Πειραματική,Experimental Physics,σ. 159,27,γρ.,
1895,IMG_1315.jpeg,"ΕΛΛΗΝΙΚΑ ΣΧΟΛΕΙΑ, ΠΑΡΘΕΝΑΓΩΓΕΙΑ ΚΑΙ ΓΥΜΝΑΣΙΑ","Hellenic Schools, Girls' High Schools and Gymnasiums",,Μ. Δασκαλάκη,M. Daskalakis,Φυσικὴ Πειραματική,Experimental Physics,σελ. 248,10,γρ.,
1895,IMG_1315.jpeg,"ΕΛΛΗΝΙΚΑ ΣΧΟΛΕΙΑ, ΠΑΡΘΕΝΑΓΩΓΕΙΑ ΚΑΙ ΓΥΜΝΑΣΙΑ","Hellenic Schools, Girls' High Schools and Gymnasiums",,Ἀ. Β. Δαμασκηνοῦ,A. V. Damaskinos,Φυσικὴ Πειραματική,Experimental Physics,"8ov, σ. 166",16,γρ.,
1895,IMG_1315.jpeg,"ΕΛΛΗΝΙΚΑ ΣΧΟΛΕΙΑ, ΠΑΡΘΕΝΑΓΩΓΕΙΑ ΚΑΙ ΓΥΜΝΑΣΙΑ","Hellenic Schools, Girls' High Schools and Gymnasiums",,Ἀ. Β. Δαμασκηνοῦ,A. V. Damaskinos,Φυσικὴ Πειραματική,Experimental Physics,"8ov, σ. 462",30,γρ.,
1895,IMG_1315.jpeg,"ΕΛΛΗΝΙΚΑ ΣΧΟΛΕΙΑ, ΠΑΡΘΕΝΑΓΩΓΕΙΑ ΚΑΙ ΓΥΜΝΑΣΙΑ","Hellenic Schools, Girls' High Schools and Gymnasiums",,Ἀ. Κωνσταντινίδου,A. Konstantinidis,Φυσικὴ Πειραματική,Experimental Physics,"8ov, σ. 419",20,γρ.,
1895,IMG_1315.jpeg,"ΕΛΛΗΝΙΚΑ ΣΧΟΛΕΙΑ, ΠΑΡΘΕΝΑΓΩΓΕΙΑ ΚΑΙ ΓΥΜΝΑΣΙΑ","Hellenic Schools, Girls' High Schools and Gymnasiums",,Γ. Ἀ. Παυλίδου,G. A. Pavlidis,Φυσικὴ Πειραματικὴ καὶ Μετεωρολογία,Experimental Physics and Meteorology,σελ. 372,20,γρ.,
1895,IMG_1315.jpeg,"ΕΛΛΗΝΙΚΑ ΣΧΟΛΕΙΑ, ΠΑΡΘΕΝΑΓΩΓΕΙΑ ΚΑΙ ΓΥΜΝΑΣΙΑ","Hellenic Schools, Girls' High Schools and Gymnasiums",,Ἐμμ. Γιαννοπούλου,Emm. Giannopoulos,"Φυσιογνωσία. Τόμος Α' (Ζωολογία, Φυτολογία, Ὀρυκτολογία μετὰ Γεωλογίας)","Natural Science. Volume A (Zoology, Botany, Mineralogy with Geology)",σ. η'-304,12,γρ.,
1895,IMG_1315.jpeg,"ΕΛΛΗΝΙΚΑ ΣΧΟΛΕΙΑ, ΠΑΡΘΕΝΑΓΩΓΕΙΑ ΚΑΙ ΓΥΜΝΑΣΙΑ","Hellenic Schools, Girls' High Schools and Gymnasiums",,Ἐμμ. Γιαννοπούλου,Emm. Giannopoulos,"Φυσιογνωσία. Τόμος Β' (Στοιχεῖα Πειραματικῆς Φυσικῆς, Χημείας καὶ Κοσμογραφίας)","Natural Science. Volume B (Elements of Experimental Physics, Chemistry and Cosmography)",σελ. ϛ'-319,12,γρ.,
1895,IMG_1316.jpeg,"ΕΛΛΗΝΙΚΑ ΣΧΟΛΕΙΑ, ΠΑΡΘΕΝΑΓΩΓΕΙΑ ΚΑΙ ΓΥΜΝΑΣΙΑ","Hellenic Schools, Girls' High Schools and Gymnasiums",,Γ. Χ. Παπαγεωργίου,G. Ch. Papageorgiou,Φυσιογνωσία,Natural Knowledge (Physiognosy),"8ον, σελ. 216",10,γρ.,
1895,IMG_1316.jpeg,"ΕΛΛΗΝΙΚΑ ΣΧΟΛΕΙΑ, ΠΑΡΘΕΝΑΓΩΓΕΙΑ ΚΑΙ ΓΥΜΝΑΣΙΑ","Hellenic Schools, Girls' High Schools and Gymnasiums",,Σπ. Μηλιαράκη,Sp. Miliarakis,Φυσιογνωσίας Ἐγχειρίδιον. Μέρος Α΄ (Φυσικὴ Ἱστορία),Handbook of Natural Knowledge. Part A (Natural History),"8ον, σελ. 168",12,γρ.,
1895,IMG_1316.jpeg,"ΕΛΛΗΝΙΚΑ ΣΧΟΛΕΙΑ, ΠΑΡΘΕΝΑΓΩΓΕΙΑ ΚΑΙ ΓΥΜΝΑΣΙΑ","Hellenic Schools, Girls' High Schools and Gymnasiums",,Σπ. Μηλιαράκη,Sp. Miliarakis,"Φυτολογίας καὶ Γεωλογίας Ἐγχειρίδιον, (βραβευθὲν τῷ 1894)",Handbook of Phytology and Geology (awarded in 1894),"8ον, σελ. 159",8,γρ.,
1895,IMG_1316.jpeg,"ΕΛΛΗΝΙΚΑ ΣΧΟΛΕΙΑ, ΠΑΡΘΕΝΑΓΩΓΕΙΑ ΚΑΙ ΓΥΜΝΑΣΙΑ","Hellenic Schools, Girls' High Schools and Gymnasiums",,Ἠλία Βαλσαμάκη,Ilias Valsamakis,Χημεία,Chemistry,"8ον, σελ. 167",16,γρ.,
1895,IMG_1316.jpeg,"ΕΛΛΗΝΙΚΑ ΣΧΟΛΕΙΑ, ΠΑΡΘΕΝΑΓΩΓΕΙΑ ΚΑΙ ΓΥΜΝΑΣΙΑ","Hellenic Schools, Girls' High Schools and Gymnasiums",,Π. Σ. Κονδύλη,P. S. Kondylis,Χημεία,Chemistry,σελ. 192,10,γρ.,
1895,IMG_1316.jpeg,"ΕΛΛΗΝΙΚΑ ΣΧΟΛΕΙΑ, ΠΑΡΘΕΝΑΓΩΓΕΙΑ ΚΑΙ ΓΥΜΝΑΣΙΑ","Hellenic Schools, Girls' High Schools and Gymnasiums",,Σ. Ι. Στάη,S. I. Stais,Χημεία,Chemistry,"8ον, σελ. 163",6,γρ.,
1895,IMG_1316.jpeg,"ΕΛΛΗΝΙΚΑ ΣΧΟΛΕΙΑ, ΠΑΡΘΕΝΑΓΩΓΕΙΑ ΚΑΙ ΓΥΜΝΑΣΙΑ","Hellenic Schools, Girls' High Schools and Gymnasiums",,Α. Ι. Ἀντωνιάδου,A. I. Antoniadis,Χρηστομάθεια,Chrestomathy,"Α΄ σελ. 117, Β΄ 8ον σελ. 96, Γ΄ 8ον σελ. 261","3 (Α΄), 4 (Β΄), 7 (Γ΄)",γρ.,
1895,IMG_1316.jpeg,"ΕΛΛΗΝΙΚΑ ΣΧΟΛΕΙΑ, ΠΑΡΘΕΝΑΓΩΓΕΙΑ ΚΑΙ ΓΥΜΝΑΣΙΑ","Hellenic Schools, Girls' High Schools and Gymnasiums",,Σ. Δ. Βυζαντίου καὶ Ἀ. Ρ. Ῥαγκαβῆ,S. D. Byzantios and A. R. Rangavis,Χρηστομάθεια,Chrestomathy,"8ον, Τόμοι Α΄-Ε΄","3 (Τόμ. Α΄), 4 (Β΄), 6 (Γ΄), 6 (Δ΄), 6 (Ε΄)",γρ.,
1895,IMG_1316.jpeg,"ΕΛΛΗΝΙΚΑ ΣΧΟΛΕΙΑ, ΠΑΡΘΕΝΑΓΩΓΕΙΑ ΚΑΙ ΓΥΜΝΑΣΙΑ","Hellenic Schools, Girls' High Schools and Gymnasiums",,Γ. Δ. Ζηκίδου,G. D. Zikidis,Χρηστομάθεια,Chrestomathy,Τόμοι Α΄-Γ΄,"5 (Τόμ. Α΄), 15 (Β΄), 12 (Γ΄)",γρ.,
1895,IMG_1316.jpeg,"ΕΛΛΗΝΙΚΑ ΣΧΟΛΕΙΑ, ΠΑΡΘΕΝΑΓΩΓΕΙΑ ΚΑΙ ΓΥΜΝΑΣΙΑ","Hellenic Schools, Girls' High Schools and Gymnasiums",,Ἀνέστη Κωνσταντινίδου,Anestis Konstantinidis,Χρηστομάθεια,Chrestomathy,Τόμοι Α΄-Γ΄,"2 (Τόμ. Α΄), 3 (Β΄), 4 (Γ΄)",γρ.,
1895,IMG_1316.jpeg,"ΕΛΛΗΝΙΚΑ ΣΧΟΛΕΙΑ, ΠΑΡΘΕΝΑΓΩΓΕΙΑ ΚΑΙ ΓΥΜΝΑΣΙΑ","Hellenic Schools, Girls' High Schools and Gymnasiums",,Ἀ. Β. Οἰκονομίδου,A. V. Oikonomidis,Χρηστομάθεια,Chrestomathy,"Τόμος Α΄ σ. 232, Τόμος Β΄ 8ον σελ. 222","8 (Τόμ. Α΄), 6 (Β΄)",γρ.,
1895,IMG_1316.jpeg,"ΕΛΛΗΝΙΚΑ ΣΧΟΛΕΙΑ, ΠΑΡΘΕΝΑΓΩΓΕΙΑ ΚΑΙ ΓΥΜΝΑΣΙΑ","Hellenic Schools, Girls' High Schools and Gymnasiums",,Γ. Ἀ. Παπαβασιλείου,G. A. Papavasileiou,Χρηστομάθεια,Chrestomathy,σελ. 125,2.20,γρ. π.,Price printed as 'γρ. 2 π. 20'
1895,IMG_1316.jpeg,"ΕΛΛΗΝΙΚΑ ΣΧΟΛΕΙΑ, ΠΑΡΘΕΝΑΓΩΓΕΙΑ ΚΑΙ ΓΥΜΝΑΣΙΑ","Hellenic Schools, Girls' High Schools and Gymnasiums",,Γ. Α. Παπαβασιλείου,G. A. Papavasileiou,"Χρηστομάθεια, πρὸς χρῆσιν μόνον τῶν θηλέων","Chrestomathy, for female use only","8ον, σελ. 223",3,γρ.,
1895,IMG_1316.jpeg,"ΕΛΛΗΝΙΚΑ ΣΧΟΛΕΙΑ, ΠΑΡΘΕΝΑΓΩΓΕΙΑ ΚΑΙ ΓΥΜΝΑΣΙΑ","Hellenic Schools, Girls' High Schools and Gymnasiums",,Γ. Ἀ. Παπαβασιλείου,G. A. Papavasileiou,"Χρηστομάθεια, (βραβευθεῖσα τῷ 1894)",Chrestomathy (awarded in 1894),"8ον, σελ. 128",5,γρ.,
1895,IMG_1316.jpeg,"ΕΛΛΗΝΙΚΑ ΣΧΟΛΕΙΑ, ΠΑΡΘΕΝΑΓΩΓΕΙΑ ΚΑΙ ΓΥΜΝΑΣΙΑ","Hellenic Schools, Girls' High Schools and Gymnasiums",,Χ. Πουλίου,Ch. Poulios,Χρηστομάθεια,Chrestomathy,σελ. 143,1.20,γρ. παρ.,Text crossed out with ink line on page; price printed as 'γρ. 1 παρ. 20'
1895,IMG_1316.jpeg,"ΕΛΛΗΝΙΚΑ ΣΧΟΛΕΙΑ, ΠΑΡΘΕΝΑΓΩΓΕΙΑ ΚΑΙ ΓΥΜΝΑΣΙΑ","Hellenic Schools, Girls' High Schools and Gymnasiums",,Ἀ. Ἀ. Σακελλαρίου,A. A. Sakellarios,Χρηστομάθεια,Chrestomathy,"Τόμος Α΄ 8ον σ. 192, Β΄ σ. 199, Γ΄ σ. 199","3.20 (Τόμ. Α΄), 4 (Β΄), 7.20 (Γ΄)",γρ. παρ.,
1895,IMG_1316.jpeg,"ΕΛΛΗΝΙΚΑ ΣΧΟΛΕΙΑ, ΠΑΡΘΕΝΑΓΩΓΕΙΑ ΚΑΙ ΓΥΜΝΑΣΙΑ","Hellenic Schools, Girls' High Schools and Gymnasiums",,"Κ. Σ. Παρίτση, ἱερέως κτλ.","K. S. Paritsis, priest et al.","Χρηστομάθεια Ἱερά, Τεῦχος Α΄, περιέχον ὁμιλίας ἐννέα ἐκ τῆς Ἑξαημέρου τοῦ Μεγάλου Βασιλείου, τὸ «Πρόσεχε σεαυτῷ» τοῦ αὐτοῦ ἁγίου Πατρός, Ἐπιστολάς, μετὰ εἰσαγωγῆς καὶ σημειώσεων","Sacred Chrestomathy, Issue A, containing nine homilies from the Hexaemeron of Basil the Great, the 'Take Heed to Thyself' of the same Holy Father, Letters, with introduction and notes",Τεῦχος Α΄,7,γρ.,
1895,IMG_1316.jpeg,"ΕΛΛΗΝΙΚΑ ΣΧΟΛΕΙΑ, ΠΑΡΘΕΝΑΓΩΓΕΙΑ ΚΑΙ ΓΥΜΝΑΣΙΑ","Hellenic Schools, Girls' High Schools and Gymnasiums",,Β. Γ. Βυθούλκα,V. G. Vythoulkas,"Χρηστομάθεια ὁμηρική, Τεῦχος Β΄ περιέχον τὰς ῥαψῳδίας Ζ, Θ, Ι τῆς Ὀδυσσείας","Homeric Chrestomathy, Issue B containing books Z, Th, I of the Odyssey","8ον, σ. 5΄-92",7,γρ.,
1895,IMG_1316.jpeg,"ΕΛΛΗΝΙΚΑ ΣΧΟΛΕΙΑ, ΠΑΡΘΕΝΑΓΩΓΕΙΑ ΚΑΙ ΓΥΜΝΑΣΙΑ","Hellenic Schools, Girls' High Schools and Gymnasiums",,Ἰ. Δ. Ἀριστοκλέους,I. D. Aristokleous,Ψυχολογία,Psychology,"8ον, σελ. 268",22,γρ.,
1895,IMG_1316.jpeg,"ΕΛΛΗΝΙΚΑ ΣΧΟΛΕΙΑ, ΠΑΡΘΕΝΑΓΩΓΕΙΑ ΚΑΙ ΓΥΜΝΑΣΙΑ","Hellenic Schools, Girls' High Schools and Gymnasiums",,Γ. Μ. Βιζυηνοῦ,G. M. Vizyinos,Ψυχολογία,Psychology,"8ον, σελ. 112",12.20,γρ. παρ.,Price printed as 'γρ. 12 παρ. 20'
1895,IMG_1316.jpeg,"ΕΛΛΗΝΙΚΑ ΣΧΟΛΕΙΑ, ΠΑΡΘΕΝΑΓΩΓΕΙΑ ΚΑΙ ΓΥΜΝΑΣΙΑ","Hellenic Schools, Girls' High Schools and Gymnasiums",,Δ. Ἰ. Ὀλυμπίου,D. I. Olympios,Ψυχολογία,Psychology,"8ον, σελ. 96",8,γρ.,
1895,IMG_1317.jpeg,ΚΛΑΣΙΚΟΙ ΕΛΛΗΝΕΣ ΚΑΙ ΛΑΤΙΝΟΙ ΣΥΓΓΡΑΦΕΙΣ,Classical Greek and Latin Authors,Α΄ ΕΛΛΗΝΕΣ - 1) Τῆς ἐν Λειψίᾳ ἐκδόσεως B. G. Teubner,Ἀθηναίου,Athenaeus,Δειπνοσοφισταί,Deipnosophists,Τόμ. 3,85,γρ.,
1895,IMG_1317.jpeg,ΚΛΑΣΙΚΟΙ ΕΛΛΗΝΕΣ ΚΑΙ ΛΑΤΙΝΟΙ ΣΥΓΓΡΑΦΕΙΣ,Classical Greek and Latin Authors,Α΄ ΕΛΛΗΝΕΣ - 1) Τῆς ἐν Λειψίᾳ ἐκδόσεως B. G. Teubner,Αἰλιανοῦ,Aelian,Ἅπαντα,Complete Works,Τόμ. 2,50,γρ.,
1895,IMG_1317.jpeg,ΚΛΑΣΙΚΟΙ ΕΛΛΗΝΕΣ ΚΑΙ ΛΑΤΙΝΟΙ ΣΥΓΓΡΑΦΕΙΣ,Classical Greek and Latin Authors,Α΄ ΕΛΛΗΝΕΣ - 1) Τῆς ἐν Λειψίᾳ ἐκδόσεως B. G. Teubner,Αἰλιανοῦ,Aelian,Ποικίλη Ἱστορία,Various History (Varia Historia),,5,γρ.,
1895,IMG_1317.jpeg,ΚΛΑΣΙΚΟΙ ΕΛΛΗΝΕΣ ΚΑΙ ΛΑΤΙΝΟΙ ΣΥΓΓΡΑΦΕΙΣ,Classical Greek and Latin Authors,Α΄ ΕΛΛΗΝΕΣ - 1) Τῆς ἐν Λειψίᾳ ἐκδόσεως B. G. Teubner,Αἰνείου,Aeneas Tacticus,Στρατηγικά,Tactics (Strategika),,8,γρ.,
1895,IMG_1317.jpeg,ΚΛΑΣΙΚΟΙ ΕΛΛΗΝΕΣ ΚΑΙ ΛΑΤΙΝΟΙ ΣΥΓΓΡΑΦΕΙΣ,Classical Greek and Latin Authors,Α΄ ΕΛΛΗΝΕΣ - 1) Τῆς ἐν Λειψίᾳ ἐκδόσεως B. G. Teubner,Αἰσχίνου,Aeschines,Λόγοι,Speeches,,5 παρ. 20,γρ.,
1895,IMG_1317.jpeg,ΚΛΑΣΙΚΟΙ ΕΛΛΗΝΕΣ ΚΑΙ ΛΑΤΙΝΟΙ ΣΥΓΓΡΑΦΕΙΣ,Classical Greek and Latin Authors,Α΄ ΕΛΛΗΝΕΣ - 1) Τῆς ἐν Λειψίᾳ ἐκδόσεως B. G. Teubner,Αἰσχύλου,Aeschylus,Τραγῳδίαι,Tragedies,,7 παρ. 20,γρ.,
1895,IMG_1317.jpeg,ΚΛΑΣΙΚΟΙ ΕΛΛΗΝΕΣ ΚΑΙ ΛΑΤΙΝΟΙ ΣΥΓΓΡΑΦΕΙΣ,Classical Greek and Latin Authors,Α΄ ΕΛΛΗΝΕΣ - 1) Τῆς ἐν Λειψίᾳ ἐκδόσεως B. G. Teubner,Αἰσώπου,Aesop,Μῦθοι,Fables,,5 παρ. 20,γρ.,
1895,IMG_1317.jpeg,ΚΛΑΣΙΚΟΙ ΕΛΛΗΝΕΣ ΚΑΙ ΛΑΤΙΝΟΙ ΣΥΓΓΡΑΦΕΙΣ,Classical Greek and Latin Authors,Α΄ ΕΛΛΗΝΕΣ - 1) Τῆς ἐν Λειψίᾳ ἐκδόσεως B. G. Teubner,Ἀνακρέων,Anacreon,Ἀνακρέων,Anacreon (Works),,6,γρ.,
1895,IMG_1317.jpeg,ΚΛΑΣΙΚΟΙ ΕΛΛΗΝΕΣ ΚΑΙ ΛΑΤΙΝΟΙ ΣΥΓΓΡΑΦΕΙΣ,Classical Greek and Latin Authors,Α΄ ΕΛΛΗΝΕΣ - 1) Τῆς ἐν Λειψίᾳ ἐκδόσεως B. G. Teubner,Ἀνδοκίδης,Andocides,Ἀνδοκίδης,Andocides (Speeches),,7 παρ. 20,γρ.,
1895,IMG_1317.jpeg,ΚΛΑΣΙΚΟΙ ΕΛΛΗΝΕΣ ΚΑΙ ΛΑΤΙΝΟΙ ΣΥΓΓΡΑΦΕΙΣ,Classical Greek and Latin Authors,Α΄ ΕΛΛΗΝΕΣ - 1) Τῆς ἐν Λειψίᾳ ἐκδόσεως B. G. Teubner,Bergk,Bergk,Ἀνθολογία Λυρική,Lyric Anthology (Anthologia Lyrica),,18,γρ.,
1895,IMG_1317.jpeg,ΚΛΑΣΙΚΟΙ ΕΛΛΗΝΕΣ ΚΑΙ ΛΑΤΙΝΟΙ ΣΥΓΓΡΑΦΕΙΣ,Classical Greek and Latin Authors,Α΄ ΕΛΛΗΝΕΣ - 1) Τῆς ἐν Λειψίᾳ ἐκδόσεως B. G. Teubner,Ἄννα Κομνηνή,Anna Komnene,Ἄννα Κομνηνή,Anna Komnene (Works / Alexiad),Τόμ. 3,45,γρ.,
1895,IMG_1317.jpeg,ΚΛΑΣΙΚΟΙ ΕΛΛΗΝΕΣ ΚΑΙ ΛΑΤΙΝΟΙ ΣΥΓΓΡΑΦΕΙΣ,Classical Greek and Latin Authors,Α΄ ΕΛΛΗΝΕΣ - 1) Τῆς ἐν Λειψίᾳ ἐκδόσεως B. G. Teubner,Ἀννουβίωνος,Annubion,Ἀστρολογικά,Astrological Works,,,,ἰδὲ Μανέθων
1895,IMG_1317.jpeg,ΚΛΑΣΙΚΟΙ ΕΛΛΗΝΕΣ ΚΑΙ ΛΑΤΙΝΟΙ ΣΥΓΓΡΑΦΕΙΣ,Classical Greek and Latin Authors,Α΄ ΕΛΛΗΝΕΣ - 1) Τῆς ἐν Λειψίᾳ ἐκδόσεως B. G. Teubner,Ἀντιφῶν,Antiphon,Ἀντιφῶν,Antiphon (Speeches),,12 παρ. 20,γρ.,
1895,IMG_1317.jpeg,ΚΛΑΣΙΚΟΙ ΕΛΛΗΝΕΣ ΚΑΙ ΛΑΤΙΝΟΙ ΣΥΓΓΡΑΦΕΙΣ,Classical Greek and Latin Authors,Α΄ ΕΛΛΗΝΕΣ - 1) Τῆς ἐν Λειψίᾳ ἐκδόσεως B. G. Teubner,Ἀπολλοδώρου,Apollodorus,Βιβλιοθήκη,Library,,6,γρ.,
1895,IMG_1317.jpeg,ΚΛΑΣΙΚΟΙ ΕΛΛΗΝΕΣ ΚΑΙ ΛΑΤΙΝΟΙ ΣΥΓΓΡΑΦΕΙΣ,Classical Greek and Latin Authors,Α΄ ΕΛΛΗΝΕΣ - 1) Τῆς ἐν Λειψίᾳ ἐκδόσεως B. G. Teubner,Ἀπολλωνίου Ῥοδίου,Apollonius of Rhodes,Ἀργοναυτικά,Argonautica,,6,γρ.,
1895,IMG_1317.jpeg,ΚΛΑΣΙΚΟΙ ΕΛΛΗΝΕΣ ΚΑΙ ΛΑΤΙΝΟΙ ΣΥΓΓΡΑΦΕΙΣ,Classical Greek and Latin Authors,Α΄ ΕΛΛΗΝΕΣ - 1) Τῆς ἐν Λειψίᾳ ἐκδόσεως B. G. Teubner,Ἀππιανοῦ,Appian,Ῥωμαϊκὴ ἱστορία,Roman History,Τόμ. 2,54,γρ.,
1895,IMG_1317.jpeg,ΚΛΑΣΙΚΟΙ ΕΛΛΗΝΕΣ ΚΑΙ ΛΑΤΙΝΟΙ ΣΥΓΓΡΑΦΕΙΣ,Classical Greek and Latin Authors,Α΄ ΕΛΛΗΝΕΣ - 1) Τῆς ἐν Λειψίᾳ ἐκδόσεως B. G. Teubner,Ἀριστοτέλους,Aristotle,Ῥητορική,Rhetoric,,12 παρ. 20,γρ.,
1895,IMG_1317.jpeg,ΚΛΑΣΙΚΟΙ ΕΛΛΗΝΕΣ ΚΑΙ ΛΑΤΙΝΟΙ ΣΥΓΓΡΑΦΕΙΣ,Classical Greek and Latin Authors,Α΄ ΕΛΛΗΝΕΣ - 1) Τῆς ἐν Λειψίᾳ ἐκδόσεως B. G. Teubner,Ἀριστοφάνους,Aristophanes,Κωμῳδίαι,Comedies,Τόμ. 2,18,γρ.,
1895,IMG_1317.jpeg,ΚΛΑΣΙΚΟΙ ΕΛΛΗΝΕΣ ΚΑΙ ΛΑΤΙΝΟΙ ΣΥΓΓΡΑΦΕΙΣ,Classical Greek and Latin Authors,Α΄ ΕΛΛΗΝΕΣ - 1) Τῆς ἐν Λειψίᾳ ἐκδόσεως B. G. Teubner,Ἀρριανοῦ,Arrian,Ἀνάβασις Ἀλεξάνδρου,Anabasis of Alexander,,8,γρ.,
1895,IMG_1317.jpeg,ΚΛΑΣΙΚΟΙ ΕΛΛΗΝΕΣ ΚΑΙ ΛΑΤΙΝΟΙ ΣΥΓΓΡΑΦΕΙΣ,Classical Greek and Latin Authors,Α΄ ΕΛΛΗΝΕΣ - 1) Τῆς ἐν Λειψίᾳ ἐκδόσεως B. G. Teubner,Ἀρριανοῦ,Arrian,Ἰνδική,Indica,,10,γρ.,
1895,IMG_1317.jpeg,ΚΛΑΣΙΚΟΙ ΕΛΛΗΝΕΣ ΚΑΙ ΛΑΤΙΝΟΙ ΣΥΓΓΡΑΦΕΙΣ,Classical Greek and Latin Authors,Α΄ ΕΛΛΗΝΕΣ - 1) Τῆς ἐν Λειψίᾳ ἐκδόσεως B. G. Teubner,Ἀρχιμήδης,Archimedes,Ἀρχιμήδης,Archimedes (Works),Τόμ. 3,54,γρ.,
1895,IMG_1317.jpeg,ΚΛΑΣΙΚΟΙ ΕΛΛΗΝΕΣ ΚΑΙ ΛΑΤΙΝΟΙ ΣΥΓΓΡΑΦΕΙΣ,Classical Greek and Latin Authors,Α΄ ΕΛΛΗΝΕΣ - 1) Τῆς ἐν Λειψίᾳ ἐκδόσεως B. G. Teubner,Αὐτόλυκος,Autolycus,Αὐτόλυκος,Autolycus (Works),,21,γρ.,
1895,IMG_1318.jpeg,ΚΛΑΣΙΚΟΙ ΕΛΛΗΝΕΣ ΚΑΙ ΛΑΤΙΝΟΙ ΣΥΓΓΡΑΦΕΙΣ,Classical Greek and Latin Authors,Α΄ ΕΛΛΗΝΕΣ - 1) Τῆς ἐν Λειψίᾳ ἐκδόσεως B. G. Teubner,Ἀχιλλεὺς Τάτιος,Achilles Tatius,Τῶν κατὰ Λευκίππην καὶ Κλειτοφῶντα Λόγοι Η΄,"The Adventures of Leucippe and Clitophon, 8 Books",,,,(ἰδὲ Ἐρωτικοί)
1895,IMG_1318.jpeg,ΚΛΑΣΙΚΟΙ ΕΛΛΗΝΕΣ ΚΑΙ ΛΑΤΙΝΟΙ ΣΥΓΓΡΑΦΕΙΣ,Classical Greek and Latin Authors,Α΄ ΕΛΛΗΝΕΣ - 1) Τῆς ἐν Λειψίᾳ ἐκδόσεως B. G. Teubner,Βάβριος,Babrius,Μῦθοι,Fables,,3.20,γρ.,
1895,IMG_1318.jpeg,ΚΛΑΣΙΚΟΙ ΕΛΛΗΝΕΣ ΚΑΙ ΛΑΤΙΝΟΙ ΣΥΓΓΡΑΦΕΙΣ,Classical Greek and Latin Authors,Α΄ ΕΛΛΗΝΕΣ - 1) Τῆς ἐν Λειψίᾳ ἐκδόσεως B. G. Teubner,Βίων ὁ Σμυρναῖος,Bion of Smyrna,Εἰδύλλια,Idylls,,,,(ἰδὲ Βουκολικοὶ ποιηταί)
1895,IMG_1318.jpeg,ΚΛΑΣΙΚΟΙ ΕΛΛΗΝΕΣ ΚΑΙ ΛΑΤΙΝΟΙ ΣΥΓΓΡΑΦΕΙΣ,Classical Greek and Latin Authors,Α΄ ΕΛΛΗΝΕΣ - 1) Τῆς ἐν Λειψίᾳ ἐκδόσεως B. G. Teubner,Βουκολικοὶ ποιηταί,Bucolic Poets,"Θεόκριτος, Βίων, Μόσχος","Theocritus, Bion, Moschus",,3.20,γρ.,
1895,IMG_1318.jpeg,ΚΛΑΣΙΚΟΙ ΕΛΛΗΝΕΣ ΚΑΙ ΛΑΤΙΝΟΙ ΣΥΓΓΡΑΦΕΙΣ,Classical Greek and Latin Authors,Α΄ ΕΛΛΗΝΕΣ - 1) Τῆς ἐν Λειψίᾳ ἐκδόσεως B. G. Teubner,Δείναρχος,Dinarchus,Δείναρχος,Speeches,,6,γρ.,
1895,IMG_1318.jpeg,ΚΛΑΣΙΚΟΙ ΕΛΛΗΝΕΣ ΚΑΙ ΛΑΤΙΝΟΙ ΣΥΓΓΡΑΦΕΙΣ,Classical Greek and Latin Authors,Α΄ ΕΛΛΗΝΕΣ - 1) Τῆς ἐν Λειψίᾳ ἐκδόσεως B. G. Teubner,Δημοσθένης,Demosthenes,Λόγοι,Orations,Τόμ. 3,27,γρ.,"Τόμος Α΄, τεῦχος α΄: Ὀλυνθιακοί, Κατὰ Φιλίππου κτλ. Τόμος Α΄, τεῦχος β΄: Περὶ τοῦ στεφάνου. Τόμος Β΄, τεῦχος α΄: Πρὸς Λεπτίνην. Τόμος Β΄, τεῦχος β΄: Περὶ τῆς παραπρεσβείας. Ἕκαστον τεῦχος γρ. 4.20."
1895,IMG_1318.jpeg,ΚΛΑΣΙΚΟΙ ΕΛΛΗΝΕΣ ΚΑΙ ΛΑΤΙΝΟΙ ΣΥΓΓΡΑΦΕΙΣ,Classical Greek and Latin Authors,Α΄ ΕΛΛΗΝΕΣ - 1) Τῆς ἐν Λειψίᾳ ἐκδόσεως B. G. Teubner,Διογένης Ἀντώνιος,Antonius Diogenes,Τῶν ὑπὲρ Θούλην ἀπίστων Λόγοι ΚΔ΄,"The Wonders Beyond Thule, 24 Books",,,,(ἰδὲ Ἐρωτικοί)
1895,IMG_1318.jpeg,ΚΛΑΣΙΚΟΙ ΕΛΛΗΝΕΣ ΚΑΙ ΛΑΤΙΝΟΙ ΣΥΓΓΡΑΦΕΙΣ,Classical Greek and Latin Authors,Α΄ ΕΛΛΗΝΕΣ - 1) Τῆς ἐν Λειψίᾳ ἐκδόσεως B. G. Teubner,Διόδωρος Σικελιώτης,Diodorus Siculus,Ἱστορικὴ Βιβλιοθήκη,Library of History,Τόμ. 5,90,γρ.,
1895,IMG_1318.jpeg,ΚΛΑΣΙΚΟΙ ΕΛΛΗΝΕΣ ΚΑΙ ΛΑΤΙΝΟΙ ΣΥΓΓΡΑΦΕΙΣ,Classical Greek and Latin Authors,Α΄ ΕΛΛΗΝΕΣ - 1) Τῆς ἐν Λειψίᾳ ἐκδόσεως B. G. Teubner,Δίων Κάσσιος,Cassius Dio,Ῥωμαϊκὴ ἱστορία,Roman History,Τόμ. 5,80,γρ.,
1895,IMG_1318.jpeg,ΚΛΑΣΙΚΟΙ ΕΛΛΗΝΕΣ ΚΑΙ ΛΑΤΙΝΟΙ ΣΥΓΓΡΑΦΕΙΣ,Classical Greek and Latin Authors,Α΄ ΕΛΛΗΝΕΣ - 1) Τῆς ἐν Λειψίᾳ ἐκδόσεως B. G. Teubner,Δίων Χρυσόστομος,Dio Chrysostom,Λόγοι,Discourses,Τόμ. 2,30,γρ.,
1895,IMG_1318.jpeg,ΚΛΑΣΙΚΟΙ ΕΛΛΗΝΕΣ ΚΑΙ ΛΑΤΙΝΟΙ ΣΥΓΓΡΑΦΕΙΣ,Classical Greek and Latin Authors,Α΄ ΕΛΛΗΝΕΣ - 1) Τῆς ἐν Λειψίᾳ ἐκδόσεως B. G. Teubner,Δωρόθεος,Dorotheus,Ἀστρολογικά,Astrological Works,,,,(ἰδὲ Μανέθων)
1895,IMG_1318.jpeg,ΚΛΑΣΙΚΟΙ ΕΛΛΗΝΕΣ ΚΑΙ ΛΑΤΙΝΟΙ ΣΥΓΓΡΑΦΕΙΣ,Classical Greek and Latin Authors,Α΄ ΕΛΛΗΝΕΣ - 1) Τῆς ἐν Λειψίᾳ ἐκδόσεως B. G. Teubner,Ἐπικοὶ Ποιηταί,Epic Poets,Ἐπικῶν Ποιητῶν Λείψανα,Fragments of Epic Poets,,20,γρ.,
1895,IMG_1318.jpeg,ΚΛΑΣΙΚΟΙ ΕΛΛΗΝΕΣ ΚΑΙ ΛΑΤΙΝΟΙ ΣΥΓΓΡΑΦΕΙΣ,Classical Greek and Latin Authors,Α΄ ΕΛΛΗΝΕΣ - 1) Τῆς ἐν Λειψίᾳ ἐκδόσεως B. G. Teubner,Ἐρωτικοὶ Συγγραφεῖς,Erotici Scriptores,Ἐρωτικοὶ Συγγραφεῖς,Erotic Writers,Τόμ. 2,50,γρ.,"Τόμ. Α΄: Παρθένιος Νικαεύς, Ἀχιλλεὺς Τάτιος, Ἰάμβλιχος, Ἀντώνιος Διογένης, Λόγγος, Ξενοφῶν Ἐφέσιος (γρ. 23). Τόμ. Β΄: Χαρίτων Ἀφροδισιεύς, Εὐστάθιος Μακρεμβολίτης, Θεόδωρος Πρόδρομος, Νικήτας Εὐγενειανός, Κωνσταντῖνος Μανασσῆς (γρ. 22)."
1895,IMG_1318.jpeg,ΚΛΑΣΙΚΟΙ ΕΛΛΗΝΕΣ ΚΑΙ ΛΑΤΙΝΟΙ ΣΥΓΓΡΑΦΕΙΣ,Classical Greek and Latin Authors,Α΄ ΕΛΛΗΝΕΣ - 1) Τῆς ἐν Λειψίᾳ ἐκδόσεως B. G. Teubner,Εὐριπίδης,Euripides,Τραγῳδίαι,Tragedies,Τόμ. 3,34,γρ.,
1895,IMG_1318.jpeg,ΚΛΑΣΙΚΟΙ ΕΛΛΗΝΕΣ ΚΑΙ ΛΑΤΙΝΟΙ ΣΥΓΓΡΑΦΕΙΣ,Classical Greek and Latin Authors,Α΄ ΕΛΛΗΝΕΣ - 1) Τῆς ἐν Λειψίᾳ ἐκδόσεως B. G. Teubner,Εὐσέβιος Καισαρέως,Eusebius of Caesarea,Ἅπαντα,Complete Works,Τόμ. 4,90,γρ.,
1895,IMG_1318.jpeg,ΚΛΑΣΙΚΟΙ ΕΛΛΗΝΕΣ ΚΑΙ ΛΑΤΙΝΟΙ ΣΥΓΓΡΑΦΕΙΣ,Classical Greek and Latin Authors,Α΄ ΕΛΛΗΝΕΣ - 1) Τῆς ἐν Λειψίᾳ ἐκδόσεως B. G. Teubner,Εὐστάθιος Μακρεμβολίτης,Eustathios Makrembolites,"Τὰ καθ' Ὑσμίνην καὶ Ὑσμινίαν, δρᾶμα","The Story of Hysmine and Hysminias, Play",,,,(ἰδὲ Ἐρωτικοί)
1895,IMG_1318.jpeg,ΚΛΑΣΙΚΟΙ ΕΛΛΗΝΕΣ ΚΑΙ ΛΑΤΙΝΟΙ ΣΥΓΓΡΑΦΕΙΣ,Classical Greek and Latin Authors,Α΄ ΕΛΛΗΝΕΣ - 1) Τῆς ἐν Λειψίᾳ ἐκδόσεως B. G. Teubner,Ζωναρᾶς,Joannes Zonaras,Ἐπιτομὴ ἱστοριῶν,Epitome of Histories,Τόμ. 6,120,γρ.,
1895,IMG_1318.jpeg,ΚΛΑΣΙΚΟΙ ΕΛΛΗΝΕΣ ΚΑΙ ΛΑΤΙΝΟΙ ΣΥΓΓΡΑΦΕΙΣ,Classical Greek and Latin Authors,Α΄ ΕΛΛΗΝΕΣ - 1) Τῆς ἐν Λειψίᾳ ἐκδόσεως B. G. Teubner,Ἡλιόδωρος,Heliodorus,Αἰθιοπικά,Aethiopica,,14,γρ.,
1895,IMG_1318.jpeg,ΚΛΑΣΙΚΟΙ ΕΛΛΗΝΕΣ ΚΑΙ ΛΑΤΙΝΟΙ ΣΥΓΓΡΑΦΕΙΣ,Classical Greek and Latin Authors,Α΄ ΕΛΛΗΝΕΣ - 1) Τῆς ἐν Λειψίᾳ ἐκδόσεως B. G. Teubner,Ἡρόδοτος,Herodotus,Μοῦσαι,Histories (Muses),Τόμ. 2,16,γρ.,
1895,IMG_1318.jpeg,ΚΛΑΣΙΚΟΙ ΕΛΛΗΝΕΣ ΚΑΙ ΛΑΤΙΝΟΙ ΣΥΓΓΡΑΦΕΙΣ,Classical Greek and Latin Authors,Α΄ ΕΛΛΗΝΕΣ - 1) Τῆς ἐν Λειψίᾳ ἐκδόσεως B. G. Teubner,Ἡρωδιανός,Herodian,Ἡρωδιανός,History of the Empire from the Death of Marcus,,7.20,γρ.,
1895,IMG_1318.jpeg,ΚΛΑΣΙΚΟΙ ΕΛΛΗΝΕΣ ΚΑΙ ΛΑΤΙΝΟΙ ΣΥΓΓΡΑΦΕΙΣ,Classical Greek and Latin Authors,Α΄ ΕΛΛΗΝΕΣ - 1) Τῆς ἐν Λειψίᾳ ἐκδόσεως B. G. Teubner,Ἡσίοδος,Hesiod,Ἡσίοδος,Works,,3,γρ.,
1895,IMG_1318.jpeg,ΚΛΑΣΙΚΟΙ ΕΛΛΗΝΕΣ ΚΑΙ ΛΑΤΙΝΟΙ ΣΥΓΓΡΑΦΕΙΣ,Classical Greek and Latin Authors,Α΄ ΕΛΛΗΝΕΣ - 1) Τῆς ἐν Λειψίᾳ ἐκδόσεως B. G. Teubner,Θεόδωρος Πρόδρομος,Theodorus Prodromus,Τῶν κατὰ Ῥοδάνθην καὶ Δοσικλέα Λόγοι Θ΄,"The Story of Rhodanthe and Dosikles, 9 Books",,,,(ἰδὲ Ἐρωτικοί)
1895,IMG_1318.jpeg,ΚΛΑΣΙΚΟΙ ΕΛΛΗΝΕΣ ΚΑΙ ΛΑΤΙΝΟΙ ΣΥΓΓΡΑΦΕΙΣ,Classical Greek and Latin Authors,Α΄ ΕΛΛΗΝΕΣ - 1) Τῆς ἐν Λειψίᾳ ἐκδόσεως B. G. Teubner,Θεόκριτος,Theocritus,Εἰδύλλια,Idylls,,,,(ἰδὲ Βουκολικοί)
1895,IMG_1318.jpeg,ΚΛΑΣΙΚΟΙ ΕΛΛΗΝΕΣ ΚΑΙ ΛΑΤΙΝΟΙ ΣΥΓΓΡΑΦΕΙΣ,Classical Greek and Latin Authors,Α΄ ΕΛΛΗΝΕΣ - 1) Τῆς ἐν Λειψίᾳ ἐκδόσεως B. G. Teubner,Θεμίστιος,Themistius,Θεμίστιος,Orations / Works,Τόμ. 2,40,γρ.,
1895,IMG_1318.jpeg,ΚΛΑΣΙΚΟΙ ΕΛΛΗΝΕΣ ΚΑΙ ΛΑΤΙΝΟΙ ΣΥΓΓΡΑΦΕΙΣ,Classical Greek and Latin Authors,Α΄ ΕΛΛΗΝΕΣ - 1) Τῆς ἐν Λειψίᾳ ἐκδόσεως B. G. Teubner,Θεόφραστος,Theophrastus,Τὰ σῳζόμενα,Extant Works,Τόμοι 3,40,γρ.,
1895,IMG_1319.jpeg,ΚΛΑΣΙΚΟΙ ΕΛΛΗΝΕΣ ΚΑΙ ΛΑΤΙΝΟΙ ΣΥΓΓΡΑΦΕΙΣ,Classical Greek and Latin Authors,Α΄ ΕΛΛΗΝΕΣ - 1) Τῆς ἐν Λειψίᾳ ἐκδόσεως B. G. Teubner,Θεόφραστος,Theophrastus,Χαρακτῆρες,Characters,,7,γρ.,
1895,IMG_1319.jpeg,ΚΛΑΣΙΚΟΙ ΕΛΛΗΝΕΣ ΚΑΙ ΛΑΤΙΝΟΙ ΣΥΓΓΡΑΦΕΙΣ,Classical Greek and Latin Authors,Α΄ ΕΛΛΗΝΕΣ - 1) Τῆς ἐν Λειψίᾳ ἐκδόσεως B. G. Teubner,Θέων Σμυρναῖος,Theon of Smyrna,Θέων Σμυρναῖος,Theon of Smyrna,,20,γρ.,
1895,IMG_1319.jpeg,ΚΛΑΣΙΚΟΙ ΕΛΛΗΝΕΣ ΚΑΙ ΛΑΤΙΝΟΙ ΣΥΓΓΡΑΦΕΙΣ,Classical Greek and Latin Authors,Α΄ ΕΛΛΗΝΕΣ - 1) Τῆς ἐν Λειψίᾳ ἐκδόσεως B. G. Teubner,Θουκυδίδης,Thucydides,Θουκυδίδης,Thucydides,Τόμ. 2,14,γρ.,
1895,IMG_1319.jpeg,ΚΛΑΣΙΚΟΙ ΕΛΛΗΝΕΣ ΚΑΙ ΛΑΤΙΝΟΙ ΣΥΓΓΡΑΦΕΙΣ,Classical Greek and Latin Authors,Α΄ ΕΛΛΗΝΕΣ - 1) Τῆς ἐν Λειψίᾳ ἐκδόσεως B. G. Teubner,Ἰάμβλιχος,Iamblichus,Δραματικόν (ἰδὲ Ἐρωτικοί),Dramatic Work (see Erotici),,,,ἰδὲ Ἐρωτικοί
1895,IMG_1319.jpeg,ΚΛΑΣΙΚΟΙ ΕΛΛΗΝΕΣ ΚΑΙ ΛΑΤΙΝΟΙ ΣΥΓΓΡΑΦΕΙΣ,Classical Greek and Latin Authors,Α΄ ΕΛΛΗΝΕΣ - 1) Τῆς ἐν Λειψίᾳ ἐκδόσεως B. G. Teubner,Ἰσαῖος,Isaeus,Τὰ σῳζόμενα,Extant Speeches,,7,γρ.,
1895,IMG_1319.jpeg,ΚΛΑΣΙΚΟΙ ΕΛΛΗΝΕΣ ΚΑΙ ΛΑΤΙΝΟΙ ΣΥΓΓΡΑΦΕΙΣ,Classical Greek and Latin Authors,Α΄ ΕΛΛΗΝΕΣ - 1) Τῆς ἐν Λειψίᾳ ἐκδόσεως B. G. Teubner,Ἰσοκράτης,Isocrates,Ἅπαντα,Complete Works,Τόμ. 2,16,γρ.,
1895,IMG_1319.jpeg,ΚΛΑΣΙΚΟΙ ΕΛΛΗΝΕΣ ΚΑΙ ΛΑΤΙΝΟΙ ΣΥΓΓΡΑΦΕΙΣ,Classical Greek and Latin Authors,Α΄ ΕΛΛΗΝΕΣ - 1) Τῆς ἐν Λειψίᾳ ἐκδόσεως B. G. Teubner,Ἱστορικοὶ Συγγραφεῖς Ἐλάσσονες,Minor Historical Writers,Ἱστορικοὶ Συγγραφεῖς Ἐλάσσονες,Minor Historical Writers,Τόμ. 2,50,γρ.,
1895,IMG_1319.jpeg,ΚΛΑΣΙΚΟΙ ΕΛΛΗΝΕΣ ΚΑΙ ΛΑΤΙΝΟΙ ΣΥΓΓΡΑΦΕΙΣ,Classical Greek and Latin Authors,Α΄ ΕΛΛΗΝΕΣ - 1) Τῆς ἐν Λειψίᾳ ἐκδόσεως B. G. Teubner,Κέβης Θηβαῖος,Cebes of Thebes,Πίναξ,Tablet,,4,γρ.,
1895,IMG_1319.jpeg,ΚΛΑΣΙΚΟΙ ΕΛΛΗΝΕΣ ΚΑΙ ΛΑΤΙΝΟΙ ΣΥΓΓΡΑΦΕΙΣ,Classical Greek and Latin Authors,Α΄ ΕΛΛΗΝΕΣ - 1) Τῆς ἐν Λειψίᾳ ἐκδόσεως B. G. Teubner,Κορνοῦτος,Cornutus,Κορνοῦτος,Cornutus,,10,γρ.,
1895,IMG_1319.jpeg,ΚΛΑΣΙΚΟΙ ΕΛΛΗΝΕΣ ΚΑΙ ΛΑΤΙΝΟΙ ΣΥΓΓΡΑΦΕΙΣ,Classical Greek and Latin Authors,Α΄ ΕΛΛΗΝΕΣ - 1) Τῆς ἐν Λειψίᾳ ἐκδόσεως B. G. Teubner,Κωνσταντῖνος Μανασσῆς,Constantine Manasses,Τῶν κατὰ Ἀρίστανδρον καὶ Καλλιθέαν Λόγοι Θ΄ (ἰδὲ Ἐρωτικοί),On Aristandros and Callithea 9 Books (see Erotici),,,,ἰδὲ Ἐρωτικοί
1895,IMG_1319.jpeg,ΚΛΑΣΙΚΟΙ ΕΛΛΗΝΕΣ ΚΑΙ ΛΑΤΙΝΟΙ ΣΥΓΓΡΑΦΕΙΣ,Classical Greek and Latin Authors,Α΄ ΕΛΛΗΝΕΣ - 1) Τῆς ἐν Λειψίᾳ ἐκδόσεως B. G. Teubner,Λόγγος,Longus,Τὰ κατὰ Δάφνιν καὶ Χλόην (ἰδὲ Ἐρωτικοί),Daphnis and Chloe (see Erotici),,,,ἰδὲ Ἐρωτικοί
1895,IMG_1319.jpeg,ΚΛΑΣΙΚΟΙ ΕΛΛΗΝΕΣ ΚΑΙ ΛΑΤΙΝΟΙ ΣΥΓΓΡΑΦΕΙΣ,Classical Greek and Latin Authors,Α΄ ΕΛΛΗΝΕΣ - 1) Τῆς ἐν Λειψίᾳ ἐκδόσεως B. G. Teubner,Λουκιανός,Lucian,Ἅπαντα,Complete Works,Τόμ. 3,37,γρ.,παρ. 20
1895,IMG_1319.jpeg,ΚΛΑΣΙΚΟΙ ΕΛΛΗΝΕΣ ΚΑΙ ΛΑΤΙΝΟΙ ΣΥΓΓΡΑΦΕΙΣ,Classical Greek and Latin Authors,Α΄ ΕΛΛΗΝΕΣ - 1) Τῆς ἐν Λειψίᾳ ἐκδόσεως B. G. Teubner,Λυδὸς Λαυρέντιος,John Lydus,Περὶ Διοσημειῶν,On Omens,,18,γρ.,
1895,IMG_1319.jpeg,ΚΛΑΣΙΚΟΙ ΕΛΛΗΝΕΣ ΚΑΙ ΛΑΤΙΝΟΙ ΣΥΓΓΡΑΦΕΙΣ,Classical Greek and Latin Authors,Α΄ ΕΛΛΗΝΕΣ - 1) Τῆς ἐν Λειψίᾳ ἐκδόσεως B. G. Teubner,Λυκοῦργος,Lycurgus,Λόγος κατὰ Λεωκράτους,Speech Against Leocrates,,3,γρ.,παρ. 20
1895,IMG_1319.jpeg,ΚΛΑΣΙΚΟΙ ΕΛΛΗΝΕΣ ΚΑΙ ΛΑΤΙΝΟΙ ΣΥΓΓΡΑΦΕΙΣ,Classical Greek and Latin Authors,Α΄ ΕΛΛΗΝΕΣ - 1) Τῆς ἐν Λειψίᾳ ἐκδόσεως B. G. Teubner,Λυσίας,Lysias,Λόγοι,Speeches,,7,γρ.,παρ. 20
1895,IMG_1319.jpeg,ΚΛΑΣΙΚΟΙ ΕΛΛΗΝΕΣ ΚΑΙ ΛΑΤΙΝΟΙ ΣΥΓΓΡΑΦΕΙΣ,Classical Greek and Latin Authors,Α΄ ΕΛΛΗΝΕΣ - 1) Τῆς ἐν Λειψίᾳ ἐκδόσεως B. G. Teubner,"Μανέθων, Δωρόθεος καὶ Ἀννουβίων","Manetho, Dorotheus and Annubio",Ἀποτελεσματικά. Δωροθέου καὶ Ἀννουβίωνος Ἀστρολογικά,Apotelesmatika. Astrological Works of Dorotheus and Annubio,,9,γρ.,
1895,IMG_1319.jpeg,ΚΛΑΣΙΚΟΙ ΕΛΛΗΝΕΣ ΚΑΙ ΛΑΤΙΝΟΙ ΣΥΓΓΡΑΦΕΙΣ,Classical Greek and Latin Authors,Α΄ ΕΛΛΗΝΕΣ - 1) Τῆς ἐν Λειψίᾳ ἐκδόσεως B. G. Teubner,Μάξιμος καὶ Ἄμμων,Maximus and Ammon,Μάξιμος καὶ Ἄμμων,Maximus and Ammon,,12,γρ.,
1895,IMG_1319.jpeg,ΚΛΑΣΙΚΟΙ ΕΛΛΗΝΕΣ ΚΑΙ ΛΑΤΙΝΟΙ ΣΥΓΓΡΑΦΕΙΣ,Classical Greek and Latin Authors,Α΄ ΕΛΛΗΝΕΣ - 1) Τῆς ἐν Λειψίᾳ ἐκδόσεως B. G. Teubner,Μάρκος Ἀντωνῖνος,Marcus Aurelius Antoninus,Τὰ εἰς ἑαυτόν,Meditations,,12,γρ.,
1895,IMG_1319.jpeg,ΚΛΑΣΙΚΟΙ ΕΛΛΗΝΕΣ ΚΑΙ ΛΑΤΙΝΟΙ ΣΥΓΓΡΑΦΕΙΣ,Classical Greek and Latin Authors,Α΄ ΕΛΛΗΝΕΣ - 1) Τῆς ἐν Λειψίᾳ ἐκδόσεως B. G. Teubner,Μετρολογικοὶ Συγγραφεῖς,Metrological Writers,Μετρολογικοὶ Συγγραφεῖς,Metrological Writers,Τόμ. 2,32,γρ.,
1895,IMG_1319.jpeg,ΚΛΑΣΙΚΟΙ ΕΛΛΗΝΕΣ ΚΑΙ ΛΑΤΙΝΟΙ ΣΥΓΓΡΑΦΕΙΣ,Classical Greek and Latin Authors,Α΄ ΕΛΛΗΝΕΣ - 1) Τῆς ἐν Λειψίᾳ ἐκδόσεως B. G. Teubner,Μόσχος,Moschus,Εἰδύλλια (ἰδὲ Βουκολικοί),Idylls (see Bucolici),,,,ἰδὲ Βουκολικοί
1895,IMG_1319.jpeg,ΚΛΑΣΙΚΟΙ ΕΛΛΗΝΕΣ ΚΑΙ ΛΑΤΙΝΟΙ ΣΥΓΓΡΑΦΕΙΣ,Classical Greek and Latin Authors,Α΄ ΕΛΛΗΝΕΣ - 1) Τῆς ἐν Λειψίᾳ ἐκδόσεως B. G. Teubner,Νικήτας Εὐγενειανός,Nicetas Eugenianus,Τῶν κατὰ Δροσίλλαν καὶ Χαρικλέα Λόγοι Θ΄ (ἰδὲ Ἐρωτικοί),Drosilla and Charicles 9 Books (see Erotici),,,,ἰδὲ Ἐρωτικοί
1895,IMG_1319.jpeg,ΚΛΑΣΙΚΟΙ ΕΛΛΗΝΕΣ ΚΑΙ ΛΑΤΙΝΟΙ ΣΥΓΓΡΑΦΕΙΣ,Classical Greek and Latin Authors,Α΄ ΕΛΛΗΝΕΣ - 1) Τῆς ἐν Λειψίᾳ ἐκδόσεως B. G. Teubner,Νικόμαχος,Nicomachus,Νικόμαχος,Nicomachus,,12,γρ.,
1895,IMG_1319.jpeg,ΚΛΑΣΙΚΟΙ ΕΛΛΗΝΕΣ ΚΑΙ ΛΑΤΙΝΟΙ ΣΥΓΓΡΑΦΕΙΣ,Classical Greek and Latin Authors,Α΄ ΕΛΛΗΝΕΣ - 1) Τῆς ἐν Λειψίᾳ ἐκδόσεως B. G. Teubner,Νόννος Πανοπολίτης,Nonnus of Panopolis,Διονυσιακά,Dionysiaca,Τόμοι 2,54,γρ.,
1895,IMG_1319.jpeg,ΚΛΑΣΙΚΟΙ ΕΛΛΗΝΕΣ ΚΑΙ ΛΑΤΙΝΟΙ ΣΥΓΓΡΑΦΕΙΣ,Classical Greek and Latin Authors,Α΄ ΕΛΛΗΝΕΣ - 1) Τῆς ἐν Λειψίᾳ ἐκδόσεως B. G. Teubner,Ξενοφῶν,Xenophon,Κύρου Ἀνάβασις,Anabasis,,4,γρ.,παρ. 20
1895,IMG_1319.jpeg,ΚΛΑΣΙΚΟΙ ΕΛΛΗΝΕΣ ΚΑΙ ΛΑΤΙΝΟΙ ΣΥΓΓΡΑΦΕΙΣ,Classical Greek and Latin Authors,Α΄ ΕΛΛΗΝΕΣ - 1) Τῆς ἐν Λειψίᾳ ἐκδόσεως B. G. Teubner,Ξενοφῶν,Xenophon,Παιδεία,Cyropaedia,,5,γρ.,παρ. 20
1895,IMG_1319.jpeg,ΚΛΑΣΙΚΟΙ ΕΛΛΗΝΕΣ ΚΑΙ ΛΑΤΙΝΟΙ ΣΥΓΓΡΑΦΕΙΣ,Classical Greek and Latin Authors,Α΄ ΕΛΛΗΝΕΣ - 1) Τῆς ἐν Λειψίᾳ ἐκδόσεως B. G. Teubner,Ξενοφῶν,Xenophon,Ἑλληνικά,Hellenica,,5,γρ.,παρ. 20
1895,IMG_1319.jpeg,ΚΛΑΣΙΚΟΙ ΕΛΛΗΝΕΣ ΚΑΙ ΛΑΤΙΝΟΙ ΣΥΓΓΡΑΦΕΙΣ,Classical Greek and Latin Authors,Α΄ ΕΛΛΗΝΕΣ - 1) Τῆς ἐν Λειψίᾳ ἐκδόσεως B. G. Teubner,Ξενοφῶν,Xenophon,Ἀπομνημονεύματα,Memorabilia,,3,γρ.,
1895,IMG_1319.jpeg,ΚΛΑΣΙΚΟΙ ΕΛΛΗΝΕΣ ΚΑΙ ΛΑΤΙΝΟΙ ΣΥΓΓΡΑΦΕΙΣ,Classical Greek and Latin Authors,Α΄ ΕΛΛΗΝΕΣ - 1) Τῆς ἐν Λειψίᾳ ἐκδόσεως B. G. Teubner,Ξενοφῶν,Xenophon,Οἰκονομικὸς κτλ.,Oeconomicus etc.,,5,γρ.,παρ. 20
1895,IMG_1319.jpeg,ΚΛΑΣΙΚΟΙ ΕΛΛΗΝΕΣ ΚΑΙ ΛΑΤΙΝΟΙ ΣΥΓΓΡΑΦΕΙΣ,Classical Greek and Latin Authors,Α΄ ΕΛΛΗΝΕΣ - 1) Τῆς ἐν Λειψίᾳ ἐκδόσεως B. G. Teubner,Ξενοφῶν Ἐφέσιος,Xenophon of Ephesus,Τὰ κατὰ Ἀνθίαν καὶ Ἁβροκόμην (ἰδὲ Ἐρωτικοί),Ephesian Tale / Anthia and Habrocomes (see Erotici),,,,ἰδὲ Ἐρωτικοί
1895,IMG_1319.jpeg,ΚΛΑΣΙΚΟΙ ΕΛΛΗΝΕΣ ΚΑΙ ΛΑΤΙΝΟΙ ΣΥΓΓΡΑΦΕΙΣ,Classical Greek and Latin Authors,Α΄ ΕΛΛΗΝΕΣ - 1) Τῆς ἐν Λειψίᾳ ἐκδόσεως B. G. Teubner,Ὅμηρος,Homer,Ἰλιάς,Iliad,Τόμ. 2,9,γρ.,
1895,IMG_1319.jpeg,ΚΛΑΣΙΚΟΙ ΕΛΛΗΝΕΣ ΚΑΙ ΛΑΤΙΝΟΙ ΣΥΓΓΡΑΦΕΙΣ,Classical Greek and Latin Authors,Α΄ ΕΛΛΗΝΕΣ - 1) Τῆς ἐν Λειψίᾳ ἐκδόσεως B. G. Teubner,Ὅμηρος,Homer,Ὀδύσσεια,Odyssey,Τόμ. 2,9,γρ.,
1895,IMG_1319.jpeg,ΚΛΑΣΙΚΟΙ ΕΛΛΗΝΕΣ ΚΑΙ ΛΑΤΙΝΟΙ ΣΥΓΓΡΑΦΕΙΣ,Classical Greek and Latin Authors,Α΄ ΕΛΛΗΝΕΣ - 1) Τῆς ἐν Λειψίᾳ ἐκδόσεως B. G. Teubner,Ὅμηρος,Homer,Ὕμνοι καὶ Βατραχομυομαχία,Hymns and Batrachomyomachia,,5,γρ.,
1895,IMG_1319.jpeg,ΚΛΑΣΙΚΟΙ ΕΛΛΗΝΕΣ ΚΑΙ ΛΑΤΙΝΟΙ ΣΥΓΓΡΑΦΕΙΣ,Classical Greek and Latin Authors,Α΄ ΕΛΛΗΝΕΣ - 1) Τῆς ἐν Λειψίᾳ ἐκδόσεως B. G. Teubner,Παρθένιος Νικαέως,Parthenius of Nicaea,Περὶ ἐρωτικῶν παθημάτων (ἰδὲ Ἐρωτικοί),Love Romances (see Erotici),,,,ἰδὲ Ἐρωτικοί
1895,IMG_1319.jpeg,ΚΛΑΣΙΚΟΙ ΕΛΛΗΝΕΣ ΚΑΙ ΛΑΤΙΝΟΙ ΣΥΓΓΡΑΦΕΙΣ,Classical Greek and Latin Authors,Α΄ ΕΛΛΗΝΕΣ - 1) Τῆς ἐν Λειψίᾳ ἐκδόσεως B. G. Teubner,Παυσανίας,Pausanias,Περιήγησις τῆς Ἑλλάδος,Description of Greece,Τόμ. 2,22,γρ.,
1895,IMG_1320.jpeg,ΚΛΑΣΙΚΟΙ ΕΛΛΗΝΕΣ ΚΑΙ ΛΑΤΙΝΟΙ ΣΥΓΓΡΑΦΕΙΣ,Classical Greek and Latin Authors,Α΄ ΕΛΛΗΝΕΣ - 1) Τῆς ἐν Λειψίᾳ ἐκδόσεως B. G. Teubner,Πίνδαρος,Pindar,Πίνδαρος,Pindar (Works),,6,γρ.,
1895,IMG_1320.jpeg,ΚΛΑΣΙΚΟΙ ΕΛΛΗΝΕΣ ΚΑΙ ΛΑΤΙΝΟΙ ΣΥΓΓΡΑΦΕΙΣ,Classical Greek and Latin Authors,Α΄ ΕΛΛΗΝΕΣ - 1) Τῆς ἐν Λειψίᾳ ἐκδόσεως B. G. Teubner,Πλάτων,Plato,Διάλογοι. Τόμ. 6,"Dialogues, 6 Vols.",Τόμ. 6,63,γρ.,Complete set price
1895,IMG_1320.jpeg,ΚΛΑΣΙΚΟΙ ΕΛΛΗΝΕΣ ΚΑΙ ΛΑΤΙΝΟΙ ΣΥΓΓΡΑΦΕΙΣ,Classical Greek and Latin Authors,Α΄ ΕΛΛΗΝΕΣ - 1) Τῆς ἐν Λειψίᾳ ἐκδόσεως B. G. Teubner,Πλάτων,Plato,Διάλογοι: Ἀριθ. 1. Εὐθύφρων. Ἀπολογία Σωκράτους. Κρίτων. Φαίδων,"Dialogues: No. 1. Euthyphro, Apology of Socrates, Crito, Phaedo",,4.20,γρ.,
1895,IMG_1320.jpeg,ΚΛΑΣΙΚΟΙ ΕΛΛΗΝΕΣ ΚΑΙ ΛΑΤΙΝΟΙ ΣΥΓΓΡΑΦΕΙΣ,Classical Greek and Latin Authors,Α΄ ΕΛΛΗΝΕΣ - 1) Τῆς ἐν Λειψίᾳ ἐκδόσεως B. G. Teubner,Πλάτων,Plato,"Διάλογοι: Ἀριθ. 2. Κρατύλος, Θεαίτητος","Dialogues: No. 2. Cratylus, Theaetetus",,5.20,γρ.,
1895,IMG_1320.jpeg,ΚΛΑΣΙΚΟΙ ΕΛΛΗΝΕΣ ΚΑΙ ΛΑΤΙΝΟΙ ΣΥΓΓΡΑΦΕΙΣ,Classical Greek and Latin Authors,Α΄ ΕΛΛΗΝΕΣ - 1) Τῆς ἐν Λειψίᾳ ἐκδόσεως B. G. Teubner,Πλάτων,Plato,Διάλογοι: Ἀριθ. 3. Σοφιστής. Πολιτικός,"Dialogues: No. 3. Sophist, Statesman",,5.20,γρ.,
1895,IMG_1320.jpeg,ΚΛΑΣΙΚΟΙ ΕΛΛΗΝΕΣ ΚΑΙ ΛΑΤΙΝΟΙ ΣΥΓΓΡΑΦΕΙΣ,Classical Greek and Latin Authors,Α΄ ΕΛΛΗΝΕΣ - 1) Τῆς ἐν Λειψίᾳ ἐκδόσεως B. G. Teubner,Πλάτων,Plato,Διάλογοι: Ἀριθ. 4. Παρμενίδης. Φίληβος,"Dialogues: No. 4. Parmenides, Philebus",,4.20,γρ.,
1895,IMG_1320.jpeg,ΚΛΑΣΙΚΟΙ ΕΛΛΗΝΕΣ ΚΑΙ ΛΑΤΙΝΟΙ ΣΥΓΓΡΑΦΕΙΣ,Classical Greek and Latin Authors,Α΄ ΕΛΛΗΝΕΣ - 1) Τῆς ἐν Λειψίᾳ ἐκδόσεως B. G. Teubner,Πλάτων,Plato,Διάλογοι: Ἀριθ. 5. Συμπόσιον. Φαῖδρος,"Dialogues: No. 5. Symposium, Phaedrus",,3.20,γρ.,
1895,IMG_1320.jpeg,ΚΛΑΣΙΚΟΙ ΕΛΛΗΝΕΣ ΚΑΙ ΛΑΤΙΝΟΙ ΣΥΓΓΡΑΦΕΙΣ,Classical Greek and Latin Authors,Α΄ ΕΛΛΗΝΕΣ - 1) Τῆς ἐν Λειψίᾳ ἐκδόσεως B. G. Teubner,Πλάτων,Plato,Διάλογοι: Ἀριθ. 6. Ἀλκιβιάδης Α΄ καὶ Β΄. Ἱππίας. Ἐρασταί. Θεάγης,"Dialogues: No. 6. First and Second Alcibiades, Hippias, Lovers, Theages",,3.20,γρ.,
1895,IMG_1320.jpeg,ΚΛΑΣΙΚΟΙ ΕΛΛΗΝΕΣ ΚΑΙ ΛΑΤΙΝΟΙ ΣΥΓΓΡΑΦΕΙΣ,Classical Greek and Latin Authors,Α΄ ΕΛΛΗΝΕΣ - 1) Τῆς ἐν Λειψίᾳ ἐκδόσεως B. G. Teubner,Πλάτων,Plato,Διάλογοι: Ἀριθ. 7. Χαρμίδης. Λάχης. Λῦσις,"Dialogues: No. 7. Charmides, Laches, Lysis",,3.20,γρ.,
1895,IMG_1320.jpeg,ΚΛΑΣΙΚΟΙ ΕΛΛΗΝΕΣ ΚΑΙ ΛΑΤΙΝΟΙ ΣΥΓΓΡΑΦΕΙΣ,Classical Greek and Latin Authors,Α΄ ΕΛΛΗΝΕΣ - 1) Τῆς ἐν Λειψίᾳ ἐκδόσεως B. G. Teubner,Πλάτων,Plato,Διάλογοι: Ἀριθ. 8. Εὐθύδημος. Πρωταγόρας,"Dialogues: No. 8. Euthydemus, Protagoras",,3.20,γρ.,
1895,IMG_1320.jpeg,ΚΛΑΣΙΚΟΙ ΕΛΛΗΝΕΣ ΚΑΙ ΛΑΤΙΝΟΙ ΣΥΓΓΡΑΦΕΙΣ,Classical Greek and Latin Authors,Α΄ ΕΛΛΗΝΕΣ - 1) Τῆς ἐν Λειψίᾳ ἐκδόσεως B. G. Teubner,Πλάτων,Plato,Διάλογοι: Ἀριθ. 9. Γοργίας. Μένων,"Dialogues: No. 9. Gorgias, Meno",,5.20,γρ.,
1895,IMG_1320.jpeg,ΚΛΑΣΙΚΟΙ ΕΛΛΗΝΕΣ ΚΑΙ ΛΑΤΙΝΟΙ ΣΥΓΓΡΑΦΕΙΣ,Classical Greek and Latin Authors,Α΄ ΕΛΛΗΝΕΣ - 1) Τῆς ἐν Λειψίᾳ ἐκδόσεως B. G. Teubner,Πλάτων,Plato,Διάλογοι: Ἀριθ. 10. Ἱππίας Α΄ καὶ Β΄. Μενέξενος. Κλειτοφῶν,"Dialogues: No. 10. Greater and Lesser Hippias, Menexenus, Clitophon",,3.20,γρ.,
1895,IMG_1320.jpeg,ΚΛΑΣΙΚΟΙ ΕΛΛΗΝΕΣ ΚΑΙ ΛΑΤΙΝΟΙ ΣΥΓΓΡΑΦΕΙΣ,Classical Greek and Latin Authors,Α΄ ΕΛΛΗΝΕΣ - 1) Τῆς ἐν Λειψίᾳ ἐκδόσεως B. G. Teubner,Πλάτων,Plato,Διάλογοι: Ἀριθ. 11. Πολιτεία,Dialogues: No. 11. Republic,,9,γρ.,
1895,IMG_1320.jpeg,ΚΛΑΣΙΚΟΙ ΕΛΛΗΝΕΣ ΚΑΙ ΛΑΤΙΝΟΙ ΣΥΓΓΡΑΦΕΙΣ,Classical Greek and Latin Authors,Α΄ ΕΛΛΗΝΕΣ - 1) Τῆς ἐν Λειψίᾳ ἐκδόσεως B. G. Teubner,Πλάτων,Plato,Διάλογοι: Ἀριθ. 12. Τίμαιος. Κριτίας. Μίνως,"Dialogues: No. 12. Timaeus, Critias, Minos",,4.20,γρ.,
1895,IMG_1320.jpeg,ΚΛΑΣΙΚΟΙ ΕΛΛΗΝΕΣ ΚΑΙ ΛΑΤΙΝΟΙ ΣΥΓΓΡΑΦΕΙΣ,Classical Greek and Latin Authors,Α΄ ΕΛΛΗΝΕΣ - 1) Τῆς ἐν Λειψίᾳ ἐκδόσεως B. G. Teubner,Πλάτων,Plato,Διάλογοι: Ἀριθ. 13. Νόμοι. Ἐπινομίς,"Dialogues: No. 13. Laws, Epinomis",,9,γρ.,
1895,IMG_1320.jpeg,ΚΛΑΣΙΚΟΙ ΕΛΛΗΝΕΣ ΚΑΙ ΛΑΤΙΝΟΙ ΣΥΓΓΡΑΦΕΙΣ,Classical Greek and Latin Authors,Α΄ ΕΛΛΗΝΕΣ - 1) Τῆς ἐν Λειψίᾳ ἐκδόσεως B. G. Teubner,Πλάτων,Plato,Διάλογοι: Ἀριθ. 14. Ἐπιστολαὶ καὶ Διάλογοι νόθοι,Dialogues: No. 14. Epistles and Spurious Dialogues,,7,γρ.,
1895,IMG_1320.jpeg,ΚΛΑΣΙΚΟΙ ΕΛΛΗΝΕΣ ΚΑΙ ΛΑΤΙΝΟΙ ΣΥΓΓΡΑΦΕΙΣ,Classical Greek and Latin Authors,Α΄ ΕΛΛΗΝΕΣ - 1) Τῆς ἐν Λειψίᾳ ἐκδόσεως B. G. Teubner,Πλάτων,Plato,"Διάλογοι: Ἀριθ. 15. Προσθήκη Πλατωνική· ἤτοι Εἰσαγωγαί, Βιογραφίαι ἀρχαῖαι, Σχόλια Τιμαίου καὶ Γλωσσαρίων Πίναξ","Dialogues: No. 15. Platonic Appendix; namely Introductions, Ancient Biographies, Scholia on Timaeus and Index of Glossaries",,9,γρ.,
1895,IMG_1320.jpeg,ΚΛΑΣΙΚΟΙ ΕΛΛΗΝΕΣ ΚΑΙ ΛΑΤΙΝΟΙ ΣΥΓΓΡΑΦΕΙΣ,Classical Greek and Latin Authors,Α΄ ΕΛΛΗΝΕΣ - 1) Τῆς ἐν Λειψίᾳ ἐκδόσεως B. G. Teubner,Πλούταρχος,Plutarch,Βίοι Παράλληλοι. Τόμ. 5,"Parallel Lives, 5 Vols.",Τόμ. 5,50,γρ.,Complete set price
1895,IMG_1320.jpeg,ΚΛΑΣΙΚΟΙ ΕΛΛΗΝΕΣ ΚΑΙ ΛΑΤΙΝΟΙ ΣΥΓΓΡΑΦΕΙΣ,Classical Greek and Latin Authors,Α΄ ΕΛΛΗΝΕΣ - 1) Τῆς ἐν Λειψίᾳ ἐκδόσεως B. G. Teubner,Πλούταρχος,Plutarch,Βίοι Παράλληλοι: Ἀριθ. 1. Θησεὺς καὶ Ῥωμύλος. Λυκοῦργος καὶ Νουμᾶς. Σόλων καὶ Ποπλικόλας,"Parallel Lives: No. 1. Theseus and Romulus, Lycurgus and Numa, Solon and Publicola",,5.20,γρ.,
1895,IMG_1320.jpeg,ΚΛΑΣΙΚΟΙ ΕΛΛΗΝΕΣ ΚΑΙ ΛΑΤΙΝΟΙ ΣΥΓΓΡΑΦΕΙΣ,Classical Greek and Latin Authors,Α΄ ΕΛΛΗΝΕΣ - 1) Τῆς ἐν Λειψίᾳ ἐκδόσεως B. G. Teubner,Πλούταρχος,Plutarch,Βίοι Παράλληλοι: Ἀριθ. 2. Θεμιστοκλῆς καὶ Κάμιλλος. Περικλῆς καὶ Φάβιος Μάξιμος. Ἀλκιβιάδης καὶ Κοριολανός,"Parallel Lives: No. 2. Themistocles and Camillus, Pericles and Fabius Maximus, Alcibiades and Coriolanus",,5.20,γρ.,
1895,IMG_1320.jpeg,ΚΛΑΣΙΚΟΙ ΕΛΛΗΝΕΣ ΚΑΙ ΛΑΤΙΝΟΙ ΣΥΓΓΡΑΦΕΙΣ,Classical Greek and Latin Authors,Α΄ ΕΛΛΗΝΕΣ - 1) Τῆς ἐν Λειψίᾳ ἐκδόσεως B. G. Teubner,Πλούταρχος,Plutarch,Βίοι Παράλληλοι: Ἀριθ. 3. Τιμολέων καὶ Αἰμίλιος Παῦλος. Πελοπίδας καὶ Μάρκελλος,"Parallel Lives: No. 3. Timoleon and Aemilius Paulus, Pelopidas and Marcellus",,5.20,γρ.,
1895,IMG_1320.jpeg,ΚΛΑΣΙΚΟΙ ΕΛΛΗΝΕΣ ΚΑΙ ΛΑΤΙΝΟΙ ΣΥΓΓΡΑΦΕΙΣ,Classical Greek and Latin Authors,Α΄ ΕΛΛΗΝΕΣ - 1) Τῆς ἐν Λειψίᾳ ἐκδόσεως B. G. Teubner,Πλούταρχος,Plutarch,Βίοι Παράλληλοι: Ἀριθ. 4. Ἀριστείδης καὶ Κάτων. Φιλοποίμην καὶ Φλαμινῖνος. Πύρρος καὶ Μάριος,"Parallel Lives: No. 4. Aristides and Cato, Philopoemen and Flamininus, Pyrrhus and Marius",,5.20,γρ.,
1895,IMG_1320.jpeg,ΚΛΑΣΙΚΟΙ ΕΛΛΗΝΕΣ ΚΑΙ ΛΑΤΙΝΟΙ ΣΥΓΓΡΑΦΕΙΣ,Classical Greek and Latin Authors,Α΄ ΕΛΛΗΝΕΣ - 1) Τῆς ἐν Λειψίᾳ ἐκδόσεως B. G. Teubner,Πλούταρχος,Plutarch,Βίοι Παράλληλοι: Ἀριθ. 5. Λύσανδρος καὶ Σύλλας. Κίμων καὶ Λούκουλλος,"Parallel Lives: No. 5. Lysander and Sulla, Cimon and Lucullus",,5.20,γρ.,
1895,IMG_1320.jpeg,ΚΛΑΣΙΚΟΙ ΕΛΛΗΝΕΣ ΚΑΙ ΛΑΤΙΝΟΙ ΣΥΓΓΡΑΦΕΙΣ,Classical Greek and Latin Authors,Α΄ ΕΛΛΗΝΕΣ - 1) Τῆς ἐν Λειψίᾳ ἐκδόσεως B. G. Teubner,Πλούταρχος,Plutarch,Βίοι Παράλληλοι: Ἀριθ. 6. Νικίας καὶ Κράσσος. Σερτώριος καὶ Εὐμένης,"Parallel Lives: No. 6. Nicias and Crassus, Sertorius and Eumenes",,4.20,γρ.,
1895,IMG_1320.jpeg,ΚΛΑΣΙΚΟΙ ΕΛΛΗΝΕΣ ΚΑΙ ΛΑΤΙΝΟΙ ΣΥΓΓΡΑΦΕΙΣ,Classical Greek and Latin Authors,Α΄ ΕΛΛΗΝΕΣ - 1) Τῆς ἐν Λειψίᾳ ἐκδόσεως B. G. Teubner,Πλούταρχος,Plutarch,Βίοι Παράλληλοι: Ἀριθ. 7. Ἀγησίλαος καὶ Πομπήϊος,Parallel Lives: No. 7. Agesilaus and Pompey,,4.20,γρ.,
1895,IMG_1320.jpeg,ΚΛΑΣΙΚΟΙ ΕΛΛΗΝΕΣ ΚΑΙ ΛΑΤΙΝΟΙ ΣΥΓΓΡΑΦΕΙΣ,Classical Greek and Latin Authors,Α΄ ΕΛΛΗΝΕΣ - 1) Τῆς ἐν Λειψίᾳ ἐκδόσεως B. G. Teubner,Πλούταρχος,Plutarch,Βίοι Παράλληλοι: Ἀριθ. 8. Ἀλέξανδρος καὶ Καῖσαρ,Parallel Lives: No. 8. Alexander and Caesar,,4.20,γρ.,
1895,IMG_1320.jpeg,ΚΛΑΣΙΚΟΙ ΕΛΛΗΝΕΣ ΚΑΙ ΛΑΤΙΝΟΙ ΣΥΓΓΡΑΦΕΙΣ,Classical Greek and Latin Authors,Α΄ ΕΛΛΗΝΕΣ - 1) Τῆς ἐν Λειψίᾳ ἐκδόσεως B. G. Teubner,Πλούταρχος,Plutarch,Βίοι Παράλληλοι: Ἀριθ. 9. Φωκίων καὶ Κάτων ὁ νεώτερος,Parallel Lives: No. 9. Phocion and Cato the Younger,,3.20,γρ.,
1895,IMG_1320.jpeg,ΚΛΑΣΙΚΟΙ ΕΛΛΗΝΕΣ ΚΑΙ ΛΑΤΙΝΟΙ ΣΥΓΓΡΑΦΕΙΣ,Classical Greek and Latin Authors,Α΄ ΕΛΛΗΝΕΣ - 1) Τῆς ἐν Λειψίᾳ ἐκδόσεως B. G. Teubner,Πλούταρχος,Plutarch,Βίοι Παράλληλοι: Ἀριθ. 10. Ἄγις καὶ Κλεομένης. Τιβέριος καὶ Γάϊος Γράγχοι,"Parallel Lives: No. 10. Agis and Cleomenes, Tiberius and Gaius Gracchus",,3.20,γρ.,
1895,IMG_1320.jpeg,ΚΛΑΣΙΚΟΙ ΕΛΛΗΝΕΣ ΚΑΙ ΛΑΤΙΝΟΙ ΣΥΓΓΡΑΦΕΙΣ,Classical Greek and Latin Authors,Α΄ ΕΛΛΗΝΕΣ - 1) Τῆς ἐν Λειψίᾳ ἐκδόσεως B. G. Teubner,Πλούταρχος,Plutarch,Βίοι Παράλληλοι: Ἀριθ. 11. Δημοσθένης καὶ Κικέρων,Parallel Lives: No. 11. Demosthenes and Cicero,,3.20,γρ.,
1895,IMG_1320.jpeg,ΚΛΑΣΙΚΟΙ ΕΛΛΗΝΕΣ ΚΑΙ ΛΑΤΙΝΟΙ ΣΥΓΓΡΑΦΕΙΣ,Classical Greek and Latin Authors,Α΄ ΕΛΛΗΝΕΣ - 1) Τῆς ἐν Λειψίᾳ ἐκδόσεως B. G. Teubner,Πλούταρχος,Plutarch,Βίοι Παράλληλοι: Ἀριθ. 12. Δημήτριος καὶ Ἀντώνιος,Parallel Lives: No. 12. Demetrius and Antony,,3.20,γρ.,
1895,IMG_1320.jpeg,ΚΛΑΣΙΚΟΙ ΕΛΛΗΝΕΣ ΚΑΙ ΛΑΤΙΝΟΙ ΣΥΓΓΡΑΦΕΙΣ,Classical Greek and Latin Authors,Α΄ ΕΛΛΗΝΕΣ - 1) Τῆς ἐν Λειψίᾳ ἐκδόσεως B. G. Teubner,Πλούταρχος,Plutarch,Βίοι Παράλληλοι: Ἀριθ. 13. Δίων καὶ Βροῦτος,Parallel Lives: No. 13. Dion and Brutus,,4.20,γρ.,
1895,IMG_1320.jpeg,ΚΛΑΣΙΚΟΙ ΕΛΛΗΝΕΣ ΚΑΙ ΛΑΤΙΝΟΙ ΣΥΓΓΡΑΦΕΙΣ,Classical Greek and Latin Authors,Α΄ ΕΛΛΗΝΕΣ - 1) Τῆς ἐν Λειψίᾳ ἐκδόσεως B. G. Teubner,Πλούταρχος,Plutarch,Βίοι Παράλληλοι: Ἀριθ. 14. Ἀρταξέρξης καὶ Ἄρατος. Γάλβας καὶ Ὄθων,"Parallel Lives: No. 14. Artaxerxes and Aratus, Galba and Otho",,5.20,γρ.,
1895,IMG_1321.jpeg,ΚΛΑΣΙΚΟΙ ΕΛΛΗΝΕΣ ΚΑΙ ΛΑΤΙΝΟΙ ΣΥΓΓΡΑΦΕΙΣ,Classical Greek and Latin Authors,Α΄ ΕΛΛΗΝΕΣ - 1) Τῆς ἐν Λειψίᾳ ἐκδόσεως B. G. Teubner,Πλούταρχος,Plutarch,Ἠθικά,Moralia,Τόμ. 5,90,γρ.,
1895,IMG_1321.jpeg,ΚΛΑΣΙΚΟΙ ΕΛΛΗΝΕΣ ΚΑΙ ΛΑΤΙΝΟΙ ΣΥΓΓΡΑΦΕΙΣ,Classical Greek and Latin Authors,Α΄ ΕΛΛΗΝΕΣ - 1) Τῆς ἐν Λειψίᾳ ἐκδόσεως B. G. Teubner,Πλωτῖνος,Plotinus,Τὰ σῳζόμενα,Extant Works,Τόμ. 2,54,γρ.,
1895,IMG_1321.jpeg,ΚΛΑΣΙΚΟΙ ΕΛΛΗΝΕΣ ΚΑΙ ΛΑΤΙΝΟΙ ΣΥΓΓΡΑΦΕΙΣ,Classical Greek and Latin Authors,Α΄ ΕΛΛΗΝΕΣ - 1) Τῆς ἐν Λειψίᾳ ἐκδόσεως B. G. Teubner,Πολύαινος,Polyaenus,Στρατηγημάτων βιβλία Η΄,"Stratagems, 8 Books",βιβλία Η΄,45,γρ.,
1895,IMG_1321.jpeg,ΚΛΑΣΙΚΟΙ ΕΛΛΗΝΕΣ ΚΑΙ ΛΑΤΙΝΟΙ ΣΥΓΓΡΑΦΕΙΣ,Classical Greek and Latin Authors,Α΄ ΕΛΛΗΝΕΣ - 1) Τῆς ἐν Λειψίᾳ ἐκδόσεως B. G. Teubner,Πολύβιος,Polybius,Ἱστορία,Histories,Τόμ. 4,75,γρ.,
1895,IMG_1321.jpeg,ΚΛΑΣΙΚΟΙ ΕΛΛΗΝΕΣ ΚΑΙ ΛΑΤΙΝΟΙ ΣΥΓΓΡΑΦΕΙΣ,Classical Greek and Latin Authors,Α΄ ΕΛΛΗΝΕΣ - 1) Τῆς ἐν Λειψίᾳ ἐκδόσεως B. G. Teubner,Πορφύριος,Porphyry,Πορφύριος,Works,,18,γρ.,
1895,IMG_1321.jpeg,ΚΛΑΣΙΚΟΙ ΕΛΛΗΝΕΣ ΚΑΙ ΛΑΤΙΝΟΙ ΣΥΓΓΡΑΦΕΙΣ,Classical Greek and Latin Authors,Α΄ ΕΛΛΗΝΕΣ - 1) Τῆς ἐν Λειψίᾳ ἐκδόσεως B. G. Teubner,Πρόκλος,Proclus,Πρόκλος,Works,,50,γρ.,
1895,IMG_1321.jpeg,ΚΛΑΣΙΚΟΙ ΕΛΛΗΝΕΣ ΚΑΙ ΛΑΤΙΝΟΙ ΣΥΓΓΡΑΦΕΙΣ,Classical Greek and Latin Authors,Α΄ ΕΛΛΗΝΕΣ - 1) Τῆς ἐν Λειψίᾳ ἐκδόσεως B. G. Teubner,Ῥήτορες Ἕλληνες,Rhetores Graeci,Ῥήτορες Ἕλληνες,Greek Rhetoricians,Τόμ. 3,50,γρ.,"Includes works by Aristotle, Anaximenes, Dionysius Longinus, Longinus, Apsines, Minucianus, Anonymous, Rufus, Hermogenes, Aphthonius, Theon, Aristides, Alexander, Phoebammon, Tiberius, Herodian, Polybius Sardianus, Zonaeus, Tryphon, Gregory of Corinth, Cocondrius, George Choeroboscus, Demetrius, Menander, Nicholas Sophista."
1895,IMG_1321.jpeg,ΚΛΑΣΙΚΟΙ ΕΛΛΗΝΕΣ ΚΑΙ ΛΑΤΙΝΟΙ ΣΥΓΓΡΑΦΕΙΣ,Classical Greek and Latin Authors,Α΄ ΕΛΛΗΝΕΣ - 1) Τῆς ἐν Λειψίᾳ ἐκδόσεως B. G. Teubner,Σοφοκλῆς,Sophocles,Τραγῳδίαι,Tragedies,,9,γρ.,
1895,IMG_1321.jpeg,ΚΛΑΣΙΚΟΙ ΕΛΛΗΝΕΣ ΚΑΙ ΛΑΤΙΝΟΙ ΣΥΓΓΡΑΦΕΙΣ,Classical Greek and Latin Authors,Α΄ ΕΛΛΗΝΕΣ - 1) Τῆς ἐν Λειψίᾳ ἐκδόσεως B. G. Teubner,Ἰωάννης Στοβαῖος,John Stobaeus,Ἀνθολόγιον,Anthology,Τόμ. 4,58,γρ.,
1895,IMG_1321.jpeg,ΚΛΑΣΙΚΟΙ ΕΛΛΗΝΕΣ ΚΑΙ ΛΑΤΙΝΟΙ ΣΥΓΓΡΑΦΕΙΣ,Classical Greek and Latin Authors,Α΄ ΕΛΛΗΝΕΣ - 1) Τῆς ἐν Λειψίᾳ ἐκδόσεως B. G. Teubner,Ἰωάννης Στοβαῖος,John Stobaeus,Ἐκλογαὶ φυσικαὶ καὶ ἠθικαί,Physical and Moral Selections,Τόμ. 2,36,γρ.,
1895,IMG_1321.jpeg,ΚΛΑΣΙΚΟΙ ΕΛΛΗΝΕΣ ΚΑΙ ΛΑΤΙΝΟΙ ΣΥΓΓΡΑΦΕΙΣ,Classical Greek and Latin Authors,Α΄ ΕΛΛΗΝΕΣ - 1) Τῆς ἐν Λειψίᾳ ἐκδόσεως B. G. Teubner,Στράβων,Strabo,Γεωγραφικά,Geography,Τόμ. 3,36,γρ.,
1895,IMG_1321.jpeg,ΚΛΑΣΙΚΟΙ ΕΛΛΗΝΕΣ ΚΑΙ ΛΑΤΙΝΟΙ ΣΥΓΓΡΑΦΕΙΣ,Classical Greek and Latin Authors,Α΄ ΕΛΛΗΝΕΣ - 1) Τῆς ἐν Λειψίᾳ ἐκδόσεως B. G. Teubner,Συμεὼν Σὴθ,Symeon Seth,Σύνταγμα,Syntagma,,11,γρ.,
1895,IMG_1321.jpeg,ΚΛΑΣΙΚΟΙ ΕΛΛΗΝΕΣ ΚΑΙ ΛΑΤΙΝΟΙ ΣΥΓΓΡΑΦΕΙΣ,Classical Greek and Latin Authors,Α΄ ΕΛΛΗΝΕΣ - 1) Τῆς ἐν Λειψίᾳ ἐκδόσεως B. G. Teubner,Ὑπερείδης,Hyperides,Λόγοι καὶ Ἀποσπάσματα,Speeches and Fragments,,8,γρ.,
1895,IMG_1321.jpeg,ΚΛΑΣΙΚΟΙ ΕΛΛΗΝΕΣ ΚΑΙ ΛΑΤΙΝΟΙ ΣΥΓΓΡΑΦΕΙΣ,Classical Greek and Latin Authors,Α΄ ΕΛΛΗΝΕΣ - 1) Τῆς ἐν Λειψίᾳ ἐκδόσεως B. G. Teubner,Φιλόστρατος,Philostratus,Φιλόστρατος,Works,Τόμ. 2,50,γρ.,
1895,IMG_1321.jpeg,ΚΛΑΣΙΚΟΙ ΕΛΛΗΝΕΣ ΚΑΙ ΛΑΤΙΝΟΙ ΣΥΓΓΡΑΦΕΙΣ,Classical Greek and Latin Authors,Α΄ ΕΛΛΗΝΕΣ - 1) Τῆς ἐν Λειψίᾳ ἐκδόσεως B. G. Teubner,Χαρίτων Ἀφροδισιεύς,Chariton of Aphrodisias,Τὰ κατὰ Χαιρέαν καὶ Καλλιρρόην,Chaereas and Callirhoe,,,,ἰδὲ Ἐρωτικοί (See Erotici)
1895,IMG_1322.jpeg,ΚΛΑΣΙΚΟΙ ΕΛΛΗΝΕΣ ΚΑΙ ΛΑΤΙΝΟΙ ΣΥΓΓΡΑΦΕΙΣ,Classical Greek and Latin Authors,"2) Τῆς ἐν Παρισίοις ἐκδόσεως Hachette, (μετὰ δύο γαλλικῶν μεταφράσεων)",Αἰσχύλου,Aeschylus,"Ἑπτὰ ἐπὶ Θήβας, Materne",Seven Against Thebes (ed. Materne),,8,γρ.,
1895,IMG_1322.jpeg,ΚΛΑΣΙΚΟΙ ΕΛΛΗΝΕΣ ΚΑΙ ΛΑΤΙΝΟΙ ΣΥΓΓΡΑΦΕΙΣ,Classical Greek and Latin Authors,"2) Τῆς ἐν Παρισίοις ἐκδόσεως Hachette, (μετὰ δύο γαλλικῶν μεταφράσεων)",Βασιλείου τοῦ Μεγάλου,Basil the Great,"Παραίνεσις πρὸς τοὺς νέους, Sommer",Exhortation to Young Men (ed. Sommer),,9,γρόσια,
1895,IMG_1322.jpeg,ΚΛΑΣΙΚΟΙ ΕΛΛΗΝΕΣ ΚΑΙ ΛΑΤΙΝΟΙ ΣΥΓΓΡΑΦΕΙΣ,Classical Greek and Latin Authors,"2) Τῆς ἐν Παρισίοις ἐκδόσεως Hachette, (μετὰ δύο γαλλικῶν μεταφράσεων)",Βασιλείου τοῦ Μεγάλου,Basil the Great,"Πρόσεχε σεαυτῷ, Sommer",Attend to Yourself (ed. Sommer),,5,γρ.,
1895,IMG_1322.jpeg,ΚΛΑΣΙΚΟΙ ΕΛΛΗΝΕΣ ΚΑΙ ΛΑΤΙΝΟΙ ΣΥΓΓΡΑΦΕΙΣ,Classical Greek and Latin Authors,"2) Τῆς ἐν Παρισίοις ἐκδόσεως Hachette, (μετὰ δύο γαλλικῶν μεταφράσεων)",Γρηγορίου Ναζιανζηνοῦ,Gregory of Nazianzus,"Ἐγκώμιον ἐπικήδειον πρὸς Καισάριον, Sommer",Funeral Oration for Caesarius (ed. Sommer),,8,γρ.,
1895,IMG_1322.jpeg,ΚΛΑΣΙΚΟΙ ΕΛΛΗΝΕΣ ΚΑΙ ΛΑΤΙΝΟΙ ΣΥΓΓΡΑΦΕΙΣ,Classical Greek and Latin Authors,"2) Τῆς ἐν Παρισίοις ἐκδόσεως Hachette, (μετὰ δύο γαλλικῶν μεταφράσεων)",Γρηγορίου Νύσσης,Gregory of Nyssa,"Ἐπιτάφιος εἰς Μελέτιον, Sommer",Funeral Oration for Meletius (ed. Sommer),,5,γρ.,
1895,IMG_1322.jpeg,ΚΛΑΣΙΚΟΙ ΕΛΛΗΝΕΣ ΚΑΙ ΛΑΤΙΝΟΙ ΣΥΓΓΡΑΦΕΙΣ,Classical Greek and Latin Authors,"2) Τῆς ἐν Παρισίοις ἐκδόσεως Hachette, (μετὰ δύο γαλλικῶν μεταφράσεων)",Γρηγορίου Νύσσης,Gregory of Nyssa,"Ὁμιλία περὶ Μακκαβαίων, Sommer",Homily on the Maccabees (ed. Sommer),,5,γρ.,
1895,IMG_1322.jpeg,ΚΛΑΣΙΚΟΙ ΕΛΛΗΝΕΣ ΚΑΙ ΛΑΤΙΝΟΙ ΣΥΓΓΡΑΦΕΙΣ,Classical Greek and Latin Authors,"2) Τῆς ἐν Παρισίοις ἐκδόσεως Hachette, (μετὰ δύο γαλλικῶν μεταφράσεων)",Δημοσθένους,Demosthenes,"Ὁ πρὸς Λεπτίνην λόγος, Stiévenart",Against Leptines (ed. Stiévenart),,15,γρ.,
1895,IMG_1322.jpeg,ΚΛΑΣΙΚΟΙ ΕΛΛΗΝΕΣ ΚΑΙ ΛΑΤΙΝΟΙ ΣΥΓΓΡΑΦΕΙΣ,Classical Greek and Latin Authors,"2) Τῆς ἐν Παρισίοις ἐκδόσεως Hachette, (μετὰ δύο γαλλικῶν μεταφράσεων)",Δημοσθένους,Demosthenes,"Ὁ κατὰ Κτησιφῶντος ἢ περὶ στεφάνου λόγος, Sommer",Against Ctesiphon or On the Crown (ed. Sommer),,15,γρ.,
1895,IMG_1322.jpeg,ΚΛΑΣΙΚΟΙ ΕΛΛΗΝΕΣ ΚΑΙ ΛΑΤΙΝΟΙ ΣΥΓΓΡΑΦΕΙΣ,Classical Greek and Latin Authors,"2) Τῆς ἐν Παρισίοις ἐκδόσεως Hachette, (μετὰ δύο γαλλικῶν μεταφράσεων)",Διονυσίου Ἁλικαρνασσέως,Dionysius of Halicarnassus,"Ἐπιστολὴ πρὸς Ἀμμαῖον ἡ προτέρα, De Parnajon",First Letter to Ammaeus (ed. De Parnajon),,8,γρ.,
1895,IMG_1322.jpeg,ΚΛΑΣΙΚΟΙ ΕΛΛΗΝΕΣ ΚΑΙ ΛΑΤΙΝΟΙ ΣΥΓΓΡΑΦΕΙΣ,Classical Greek and Latin Authors,"2) Τῆς ἐν Παρισίοις ἐκδόσεως Hachette, (μετὰ δύο γαλλικῶν μεταφράσεων)",Εὐριπίδου,Euripides,"Ἠλέκτρα, Fix",Electra (ed. Fix),,15,γρ.,
1895,IMG_1322.jpeg,ΚΛΑΣΙΚΟΙ ΕΛΛΗΝΕΣ ΚΑΙ ΛΑΤΙΝΟΙ ΣΥΓΓΡΑΦΕΙΣ,Classical Greek and Latin Authors,"2) Τῆς ἐν Παρισίοις ἐκδόσεως Hachette, (μετὰ δύο γαλλικῶν μεταφράσεων)",Εὐριπίδου,Euripides,"Ἑκάβη, Leprévost",Hecuba (ed. Leprévost),,12,γρ.,
1895,IMG_1322.jpeg,ΚΛΑΣΙΚΟΙ ΕΛΛΗΝΕΣ ΚΑΙ ΛΑΤΙΝΟΙ ΣΥΓΓΡΑΦΕΙΣ,Classical Greek and Latin Authors,"2) Τῆς ἐν Παρισίοις ἐκδόσεως Hachette, (μετὰ δύο γαλλικῶν μεταφράσεων)",Εὐριπίδου,Euripides,"Ἱππόλυτος, Fix",Hippolytus (ed. Fix),,15,γρ.,
1895,IMG_1322.jpeg,ΚΛΑΣΙΚΟΙ ΕΛΛΗΝΕΣ ΚΑΙ ΛΑΤΙΝΟΙ ΣΥΓΓΡΑΦΕΙΣ,Classical Greek and Latin Authors,"2) Τῆς ἐν Παρισίοις ἐκδόσεως Hachette, (μετὰ δύο γαλλικῶν μεταφράσεων)",Εὐριπίδου,Euripides,"Ἰφιγένεια ἡ ἐν Αὐλίδι, Fix et Le Bas",Iphigenia in Aulis (ed. Fix and Le Bas),,15,γρ.,
1895,IMG_1322.jpeg,ΚΛΑΣΙΚΟΙ ΕΛΛΗΝΕΣ ΚΑΙ ΛΑΤΙΝΟΙ ΣΥΓΓΡΑΦΕΙΣ,Classical Greek and Latin Authors,"2) Τῆς ἐν Παρισίοις ἐκδόσεως Hachette, (μετὰ δύο γαλλικῶν μεταφράσεων)",Ἰσοκράτους,Isocrates,"Ἀρχίδαμος, Leprévost",Archidamus (ed. Leprévost),,8,γρ.,
1895,IMG_1322.jpeg,ΚΛΑΣΙΚΟΙ ΕΛΛΗΝΕΣ ΚΑΙ ΛΑΤΙΝΟΙ ΣΥΓΓΡΑΦΕΙΣ,Classical Greek and Latin Authors,"2) Τῆς ἐν Παρισίοις ἐκδόσεως Hachette, (μετὰ δύο γαλλικῶν μεταφράσεων)",Ἰσοκράτους,Isocrates,"Πρὸς Εὐαγόραν, Renouard",Evagoras (ed. Renouard),,5,γρ.,
1895,IMG_1322.jpeg,ΚΛΑΣΙΚΟΙ ΕΛΛΗΝΕΣ ΚΑΙ ΛΑΤΙΝΟΙ ΣΥΓΓΡΑΦΕΙΣ,Classical Greek and Latin Authors,"2) Τῆς ἐν Παρισίοις ἐκδόσεως Hachette, (μετὰ δύο γαλλικῶν μεταφράσεων)",Ἰσοκράτους,Isocrates,Πανηγυρικός,Panegyricus,,12,γρ.,
1895,IMG_1322.jpeg,ΚΛΑΣΙΚΟΙ ΕΛΛΗΝΕΣ ΚΑΙ ΛΑΤΙΝΟΙ ΣΥΓΓΡΑΦΕΙΣ,Classical Greek and Latin Authors,"2) Τῆς ἐν Παρισίοις ἐκδόσεως Hachette, (μετὰ δύο γαλλικῶν μεταφράσεων)",Λουκιανοῦ,Lucian,"Νεκρικοὶ Διάλογοι, Leprévost",Dialogues of the Dead (ed. Leprévost),,10,γρ.,
1895,IMG_1322.jpeg,ΚΛΑΣΙΚΟΙ ΕΛΛΗΝΕΣ ΚΑΙ ΛΑΤΙΝΟΙ ΣΥΓΓΡΑΦΕΙΣ,Classical Greek and Latin Authors,"2) Τῆς ἐν Παρισίοις ἐκδόσεως Hachette, (μετὰ δύο γαλλικῶν μεταφράσεων)",Ὁμήρου,Homer,"Ἰλιάς, Leprévost",Iliad (ed. Leprévost),Τόμ. 6,100,γρ.,Ἕκαστος τόμος ἀνὰ τέσσαρας ῥαψῳδίας
1895,IMG_1322.jpeg,ΚΛΑΣΙΚΟΙ ΕΛΛΗΝΕΣ ΚΑΙ ΛΑΤΙΝΟΙ ΣΥΓΓΡΑΦΕΙΣ,Classical Greek and Latin Authors,"2) Τῆς ἐν Παρισίοις ἐκδόσεως Hachette, (μετὰ δύο γαλλικῶν μεταφράσεων)",Πινδάρου,Pindar,"Ἰσθμιονῖκαι, Sommer",Isthmian Odes (ed. Sommer),,15,γρ.,
1895,IMG_1322.jpeg,ΚΛΑΣΙΚΟΙ ΕΛΛΗΝΕΣ ΚΑΙ ΛΑΤΙΝΟΙ ΣΥΓΓΡΑΦΕΙΣ,Classical Greek and Latin Authors,"2) Τῆς ἐν Παρισίοις ἐκδόσεως Hachette, (μετὰ δύο γαλλικῶν μεταφράσεων)",Πινδάρου,Pindar,"Νεμεονῖκαι, Sommer",Nemean Odes (ed. Sommer),,15,γρ.,
1895,IMG_1322.jpeg,ΚΛΑΣΙΚΟΙ ΕΛΛΗΝΕΣ ΚΑΙ ΛΑΤΙΝΟΙ ΣΥΓΓΡΑΦΕΙΣ,Classical Greek and Latin Authors,"2) Τῆς ἐν Παρισίοις ἐκδόσεως Hachette, (μετὰ δύο γαλλικῶν μεταφράσεων)",Πινδάρου,Pindar,"Ὀλυμπιονῖκαι, Sommer",Olympian Odes (ed. Sommer),,15,γρ.,
1895,IMG_1322.jpeg,ΚΛΑΣΙΚΟΙ ΕΛΛΗΝΕΣ ΚΑΙ ΛΑΤΙΝΟΙ ΣΥΓΓΡΑΦΕΙΣ,Classical Greek and Latin Authors,"2) Τῆς ἐν Παρισίοις ἐκδόσεως Hachette, (μετὰ δύο γαλλικῶν μεταφράσεων)",Πινδάρου,Pindar,"Πυθιονῖκαι, Sommer",Pythian Odes (ed. Sommer),,15,γρ.,
1895,IMG_1322.jpeg,ΚΛΑΣΙΚΟΙ ΕΛΛΗΝΕΣ ΚΑΙ ΛΑΤΙΝΟΙ ΣΥΓΓΡΑΦΕΙΣ,Classical Greek and Latin Authors,"2) Τῆς ἐν Παρισίοις ἐκδόσεως Hachette, (μετὰ δύο γαλλικῶν μεταφράσεων)",Πλάτωνος,Plato,"Ἀλκιβιάδης Α΄, Leprévost",Alcibiades I (ed. Leprévost),,15,γρ.,
1895,IMG_1322.jpeg,ΚΛΑΣΙΚΟΙ ΕΛΛΗΝΕΣ ΚΑΙ ΛΑΤΙΝΟΙ ΣΥΓΓΡΑΦΕΙΣ,Classical Greek and Latin Authors,"2) Τῆς ἐν Παρισίοις ἐκδόσεως Hachette, (μετὰ δύο γαλλικῶν μεταφράσεων)",Πλάτωνος,Plato,"Γοργίας, Sommer et Thurot",Gorgias (ed. Sommer and Thurot),,30,γρ.,
1895,IMG_1322.jpeg,ΚΛΑΣΙΚΟΙ ΕΛΛΗΝΕΣ ΚΑΙ ΛΑΤΙΝΟΙ ΣΥΓΓΡΑΦΕΙΣ,Classical Greek and Latin Authors,"2) Τῆς ἐν Παρισίοις ἐκδόσεως Hachette, (μετὰ δύο γαλλικῶν μεταφράσεων)",Πλουτάρχου,Plutarch,"Βίος Ἀριστείδου, Talbot",Life of Aristeides (ed. Talbot),,12,γρ.,
1895,IMG_1322.jpeg,ΚΛΑΣΙΚΟΙ ΕΛΛΗΝΕΣ ΚΑΙ ΛΑΤΙΝΟΙ ΣΥΓΓΡΑΦΕΙΣ,Classical Greek and Latin Authors,"2) Τῆς ἐν Παρισίοις ἐκδόσεως Hachette, (μετὰ δύο γαλλικῶν μεταφράσεων)",Πλουτάρχου,Plutarch,"Βίος Θεμιστοκλέους, Sommer et Talbot",Life of Themistocles (ed. Sommer and Talbot),,12,γρ.,
1895,IMG_1322.jpeg,ΚΛΑΣΙΚΟΙ ΕΛΛΗΝΕΣ ΚΑΙ ΛΑΤΙΝΟΙ ΣΥΓΓΡΑΦΕΙΣ,Classical Greek and Latin Authors,"2) Τῆς ἐν Παρισίοις ἐκδόσεως Hachette, (μετὰ δύο γαλλικῶν μεταφράσεων)",Πλουτάρχου,Plutarch,"Περὶ παίδων ἀγωγῆς, Daudy et Bétolaud",On the Education of Children (ed. Daudy and Bétolaud),,12,γρ.,
1895,IMG_1322.jpeg,ΚΛΑΣΙΚΟΙ ΕΛΛΗΝΕΣ ΚΑΙ ΛΑΤΙΝΟΙ ΣΥΓΓΡΑΦΕΙΣ,Classical Greek and Latin Authors,"2) Τῆς ἐν Παρισίοις ἐκδόσεως Hachette, (μετὰ δύο γαλλικῶν μεταφράσεων)",Σοφοκλέους,Sophocles,"Αἴας, Bellaguet",Ajax (ed. Bellaguet),,12,γρ.,
1895,IMG_1322.jpeg,ΚΛΑΣΙΚΟΙ ΕΛΛΗΝΕΣ ΚΑΙ ΛΑΤΙΝΟΙ ΣΥΓΓΡΑΦΕΙΣ,Classical Greek and Latin Authors,"2) Τῆς ἐν Παρισίοις ἐκδόσεως Hachette, (μετὰ δύο γαλλικῶν μεταφράσεων)",Σοφοκλέους,Sophocles,"Ἀντιγόνη, Bellaguet",Antigone (ed. Bellaguet),,12,γρ.,
1895,IMG_1323.jpeg,ΚΛΑΣΙΚΟΙ ΕΛΛΗΝΕΣ ΚΑΙ ΛΑΤΙΝΟΙ ΣΥΓΓΡΑΦΕΙΣ,Classical Greek and Latin Authors,"2) Τῆς ἐν Παρισίοις ἐκδόσεως Hachette, (μετὰ δύο γαλλικῶν μεταφράσεων)",Σοφοκλέους,Sophocles,Οἰδίπους ἐπὶ Κολωνῷ,Oedipus at Colonus,,10,γρ.,Bellaguet
1895,IMG_1323.jpeg,ΚΛΑΣΙΚΟΙ ΕΛΛΗΝΕΣ ΚΑΙ ΛΑΤΙΝΟΙ ΣΥΓΓΡΑΦΕΙΣ,Classical Greek and Latin Authors,"2) Τῆς ἐν Παρισίοις ἐκδόσεως Hachette, (μετὰ δύο γαλλικῶν μεταφράσεων)",Σοφοκλέους,Sophocles,Οἰδίπους Τύραννος,Oedipus Rex,,8,γρ.,Sommer et Bellaguet
1895,IMG_1323.jpeg,ΚΛΑΣΙΚΟΙ ΕΛΛΗΝΕΣ ΚΑΙ ΛΑΤΙΝΟΙ ΣΥΓΓΡΑΦΕΙΣ,Classical Greek and Latin Authors,"2) Τῆς ἐν Παρισίοις ἐκδόσεως Hachette, (μετὰ δύο γαλλικῶν μεταφράσεων)",Σοφοκλέους,Sophocles,Φιλοκτήτης,Philoctetes,,12,γρ.,Benloew et Bellaguet
1895,IMG_1323.jpeg,ΚΛΑΣΙΚΟΙ ΕΛΛΗΝΕΣ ΚΑΙ ΛΑΤΙΝΟΙ ΣΥΓΓΡΑΦΕΙΣ,Classical Greek and Latin Authors,"2) Τῆς ἐν Παρισίοις ἐκδόσεως Hachette, (μετὰ δύο γαλλικῶν μεταφράσεων)",Σοφοκλέους,Sophocles,Τραχίνιαι,Women of Trachis,,12,γρ.,Benloew et Bellaguet
1895,IMG_1323.jpeg,ΚΛΑΣΙΚΟΙ ΕΛΛΗΝΕΣ ΚΑΙ ΛΑΤΙΝΟΙ ΣΥΓΓΡΑΦΕΙΣ,Classical Greek and Latin Authors,"2) Τῆς ἐν Παρισίοις ἐκδόσεως Hachette, (μετὰ δύο γαλλικῶν μεταφράσεων)",Χρυσοστόμου Ἰωάννου,John Chrysostom,Ὁμιλία ἐπὶ τῇ ἐπιστροφῇ τοῦ ἐπισκόπου Φλαβιανοῦ,Homily on the Return of Bishop Flavian,,5,γρ.,Sommer
1895,IMG_1323.jpeg,Β΄ ΛΑΤΙΝΟΙ,Latin Authors,1) Τῆς ἐν Λειψίᾳ ἐκδόσεως B. G. Teubner.,Anthologia Latina,Anthologia Latina,Anthologia Latina,Latin Anthology,Τόμ. 2,45,γρ.,
1895,IMG_1323.jpeg,Β΄ ΛΑΤΙΝΟΙ,Latin Authors,1) Τῆς ἐν Λειψίᾳ ἐκδόσεως B. G. Teubner.,Cæsar,Julius Caesar,"Commentarii, cum supplementis","Commentaries, with supplements",,9,γρ.,
1895,IMG_1323.jpeg,Β΄ ΛΑΤΙΝΟΙ,Latin Authors,1) Τῆς ἐν Λειψίᾳ ἐκδόσεως B. G. Teubner.,Cæsar,Julius Caesar,De bello gallico,Gallic War,,4 παρ. 20,γρ.,
1895,IMG_1323.jpeg,Β΄ ΛΑΤΙΝΟΙ,Latin Authors,1) Τῆς ἐν Λειψίᾳ ἐκδόσεως B. G. Teubner.,Cæsar,Julius Caesar,De bello civili,Civil War,,3 παρ. 20,γρ.,
1895,IMG_1323.jpeg,Β΄ ΛΑΤΙΝΟΙ,Latin Authors,1) Τῆς ἐν Λειψίᾳ ἐκδόσεως B. G. Teubner.,Celsi,Aulus Cornelius Celsus,De medicinis libri octo,Eight Books on Medicine,,18,γρ.,
1895,IMG_1323.jpeg,Β΄ ΛΑΤΙΝΟΙ,Latin Authors,1) Τῆς ἐν Λειψίᾳ ἐκδόσεως B. G. Teubner.,Ciceronis,Cicero,Scripta Omnia,Complete Works,Τόμ. 11,125,γρ.,
1895,IMG_1323.jpeg,Β΄ ΛΑΤΙΝΟΙ,Latin Authors,1) Τῆς ἐν Λειψίᾳ ἐκδόσεως B. G. Teubner.,Ciceronis,Cicero,№ 1. Rhetorica ad Herennium,No. 1. Rhetorica ad Herennium,,4 παρ. 20,γρ.,
1895,IMG_1323.jpeg,Β΄ ΛΑΤΙΝΟΙ,Latin Authors,1) Τῆς ἐν Λειψίᾳ ἐκδόσεως B. G. Teubner.,Ciceronis,Cicero,2. De inventione,No. 2. On Invention,,4 παρ. 20,γρ.,
1895,IMG_1323.jpeg,Β΄ ΛΑΤΙΝΟΙ,Latin Authors,1) Τῆς ἐν Λειψίᾳ ἐκδόσεως B. G. Teubner.,Ciceronis,Cicero,3. De oratore,No. 3. On the Orator,,6,γρ.,
1895,IMG_1323.jpeg,Β΄ ΛΑΤΙΝΟΙ,Latin Authors,1) Τῆς ἐν Λειψίᾳ ἐκδόσεως B. G. Teubner.,Ciceronis,Cicero,4. Brutus,No. 4. Brutus,,3 παρ. 20,γρ.,
1895,IMG_1323.jpeg,Β΄ ΛΑΤΙΝΟΙ,Latin Authors,1) Τῆς ἐν Λειψίᾳ ἐκδόσεως B. G. Teubner.,Ciceronis,Cicero,5. Orator,No. 5. Orator,,3,γρ.,
1895,IMG_1323.jpeg,Β΄ ΛΑΤΙΝΟΙ,Latin Authors,1) Τῆς ἐν Λειψίᾳ ἐκδόσεως B. G. Teubner.,Ciceronis,Cicero,"6. Topica, partitiones et de optimo genere oratorum","No. 6. Topics, Partitions, and On the Best Kind of Orators",,3,γρ.,
1895,IMG_1323.jpeg,Β΄ ΛΑΤΙΝΟΙ,Latin Authors,1) Τῆς ἐν Λειψίᾳ ἐκδόσεως B. G. Teubner.,Ciceronis,Cicero,"7. Orationes pro Quinctio, pro Sex. Roscio Amerino, pro Roscio Comœdo","No. 7. Speeches: Pro Quinctio, Pro Sex. Roscio Amerino, Pro Roscio Comoedo",,3 παρ. 20,γρ.,
1895,IMG_1323.jpeg,Β΄ ΛΑΤΙΝΟΙ,Latin Authors,1) Τῆς ἐν Λειψίᾳ ἐκδόσεως B. G. Teubner.,Ciceronis,Cicero,"8. Divinatio in Cæcilium, actio in Verrem prima","No. 8. Divinatio against Caecilius, First Oration against Verres",,3,γρ.,
1895,IMG_1323.jpeg,Β΄ ΛΑΤΙΝΟΙ,Latin Authors,1) Τῆς ἐν Λειψίᾳ ἐκδόσεως B. G. Teubner.,Ciceronis,Cicero,9. Actionis in C. Verrem secundæ sive accusationis lib. I—V,"No. 9. Second Oration against Gaius Verres, Books I–V",,8,γρ.,
1895,IMG_1323.jpeg,Β΄ ΛΑΤΙΝΟΙ,Latin Authors,1) Τῆς ἐν Λειψίᾳ ἐκδόσεως B. G. Teubner.,Ciceronis,Cicero,"10. Orationes pro M. Tullio, pro E. Fonteio, pro A. Cæcina, de imperio Pompeii (pro lege Manilia)","No. 10. Speeches: Pro M. Tullio, Pro M. Fonteio, Pro A. Caecina, On the Command of Pompey (Pro Lege Manilia)",,3,γρ.,
1895,IMG_1324.jpeg,Β΄ ΛΑΤΙΝΟΙ,Latin Authors,1) Τῆς ἐν Λειψίᾳ ἐκδόσεως B. G. Teubner.,Ciceronis,Cicero,"pro A. Cluentio Avito, de lege agraria tres, pro C. Rabirio perduellionis reo","For Aulus Cluentius Habitus, On the Agrarian Law (three speeches), For Gaius Rabirius Charged with High Treason",,4.20,γρ.,Item N° 11
1895,IMG_1324.jpeg,Β΄ ΛΑΤΙΝΟΙ,Latin Authors,1) Τῆς ἐν Λειψίᾳ ἐκδόσεως B. G. Teubner.,Ciceronis,Cicero,"in L. Catilinam quattuor, pro L. Murena, pro L. Flacco","Against Catiline (four speeches), For Lucius Murena, For Lucius Flaccus",,3.20,γρ.,Item 12
1895,IMG_1324.jpeg,Β΄ ΛΑΤΙΝΟΙ,Latin Authors,1) Τῆς ἐν Λειψίᾳ ἐκδόσεως B. G. Teubner.,Ciceronis,Cicero,"pro P. Sulla, pro A. Licinio Archia poëta","For Publius Sulla, For Aulus Licinius Archias the Poet",,2,γρ.,Item 13
1895,IMG_1324.jpeg,Β΄ ΛΑΤΙΝΟΙ,Latin Authors,1) Τῆς ἐν Λειψίᾳ ἐκδόσεως B. G. Teubner.,Ciceronis,Cicero,"post reditum in senatu et post reditum ad Quirites habitæ, de domo sua, de aruspicum responso","Speeches After His Return: In the Senate and To the Citizens, On His House, On the Response of the Haruspices",,3.20,γρ.,Item 14
1895,IMG_1324.jpeg,Β΄ ΛΑΤΙΝΟΙ,Latin Authors,1) Τῆς ἐν Λειψίᾳ ἐκδόσεως B. G. Teubner.,Ciceronis,Cicero,"pro P. Sestio, in P. Vatinium, pro M. Cælio","For Publius Sestius, Against Publius Vatinius, For Marcus Caelius",,3.20,γρ.,Item 15
1895,IMG_1324.jpeg,Β΄ ΛΑΤΙΝΟΙ,Latin Authors,1) Τῆς ἐν Λειψίᾳ ἐκδόσεως B. G. Teubner.,Ciceronis,Cicero,"de provinciis consularibus, pro L. Cornelio Balbo, in L. Calpurnium Pisonem, pro Plancio, pro C. Rabirio Postumo","On the Consular Provinces, For Lucius Cornelius Balbus, Against Lucius Calpurnius Piso, For Plancius, For Gaius Rabirius Postumus",,3.20,γρ.,Item 16
1895,IMG_1324.jpeg,Β΄ ΛΑΤΙΝΟΙ,Latin Authors,1) Τῆς ἐν Λειψίᾳ ἐκδόσεως B. G. Teubner.,Ciceronis,Cicero,"pro T. Annio Milone, pro M. Marcello, pro Q. Ligario, pro rege Deiotaro","For Titus Annius Milo, For Marcus Marcellus, For Quintus Ligarius, For King Deiotarus",,3,γρ.,Item 17
1895,IMG_1324.jpeg,Β΄ ΛΑΤΙΝΟΙ,Latin Authors,1) Τῆς ἐν Λειψίᾳ ἐκδόσεως B. G. Teubner.,Ciceronis,Cicero,in M. Antonium Philippicæ XIV,Philippics Against Marcus Antonius (14 Speeches),,5.20,γρ.,Item 18
1895,IMG_1324.jpeg,Β΄ ΛΑΤΙΝΟΙ,Latin Authors,1) Τῆς ἐν Λειψίᾳ ἐκδόσεως B. G. Teubner.,Ciceronis,Cicero,Epistolarum ad familiares libri I—IV,"Letters to Friends, Books I–IV",,3.20,γρ.,Item 19
1895,IMG_1324.jpeg,Β΄ ΛΑΤΙΝΟΙ,Latin Authors,1) Τῆς ἐν Λειψίᾳ ἐκδόσεως B. G. Teubner.,Ciceronis,Cicero,Epistolarum ad familiares libri V—VIII,"Letters to Friends, Books V–VIII",,3.20,γρ.,Item 20
1895,IMG_1324.jpeg,Β΄ ΛΑΤΙΝΟΙ,Latin Authors,1) Τῆς ἐν Λειψίᾳ ἐκδόσεως B. G. Teubner.,Ciceronis,Cicero,Epistolarum ad familiares libri IX—XII,"Letters to Friends, Books IX–XII",,3.20,γρ.,Item 21
1895,IMG_1324.jpeg,Β΄ ΛΑΤΙΝΟΙ,Latin Authors,1) Τῆς ἐν Λειψίᾳ ἐκδόσεως B. G. Teubner.,Ciceronis,Cicero,Epistolarum ad familiares libri XIII—XVI,"Letters to Friends, Books XIII–XVI",,3.20,γρ.,Item 22
1895,IMG_1324.jpeg,Β΄ ΛΑΤΙΝΟΙ,Latin Authors,1) Τῆς ἐν Λειψίᾳ ἐκδόσεως B. G. Teubner.,Ciceronis,Cicero,"Epistolæ ad Quintum fratrem, Q. Ciceronis de petitione consulatus ad M. fratrem liber, eiusdem versus quidam de signis XII, eiusdem, ut fertur, epigramma de amore feminarum",Letters to His Brother Quintus; Quintus Cicero's Handbook on Canvassing for the Consulship to His Brother Marcus; Verses on the Twelve Signs; Epigram on Women's Love,,3,γρ.,Item 23; text prints 'liver' for 'liber'
1895,IMG_1324.jpeg,Β΄ ΛΑΤΙΝΟΙ,Latin Authors,1) Τῆς ἐν Λειψίᾳ ἐκδόσεως B. G. Teubner.,Ciceronis,Cicero,Epistolarum ad Atticum libri I—IV,"Letters to Atticus, Books I–IV",,3.20,γρ.,Item 24
1895,IMG_1324.jpeg,Β΄ ΛΑΤΙΝΟΙ,Latin Authors,1) Τῆς ἐν Λειψίᾳ ἐκδόσεως B. G. Teubner.,Ciceronis,Cicero,Epistolarum ad Atticum libri V—VIII,"Letters to Atticus, Books V–VIII",,3.20,γρ.,Item 25
1895,IMG_1324.jpeg,Β΄ ΛΑΤΙΝΟΙ,Latin Authors,1) Τῆς ἐν Λειψίᾳ ἐκδόσεως B. G. Teubner.,Ciceronis,Cicero,Epistolarum ad Atticum libri IX—XII,"Letters to Atticus, Books IX–XII",,3.20,γρ.,Item 26
1895,IMG_1324.jpeg,Β΄ ΛΑΤΙΝΟΙ,Latin Authors,1) Τῆς ἐν Λειψίᾳ ἐκδόσεως B. G. Teubner.,Ciceronis,Cicero,Epistolarum ad Atticum libri XIII—XVI,"Letters to Atticus, Books XIII–XVI",,3.20,γρ.,Item 27
1895,IMG_1324.jpeg,Β΄ ΛΑΤΙΝΟΙ,Latin Authors,1) Τῆς ἐν Λειψίᾳ ἐκδόσεως B. G. Teubner.,Ciceronis,Cicero,ad Brutum libri duo et epistola ad Octavium,Letters to Brutus (two books) and Letter to Octavian,,3.20,γρ.,Item 28
1895,IMG_1324.jpeg,Β΄ ΛΑΤΙΝΟΙ,Latin Authors,1) Τῆς ἐν Λειψίᾳ ἐκδόσεως B. G. Teubner.,Ciceronis,Cicero,Academiorum ad M. Varronem libri duo,Academics Dedicated to Marcus Varro (two books),,3.20,γρ.,Item 29
1895,IMG_1324.jpeg,Β΄ ΛΑΤΙΝΟΙ,Latin Authors,1) Τῆς ἐν Λειψίᾳ ἐκδόσεως B. G. Teubner.,Ciceronis,Cicero,De finibus bonorum et malorum libri quinque,On the Ends of Good and Evil (five books),,5.20,γρ.,Item 30
1895,IMG_1324.jpeg,Β΄ ΛΑΤΙΝΟΙ,Latin Authors,1) Τῆς ἐν Λειψίᾳ ἐκδόσεως B. G. Teubner.,Ciceronis,Cicero,Tusculanarum disputationum libri quinque,Tusculan Disputations (five books),,4.20,γρ.,Item 31; printed as 'Tuscunalanarum'
1895,IMG_1324.jpeg,Β΄ ΛΑΤΙΝΟΙ,Latin Authors,1) Τῆς ἐν Λειψίᾳ ἐκδόσεως B. G. Teubner.,Ciceronis,Cicero,De natura deorum libri tres,On the Nature of the Gods (three books),,3.20,γρ.,Item 32
1895,IMG_1325.jpeg,Β΄ ΛΑΤΙΝΟΙ,Latin Authors,1) Τῆς ἐν Λειψίᾳ ἐκδόσεως B. G. Teubner.,Ciceronis,Cicero,"№ 33. De divinatione libri duo, libri de fato quæ manserunt","On Divination in two books, On Fate (surviving fragments)",,3.20,γρ.,Price: 3 γρ. 20 παρ.
1895,IMG_1325.jpeg,Β΄ ΛΑΤΙΝΟΙ,Latin Authors,1) Τῆς ἐν Λειψίᾳ ἐκδόσεως B. G. Teubner.,Ciceronis,Cicero,№ 34. De re publica librorum sex quæ manserunt,On the Republic (surviving fragments of six books),,3.20,γρ.,Price: 3 γρ. 20 παρ.
1895,IMG_1325.jpeg,Β΄ ΛΑΤΙΝΟΙ,Latin Authors,1) Τῆς ἐν Λειψίᾳ ἐκδόσεως B. G. Teubner.,Ciceronis,Cicero,№ 35. De legibus libri tres,On the Laws in three books,,3.20,γρ.,Price: 3 γρ. 20 παρ.
1895,IMG_1325.jpeg,Β΄ ΛΑΤΙΝΟΙ,Latin Authors,1) Τῆς ἐν Λειψίᾳ ἐκδόσεως B. G. Teubner.,Ciceronis,Cicero,№ 36. De officiis ad Marcum filium libri tres,On Duties to His Son Marcus in three books,,3.20,γρ.,Price: 3 γρ. 20 παρ.
1895,IMG_1325.jpeg,Β΄ ΛΑΤΙΝΟΙ,Latin Authors,1) Τῆς ἐν Λειψίᾳ ἐκδόσεως B. G. Teubner.,Ciceronis,Cicero,№ 37. Cato maior de senectute. Lælius de amicitia. Paradoxa,Cato the Elder on Old Age. Laelius on Friendship. Paradoxes,,3,γρ.,
1895,IMG_1325.jpeg,Β΄ ΛΑΤΙΝΟΙ,Latin Authors,1) Τῆς ἐν Λειψίᾳ ἐκδόσεως B. G. Teubner.,CORNELLII NEPOTIS,Cornelius Nepos,De excellentibus ducibus exterarum gentium,On the Eminent Commanders of Foreign Nations,,2,γρ.,
1895,IMG_1325.jpeg,Β΄ ΛΑΤΙΝΟΙ,Latin Authors,1) Τῆς ἐν Λειψίᾳ ἐκδόσεως B. G. Teubner.,CURTII Q. RUFI,Quintus Curtius Rufus,De gestis Alexandri Magni,The History of Alexander the Great,,7.20,γρ.,Price: 7 γρ. 20 παρ.
1895,IMG_1325.jpeg,Β΄ ΛΑΤΙΝΟΙ,Latin Authors,1) Τῆς ἐν Λειψίᾳ ἐκδόσεως B. G. Teubner.,EUTROPII,Eutropius,Breviarum historiæ romanæ,Abridgement of Roman History,,3,γρ.,
1895,IMG_1325.jpeg,Β΄ ΛΑΤΙΝΟΙ,Latin Authors,1) Τῆς ἐν Λειψίᾳ ἐκδόσεως B. G. Teubner.,GARGILII MARTIALIS,Gargilius Martialis,Medecina,Medicine,,15,γρ.,
1895,IMG_1325.jpeg,Β΄ ΛΑΤΙΝΟΙ,Latin Authors,1) Τῆς ἐν Λειψίᾳ ἐκδόσεως B. G. Teubner.,GELLII AULI,Aulus Gellius,Noctium Atticarum libri XX,Attic Nights in 20 books,Τόμ. 2,25,γρ.,
1895,IMG_1325.jpeg,Β΄ ΛΑΤΙΝΟΙ,Latin Authors,1) Τῆς ἐν Λειψίᾳ ἐκδόσεως B. G. Teubner.,HORATII Q. FLACCI,Horace,Opera Omnia,Complete Works,,6,γρ.,
1895,IMG_1325.jpeg,Β΄ ΛΑΤΙΝΟΙ,Latin Authors,1) Τῆς ἐν Λειψίᾳ ἐκδόσεως B. G. Teubner.,IUSTINUS,Justin,Iustinus,Justin,,9,γρ.,
1895,IMG_1325.jpeg,Β΄ ΛΑΤΙΝΟΙ,Latin Authors,1) Τῆς ἐν Λειψίᾳ ἐκδόσεως B. G. Teubner.,OVIDIUS P. NASO,Ovid,Vol. I. Amores. Epistolæ. De medicamine faciei. Ars. Remedia,Vol. I. Amores. Epistles. On Facial Cosmetics. The Art of Love. Remedies for Love,Vol. I,6,γρ.,
1895,IMG_1325.jpeg,Β΄ ΛΑΤΙΝΟΙ,Latin Authors,1) Τῆς ἐν Λειψίᾳ ἐκδόσεως B. G. Teubner.,OVIDIUS P. NASO,Ovid,Vol. II. Metamorphoses,Vol. II. Metamorphoses,Vol. II,5.20,γρ.,Price: 5 γρ. 20 παρ.
1895,IMG_1325.jpeg,Β΄ ΛΑΤΙΝΟΙ,Latin Authors,1) Τῆς ἐν Λειψίᾳ ἐκδόσεως B. G. Teubner.,OVIDIUS P. NASO,Ovid,"Vol. III. Tristia, Ibis. Ex-Ponto libri. Fasti. Haliutica","Vol. III. Tristia, Ibis. Letters from Pontus. Fasti. Halieutica",Vol. III,6,γρ.,
1895,IMG_1325.jpeg,Β΄ ΛΑΤΙΝΟΙ,Latin Authors,1) Τῆς ἐν Λειψίᾳ ἐκδόσεως B. G. Teubner.,PLINI CAECILI SECUNDI,Pliny the Younger,Epistularum,Letters,,7.50,γρ.,
1895,IMG_1325.jpeg,Β΄ ΛΑΤΙΝΟΙ,Latin Authors,1) Τῆς ἐν Λειψίᾳ ἐκδόσεως B. G. Teubner.,QUINTILIANI M. FABII,Quintilian,Institutionis oratoriæ libri XII,Institutes of Oratory in 12 books,Τόμ. 2,15,γρ.,
1895,IMG_1325.jpeg,Β΄ ΛΑΤΙΝΟΙ,Latin Authors,1) Τῆς ἐν Λειψίᾳ ἐκδόσεως B. G. Teubner.,REGIS APOLLONII,Apollonius of Tyre,Historia Tyri,"Story of Apollonius, King of Tyre",,7.20,γρ.,Price: 7 γρ. 20 παρ.
1895,IMG_1325.jpeg,Β΄ ΛΑΤΙΝΟΙ,Latin Authors,1) Τῆς ἐν Λειψίᾳ ἐκδόσεως B. G. Teubner.,SALLUSTI GAI CRISPI,Sallust,"De Catilinæ, et de bello Iugurtico",The Conspiracy of Catiline and the Jugurthine War,,3,γρ.,
1895,IMG_1325.jpeg,Β΄ ΛΑΤΙΝΟΙ,Latin Authors,1) Τῆς ἐν Λειψίᾳ ἐκδόσεως B. G. Teubner.,SUETONI C.,Suetonius,Tranquilli quæ supersunt omnia,Complete Surviving Works of Suetonius Tranquillus,,9,γρ.,
1895,IMG_1325.jpeg,Β΄ ΛΑΤΙΝΟΙ,Latin Authors,1) Τῆς ἐν Λειψίᾳ ἐκδόσεως B. G. Teubner.,TACITI C. CORNELII,Tacitus,Opera,Works,Τόμ. 2,15,γρ.,
1895,IMG_1325.jpeg,Β΄ ΛΑΤΙΝΟΙ,Latin Authors,1) Τῆς ἐν Λειψίᾳ ἐκδόσεως B. G. Teubner.,TIBULLI ALBII,Tibullus,Libri Quattuor,Four Books,,5,γρ.,
1895,IMG_1325.jpeg,Β΄ ΛΑΤΙΝΟΙ,Latin Authors,1) Τῆς ἐν Λειψίᾳ ἐκδόσεως B. G. Teubner.,TITI LIVII,Livy,Ab urbe condita libri CXL,History of Rome from Its Foundation in 140 books,Τόμ. 6,35,γρ.,
1895,IMG_1325.jpeg,Β΄ ΛΑΤΙΝΟΙ,Latin Authors,1) Τῆς ἐν Λειψίᾳ ἐκδόσεως B. G. Teubner.,TROGUS POMPEJUS,Trogus Pompeius,TROGUS POMPEJUS (vite Iustinus),Trogus Pompeius (see Justin),,,,Cross-reference note: (vite Iustinus)
1895,IMG_1325.jpeg,Β΄ ΛΑΤΙΝΟΙ,Latin Authors,1) Τῆς ἐν Λειψίᾳ ἐκδόσεως B. G. Teubner.,VIRGILII P. MARONIS,Virgil,Opera Omnia,Complete Works,,8,γρ.,
1895,IMG_1325.jpeg,Β΄ ΛΑΤΙΝΟΙ,Latin Authors,1) Τῆς ἐν Λειψίᾳ ἐκδόσεως B. G. Teubner.,VIRGILII P. MARONIS,Virgil,Æneis,Aeneid,,5.20,γρ.,Price: 5 γρ. 20 παρ.
1895,IMG_1326.jpeg,Β΄ ΛΑΤΙΝΟΙ,Latin Authors,2) Τῆς ἐν Παρισίοις ἐκδόσεως Hachette.,CICERON,Cicero,"Les Catilinaires, Thibault","The Catiline Orations, Thibault",,12,γρ.,μετὰ δύο γαλλικῶν μεταφράσεων
1895,IMG_1326.jpeg,Β΄ ΛΑΤΙΝΟΙ,Latin Authors,2) Τῆς ἐν Παρισίοις ἐκδόσεως Hachette.,CICERON,Cicero,"Dialogue sur l'Amitié, Legouez","Dialogue on Friendship (Laelius de Amicitia), Legouez",,8,γρ.,μετὰ δύο γαλλικῶν μεταφράσεων
1895,IMG_1326.jpeg,Β΄ ΛΑΤΙΝΟΙ,Latin Authors,2) Τῆς ἐν Παρισίοις ἐκδόσεως Hachette.,CICERON,Cicero,"Plaidoyer pour Archias, Chanselle","Speech for Archias (Pro Archia), Chanselle",,6,γρ.,μετὰ δύο γαλλικῶν μεταφράσεων
1895,IMG_1326.jpeg,Β΄ ΛΑΤΙΝΟΙ,Latin Authors,2) Τῆς ἐν Παρισίοις ἐκδόσεως Hachette.,CICERON,Cicero,"Plaidoyer pour Murena, Thibault","Speech for Murena (Pro Murena), Thibault",,15,γρ.,μετὰ δύο γαλλικῶν μεταφράσεων
1895,IMG_1326.jpeg,Β΄ ΛΑΤΙΝΟΙ,Latin Authors,2) Τῆς ἐν Παρισίοις ἐκδόσεως Hachette.,HORACE,Horace,"L'Art Poétique, Taillefert","The Art of Poetry (Ars Poetica), Taillefert",,5,γρ.,μετὰ δύο γαλλικῶν μεταφράσεων
1895,IMG_1326.jpeg,Β΄ ΛΑΤΙΝΟΙ,Latin Authors,2) Τῆς ἐν Παρισίοις ἐκδόσεως Hachette.,VIRGILE,Virgil,"Les Bucoliques, Sommer et Desportes","The Eclogues (Bucolics), Sommer and Desportes",,6,γρ.,μετὰ δύο γαλλικῶν μεταφράσεων
1895,IMG_1327.jpeg,"Δ΄ ΚΕΙΜΕΝΑ, ΣΧΟΛΙΑ, ΠΑΡΑΦΡΑΣΕΙΣ, ΕΡΜΗΝΕΙΑΙ ΕΛΛΗΝΩΝ ΚΑΙ ΛΑΤΙΝΩΝ ΣΥΓΓΡΑΦΕΩΝ - Α΄ ΕΛΛΗΝΩΝ","Texts, Scholia, Paraphrases, Interpretations of Greek and Latin Authors - A. Greek Authors",,Αἰσχίνης,Aeschines,"κατὰ Κτησιφῶντος, μετάφρασις Χ. Παμπούκη","Against Ctesiphon, translation by C. Pampoukis",σελ. 123,10,γρόσια,μετάφρασις Χ. Παμπούκη
1895,IMG_1327.jpeg,"Δ΄ ΚΕΙΜΕΝΑ, ΣΧΟΛΙΑ, ΠΑΡΑΦΡΑΣΕΙΣ, ΕΡΜΗΝΕΙΑΙ ΕΛΛΗΝΩΝ ΚΑΙ ΛΑΤΙΝΩΝ ΣΥΓΓΡΑΦΕΩΝ - Α΄ ΕΛΛΗΝΩΝ","Texts, Scholia, Paraphrases, Interpretations of Greek and Latin Authors - A. Greek Authors",,Αἰσχίνης,Aeschines,κατὰ Κτησιφῶντος καὶ Δημοσθένους ὁ περὶ στεφάνου,Against Ctesiphon and Demosthenes' On the Crown,"8ον, σελ. 7",5,γρ.,
1895,IMG_1327.jpeg,"Δ΄ ΚΕΙΜΕΝΑ, ΣΧΟΛΙΑ, ΠΑΡΑΦΡΑΣΕΙΣ, ΕΡΜΗΝΕΙΑΙ ΕΛΛΗΝΩΝ ΚΑΙ ΛΑΤΙΝΩΝ ΣΥΓΓΡΑΦΕΩΝ - Α΄ ΕΛΛΗΝΩΝ","Texts, Scholia, Paraphrases, Interpretations of Greek and Latin Authors - A. Greek Authors",,Αἰσχύλος,Aeschylus,"εἰς τὰ Παλαιὰ Σχόλια Κριτικὰ καὶ παλαιογραφικά, ὑπὸ Π. Ν. Παπαγεωργίου","Critical and Palaeographical Remarks on the Ancient Scholia, by P. N. Papageorgiou","8ον, σελ. 36",6,γρ.,ὑπὸ Π. Ν. Παπαγεωργίου
1895,IMG_1327.jpeg,"Δ΄ ΚΕΙΜΕΝΑ, ΣΧΟΛΙΑ, ΠΑΡΑΦΡΑΣΕΙΣ, ΕΡΜΗΝΕΙΑΙ ΕΛΛΗΝΩΝ ΚΑΙ ΛΑΤΙΝΩΝ ΣΥΓΓΡΑΦΕΩΝ - Α΄ ΕΛΛΗΝΩΝ","Texts, Scholia, Paraphrases, Interpretations of Greek and Latin Authors - A. Greek Authors",,Αἰσχύλος,Aeschylus,"Πέρσαι, μελέτη Α. Μηλιαράκη","The Persians, study by A. Miliarakis",σελ. 56,4,γρ.,μελέτη Α. Μηλιαράκη
1895,IMG_1327.jpeg,"Δ΄ ΚΕΙΜΕΝΑ, ΣΧΟΛΙΑ, ΠΑΡΑΦΡΑΣΕΙΣ, ΕΡΜΗΝΕΙΑΙ ΕΛΛΗΝΩΝ ΚΑΙ ΛΑΤΙΝΩΝ ΣΥΓΓΡΑΦΕΩΝ - Α΄ ΕΛΛΗΝΩΝ","Texts, Scholia, Paraphrases, Interpretations of Greek and Latin Authors - A. Greek Authors",,Αἰσχύλος,Aeschylus,"Les Perses, traduction d' Em. Burnouf","The Persians, translation by Em. Burnouf",σελ. 48,4,γρ.,traduction d' Em. Burnouf
1895,IMG_1327.jpeg,"Δ΄ ΚΕΙΜΕΝΑ, ΣΧΟΛΙΑ, ΠΑΡΑΦΡΑΣΕΙΣ, ΕΡΜΗΝΕΙΑΙ ΕΛΛΗΝΩΝ ΚΑΙ ΛΑΤΙΝΩΝ ΣΥΓΓΡΑΦΕΩΝ - Α΄ ΕΛΛΗΝΩΝ","Texts, Scholia, Paraphrases, Interpretations of Greek and Latin Authors - A. Greek Authors",,Ἀνακρέων,Anacreon,"ᾠδαί, παράφρασις Χ. Στεφανίδου","Odes, paraphrase by C. Stefanidou",σελ. 135,3,γρ.,παράφρασις Χ. Στεφανίδου
1895,IMG_1327.jpeg,"Δ΄ ΚΕΙΜΕΝΑ, ΣΧΟΛΙΑ, ΠΑΡΑΦΡΑΣΕΙΣ, ΕΡΜΗΝΕΙΑΙ ΕΛΛΗΝΩΝ ΚΑΙ ΛΑΤΙΝΩΝ ΣΥΓΓΡΑΦΕΩΝ - Α΄ ΕΛΛΗΝΩΝ","Texts, Scholia, Paraphrases, Interpretations of Greek and Latin Authors - A. Greek Authors",,Ἀριστοφάνης,Aristophanes,σχολιασθεὶς κτλ. ὑπὸ Νεοφύτου Δούκα,Annotated etc. by Neophytos Doukas,"τόμ. 3, σελ. 857",30,γρ.,ὑπὸ Νεοφύτου Δούκα
1895,IMG_1327.jpeg,"Δ΄ ΚΕΙΜΕΝΑ, ΣΧΟΛΙΑ, ΠΑΡΑΦΡΑΣΕΙΣ, ΕΡΜΗΝΕΙΑΙ ΕΛΛΗΝΩΝ ΚΑΙ ΛΑΤΙΝΩΝ ΣΥΓΓΡΑΦΕΩΝ - Α΄ ΕΛΛΗΝΩΝ","Texts, Scholia, Paraphrases, Interpretations of Greek and Latin Authors - A. Greek Authors",,Ἀριστοφάνης,Aristophanes,"Βάτραχοι, ὑπὸ Velsen","Frogs, by Velsen","8ον, σελ. 141",18,γρ.,ὑπὸ Velsen
1895,IMG_1327.jpeg,"Δ΄ ΚΕΙΜΕΝΑ, ΣΧΟΛΙΑ, ΠΑΡΑΦΡΑΣΕΙΣ, ΕΡΜΗΝΕΙΑΙ ΕΛΛΗΝΩΝ ΚΑΙ ΛΑΤΙΝΩΝ ΣΥΓΓΡΑΦΕΩΝ - Α΄ ΕΛΛΗΝΩΝ","Texts, Scholia, Paraphrases, Interpretations of Greek and Latin Authors - A. Greek Authors",,Ἀρριανός,Arrian,"Ἀνάβασις Ἀλεξάνδρου βιβλ. Γ΄, ὑπὸ Μπάστ καὶ Χίρστ","Anabasis of Alexander Book III, by Bast and Hirst",σελ. 47,1 παρ. 20,γρ.,ὑπὸ Μπάστ καὶ Χίρστ
1895,IMG_1327.jpeg,"Δ΄ ΚΕΙΜΕΝΑ, ΣΧΟΛΙΑ, ΠΑΡΑΦΡΑΣΕΙΣ, ΕΡΜΗΝΕΙΑΙ ΕΛΛΗΝΩΝ ΚΑΙ ΛΑΤΙΝΩΝ ΣΥΓΓΡΑΦΕΩΝ - Α΄ ΕΛΛΗΝΩΝ","Texts, Scholia, Paraphrases, Interpretations of Greek and Latin Authors - A. Greek Authors",,Βασίλειος ὁ Μέγας,Basil the Great,"Παρανετικός, σχολιασθεὶς ὑπὸ Ἀ. Β. Οἰκονομίδου","Exhortatory Address, annotated by A. B. Oikonomidou",σελ. 170,8,γρ.,σχολιασθεὶς ὑπὸ Ἀ. Β. Οἰκονομίδου
1895,IMG_1327.jpeg,"Δ΄ ΚΕΙΜΕΝΑ, ΣΧΟΛΙΑ, ΠΑΡΑΦΡΑΣΕΙΣ, ΕΡΜΗΝΕΙΑΙ ΕΛΛΗΝΩΝ ΚΑΙ ΛΑΤΙΝΩΝ ΣΥΓΓΡΑΦΕΩΝ - Α΄ ΕΛΛΗΝΩΝ","Texts, Scholia, Paraphrases, Interpretations of Greek and Latin Authors - A. Greek Authors",,Δημοσθένης,Demosthenes,"πρὸς Λεπτίνην, μετάφρασις Δ. Χ. Δουκάκη","Against Leptines, translation by D. C. Doukakis",σελ. 60,4,γρ.,μετάφρασις Δ. Χ. Δουκάκη
1895,IMG_1327.jpeg,"Δ΄ ΚΕΙΜΕΝΑ, ΣΧΟΛΙΑ, ΠΑΡΑΦΡΑΣΕΙΣ, ΕΡΜΗΝΕΙΑΙ ΕΛΛΗΝΩΝ ΚΑΙ ΛΑΤΙΝΩΝ ΣΥΓΓΡΑΦΕΩΝ - Α΄ ΕΛΛΗΝΩΝ","Texts, Scholia, Paraphrases, Interpretations of Greek and Latin Authors - A. Greek Authors",,Δημοσθένης,Demosthenes,"Ὀλυνθιακοὶ καὶ Φιλιππικὸς Α΄, κατὰ τὸ στερεότυπον τῆς Λειψίας κείμενον, μετ' εἰσαγωγῆς","Olynthiacs and First Philippic, according to the Leipzig stereotype text, with introduction","8ον, σελ. 48",1,γρ.,
1895,IMG_1327.jpeg,"Δ΄ ΚΕΙΜΕΝΑ, ΣΧΟΛΙΑ, ΠΑΡΑΦΡΑΣΕΙΣ, ΕΡΜΗΝΕΙΑΙ ΕΛΛΗΝΩΝ ΚΑΙ ΛΑΤΙΝΩΝ ΣΥΓΓΡΑΦΕΩΝ - Α΄ ΕΛΛΗΝΩΝ","Texts, Scholia, Paraphrases, Interpretations of Greek and Latin Authors - A. Greek Authors",,Δημοσθένης,Demosthenes,"Α΄ Ὀλυνθιακός, σχολιασθεὶς ὑπὸ Χ. Κ. Κοκκινάκη","First Olynthiac, annotated by C. K. Kokkinakis",σ. 124,6,γ.,σχολιασθεὶς ὑπὸ Χ. Κ. Κοκκινάκη
1895,IMG_1327.jpeg,"Δ΄ ΚΕΙΜΕΝΑ, ΣΧΟΛΙΑ, ΠΑΡΑΦΡΑΣΕΙΣ, ΕΡΜΗΝΕΙΑΙ ΕΛΛΗΝΩΝ ΚΑΙ ΛΑΤΙΝΩΝ ΣΥΓΓΡΑΦΕΩΝ - Α΄ ΕΛΛΗΝΩΝ","Texts, Scholia, Paraphrases, Interpretations of Greek and Latin Authors - A. Greek Authors",,Δημοσθένης,Demosthenes,"Τρεῖς Ὀλυνθιακοί, μετάφρασις μετὰ σημειώσεων, ὑπὸ Μ. Π. Σάγκα","Three Olynthiacs, translation with notes, by M. P. Sangas",σελ. 48,3,γρ.,"μετάφρασις μετὰ σημειώσεων, ὑπὸ Μ. Π. Σάγκα"
1895,IMG_1328.jpeg,"Δ΄ ΚΕΙΜΕΝΑ, ΣΧΟΛΙΑ, ΠΑΡΑΦΡΑΣΕΙΣ, ΕΡΜΗΝΕΙΑΙ ΕΛΛΗΝΩΝ ΚΑΙ ΛΑΤΙΝΩΝ ΣΥΓΓΡΑΦΕΩΝ - Α΄ ΕΛΛΗΝΩΝ","IV. Texts, Scholia, Paraphrases, Interpretations of Greek and Latin Authors - A. Greek Authors",,Δημοσθένης,Demosthenes,Φιλιππικοὶ μετὰ προλεγομένων ἱστορικῶν καὶ ἀρχαιολογικῶν κλπ. ὑπὸ Ἡροκλέους Βασιάδου. Περιέχει τὸν Α΄ κατὰ Φιλίππου καὶ τοὺς τρεῖς Ὀλυνθιακούς,Philippics with historical and archaeological prologues etc. by Hirokles Vasiadis. Contains the 1st Against Philip and the three Olynthiacs,"8ον, σελ. 344",25,γρ.,ὑπὸ Ἡροκλέους Βασιάδου
1895,IMG_1328.jpeg,"Δ΄ ΚΕΙΜΕΝΑ, ΣΧΟΛΙΑ, ΠΑΡΑΦΡΑΣΕΙΣ, ΕΡΜΗΝΕΙΑΙ ΕΛΛΗΝΩΝ ΚΑΙ ΛΑΤΙΝΩΝ ΣΥΓΓΡΑΦΕΩΝ - Α΄ ΕΛΛΗΝΩΝ","IV. Texts, Scholia, Paraphrases, Interpretations of Greek and Latin Authors - A. Greek Authors",,Δημοσθένης,Demosthenes,"Τέσσαρες Φιλιππικοί, ὑπὸ Ἰ. Ζηλήμονος","Four Philippics, by I. Zilimon","8ον, σελ. 66",4,γρ.,
1895,IMG_1328.jpeg,"Δ΄ ΚΕΙΜΕΝΑ, ΣΧΟΛΙΑ, ΠΑΡΑΦΡΑΣΕΙΣ, ΕΡΜΗΝΕΙΑΙ ΕΛΛΗΝΩΝ ΚΑΙ ΛΑΤΙΝΩΝ ΣΥΓΓΡΑΦΕΩΝ - Α΄ ΕΛΛΗΝΩΝ","IV. Texts, Scholia, Paraphrases, Interpretations of Greek and Latin Authors - A. Greek Authors",,Δημοσθένης,Demosthenes,"Τέσσαρες Φιλιππικοί, μεταφρασθέντες εἰς τὴν καθωμιλημένην μετὰ σημειώσεων, ὑπὸ Σ. Χιωτέλλη","Four Philippics, translated into vernacular Greek with notes, by S. Chiotellis",σελ. 84,4,γρ.,
1895,IMG_1328.jpeg,"Δ΄ ΚΕΙΜΕΝΑ, ΣΧΟΛΙΑ, ΠΑΡΑΦΡΑΣΕΙΣ, ΕΡΜΗΝΕΙΑΙ ΕΛΛΗΝΩΝ ΚΑΙ ΛΑΤΙΝΩΝ ΣΥΓΓΡΑΦΕΩΝ - Α΄ ΕΛΛΗΝΩΝ","IV. Texts, Scholia, Paraphrases, Interpretations of Greek and Latin Authors - A. Greek Authors",,Δημοσθένης,Demosthenes,"Ἐννέα Φιλιππικοί, σχολιασθέντες ὑπὸ Ἐμμ. Γαλάνη. Τεῦχος Α΄, Ὀλυνθιακοί, κατὰ τὸν Rehdanz καὶ Franke","Nine Philippics, annotated by Emm. Galanis. Issue 1, Olynthiacs, according to Rehdanz and Franke","8ον, σελ. 125",10,γρ.,
1895,IMG_1328.jpeg,"Δ΄ ΚΕΙΜΕΝΑ, ΣΧΟΛΙΑ, ΠΑΡΑΦΡΑΣΕΙΣ, ΕΡΜΗΝΕΙΑΙ ΕΛΛΗΝΩΝ ΚΑΙ ΛΑΤΙΝΩΝ ΣΥΓΓΡΑΦΕΩΝ - Α΄ ΕΛΛΗΝΩΝ","IV. Texts, Scholia, Paraphrases, Interpretations of Greek and Latin Authors - A. Greek Authors",,Δημοσθένης,Demosthenes,"Περὶ τοῦ στεφάνου, μεταφρασθεὶς εἰς τὴν καθωμιλημένην","On the Crown, translated into vernacular Greek",σελ. 116,4,γρ.,
1895,IMG_1328.jpeg,"Δ΄ ΚΕΙΜΕΝΑ, ΣΧΟΛΙΑ, ΠΑΡΑΦΡΑΣΕΙΣ, ΕΡΜΗΝΕΙΑΙ ΕΛΛΗΝΩΝ ΚΑΙ ΛΑΤΙΝΩΝ ΣΥΓΓΡΑΦΕΩΝ - Α΄ ΕΛΛΗΝΩΝ","IV. Texts, Scholia, Paraphrases, Interpretations of Greek and Latin Authors - A. Greek Authors",,Δημοσθένης,Demosthenes,"Περὶ τοῦ στεφάνου, μετάφρασις Χ. Παμπούκη","On the Crown, translation by Ch. Pampoukis","8ον, σ. 134",8,γρ.,
1895,IMG_1328.jpeg,"Δ΄ ΚΕΙΜΕΝΑ, ΣΧΟΛΙΑ, ΠΑΡΑΦΡΑΣΕΙΣ, ΕΡΜΗΝΕΙΑΙ ΕΛΛΗΝΩΝ ΚΑΙ ΛΑΤΙΝΩΝ ΣΥΓΓΡΑΦΕΩΝ - Α΄ ΕΛΛΗΝΩΝ","IV. Texts, Scholia, Paraphrases, Interpretations of Greek and Latin Authors - A. Greek Authors",,Διόδωρος ὁ Σικελιώτης,Diodorus Siculus,"Ἀναγνώσματα, μετὰ σχολίων, ὑπὸ Π. Ἰασεμίδου","Readings, with scholia, by P. Iasemidis",σελ. 204,6,γρ.,
1895,IMG_1328.jpeg,"Δ΄ ΚΕΙΜΕΝΑ, ΣΧΟΛΙΑ, ΠΑΡΑΦΡΑΣΕΙΣ, ΕΡΜΗΝΕΙΑΙ ΕΛΛΗΝΩΝ ΚΑΙ ΛΑΤΙΝΩΝ ΣΥΓΓΡΑΦΕΩΝ - Α΄ ΕΛΛΗΝΩΝ","IV. Texts, Scholia, Paraphrases, Interpretations of Greek and Latin Authors - A. Greek Authors",,Εὐριπίδης,Euripides,"Ἱππόλυτος, ὑπὸ Ν. Ἀργυριάδου","Hippolytus, by N. Argyriadis","8ον, σελ. 36",5,γρ.,
1895,IMG_1328.jpeg,"Δ΄ ΚΕΙΜΕΝΑ, ΣΧΟΛΙΑ, ΠΑΡΑΦΡΑΣΕΙΣ, ΕΡΜΗΝΕΙΑΙ ΕΛΛΗΝΩΝ ΚΑΙ ΛΑΤΙΝΩΝ ΣΥΓΓΡΑΦΕΩΝ - Α΄ ΕΛΛΗΝΩΝ","IV. Texts, Scholia, Paraphrases, Interpretations of Greek and Latin Authors - A. Greek Authors",,Εὐριπίδης,Euripides,"Ἱππόλυτος στεφανηφόρος, ἔμμετρος μετάφρασις ὑπὸ Κ. Δαναρά","Hippolytus the Crown-bearer, verse translation by K. Danaras",σελ. 87,10,γρ.,
1895,IMG_1328.jpeg,"Δ΄ ΚΕΙΜΕΝΑ, ΣΧΟΛΙΑ, ΠΑΡΑΦΡΑΣΕΙΣ, ΕΡΜΗΝΕΙΑΙ ΕΛΛΗΝΩΝ ΚΑΙ ΛΑΤΙΝΩΝ ΣΥΓΓΡΑΦΕΩΝ - Α΄ ΕΛΛΗΝΩΝ","IV. Texts, Scholia, Paraphrases, Interpretations of Greek and Latin Authors - A. Greek Authors",,Εὐριπίδης,Euripides,"Ἰφιγένεια ἐν Αὐλίδι, μετ' εἰσαγωγῆς, ὑπὸ Ι. Γ. Ι. Γιαννούκου","Iphigenia in Aulis, with introduction, by I. G. I. Giannoukos","8ον, σελ. 105",5,γρ.,
1895,IMG_1328.jpeg,"Δ΄ ΚΕΙΜΕΝΑ, ΣΧΟΛΙΑ, ΠΑΡΑΦΡΑΣΕΙΣ, ΕΡΜΗΝΕΙΑΙ ΕΛΛΗΝΩΝ ΚΑΙ ΛΑΤΙΝΩΝ ΣΥΓΓΡΑΦΕΩΝ - Α΄ ΕΛΛΗΝΩΝ","IV. Texts, Scholia, Paraphrases, Interpretations of Greek and Latin Authors - A. Greek Authors",,Εὐριπίδης,Euripides,"Μήδεια μετὰ σχολίων, ὑπὸ Γ. Μιστριώτου","Medea with scholia, by G. Mistriotis","8ον, σ. 248",15,γρ.,
1895,IMG_1328.jpeg,"Δ΄ ΚΕΙΜΕΝΑ, ΣΧΟΛΙΑ, ΠΑΡΑΦΡΑΣΕΙΣ, ΕΡΜΗΝΕΙΑΙ ΕΛΛΗΝΩΝ ΚΑΙ ΛΑΤΙΝΩΝ ΣΥΓΓΡΑΦΕΩΝ - Α΄ ΕΛΛΗΝΩΝ","IV. Texts, Scholia, Paraphrases, Interpretations of Greek and Latin Authors - A. Greek Authors",,Εὐριπίδης,Euripides,"Μήδεια, ἡρμήνευσε Γ. Μ. Σακκόρραφος","Medea, interpreted by G. M. Sakkorrafos","8ον, σελ. 186",12,γρ.,
1895,IMG_1328.jpeg,"Δ΄ ΚΕΙΜΕΝΑ, ΣΧΟΛΙΑ, ΠΑΡΑΦΡΑΣΕΙΣ, ΕΡΜΗΝΕΙΑΙ ΕΛΛΗΝΩΝ ΚΑΙ ΛΑΤΙΝΩΝ ΣΥΓΓΡΑΦΕΩΝ - Α΄ ΕΛΛΗΝΩΝ","IV. Texts, Scholia, Paraphrases, Interpretations of Greek and Latin Authors - A. Greek Authors",,Εὐριπίδης,Euripides,"Σχόλια, ὑπὸ Κ. Γκαρπολα","Scholia, by K. Gkarpolas","τόμ. 3, 32ον, σελ. 1003",20,γρ.,
1895,IMG_1328.jpeg,"Δ΄ ΚΕΙΜΕΝΑ, ΣΧΟΛΙΑ, ΠΑΡΑΦΡΑΣΕΙΣ, ΕΡΜΗΝΕΙΑΙ ΕΛΛΗΝΩΝ ΚΑΙ ΛΑΤΙΝΩΝ ΣΥΓΓΡΑΦΕΩΝ - Α΄ ΕΛΛΗΝΩΝ","IV. Texts, Scholia, Paraphrases, Interpretations of Greek and Latin Authors - A. Greek Authors",,Ἡρόδοτος,Herodotus,"Εἰσαγωγὴ καὶ γραμματικὴ τῆς διαλέκτου αὐτοῦ ὑπὸ K. Abicht, μετάφρασις Θ. Βουκύδου","Introduction and grammar of his dialect by K. Abicht, translation by Th. Voukydis","8ον, σελ. 68",5,γρ.,
1895,IMG_1328.jpeg,"Δ΄ ΚΕΙΜΕΝΑ, ΣΧΟΛΙΑ, ΠΑΡΑΦΡΑΣΕΙΣ, ΕΡΜΗΝΕΙΑΙ ΕΛΛΗΝΩΝ ΚΑΙ ΛΑΤΙΝΩΝ ΣΥΓΓΡΑΦΕΩΝ - Α΄ ΕΛΛΗΝΩΝ","IV. Texts, Scholia, Paraphrases, Interpretations of Greek and Latin Authors - A. Greek Authors",,Ἡρόδοτος,Herodotus,"Τεμάχια κατ' ἐκλογήν, ὑπὸ Ἐμμ. Γαλάνη","Selected excerpts, by Emm. Galanis",σελ. 205,10,γρ.,
1895,IMG_1328.jpeg,"Δ΄ ΚΕΙΜΕΝΑ, ΣΧΟΛΙΑ, ΠΑΡΑΦΡΑΣΕΙΣ, ΕΡΜΗΝΕΙΑΙ ΕΛΛΗΝΩΝ ΚΑΙ ΛΑΤΙΝΩΝ ΣΥΓΓΡΑΦΕΩΝ - Α΄ ΕΛΛΗΝΩΝ","IV. Texts, Scholia, Paraphrases, Interpretations of Greek and Latin Authors - A. Greek Authors",,Ἡρόδοτος,Herodotus,"Ἱστορίαι. Βιβλίον δ΄—ϛ΄, ὑπὸ Μπὰρτ καὶ Χίρστ","Histories. Books 4-6, by Bart and Hirst",σελ. 63,2,γρ.,
1895,IMG_1328.jpeg,"Δ΄ ΚΕΙΜΕΝΑ, ΣΧΟΛΙΑ, ΠΑΡΑΦΡΑΣΕΙΣ, ΕΡΜΗΝΕΙΑΙ ΕΛΛΗΝΩΝ ΚΑΙ ΛΑΤΙΝΩΝ ΣΥΓΓΡΑΦΕΩΝ - Α΄ ΕΛΛΗΝΩΝ","IV. Texts, Scholia, Paraphrases, Interpretations of Greek and Latin Authors - A. Greek Authors",,Ἡρόδοτος,Herodotus,"Ἀναγνώσματα, μετὰ εἰσαγωγῆς περὶ τοῦ βίου καὶ τῆς διαλέκτου τούτου, ὑπὸ Ε. Κ. Κοφινιώτου","Readings, with introduction on his life and dialect, by E. K. Kofiniotis","8ον, σελ. 184",10,γρ.,
1895,IMG_1328.jpeg,"Δ΄ ΚΕΙΜΕΝΑ, ΣΧΟΛΙΑ, ΠΑΡΑΦΡΑΣΕΙΣ, ΕΡΜΗΝΕΙΑΙ ΕΛΛΗΝΩΝ ΚΑΙ ΛΑΤΙΝΩΝ ΣΥΓΓΡΑΦΕΩΝ - Α΄ ΕΛΛΗΝΩΝ","IV. Texts, Scholia, Paraphrases, Interpretations of Greek and Latin Authors - A. Greek Authors",,Ἡρόδοτος,Herodotus,"Ἱστορίαι, ἐξηγηθεῖσαι ὑπὸ Ἀ. Γ. Σκαλίδου","Histories, explained by A. G. Skalidis","τόμ. 2, σ. 934",18,γρ.,
1895,IMG_1328.jpeg,"Δ΄ ΚΕΙΜΕΝΑ, ΣΧΟΛΙΑ, ΠΑΡΑΦΡΑΣΕΙΣ, ΕΡΜΗΝΕΙΑΙ ΕΛΛΗΝΩΝ ΚΑΙ ΛΑΤΙΝΩΝ ΣΥΓΓΡΑΦΕΩΝ - Α΄ ΕΛΛΗΝΩΝ","IV. Texts, Scholia, Paraphrases, Interpretations of Greek and Latin Authors - A. Greek Authors",,Ἡρόδοτος,Herodotus,"Μοῦσαι, ὑπὸ Κ. Φιλαλήθους","Muses, by K. Filalithis",σελ. 756,20,γρ.,
1895,IMG_1328.jpeg,"Δ΄ ΚΕΙΜΕΝΑ, ΣΧΟΛΙΑ, ΠΑΡΑΦΡΑΣΕΙΣ, ΕΡΜΗΝΕΙΑΙ ΕΛΛΗΝΩΝ ΚΑΙ ΛΑΤΙΝΩΝ ΣΥΓΓΡΑΦΕΩΝ - Α΄ ΕΛΛΗΝΩΝ","IV. Texts, Scholia, Paraphrases, Interpretations of Greek and Latin Authors - A. Greek Authors",,Θουκυδίδης,Thucydides,"Θουκυδίδης, ὑπὸ Σ. Βλαντῆ","Thucydides, by S. Vlantis","8ον, σελ. 690",30,γρ.,
1895,IMG_1328.jpeg,"Δ΄ ΚΕΙΜΕΝΑ, ΣΧΟΛΙΑ, ΠΑΡΑΦΡΑΣΕΙΣ, ΕΡΜΗΝΕΙΑΙ ΕΛΛΗΝΩΝ ΚΑΙ ΛΑΤΙΝΩΝ ΣΥΓΓΡΑΦΕΩΝ - Α΄ ΕΛΛΗΝΩΝ","IV. Texts, Scholia, Paraphrases, Interpretations of Greek and Latin Authors - A. Greek Authors",,Θουκυδίδης,Thucydides,"μετὰ σημειώσεων, ὑπὸ Ἀρ. Μισίου","with notes, by Ar. Misios","εἰς τεύχη 6, 8ον",60,γρ.,
1895,IMG_1328.jpeg,"Δ΄ ΚΕΙΜΕΝΑ, ΣΧΟΛΙΑ, ΠΑΡΑΦΡΑΣΕΙΣ, ΕΡΜΗΝΕΙΑΙ ΕΛΛΗΝΩΝ ΚΑΙ ΛΑΤΙΝΩΝ ΣΥΓΓΡΑΦΕΩΝ - Α΄ ΕΛΛΗΝΩΝ","IV. Texts, Scholia, Paraphrases, Interpretations of Greek and Latin Authors - A. Greek Authors",,Θουκυδίδης,Thucydides,"Περὶ τοῦ Πελοποννησιακοῦ πολέμου βιβλία ὀκτώ, μεταφρασθέντα καὶ σχολιασθέντα παρὰ Νεοφύτου Δούκα","Eight books on the Peloponnesian War, translated and annotated by Neofytos Doukas","τόμοι 10, 8ον, σελ. 2626",190,γρ.,
1895,IMG_1328.jpeg,"Δ΄ ΚΕΙΜΕΝΑ, ΣΧΟΛΙΑ, ΠΑΡΑΦΡΑΣΕΙΣ, ΕΡΜΗΝΕΙΑΙ ΕΛΛΗΝΩΝ ΚΑΙ ΛΑΤΙΝΩΝ ΣΥΓΓΡΑΦΕΩΝ - Α΄ ΕΛΛΗΝΩΝ","IV. Texts, Scholia, Paraphrases, Interpretations of Greek and Latin Authors - A. Greek Authors",,Θουκυδίδης,Thucydides,"Ὁ Πελοποννησίων καὶ Ἀθηναίων πόλεμος, βιβλ. Α΄, ὑπὸ Γ. Δ. Ζηκίδου","The War between Peloponnesians and Athenians, Book 1, by G. D. Zikidis","8ον, σελ. 295",16,γρ.,
1895,IMG_1329.jpeg,"Δ΄ ΚΕΙΜΕΝΑ, ΣΧΟΛΙΑ, ΠΑΡΑΦΡΑΣΕΙΣ, ΕΡΜΗΝΕΙΑΙ ΕΛΛΗΝΩΝ ΚΑΙ ΛΑΤΙΝΩΝ ΣΥΓΓΡΑΦΕΩΝ - Α΄ ΕΛΛΗΝΩΝ","IV. Texts, Scholia, Paraphrases, Interpretations of Greek and Latin Authors - A. Greek Authors",,Θουκυδίδης,Thucydides,"Πελοποννησιακὸς πόλεμος, μετάφρασις Ἀ. Γ. Σκαλίδου","Peloponnesian War, translation by A. G. Skalidos","τόμ. 2, 8ον, σελ. 812",18,γρ.,
1895,IMG_1329.jpeg,"Δ΄ ΚΕΙΜΕΝΑ, ΣΧΟΛΙΑ, ΠΑΡΑΦΡΑΣΕΙΣ, ΕΡΜΗΝΕΙΑΙ ΕΛΛΗΝΩΝ ΚΑΙ ΛΑΤΙΝΩΝ ΣΥΓΓΡΑΦΕΩΝ - Α΄ ΕΛΛΗΝΩΝ","IV. Texts, Scholia, Paraphrases, Interpretations of Greek and Latin Authors - A. Greek Authors",,Θουκυδίδης,Thucydides,"Πελοποννησιακὸς πόλεμος, μετάφρασις Κ. Φιλαλήθους","Peloponnesian War, translation by K. Filalithis",σελ. 719,12,γρ.,
1895,IMG_1329.jpeg,"Δ΄ ΚΕΙΜΕΝΑ, ΣΧΟΛΙΑ, ΠΑΡΑΦΡΑΣΕΙΣ, ΕΡΜΗΝΕΙΑΙ ΕΛΛΗΝΩΝ ΚΑΙ ΛΑΤΙΝΩΝ ΣΥΓΓΡΑΦΕΩΝ - Α΄ ΕΛΛΗΝΩΝ","IV. Texts, Scholia, Paraphrases, Interpretations of Greek and Latin Authors - A. Greek Authors",,Θουκυδίδης,Thucydides,"Ἐπιτάφιος τοῦ Περικλέους καὶ ὁ Διάλογος τῶν Μηλίων, μετὰ σημειώσεων καὶ παραφράσεως, ὑπὸ Β. Γ. Βυθούλκα","Pericles' Funeral Oration and the Melian Dialogue, with notes and paraphrase, by V. G. Vythoulkas","8ον, σελ. 80",5,γρ.,
1895,IMG_1329.jpeg,"Δ΄ ΚΕΙΜΕΝΑ, ΣΧΟΛΙΑ, ΠΑΡΑΦΡΑΣΕΙΣ, ΕΡΜΗΝΕΙΑΙ ΕΛΛΗΝΩΝ ΚΑΙ ΛΑΤΙΝΩΝ ΣΥΓΓΡΑΦΕΩΝ - Α΄ ΕΛΛΗΝΩΝ","IV. Texts, Scholia, Paraphrases, Interpretations of Greek and Latin Authors - A. Greek Authors",,Θουκυδίδης,Thucydides,"Προοιμίου καὶ δημηγοριῶν κατὰ λέξιν μετάφρασις, ὑπὸ Β. Π. Βοζίκη","Word-for-word translation of the proem and speeches, by V. P. Vozikis",σελ. 180,8,γρ.,
1895,IMG_1329.jpeg,"Δ΄ ΚΕΙΜΕΝΑ, ΣΧΟΛΙΑ, ΠΑΡΑΦΡΑΣΕΙΣ, ΕΡΜΗΝΕΙΑΙ ΕΛΛΗΝΩΝ ΚΑΙ ΛΑΤΙΝΩΝ ΣΥΓΓΡΑΦΕΩΝ - Α΄ ΕΛΛΗΝΩΝ","IV. Texts, Scholia, Paraphrases, Interpretations of Greek and Latin Authors - A. Greek Authors",,Θουκυδίδης,Thucydides,"Σχόλια εἰς τὰς Δημηγορίας, ὑπὸ Γρ. Ν. Βερναρδάκη, ἔκδ. β΄","Commentary on the Speeches, by Gr. N. Bernardakis, 2nd ed.",σελ. 287,12,γρ.,
1895,IMG_1329.jpeg,"Δ΄ ΚΕΙΜΕΝΑ, ΣΧΟΛΙΑ, ΠΑΡΑΦΡΑΣΕΙΣ, ΕΡΜΗΝΕΙΑΙ ΕΛΛΗΝΩΝ ΚΑΙ ΛΑΤΙΝΩΝ ΣΥΓΓΡΑΦΕΩΝ - Α΄ ΕΛΛΗΝΩΝ","IV. Texts, Scholia, Paraphrases, Interpretations of Greek and Latin Authors - A. Greek Authors",,Ἰσοκράτης,Isocrates,"Τὰ Ἀπόρρητα, ὑπὸ Α. Κυπριανοῦ","The Secret Matters, by A. Kyprianos","8ον, σ. 235",15,γρ.,
1895,IMG_1329.jpeg,"Δ΄ ΚΕΙΜΕΝΑ, ΣΧΟΛΙΑ, ΠΑΡΑΦΡΑΣΕΙΣ, ΕΡΜΗΝΕΙΑΙ ΕΛΛΗΝΩΝ ΚΑΙ ΛΑΤΙΝΩΝ ΣΥΓΓΡΑΦΕΩΝ - Α΄ ΕΛΛΗΝΩΝ","IV. Texts, Scholia, Paraphrases, Interpretations of Greek and Latin Authors - A. Greek Authors",,Ἰσοκράτης,Isocrates,"Ἀρεοπαγιτικός, μετάφρασις Ἀ. Τσάτσου","Areopagiticus, translation by A. Tsatsos",σελ. 40,4,γρ.,
1895,IMG_1329.jpeg,"Δ΄ ΚΕΙΜΕΝΑ, ΣΧΟΛΙΑ, ΠΑΡΑΦΡΑΣΕΙΣ, ΕΡΜΗΝΕΙΑΙ ΕΛΛΗΝΩΝ ΚΑΙ ΛΑΤΙΝΩΝ ΣΥΓΓΡΑΦΕΩΝ - Α΄ ΕΛΛΗΝΩΝ","IV. Texts, Scholia, Paraphrases, Interpretations of Greek and Latin Authors - A. Greek Authors",,Ἰσοκράτης,Isocrates,"Ἀρχίδαμος καὶ Περὶ εἰρήνης, ὑπὸ Μπὰρτ καὶ Χίρστ","Archidamus and On the Peace, by Bart and Hirst",σελ. 59,2.20,γρ.,"2 γρόσια, 20 παράδες"
1895,IMG_1329.jpeg,"Δ΄ ΚΕΙΜΕΝΑ, ΣΧΟΛΙΑ, ΠΑΡΑΦΡΑΣΕΙΣ, ΕΡΜΗΝΕΙΑΙ ΕΛΛΗΝΩΝ ΚΑΙ ΛΑΤΙΝΩΝ ΣΥΓΓΡΑΦΕΩΝ - Α΄ ΕΛΛΗΝΩΝ","IV. Texts, Scholia, Paraphrases, Interpretations of Greek and Latin Authors - A. Greek Authors",,Ἰσοκράτης,Isocrates,"Πρὸς Δημόνικον Παραίνεσις, ἔκδοσις Σχολικὴ κατὰ τὴν στερεότυπον τῆς Λειψίας ἔκδοσιν","To Demonicus, School edition based on the Leipzig stereotype edition",σελ. β΄+16,1.20,γρ.,"1 γρόσι, 20 παράδες"
1895,IMG_1329.jpeg,"Δ΄ ΚΕΙΜΕΝΑ, ΣΧΟΛΙΑ, ΠΑΡΑΦΡΑΣΕΙΣ, ΕΡΜΗΝΕΙΑΙ ΕΛΛΗΝΩΝ ΚΑΙ ΛΑΤΙΝΩΝ ΣΥΓΓΡΑΦΕΩΝ - Α΄ ΕΛΛΗΝΩΝ","IV. Texts, Scholia, Paraphrases, Interpretations of Greek and Latin Authors - A. Greek Authors",,Ἰσοκράτης,Isocrates,"Πρὸς Δημόνικον Παραίνεσις, μετὰ ποικίλων σημειώσεων ὑπὸ Ἰωακεὶμ Βαλαβάνη","To Demonicus, with various notes by Ioakeim Valavanis",σελ. δ΄+40,2.20,γρ.,"2 γρόσια, 20 παράδες"
1895,IMG_1329.jpeg,"Δ΄ ΚΕΙΜΕΝΑ, ΣΧΟΛΙΑ, ΠΑΡΑΦΡΑΣΕΙΣ, ΕΡΜΗΝΕΙΑΙ ΕΛΛΗΝΩΝ ΚΑΙ ΛΑΤΙΝΩΝ ΣΥΓΓΡΑΦΕΩΝ - Α΄ ΕΛΛΗΝΩΝ","IV. Texts, Scholia, Paraphrases, Interpretations of Greek and Latin Authors - A. Greek Authors",,Ἰσοκράτης,Isocrates,"Πρὸς Δημόνικον Παραίνεσις, ἐξηγημένη, ὑπὸ Ἰωακεὶμ Βαλαβάνη","To Demonicus, explained by Ioakeim Valavanis",σελ. 20,2,γρ.,
1895,IMG_1329.jpeg,"Δ΄ ΚΕΙΜΕΝΑ, ΣΧΟΛΙΑ, ΠΑΡΑΦΡΑΣΕΙΣ, ΕΡΜΗΝΕΙΑΙ ΕΛΛΗΝΩΝ ΚΑΙ ΛΑΤΙΝΩΝ ΣΥΓΓΡΑΦΕΩΝ - Α΄ ΕΛΛΗΝΩΝ","IV. Texts, Scholia, Paraphrases, Interpretations of Greek and Latin Authors - A. Greek Authors",,Ἰσοκράτης,Isocrates,"Λόγοι κατ' ἐκλογὴν μετὰ σχολίων, ὑπὸ Ἀνέστη Κωνσταντινίδου (Τόμοι Α΄-Γ΄)","Selected Speeches with commentary, by Anestis Konstantinidis (Vols 1-3)","Τόμ. Α΄ σελ. 123, Τόμ. Β΄ σελ. 143, Τόμ. Γ΄ σελ. 162",15,γρ.,3 τόμοι πρὸς 5 γρόσια ἕκαστος
1895,IMG_1329.jpeg,"Δ΄ ΚΕΙΜΕΝΑ, ΣΧΟΛΙΑ, ΠΑΡΑΦΡΑΣΕΙΣ, ΕΡΜΗΝΕΙΑΙ ΕΛΛΗΝΩΝ ΚΑΙ ΛΑΤΙΝΩΝ ΣΥΓΓΡΑΦΕΩΝ - Α΄ ΕΛΛΗΝΩΝ","IV. Texts, Scholia, Paraphrases, Interpretations of Greek and Latin Authors - A. Greek Authors",,Ἰσοκράτης,Isocrates,Λόγοι μεταφρασθέντες ὑπὸ Ἀ. Τσάτσου (Τόμοι Α΄-Β΄),Speeches translated by A. Tsatsos (Vols 1-2),"Τόμ. Α΄ σελ. 85, Τόμ. Β΄ σελ. 100",10,γρ.,2 τόμοι πρὸς 5 γρόσια ἕκαστος
1895,IMG_1329.jpeg,"Δ΄ ΚΕΙΜΕΝΑ, ΣΧΟΛΙΑ, ΠΑΡΑΦΡΑΣΕΙΣ, ΕΡΜΗΝΕΙΑΙ ΕΛΛΗΝΩΝ ΚΑΙ ΛΑΤΙΝΩΝ ΣΥΓΓΡΑΦΕΩΝ - Α΄ ΕΛΛΗΝΩΝ","IV. Texts, Scholia, Paraphrases, Interpretations of Greek and Latin Authors - A. Greek Authors",,Ἰσοκράτης,Isocrates,"Πανηγυρικός, ὑπὸ Β. Βυθούλκα","Panegyricus, by V. Vythoulkas","8ον, σελ. 103",7,γρ.,
1895,IMG_1329.jpeg,"Δ΄ ΚΕΙΜΕΝΑ, ΣΧΟΛΙΑ, ΠΑΡΑΦΡΑΣΕΙΣ, ΕΡΜΗΝΕΙΑΙ ΕΛΛΗΝΩΝ ΚΑΙ ΛΑΤΙΝΩΝ ΣΥΓΓΡΑΦΕΩΝ - Α΄ ΕΛΛΗΝΩΝ","IV. Texts, Scholia, Paraphrases, Interpretations of Greek and Latin Authors - A. Greek Authors",,Ἰσοκράτης,Isocrates,"Πανηγυρικός, μετάφρασις Ἀ. Κωνσταντινίδου","Panegyricus, translation by A. Konstantinidis",σελ. 63,4,γρ.,
1895,IMG_1329.jpeg,"Δ΄ ΚΕΙΜΕΝΑ, ΣΧΟΛΙΑ, ΠΑΡΑΦΡΑΣΕΙΣ, ΕΡΜΗΝΕΙΑΙ ΕΛΛΗΝΩΝ ΚΑΙ ΛΑΤΙΝΩΝ ΣΥΓΓΡΑΦΕΩΝ - Α΄ ΕΛΛΗΝΩΝ","IV. Texts, Scholia, Paraphrases, Interpretations of Greek and Latin Authors - A. Greek Authors",,Ἰσοκράτης,Isocrates,"Πανηγυρικός, ὑπὸ Μπὰρτ καὶ Χίρστ","Panegyricus, by Bart and Hirst",σελ. 47,2,γρ.,
1895,IMG_1329.jpeg,"Δ΄ ΚΕΙΜΕΝΑ, ΣΧΟΛΙΑ, ΠΑΡΑΦΡΑΣΕΙΣ, ΕΡΜΗΝΕΙΑΙ ΕΛΛΗΝΩΝ ΚΑΙ ΛΑΤΙΝΩΝ ΣΥΓΓΡΑΦΕΩΝ - Α΄ ΕΛΛΗΝΩΝ","IV. Texts, Scholia, Paraphrases, Interpretations of Greek and Latin Authors - A. Greek Authors",,Λουκιανὸς Σαμοσατεύς,Lucian of Samosata,"Δουκιανοῦ Σαμοσατέως Ἅπαντα, μετενεχθέντα εἰς τὴν καθωμιλημένην ὑπὸ Ἀ. Γ. Σκαλίδου","Lucian of Samosata's Complete Works, translated into vernacular by A. G. Skalidos","τόμ. 3, 8ον, σελ. 1431",24,γρ.,Misprinted as Δουκιανοῦ
1895,IMG_1329.jpeg,"Δ΄ ΚΕΙΜΕΝΑ, ΣΧΟΛΙΑ, ΠΑΡΑΦΡΑΣΕΙΣ, ΕΡΜΗΝΕΙΑΙ ΕΛΛΗΝΩΝ ΚΑΙ ΛΑΤΙΝΩΝ ΣΥΓΓΡΑΦΕΩΝ - Α΄ ΕΛΛΗΝΩΝ","IV. Texts, Scholia, Paraphrases, Interpretations of Greek and Latin Authors - A. Greek Authors",,Λυκοῦργος,Lycurgus,"Λυκούργου Λόγος κατὰ Λεωκράτους, σχολιασθεὶς ὑπὸ Γ. Ν. Σωτηρίου","Speech Against Leocrates, commented by G. N. Sotiriou","8ον, σελ. 93",6,γρ.,
1895,IMG_1329.jpeg,"Δ΄ ΚΕΙΜΕΝΑ, ΣΧΟΛΙΑ, ΠΑΡΑΦΡΑΣΕΙΣ, ΕΡΜΗΝΕΙΑΙ ΕΛΛΗΝΩΝ ΚΑΙ ΛΑΤΙΝΩΝ ΣΥΓΓΡΑΦΕΩΝ - Α΄ ΕΛΛΗΝΩΝ","IV. Texts, Scholia, Paraphrases, Interpretations of Greek and Latin Authors - A. Greek Authors",,Λυκοῦργος,Lycurgus,"Κατὰ Λεωκράτους Λόγος, ὑπὸ Μπὰρτ καὶ Χίρστ","Speech Against Leocrates, by Bart and Hirst",σελ. 48,2,γρ.,
1895,IMG_1330.jpeg,"Δ΄ ΚΕΙΜΕΝΑ, ΣΧΟΛΙΑ, ΠΑΡΑΦΡΑΣΕΙΣ, ΕΡΜΗΝΕΙΑΙ ΕΛΛΗΝΩΝ ΚΑΙ ΛΑΤΙΝΩΝ ΣΥΓΓΡΑΦΕΩΝ - Α΄ ΕΛΛΗΝΩΝ","IV. Texts, Scholia, Paraphrases, Interpretations of Greek and Latin Authors - A. Greek Authors",,Λυσίας,Lysias,Ἐπιτάφιος τοῖς Κορινθίων βοηθοῖς,Funeral Oration for the Corinthian Helpers,,2.20,γρ.,"μετὰ ποικίλων σημειώσεων, ὑπὸ Ἰωακεὶμ Βαλαβάνη, γρ. 2 παρ. 20"
1895,IMG_1330.jpeg,"Δ΄ ΚΕΙΜΕΝΑ, ΣΧΟΛΙΑ, ΠΑΡΑΦΡΑΣΕΙΣ, ΕΡΜΗΝΕΙΑΙ ΕΛΛΗΝΩΝ ΚΑΙ ΛΑΤΙΝΩΝ ΣΥΓΓΡΑΦΕΩΝ - Α΄ ΕΛΛΗΝΩΝ","IV. Texts, Scholia, Paraphrases, Interpretations of Greek and Latin Authors - A. Greek Authors",,Λυσίας,Lysias,Οἱ ἐν τοῖς γυμνασίοις διδασκόμενοι λόγοι,The Speeches Taught in High Schools,σελ. 243,10,γρ.,"μετὰ σημειώσεων, ὑπὸ Ἐμμ. Γαλάνη"
1895,IMG_1330.jpeg,"Δ΄ ΚΕΙΜΕΝΑ, ΣΧΟΛΙΑ, ΠΑΡΑΦΡΑΣΕΙΣ, ΕΡΜΗΝΕΙΑΙ ΕΛΛΗΝΩΝ ΚΑΙ ΛΑΤΙΝΩΝ ΣΥΓΓΡΑΦΕΩΝ - Α΄ ΕΛΛΗΝΩΝ","IV. Texts, Scholia, Paraphrases, Interpretations of Greek and Latin Authors - A. Greek Authors",,Λυσίας,Lysias,Λόγοι κατ' ἐκλογήν,Selected Speeches,"8ον, σελ. 174",12,γρ.,"μετὰ σχολίων, ὑπὸ Π. Ἰασεμίδου"
1895,IMG_1330.jpeg,"Δ΄ ΚΕΙΜΕΝΑ, ΣΧΟΛΙΑ, ΠΑΡΑΦΡΑΣΕΙΣ, ΕΡΜΗΝΕΙΑΙ ΕΛΛΗΝΩΝ ΚΑΙ ΛΑΤΙΝΩΝ ΣΥΓΓΡΑΦΕΩΝ - Α΄ ΕΛΛΗΝΩΝ","IV. Texts, Scholia, Paraphrases, Interpretations of Greek and Latin Authors - A. Greek Authors",,Λυσίας,Lysias,Κατὰ Ἀγοράτου,Against Agoratus,σελ. 30,2.20,γρ.,"μετενεχθεῖς εἰς τὴν καθωμιλημένην ὑπὸ Ἀνέστη Κωνσταντινίδου, γρ. 2 παρ. 20"
1895,IMG_1330.jpeg,"Δ΄ ΚΕΙΜΕΝΑ, ΣΧΟΛΙΑ, ΠΑΡΑΦΡΑΣΕΙΣ, ΕΡΜΗΝΕΙΑΙ ΕΛΛΗΝΩΝ ΚΑΙ ΛΑΤΙΝΩΝ ΣΥΓΓΡΑΦΕΩΝ - Α΄ ΕΛΛΗΝΩΝ","IV. Texts, Scholia, Paraphrases, Interpretations of Greek and Latin Authors - A. Greek Authors",,Ξενοφῶν,Xenophon,Ἀπομνημονεύματα,Memorabilia,,4,γρ.,ἔκδοσις σχολικὴ κατὰ τὴν στερεότυπον ἔκδοσιν τῆς Λειψίας
1895,IMG_1330.jpeg,"Δ΄ ΚΕΙΜΕΝΑ, ΣΧΟΛΙΑ, ΠΑΡΑΦΡΑΣΕΙΣ, ΕΡΜΗΝΕΙΑΙ ΕΛΛΗΝΩΝ ΚΑΙ ΛΑΤΙΝΩΝ ΣΥΓΓΡΑΦΕΩΝ - Α΄ ΕΛΛΗΝΩΝ","IV. Texts, Scholia, Paraphrases, Interpretations of Greek and Latin Authors - A. Greek Authors",,Ξενοφῶν,Xenophon,Ἀπομνημονεύματα,Memorabilia,,,,"μετὰ ποικίλων σημειώσεων, ὑπὸ Ἰωακεὶμ Βαλαβάνη (Τόμ. Δ΄ τοῦ Ἀπανθίσματος τῶν Ἑλλ. Γραμμάτων)"
1895,IMG_1330.jpeg,"Δ΄ ΚΕΙΜΕΝΑ, ΣΧΟΛΙΑ, ΠΑΡΑΦΡΑΣΕΙΣ, ΕΡΜΗΝΕΙΑΙ ΕΛΛΗΝΩΝ ΚΑΙ ΛΑΤΙΝΩΝ ΣΥΓΓΡΑΦΕΩΝ - Α΄ ΕΛΛΗΝΩΝ","IV. Texts, Scholia, Paraphrases, Interpretations of Greek and Latin Authors - A. Greek Authors",,Ξενοφῶν,Xenophon,Ἀπομνημονεύματα,Memorabilia,σελ. 158,5,γρ.,μετὰ σχολίων
1895,IMG_1330.jpeg,"Δ΄ ΚΕΙΜΕΝΑ, ΣΧΟΛΙΑ, ΠΑΡΑΦΡΑΣΕΙΣ, ΕΡΜΗΝΕΙΑΙ ΕΛΛΗΝΩΝ ΚΑΙ ΛΑΤΙΝΩΝ ΣΥΓΓΡΑΦΕΩΝ - Α΄ ΕΛΛΗΝΩΝ","IV. Texts, Scholia, Paraphrases, Interpretations of Greek and Latin Authors - A. Greek Authors",,Ξενοφῶν,Xenophon,"Ἀπομνημονεύματα, Βιβλίον Α΄ καὶ Β΄","Memorabilia, Books 1 and 2",σελ. 65,1.20,γρ.,"ὑπὸ Μπὰρτ καὶ Χῖρστ, γρ. 1 παρ. 20"
1895,IMG_1330.jpeg,"Δ΄ ΚΕΙΜΕΝΑ, ΣΧΟΛΙΑ, ΠΑΡΑΦΡΑΣΕΙΣ, ΕΡΜΗΝΕΙΑΙ ΕΛΛΗΝΩΝ ΚΑΙ ΛΑΤΙΝΩΝ ΣΥΓΓΡΑΦΕΩΝ - Α΄ ΕΛΛΗΝΩΝ","IV. Texts, Scholia, Paraphrases, Interpretations of Greek and Latin Authors - A. Greek Authors",,Ξενοφῶν,Xenophon,"Ἀπομνημονεύματα, Βιβλίον Γ΄ καὶ Δ΄","Memorabilia, Books 3 and 4",σελ. 72,1.20,γρ.,"ὑπὸ Μπὰρτ καὶ Χῖρστ, γρ. 1 παρ. 20"
1895,IMG_1330.jpeg,"Δ΄ ΚΕΙΜΕΝΑ, ΣΧΟΛΙΑ, ΠΑΡΑΦΡΑΣΕΙΣ, ΕΡΜΗΝΕΙΑΙ ΕΛΛΗΝΩΝ ΚΑΙ ΛΑΤΙΝΩΝ ΣΥΓΓΡΑΦΕΩΝ - Α΄ ΕΛΛΗΝΩΝ","IV. Texts, Scholia, Paraphrases, Interpretations of Greek and Latin Authors - A. Greek Authors",,Ξενοφῶν,Xenophon,Ἀπομνημονεύματα,Memorabilia,σελ. 254,12,γρ.,μετὰ εἰσαγωγῆς καὶ σημειώσεων ὑπὸ Γ. Μπουκουβάλα
1895,IMG_1330.jpeg,"Δ΄ ΚΕΙΜΕΝΑ, ΣΧΟΛΙΑ, ΠΑΡΑΦΡΑΣΕΙΣ, ΕΡΜΗΝΕΙΑΙ ΕΛΛΗΝΩΝ ΚΑΙ ΛΑΤΙΝΩΝ ΣΥΓΓΡΑΦΕΩΝ - Α΄ ΕΛΛΗΝΩΝ","IV. Texts, Scholia, Paraphrases, Interpretations of Greek and Latin Authors - A. Greek Authors",,Ξενοφῶν,Xenophon,Ἀπομνημονεύματα,Memorabilia,σελ. 218,10,γρ.,μετάφρασις Χ. Παμπούκη μετὰ σημειώσεων
1895,IMG_1330.jpeg,"Δ΄ ΚΕΙΜΕΝΑ, ΣΧΟΛΙΑ, ΠΑΡΑΦΡΑΣΕΙΣ, ΕΡΜΗΝΕΙΑΙ ΕΛΛΗΝΩΝ ΚΑΙ ΛΑΤΙΝΩΝ ΣΥΓΓΡΑΦΕΩΝ - Α΄ ΕΛΛΗΝΩΝ","IV. Texts, Scholia, Paraphrases, Interpretations of Greek and Latin Authors - A. Greek Authors",,Ξενοφῶν,Xenophon,Ἀπομνημονεύματα,Memorabilia,"8ον, σελ. 208",15,γρ.,"μετὰ εἰσαγωγῆς καὶ σημειώσεων, ὑπὸ Ε. Δ. Τσακαλώτου"
1895,IMG_1330.jpeg,"Δ΄ ΚΕΙΜΕΝΑ, ΣΧΟΛΙΑ, ΠΑΡΑΦΡΑΣΕΙΣ, ΕΡΜΗΝΕΙΑΙ ΕΛΛΗΝΩΝ ΚΑΙ ΛΑΤΙΝΩΝ ΣΥΓΓΡΑΦΕΩΝ - Α΄ ΕΛΛΗΝΩΝ","IV. Texts, Scholia, Paraphrases, Interpretations of Greek and Latin Authors - A. Greek Authors",,Ξενοφῶν,Xenophon,Ἀπομνημονεύματα,Memorabilia,σελ. 207,7,γρ.,"μεταφρασθέντα εἰς τὴν καθωμιλημένην μετὰ προλεγομένων καὶ σημειώσεων, ὑπὸ Σ. Δ. Χιωτέλλη"
1895,IMG_1330.jpeg,"Δ΄ ΚΕΙΜΕΝΑ, ΣΧΟΛΙΑ, ΠΑΡΑΦΡΑΣΕΙΣ, ΕΡΜΗΝΕΙΑΙ ΕΛΛΗΝΩΝ ΚΑΙ ΛΑΤΙΝΩΝ ΣΥΓΓΡΑΦΕΩΝ - Α΄ ΕΛΛΗΝΩΝ","IV. Texts, Scholia, Paraphrases, Interpretations of Greek and Latin Authors - A. Greek Authors",,Ξενοφῶν,Xenophon,Κύρου Ἀνάβασις,Anabasis of Cyrus,σελ. 270,5,γρ.,ἔκδοσις σχολικὴ κατὰ τὴν στερεότυπον τῆς Λειψίας ἔκδοσιν
1895,IMG_1330.jpeg,"Δ΄ ΚΕΙΜΕΝΑ, ΣΧΟΛΙΑ, ΠΑΡΑΦΡΑΣΕΙΣ, ΕΡΜΗΝΕΙΑΙ ΕΛΛΗΝΩΝ ΚΑΙ ΛΑΤΙΝΩΝ ΣΥΓΓΡΑΦΕΩΝ - Α΄ ΕΛΛΗΝΩΝ","IV. Texts, Scholia, Paraphrases, Interpretations of Greek and Latin Authors - A. Greek Authors",,Ξενοφῶν,Xenophon,"Κύρου Ἀνάβασις, Βιβλίον Α΄, Β΄ καὶ Γ΄","Anabasis of Cyrus, Books 1, 2, and 3",σελ. η΄—263,6,γρ.,μετὰ ποικίλων σημειώσεων ὑπὸ Ἰωακεὶμ Βαλαβάνη (Τόμος Β΄ τοῦ Ἀπανθίσματος τῶν Ἑλληνικῶν Γραμμάτων)
1895,IMG_1330.jpeg,"Δ΄ ΚΕΙΜΕΝΑ, ΣΧΟΛΙΑ, ΠΑΡΑΦΡΑΣΕΙΣ, ΕΡΜΗΝΕΙΑΙ ΕΛΛΗΝΩΝ ΚΑΙ ΛΑΤΙΝΩΝ ΣΥΓΓΡΑΦΕΩΝ - Α΄ ΕΛΛΗΝΩΝ","IV. Texts, Scholia, Paraphrases, Interpretations of Greek and Latin Authors - A. Greek Authors",,Ξενοφῶν,Xenophon,Κύρου Ἀνάβασις,Anabasis of Cyrus,"τόμ. 2, 8ον, σελ. 337",2,γρ.,"μετὰ σημειώσεων, ὑπὸ Ἀ. Καραγιάννη"
1895,IMG_1330.jpeg,"Δ΄ ΚΕΙΜΕΝΑ, ΣΧΟΛΙΑ, ΠΑΡΑΦΡΑΣΕΙΣ, ΕΡΜΗΝΕΙΑΙ ΕΛΛΗΝΩΝ ΚΑΙ ΛΑΤΙΝΩΝ ΣΥΓΓΡΑΦΕΩΝ - Α΄ ΕΛΛΗΝΩΝ","IV. Texts, Scholia, Paraphrases, Interpretations of Greek and Latin Authors - A. Greek Authors",,Ξενοφῶν,Xenophon,"Κύρου Ἀνάβασις, βιβλίον Α΄, Β΄, Γ΄","Anabasis of Cyrus, Books 1, 2, 3",σελ. 93,2,γρ.,ὑπὸ Μπὰρτ καὶ Χῖρστ
1895,IMG_1330.jpeg,"Δ΄ ΚΕΙΜΕΝΑ, ΣΧΟΛΙΑ, ΠΑΡΑΦΡΑΣΕΙΣ, ΕΡΜΗΝΕΙΑΙ ΕΛΛΗΝΩΝ ΚΑΙ ΛΑΤΙΝΩΝ ΣΥΓΓΡΑΦΕΩΝ - Α΄ ΕΛΛΗΝΩΝ","IV. Texts, Scholia, Paraphrases, Interpretations of Greek and Latin Authors - A. Greek Authors",,Ξενοφῶν,Xenophon,"Κύρου Ἀνάβασις, Α΄-Δ΄","Anabasis of Cyrus, Books 1-4","τόμ. 2, σελ. 263",20,γρ.,"μετὰ σημειώσεων καὶ πίνακος γεωγραφικοῦ, ὑπὸ Γ. Ἀ. Παπαβασιλείου"
1895,IMG_1331.jpeg,"Δ΄ ΚΕΙΜΕΝΑ, ΣΧΟΛΙΑ, ΠΑΡΑΦΡΑΣΕΙΣ, ΕΡΜΗΝΕΙΑΙ ΕΛΛΗΝΩΝ ΚΑΙ ΛΑΤΙΝΩΝ ΣΥΓΓΡΑΦΕΩΝ - Α΄ ΕΛΛΗΝΩΝ","IV. Texts, Scholia, Paraphrases, Interpretations of Greek and Latin Authors - A. Greek Authors",,Ξενοφῶν,Xenophon,"Κύρου παιδείας καὶ Ἑλληνικῶν Ἐκλογή, μετὰ σχολίων ποικίλων, ὑπὸ Γ. Δ. Ζηκίδου","Selection from Cyropaedia and Hellenica, with various notes, by G. D. Zikidis","8ον, σελ. 323",15,γρ.,
1895,IMG_1331.jpeg,"Δ΄ ΚΕΙΜΕΝΑ, ΣΧΟΛΙΑ, ΠΑΡΑΦΡΑΣΕΙΣ, ΕΡΜΗΝΕΙΑΙ ΕΛΛΗΝΩΝ ΚΑΙ ΛΑΤΙΝΩΝ ΣΥΓΓΡΑΦΕΩΝ - Α΄ ΕΛΛΗΝΩΝ","IV. Texts, Scholia, Paraphrases, Interpretations of Greek and Latin Authors - A. Greek Authors",,Ξενοφῶν,Xenophon,"Κύρου Παιδεία καὶ Ἑλληνικά, μετὰ σημειώσεων καὶ τοπογραφικοῦ πίνακος Ἀθηνῶν καὶ Πειραιῶς, ὑπὸ Γ. Ἀ. Παπαβασιλείου","Cyropaedia and Hellenica, with notes and a topographical map of Athens and Piraeus, by G. A. Papavasileiou",σελ. 347,15,γρ.,
1895,IMG_1331.jpeg,"Δ΄ ΚΕΙΜΕΝΑ, ΣΧΟΛΙΑ, ΠΑΡΑΦΡΑΣΕΙΣ, ΕΡΜΗΝΕΙΑΙ ΕΛΛΗΝΩΝ ΚΑΙ ΛΑΤΙΝΩΝ ΣΥΓΓΡΑΦΕΩΝ - Α΄ ΕΛΛΗΝΩΝ","IV. Texts, Scholia, Paraphrases, Interpretations of Greek and Latin Authors - A. Greek Authors",,Ξενοφῶν,Xenophon,"Ἑλληνικά, μετάφρασις Π. Ματράγκα, μετὰ σημειώσεων","Hellenica, translated by P. Matrangas, with notes","τόμ. 2, σελ. 470",15,γρ.,
1895,IMG_1331.jpeg,"Δ΄ ΚΕΙΜΕΝΑ, ΣΧΟΛΙΑ, ΠΑΡΑΦΡΑΣΕΙΣ, ΕΡΜΗΝΕΙΑΙ ΕΛΛΗΝΩΝ ΚΑΙ ΛΑΤΙΝΩΝ ΣΥΓΓΡΑΦΕΩΝ - Α΄ ΕΛΛΗΝΩΝ","IV. Texts, Scholia, Paraphrases, Interpretations of Greek and Latin Authors - A. Greek Authors",,Ξενοφῶν,Xenophon,"Οἰκονομικοῦ ἀνάλυσις, ὑπὸ Γ. Α. Ἀριστείδου","Analysis of Oeconomicus, by G. A. Aristeidou",σελ. 103,5,γρ.,
1895,IMG_1331.jpeg,"Δ΄ ΚΕΙΜΕΝΑ, ΣΧΟΛΙΑ, ΠΑΡΑΦΡΑΣΕΙΣ, ΕΡΜΗΝΕΙΑΙ ΕΛΛΗΝΩΝ ΚΑΙ ΛΑΤΙΝΩΝ ΣΥΓΓΡΑΦΕΩΝ - Α΄ ΕΛΛΗΝΩΝ","IV. Texts, Scholia, Paraphrases, Interpretations of Greek and Latin Authors - A. Greek Authors",,Ξενοφῶν Ἐφέσιος,Xenophon of Ephesus,"Τὰ κατ' Ἀνθίαν καὶ Ἁβροκόμην, ὑπὸ Χ. Ἰ. Καρρέ","Anthia and Habrocomes, by Ch. I. Karres",σελ. 104,2.20,γρ.,Price listed as '2 γρ. 20 παρ.'
1895,IMG_1331.jpeg,"Δ΄ ΚΕΙΜΕΝΑ, ΣΧΟΛΙΑ, ΠΑΡΑΦΡΑΣΕΙΣ, ΕΡΜΗΝΕΙΑΙ ΕΛΛΗΝΩΝ ΚΑΙ ΛΑΤΙΝΩΝ ΣΥΓΓΡΑΦΕΩΝ - Α΄ ΕΛΛΗΝΩΝ","IV. Texts, Scholia, Paraphrases, Interpretations of Greek and Latin Authors - A. Greek Authors",,Ὅμηρος,Homer,"Ἰλιάδος ἑξάμετρος ἁπλοελληνικὴ μετάφρασις, ὑπὸ Β. Ἀποστολίδου. Μέρος Α΄, ῥαψῳδίαι Α—Μ","Hexameter Modern Greek translation of the Iliad, by V. Apostolidis. Part A, books 1–12","8ον, σελ. 330",20,γρ.,
1895,IMG_1331.jpeg,"Δ΄ ΚΕΙΜΕΝΑ, ΣΧΟΛΙΑ, ΠΑΡΑΦΡΑΣΕΙΣ, ΕΡΜΗΝΕΙΑΙ ΕΛΛΗΝΩΝ ΚΑΙ ΛΑΤΙΝΩΝ ΣΥΓΓΡΑΦΕΩΝ - Α΄ ΕΛΛΗΝΩΝ","IV. Texts, Scholia, Paraphrases, Interpretations of Greek and Latin Authors - A. Greek Authors",,Ὅμηρος,Homer,"Ἰλιάς, μετάφρασις Ἀνέστη Κωνσταντινίδου","Iliad, translated by Anestis Konstantinidis","8ον, σ. 474",12,γρ.,
1895,IMG_1331.jpeg,"Δ΄ ΚΕΙΜΕΝΑ, ΣΧΟΛΙΑ, ΠΑΡΑΦΡΑΣΕΙΣ, ΕΡΜΗΝΕΙΑΙ ΕΛΛΗΝΩΝ ΚΑΙ ΛΑΤΙΝΩΝ ΣΥΓΓΡΑΦΕΩΝ - Α΄ ΕΛΛΗΝΩΝ","IV. Texts, Scholia, Paraphrases, Interpretations of Greek and Latin Authors - A. Greek Authors",,Ὅμηρος,Homer,"Ἰλιάς, σχολιασθεῖσα καὶ ἐκδοθεῖσα ὑπὸ Γ. Μιστριώτου","Iliad, annotated and published by G. Mistriotis","τεύχη 6, Α-Ω, 8ον",80,γρ.,
1895,IMG_1331.jpeg,"Δ΄ ΚΕΙΜΕΝΑ, ΣΧΟΛΙΑ, ΠΑΡΑΦΡΑΣΕΙΣ, ΕΡΜΗΝΕΙΑΙ ΕΛΛΗΝΩΝ ΚΑΙ ΛΑΤΙΝΩΝ ΣΥΓΓΡΑΦΕΩΝ - Α΄ ΕΛΛΗΝΩΝ","IV. Texts, Scholia, Paraphrases, Interpretations of Greek and Latin Authors - A. Greek Authors",,Ὅμηρος,Homer,"Ἰλιάς, ὑπὸ Μπάρτ καὶ Χίρστ, ῥαψῳδίαι Α, Β, Γ","Iliad, by Bart and Hirst, books 1, 2, 3",σ. 68,2,γρ.,
1895,IMG_1331.jpeg,"Δ΄ ΚΕΙΜΕΝΑ, ΣΧΟΛΙΑ, ΠΑΡΑΦΡΑΣΕΙΣ, ΕΡΜΗΝΕΙΑΙ ΕΛΛΗΝΩΝ ΚΑΙ ΛΑΤΙΝΩΝ ΣΥΓΓΡΑΦΕΩΝ - Α΄ ΕΛΛΗΝΩΝ","IV. Texts, Scholia, Paraphrases, Interpretations of Greek and Latin Authors - A. Greek Authors",,Ὅμηρος,Homer,"Ἰλιάς, ὑπὸ Μπάρτ καὶ Χίρστ, ῥαψῳδίαι Δ, Ε, Ζ","Iliad, by Bart and Hirst, books 4, 5, 6",σελ. 69,2,γρ.,
1895,IMG_1331.jpeg,"Δ΄ ΚΕΙΜΕΝΑ, ΣΧΟΛΙΑ, ΠΑΡΑΦΡΑΣΕΙΣ, ΕΡΜΗΝΕΙΑΙ ΕΛΛΗΝΩΝ ΚΑΙ ΛΑΤΙΝΩΝ ΣΥΓΓΡΑΦΕΩΝ - Α΄ ΕΛΛΗΝΩΝ","IV. Texts, Scholia, Paraphrases, Interpretations of Greek and Latin Authors - A. Greek Authors",,Ὅμηρος,Homer,"Ἰλιάς, μετάφρασις Ἀ. Παπαδάκη","Iliad, translated by A. Papadakis",σελ. 522,12,γρ.,
1895,IMG_1331.jpeg,"Δ΄ ΚΕΙΜΕΝΑ, ΣΧΟΛΙΑ, ΠΑΡΑΦΡΑΣΕΙΣ, ΕΡΜΗΝΕΙΑΙ ΕΛΛΗΝΩΝ ΚΑΙ ΛΑΤΙΝΩΝ ΣΥΓΓΡΑΦΕΩΝ - Α΄ ΕΛΛΗΝΩΝ","IV. Texts, Scholia, Paraphrases, Interpretations of Greek and Latin Authors - A. Greek Authors",,Ὅμηρος,Homer,"Ἰλιάς, παραφρασθεῖσα καὶ ὁμοιοκαταλήκτως στιχουργηθεῖσα μεθ' ὑποσημειώσεων κτλ. καὶ χαλκογραφικῶν εἰκόνων παρὰ Γεωργίου Ῥουσιάδου","Iliad, paraphrased and rendered in rhyming verse with notes etc. and copperplate engravings by Georgios Rousiadis","δεδεμένη εἰς 5 τόμους, 8ον, σελ. 1224",220,γρόσια,
1895,IMG_1331.jpeg,"Δ΄ ΚΕΙΜΕΝΑ, ΣΧΟΛΙΑ, ΠΑΡΑΦΡΑΣΕΙΣ, ΕΡΜΗΝΕΙΑΙ ΕΛΛΗΝΩΝ ΚΑΙ ΛΑΤΙΝΩΝ ΣΥΓΓΡΑΦΕΩΝ - Α΄ ΕΛΛΗΝΩΝ","IV. Texts, Scholia, Paraphrases, Interpretations of Greek and Latin Authors - A. Greek Authors",,Ὅμηρος,Homer,"Κλείς, ὑπὸ Ἐμμ. Γαλάνη. Τεύχη 3, ῥαψῳδίαι Α, Β, Γ τῆς Ἰλιάδος","Key, by Emm. Galanis. 3 parts, books 1, 2, 3 of the Iliad","32ον, σελ. 550",12,γρ.,
1895,IMG_1331.jpeg,"Δ΄ ΚΕΙΜΕΝΑ, ΣΧΟΛΙΑ, ΠΑΡΑΦΡΑΣΕΙΣ, ΕΡΜΗΝΕΙΑΙ ΕΛΛΗΝΩΝ ΚΑΙ ΛΑΤΙΝΩΝ ΣΥΓΓΡΑΦΕΩΝ - Α΄ ΕΛΛΗΝΩΝ","IV. Texts, Scholia, Paraphrases, Interpretations of Greek and Latin Authors - A. Greek Authors",,Ὅμηρος,Homer,Σχόλια εἰς τὴν Ἰλιάδα ὑπὸ Κ. Γκαρπολα,Scholia on the Iliad by K. Garpolas,"Τόμοι 3, 32ον, σελ. 856",15,γρ.,
1895,IMG_1331.jpeg,"Δ΄ ΚΕΙΜΕΝΑ, ΣΧΟΛΙΑ, ΠΑΡΑΦΡΑΣΕΙΣ, ΕΡΜΗΝΕΙΑΙ ΕΛΛΗΝΩΝ ΚΑΙ ΛΑΤΙΝΩΝ ΣΥΓΓΡΑΦΕΩΝ - Α΄ ΕΛΛΗΝΩΝ","IV. Texts, Scholia, Paraphrases, Interpretations of Greek and Latin Authors - A. Greek Authors",,Ὅμηρος,Homer,"Ὀδύσσεια, ὑπὸ K. F. Ameis, μετὰ σχολίων καὶ ἑρμηνείας, ὑπὸ Ἀ. Ξ. Καρπαναγιώτου. Τόμ. Α΄, Τεῦχος Α΄, περιέχον τὰς ῥαψῳδίας Α—Ζ","Odyssey, by K. F. Ameis, with scholia and commentary, by A. X. Karpanagiotou. Vol. A, Part A, containing books 1–6","8ον, σελ. 336",20,γρ.,
1895,IMG_1331.jpeg,"Δ΄ ΚΕΙΜΕΝΑ, ΣΧΟΛΙΑ, ΠΑΡΑΦΡΑΣΕΙΣ, ΕΡΜΗΝΕΙΑΙ ΕΛΛΗΝΩΝ ΚΑΙ ΛΑΤΙΝΩΝ ΣΥΓΓΡΑΦΕΩΝ - Α΄ ΕΛΛΗΝΩΝ","IV. Texts, Scholia, Paraphrases, Interpretations of Greek and Latin Authors - A. Greek Authors",,Ὅμηρος,Homer,"Ὀδύσσεια, μετὰ σημειώσεων, ὑπὸ Β. Βυθούλκα","Odyssey, with notes, by V. Vythoulkas","τεύχη 2, σελ. 15΄-293",18,γρ.,
1895,IMG_1331.jpeg,"Δ΄ ΚΕΙΜΕΝΑ, ΣΧΟΛΙΑ, ΠΑΡΑΦΡΑΣΕΙΣ, ΕΡΜΗΝΕΙΑΙ ΕΛΛΗΝΩΝ ΚΑΙ ΛΑΤΙΝΩΝ ΣΥΓΓΡΑΦΕΩΝ - Α΄ ΕΛΛΗΝΩΝ","IV. Texts, Scholia, Paraphrases, Interpretations of Greek and Latin Authors - A. Greek Authors",,Ὅμηρος,Homer,"Ὀδύσσεια, μετάφρασις Ἀνέστη Κωνσταντινίδου, μετὰ εἰκόνων","Odyssey, translated by Anestis Konstantinidis, with illustrations","8ον, σελ. 333",12,γρ.,
1895,IMG_1331.jpeg,"Δ΄ ΚΕΙΜΕΝΑ, ΣΧΟΛΙΑ, ΠΑΡΑΦΡΑΣΕΙΣ, ΕΡΜΗΝΕΙΑΙ ΕΛΛΗΝΩΝ ΚΑΙ ΛΑΤΙΝΩΝ ΣΥΓΓΡΑΦΕΩΝ - Α΄ ΕΛΛΗΝΩΝ","IV. Texts, Scholia, Paraphrases, Interpretations of Greek and Latin Authors - A. Greek Authors",,Ὅμηρος,Homer,"Ὀδύσσεια, ὑπὸ Μπάρτ καὶ Χίρστ, ῥαψῳδίαι Α, Β, Γ","Odyssey, by Bart and Hirst, books 1, 2, 3",σελ. 49,2,γρ.,
1895,IMG_1331.jpeg,"Δ΄ ΚΕΙΜΕΝΑ, ΣΧΟΛΙΑ, ΠΑΡΑΦΡΑΣΕΙΣ, ΕΡΜΗΝΕΙΑΙ ΕΛΛΗΝΩΝ ΚΑΙ ΛΑΤΙΝΩΝ ΣΥΓΓΡΑΦΕΩΝ - Α΄ ΕΛΛΗΝΩΝ","IV. Texts, Scholia, Paraphrases, Interpretations of Greek and Latin Authors - A. Greek Authors",,Ὅμηρος,Homer,"Ὀδύσσεια, ὑπὸ Μπάρτ καὶ Χίρστ, ῥαψῳδίαι Δ, Ε, Ζ","Odyssey, by Bart and Hirst, books 4, 5, 6",σελ. 59,2,γρ.,
1895,IMG_1331.jpeg,"Δ΄ ΚΕΙΜΕΝΑ, ΣΧΟΛΙΑ, ΠΑΡΑΦΡΑΣΕΙΣ, ΕΡΜΗΝΕΙΑΙ ΕΛΛΗΝΩΝ ΚΑΙ ΛΑΤΙΝΩΝ ΣΥΓΓΡΑΦΕΩΝ - Α΄ ΕΛΛΗΝΩΝ","IV. Texts, Scholia, Paraphrases, Interpretations of Greek and Latin Authors - A. Greek Authors",,Ὅμηρος,Homer,"Ὀδύσσεια, σὺν τοῖς σχολίοις, Βατραχομυομαχία, Ὕμνοι, Ἐπιγράμματα, Λείψανα. Ἔκδοσις Ὀξονίας","Odyssey, with scholia, Batrachomyomachia, Hymns, Epigrams, Fragments. Oxford edition","8ον, σελ. 748",30,γρ.,
1895,IMG_1332.jpeg,"Δ΄ ΚΕΙΜΕΝΑ, ΣΧΟΛΙΑ, ΠΑΡΑΦΡΑΣΕΙΣ, ΕΡΜΗΝΕΙΑΙ ΕΛΛΗΝΩΝ ΚΑΙ ΛΑΤΙΝΩΝ ΣΥΓΓΡΑΦΕΩΝ - Α΄ ΕΛΛΗΝΩΝ","IV. Texts, Scholia, Paraphrases, Interpretations of Greek and Latin Authors - A. Greek Authors",2) Τῆς ἐν Παρισίοις ἐκδόσεως Hachette.,Ὅμηρος,Homer,"Ὀδύσσεια, ἔμμετρος μετάφρασις Ἰακώβου Πολυλᾶ","Odyssey, verse translation by Iakovos Polylas","τεύχη 4, 8ον, σελ. 355",30,γρ.,
1895,IMG_1332.jpeg,"Δ΄ ΚΕΙΜΕΝΑ, ΣΧΟΛΙΑ, ΠΑΡΑΦΡΑΣΕΙΣ, ΕΡΜΗΝΕΙΑΙ ΕΛΛΗΝΩΝ ΚΑΙ ΛΑΤΙΝΩΝ ΣΥΓΓΡΑΦΕΩΝ - Α΄ ΕΛΛΗΝΩΝ","IV. Texts, Scholia, Paraphrases, Interpretations of Greek and Latin Authors - A. Greek Authors",2) Τῆς ἐν Παρισίοις ἐκδόσεως Hachette.,Ὅμηρος,Homer,"Ὀδύσσεια, μετάφρασις Ἀ. Ἀ. Σακελλαρίου","Odyssey, translation by A. A. Sakellariou",σελ. 314,8,γρ.,
1895,IMG_1332.jpeg,"Δ΄ ΚΕΙΜΕΝΑ, ΣΧΟΛΙΑ, ΠΑΡΑΦΡΑΣΕΙΣ, ΕΡΜΗΝΕΙΑΙ ΕΛΛΗΝΩΝ ΚΑΙ ΛΑΤΙΝΩΝ ΣΥΓΓΡΑΦΕΩΝ - Α΄ ΕΛΛΗΝΩΝ","IV. Texts, Scholia, Paraphrases, Interpretations of Greek and Latin Authors - A. Greek Authors",2) Τῆς ἐν Παρισίοις ἐκδόσεως Hachette.,Ὅμηρος,Homer,"Ὀδύσσεια, μετάφρασις Ἀ. Γ. Σκαλίδου","Odyssey, translation by A. G. Skalidos",σελ. 348,7,γρ.,
1895,IMG_1332.jpeg,"Δ΄ ΚΕΙΜΕΝΑ, ΣΧΟΛΙΑ, ΠΑΡΑΦΡΑΣΕΙΣ, ΕΡΜΗΝΕΙΑΙ ΕΛΛΗΝΩΝ ΚΑΙ ΛΑΤΙΝΩΝ ΣΥΓΓΡΑΦΕΩΝ - Α΄ ΕΛΛΗΝΩΝ","IV. Texts, Scholia, Paraphrases, Interpretations of Greek and Latin Authors - A. Greek Authors",2) Τῆς ἐν Παρισίοις ἐκδόσεως Hachette.,Ὅμηρος,Homer,"Ὀδύσσεια, μετενεχθεῖσα εἰς τὴν καθωμιλημένην, ὑπὸ Κ. Φιλαλήθους","Odyssey, rendered into modern Greek by K. Filalithis","8ον, σελ. 410",8,γρ.,
1895,IMG_1332.jpeg,"Δ΄ ΚΕΙΜΕΝΑ, ΣΧΟΛΙΑ, ΠΑΡΑΦΡΑΣΕΙΣ, ΕΡΜΗΝΕΙΑΙ ΕΛΛΗΝΩΝ ΚΑΙ ΛΑΤΙΝΩΝ ΣΥΓΓΡΑΦΕΩΝ - Α΄ ΕΛΛΗΝΩΝ","IV. Texts, Scholia, Paraphrases, Interpretations of Greek and Latin Authors - A. Greek Authors",2) Τῆς ἐν Παρισίοις ἐκδόσεως Hachette.,Ὅμηρος,Homer,"Βατραχομυομαχία, μεταγλωττισθεῖσα εἰς ἁπλῆν ὁμοιοτέλευτον φράσιν ὑπὸ Δὸν Γεωργίου Σοτοβίκη καὶ σημειώσεσι πλουτισθεῖσα, ὑπὸ Μ. Ζ. Πρακτικίδου","Batrachomyomachia, translated into simple rhyming verse by Don Georgios Sotovikis and enriched with notes by M. Z. Praktikidis","8ον, σελ. 56",3,γρ.,
1895,IMG_1332.jpeg,"Δ΄ ΚΕΙΜΕΝΑ, ΣΧΟΛΙΑ, ΠΑΡΑΦΡΑΣΕΙΣ, ΕΡΜΗΝΕΙΑΙ ΕΛΛΗΝΩΝ ΚΑΙ ΛΑΤΙΝΩΝ ΣΥΓΓΡΑΦΕΩΝ - Α΄ ΕΛΛΗΝΩΝ","IV. Texts, Scholia, Paraphrases, Interpretations of Greek and Latin Authors - A. Greek Authors",2) Τῆς ἐν Παρισίοις ἐκδόσεως Hachette.,Γ. Ν. Τζερέπης,G. N. Tzerepis,"Ὁμηρικὴ Ἑλλάς, μετὰ εἰσαγωγῆς, ὑπὸ Γ. Ν. Τζερέπη","Homeric Greece, with an introduction, by G. N. Tzerepis",σ. 123,5,γ.,
1895,IMG_1332.jpeg,"Δ΄ ΚΕΙΜΕΝΑ, ΣΧΟΛΙΑ, ΠΑΡΑΦΡΑΣΕΙΣ, ΕΡΜΗΝΕΙΑΙ ΕΛΛΗΝΩΝ ΚΑΙ ΛΑΤΙΝΩΝ ΣΥΓΓΡΑΦΕΩΝ - Α΄ ΕΛΛΗΝΩΝ","IV. Texts, Scholia, Paraphrases, Interpretations of Greek and Latin Authors - A. Greek Authors",2) Τῆς ἐν Παρισίοις ἐκδόσεως Hachette.,Γ. Κωνσταντινίδης,G. Konstantinidis,"Ὁμηρικὴ Θεολογία, ὑπὸ Γ. Κωνσταντινίδου","Homeric Theology, by G. Konstantinidis","8ον, σελ. 264",15,γ.,
1895,IMG_1332.jpeg,"Δ΄ ΚΕΙΜΕΝΑ, ΣΧΟΛΙΑ, ΠΑΡΑΦΡΑΣΕΙΣ, ΕΡΜΗΝΕΙΑΙ ΕΛΛΗΝΩΝ ΚΑΙ ΛΑΤΙΝΩΝ ΣΥΓΓΡΑΦΕΩΝ - Α΄ ΕΛΛΗΝΩΝ","IV. Texts, Scholia, Paraphrases, Interpretations of Greek and Latin Authors - A. Greek Authors",2) Τῆς ἐν Παρισίοις ἐκδόσεως Hachette.,Πίνδαρος,Pindar,"Πίνδαρος ὁ κορυφαῖος τῶν Λυρικῶν, ὑπὸ Π. Γ. Παπακωνσταντίνου","Pindar the Chief of Lyrical Poets, by P. G. Papakonstantinou",σελ. 191,12,γρ.,
1895,IMG_1332.jpeg,"Δ΄ ΚΕΙΜΕΝΑ, ΣΧΟΛΙΑ, ΠΑΡΑΦΡΑΣΕΙΣ, ΕΡΜΗΝΕΙΑΙ ΕΛΛΗΝΩΝ ΚΑΙ ΛΑΤΙΝΩΝ ΣΥΓΓΡΑΦΕΩΝ - Α΄ ΕΛΛΗΝΩΝ","IV. Texts, Scholia, Paraphrases, Interpretations of Greek and Latin Authors - A. Greek Authors",2) Τῆς ἐν Παρισίοις ἐκδόσεως Hachette.,Πλάτων,Plato,"Ἀπολογία Σωκράτους, μετενεχθεῖσα εἰς τὴν καθωμιλημένην, ὑπὸ Ἀνέστη Κωνσταντινίδου","Apology of Socrates, rendered into modern Greek by Anestis Konstantinidis",σελ. 52,2 παρ. 20,γρ.,
1895,IMG_1332.jpeg,"Δ΄ ΚΕΙΜΕΝΑ, ΣΧΟΛΙΑ, ΠΑΡΑΦΡΑΣΕΙΣ, ΕΡΜΗΝΕΙΑΙ ΕΛΛΗΝΩΝ ΚΑΙ ΛΑΤΙΝΩΝ ΣΥΓΓΡΑΦΕΩΝ - Α΄ ΕΛΛΗΝΩΝ","IV. Texts, Scholia, Paraphrases, Interpretations of Greek and Latin Authors - A. Greek Authors",2) Τῆς ἐν Παρισίοις ἐκδόσεως Hachette.,Πλάτων,Plato,"Ἀπολογία Σωκράτους, μετὰ κριτικῶν καὶ ἑρμηνευτικῶν σχολίων, ὑπὸ Γ. Κωνσταντινίδου","Apology of Socrates, with critical and explanatory notes, by G. Konstantinidis","8ον, σελ. 217",12,γρόσια,
1895,IMG_1332.jpeg,"Δ΄ ΚΕΙΜΕΝΑ, ΣΧΟΛΙΑ, ΠΑΡΑΦΡΑΣΕΙΣ, ΕΡΜΗΝΕΙΑΙ ΕΛΛΗΝΩΝ ΚΑΙ ΛΑΤΙΝΩΝ ΣΥΓΓΡΑΦΕΩΝ - Α΄ ΕΛΛΗΝΩΝ","IV. Texts, Scholia, Paraphrases, Interpretations of Greek and Latin Authors - A. Greek Authors",2) Τῆς ἐν Παρισίοις ἐκδόσεως Hachette.,Πλάτων,Plato,"Ἀπολογία Σωκράτους, ἔκδοσις Καταστημάτων Ἀνδρέου Κορομηλᾶ","Apology of Socrates, Andreou Koromila Establishments edition",σελ. 29,1 παρ. 20,γρ.,
1895,IMG_1332.jpeg,"Δ΄ ΚΕΙΜΕΝΑ, ΣΧΟΛΙΑ, ΠΑΡΑΦΡΑΣΕΙΣ, ΕΡΜΗΝΕΙΑΙ ΕΛΛΗΝΩΝ ΚΑΙ ΛΑΤΙΝΩΝ ΣΥΓΓΡΑΦΕΩΝ - Α΄ ΕΛΛΗΝΩΝ","IV. Texts, Scholia, Paraphrases, Interpretations of Greek and Latin Authors - A. Greek Authors",2) Τῆς ἐν Παρισίοις ἐκδόσεως Hachette.,Πλάτων,Plato,"Ἀπολογία Σωκράτους, μετὰ σχολίων, ὑπὸ Γ. Μιστριώτου","Apology of Socrates, with commentary by G. Mistriotis","8ον, σελ. 144",15,γρ.,
1895,IMG_1332.jpeg,"Δ΄ ΚΕΙΜΕΝΑ, ΣΧΟΛΙΑ, ΠΑΡΑΦΡΑΣΕΙΣ, ΕΡΜΗΝΕΙΑΙ ΕΛΛΗΝΩΝ ΚΑΙ ΛΑΤΙΝΩΝ ΣΥΓΓΡΑΦΕΩΝ - Α΄ ΕΛΛΗΝΩΝ","IV. Texts, Scholia, Paraphrases, Interpretations of Greek and Latin Authors - A. Greek Authors",2) Τῆς ἐν Παρισίοις ἐκδόσεως Hachette.,Πλάτων,Plato,"Γοργίας, ἔκδοσις Καταστημάτων Ἀνδρέου Κορομηλᾶ","Gorgias, Andreou Koromila Establishments edition",σελ. 104,3,γρ.,
1895,IMG_1332.jpeg,"Δ΄ ΚΕΙΜΕΝΑ, ΣΧΟΛΙΑ, ΠΑΡΑΦΡΑΣΕΙΣ, ΕΡΜΗΝΕΙΑΙ ΕΛΛΗΝΩΝ ΚΑΙ ΛΑΤΙΝΩΝ ΣΥΓΓΡΑΦΕΩΝ - Α΄ ΕΛΛΗΝΩΝ","IV. Texts, Scholia, Paraphrases, Interpretations of Greek and Latin Authors - A. Greek Authors",2) Τῆς ἐν Παρισίοις ἐκδόσεως Hachette.,Πλάτων,Plato,"Γοργίας, μετὰ σχολίων, ὑπὸ Γ. Μιστριώτου","Gorgias, with commentary by G. Mistriotis","8ον, σελ. ιϛ΄-427",25,γρόσια,
1895,IMG_1332.jpeg,"Δ΄ ΚΕΙΜΕΝΑ, ΣΧΟΛΙΑ, ΠΑΡΑΦΡΑΣΕΙΣ, ΕΡΜΗΝΕΙΑΙ ΕΛΛΗΝΩΝ ΚΑΙ ΛΑΤΙΝΩΝ ΣΥΓΓΡΑΦΕΩΝ - Α΄ ΕΛΛΗΝΩΝ","IV. Texts, Scholia, Paraphrases, Interpretations of Greek and Latin Authors - A. Greek Authors",2) Τῆς ἐν Παρισίοις ἐκδόσεως Hachette.,Πλάτων,Plato,"Γοργίας, ὑπὸ Μπὰρτ καὶ Χῖρστ","Gorgias, by Barth and Hirst",σελ. 100,4,γρ.,
1895,IMG_1332.jpeg,"Δ΄ ΚΕΙΜΕΝΑ, ΣΧΟΛΙΑ, ΠΑΡΑΦΡΑΣΕΙΣ, ΕΡΜΗΝΕΙΑΙ ΕΛΛΗΝΩΝ ΚΑΙ ΛΑΤΙΝΩΝ ΣΥΓΓΡΑΦΕΩΝ - Α΄ ΕΛΛΗΝΩΝ","IV. Texts, Scholia, Paraphrases, Interpretations of Greek and Latin Authors - A. Greek Authors",2) Τῆς ἐν Παρισίοις ἐκδόσεως Hachette.,Πλάτων,Plato,"Εὐθύφρων, Ἀπολογία, Κρίτων, μετὰ κριτικῶν καὶ ἑρμηνευτικῶν σχολίων, ὑπὸ Γ. Κωνσταντινίδου","Euthyphro, Apology, Crito, with critical and explanatory notes, by G. Konstantinidis","8ον, σελ. 300",20,γρ.,
1895,IMG_1332.jpeg,"Δ΄ ΚΕΙΜΕΝΑ, ΣΧΟΛΙΑ, ΠΑΡΑΦΡΑΣΕΙΣ, ΕΡΜΗΝΕΙΑΙ ΕΛΛΗΝΩΝ ΚΑΙ ΛΑΤΙΝΩΝ ΣΥΓΓΡΑΦΕΩΝ - Α΄ ΕΛΛΗΝΩΝ","IV. Texts, Scholia, Paraphrases, Interpretations of Greek and Latin Authors - A. Greek Authors",2) Τῆς ἐν Παρισίοις ἐκδόσεως Hachette.,Πλάτων,Plato,"Εὐθύφρων, μετὰ σχολίων, ὑπὸ Γ. Κωνσταντινίδου","Euthyphro, with commentary by G. Konstantinidis","8ον, σελ. ιιι",12,γρ.,
1895,IMG_1332.jpeg,"Δ΄ ΚΕΙΜΕΝΑ, ΣΧΟΛΙΑ, ΠΑΡΑΦΡΑΣΕΙΣ, ΕΡΜΗΝΕΙΑΙ ΕΛΛΗΝΩΝ ΚΑΙ ΛΑΤΙΝΩΝ ΣΥΓΓΡΑΦΕΩΝ - Α΄ ΕΛΛΗΝΩΝ","IV. Texts, Scholia, Paraphrases, Interpretations of Greek and Latin Authors - A. Greek Authors",2) Τῆς ἐν Παρισίοις ἐκδόσεως Hachette.,Πλάτων,Plato,"Κρίτων, ὑπὸ τοῦ αὐτοῦ","Crito, by the same [G. Konstantinidis]","8ον, σελ. 98",8,γρ.,
1895,IMG_1332.jpeg,"Δ΄ ΚΕΙΜΕΝΑ, ΣΧΟΛΙΑ, ΠΑΡΑΦΡΑΣΕΙΣ, ΕΡΜΗΝΕΙΑΙ ΕΛΛΗΝΩΝ ΚΑΙ ΛΑΤΙΝΩΝ ΣΥΓΓΡΑΦΕΩΝ - Α΄ ΕΛΛΗΝΩΝ","IV. Texts, Scholia, Paraphrases, Interpretations of Greek and Latin Authors - A. Greek Authors",2) Τῆς ἐν Παρισίοις ἐκδόσεως Hachette.,Πλάτων,Plato,"Κρίτων, κείμενον, σχόλια καὶ μετάφρασις, ὑπὸ Π. Δ. Κουπιτώρη","Crito, text, commentary and translation by P. D. Koupitoris","8ον, σελ. 77",6,γρ.,
1895,IMG_1332.jpeg,"Δ΄ ΚΕΙΜΕΝΑ, ΣΧΟΛΙΑ, ΠΑΡΑΦΡΑΣΕΙΣ, ΕΡΜΗΝΕΙΑΙ ΕΛΛΗΝΩΝ ΚΑΙ ΛΑΤΙΝΩΝ ΣΥΓΓΡΑΦΕΩΝ - Α΄ ΕΛΛΗΝΩΝ","IV. Texts, Scholia, Paraphrases, Interpretations of Greek and Latin Authors - A. Greek Authors",2) Τῆς ἐν Παρισίοις ἐκδόσεως Hachette.,Πλάτων,Plato,"Κρίτων, μετὰ σχολίων, ὑπὸ Γ. Μιστριώτου","Crito, with commentary by G. Mistriotis","8ον, σ. 104",9,γρ.,
1895,IMG_1332.jpeg,"Δ΄ ΚΕΙΜΕΝΑ, ΣΧΟΛΙΑ, ΠΑΡΑΦΡΑΣΕΙΣ, ΕΡΜΗΝΕΙΑΙ ΕΛΛΗΝΩΝ ΚΑΙ ΛΑΤΙΝΩΝ ΣΥΓΓΡΑΦΕΩΝ - Α΄ ΕΛΛΗΝΩΝ","IV. Texts, Scholia, Paraphrases, Interpretations of Greek and Latin Authors - A. Greek Authors",2) Τῆς ἐν Παρισίοις ἐκδόσεως Hachette.,Πλάτων,Plato,"Λάχης, μετὰ σχολίων, ὑπὸ Γ. Μιστριώτου","Laches, with commentary by G. Mistriotis","8ον, σελ. 128",12,γ.,
1895,IMG_1332.jpeg,"Δ΄ ΚΕΙΜΕΝΑ, ΣΧΟΛΙΑ, ΠΑΡΑΦΡΑΣΕΙΣ, ΕΡΜΗΝΕΙΑΙ ΕΛΛΗΝΩΝ ΚΑΙ ΛΑΤΙΝΩΝ ΣΥΓΓΡΑΦΕΩΝ - Α΄ ΕΛΛΗΝΩΝ","IV. Texts, Scholia, Paraphrases, Interpretations of Greek and Latin Authors - A. Greek Authors",2) Τῆς ἐν Παρισίοις ἐκδόσεως Hachette.,Πλούταρχος,Plutarch,"Βίοι Παράλληλοι, μετάφρασις Ἀ. Ρ. Ῥαγκαβῆ","Parallel Lives, translation by A. R. Rangavis","τόμ. 10, 8ον, σελ. 3183, δεδεμένοι εἰς τόμους 5",150,γρ.,
1895,IMG_1333.jpeg,"Δ΄ ΚΕΙΜΕΝΑ, ΣΧΟΛΙΑ, ΠΑΡΑΦΡΑΣΕΙΣ, ΕΡΜΗΝΕΙΑΙ ΕΛΛΗΝΩΝ ΚΑΙ ΛΑΤΙΝΩΝ ΣΥΓΓΡΑΦΕΩΝ - Α΄ ΕΛΛΗΝΩΝ","IV. Texts, Scholia, Paraphrases, Interpretations of Greek and Latin Authors - A. Greek Authors",,Πλούταρχος,Plutarch,Ἄγις—Κλεομένης· μετὰ σχολίων Μ. Γκιόλμα,Agis - Cleomenes; with commentary by M. Gkiolmas,"8ον, σελ. 107",6,γρόσια,ὑπὸ Μ. Γκιόλμα
1895,IMG_1333.jpeg,"Δ΄ ΚΕΙΜΕΝΑ, ΣΧΟΛΙΑ, ΠΑΡΑΦΡΑΣΕΙΣ, ΕΡΜΗΝΕΙΑΙ ΕΛΛΗΝΩΝ ΚΑΙ ΛΑΤΙΝΩΝ ΣΥΓΓΡΑΦΕΩΝ - Α΄ ΕΛΛΗΝΩΝ","IV. Texts, Scholia, Paraphrases, Interpretations of Greek and Latin Authors - A. Greek Authors",,Πλούταρχος,Plutarch,"Θεμιστοκλῆς καὶ Ἀριστείδης, μετὰ κριτικῶν παρατηρήσεων καὶ ποικίλων σημειώσεων","Themistocles and Aristides, with critical notes and various annotations","8ον, σ. 182",12,γρόσια,ὑπὸ Δ. Ἀ. Οἰκονόμου
1895,IMG_1333.jpeg,"Δ΄ ΚΕΙΜΕΝΑ, ΣΧΟΛΙΑ, ΠΑΡΑΦΡΑΣΕΙΣ, ΕΡΜΗΝΕΙΑΙ ΕΛΛΗΝΩΝ ΚΑΙ ΛΑΤΙΝΩΝ ΣΥΓΓΡΑΦΕΩΝ - Α΄ ΕΛΛΗΝΩΝ","IV. Texts, Scholia, Paraphrases, Interpretations of Greek and Latin Authors - A. Greek Authors",,Πλούταρχος,Plutarch,"Θεμιστοκλῆς καὶ Ἀριστείδης, μετὰ σημειώσεων","Themistocles and Aristides, with annotations",σελ. 377,12,γρόσια,ὑπὸ Γ. Ἀ. Παπαβασιλείου
1895,IMG_1333.jpeg,"Δ΄ ΚΕΙΜΕΝΑ, ΣΧΟΛΙΑ, ΠΑΡΑΦΡΑΣΕΙΣ, ΕΡΜΗΝΕΙΑΙ ΕΛΛΗΝΩΝ ΚΑΙ ΛΑΤΙΝΩΝ ΣΥΓΓΡΑΦΕΩΝ - Α΄ ΕΛΛΗΝΩΝ","IV. Texts, Scholia, Paraphrases, Interpretations of Greek and Latin Authors - A. Greek Authors",,Πλούταρχος,Plutarch,"Πελοπίδας, Τιμολέων, Φιλοποίμην, Κάμιλλος, Αἰμίλιος Παῦλος, Ἄρατος, Νικίας, Δίων, Κλεομένης, Ἄγις, Τιβέριος Γράκχος","Pelopidas, Timoleon, Philopoemen, Camillus, Aemilius Paulus, Aratus, Nicias, Dion, Cleomenes, Agis, Tiberius Gracchus","Τεύχη 2, 8ον, σελ. 273",12,γρόσια,ἔκδ. Ν. Μιχαλοπούλου
1895,IMG_1333.jpeg,"Δ΄ ΚΕΙΜΕΝΑ, ΣΧΟΛΙΑ, ΠΑΡΑΦΡΑΣΕΙΣ, ΕΡΜΗΝΕΙΑΙ ΕΛΛΗΝΩΝ ΚΑΙ ΛΑΤΙΝΩΝ ΣΥΓΓΡΑΦΕΩΝ - Α΄ ΕΛΛΗΝΩΝ","IV. Texts, Scholia, Paraphrases, Interpretations of Greek and Latin Authors - A. Greek Authors",,Πλούταρχος,Plutarch,"Συλλογὴ ἐκ τῶν Ἠθικῶν, μεταφρασθέντα εἰς τὴν νεοελληνικὴν μετὰ βραχείας εἰσαγωγῆς","Collection from the Moralia, translated into Modern Greek with a short introduction",σελ. νϛ΄-216,10,γρόσια,ὑπὸ Γ. Ἀ. Πάππη
1895,IMG_1333.jpeg,"Δ΄ ΚΕΙΜΕΝΑ, ΣΧΟΛΙΑ, ΠΑΡΑΦΡΑΣΕΙΣ, ΕΡΜΗΝΕΙΑΙ ΕΛΛΗΝΩΝ ΚΑΙ ΛΑΤΙΝΩΝ ΣΥΓΓΡΑΦΕΩΝ - Α΄ ΕΛΛΗΝΩΝ","IV. Texts, Scholia, Paraphrases, Interpretations of Greek and Latin Authors - A. Greek Authors",,Πολύβιος,Polybius,Ἀναγνώσματα,Readings,σελ. 163,"7, παρ. 20",γρόσια,ὑπὸ Ν. Β. Νάκη
1895,IMG_1333.jpeg,"Δ΄ ΚΕΙΜΕΝΑ, ΣΧΟΛΙΑ, ΠΑΡΑΦΡΑΣΕΙΣ, ΕΡΜΗΝΕΙΑΙ ΕΛΛΗΝΩΝ ΚΑΙ ΛΑΤΙΝΩΝ ΣΥΓΓΡΑΦΕΩΝ - Α΄ ΕΛΛΗΝΩΝ","IV. Texts, Scholia, Paraphrases, Interpretations of Greek and Latin Authors - A. Greek Authors",,Πολύβιος,Polybius,"Ἀναγνώσματα, μετὰ σημειώσεων","Readings, with annotations",σελ. 86,"3, παρ. 20",γρόσια,ὑπὸ Π. Ἰασεμίδου
1895,IMG_1333.jpeg,"Δ΄ ΚΕΙΜΕΝΑ, ΣΧΟΛΙΑ, ΠΑΡΑΦΡΑΣΕΙΣ, ΕΡΜΗΝΕΙΑΙ ΕΛΛΗΝΩΝ ΚΑΙ ΛΑΤΙΝΩΝ ΣΥΓΓΡΑΦΕΩΝ - Α΄ ΕΛΛΗΝΩΝ","IV. Texts, Scholia, Paraphrases, Interpretations of Greek and Latin Authors - A. Greek Authors",,Πολύβιος,Polybius,Ἀναγνώσματα,Readings,σελ. 179,7,γρόσια,ὑπὸ Δ. Π. Μητροπούλου
1895,IMG_1333.jpeg,"Δ΄ ΚΕΙΜΕΝΑ, ΣΧΟΛΙΑ, ΠΑΡΑΦΡΑΣΕΙΣ, ΕΡΜΗΝΕΙΑΙ ΕΛΛΗΝΩΝ ΚΑΙ ΛΑΤΙΝΩΝ ΣΥΓΓΡΑΦΕΩΝ - Α΄ ΕΛΛΗΝΩΝ","IV. Texts, Scholia, Paraphrases, Interpretations of Greek and Latin Authors - A. Greek Authors",,Πολύβιος,Polybius,Ἀναγνώσματα,Readings,σελ. 176,5,γρόσια,ὑπὸ Β. Π. Σεκοπούλου
1895,IMG_1333.jpeg,"Δ΄ ΚΕΙΜΕΝΑ, ΣΧΟΛΙΑ, ΠΑΡΑΦΡΑΣΕΙΣ, ΕΡΜΗΝΕΙΑΙ ΕΛΛΗΝΩΝ ΚΑΙ ΛΑΤΙΝΩΝ ΣΥΓΓΡΑΦΕΩΝ - Α΄ ΕΛΛΗΝΩΝ","IV. Texts, Scholia, Paraphrases, Interpretations of Greek and Latin Authors - A. Greek Authors",,Σοφοκλῆς,Sophocles,Αἴας,Ajax,"8ον, σελ. 174",9,γρόσια,ὑπὸ Wolff
1895,IMG_1333.jpeg,"Δ΄ ΚΕΙΜΕΝΑ, ΣΧΟΛΙΑ, ΠΑΡΑΦΡΑΣΕΙΣ, ΕΡΜΗΝΕΙΑΙ ΕΛΛΗΝΩΝ ΚΑΙ ΛΑΤΙΝΩΝ ΣΥΓΓΡΑΦΕΩΝ - Α΄ ΕΛΛΗΝΩΝ","IV. Texts, Scholia, Paraphrases, Interpretations of Greek and Latin Authors - A. Greek Authors",,Σοφοκλῆς,Sophocles,"Αἴας, παράφρασις Ἰ. Καρακατσάνη","Ajax, paraphrase by I. Karakatsanis",σελ. 109,"6, παρ. 20",γρόσια,παράφρασις Ἰ. Καρακατσάνη
1895,IMG_1333.jpeg,"Δ΄ ΚΕΙΜΕΝΑ, ΣΧΟΛΙΑ, ΠΑΡΑΦΡΑΣΕΙΣ, ΕΡΜΗΝΕΙΑΙ ΕΛΛΗΝΩΝ ΚΑΙ ΛΑΤΙΝΩΝ ΣΥΓΓΡΑΦΕΩΝ - Α΄ ΕΛΛΗΝΩΝ","IV. Texts, Scholia, Paraphrases, Interpretations of Greek and Latin Authors - A. Greek Authors",,Σοφοκλῆς,Sophocles,"Αἴας καὶ Οἰδίπους Τύραννος, μετὰ σημειώσεων","Ajax and Oedipus Rex, with annotations",σελ. 260,12,γρόσια,ὑπὸ Ἀ. Π. Μισίου
1895,IMG_1333.jpeg,"Δ΄ ΚΕΙΜΕΝΑ, ΣΧΟΛΙΑ, ΠΑΡΑΦΡΑΣΕΙΣ, ΕΡΜΗΝΕΙΑΙ ΕΛΛΗΝΩΝ ΚΑΙ ΛΑΤΙΝΩΝ ΣΥΓΓΡΑΦΕΩΝ - Α΄ ΕΛΛΗΝΩΝ","IV. Texts, Scholia, Paraphrases, Interpretations of Greek and Latin Authors - A. Greek Authors",,Σοφοκλῆς,Sophocles,Ἀντιγόνη,Antigone,σελ. 50,2,γρόσια,ὑπὸ Μπὰρτ καὶ Χῖρστ
1895,IMG_1333.jpeg,"Δ΄ ΚΕΙΜΕΝΑ, ΣΧΟΛΙΑ, ΠΑΡΑΦΡΑΣΕΙΣ, ΕΡΜΗΝΕΙΑΙ ΕΛΛΗΝΩΝ ΚΑΙ ΛΑΤΙΝΩΝ ΣΥΓΓΡΑΦΕΩΝ - Α΄ ΕΛΛΗΝΩΝ","IV. Texts, Scholia, Paraphrases, Interpretations of Greek and Latin Authors - A. Greek Authors",,Σοφοκλῆς,Sophocles,Ἠλέκτρα,Electra,σελ. 104,5,γρόσια,ὑπὸ Γ. Π. Κωνσταντινίδου
1895,IMG_1333.jpeg,"Δ΄ ΚΕΙΜΕΝΑ, ΣΧΟΛΙΑ, ΠΑΡΑΦΡΑΣΕΙΣ, ΕΡΜΗΝΕΙΑΙ ΕΛΛΗΝΩΝ ΚΑΙ ΛΑΤΙΝΩΝ ΣΥΓΓΡΑΦΕΩΝ - Α΄ ΕΛΛΗΝΩΝ","IV. Texts, Scholia, Paraphrases, Interpretations of Greek and Latin Authors - A. Greek Authors",,Σοφοκλῆς,Sophocles,Ἠλέκτρα,Electra,"8ον, σελ. 300",20,γρόσια,ὑπὸ Γ. Μιστριώτου
1895,IMG_1333.jpeg,"Δ΄ ΚΕΙΜΕΝΑ, ΣΧΟΛΙΑ, ΠΑΡΑΦΡΑΣΕΙΣ, ΕΡΜΗΝΕΙΑΙ ΕΛΛΗΝΩΝ ΚΑΙ ΛΑΤΙΝΩΝ ΣΥΓΓΡΑΦΕΩΝ - Α΄ ΕΛΛΗΝΩΝ","IV. Texts, Scholia, Paraphrases, Interpretations of Greek and Latin Authors - A. Greek Authors",,Σοφοκλῆς,Sophocles,Οἰδίπους Τύραννος καὶ Οἰδίπους ἐπὶ Κολωνῷ,Oedipus Rex and Oedipus at Colonus,σελ. 150,"12, παρ. 20",γρόσια,μετάφρασις Ἀ. Βλάχου
1895,IMG_1333.jpeg,"Δ΄ ΚΕΙΜΕΝΑ, ΣΧΟΛΙΑ, ΠΑΡΑΦΡΑΣΕΙΣ, ΕΡΜΗΝΕΙΑΙ ΕΛΛΗΝΩΝ ΚΑΙ ΛΑΤΙΝΩΝ ΣΥΓΓΡΑΦΕΩΝ - Α΄ ΕΛΛΗΝΩΝ","IV. Texts, Scholia, Paraphrases, Interpretations of Greek and Latin Authors - A. Greek Authors",,Σοφοκλῆς,Sophocles,Οἰδίπους Τύραννος,Oedipus Rex,"8ον, σελ. 136",9,γρόσια,ὑπὸ Wunder
1895,IMG_1333.jpeg,"Δ΄ ΚΕΙΜΕΝΑ, ΣΧΟΛΙΑ, ΠΑΡΑΦΡΑΣΕΙΣ, ΕΡΜΗΝΕΙΑΙ ΕΛΛΗΝΩΝ ΚΑΙ ΛΑΤΙΝΩΝ ΣΥΓΓΡΑΦΕΩΝ - Α΄ ΕΛΛΗΝΩΝ","IV. Texts, Scholia, Paraphrases, Interpretations of Greek and Latin Authors - A. Greek Authors",,Σοφοκλῆς,Sophocles,Τραγῳδίαι,Tragedies,σελ. 384,16,γρόσια,μετάφρασις Γ. Π. Κορωναίου
1895,IMG_1333.jpeg,"Δ΄ ΚΕΙΜΕΝΑ, ΣΧΟΛΙΑ, ΠΑΡΑΦΡΑΣΕΙΣ, ΕΡΜΗΝΕΙΑΙ ΕΛΛΗΝΩΝ ΚΑΙ ΛΑΤΙΝΩΝ ΣΥΓΓΡΑΦΕΩΝ - Α΄ ΕΛΛΗΝΩΝ","IV. Texts, Scholia, Paraphrases, Interpretations of Greek and Latin Authors - A. Greek Authors",,Σοφοκλῆς,Sophocles,"Τραγῳδίαι, μεταφρασθεῖσαι εἰς τὴν νέαν ἑλληνικήν, ὑπὸ Κ. Παπαθανασίου, τόμος Α΄ καὶ Β΄","Tragedies, translated into Modern Greek, by K. Papathanasiou, Volumes A and B","8ον, σελ. 242 (Τόμ. Α΄-Β΄) / 8ον, σελ. 206 (Τόμ. Β΄)",16 (Τόμ. Α΄-Β΄) / 8 (Τόμ. Β΄),γρόσια,"ὑπὸ Κ. Παπαθανασίου. Τόμος Β΄ περιέχει: Οἰδίπους ἐπὶ Κολωνῷ, Ἀντιγόνη, Τραχίνιαι, Φιλοκτήτης."
1895,IMG_1333.jpeg,"Δ΄ ΚΕΙΜΕΝΑ, ΣΧΟΛΙΑ, ΠΑΡΑΦΡΑΣΕΙΣ, ΕΡΜΗΝΕΙΑΙ ΕΛΛΗΝΩΝ ΚΑΙ ΛΑΤΙΝΩΝ ΣΥΓΓΡΑΦΕΩΝ - Α΄ ΕΛΛΗΝΩΝ","IV. Texts, Scholia, Paraphrases, Interpretations of Greek and Latin Authors - A. Greek Authors",,Σοφοκλῆς,Sophocles,"Φιλοκτήτης, μετ' ἀναλυτικῆς περιλήψεως καὶ σημειώσεων","Philoctetes, with analytical summary and notes","8ον, σελ. 68",6,γρόσια,ὑπὸ Δ. Μ. Ἀναστασιάδου
1895,IMG_1333.jpeg,"Δ΄ ΚΕΙΜΕΝΑ, ΣΧΟΛΙΑ, ΠΑΡΑΦΡΑΣΕΙΣ, ΕΡΜΗΝΕΙΑΙ ΕΛΛΗΝΩΝ ΚΑΙ ΛΑΤΙΝΩΝ ΣΥΓΓΡΑΦΕΩΝ - Α΄ ΕΛΛΗΝΩΝ","IV. Texts, Scholia, Paraphrases, Interpretations of Greek and Latin Authors - A. Greek Authors",Συλλογὴ τῶν ἑλλήνων συγγραφέων,Διάφοροι,Various,"Συλλογὴ τῶν ἑλλήνων συγγραφέων, μετὰ ἑρμηνευτικῶν σημειώσεων","Collection of Greek Authors, with explanatory notes","τόμοι 2, 8ον, σελ. 451",27,γρόσια,"ἐπιμελείᾳ Δ. Πανταζῆ καὶ Ἐμμ. Γαλάνη. Τόμος Α΄, Ξενοφῶντος Ἑλληνικά.—Ἰσο-"
1895,IMG_1334.jpeg,"Δ΄ ΚΕΙΜΕΝΑ, ΣΧΟΛΙΑ, ΠΑΡΑΦΡΑΣΕΙΣ, ΕΡΜΗΝΕΙΑΙ ΕΛΛΗΝΩΝ ΚΑΙ ΛΑΤΙΝΩΝ ΣΥΓΓΡΑΦΕΩΝ - Α΄ ΕΛΛΗΝΩΝ","IV. Texts, Scholia, Paraphrases, Interpretations of Greek and Latin Authors - A. Greek Authors",Συλλογὴ τῶν ἑλλήνων συγγραφέων,Διάφοροι,Various,"Συλλογὴ τῶν ἑλλήνων συγγραφέων (Τόμος Β΄: Ἰσοκράτους Πρὸς Νικοκλέα, Νικοκλῆς ἢ Κύπριοι, Ἀρχίδαμος, Ἀρεοπαγιτικός, Περὶ εἰρήνης, Εὐαγόρας, Πλαταϊκός.—Λυσίου κατὰ Ἀγοράτου, Δήμου καταλύσεως Ἀπολογία, Κατὰ Νικομάχου, Ὑπὲρ τῶν Ἀριστοφάνους χρημάτων, Κατὰ Παγκλέωνος, Ὑπὲρ τοῦ ἀδυνάτου.—Τόμος Β΄, Δημοσθένους Ὀλυνθιακὸς Α΄, Β΄, Γ΄. Κατὰ Φιλίππου Α΄, Περὶ τῆς εἰρήνης, Κατὰ Φιλίππου Β΄, Περὶ τῶν ἐν Χερρονήσῳ, Κατὰ Κόνωνος αἰκίας, Ἔφεσις πρὸς Εὐβουλίδην. — Θουκυδίδου βιβλίον Α΄, Β΄, Γ΄)","Collection of Greek Authors (Volume II: Isocrates, Lysias, Demosthenes, Thucydides)",,,,Continuation of multiline collection contents from previous page
1895,IMG_1334.jpeg,"Δ΄ ΚΕΙΜΕΝΑ, ΣΧΟΛΙΑ, ΠΑΡΑΦΡΑΣΕΙΣ, ΕΡΜΗΝΕΙΑΙ ΕΛΛΗΝΩΝ ΚΑΙ ΛΑΤΙΝΩΝ ΣΥΓΓΡΑΦΕΩΝ - Β΄ ΛΑΤΙΝΩΝ","IV. Texts, Scholia, Paraphrases, Interpretations of Greek and Latin Authors - B. Latin Authors",,Βιργίλιος,Virgil,"Αἰνειάς, μετάφρασις διπλῆ, ἐλευθέρα καὶ κατὰ λέξιν, μετὰ τοῦ κειμένου, σχολίων καὶ σημειώσεων, βιβλία Α΄-Δ΄","Aeneid, double translation (free and literal), with text, scholia and notes, books I-IV",σελ. 378,16,γρ.,
1895,IMG_1334.jpeg,"Δ΄ ΚΕΙΜΕΝΑ, ΣΧΟΛΙΑ, ΠΑΡΑΦΡΑΣΕΙΣ, ΕΡΜΗΝΕΙΑΙ ΕΛΛΗΝΩΝ ΚΑΙ ΛΑΤΙΝΩΝ ΣΥΓΓΡΑΦΕΩΝ - Β΄ ΛΑΤΙΝΩΝ","IV. Texts, Scholia, Paraphrases, Interpretations of Greek and Latin Authors - B. Latin Authors",,Βιργίλιος,Virgil,"Αἰνειάς, βιβλίον Β΄, μετὰ σχολίων καὶ λεξιλογίου, ὑπὸ Ὀ. Ἰ. Ἰασονίδου","Aeneid, Book II, with scholia and vocabulary, by O. I. Iasonidou","8ον, σελ. 73",7.20,γρ.,Price printed as γρ. 7 παρ. 20
1895,IMG_1334.jpeg,"Δ΄ ΚΕΙΜΕΝΑ, ΣΧΟΛΙΑ, ΠΑΡΑΦΡΑΣΕΙΣ, ΕΡΜΗΝΕΙΑΙ ΕΛΛΗΝΩΝ ΚΑΙ ΛΑΤΙΝΩΝ ΣΥΓΓΡΑΦΕΩΝ - Β΄ ΛΑΤΙΝΩΝ","IV. Texts, Scholia, Paraphrases, Interpretations of Greek and Latin Authors - B. Latin Authors",,Βιργίλιος,Virgil,"Αἰνειάδος τὰ ἐν τοῖς γυμνασίοις διδασκόμενα βιβλία, μετὰ σημειώσεων, ὑπὸ Ἰ. Κ. Κοφινιώτου, τεῦχος Α΄ (τὸ Β΄ καὶ Δ΄ βιβλίον), Τεῦχος Β΄ (τὸ Ϛ΄ καὶ Θ΄ βιβλίον)","Books of the Aeneid taught in high schools, with notes, by I. K. Kofiniotis, Issue A (Books II and IV), Issue B (Books VI and IX)",8ον,10,γρ.,Price 10 groschen per issue
1895,IMG_1334.jpeg,"Δ΄ ΚΕΙΜΕΝΑ, ΣΧΟΛΙΑ, ΠΑΡΑΦΡΑΣΕΙΣ, ΕΡΜΗΝΕΙΑΙ ΕΛΛΗΝΩΝ ΚΑΙ ΛΑΤΙΝΩΝ ΣΥΓΓΡΑΦΕΩΝ - Β΄ ΛΑΤΙΝΩΝ","IV. Texts, Scholia, Paraphrases, Interpretations of Greek and Latin Authors - B. Latin Authors",,Βιργίλιος,Virgil,"Αἰνειάς, μεταφρασθεῖσα μετὰ σημειώσεων, ὑπὸ Ἰακώβου Ῥ. Ῥαγκαβῆ","Aeneid, translated with notes, by Iakovos R. Rangavis","8ον, τόμοι 2, σελ. 441",12,γρ.,
1895,IMG_1334.jpeg,"Δ΄ ΚΕΙΜΕΝΑ, ΣΧΟΛΙΑ, ΠΑΡΑΦΡΑΣΕΙΣ, ΕΡΜΗΝΕΙΑΙ ΕΛΛΗΝΩΝ ΚΑΙ ΛΑΤΙΝΩΝ ΣΥΓΓΡΑΦΕΩΝ - Β΄ ΛΑΤΙΝΩΝ","IV. Texts, Scholia, Paraphrases, Interpretations of Greek and Latin Authors - B. Latin Authors",,Βιργίλιος,Virgil,"Κλεὶς εἰς Αἰνειάδα ὑπὸ Ἐμμ. Γαλάνη. Τεῦχος Α΄ (βιβλίον Α΄), Τεῦχος Β΄ (βιβλ. Β΄)","Key to the Aeneid by Emm. Galanis. Issue A (Book I), Issue B (Book II)","32ον, σελ. 311 (τεῦχ. Α΄), σελ. 251 (τεῦχ. Β΄)",6,γρ.,Price 6 groschen per issue
1895,IMG_1334.jpeg,"Δ΄ ΚΕΙΜΕΝΑ, ΣΧΟΛΙΑ, ΠΑΡΑΦΡΑΣΕΙΣ, ΕΡΜΗΝΕΙΑΙ ΕΛΛΗΝΩΝ ΚΑΙ ΛΑΤΙΝΩΝ ΣΥΓΓΡΑΦΕΩΝ - Β΄ ΛΑΤΙΝΩΝ","IV. Texts, Scholia, Paraphrases, Interpretations of Greek and Latin Authors - B. Latin Authors",,Ἰούλιος Καῖσαρ,Julius Caesar,"Ἀπομνημονεύματα τοῦ Γαλατικοῦ πολέμου, μετὰ σημειώσεων καὶ γεωγραφικοῦ χάρτου, ὑπὸ Ε. Κ. Κοφινιώτου","Commentaries on the Gallic War, with notes and geographical map, by E. K. Kofiniotis","8ον, σελ. 176",8,γρ.,
1895,IMG_1334.jpeg,"Δ΄ ΚΕΙΜΕΝΑ, ΣΧΟΛΙΑ, ΠΑΡΑΦΡΑΣΕΙΣ, ΕΡΜΗΝΕΙΑΙ ΕΛΛΗΝΩΝ ΚΑΙ ΛΑΤΙΝΩΝ ΣΥΓΓΡΑΦΕΩΝ - Β΄ ΛΑΤΙΝΩΝ","IV. Texts, Scholia, Paraphrases, Interpretations of Greek and Latin Authors - B. Latin Authors",,Ἰούλιος Καῖσαρ,Julius Caesar,"Ἀπομνημονεύματα τοῦ Γαλατικοῦ πολέμου, ὑπὸ Ἀ. Κωνσταντινίδου","Commentaries on the Gallic War, by A. Konstantinidis",σελ. 272,10,γρ.,
1895,IMG_1334.jpeg,"Δ΄ ΚΕΙΜΕΝΑ, ΣΧΟΛΙΑ, ΠΑΡΑΦΡΑΣΕΙΣ, ΕΡΜΗΝΕΙΑΙ ΕΛΛΗΝΩΝ ΚΑΙ ΛΑΤΙΝΩΝ ΣΥΓΓΡΑΦΕΩΝ - Β΄ ΛΑΤΙΝΩΝ","IV. Texts, Scholia, Paraphrases, Interpretations of Greek and Latin Authors - B. Latin Authors",,Ἰούλιος Καῖσαρ,Julius Caesar,"Ἀπομνημονεύματα περὶ τοῦ Γαλατικοῦ πολέμου, μεταφρασθέντα καὶ διὰ σημειώσεων διασαφηνισθέντα, ὑπὸ Εὐστρατίου Τσακαλώτου (Τεῦχος Α΄ & Τεῦχος Β΄)","Commentaries on the Gallic War, translated and clarified with notes, by Efstratios Tsakalotos (Issue A & Issue B)","8ον, σ. 103 (τεῦχ. Α΄), σ. 156 (τεῦχ. Β΄)",6,γρ.,Price 6 groschen per issue
1895,IMG_1334.jpeg,"Δ΄ ΚΕΙΜΕΝΑ, ΣΧΟΛΙΑ, ΠΑΡΑΦΡΑΣΕΙΣ, ΕΡΜΗΝΕΙΑΙ ΕΛΛΗΝΩΝ ΚΑΙ ΛΑΤΙΝΩΝ ΣΥΓΓΡΑΦΕΩΝ - Β΄ ΛΑΤΙΝΩΝ","IV. Texts, Scholia, Paraphrases, Interpretations of Greek and Latin Authors - B. Latin Authors",,Ἰούλιος Καῖσαρ,Julius Caesar,"Σχόλια [εἰς Ἀπομνημονεύματα], ὑπὸ Π. Ἰασεμίδου","Scholia [on Commentaries], by P. Iasemidis","τεύχη 2, σελ. 175",8,γρ.,
1895,IMG_1334.jpeg,"Δ΄ ΚΕΙΜΕΝΑ, ΣΧΟΛΙΑ, ΠΑΡΑΦΡΑΣΕΙΣ, ΕΡΜΗΝΕΙΑΙ ΕΛΛΗΝΩΝ ΚΑΙ ΛΑΤΙΝΩΝ ΣΥΓΓΡΑΦΕΩΝ - Β΄ ΛΑΤΙΝΩΝ","IV. Texts, Scholia, Paraphrases, Interpretations of Greek and Latin Authors - B. Latin Authors",,Κικέρων,Cicero,Λαίλιος εἴτε περὶ φιλίας,"Laelius, or On Friendship","8ον, σελ. 39",5,γρ.,
1895,IMG_1334.jpeg,"Δ΄ ΚΕΙΜΕΝΑ, ΣΧΟΛΙΑ, ΠΑΡΑΦΡΑΣΕΙΣ, ΕΡΜΗΝΕΙΑΙ ΕΛΛΗΝΩΝ ΚΑΙ ΛΑΤΙΝΩΝ ΣΥΓΓΡΑΦΕΩΝ - Β΄ ΛΑΤΙΝΩΝ","IV. Texts, Scholia, Paraphrases, Interpretations of Greek and Latin Authors - B. Latin Authors",,Κικέρων,Cicero,"Λαίλιος ἢ περὶ φιλίας, μετάφρασις Β. Ἀντωνιάδου","Laelius, or On Friendship, translation by V. Antoniadis",σελ. 15΄-126,12,γρ.,
1895,IMG_1334.jpeg,"Δ΄ ΚΕΙΜΕΝΑ, ΣΧΟΛΙΑ, ΠΑΡΑΦΡΑΣΕΙΣ, ΕΡΜΗΝΕΙΑΙ ΕΛΛΗΝΩΝ ΚΑΙ ΛΑΤΙΝΩΝ ΣΥΓΓΡΑΦΕΩΝ - Β΄ ΛΑΤΙΝΩΝ","IV. Texts, Scholia, Paraphrases, Interpretations of Greek and Latin Authors - B. Latin Authors",,Κικέρων,Cicero,Εἰσαγωγή... / Οἱ τέσσαρες [Κατιλινικοί],Introduction... / The Four Catilinarian Orations,,,,Partially visible on adjacent right page
1895,IMG_1334.jpeg,"Δ΄ ΚΕΙΜΕΝΑ, ΣΧΟΛΙΑ, ΠΑΡΑΦΡΑΣΕΙΣ, ΕΡΜΗΝΕΙΑΙ ΕΛΛΗΝΩΝ ΚΑΙ ΛΑΤΙΝΩΝ ΣΥΓΓΡΑΦΕΩΝ - Β΄ ΛΑΤΙΝΩΝ","IV. Texts, Scholia, Paraphrases, Interpretations of Greek and Latin Authors - B. Latin Authors",,Κορνήλιος Νέπως,Cornelius Nepos,Βίοι [ἐνδόξων ἡγεμόνων],Lives [of Eminent Commanders],σελ. 159,12,γρ.,Partially visible on adjacent right page
1895,IMG_1334.jpeg,"Δ΄ ΚΕΙΜΕΝΑ, ΣΧΟΛΙΑ, ΠΑΡΑΦΡΑΣΕΙΣ, ΕΡΜΗΝΕΙΑΙ ΕΛΛΗΝΩΝ ΚΑΙ ΛΑΤΙΝΩΝ ΣΥΓΓΡΑΦΕΩΝ - Β΄ ΛΑΤΙΝΩΝ","IV. Texts, Scholia, Paraphrases, Interpretations of Greek and Latin Authors - B. Latin Authors",,Lhomond,Lhomond,Εἰκόνες...,Illustrations / Lives...,8ον,10,γρόσια,Partially visible on adjacent right page
1895,IMG_1334.jpeg,"Δ΄ ΚΕΙΜΕΝΑ, ΣΧΟΛΙΑ, ΠΑΡΑΦΡΑΣΕΙΣ, ΕΡΜΗΝΕΙΑΙ ΕΛΛΗΝΩΝ ΚΑΙ ΛΑΤΙΝΩΝ ΣΥΓΓΡΑΦΕΩΝ - Β΄ ΛΑΤΙΝΩΝ","IV. Texts, Scholia, Paraphrases, Interpretations of Greek and Latin Authors - B. Latin Authors",,Ὀβίδιος Νάσων,Ovid,"Μεταμορφώσεις, ὑπὸ Κοφινιώτου...","Metamorphoses, by Kofiniotis...",,,,Partially visible on adjacent right page
1895,IMG_1334.jpeg,"Δ΄ ΚΕΙΜΕΝΑ, ΣΧΟΛΙΑ, ΠΑΡΑΦΡΑΣΕΙΣ, ΕΡΜΗΝΕΙΑΙ ΕΛΛΗΝΩΝ ΚΑΙ ΛΑΤΙΝΩΝ ΣΥΓΓΡΑΦΕΩΝ - Β΄ ΛΑΤΙΝΩΝ","IV. Texts, Scholia, Paraphrases, Interpretations of Greek and Latin Authors - B. Latin Authors",,Ὁράτιος,Horace,"Ἐπιστολαί... / Ὠδαί, μετάφρασις...","Epistles... / Odes, translation...","8ον, σελ. 74",4,γρ.,Partially visible on adjacent right page
1895,IMG_1334.jpeg,"Δ΄ ΚΕΙΜΕΝΑ, ΣΧΟΛΙΑ, ΠΑΡΑΦΡΑΣΕΙΣ, ΕΡΜΗΝΕΙΑΙ ΕΛΛΗΝΩΝ ΚΑΙ ΛΑΤΙΝΩΝ ΣΥΓΓΡΑΦΕΩΝ - Β΄ ΛΑΤΙΝΩΝ","IV. Texts, Scholia, Paraphrases, Interpretations of Greek and Latin Authors - B. Latin Authors",,Σαλλούστιος,Sallust,Κατιλιναϊκός... / Κατιλίνας...,Catiline War / Catiline...,σελ. 106,8,γρ.,Partially visible on adjacent right page; second item price γρ. 7 παρ. 20
1895,IMG_1334.jpeg,"Δ΄ ΚΕΙΜΕΝΑ, ΣΧΟΛΙΑ, ΠΑΡΑΦΡΑΣΕΙΣ, ΕΡΜΗΝΕΙΑΙ ΕΛΛΗΝΩΝ ΚΑΙ ΛΑΤΙΝΩΝ ΣΥΓΓΡΑΦΕΩΝ - Β΄ ΛΑΤΙΝΩΝ","IV. Texts, Scholia, Paraphrases, Interpretations of Greek and Latin Authors - B. Latin Authors",,Φαῖδρος,Phaedrus,Μῦθοι...,Fables...,σελ. 148,12,γρ.,Partially visible on adjacent right page
1895,IMG_1335.jpeg,"Δ΄ ΚΕΙΜΕΝΑ, ΣΧΟΛΙΑ, ΠΑΡΑΦΡΑΣΕΙΣ, ΕΡΜΗΝΕΙΑΙ ΕΛΛΗΝΩΝ ΚΑΙ ΛΑΤΙΝΩΝ ΣΥΓΓΡΑΦΕΩΝ - Β΄ ΛΑΤΙΝΩΝ","IV. TEXTS, SCHOLIA, PARAPHRASES, INTERPRETATIONS OF GREEK AND LATIN AUTHORS - B. LATIN AUTHORS",,Κικέρων,Cicero,"Ὁ δεύτερος κατ' Ἀντωνίου εἴτε Φιλιππικοὶ λόγοι, μετὰ εἰσαγωγῆς καὶ μεταφράσεως","The Second Philippic against Antony, with introduction and translation",σελ. 322,10,γρ.,ὑπὸ Μ. Βιαγκίνη
1895,IMG_1335.jpeg,"Δ΄ ΚΕΙΜΕΝΑ, ΣΧΟΛΙΑ, ΠΑΡΑΦΡΑΣΕΙΣ, ΕΡΜΗΝΕΙΑΙ ΕΛΛΗΝΩΝ ΚΑΙ ΛΑΤΙΝΩΝ ΣΥΓΓΡΑΦΕΩΝ - Β΄ ΛΑΤΙΝΩΝ","IV. TEXTS, SCHOLIA, PARAPHRASES, INTERPRETATIONS OF GREEK AND LATIN AUTHORS - B. LATIN AUTHORS",,Κικέρων,Cicero,"Οἱ τέσσαρες κατὰ Κατιλίνα Λόγοι καὶ ὁ ὑπὲρ Ἀρχίου τοῦ ποιητοῦ, σχολιασθέντες καὶ μεταφρασθέντες","The Four Catiline Orations and Pro Archia Poeta, annotated and translated","8ον, σελ. 245",15,γρ.,ὑπὸ Ἐ. Κ. Λιδιεράτου
1895,IMG_1335.jpeg,"Δ΄ ΚΕΙΜΕΝΑ, ΣΧΟΛΙΑ, ΠΑΡΑΦΡΑΣΕΙΣ, ΕΡΜΗΝΕΙΑΙ ΕΛΛΗΝΩΝ ΚΑΙ ΛΑΤΙΝΩΝ ΣΥΓΓΡΑΦΕΩΝ - Β΄ ΛΑΤΙΝΩΝ","IV. TEXTS, SCHOLIA, PARAPHRASES, INTERPRETATIONS OF GREEK AND LATIN AUTHORS - B. LATIN AUTHORS",,Κικέρων,Cicero,"Οἱ τέσσαρες κατὰ Κατιλίνα Λόγοι, μεταφρασθέντες μετὰ σημειώσεων","The Four Catiline Orations, translated with notes",σελ. 132,5,γρ.,ὑπὸ Π. Ματαράγκα
1895,IMG_1335.jpeg,"Δ΄ ΚΕΙΜΕΝΑ, ΣΧΟΛΙΑ, ΠΑΡΑΦΡΑΣΕΙΣ, ΕΡΜΗΝΕΙΑΙ ΕΛΛΗΝΩΝ ΚΑΙ ΛΑΤΙΝΩΝ ΣΥΓΓΡΑΦΕΩΝ - Β΄ ΛΑΤΙΝΩΝ","IV. TEXTS, SCHOLIA, PARAPHRASES, INTERPRETATIONS OF GREEK AND LATIN AUTHORS - B. LATIN AUTHORS",,Κορνήλιος Νέπως,Cornelius Nepos,"Βίοι, μετάφρασις","Lives, translation",σελ. 159,12,γρ.,Γρ. Ν. Βερναρδάκη
1895,IMG_1335.jpeg,"Δ΄ ΚΕΙΜΕΝΑ, ΣΧΟΛΙΑ, ΠΑΡΑΦΡΑΣΕΙΣ, ΕΡΜΗΝΕΙΑΙ ΕΛΛΗΝΩΝ ΚΑΙ ΛΑΤΙΝΩΝ ΣΥΓΓΡΑΦΕΩΝ - Β΄ ΛΑΤΙΝΩΝ","IV. TEXTS, SCHOLIA, PARAPHRASES, INTERPRETATIONS OF GREEK AND LATIN AUTHORS - B. LATIN AUTHORS",,Κορνήλιος Νέπως,Cornelius Nepos,"Βίοι, μετάφρασις","Lives, translation",σελ. 56,3,γρ.,ὑπὸ Β. Γ. Βυθούλκα
1895,IMG_1335.jpeg,"Δ΄ ΚΕΙΜΕΝΑ, ΣΧΟΛΙΑ, ΠΑΡΑΦΡΑΣΕΙΣ, ΕΡΜΗΝΕΙΑΙ ΕΛΛΗΝΩΝ ΚΑΙ ΛΑΤΙΝΩΝ ΣΥΓΓΡΑΦΕΩΝ - Β΄ ΛΑΤΙΝΩΝ","IV. TEXTS, SCHOLIA, PARAPHRASES, INTERPRETATIONS OF GREEK AND LATIN AUTHORS - B. LATIN AUTHORS",,Κορνήλιος Νέπως,Cornelius Nepos,"Βίοι ἐνδόξων στρατηγῶν, μεταφρασθέντες μετὰ σημειώσεων","Lives of Illustrious Commanders, translated with notes",σελ. 200,6,γρ.,ὑπὸ Π. Δ. Ἡλιοπούλου
1895,IMG_1335.jpeg,"Δ΄ ΚΕΙΜΕΝΑ, ΣΧΟΛΙΑ, ΠΑΡΑΦΡΑΣΕΙΣ, ΕΡΜΗΝΕΙΑΙ ΕΛΛΗΝΩΝ ΚΑΙ ΛΑΤΙΝΩΝ ΣΥΓΓΡΑΦΕΩΝ - Β΄ ΛΑΤΙΝΩΝ","IV. TEXTS, SCHOLIA, PARAPHRASES, INTERPRETATIONS OF GREEK AND LATIN AUTHORS - B. LATIN AUTHORS",,Κορνήλιος Νέπως,Cornelius Nepos,"Βίοι ἐξόχων στρατηγῶν, μετὰ σημειώσεων","Lives of Eminent Commanders, with notes","8ον, σελ. 192",12,γρ.,ὑπὸ Ἀ. Π. Μισίου
1895,IMG_1335.jpeg,"Δ΄ ΚΕΙΜΕΝΑ, ΣΧΟΛΙΑ, ΠΑΡΑΦΡΑΣΕΙΣ, ΕΡΜΗΝΕΙΑΙ ΕΛΛΗΝΩΝ ΚΑΙ ΛΑΤΙΝΩΝ ΣΥΓΓΡΑΦΕΩΝ - Β΄ ΛΑΤΙΝΩΝ","IV. TEXTS, SCHOLIA, PARAPHRASES, INTERPRETATIONS OF GREEK AND LATIN AUTHORS - B. LATIN AUTHORS",,Lhomon,C. F. Lhomond,"de viris illustribus urbis Romae, μετὰ σημειώσεων, εἰκόνων καὶ πινάκων","On Illustrious Men of the City of Rome, with notes, illustrations, and plates",σελ. 208,10,γρόσια,ὑπὸ Δ. Παπαγεωργίου
1895,IMG_1335.jpeg,"Δ΄ ΚΕΙΜΕΝΑ, ΣΧΟΛΙΑ, ΠΑΡΑΦΡΑΣΕΙΣ, ΕΡΜΗΝΕΙΑΙ ΕΛΛΗΝΩΝ ΚΑΙ ΛΑΤΙΝΩΝ ΣΥΓΓΡΑΦΕΩΝ - Β΄ ΛΑΤΙΝΩΝ","IV. TEXTS, SCHOLIA, PARAPHRASES, INTERPRETATIONS OF GREEK AND LATIN AUTHORS - B. LATIN AUTHORS",,Ὀβίδιος Νάσων,Ovid,"Μεταμορφώσεις, μετὰ σημειώσεων","Metamorphoses, with notes","8ον, σελ. 125",12,γρ.,ὑπὸ Ἰ. Κ. Κοφινιώτου
1895,IMG_1335.jpeg,"Δ΄ ΚΕΙΜΕΝΑ, ΣΧΟΛΙΑ, ΠΑΡΑΦΡΑΣΕΙΣ, ΕΡΜΗΝΕΙΑΙ ΕΛΛΗΝΩΝ ΚΑΙ ΛΑΤΙΝΩΝ ΣΥΓΓΡΑΦΕΩΝ - Β΄ ΛΑΤΙΝΩΝ","IV. TEXTS, SCHOLIA, PARAPHRASES, INTERPRETATIONS OF GREEK AND LATIN AUTHORS - B. LATIN AUTHORS",,Ὀβίδιος Νάσων,Ovid,"Μεταμορφώσεων τὰ ὀκτὼ πρῶτα βιβλία, μετάφρασις","The First Eight Books of Metamorphoses, translation","8ον, σελ. 164",12,γρ.,Ἀ. Παπαγεωργίου καὶ Γ. Παπαφωτίου
1895,IMG_1335.jpeg,"Δ΄ ΚΕΙΜΕΝΑ, ΣΧΟΛΙΑ, ΠΑΡΑΦΡΑΣΕΙΣ, ΕΡΜΗΝΕΙΑΙ ΕΛΛΗΝΩΝ ΚΑΙ ΛΑΤΙΝΩΝ ΣΥΓΓΡΑΦΕΩΝ - Β΄ ΛΑΤΙΝΩΝ","IV. TEXTS, SCHOLIA, PARAPHRASES, INTERPRETATIONS OF GREEK AND LATIN AUTHORS - B. LATIN AUTHORS",,Ὁράτιος,Horace,"Ἐπῳδοὶ καὶ Ἑκατονταετηρίς, μετὰ εἰσαγωγῆς, μετάφρασις","Epodes and Carmen Saeculare, with introduction, translation",σελ. 63,6,γρ.,Δ. Ἀ. Κασσελίδου
1895,IMG_1335.jpeg,"Δ΄ ΚΕΙΜΕΝΑ, ΣΧΟΛΙΑ, ΠΑΡΑΦΡΑΣΕΙΣ, ΕΡΜΗΝΕΙΑΙ ΕΛΛΗΝΩΝ ΚΑΙ ΛΑΤΙΝΩΝ ΣΥΓΓΡΑΦΕΩΝ - Β΄ ΛΑΤΙΝΩΝ","IV. TEXTS, SCHOLIA, PARAPHRASES, INTERPRETATIONS OF GREEK AND LATIN AUTHORS - B. LATIN AUTHORS",,Ὁράτιος,Horace,"Ὠδαί, μετὰ σημειώσεων καὶ μεταφράσεως","Odes, with notes and translation","8ον, τεῦχος Α΄, σελ. ι΄-114 ; τεῦχος Β΄, σ. 80",20,γρ.,"ὑπὸ Π. Κωνσταντινίδου. Τεῦχος Α΄: γρ. 20, Τεῦχος Β΄: γρ. 11"
1895,IMG_1335.jpeg,"Δ΄ ΚΕΙΜΕΝΑ, ΣΧΟΛΙΑ, ΠΑΡΑΦΡΑΣΕΙΣ, ΕΡΜΗΝΕΙΑΙ ΕΛΛΗΝΩΝ ΚΑΙ ΛΑΤΙΝΩΝ ΣΥΓΓΡΑΦΕΩΝ - Β΄ ΛΑΤΙΝΩΝ","IV. TEXTS, SCHOLIA, PARAPHRASES, INTERPRETATIONS OF GREEK AND LATIN AUTHORS - B. LATIN AUTHORS",,Ὁράτιος,Horace,Ὁράτιος καὶ τὰ ποιήματα αὐτοῦ,Horace and His Poems,"8ον, σελ. 74",4,γρ.,ὑπὸ Μ. Βαμβακεροῦ
1895,IMG_1335.jpeg,"Δ΄ ΚΕΙΜΕΝΑ, ΣΧΟΛΙΑ, ΠΑΡΑΦΡΑΣΕΙΣ, ΕΡΜΗΝΕΙΑΙ ΕΛΛΗΝΩΝ ΚΑΙ ΛΑΤΙΝΩΝ ΣΥΓΓΡΑΦΕΩΝ - Β΄ ΛΑΤΙΝΩΝ","IV. TEXTS, SCHOLIA, PARAPHRASES, INTERPRETATIONS OF GREEK AND LATIN AUTHORS - B. LATIN AUTHORS",,Σαλλούστιος,Sallust,"Κατιλίνας, μετάφρ.","Catiline, translation","8ον, σελ. 87",10,γρ.,Μ. Δέφνερ
1895,IMG_1335.jpeg,"Δ΄ ΚΕΙΜΕΝΑ, ΣΧΟΛΙΑ, ΠΑΡΑΦΡΑΣΕΙΣ, ΕΡΜΗΝΕΙΑΙ ΕΛΛΗΝΩΝ ΚΑΙ ΛΑΤΙΝΩΝ ΣΥΓΓΡΑΦΕΩΝ - Β΄ ΛΑΤΙΝΩΝ","IV. TEXTS, SCHOLIA, PARAPHRASES, INTERPRETATIONS OF GREEK AND LATIN AUTHORS - B. LATIN AUTHORS",,Σαλλούστιος,Sallust,"Κατιλιναϊκός, μετὰ σημειώσεων","The Catilinarian Conspiracy, with notes","8ον, σελ. 106",8,γρ.,ὑπὸ Ν. Ζενευράκη
1895,IMG_1335.jpeg,"Δ΄ ΚΕΙΜΕΝΑ, ΣΧΟΛΙΑ, ΠΑΡΑΦΡΑΣΕΙΣ, ΕΡΜΗΝΕΙΑΙ ΕΛΛΗΝΩΝ ΚΑΙ ΛΑΤΙΝΩΝ ΣΥΓΓΡΑΦΕΩΝ - Β΄ ΛΑΤΙΝΩΝ","IV. TEXTS, SCHOLIA, PARAPHRASES, INTERPRETATIONS OF GREEK AND LATIN AUTHORS - B. LATIN AUTHORS",,Σαλλούστιος,Sallust,"Κατιλίνας καὶ Ἰουγούρθας, μετάφρασις","Catiline and Jugurtha, translation",σελ. 174,7.20,γρ.,Ἀ. Φατσέα. Price written as 7 παρ. 20.
1895,IMG_1335.jpeg,"Δ΄ ΚΕΙΜΕΝΑ, ΣΧΟΛΙΑ, ΠΑΡΑΦΡΑΣΕΙΣ, ΕΡΜΗΝΕΙΑΙ ΕΛΛΗΝΩΝ ΚΑΙ ΛΑΤΙΝΩΝ ΣΥΓΓΡΑΦΕΩΝ - Β΄ ΛΑΤΙΝΩΝ","IV. TEXTS, SCHOLIA, PARAPHRASES, INTERPRETATIONS OF GREEK AND LATIN AUTHORS - B. LATIN AUTHORS",,Φαῖδρος,Phaedrus,"Μῦθοι, μετὰ σημειώσεων","Fables, with notes","8ον, σελ. 148",12,γρ.,ὑπὸ Ἐμμ. Γιλάνη
1895,IMG_1336.jpeg,Ε΄ ΓΛΩΣΣΑΙ,V. LANGUAGES,Α΄ ΑΓΓΛΙΚΗ,Γ. Δαμπίσης,G. Dampisis,Ἀγγλικῆς γλώσσης στοιχεῖα,Elements of the English Language,σ. 64,2.20,γρ.,γρ. 2 π. 20
1895,IMG_1336.jpeg,Ε΄ ΓΛΩΣΣΑΙ,V. LANGUAGES,Α΄ ΑΓΓΛΙΚΗ,Ἀ. Γ. Ἀλέξανδρος,A. G. Alexandros,Ἀλφαβητάριον,Alphabet Book,σελ. 76,3,γρ.,
1895,IMG_1336.jpeg,Ε΄ ΓΛΩΣΣΑΙ,V. LANGUAGES,Α΄ ΑΓΓΛΙΚΗ,Ἀ. Β. Παπαδάκης,A. V. Papadakis,"Γραμματική, μετὰ γυμνασμάτων","Grammar, with exercises",σελ. 134,10,γρ.,
1895,IMG_1336.jpeg,Ε΄ ΓΛΩΣΣΑΙ,V. LANGUAGES,Α΄ ΑΓΓΛΙΚΗ,Γ. Πολυμέρης,G. Polymeris,Διάλογοι ἀγγλο-ἑλληνικοί,Anglo-Greek Dialogues,σελ. 273,10,γρ.,
1895,IMG_1336.jpeg,Ε΄ ΓΛΩΣΣΑΙ,V. LANGUAGES,Α΄ ΑΓΓΛΙΚΗ,Richard καὶ Quétin,Richard and Quétin,Διάλογοι ἀγγλο-ἑλληνικοὶ Richard καὶ Quétin,Anglo-Greek Dialogues by Richard and Quétin,,10,γρ.,μεταφρασθέντες ὑπὸ Π. Ψαρα
1895,IMG_1336.jpeg,Ε΄ ΓΛΩΣΣΑΙ,V. LANGUAGES,Α΄ ΑΓΓΛΙΚΗ,Ν. Κοντόπουλος,N. Kontopoulos,"Ἠχὼ τοῦ Λονδίνου, ἤτοι πρακτικὸς ὁδηγὸς εἰς τὴν συνομιλίαν","Echo of London, or practical guide to conversation","8ον, σελ. 128—79",10,γρ.,
1895,IMG_1336.jpeg,Ε΄ ΓΛΩΣΣΑΙ,V. LANGUAGES,Α΄ ΑΓΓΛΙΚΗ,Ν. Κοντόπουλος,N. Kontopoulos,"Κλεὶς τῆς ἀγγλικῆς Μεθόδου Ὀλλενδόρφου, ἐφηρμοσμένη εἰς τὴν ὑπὸ Ν. Κοντοπούλου Μέθοδον","Key to Ollendorff's English Method, applied to the Method by N. Kontopoulos","8ον, σελ. 116",8,γρ.,
1895,IMG_1336.jpeg,Ε΄ ΓΛΩΣΣΑΙ,V. LANGUAGES,Α΄ ΑΓΓΛΙΚΗ,Π. Ψαρᾶς,P. Psaras,"Κλεὶς τῆς ἀγγλικῆς γλώσσης, κατὰ τὸ σύστημα Gaspey-Otto-Sauer καὶ Α. Mauron","Key to the English Language, according to the Gaspey-Otto-Sauer and A. Mauron system","8ον, σελ. 68",8,γρ.,ὑπὸ Π. Ψαρα
1895,IMG_1336.jpeg,Ε΄ ΓΛΩΣΣΑΙ,V. LANGUAGES,Α΄ ΑΓΓΛΙΚΗ,Ν. Κοντόπουλος,N. Kontopoulos,Μέθοδος Ὀλλενδόρφου,Ollendorff Method,"8ον, σελ. δ΄—448",20,γρ.,
1895,IMG_1336.jpeg,Ε΄ ΓΛΩΣΣΑΙ,V. LANGUAGES,Α΄ ΑΓΓΛΙΚΗ,Π. Ψαρᾶς,P. Psaras,Μέθοδος κατὰ τὸ σύστημα Gaspey-Otto-Sauer καὶ Α. Mauron,Method according to the Gaspey-Otto-Sauer and A. Mauron system,"8ον, σελ. 478",25,γρ.,ὑπὸ Π. Ψαρα
1895,IMG_1336.jpeg,Ε΄ ΓΛΩΣΣΑΙ,V. LANGUAGES,Α΄ ΑΓΓΛΙΚΗ,B. Tatikian,B. Tatikian,Spelling and Reading Book,Spelling and Reading Book,σ. 64,8,γρ.,
1895,IMG_1336.jpeg,Ε΄ ΓΛΩΣΣΑΙ,V. LANGUAGES,Β΄ ΓΑΛΛΙΚΗ,Δ. Σ. Β.,D. S. V.,Ἀλφαβητάριον,Alphabet Book,σελ. 77 / σελ. 152,2 / 3,γρ.,"σελ. 77: γρ. 2, σελ. 152: γρ. 3"
1895,IMG_1336.jpeg,Ε΄ ΓΛΩΣΣΑΙ,V. LANGUAGES,Β΄ ΓΑΛΛΙΚΗ,Ν. Κοντόπουλος,N. Kontopoulos,Ἀλφαβητάριον καὶ Ἀναγνωσματάριον Ἑλληνο-γαλλικόν,Greek-French Primer and Reader,"8ον, σελ. 118",3,γρ.,ἐγκριθὲν τῷ 1894
1895,IMG_1337.jpeg,Ε΄ ΓΛΩΣΣΑΙ,V. LANGUAGES,Β΄ ΓΑΛΛΙΚΗ,Γ. Ν. Μακρίδου,G. N. Makridis,᾿Αλφαβητάριον,Alphabet Primer,"σελ. 159, 8ον",4,γρ.,
1895,IMG_1337.jpeg,Ε΄ ΓΛΩΣΣΑΙ,V. LANGUAGES,Β΄ ΓΑΛΛΙΚΗ,Κ. Λιβερίου,K. Liverios,᾿Αναγνωσματάριον,Reader,"σελ. 58, 8ον",8,γρ.,
1895,IMG_1337.jpeg,Ε΄ ΓΛΩΣΣΑΙ,V. LANGUAGES,Β΄ ΓΑΛΛΙΚΗ,᾿Α. Ναδίρη,A. Nadiris,᾿Αναγνωσματάριον,Reader,"σελ. 96, 8ον",4,γρ.,
1895,IMG_1337.jpeg,Ε΄ ΓΛΩΣΣΑΙ,V. LANGUAGES,Β΄ ΓΑΛΛΙΚΗ,Γ. Ν. Μακρίδου,G. N. Makridis,᾿Αναγνωσμάτων ᾿Εκλεκτῶν Συλλογή,Collection of Select Readings,σελ. 156,5,γρ.,
1895,IMG_1337.jpeg,Ε΄ ΓΛΩΣΣΑΙ,V. LANGUAGES,Β΄ ΓΑΛΛΙΚΗ,Δ. Π. Κοντογεώργη,D. P. Kontogeorgis,᾿Αναγνωστικόν,Reader,σελ. η΄-104,4,γρ.,
1895,IMG_1337.jpeg,Ε΄ ΓΛΩΣΣΑΙ,V. LANGUAGES,Β΄ ΓΑΛΛΙΚΗ,Κ. Βαρβάτη,K. Varvatis,᾿Ανώμαλα ῥήματα,Irregular Verbs,σελ. 94,18,γρ.,
1895,IMG_1337.jpeg,Ε΄ ΓΛΩΣΣΑΙ,V. LANGUAGES,Β΄ ΓΑΛΛΙΚΗ,Αἰμ. Νοννόττη,Aim. Nonnottis,᾿Ανώμαλα ῥήματα (Vade-mecum),Irregular Verbs (Vade-mecum),"σελ. 217, 6 ταρ.",20,γρ.,
1895,IMG_1337.jpeg,Ε΄ ΓΛΩΣΣΑΙ,V. LANGUAGES,Β΄ ΓΑΛΛΙΚΗ,Κ. Βαρβάτη,K. Varvatis,Γαλλικῶν Συνωνύμων ᾿Εγχειρίδιον,Handbook of French Synonyms,σελ. 430,15,γρ.,
1895,IMG_1337.jpeg,Ε΄ ΓΛΩΣΣΑΙ,V. LANGUAGES,Β΄ ΓΑΛΛΙΚΗ,Μ. Δασκαλάκη,M. Daskalakis,"Γαλλισμοὶ ἐν διαλόγοις, κατὰ τὸν Peschier","Gallicisms in Dialogues, according to Peschier",σελ. 168,10,γρ.,
1895,IMG_1337.jpeg,Ε΄ ΓΛΩΣΣΑΙ,V. LANGUAGES,Β΄ ΓΑΛΛΙΚΗ,Δ. Π. Κοντογεώργη,D. P. Kontogeorgis,"Γνώσεις στοιχειώδεις τῆς γαλλικῆς γραμματικῆς (Le vade-mecum des écoliers grecs). Μέρος Β΄, ᾿Ανώμαλα ῾Ρήματα. — Συντακτικοὶ Κανόνες","Elementary Knowledge of French Grammar (The vade-mecum for Greek students). Part II, Irregular Verbs. — Syntax Rules","σελ. 200, χαρτόδ.",6 / 7,γρ.,Includes descriptive text about the work. Price: 6 groschen (unbound) / 7 groschen (paper-bound).
1895,IMG_1337.jpeg,Ε΄ ΓΛΩΣΣΑΙ,V. LANGUAGES,Β΄ ΓΑΛΛΙΚΗ,Γ. Βεντότη,G. Ventotis,Γραμματική,Grammar,σελ. 282,5,γρ.,
1895,IMG_1337.jpeg,Ε΄ ΓΛΩΣΣΑΙ,V. LANGUAGES,Β΄ ΓΑΛΛΙΚΗ,Γ. ῾Εμάρ,G. Hemar,"Γραμματική, μετὰ θεμάτων","Grammar, with exercises/topics","Τεῦχος Α΄, τεχνολογικόν, 8ον, σελ. 64",3,γρ.,
1895,IMG_1337.jpeg,Ε΄ ΓΛΩΣΣΑΙ,V. LANGUAGES,Β΄ ΓΑΛΛΙΚΗ,Ι. Καρασούτσα,I. Karasoutsas,Γραμματική,Grammar,"8ον, σελ. 157",4,γρ.,
1895,IMG_1337.jpeg,Ε΄ ΓΛΩΣΣΑΙ,V. LANGUAGES,Β΄ ΓΑΛΛΙΚΗ,Γ. Μ. Ζαδέ,G. M. Zades,"Γραμματική, μετὰ θεμάτων καὶ γυμνασμάτων","Grammar, with exercises and drills","8ον, σελ. ϛ΄-86",6,γρ.,
1895,IMG_1337.jpeg,Ε΄ ΓΛΩΣΣΑΙ,V. LANGUAGES,Β΄ ΓΑΛΛΙΚΗ,Γ. Μ. Ζαδέ,G. M. Zades,"Γραμματική, πρὸς χρῆσιν τῶν Γυμνασίων","Grammar, for use in Gymnasiums (High Schools)","8ον, σελ. 194",10,γρ.,
1895,IMG_1337.jpeg,Ε΄ ΓΛΩΣΣΑΙ,V. LANGUAGES,Β΄ ΓΑΛΛΙΚΗ,Κ. Λιβερίου,K. Liverios,Γραμματική,Grammar,"8ον, σελ. 112",3,γρ.,
1895,IMG_1337.jpeg,Ε΄ ΓΛΩΣΣΑΙ,V. LANGUAGES,Β΄ ΓΑΛΛΙΚΗ,Σ. Α. Π.,S. A. P.,Γραμματικὴ Λωμών,Lhomond's Grammar,"8ον, σελ. 56",5,γρ.,"Original grammar by Lhomond, edited/translated by S. A. P."
1895,IMG_1338.jpeg,Ε΄ ΓΛΩΣΣΑΙ,V. LANGUAGES,Β΄ ΓΑΛΛΙΚΗ,Γ. Ν. Μακρίδης,G. N. Makridis,Γραμματική,Grammar,σελ. 272,6,γρ.,
1895,IMG_1338.jpeg,Ε΄ ΓΛΩΣΣΑΙ,V. LANGUAGES,Β΄ ΓΑΛΛΙΚΗ,Ν. Γ. Οἰκονομίδης,N. G. Oikonomidis,Γραμματική,Grammar,"8ον, σελ. δ΄-580",15,γρ.,
1895,IMG_1338.jpeg,Ε΄ ΓΛΩΣΣΑΙ,V. LANGUAGES,Β΄ ΓΑΛΛΙΚΗ,Δ. Γ. Πανόπουλος,D. G. Panopoulos,Γραμματική,Grammar,"8ον, σ. 75",5,γρ.,
1895,IMG_1338.jpeg,Ε΄ ΓΛΩΣΣΑΙ,V. LANGUAGES,Β΄ ΓΑΛΛΙΚΗ,Δ. Γ. Πανόπουλος,D. G. Panopoulos,Γραμματική,Grammar,"8ον, σελ. 221",10,γρ.,
1895,IMG_1338.jpeg,Ε΄ ΓΛΩΣΣΑΙ,V. LANGUAGES,Β΄ ΓΑΛΛΙΚΗ,Ι. Ε. Σωμερίτης,I. E. Someritis,Γραμματική,Grammar,"8ον, σελ. 88",2,γρ.,
1895,IMG_1338.jpeg,Ε΄ ΓΛΩΣΣΑΙ,V. LANGUAGES,Β΄ ΓΑΛΛΙΚΗ,Γ. Δ. Δαμπίσης,G. D. Dampisis,"Διαλογικὸν ἐγχειρίδιον, περιέχον ποικίλην φρασεολογίαν καὶ τύπους","Dialogical handbook, containing varied phraseology and formulas",σελ. 247,5,γρ.,"Includes detailed description of content: vocabulary, exercises, dialogues, proverbs, letter templates, proper names, and major cities dictionary."
1895,IMG_1338.jpeg,Ε΄ ΓΛΩΣΣΑΙ,V. LANGUAGES,Β΄ ΓΑΛΛΙΚΗ,Κ. Καμβισίολος,K. Kambisiolos,Διάλογοι ἑλληνογαλλικοί,Greek-French Dialogues,σελ. θ΄-134,4,γρ.,
1895,IMG_1338.jpeg,Ε΄ ΓΛΩΣΣΑΙ,V. LANGUAGES,Β΄ ΓΑΛΛΙΚΗ,Ν. Β. Νάκης,N. V. Nakis,Διάλογοι ἑλληνογαλλικοί,Greek-French Dialogues,σελ. 160,5,γρ.,
1895,IMG_1338.jpeg,Ε΄ ΓΛΩΣΣΑΙ,V. LANGUAGES,Β΄ ΓΑΛΛΙΚΗ,Π. Δ. Σακελλάριος,P. D. Sakellarios,Διάλογοι ἑλληνογαλλικοί,Greek-French Dialogues,"8ον, σελ. 222",10,γρ.,
1895,IMG_1338.jpeg,Ε΄ ΓΛΩΣΣΑΙ,V. LANGUAGES,Β΄ ΓΑΛΛΙΚΗ,Διονύσιος Π. Κοντογεώργης,Dionysios P. Kontogeorgis,"Διδασκαλία Πρακτικὴ τῆς γαλλικῆς γλώσσης εἰς τρεῖς αὐτοτελεῖς βαθμῖδας κατὰ μέθοδον ὅλως νέαν. Α΄ βαθμίς, ἔκδοσις δευτέρα, ὅλως διάφορος τῆς πρώτης","Practical Teaching of the French language in three independent stages according to a completely new method. 1st Stage, second edition, completely different from the first",,6,γρ.,Includes detailed promotional note regarding the revised contents and method.
1895,IMG_1338.jpeg,Ε΄ ΓΛΩΣΣΑΙ,V. LANGUAGES,Β΄ ΓΑΛΛΙΚΗ,Α. Ρ. Ραγκαβής,A. R. Rangavis,Ἐγκυκλοπαιδεία,Encyclopedia,"8ον, σελ. β΄-508",8,γρ.,
1895,IMG_1338.jpeg,Ε΄ ΓΛΩΣΣΑΙ,V. LANGUAGES,Β΄ ΓΑΛΛΙΚΗ,Σ. Α. Π.,S. A. P.,Ἔμπειρος Γάλλος,Experienced Frenchman,σελ. 436,6,γρ.,
1895,IMG_1338.jpeg,Ε΄ ΓΛΩΣΣΑΙ,V. LANGUAGES,Β΄ ΓΑΛΛΙΚΗ,Μ. Δασκαλάκης,M. Daskalakis,Ἠχὼ Παρισίων,Echo of Paris,"8ον, σελ. 310",12,γρ.,
1895,IMG_1338.jpeg,Ε΄ ΓΛΩΣΣΑΙ,V. LANGUAGES,Β΄ ΓΑΛΛΙΚΗ,Μ. Δασκαλάκης,M. Daskalakis,Κλεὶς τῆς μεθόδου Ὀλλενδόρφου,Key to the Ollendorff Method,"8ον, σελ. 135",8,γρ.,
1895,IMG_1338.jpeg,Ε΄ ΓΛΩΣΣΑΙ,V. LANGUAGES,Β΄ ΓΑΛΛΙΚΗ,Ν. Κοντόπουλος,N. Kontopoulos,Κλεὶς τῆς μεθόδου Ὀλλενδόρφου,Key to the Ollendorff Method,"8ον, σελ. 88",8,γρ.,
1895,IMG_1339.jpeg,Ε΄ ΓΛΩΣΣΑΙ,V. Languages,Β΄ ΓΑΛΛΙΚΗ,Ἀ. Φατσέας,A. Fatseas,Κλεὶς τῆς μεθόδου Ὀλλενδόρφου,Key to the Ollendorff Method,"8ον, σελ. 47",8,γρ.,
1895,IMG_1339.jpeg,Ε΄ ΓΛΩΣΣΑΙ,V. Languages,Β΄ ΓΑΛΛΙΚΗ,Γ. Ἀ. Ῥάλλης,G. A. Rallis,Μαθήματα στοιχειώδη Γωτιέρου,Gaultier's Elementary Lessons,"Τόμος Α΄, σελ. ε΄-260",7,γρ.,
1895,IMG_1339.jpeg,Ε΄ ΓΛΩΣΣΑΙ,V. Languages,Β΄ ΓΑΛΛΙΚΗ,F. Ahn,F. Ahn,Μέθοδος Ahn,Ahn Method,σελ. 176,2.20,γρ.,
1895,IMG_1339.jpeg,Ε΄ ΓΛΩΣΣΑΙ,V. Languages,Β΄ ΓΑΛΛΙΚΗ,H. G. Ollendorff,H. G. Ollendorff,Μέθοδος Ὀλλενδόρφου,Ollendorff Method,"8ον, σελ. ε΄-632",10,γρ.,
1895,IMG_1339.jpeg,Ε΄ ΓΛΩΣΣΑΙ,V. Languages,Β΄ ΓΑΛΛΙΚΗ,"Κ. Γάνδος, Ἀ. Γκαρπόλας","C. Gand, A. Garpolas","Μέθοδος Ὀλλενδόρφου, ὑπὸ Κ. Γάνδου, ἐκ τοῦ γερμανικοῦ, ὑπὸ Ἀ. Γκαρπόλα","Ollendorff Method, by C. Gand, translated from German by A. Garpolas","8ον, σελ. ς΄-584",10,γρ.,
1895,IMG_1339.jpeg,Ε΄ ΓΛΩΣΣΑΙ,V. Languages,Β΄ ΓΑΛΛΙΚΗ,Μ. Δασκαλάκης,M. Daskalakis,Μέθοδος Ὀλλενδόρφου,Ollendorff Method,"8ον, σελ. 714",18,γρ.,
1895,IMG_1339.jpeg,Ε΄ ΓΛΩΣΣΑΙ,V. Languages,Β΄ ΓΑΛΛΙΚΗ,Ν. Κοντόπουλος,N. Kontopoulos,Μέθοδος τοῦ Emile Otto,Emile Otto's Method,"8ον, σ. 451",24,γρ.,
1895,IMG_1339.jpeg,Ε΄ ΓΛΩΣΣΑΙ,V. Languages,Β΄ ΓΑΛΛΙΚΗ,Κ. Βαρβάτης,K. Varvatis,Μέθοδος κατὰ Ἄν καὶ Ὀλλενδόρφαν,Method according to Ahn and Ollendorff,"8ον, σελ. 268",8,γρ.,
1895,IMG_1339.jpeg,Ε΄ ΓΛΩΣΣΑΙ,V. Languages,Β΄ ΓΑΛΛΙΚΗ,Ἀ. Ν. Γιάνναρης,A. N. Giannaris,Μέθοδος,Method,σελ. 224,7.20,γρ.,
1895,IMG_1339.jpeg,Ε΄ ΓΛΩΣΣΑΙ,V. Languages,Β΄ ΓΑΛΛΙΚΗ,Λέων Ὀλιβιέρος,Leon Olivier,Μέθοδος νεωτάτη,Newest Method,σελ. 192,8,γρ.,
1895,IMG_1339.jpeg,Ε΄ ΓΛΩΣΣΑΙ,V. Languages,Β΄ ΓΑΛΛΙΚΗ,Γ. Δ. Δαμπίσης,G. D. Dampisis,Ὁδηγὸς τῆς Γαλλικῆς Γλώσσης πρὸς ἐξάσκησιν τοῦ λαλεῖν αὐτήν,Guide to the French Language for Speaking Practice,σελ. 488,9,γρ.,
1895,IMG_1339.jpeg,Ε΄ ΓΛΩΣΣΑΙ,V. Languages,Β΄ ΓΑΛΛΙΚΗ,Διονύσιος Π. Κοντογεώργης,Dionysios P. Kontogeorgis,"Πραγματογνωσία γαλλιστὶ γεγραμμένη κατ' ἐρωταπόκρισιν, ἐπὶ τῇ βάσει τῆς μεθόδου A. Pellissier, μεθ' ἑρμηνείας εἰς τὴν ἑλληνικὴν πρὸς ἄσκησιν εἰς τὸ γαλλιστὶ διαλέγεσθαι (Leçons de choses par demandes et reponses d'après la méthode de M. A. Pellissier, avec une traduction interlinéaire en grec. Première partie)","Object lessons written in French by questions and answers, based on A. Pellissier's method, with translation into Greek for practice in speaking French (Object lessons by questions and answers according to Mr. A. Pellissier's method, with an interlinear translation in Greek. First part)",Première partie,4,γρ.,Includes descriptive paragraph explaining the pedagogical method.
1895,IMG_1339.jpeg,Ε΄ ΓΛΩΣΣΑΙ,V. Languages,Β΄ ΓΑΛΛΙΚΗ,Κ. Βίλμπεργ,C. Wilberg,"Χρηστομάθεια, Τόμ. Β΄","Chrestomathy, Vol. II","Τόμ. Β΄, σελ. 120",6,γρ.,
1895,IMG_1339.jpeg,Ε΄ ΓΛΩΣΣΑΙ,V. Languages,Β΄ ΓΑΛΛΙΚΗ,Κ. Βίλμπεργ,C. Wilberg,"Χρηστομάθεια, Τόμ. Γ΄","Chrestomathy, Vol. III","Τόμ. Γ΄, σελ. 143",8,γρ.,
1895,IMG_1339.jpeg,Ε΄ ΓΛΩΣΣΑΙ,V. Languages,Β΄ ΓΑΛΛΙΚΗ,Γ. Δ. Ζαδές,G. D. Zades,Χρηστομάθεια,Chrestomathy,"8ον, σελ. 288",10,γρ.,
1895,IMG_1339.jpeg,Ε΄ ΓΛΩΣΣΑΙ,V. Languages,Β΄ ΓΑΛΛΙΚΗ,Ἀ. Καποδίστριας,A. Kapodistrias,"Χρηστομάθεια, Τόμ. Α΄","Chrestomathy, Vol. I","Τόμ. Α΄, 8ον, σελ. 80",5,γρ.,
1895,IMG_1339.jpeg,Ε΄ ΓΛΩΣΣΑΙ,V. Languages,Β΄ ΓΑΛΛΙΚΗ,Ἀ. Καποδίστριας,A. Kapodistrias,"Χρηστομάθεια, Τόμ. Β΄","Chrestomathy, Vol. II","Τόμ. Β΄, σελ. 112",5,γρ.,
1895,IMG_1339.jpeg,Ε΄ ΓΛΩΣΣΑΙ,V. Languages,Β΄ ΓΑΛΛΙΚΗ,Ι. Καρασούτσας,I. Karasoutsas,Χρηστομάθεια,Chrestomathy,"8ον, σελ. 438",20,γρ.,
1895,IMG_1339.jpeg,Ε΄ ΓΛΩΣΣΑΙ,V. Languages,Β΄ ΓΑΛΛΙΚΗ,Γ. Ν. Μακρίδης,G. N. Makridis,Χρηστομάθεια,Chrestomathy,"Τόμ. Β΄, σελ. 230",10,γρ.,
1895,IMG_1339.jpeg,Ε΄ ΓΛΩΣΣΑΙ,V. Languages,Β΄ ΓΑΛΛΙΚΗ,Ν. Γ. Οικονομίδης,N. G. Oikonomidis,Χρηστομάθεια,Chrestomathy,σελ. 112,8,γρ.,
1895,IMG_1340.jpeg,Ε΄ ΓΛΩΣΣΑΙ,Languages,Ϛ΄ ΡΩΣΣΙΚΗ,Μ. Παλαιολόγου,M. Palaiologos,Γραμματική,Grammar,"8ον, σελ. 103",9,γρ.,
1895,IMG_1340.jpeg,Ε΄ ΓΛΩΣΣΑΙ,Languages,Ϛ΄ ΡΩΣΣΙΚΗ,Γ. Ζερβάτη—Περάκη,G. Zervati-Peraki,Διάλογοι Ἑλληνο-ῥωσσικοὶ μετὰ τοῦ ῥωσσικοῦ ἀλφαβήτου,Greek-Russian Dialogues with the Russian alphabet,σελ. 103,7,γρ.,
1895,IMG_1340.jpeg,Ε΄ ΓΛΩΣΣΑΙ,Languages,Ϛ΄ ΡΩΣΣΙΚΗ,,,"Διάλογοι Ἑλληνο-ῥωσσικοί, δι' ἑλληνικῶν χαρακτήρων","Greek-Russian Dialogues, in Greek characters","32ον, σελ. 20",1,γρ.,
1895,IMG_1340.jpeg,Ε΄ ΓΛΩΣΣΑΙ,Languages,Ϛ΄ ΡΩΣΣΙΚΗ,Α. Ι. Ἀδαμίδου,A. I. Adamidou,Ἐμπορικὴ Ἀλληλογραφία,Commercial Correspondence,"8ον, σελ. 152",18,γρ.,
1895,IMG_1340.jpeg,Ε΄ ΓΛΩΣΣΑΙ,Languages,Ϛ΄ ΡΩΣΣΙΚΗ,Α. Ι. Ἀδαμίδου,A. I. Adamidou,Κλεὶς Μεθόδου Ὀλλενδόρφου,Key to the Ollendorff Method,σελ. 99,,,Priced together with Method at 40 grosia
1895,IMG_1340.jpeg,Ε΄ ΓΛΩΣΣΑΙ,Languages,Ϛ΄ ΡΩΣΣΙΚΗ,Α. Ι. Ἀδαμίδου,A. I. Adamidou,Μέθοδος Ὀλλενδόρφου,Ollendorff Method,"8ον, σελ. 496",40,γρόσια,μετὰ τῆς Κλειδός
1895,IMG_1340.jpeg,Ε΄ ΓΛΩΣΣΑΙ,Languages,Ϛ΄ ΡΩΣΣΙΚΗ,,,"Σύνολον τῆς ῥωσσικῆς γλώσσης, κατὰ τὴν μέθοδον Ῥοβέρτου","The Whole of the Russian Language, according to the Robert method",σελ. IX-384,40,γρ.,
1895,IMG_1340.jpeg,Ε΄ ΓΛΩΣΣΑΙ,Languages,Ζ΄ ΤΟΥΡΚΙΚΗ,Ι. Ἰωαννίδου,I. Ioannidou,Ἀλφαβητάριον,Primer,,2,γρ.,"Μικρὸν εὐμέθοδον πόνημα, κάλλιστα ἐκτετυπωμένον καὶ χρήσιμον τῇ σπουδαζούσῃ Νεολαίᾳ, συνταχθὲν ἐπὶ τῇ βάσει τῶν ἀρίστων τουρκικῶν πρωτοτύπων."
1895,IMG_1340.jpeg,Ε΄ ΓΛΩΣΣΑΙ,Languages,Ζ΄ ΤΟΥΡΚΙΚΗ,Γρ. Π. Κακάβα,Gr. P. Kakava,"Ἀλφαβητάριον μέγα, καθ' ὅλως νέαν μέθοδον συντεταγμένον πρὸς ταχεῖαν ἐκμάθησιν τῆς τουρκικῆς ἀναγνώσεως","Great Primer, arranged according to an entirely new method for rapid learning of Turkish reading",,3,γρ.,"Τὸ ἔργον τοῦ λογίου κ. Κακάβα εἶναι συντεταγμένον μετὰ πολλῆς φροντίδος, ἐλπίζομεν δὲ ὅτι ὁ συγγραφεὺς ἐπέτυχε τοῦ ποθουμένου, ἤτοι τὴν ταχεῖαν ἐκμάθησιν τῆς δυσκόλου ἀναγνώσεως τῆς τουρκικῆς γλώσσης ὑπὸ τῶν ὁμογενῶν παίδων."
1895,IMG_1340.jpeg,Ε΄ ΓΛΩΣΣΑΙ,Languages,Ζ΄ ΤΟΥΡΚΙΚΗ,Ἐμμ. Μουτεβελλῆ,Emm. Moutevelli,Ἀναγνωσματάριον,Reader,σελ. 88,3,γρ.,
1895,IMG_1340.jpeg,Ε΄ ΓΛΩΣΣΑΙ,Languages,Ζ΄ ΤΟΥΡΚΙΚΗ,Ι. Π. Μηλιοπούλου,I. P. Miliopoulou,Ἀναγνωστικὸν Τουρκικὸν (Χαζαΐνι Κηραάτι Ὀσμανιέ),Turkish Reader (Hazine-i Kıraat-ı Osmaniye),,5,γρ.,"Τὸ τουρκικὸν Ἀναγνωστικὸν τοῦ εὐμαθοῦς κ. Μηλιοπούλου, συγγραφέως τῆς τριτεύχου Πνευματικῆς Τροφῆς, τοῦ Τουρκοελληνικοῦ Λεξι-"
1895,IMG_1341.jpeg,Ε΄ ΓΛΩΣΣΑΙ,Languages,Ζ΄ ΤΟΥΡΚΙΚΗ,Κλεάνθους Χαραλαμπίδου,Kleanthes Charalampides,᾿Ανθολογία ᾿Οθωμανική,Ottoman Anthology,"Τεῦχος Α΄, ἔκδ. γ΄, σελ. 105 + 16",10,γρόσια,"περιέχουσα ἀλφαβητάριον, συλλογὴν ἐκλεκτῶν τεμαχίων διαφόρων ὀθωμανῶν συγγραφέων, λεξιλόγιον καὶ γραμματικήν"
1895,IMG_1341.jpeg,Ε΄ ΓΛΩΣΣΑΙ,Languages,Ζ΄ ΤΟΥΡΚΙΚΗ,Χαφοὺζ ῾Ρεφῆ,Hafiz Refi,Γραμματική,Grammar,"8ον, σελ. 199",10,γρ.,
1895,IMG_1341.jpeg,Ε΄ ΓΛΩΣΣΑΙ,Languages,Ζ΄ ΤΟΥΡΚΙΚΗ,᾿Ι. Χλωροῦ,I. Chloros,Γραμματική,Grammar,"8ον, σελ. 255",12,γρ.,
1895,IMG_1341.jpeg,Ε΄ ΓΛΩΣΣΑΙ,Languages,Ζ΄ ΤΟΥΡΚΙΚΗ,᾿Αλ. Κωνσταντινίδου,Al. Konstantinides,Διάλογοι γαλλο-τουρκο-ἑλληνικοί,French-Turkish-Greek Dialogues,"8ον, σελ. 291",15,γρ.,
1895,IMG_1341.jpeg,Ε΄ ΓΛΩΣΣΑΙ,Languages,Ζ΄ ΤΟΥΡΚΙΚΗ,᾿Ι. Π. Μηλιοπούλου,I. P. Miliopoulos,Διάλογοι τουρκο-ἑλληνικοὶ καὶ ἑλληνοτουρκικοί,Turkish-Greek and Greek-Turkish Dialogues,"8ον, σελ. 275",10,γρ.,
1895,IMG_1341.jpeg,Ε΄ ΓΛΩΣΣΑΙ,Languages,Ζ΄ ΤΟΥΡΚΙΚΗ,᾿Αλεξάνδρου Κωνσταντινίδου Πασσᾶ,Alexander Konstantinides Pasha,᾿Εγκόλπιον ῾Ελληνο-ὀθωμανικόν,Greek-Ottoman Manual,σελ. λβ΄-319,5,γρ.,περιέχον καὶ τὸν Αὐτοκρατορικὸν Προνομιακὸν ᾿Οργανικὸν Χάρτην τῆς ἡγεμονίας Σάμου ἑλληνιστὶ καὶ τουρκιστί.
1895,IMG_1342.jpeg,Ε΄ ΓΛΩΣΣΑΙ,Languages,Ζ΄ ΤΟΥΡΚΙΚΗ,Κλεάνθης Χαραλαμπίδης,Kleanthes Charalampides,Ἐπιστολάριον Ὀθωμανικὸν μετὰ λεξιλογίου,Ottoman Epistolary with Vocabulary,,6,γρ.,"Τὸ Ὀθωμανικὸν Ἐπιστολάριον, τοῦ καθηγητοῦ κ. Χαραλαμπίδου, ὡς ἐκ τοῦ τίτλου αὐτοῦ φαίνεται, περιλαμβάνει ἐπιστολῶν καὶ ἀναφορῶν πρὸς διάφορα πρόσωπα διαφόρους τύπους, ἀφορῶντας εἰς πάσας τὰς κοινωνικὰς σχέσεις."
1895,IMG_1342.jpeg,Ε΄ ΓΛΩΣΣΑΙ,Languages,Ζ΄ ΤΟΥΡΚΙΚΗ,Κλ. Χαραλαμπίδης,Kl. Charalampides,Καλλιγραφία,Calligraphy,,2,γρ.,
1895,IMG_1342.jpeg,Ε΄ ΓΛΩΣΣΑΙ,Languages,Ζ΄ ΤΟΥΡΚΙΚΗ,Χαφοὺζ Ῥεφῆ,Hafouz Refi,Καλλιγραφία τουρκική,Turkish Calligraphy,,4,γρ.,
1895,IMG_1342.jpeg,Ε΄ ΓΛΩΣΣΑΙ,Languages,Ζ΄ ΤΟΥΡΚΙΚΗ,Κάμπερ,Kamper,Μέθοδος,Method,"Τόμοι Α΄, Β΄, Γ΄","5, 5, 7.50",γρ.,"Α΄. δεδεμ. γρ. 5, Β΄ γρ. 5, Γ΄ γρ. 7.50"
1895,IMG_1342.jpeg,Ε΄ ΓΛΩΣΣΑΙ,Languages,Ζ΄ ΤΟΥΡΚΙΚΗ,Ἀλφρ. Ἰ. Βιτάλης,Alfr. I. Vitalis,Μέθοδος Νέα,New Method,"Α΄ ἔτος σελ. 206, Β΄ σελ. 167","7, 7",γρ.,"Α΄ ἔτος γρ. 7, Β΄ γρ. 7"
1895,IMG_1342.jpeg,Ε΄ ΓΛΩΣΣΑΙ,Languages,Ζ΄ ΤΟΥΡΚΙΚΗ,,,METHODE (en caractères turcs et en caractères latines) pour aprendre la lanque Turque,Method (in Turkish characters and in Latin characters) for learning the Turkish language,σελ. 96,5,γρ.,
1895,IMG_1342.jpeg,Ε΄ ΓΛΩΣΣΑΙ,Languages,Ζ΄ ΤΟΥΡΚΙΚΗ,Π. Β. Μελιτόπουλος,P. V. Melitopoulos,Τουρκικὴ γλῶσσα,Turkish Language,σελ. 118,10,γρ.,
1895,IMG_1342.jpeg,Ε΄ ΓΛΩΣΣΑΙ,Languages,Ζ΄ ΤΟΥΡΚΙΚΗ,Α. Χαρακτίδης,A. Charaktides,Χρηστομάθεια,Chrestomathy,"8ον, σελ. η΄-231",12,γρ.,
1895,IMG_1343.jpeg,ΛΕΞΙΚΑ,Dictionaries,ϛ΄,Κ. Βαρβάτης,K. Varvatis,Λεξικὸν γαλλο-ἑλληνικόν,French-Greek Dictionary,σ. 1442,40,γρ.,
1895,IMG_1343.jpeg,ΛΕΞΙΚΑ,Dictionaries,ϛ΄,Κ. Βαρβάτης,K. Varvatis,Λεξικὸν ἑλληνο-γαλλικόν,Greek-French Dictionary,σ. 1218,40,γρ.,
1895,IMG_1343.jpeg,ΛΕΞΙΚΑ,Dictionaries,ϛ΄,Κ. Βαρβάτης,K. Varvatis,"Λεξικὸν ἐπίτομον τῶν κυρίων ὀνομάτων, ἱστορικῶν, μυθολογικῶν καὶ γεωγραφικῶν, ἑρμηνευομένων συντόμως γαλλιστί","Abridged Dictionary of Proper Names, Historical, Mythological, and Geographical, Briefly Explained in French","8ον, σελ. 320",10,γρ.,
1895,IMG_1343.jpeg,ΛΕΞΙΚΑ,Dictionaries,ϛ΄,,,Λεξικὸν ἰταλογραικικὸν Βενετίας,Italian-Greek Dictionary of Venice,σελ. 188,10,γρ.,
1895,IMG_1343.jpeg,ΛΕΞΙΚΑ,Dictionaries,ϛ΄,,,Λεξικὸν τουρκο-γραικικὸν Βενετίας,Turkish-Greek Dictionary of Venice,"8ον, σελ. 56",6,γρ.,
1895,IMG_1343.jpeg,ΛΕΞΙΚΑ,Dictionaries,ϛ΄,Ἀ. Βλάχος,A. Vlachos,Λεξικὸν ἑλληνο-γαλλικόν,Greek-French Dictionary,σ. 618,10,γρ.,
1895,IMG_1343.jpeg,ΛΕΞΙΚΑ,Dictionaries,ϛ΄,Στ. Ἰ. Βούτυρας,St. I. Voutyras,"Λεξικὸν ἱστορίας καὶ γεωγραφίας, διαλαμβάνον ἱστορίαν, φυσικὴν καὶ πολιτικὴν χωρογραφίαν,τοὺς βίους τῶν μεγάλων ἀνδρῶν, τοὺς μύθους καὶ τὰς παραδόσεις πάντων τῶν ἐθνῶν ἀπὸ τῶν ἀρχαιοτάτων χρόνων μέχρι τοῦ νῦν, τὸ πρῶτον καὶ μόνον ἐν τῇ ἡμετέρᾳ γλώσσῃ","Dictionary of History and Geography, Containing History, Physical and Political Chorography, the Lives of Great Men, Myths and Traditions of All Nations from Ancient Times to the Present, the First and Only One in Our Language","εἰς τόμους 9, 8ον μέγα δίστηλον, σελ. 11725",1200,γρ.,
1895,IMG_1343.jpeg,ΛΕΞΙΚΑ,Dictionaries,ϛ΄,Σκαρλάτος Δ. Βυζάντιος,Skarlatos D. Byzantios,Λεξικὸν τῆς ἑλληνικῆς γλώσσης μετὰ ἐπιτόμου λεξικοῦ τῶν κυρίων ὀνομάτων,Dictionary of the Greek Language with an Abridged Dictionary of Proper Names,"4ον, σελ. ΙϚ΄-1789",130,γρ.,
1895,IMG_1343.jpeg,ΛΕΞΙΚΑ,Dictionaries,ϛ΄,Σκαρλάτος Δ. Βυζάντιος,Skarlatos D. Byzantios,Λεξικὸν ἑλληνο-γαλλικὸν καὶ γαλλο-ἑλληνικόν,Greek-French and French-Greek Dictionary,"8ον, σελ. ι΄-942",65,γρ.,
1895,IMG_1343.jpeg,ΛΕΞΙΚΑ,Dictionaries,ϛ΄,Σκαρλάτος Δ. Βυζάντιος,Skarlatos D. Byzantios,"Λεξικὸν τῆς καθ' ἡμᾶς ἑλληνικῆς διαλέκτου, μεθηρμηνευμένης εἰς τὸ ἀρχαῖον ἑλληνικὸν καὶ γαλλικόν","Dictionary of Our Modern Greek Dialect, Translated into Ancient Greek and French","8ον, σελ. ιϚ΄—676",45,γρ.,
1895,IMG_1343.jpeg,ΛΕΞΙΚΑ,Dictionaries,ϛ΄,Ἄνθιμος Γαζῆς,Anthimos Gazis,"Λεξικὸν τῆς ἑλληνικῆς γλώσσης, τρίτομον","Dictionary of the Greek Language, Three Volumes","4ον, σελ. η΄—2605",400,γρ.,"ἐκδοθὲν δαπάνῃ Κ. Γκαρμπολᾶ καὶ Χ. Ματακίδου, ἐκδ. β΄, ἐν Βιέννῃ, 1835"
1895,IMG_1343.jpeg,ΛΕΞΙΚΑ,Dictionaries,ϛ΄,Ἠλ. Γεωργιάδης,Il. Georgiades,Λεξικὸν γαλλο-ἑλληνικὸν μικρόν,Small French-Greek Dictionary,"16ον, σ. 281",15,γρ.,
1895,IMG_1344.jpeg,ΛΕΞΙΚΑ,Dictionaries,,"Ἠλ. Γεωργιάδης, Κ. Βαρβάτης","Il. Georgiades, K. Varvatis","Λεξικὸν ἑλληνο-γαλλικὸν πρόχειρον, ὑπὸ Ἠλ. Γεωργιάδου, ἐπιθεωρηθὲν ὑπὸ Κ. Βαρβάτη","Concise Greek-French dictionary, by Il. Georgiades, revised by K. Varvatis","16ον, σελ. 544",15,γρ.,
1895,IMG_1344.jpeg,ΛΕΞΙΚΑ,Dictionaries,,Ἀ. Ν. Γιάνναρης,A. N. Giannaris,"Λεξικὸν ἑλληνικὸν μετὰ εἰσαγωγῆς εἰς τὴν ἑλληνικὴν γλῶσσαν καὶ φιλολογίαν, ὑπὸ Ἀ. Ν. Γιάνναρη","Greek dictionary with an introduction to the Greek language and philology, by A. N. Giannaris","Τόμ. 2, σελ. 9510",75,γρ.,
1895,IMG_1344.jpeg,ΛΕΞΙΚΑ,Dictionaries,,Ἀ. Ν. Γιάνναρης,A. N. Giannaris,"Λεξικὸν γερμανο-ἑλληνικὸν μετὰ προεισαγωγικῶν κανόνων περὶ προφορᾶς καὶ τονισμοῦ, καὶ πίνακος τῶν ἀνωμάλων ῥημάτων, ὑπὸ Ἀ. Ν. Γιάνναρη","German-Greek dictionary with introductory rules on pronunciation and accentuation, and a table of irregular verbs, by A. N. Giannaris","8ον, σελ. ιε΄—1146",40,γρ.,
1895,IMG_1344.jpeg,ΛΕΞΙΚΑ,Dictionaries,,Μάξιμος Δασκαλάκης,Maximos Daskalakis,"Λεξικὸν γαλλο-ἑλληνικὸν ἐπίτομον πλῆρες, περιλαμβάνον καὶ κύρια ὀνόματα μετὰ σημειώσεως τῆς προφορᾶς κατὰ μέθοδον ὅλως νέαν διὰ τοῦ συναγωγικοῦ τρόπου καὶ τῆς παραθέσεως συνωνύμων καὶ ἀντωνύμων κτλ., ὑπὸ Μαξίμου Δασκαλάκη","Complete concise French-Greek dictionary, including proper names with notes on pronunciation according to an entirely new method..., by Maximos Daskalakis","8ον, σελ. 974",45,γρ.,
1895,IMG_1344.jpeg,ΛΕΞΙΚΑ,Dictionaries,,Γ. Δ. Ζηκίδης,G. D. Zikidis,"Λεξικὸν ἁπάντων τῶν ῥημάτων τῆς ἀττικῆς πεζογραφικῆς διαλέκτου, ὑπὸ Γ. Δ. Ζηκίδου","Dictionary of all verbs of the Attic prose dialect, by G. D. Zikidis","8ον, σελ. λϐ΄—704",40,γρ.,
1895,IMG_1344.jpeg,ΛΕΞΙΚΑ,Dictionaries,,Ἰ. Καρασούτσας,I. Karasoutsas,"Λεξικὸν τῶν συνωνύμων τῆς γαλλικῆς γλώσσης, ὑπὸ Ἰ. Καρασούτσα","Dictionary of French language synonyms, by I. Karasoutsas",,12,γρ.,
1895,IMG_1344.jpeg,ΛΕΞΙΚΑ,Dictionaries,,Ν. Κοντόπουλος,N. Kontopoulos,"Λεξικὸν ἀγγλο-ἑλληνικόν, ὑπὸ Ν. Κοντοπούλου","English-Greek dictionary, by N. Kontopoulos","8ον, σ. 516",50,γρ.,
1895,IMG_1344.jpeg,ΛΕΞΙΚΑ,Dictionaries,,Ν. Κοντόπουλος,N. Kontopoulos,"Λεξικὸν ἑλληνο-ἀγγλικόν, ὑπὸ Ν. Κοντοπούλου","Greek-English dictionary, by N. Kontopoulos","8ον, σ. 480",50,γρ.,
1895,IMG_1344.jpeg,ΛΕΞΙΚΑ,Dictionaries,,Ν. Κοντόπουλος,N. Kontopoulos,"Λεξικὸν ἐπίτομον γαλλο-ἑλληνικόν, ὑπὸ Ν. Κοντοπούλου","Concise French-Greek dictionary, by N. Kontopoulos",σελ. 1076,40,γρ.,
1895,IMG_1344.jpeg,ΛΕΞΙΚΑ,Dictionaries,,Ἀδαμάντιος Κοραῆς,Adamantios Korais,"Λεξικὸν γαλλο-γραικικόν, περιέχον καὶ τὰς ἐν τῷ Λεξικῷ τῆς Γαλλικῆς Ἀκαδημείας ἰδιογράφους τοῦ Κοραῆ σημειώσεις. Τὰ μετὰ θάνατον εὑρεθέντα. Τόμος Α΄.","French-Greek dictionary, containing also Korais' autograph notes in the Dictionary of the French Academy. Posthumous works. Volume I.","8ον, σελ. 535",30,γρ.,
1895,IMG_1344.jpeg,ΛΕΞΙΚΑ,Dictionaries,,Theodor Kind,Theodor Kind,"Λεξικὸν τῆς νεοελληνικῆς καὶ τῆς γερμανικῆς γλώσσης σύντομον, ὑπὸ Theodor Kind","Concise dictionary of Modern Greek and German, by Theodor Kind","32ον, σελ. 672",22,γρ.,
1895,IMG_1344.jpeg,ΛΕΞΙΚΑ,Dictionaries,,Ἀ. Κωνσταντινίδης,A. Konstantinidis,"Λεξικὸν τῆς ἑλληνικῆς ὀρθογραφίας, ὑπὸ Ἀ. Κωνσταντινίδου","Dictionary of Greek orthography, by A. Konstantinidis",σελ. 96,7 π. 20,γρ.,
1895,IMG_1344.jpeg,ΛΕΞΙΚΑ,Dictionaries,,Ἀνέστης Κωνσταντινίδης,Anestis Konstantinidis,"Λεξικὸν τῶν κυρίων ὀνομάτων, μυθολογικῶν, ἱστορικῶν, γεωγραφικῶν κτλ. τῶν ἐν τοῖς Ἕλλησιν ἀπαντώντων, ἐκδίδεται ὑπὸ Ἀνέστη Κωνσταντινίδου, χρυσοδεμένον","Dictionary of proper names, mythological, historical, geographical, etc. found among the Greeks, published by Anestis Konstantinidis, gilt-bound",σελ. 537,35,γρ.,
1895,IMG_1344.jpeg,ΛΕΞΙΚΑ,Dictionaries,,Γ. Κωνσταντίνου,G. Konstantinou,"* Λεξικὸν τῶν Ἁγίων Γραφῶν, ἱστορικόν, ἐθνολογικόν, ἀρχαιολογικόν, θεολογικὸν κτλ., περιέχον 300 εἰκόνας, 12 γεωγραφικοὺς χάρτας καὶ 5 χρονολογικοὺς πίνακας, ὑπὸ Γ. Κωνσταντίνου","Dictionary of the Holy Scriptures, historical, ethnological, archaeological, theological, etc., containing 300 illustrations, 12 geographical maps and 5 chronological tables, by G. Konstantinou","8ον, σελ. 1125",40,γρ.,
1895,IMG_1344.jpeg,ΛΕΞΙΚΑ,Dictionaries,,Ε. Κοφινιώτης,E. Kofiniotis,"Λεξικὸν ὁμηρικὸν. μετὰ εἰκόνων καὶ παραρτήματος, ὑπὸ Ε. Κοφινιώτου","Homeric dictionary. With illustrations and appendix, by E. Kofiniotis","8ον, σελ. 415",40,γρ.,
1895,IMG_1345.jpeg,ΛΕΞΙΚΑ,Dictionaries,,Α. Μ. Λεβίδου,A. M. Levidis,Λεξικὸν ἑλληνο-τουρκικόν,Greek-Turkish Dictionary,"4ον, σ. 300",20,γρ.,
1895,IMG_1345.jpeg,ΛΕΞΙΚΑ,Dictionaries,,E. F. Leopold,E. F. Leopold,Λεξικὸν ἐπίτομον ἑλληνο-λατινικόν,Concise Greek-Latin Dictionary,"32ον, σελ. 895",25,γρ.,
1895,IMG_1345.jpeg,ΛΕΞΙΚΑ,Dictionaries,,Ιωάννου Π. Μηλιοπούλου,Ioannis P. Miliopoulos,Λεξικὸν τουρκοελληνικὸν μετὰ προχείρου γεωγραφικοῦ πίνακος,Turkish-Greek Dictionary with a Handy Geographical Map,"σελ. δίστηλοι ιβ΄—860, 16ον",40,γρ.,Πανόδετον γρ. 45. Δεδεμένον πολυτελῶς γρ. 50.
1895,IMG_1345.jpeg,ΛΕΞΙΚΑ,Dictionaries,,Κ. Μ. Μητσοπούλου,K. M. Mitsopoulos,Λεξικὸν 'Εγκυκλοπαιδικὸν πρακτικῶν γνώσεων,Encyclopedic Dictionary of Practical Knowledge,"τόμοι 2 μεγάλοι, 8ον, σελ. 1200",100,γρ.,Επιμελείᾳ Κ. Μ. Μητσοπούλου
1895,IMG_1345.jpeg,ΛΕΞΙΚΑ,Dictionaries,,Μπὰρτ καὶ Χίρστ,Barth and Hirst,"Λεξικὸν 'Εγκυκλοπαιδικόν, ἐκδιδόμενον ἐν 'Αθήναις κατὰ φυλλάδια","Encyclopedic Dictionary, published in Athens in fascicles","μέγα 8ον, 4 τόμοι ἐκ 30 φυλλαδίων ἕκαστος",4,γρ.,Price per fascicle (φυλλάδιον)
1895,IMG_1345.jpeg,ΛΕΞΙΚΑ,Dictionaries,,Δ. Ι. 'Ολυμπίου,D. I. Olympios,Λεξικὸν ὁμηρικόν,Homeric Dictionary,"μετὰ εἰκόνων, 8ον, σελ. ε΄—357, πίνακες XVI",30,γρ.,
1895,IMG_1345.jpeg,ΛΕΞΙΚΑ,Dictionaries,,Σ. Α. Κουμανούδη / Οὐλερίχου,S. A. Koumanoudis / Ulrichs,Λεξικὸν λατινο-ἑλληνικὸν Οὐλερίχου,Latin-Greek Dictionary of Ulrichs,"8ον, σελ. ιε΄—512",80,γρ.,ὑπὸ Σ. Α. Κουμανούδη
1895,IMG_1345.jpeg,ΛΕΞΙΚΑ,Dictionaries,,Ι. Πανταζίδου,I. Pantazidis,Λεξικὸν ὁμηρικόν,Homeric Dictionary,"8ον, σελ. κ΄—721",75,γρ.,
1895,IMG_1345.jpeg,ΛΕΞΙΚΑ,Dictionaries,,Μ. Π. Περίδου,M. P. Peridis,Λεξικὸν ἰταλικὸν καὶ ἑλληνικόν,Italian and Greek Dictionary,"8ον, σελ. η΄—1724",130,γρ.,
1895,IMG_1346.jpeg,ΛΕΞΙΚΑ,Dictionaries,ϛ΄,Ἰ. Περβανόγλου,I. Pervanoglou,"Λεξικὸν ἀγγλο-ἑλληνικὸν μετὰ προλόγου, εἰσαγωγῆς περὶ προφορᾶς τῆς ἀγγλικῆς γλώσσης, πίνακος τῶν ἀνωμάλων ῥημάτων καὶ συντετμημένων λέξεων","English-Greek Dictionary with preface, introduction on English pronunciation, table of irregular verbs and abbreviations",σ. 1097,40,γ.,
1895,IMG_1346.jpeg,ΛΕΞΙΚΑ,Dictionaries,ϛ΄,Ἰ. Περβανόγλου,I. Pervanoglou,"Λεξικὸν ἑλληνο-ἀγγλικόν, μετὰ εἰσαγωγῆς, πινάκων κτλ.","Greek-English Dictionary, with introduction, tables etc.","8ον, σελ. 1100",40,γρ.,
1895,IMG_1346.jpeg,ΛΕΞΙΚΑ,Dictionaries,ϛ΄,Γ. Πολυμέρη,G. Polymeris,Λεξικὸν ἀγγλο-ἑλληνικόν,English-Greek Dictionary,"8ον, σ. 661",25,γρ.,
1895,IMG_1346.jpeg,ΛΕΞΙΚΑ,Dictionaries,ϛ΄,Κ. Πρασσᾶ καὶ Γ. Ἑμάρ,K. Prassas and G. Hemar,Λεξικὸν γαλλο-ἑλληνικόν,French-Greek Dictionary,8ον,2,γρ.,Ἕκαστον τεῦχος τιμᾶται γρ. 2.
1895,IMG_1346.jpeg,ΛΕΞΙΚΑ,Dictionaries,ϛ΄,Ἀ. Ῥ. Ῥαγκαβῆ,A. R. Rangavis,"Λεξικὸν ἀρχαιολογικόν, μετὰ 1379 εἰκόνων καὶ πινάκων","Archaeological Dictionary, with 1379 images and plates","Τόμοι 2, 8ον, σελ. 1590",50,γρ.,
1895,IMG_1346.jpeg,ΛΕΞΙΚΑ,Dictionaries,ϛ΄,Ἀ. Ῥ. Ῥαγκαβῆ,A. R. Rangavis,Λεξικὸν κρυπτογραφικόν,Cryptographic Dictionary,"8ον, σ. 112",30,γ.,
1895,IMG_1346.jpeg,ΛΕΞΙΚΑ,Dictionaries,ϛ΄,Ἀ. Ἀ. Σακελλαρίου,A. A. Sakellarios,Λεξικὸν τῆς ἑλληνικῆς γλώσσης,Dictionary of the Greek Language,"τόμ. 3, σελ. 4397",220,γρ.,
1895,IMG_1346.jpeg,ΛΕΞΙΚΑ,Dictionaries,ϛ΄,Σμιδιτίου,Schmidt,Λεξικὸν ἑλληνο-γερμανικόν,Greek-German Dictionary,"32ον, σ. 812",25,γρ.,
1895,IMG_1346.jpeg,ΛΕΞΙΚΑ,Dictionaries,ϛ΄,Μ. Γ. Σχινα καὶ Ἰ. Ν. Λεβαδέως,M. G. Schinas and I. N. Levadeus,Λεξικὸν γαλλο-ἑλληνικόν,French-Greek Dictionary,"Τόμοι 2, 4ον, σελ. ια΄—2477",180,γρ.,
1895,IMG_1346.jpeg,ΛΕΞΙΚΑ,Dictionaries,ϛ΄,Π. Τζένου,P. Tzenos,Λεξικὸν τῆς ἑλληνικῆς γλώσσης Schmidt,Dictionary of the Greek Language Schmidt,"16ον, σελ. 1370",35,γρ.,
1895,IMG_1346.jpeg,ΛΕΞΙΚΑ,Dictionaries,ϛ΄,Ἐ. Δ. Τσακαλώτου,E. D. Tsakalotos,Λεξικὸν λατινο-ἑλληνικὸν μετὰ λατινικῆς γραμματολογίας,Latin-Greek Dictionary with Latin literary history,"8ον, σελ. κϛ΄—774",45,γρ.,
1895,IMG_1346.jpeg,ΛΕΞΙΚΑ,Dictionaries,ϛ΄,Σ. Τζιβανοπούλου,S. Tzivanopoulos,"Λεξικὸν τῶν ἑλληνικῶν καὶ ῥωμαϊκῶν ἀρχαιοτήτων, μετὰ 500 εἰκόνων κατὰ Smith καὶ ἄλλους","Dictionary of Greek and Roman Antiquities, with 500 illustrations after Smith and others","8ον, σελ. ιε΄—1072",100,γρ.,
1895,IMG_1346.jpeg,ΛΕΞΙΚΑ,Dictionaries,ϛ΄,Θ. Ν. Φιλαρέτου,Th. N. Filaretos,Λεξικὸν Νομικῆς,Legal Dictionary,8ον,5,γρ.,"ἐπιμελείᾳ Θ. Ν. Φιλαρέτου, ἐκδιδόμενον κατὰ τεύχη. Ἕκαστον τεῦχος τιμᾶται γρ. 5."
1895,IMG_1346.jpeg,ΛΕΞΙΚΑ,Dictionaries,ϛ΄,Σ. Α. Κουμανούδη,S. A. Koumanoudis,Συναγωγὴ λέξεων ἀθησαυρίστων ἐν τοῦς ἑλληνικοῖς λεξικοῖς,Collection of uncollected words in Greek dictionaries,"8ον, σελ. 399",50,γρ.,
1895,IMG_1346.jpeg,ΛΕΞΙΚΑ,Dictionaries,ϛ΄,A. Gazier,A. Gazier,Dictionnaire Nouveau classique illustré,New Illustrated Classic Dictionary,"16ον, σελ. 788",15,γρ.,
1895,IMG_1346.jpeg,ΛΕΞΙΚΑ,Dictionaries,ϛ΄,P. Larousse,P. Larousse,Dictionnaire Complet illustré,Complete Illustrated Dictionary,"16ον, σελ. 1464",20,γρ.,
1895,IMG_1346.jpeg,ΛΕΞΙΚΑ,Dictionaries,ϛ΄,V. Salva,V. Salva,Dictionnaire Espagnol-Français et Français-Espagnol,Spanish-French and French-Spanish Dictionary,"32ον, σελ. 440, cartonné",15,γρ.,
1895,IMG_1346.jpeg,ΛΕΞΙΚΑ,Dictionaries,ϛ΄,,,Dictionnaire Nouveau Français et Anglais,New French and English Dictionary,"8ov, σελ. 395",20,γρ.,
1895,IMG_1347.jpeg,ΛΕΞΙΚΑ,Dictionaries,ϛ΄,A. E.,A. E.,Dictionnaire Français et Grec vulgaire,French and Vulgar Greek Dictionary,"8ον, σελ. 626",30,γρ.,
1895,IMG_1347.jpeg,ΛΕΞΙΚΑ,Dictionaries,ϛ΄,Mehmed Chukri et Michel Asgiav,Mehmed Chukri and Michel Asgiav,Dictionnaire Français-Turc,French-Turkish Dictionary,"16ον, σελ. 2054",80,γρ.,
1895,IMG_1347.jpeg,ΛΕΞΙΚΑ,Dictionaries,ϛ΄,Ch. Samy Bey Fraschery,Ch. Samy Bey Fraschery,Dictionnaire petit Français-Turc,Small French-Turkish Dictionary,"32ον, σελ. 651, cartonné",15,γρ.,cartonné
1895,IMG_1347.jpeg,ΛΕΞΙΚΑ,Dictionaries,ϛ΄,N. Bouillet,N. Bouillet,Dictionnaire d'Histoire et de Geographie,Dictionary of History and Geography,"8ον, σελ. 2024",80,γρ.,
1895,IMG_1347.jpeg,ΛΕΞΙΚΑ,Dictionaries,ϛ΄,Ad. Franck,Ad. Franck,Dictionnaire des Sciences Philosophiques,Dictionary of Philosophical Sciences,"4ον, σελ. 1806",50,γρ.,
1895,IMG_1347.jpeg,ΛΕΞΙΚΑ,Dictionaries,ϛ΄,N. M.,N. M.,Lexique Turc-Français,Turkish-French Lexicon,"32ον, σελ. 159",5,γρ.,
1895,IMG_1347.jpeg,ΛΕΞΙΚΑ,Dictionaries,ϛ΄,N. M.,N. M.,Lexique Français-Turc,French-Turkish Lexicon,"32ον, σελ. 244",10,γρ.,
1895,IMG_1347.jpeg,ΛΕΞΙΚΑ,Dictionaries,ϛ΄,Georges Rhasis,Georges Rhasis,Vocabulaire Français-Turc,French-Turkish Vocabulary,"4ον, σελ. 328, δεδεμ.",40,γρ.,δεδεμ.
1895,IMG_1348.jpeg,ΠΑΙΔΑΓΩΓΙΚΑ,Pedagogics,Ζ΄,Δ. Γ. Χ. Κώνστας,D. G. Ch. Konstas,Ἀγωγὴ καὶ παιδεία παίδων παρ' Ἕλλησι καὶ Ῥωμαίοις,Upbringing and Education of Children among the Greeks and Romans,"8ov, σελ. 164",15,γρ.,
1895,IMG_1348.jpeg,ΠΑΙΔΑΓΩΓΙΚΑ,Pedagogics,Ζ΄,Μαρῖνος Δ. Βεργωτῆς,Marinos D. Vergotis,"Ἀγωγῆς καὶ Παιδείας Ἱστορικαὶ Μελέται, Τόμος Α΄. Ἀρχαῖοι Χρόνοι","Historical Studies on Upbringing and Education, Vol. I: Ancient Times","μέγα 8ov, σελ. 522",30,γρ.,
1895,IMG_1348.jpeg,ΠΑΙΔΑΓΩΓΙΚΑ,Pedagogics,Ζ΄,"Ἑρβέρτος Σπένσερ, ὑπὸ Π. Ἰ. Χαλκιοπούλου",Herbert Spencer (transl. P. I. Chalkiopoulos),Ἀγωγῆς (περί),On Education,σελ. ιϛ΄-104,8,γρ.,
1895,IMG_1348.jpeg,ΠΑΙΔΑΓΩΓΙΚΑ,Pedagogics,Ζ΄,Μ. Ἰ. Βρατσάνος,M. I. Vratsanos,Ἀνάγνωσις τεχνική,Technical Reading,σελ. 96,15,γρ.,
1895,IMG_1348.jpeg,ΠΑΙΔΑΓΩΓΙΚΑ,Pedagogics,Ζ΄,Β. Φαρσῆς,V. Farsis,Δημοσία Παίδευσις καὶ τὸ Διδασκαλικὸν ἐν Ἑλλάδι,Public Education and the Teaching Profession in Greece,"8ov, σελ. 108",5,γρ.,
1895,IMG_1348.jpeg,ΠΑΙΔΑΓΩΓΙΚΑ,Pedagogics,Ζ΄,Κ. Σ. Ξανθόπουλος,K. S. Xanthopoulos,Διδασκαλία τῆς ἑλληνικῆς γλώσσης,Teaching of the Greek Language,σελ. 120,5,γρ.,
1895,IMG_1348.jpeg,ΠΑΙΔΑΓΩΓΙΚΑ,Pedagogics,Ζ΄,Κ. Σ. Ξανθόπουλος,K. S. Xanthopoulos,Διδασκάλου καὶ τῆς τοῦ διδασκαλικοῦ ἐπαγγέλματος σπουδαιότητος (Περί),On the Teacher and the Importance of the Teaching Profession,"8ov, σ. 42",4,γρ.,
1895,IMG_1348.jpeg,ΠΑΙΔΑΓΩΓΙΚΑ,Pedagogics,Ζ΄,Ἰφιγένεια Παπαγεωργίου,Iphigeneia Papageorgiou,Διεύθυνσις Νηπιαγωγείων καὶ Πραγματογνωσία,Management of Kindergartens and Object Lessons,"8ov, σελ. 232",30,γρ.,
1895,IMG_1348.jpeg,ΠΑΙΔΑΓΩΓΙΚΑ,Pedagogics,Ζ΄,Γ. Γ. Παπαδόπουλος,G. G. Papadopoulos,Δοκίμιον πρακτικῶν παιδαγωγικῶν οδηγιῶν,Essay on Practical Pedagogical Instructions,"8ov, σελ. 60",5,γρ.,
1895,IMG_1348.jpeg,ΠΑΙΔΑΓΩΓΙΚΑ,Pedagogics,Ζ΄,Κ. Σ. Ξανθόπουλος,K. S. Xanthopoulos,Ἔκθεσις τῆς πνευματικῆς ἀναπτύξεως τῶν νεωτέρων Ἑλλήνων,Report on the Intellectual Development of Modern Greeks,σελ. 176,5,γρ.,
1895,IMG_1348.jpeg,ΠΑΙΔΑΓΩΓΙΚΑ,Pedagogics,Ζ΄,Σ. Μ. Παρίσης,S. M. Parisis,"Ἐκπαίδευσις Ἀνωτέρα καὶ Μέση, ἤτοι Συλλογὴ τῶν διεπόντων τὴν ἀνωτέραν καὶ μέσην ἐκπαίδευσιν νόμων κλπ. ἀπὸ τοῦ 1886—1893","Higher and Secondary Education, namely Collection of Laws etc. Governing Higher and Secondary Education from 1886–1893","8ov, τόμ. Γ΄, σελ. 326",30,γρ.,
1895,IMG_1348.jpeg,ΠΑΙΔΑΓΩΓΙΚΑ,Pedagogics,Ζ΄,Κ. Σ. Ξανθόπουλος,K. S. Xanthopoulos,Ἐπιστολαὶ περὶ διδασκαλίας τῆς Ἑλληνικῆς Γλώσσης,Letters on the Teaching of the Greek Language,"8ov, σελ. 144",8,γρ.,
1895,IMG_1348.jpeg,ΠΑΙΔΑΓΩΓΙΚΑ,Pedagogics,Ζ΄,Ἰ. Δ. Ἀριστοκλῆς,I. D. Aristokles,Ἐργόχειρα Καλλιτεχνικά,Artistic Handiwork,σελ. ιβ΄-50,6 παρ. 20,γρ.,Price written as γρ. 6 παρ. 20
1895,IMG_1348.jpeg,ΠΑΙΔΑΓΩΓΙΚΑ,Pedagogics,Ζ΄,Β. Σκορδέλης,V. Skordelis,"Ἡμερολόγιον Δημοδιδασκάλου, ἤτοι ἡ παιδαγωγία ἐν τῇ πράξει","Primary School Teacher's Diary, or Pedagogy in Practice",σελ. ϛ΄-116,5,γρ.,
1895,IMG_1349.jpeg,ΠΑΙΔΑΓΩΓΙΚΑ,Pedagogics,,Ἰ. Δ. Ἀριστοκλέους,I. D. Aristokles,Λογιστική,Accounting,,1.20,γρ.,
1895,IMG_1349.jpeg,ΠΑΙΔΑΓΩΓΙΚΑ,Pedagogics,,Ἰ. Δ. Ἀριστοκλέους,I. D. Aristokles,Μητρικὸν Ἐγκόλπιον,Maternal Vade Mecum,σ. 54,7.20,γρ.,
1895,IMG_1349.jpeg,ΠΑΙΔΑΓΩΓΙΚΑ,Pedagogics,,Δ. Γ. Πετρίδου,D. G. Petridis,Ὁδηγίαι πρακτικαὶ στοιχειώδεις περὶ διδασκαλίας ἐν τοῖς Δημοτικοῖς Σχολείοις,Elementary practical instructions on teaching in Primary Schools,σ. 200,7.20,γρ.,
1895,IMG_1349.jpeg,ΠΑΙΔΑΓΩΓΙΚΑ,Pedagogics,,Θεόδωρος Ν. Ἀποστολόπουλος,Theodoros N. Apostolopoulos,Ὁδηγὸς Πρακτικὸς τῶν Δημοδιδασκάλων καὶ ἀναλυτικὸν Πρόγραμμα τῶν μαθημάτων Δημοτικοῦ Σχολείου,Practical Guide for Primary School Teachers and detailed syllabus of Primary School subjects,"8ον, σελ. 120",10,γρ.,
1895,IMG_1349.jpeg,ΠΑΙΔΑΓΩΓΙΚΑ,Pedagogics,,Μ. Ι. Βρατσάνος,M. I. Vratsanos,Ὁδηγὸς θεωρητικὸς καὶ Πρακτικὸς τοῦ Δημοτικοῦ Σχολείου (Ἔτος σχολικὸν Β΄),Theoretical and Practical Guide to the Primary School (School Year 2),"8ον, σελ. 184",15,γρ.,
1895,IMG_1349.jpeg,ΠΑΙΔΑΓΩΓΙΚΑ,Pedagogics,,Μ. Παρανίκας,M. Paranikas,Ὁδηγὸς τῆς πρώτης καὶ μέσης παιδεύσεως,Guide to primary and secondary education,"8ον, σελ. 32",2,γρ.,*
1895,IMG_1349.jpeg,ΠΑΙΔΑΓΩΓΙΚΑ,Pedagogics,,Ἰ. Παπαθανασίου,I. Papathanasiou,Ὁδηγὸς πρακτικὸς τῆς ἑλληνικῆς γραφῆς καὶ ἀριθμητικῆς,Practical guide to Greek writing and arithmetic,σελ. 168,7.20,γρ.,
1895,IMG_1349.jpeg,ΠΑΙΔΑΓΩΓΙΚΑ,Pedagogics,,Γ. Ἱ. Τσιάκας,G. I. Tsiakas,Ὁδηγητικὸν δοκίμιον πρὸς τελεσφόρον διδασκαλίαν τῆς Ἱερᾶς Ἱστορίας,Introductory guide essay for effective teaching of Sacred History,"8ον, σελ. 62",2.20,γρ.,
1895,IMG_1349.jpeg,ΠΑΙΔΑΓΩΓΙΚΑ,Pedagogics,,Χ. Πούλιος,Ch. Poulios,Ὁδηγὸς πρακτικὸς πρὸς τὴν κατ' οἶκον ἀνατροφὴν τῶν παίδων,Practical guide for the upbringing of children at home,σελ. 537,30,γρ.,
1895,IMG_1349.jpeg,ΠΑΙΔΑΓΩΓΙΚΑ,Pedagogics,,Ἀ. Ἀργυρός,A. Argyros,"Ὁδηγὸς πρὸς χρῆσιν τῶν ἐν τῇ προκαταρκτικῇ τάξει διδασκόντων ἀνάγνωσιν, γραφήν, ἐποπτικὴν διδασκαλίαν, ἰχνογραφίαν, ᾠδικὴν κλπ.","Guide for teachers of reading, writing, visual instruction, drawing, singing, etc., in the preparatory class",σελ. 32,2,γρ.,
1895,IMG_1349.jpeg,ΠΑΙΔΑΓΩΓΙΚΑ,Pedagogics,,Βλάσιος Γ. Σκορδέλης,Vlasios G. Skordelis,"Ὁδηγὸς διδασκαλικός, ἤτοι θεωρητικὸς καὶ πρακτικὸς ὁδηγὸς τῶν Δημοτικῶν Σχολείων καὶ Παρθεναγωγεῖων","Teaching guide, namely a theoretical and practical guide for Primary Schools and Girls' Schools","8ον, σελ. 132",18.20,γρ.,
1895,IMG_1349.jpeg,ΠΑΙΔΑΓΩΓΙΚΑ,Pedagogics,,Δημ. Ἀ. Χαντσερῆς,Dim. A. Chantseris,Ὀλίγα τινὰ περὶ τῆς παρ' ἡμῖν ὑπαρχούσης παιδείας καὶ περὶ τῆς ἡμετέρας τῶν Ἑλλήνων Γλώσσης κατ' ἀντιπαράθεσιν πρὸς τὰς ῥωμανικὰς διαλέκτους,A few things about our current education system and our Greek Language compared to the Romance dialects,"8ον, σελ. 189",8,γρ.,
1895,IMG_1349.jpeg,ΠΑΙΔΑΓΩΓΙΚΑ,Pedagogics,,Αἰκατερίνη Δασκαρίδου,Aikaterini Daskaridou,Ὀλίγα τινὰ περὶ Φρειδερίκου Φρέβελ,A few words about Friedrich Fröbel,"8ον, σελ. 20",5,γρ.,
1895,IMG_1349.jpeg,ΠΑΙΔΑΓΩΓΙΚΑ,Pedagogics,,Χρ. Σαμαρτσίδης,Chr. Samartsidis,Παιδαγωγίας ἱστορία,History of Pedagogy,"8ον, σ. 146",5,γρ.,*
1895,IMG_1349.jpeg,ΠΑΙΔΑΓΩΓΙΚΑ,Pedagogics,,Γ. Μανοῦσος,G. Manousos,Παιδαγωγικὴ διαιτητικὴ καὶ παιδαγωγία,Pedagogical Dietetics and Pedagogy,"8ον, σελ. 266",5,γρ.,
1895,IMG_1349.jpeg,ΠΑΙΔΑΓΩΓΙΚΑ,Pedagogics,,Ἰ. Πανταζίδης,I. Pantazidis,"Παιδαγωγικὴ γυμνασιακή, πρὸς χρῆσιν τῶν τε φοιτητῶν τῆς φιλολογίας καὶ πάντων ἐν γένει τῶν διδασκάλων τῆς μέσης ἐκπαιδεύσεως","High School Pedagogy, for use by philology students and all teachers of secondary education in general","8ον, σελ. 310",40,γρ.,
1895,IMG_1349.jpeg,ΠΑΙΔΑΓΩΓΙΚΑ,Pedagogics,,Μιχ. Κ. Σακελλαρόπουλος,Mich. K. Sakellaropoulos,Παιδαγωγικὴ (ἡ) δημοτικοῦ σχολείου,Primary school pedagogy,"ἔκδ. β΄, 8ον, σελ. 212",17.20,γρ.,
1895,IMG_1350.jpeg,ΠΑΙΔΑΓΩΓΙΚΑ,Pedagogics,,Α. Κ. Σπαθάκη,A. K. Spathakis,"Παιδαγωγική, περιλαμβάνουσα συνοπτικῶς Ἱστορίαν τῆς Παιδαγωγίας, Ψυχολογίαν, Λογικήν, Γενικὴν Παιδαγωγικὴν καὶ Διδακτικήν","Pedagogy, concisely including History of Pedagogy, Psychology, Logic, General Pedagogy and Didactics","ἐκδ. δ΄, 8ον, σ. 272",12,γ.,ἐγκριθεῖσα τῷ 1894 ἐν τῷ διαγωνισμῷ τῶν διδακτικῶν βιβλίων
1895,IMG_1350.jpeg,ΠΑΙΔΑΓΩΓΙΚΑ,Pedagogics,,Α. Κ. Σπαθάκη,A. K. Spathakis,Παιδαγωγικῆς ἱστορία,History of Pedagogy,"8ον, σελ. 128",9,γ.,
1895,IMG_1350.jpeg,ΠΑΙΔΑΓΩΓΙΚΑ,Pedagogics,,Κ. Ἀ. Κεχαγιᾶ,K. A. Kechagias,Παιδαγωγικὸν ἐγκόλπιον,Pedagogical Vademecum,"8ον, σ. 136",5,γ.,
1895,IMG_1350.jpeg,ΠΑΙΔΑΓΩΓΙΚΑ,Pedagogics,,Δ. Μελά,D. Melas,Παιδαγωγικὸν ἐγκόλπιον,Pedagogical Vademecum,σελ. 216,9,γρ.,
1895,IMG_1350.jpeg,ΠΑΙΔΑΓΩΓΙΚΑ,Pedagogics,,Σταματούλας Βώτυρα,Stamatoula Votyra,Παιδαγωγικὸν ἐγχειρίδιον,Pedagogical Handbook,"8ον, σελ. 96",2,γρ.,
1895,IMG_1350.jpeg,ΠΑΙΔΑΓΩΓΙΚΑ,Pedagogics,,Α. Κ. Σπαθάκη,A. K. Spathakis,"Παιδαγωγός, περιέχων συνοπτικῶς Ψυχολογίαν, Λογικήν, Ἱστορίαν τῆς Παιδαγωγίας, Παιδαγωγίαν καὶ Διδακτικήν","Educator, containing concisely Psychology, Logic, History of Pedagogy, Pedagogy and Didactics","Τόμος Α΄, 8ον, σελ. η΄-93 / Τόμος Β΄, σελ. 352",12 / 15,γρ.,"Vol. A: 12 gr., Vol. B: 15 gr."
1895,IMG_1350.jpeg,ΠΑΙΔΑΓΩΓΙΚΑ,Pedagogics,,Ι. Δ. Ἀριστοκλέους,I. D. Aristokles,Παιδικαὶ Διδακτικαί,Children's Didactics,σ. 82,6.20,γ. π.,Price: 6 γρόσια 20 παράδες
1895,IMG_1350.jpeg,ΠΑΙΔΑΓΩΓΙΚΑ,Pedagogics,,Δ. Μαρούλη,D. Maroulis,Περὶ μορφώσεως ἑλλήνων δημοδιδασκάλων,On the Education of Greek Primary School Teachers,"8ον, σελ. 79",5,γρ.,
1895,IMG_1350.jpeg,ΠΑΙΔΑΓΩΓΙΚΑ,Pedagogics,,Κ. Σ. Ξανθοπούλου,K. S. Xanthopoulos,Παιδαγωγικῆς Διδασκαλίας (Περί),On Pedagogical Teaching,"8ον, σελ. 80",8,γρ.,
1895,IMG_1350.jpeg,ΠΑΙΔΑΓΩΓΙΚΑ,Pedagogics,,,,Πρόγραμμα Ἀναλυτικὸν τοῦ Ζωγραφείου τῆς Ἑλληνικῆς Ὀρθοδόξου Κοινότητος Σταυροδρομίου,Analytical Curriculum of the Zographeion of the Greek Orthodox Community of Stavrodromi,σελ. 38,2,γρ.,
1895,IMG_1350.jpeg,ΠΑΙΔΑΓΩΓΙΚΑ,Pedagogics,,Κ. Ξανθοπούλου,K. Xanthopoulos,"Πρώτη καὶ μέση ἐκπαίδευσις, καὶ περὶ ἀνατροφῆς καὶ ἐκπαιδεύσεως τῶν κορασίων","Primary and Secondary Education, and on the Upbringing and Education of Girls","8ον, σελ. 275",7,γ.,
1895,IMG_1350.jpeg,ΠΑΙΔΑΓΩΓΙΚΑ,Pedagogics,,Μ. Κ. Σακελλαροπούλου,M. K. Sakellaropoulos,"Πραγματογνωσίας Ὕλη, κατ' ἐπίτομον καὶ ἐλευθέραν μετάφρασιν ἐκ τῆς γερμανικῆς","Object Lessons Material, in a concise and free translation from German",εἰς τεύχη 4,18.20,γρ. παρ.,Price: 18 γρόσια 20 παράδες
1895,IMG_1350.jpeg,ΠΑΙΔΑΓΩΓΙΚΑ,Pedagogics,,Αἰκ. Δασκαρίδου,Aikaterini Daskaridou,"Ῥυθμικὰ παίγνια κατὰ τὴν φρεβελιανὴν μέθοδον διὰ τὰς οἰκογενείας, τοὺς νηπιακοὺς κήπους καὶ τὴν γυμναστικήν","Rhythmic Games according to the Froebelian Method for Families, Kindergartens, and Gymnastics","8ον, σελ. λβ΄-100",10,γρ.,
1895,IMG_1350.jpeg,ΠΑΙΔΑΓΩΓΙΚΑ,Pedagogics,,Ἰωακεὶμ Παυλίδου,Ioakeim Pavlidis,"Σύστημα Πρακτικὸν Δημοτικῆς Ἐκπαιδεύσεως παρὰ τοῖς Ἕλλησιν, ἤτοι Διδακτικὴ καὶ Παιδαγωγικὴ διὰ πλήρη Δημοτικὰ Σχολεῖα μετὰ τεχνικῆς ἐκπαιδεύσεως","Practical System of Primary Education among the Greeks, namely Didactics and Pedagogy for Complete Primary Schools with Vocational Education","Τόμος Α΄, Διδακτική, 8ον, σελ. κα΄-316",17,γρ.,
1895,IMG_1350.jpeg,ΠΑΙΔΑΓΩΓΙΚΑ,Pedagogics,,Α. Κ. Σπαθάκη,A. K. Spathakis,Σχολικὴ Παιδαγωγικὴ ἢ Θεωρία τῆς Παιδαγωγικῆς καὶ Μεθοδολογίας,School Pedagogy or Theory of Pedagogy and Methodology,"8ον, σελ. 144",10,γρ.,
1895,IMG_1351.jpeg,ΑΤΛΑΝΤΕΣ ΚΑΙ ΧΑΡΤΑΙ ΓΕΩΓΡΑΦΙΚΟΙ,Atlases and Geographical Maps,Α΄ ΑΤΛΑΝΤΕΣ ΓΕΩΓΡΑΦΙΚΟΙ,Ἀ. Ἀ. Σακελλαρίου,A. A. Sakellariou,Ἄτλας γεωγραφικὸς μικρὸς πρὸς χρῆσιν τῶν δημοτικῶν σχολείων,Small geographical atlas for the use of elementary schools,"εἰς 8 φύλλα, χαρτόδετος",7 π. 20,γρ.,
1895,IMG_1351.jpeg,ΑΤΛΑΝΤΕΣ ΚΑΙ ΧΑΡΤΑΙ ΓΕΩΓΡΑΦΙΚΟΙ,Atlases and Geographical Maps,Α΄ ΑΤΛΑΝΤΕΣ ΓΕΩΓΡΑΦΙΚΟΙ,Ἀ. Ἀ. Σακελλαρίου,A. A. Sakellariou,Ἄτλας γεωγραφικὸς νέος πρὸς χρῆσιν τῆς ἐν τοῖς Ἑλληνικοῖς σχολείοις καὶ γυμνασίοις σπουδαζούσης νεολαίας,New geographical atlas for the use of youth studying in Greek schools and gymnasiums,"εἰς 19 φύλλα, χαρτόδετος",15,γρ.,
1895,IMG_1351.jpeg,ΑΤΛΑΝΤΕΣ ΚΑΙ ΧΑΡΤΑΙ ΓΕΩΓΡΑΦΙΚΟΙ,Atlases and Geographical Maps,Α΄ ΑΤΛΑΝΤΕΣ ΓΕΩΓΡΑΦΙΚΟΙ,Ἰ. Δ. Νεράντζη,I. D. Nerantzis,"Ἄτλας γεωγραφικὸς μικρὸς πρὸς χρῆσιν τῶν ἐν τοῖς σχολείοις σπουδαζόντων, μέρος πολιτικόν","Small geographical atlas for the use of students in schools, political part",σελ. 19,9,γρ.,
1895,IMG_1351.jpeg,ΑΤΛΑΝΤΕΣ ΚΑΙ ΧΑΡΤΑΙ ΓΕΩΓΡΑΦΙΚΟΙ,Atlases and Geographical Maps,Α΄ ΑΤΛΑΝΤΕΣ ΓΕΩΓΡΑΦΙΚΟΙ,Ἀ. Ἀ. Σακελλαρίου,A. A. Sakellariou,Ἄτλας γεωγραφικὸς μετὰ γεωγραφικῶν καὶ στατιστικῶν σημειώσεων πρὸς χρῆσιν τῶν μαθητῶν καὶ τῶν πολλῶν,Geographical atlas with geographical and statistical notes for the use of students and the general public,"εἰς 19 φύλλα, χαρτόδετος",35,γρ.,
1895,IMG_1351.jpeg,ΑΤΛΑΝΤΕΣ ΚΑΙ ΧΑΡΤΑΙ ΓΕΩΓΡΑΦΙΚΟΙ,Atlases and Geographical Maps,Α΄ ΑΤΛΑΝΤΕΣ ΓΕΩΓΡΑΦΙΚΟΙ,Ἰ. Δ. Νεράντζη,I. D. Nerantzis,Ἄτλας γεωγραφικὸς μέγας πρὸς χρῆσιν τῶν ἐν τοῖς Ἑλληνικοῖς σχολείοις καὶ γυμνασίοις σπουδαζόντων,Large geographical atlas for the use of students in Greek schools and gymnasiums,σελ. 36,15,γρ.,
1895,IMG_1351.jpeg,ΑΤΛΑΝΤΕΣ ΚΑΙ ΧΑΡΤΑΙ ΓΕΩΓΡΑΦΙΚΟΙ,Atlases and Geographical Maps,Α΄ ΑΤΛΑΝΤΕΣ ΓΕΩΓΡΑΦΙΚΟΙ,Ἀνέστη Κωνσταντινίδου,Anestis Konstantinidis,"Ἄτλας γεωγραφικὸς πρὸς χρῆσιν τῶν γυμνασίων, ἑλληνικῶν σχολείων καὶ παρθεναγωγείων","Geographical atlas for the use of gymnasiums, Greek schools, and girls' schools","χρυσόδετος, ἔκδοσις δ΄",25,γρ.,
1895,IMG_1351.jpeg,ΑΤΛΑΝΤΕΣ ΚΑΙ ΧΑΡΤΑΙ ΓΕΩΓΡΑΦΙΚΟΙ,Atlases and Geographical Maps,Β΄ ΧΑΡΤΑΙ ΓΕΩΓΡΑΦΙΚΟΙ,Ἑ. Κίπερτ,H. Kiepert,Χάρτης τῶν δύο Ἡμισφαιρίων,Map of the Two Hemispheres,κεκολλημένος ἐπὶ πανίου καὶ μετὰ ξύλων ἄνωθεν καὶ κάτωθεν,115,Γρ.,"ἐκδοθέντες ὑπὸ τοῦ ἐν Ἀθήναις πρὸς διάδοσιν τῶν Ἑλληνικῶν Γραμμάτων Συλλόγου, δαπάνῃ Στεφάνου Ζαφειροπούλου."
1895,IMG_1351.jpeg,ΑΤΛΑΝΤΕΣ ΚΑΙ ΧΑΡΤΑΙ ΓΕΩΓΡΑΦΙΚΟΙ,Atlases and Geographical Maps,Β΄ ΧΑΡΤΑΙ ΓΕΩΓΡΑΦΙΚΟΙ,Ἑ. Κίπερτ,H. Kiepert,Χάρτης τῆς Εὐρώπης,Map of Europe,κεκολλημένος ἐπὶ πανίου καὶ μετὰ ξύλων ἄνωθεν καὶ κάτωθεν,120,Γρ.,"ἐκδοθέντες ὑπὸ τοῦ ἐν Ἀθήναις πρὸς διάδοσιν τῶν Ἑλληνικῶν Γραμμάτων Συλλόγου, δαπάνῃ Στεφάνου Ζαφειροπούλου."
1895,IMG_1351.jpeg,ΑΤΛΑΝΤΕΣ ΚΑΙ ΧΑΡΤΑΙ ΓΕΩΓΡΑΦΙΚΟΙ,Atlases and Geographical Maps,Β΄ ΧΑΡΤΑΙ ΓΕΩΓΡΑΦΙΚΟΙ,Ἑ. Κίπερτ,H. Kiepert,Χάρτης τῆς Ε΄ Ἑκατονταετηρίδος,Map of the 5th Century,κεκολλημένος ἐπὶ πανίου καὶ μετὰ ξύλων ἄνωθεν καὶ κάτωθεν,125,Γρ.,"ἐκδοθέντες ὑπὸ τοῦ ἐν Ἀθήναις πρὸς διάδοσιν τῶν Ἑλληνικῶν Γραμμάτων Συλλόγου, δαπάνῃ Στεφάνου Ζαφειροπούλου."
1895,IMG_1352.jpeg,ΑΤΛΑΝΤΕΣ ΚΑΙ ΧΑΡΤΑΙ ΓΕΩΓΡΑΦΙΚΟΙ,Atlases and Geographical Maps,Β΄ ΧΑΡΤΑΙ ΓΕΩΓΡΑΦΙΚΟΙ,Ἑ. Κίπερτ,H. Kiepert,Χάρτης τοῦ Μακεδονικοῦ Ἑλληνισμοῦ,Map of Macedonian Hellenism,,125,γρ.,
1895,IMG_1352.jpeg,ΑΤΛΑΝΤΕΣ ΚΑΙ ΧΑΡΤΑΙ ΓΕΩΓΡΑΦΙΚΟΙ,Atlases and Geographical Maps,Β΄ ΧΑΡΤΑΙ ΓΕΩΓΡΑΦΙΚΟΙ,Ἑ. Κίπερτ,H. Kiepert,Χάρτης τοῦ Μεσαιωνικοῦ Ἑλληνισμοῦ,Map of Medieval Hellenism,,125,γρ.,
1895,IMG_1352.jpeg,ΑΤΛΑΝΤΕΣ ΚΑΙ ΧΑΡΤΑΙ ΓΕΩΓΡΑΦΙΚΟΙ,Atlases and Geographical Maps,Β΄ ΧΑΡΤΑΙ ΓΕΩΓΡΑΦΙΚΟΙ,Ἑ. Κίπερτ,H. Kiepert,Χάρτης τῶν Χωρῶν τοῦ Αἵμου,Map of the Balkan Peninsula Countries (Haemus),,125,γρ.,
1895,IMG_1352.jpeg,ΑΤΛΑΝΤΕΣ ΚΑΙ ΧΑΡΤΑΙ ΓΕΩΓΡΑΦΙΚΟΙ,Atlases and Geographical Maps,Γ΄ ΧΑΡΤΑΙ Ι. Δ. ΝΕΡΑΝΤΖΗ,Ι. Δ. Νεράντζης,I. D. Nerantzis,Χάρτης Ἡμισφαιρίων,Map of Hemispheres,,50,γρ.,"Ἐκδοθεὶς ὑπὸ τοῦ ἐν Λειψίᾳ Ι. Δ. Νεράντζη, κεκολλημένος ἐπὶ πανίου πρὸς ἀνάρτησιν."
1895,IMG_1352.jpeg,ΑΤΛΑΝΤΕΣ ΚΑΙ ΧΑΡΤΑΙ ΓΕΩΓΡΑΦΙΚΟΙ,Atlases and Geographical Maps,Γ΄ ΧΑΡΤΑΙ Ι. Δ. ΝΕΡΑΝΤΖΗ,Ι. Δ. Νεράντζης,I. D. Nerantzis,Χάρτης τῆς Εὐρώπης,Map of Europe,,100,γρ.,"Ἐκδοθεὶς ὑπὸ τοῦ ἐν Λειψίᾳ Ι. Δ. Νεράντζη, κεκολλημένος ἐπὶ πανίου πρὸς ἀνάρτησιν."
1895,IMG_1352.jpeg,ΑΤΛΑΝΤΕΣ ΚΑΙ ΧΑΡΤΑΙ ΓΕΩΓΡΑΦΙΚΟΙ,Atlases and Geographical Maps,Γ΄ ΧΑΡΤΑΙ Ι. Δ. ΝΕΡΑΝΤΖΗ,Ι. Δ. Νεράντζης,I. D. Nerantzis,Χάρτης τῆς Ἑλλάδος,Map of Greece,,40,γρ.,"Ἐκδοθεὶς ὑπὸ τοῦ ἐν Λειψίᾳ Ι. Δ. Νεράντζη, κεκολλημένος ἐπὶ πανίου πρὸς ἀνάρτησιν."
1895,IMG_1352.jpeg,ΑΤΛΑΝΤΕΣ ΚΑΙ ΧΑΡΤΑΙ ΓΕΩΓΡΑΦΙΚΟΙ,Atlases and Geographical Maps,Γ΄ ΧΑΡΤΑΙ Ι. Δ. ΝΕΡΑΝΤΖΗ,Ι. Δ. Νεράντζης,I. D. Nerantzis,Χάρτης τῆς Κ/πόλεως μετὰ τῶν προαστείων αὐτῆς,Map of Constantinople with its Suburbs,,2,γρ.,"Ἐκδοθεὶς ὑπὸ τοῦ ἐν Λειψίᾳ Ι. Δ. Νεράντζη, κεκολλημένος ἐπὶ πανίου πρὸς ἀνάρτησιν."
1895,IMG_1352.jpeg,ΑΤΛΑΝΤΕΣ ΚΑΙ ΧΑΡΤΑΙ ΓΕΩΓΡΑΦΙΚΟΙ,Atlases and Geographical Maps,Γ΄ ΧΑΡΤΑΙ Ι. Δ. ΝΕΡΑΝΤΖΗ,Ι. Δ. Νεράντζης,I. D. Nerantzis,Χάρτης τῆς Ἀσίας,Map of Asia,,120,γρ.,"Ἐκδοθεὶς ὑπὸ τοῦ ἐν Λειψίᾳ Ι. Δ. Νεράντζη, κεκολλημένος ἐπὶ πανίου πρὸς ἀνάρτησιν."
1895,IMG_1352.jpeg,ΑΤΛΑΝΤΕΣ ΚΑΙ ΧΑΡΤΑΙ ΓΕΩΓΡΑΦΙΚΟΙ,Atlases and Geographical Maps,Γ΄ ΧΑΡΤΑΙ Ι. Δ. ΝΕΡΑΝΤΖΗ,Ι. Δ. Νεράντζης,I. D. Nerantzis,Χάρτης τῶν Χωρῶν τοῦ Αἵμου,Map of the Balkan Peninsula Countries (Haemus),,120,γρ.,"Ἐκδοθεὶς ὑπὸ τοῦ ἐν Λειψίᾳ Ι. Δ. Νεράντζη, κεκολλημένος ἐπὶ πανίου πρὸς ἀνάρτησιν."
1895,IMG_1352.jpeg,ΑΤΛΑΝΤΕΣ ΚΑΙ ΧΑΡΤΑΙ ΓΕΩΓΡΑΦΙΚΟΙ,Atlases and Geographical Maps,Δ΄ ΧΑΡΤΑΙ ΑΝΕΣΤΗ ΚΩΝΣΤΑΝΤΙΝΙΔΟΥ,Ἀνέστης Κωνσταντινίδης,Anestis Konstantinidis,"Χάρτης τῶν δύο Ἡμισφαιρίων, τῆς Εὐρώπης, τῆς Εὐρωπαϊκῆς Τουρκίας, τῆς Ἑλλάδος, τῆς Ἀσίας, τῆς Ἀφρικῆς, τῆς Ἀμερικῆς καὶ τῆς Αὐστραλίας","Map of the Two Hemispheres, Europe, European Turkey, Greece, Asia, Africa, America, and Australia",8 χάρται,25,γρόσια,Κεκολλημένοι ἐπὶ πανίου πρὸς ἀνάρτησιν: 25 γρόσια ἕκαστος. Εἰς φύλλα: 5 γρόσια ἕκαστος.
1895,IMG_1352.jpeg,ΑΛΛΑ ΕΝΤΥΠΑ ΠΡΟΣ ΧΡΗΣΙΝ ΤΩΝ ΣΧΟΛΕΙΩΝ ΕΝ ΓΕΝΕΙ,Other Printed Materials for General School Use,,,,Βαθμολόγιον,Grade book / Student mark register,,5,γρ.,
1895,IMG_1352.jpeg,ΑΛΛΑ ΕΝΤΥΠΑ ΠΡΟΣ ΧΡΗΣΙΝ ΤΩΝ ΣΧΟΛΕΙΩΝ ΕΝ ΓΕΝΕΙ,Other Printed Materials for General School Use,,,,Ἔλεγχος μηνιαῖος διαγωγῆς καὶ προόδου τῶν μαθητῶν,Monthly conduct and progress report card for male students,,1,γρ.,
1895,IMG_1352.jpeg,ΑΛΛΑ ΕΝΤΥΠΑ ΠΡΟΣ ΧΡΗΣΙΝ ΤΩΝ ΣΧΟΛΕΙΩΝ ΕΝ ΓΕΝΕΙ,Other Printed Materials for General School Use,,,,Ἔλεγχος μηνιαῖος διαγωγῆς καὶ προόδου τῶν μαθητριῶν,Monthly conduct and progress report card for female students,,1,γρ.,
1895,IMG_1352.jpeg,ΑΛΛΑ ΕΝΤΥΠΑ ΠΡΟΣ ΧΡΗΣΙΝ ΤΩΝ ΣΧΟΛΕΙΩΝ ΕΝ ΓΕΝΕΙ,Other Printed Materials for General School Use,,,,Εὔσημα διάφορα εἰς φύλλα,Various merit tokens / commendation stickers in sheets,,20,παρ.,
1895,IMG_1352.jpeg,ΑΛΛΑ ΕΝΤΥΠΑ ΠΡΟΣ ΧΡΗΣΙΝ ΤΩΝ ΣΧΟΛΕΙΩΝ ΕΝ ΓΕΝΕΙ,Other Printed Materials for General School Use,,,,Κατάλογος προσκλήσεως,Roll call / Convocation list,,20,παρ.,
1895,IMG_1352.jpeg,ΑΛΛΑ ΕΝΤΥΠΑ ΠΡΟΣ ΧΡΗΣΙΝ ΤΩΝ ΣΧΟΛΕΙΩΝ ΕΝ ΓΕΝΕΙ,Other Printed Materials for General School Use,,,,Μαθητολόγιον γενικὸν τῶν δημ. σχολείων,General student register for primary schools,,3.20,γρ. παρ.,Price printed as 3 γρ. 20 παρ.
1895,IMG_1352.jpeg,ΑΛΛΑ ΕΝΤΥΠΑ ΠΡΟΣ ΧΡΗΣΙΝ ΤΩΝ ΣΧΟΛΕΙΩΝ ΕΝ ΓΕΝΕΙ,Other Printed Materials for General School Use,,,,Πρόγραμμα γενικὸν πρὸς ἀνάρτησιν,General curriculum timetable for wall posting,,4,γρ.,
1895,IMG_1352.jpeg,ΑΛΛΑ ΕΝΤΥΠΑ ΠΡΟΣ ΧΡΗΣΙΝ ΤΩΝ ΣΧΟΛΕΙΩΝ ΕΝ ΓΕΝΕΙ,Other Printed Materials for General School Use,,,,Ὡρολόγιον πρὸς ἀναγραφὴν τῶν ὡρῶν,Schedule for recording class hours,,4,γρ.,
1904,IMG_1442.jpeg,Ἰατρικά,Medical Books,,,,...βάντος τραυματιζομένους,...injured persons (continuation from previous page),"8ον, σελίδες 14 +",2.—,Δρχ.,"Incomplete title, continued from previous page"
1904,IMG_1442.jpeg,Ἰατρικά,Medical Books,,ΦΙΛΛΩ,Phillo,"Πρακτικὸν ἐγχειρίδιον περὶ ἀφροδισιακῶν νόσων (γαλλικῶν νοσημάτων) βλεννορραγίας καὶ συφιλίτιδος, μετάφρασις Γ. Πολυχρονιάδου","Practical manual on venereal diseases (French diseases) gonorrhea and syphilis, translation by G. Polychroniadou","32ον, σελίδες 128 +",5.—,Δρχ.,
1904,IMG_1442.jpeg,Ἰατρικά,Medical Books,,ΦΙΝΓΓΕΡ Ε.,Finger E.,"Ἡ σύφιλις καὶ τὰ ἀφροδίσια νοσήματα, ἐξελληνισθὲν ὑπὸ Χρ. Γ. Ῥάλλη, μετὰ πινάκων","Syphilis and venereal diseases, translated into Greek by Chr. G. Rallis, with plates","8ον, σελίδες 358 +",60.—,Δρχ.,
1904,IMG_1442.jpeg,Ἰατρικά,Medical Books,,ΦΛΩΡΑ Θ. Χ.,Flora Th. Ch.,Τὸ βιβλίον τῆς ὑγείας,The book of health,σελίδες 144 +,4.—,Δρχ.,
1904,IMG_1442.jpeg,Ἰατρικά,Medical Books,,ΦΟΥΣΤΑΝΟΥ Ι. Α.,Foustanos I. A.,"Ὑπνωτισμὸς ἢ ζωικὸς μαγνητισμός, μετὰ παραρτήματος περὶ μαγείας καὶ πνευματισμοῦ","Hypnotism or animal magnetism, with an appendix on magic and spiritualism","8ον, σελίδες 122 +",10.—,Δρχ.,
1904,IMG_1442.jpeg,Ἰατρικά,Medical Books,,ΦΟΥΣΤΑΝΟΥ Ι. Α.,Foustanos I. A.,Θεραπευτικὸς Ὁδηγὸς τῶν νέων καὶ νεωτάτων φαρμάκων,Therapeutic Guide to new and newest medicines,"8ον, σελίδες 342 +",20.—,Δρχ.,
1904,IMG_1442.jpeg,Ἰατρικά,Medical Books,,ΦΩΚΑ ΓΕΡΑΣΙΜΟΥ,Phokas Gerasimos,Ἡ Γρίπη (Influenza) παρ' Ἱπποκράτει,Flu (Influenza) according to Hippocrates,"8ον, σ. η'-50 +",6.—,Δρχ.,
1904,IMG_1442.jpeg,Ἰατρικά,Medical Books,,ΦΩΤΙΑΔΟΥ Φ. Δ.,Photiades Ph. D.,"Ἀνακοινώσεις περὶ νοσημάτων τῆς ῥινός, τοῦ φάρυγγος καὶ τοῦ λάρυγγος","Announcements on diseases of the nose, pharynx, and larynx","8ον, σελ. 55 X ..",20.—,Δρχ.,
1904,IMG_1442.jpeg,Ἰατρικά,Medical Books,,ΧΑΡΑΜΗ Λ. Ι.,Charamis L. I.,"Ἡ ἀληθὴς θεραπεία τῆς ψαμμιάσεως ἢ τὰ μέσα, δι' ὧν προλαμβάνεται αὕτη, καθὼς καὶ ὁ σχηματισμὸς τῶν λίθων ἐν τῇ κύστει","The true treatment of gravel (psammiasis) or the means by which it is prevented, as well as the formation of stones in the bladder","32ον, σελίδες 58 +",4.—,Δρχ.,
1904,IMG_1442.jpeg,Ἰατρικά,Medical Books,,ΧΑΡΜΑΝΤΑ Δ.,Charmantas D.,"Ἀνθρωπογονία, ἤτοι περὶ τῶν αἰτίων τῆς στειρώσεως καὶ ἀνικανότητος καὶ περὶ θεραπείας αὐτῶν","Anthropogony, or on the causes of infertility and impotence and their treatment","8ον, σελίδες 324 ✛",10.—,Δρχ.,
1904,IMG_1442.jpeg,Ἰατρικά,Medical Books,,ΧΡΗΣΤΙΔΟΥ Α.,Christides A.,"Ἀρχαία Ἑλληνικὴ Γυναικειολογία, ἤτοι ἀνατομία, φυσιολογία, νοσολογία καὶ θεραπεία τῶν γυναικείων γεννητικῶν ὀργάνων","Ancient Greek Gynecology, or anatomy, physiology, nosology, and treatment of female reproductive organs","8ον, σ. 224 ✛",20.—,Δρχ.,
1904,IMG_1442.jpeg,Ἰατρικά,Medical Books,,ΧΡΗΣΤΙΔΟΥ Α.,Christides A.,"Ἡ Λεχώ, ἤτοι πῶς πρέπει νὰ περιποιώμεθα καὶ προφυλάσσωμεν τὰς λεχωίδας καὶ τὰ νεογνά","The Puerperal Woman, or how we ought to care for and protect post-partum women and newborns",σελίδες 56 X,5.—,Δρχ.,
1904,IMG_1442.jpeg,Ἰατρικά,Medical Books,,ΧΡΗΣΤΟΒΙΤΣ Α. Δ.,Christovits A. D.,Τιτθεία ἢ Θήλασις καὶ διατροφὴ τῶν βρεφῶν,Wet-nursing or Breastfeeding and infant nutrition,"8ον, σελίδες 48 X",5.—,Δρχ.,
1904,IMG_1443.jpeg,Ἰατρικά,Medical Books,,RUNGE MAX Dr,Runge Max Dr,"Μαιευτική, μετά 112 εἰκόνων, μετάφρασις Κ. Δ. Χατζίσκου","Obstetrics, with 112 images, translation by K. D. Chatziskos","μέγα 8ον, σελίδες ιε΄-629",30,drachmas,
1904,IMG_1443.jpeg,Ἰατρικά,Medical Books,,ΣΑΚΟΡΡΑΦΟΥ Μ.,Sakorrafos M.,"Ἐπιτομὴ Γενικῆς Παθολογίας, ἤτοι περὶ τῶν αἰτιῶν ἀνατομικῶν ἀλλοιώσεων, σημειωτικῆς καὶ θεραπευτικῆς τῶν νόσων ἐν γένει","Epitome of General Pathology, or on the causes of anatomical alterations, semiotics and therapeutics of diseases in general","τόμοι 2, 8ον, σελίδες ϛ΄-879",80,drachmas,
1904,IMG_1443.jpeg,Ἰατρικά,Medical Books,,ΣΕΜΜΟΛΑ Μ.,Semmola M.,"Ἰατρικὴ παλαιὰ καὶ νέα, μετάφρασις Ἀ. Ἑ. Δάλλα","Old and New Medicine, translation by A. E. Dallas","μέγα 8ον, σελίδες 62",10,drachmas,
1904,IMG_1443.jpeg,Ἰατρικά,Medical Books,,ΣΙΜΟΥ Α.,Simos A.,Χολέρα,Cholera,"8ον, σ. 159",20,drachmas,
1904,IMG_1443.jpeg,Ἰατρικά,Medical Books,,ΣΙΜΩΝΟΣ ΓΟΥΣΤΑΥΟΥ,Simon Gustave,Ἡ τέχνη τοῦ ζῆν,The Art of Living,σελίδες 399,7,drachmas,
1904,IMG_1443.jpeg,Ἰατρικά,Medical Books,,STRÜMPEL A.,Strümpell A.,"Εἰδικὴ Νοσολογία καὶ Θεραπευτική, ἐξελληνισθεῖσα ὑπὸ Ἀ. Κυριακοῦ, Ἀ. Χριστομάνου, Λ. Κόκορη καὶ Κ. Μέρμηγκα","Special Pathology and Therapeutics, translated into Greek by A. Kyriakos, A. Christomanos, L. Kokoris and K. Mermingas","Τόμοι 3, μέγα 8ον, σελίδες 2064",180,drachmas,
1904,IMG_1443.jpeg,Ἰατρικά,Medical Books,,STRÜMPEL A.,Strümpell A.,"Ὀξεῖαι λοιμώδεις νόσοι, κατὰ μετάφρασιν Ἀ. Καλλιβωκᾶ","Acute Infectious Diseases, translated by A. Kallivokas","8ον, σ. 222",15,drachmas,
1904,IMG_1443.jpeg,Ἰατρικά,Medical Books,,ΤΑΣΟΥΛΗ Δ. Γ.,Tasoulis D. G.,Πραγματεία περὶ ἐπιζωοτιῶν,Treatise on Epizootics,"8ον, σελ. 109",10,drachmas,
1904,IMG_1443.jpeg,Ἰατρικά,Medical Books,,TILLAUX P.,Tillaux P.,"Κλινικὴ χειρουργικὴ Παθολογία, ἐξελληνισθεῖσα ὑπὸ Ἀ. Καλλιβωκᾶ, μετ' εἰκόνων","Clinical Surgical Pathology, translated into Greek by A. Kallivokas, with images","Τόμοι 2, σελίδες 1500",120,drachmas,
1904,IMG_1443.jpeg,Ἰατρικά,Medical Books,,ΤΡΑΜΠΑΔΩΡΟΥ Α. Γ.,Trampadoros A. G.,Κίνδυνος καὶ προφύλαξις ἐκ τῶν ἀφροδισίων παθῶν,Danger and Prevention of Venereal Diseases,"32ον, σελίδες 69",3,drachmas,
1904,IMG_1443.jpeg,Ἰατρικά,Medical Books,,ΤΡΙΑΝΤΗ Α. Π.,Triantis A. P.,"Ἐγχειρίδιον Μαιευτικῆς, μετὰ 40 εἰκόνων","Handbook of Obstetrics, with 40 images","8ον, σελ. 395",45,drachmas,
1904,IMG_1443.jpeg,Ἰατρικά,Medical Books,,ΤΣΑΚΙΡΗ Σ. Δ.,Tsakiris S. D.,Ἡ σύγχρονος ἰατρικὴ ἐπιστήμη καὶ ἡ πρόληψις τῶν νόσων (μετ' εἰσαγωγῆς περὶ τῆς ἐξελίξεως τῆς ἀληθείας ἐν τῇ ἰατρικῇ ἐπιστήμῃ),Modern Medical Science and the Prevention of Diseases (with an introduction on the evolution of truth in medical science),"μέγα 8ον, σελίδες 207",10,drachmas,
1904,IMG_1443.jpeg,Ἰατρικά,Medical Books,,ΤΣΑΚΥΡΟΓΛΟΥ Μ.,Tsakyroglou M.,"Περὶ τῆς ῥιζικῆς ἐγχειρήσεως, ἤτοι περὶ τῆς νέας μεθόδου τῆς διανοίξεως τῶν μεσαίων ὠτικῶν κοιλοτήτων","On Radical Surgery, or on the new method of opening the middle ear cavities","8ον, σελ. 96",6,drachmas,
1904,IMG_1443.jpeg,Ἰατρικά,Medical Books,,ΤΣΟΧΩΝΗ Δ. Β.,Tsochonis D. V.,Πρακτικὸν ἐγχειρίδιον θεραπευτικῆς,Practical Handbook of Therapeutics,"12ον, σ. ζ΄-512",33,drachmas,
1904,IMG_1443.jpeg,Ἰατρικά,Medical Books,,ΤΥΠΑΛΔΟΥ Ι. Ε.,Typaldos I. E.,"Ἐπιτομὴ θεραπευτικῆς τῶν ἐσωτερικῶν νοσημάτων (Μέρος Α': Νόσοι τῶν ἀναπνευστικῶν ὀργάνων, Μέρος Β': Νόσοι τῆς καταλλαγῆς τῆς ὕλης, Μέρος Γ': Νόσοι τῶν πεπτικῶν ὀργάνων, Μέρος Δ': Θεραπεία τῶν νόσων τοῦ νευρικοῦ συστήματος)","Epitome of Therapeutics of Internal Diseases (Part A: Diseases of respiratory organs, Part B: Metabolic diseases, Part C: Digestive organ diseases, Part D: Treatment of nervous system diseases)","Τόμοι 4, μέγα 8ον, σελίδες η΄-1358",35,drachmas,Price per volume: Έκαστος τόμος 35
1904,IMG_1443.jpeg,Ἰατρικά,Medical Books,,VAUCAIRE R.,Vaucaire R.,"Ἐγχειρίδιον θεραπευτικῆς τῶν νοσημάτων τῶν γυναικῶν καὶ μαιευτικῆς ἀντισηψίας, μεταφρασθὲν ὑπὸ Ἀν. Τσέλιου","Handbook of Therapeutics of Diseases of Women and Obstetric Antisepsis, translated by An. Tselios",σελ. 297,14,drachmas,
1904,IMG_1443.jpeg,Ἰατρικά,Medical Books,,VERESSAIFF Dr,Veressaiff Dr,"Δάθη καὶ ἀπροσεξίαι τῶν ἰατρῶν, μετάφρασις Σ. Ζωγραφίδου","Errors and Carelessness of Doctors, translation by S. Zografidou","8ον, σελ. 161",10,drachmas,Title contains misspelling Δάθη (for Λάθη)
1904,IMG_1443.jpeg,Ἰατρικά,Medical Books,,VIAULT & JOLYER,Viault & Jolyer,"Φυσιολογία τοῦ ἀνθρώπου, μετὰ πολλῶν εἰκόνων, μετάφρασις Ἀ. Γεωργιάδου","Human Physiology, with many images, translation by A. Georgiadis","8ον, σελίδες 970",90,drachmas,
1904,IMG_1443.jpeg,Ἰατρικά,Medical Books,,VILLEROY Dr,Villeroy Dr,"Πίνακες συνοπτικοὶ τῆς Εἰδικῆς Νοσολογίας, μετάφρασις Χ. Μοσχονησίου","Summary Tables of Special Pathology, translation by Ch. Moschonisios","4ον, σελ. δ΄-212",25,drachmas,
1904,IMG_1443.jpeg,Ἰατρικά,Medical Books,,VILLEROY Dr,Villeroy Dr,"Πίνακες συνοπτικοὶ τῆς χειρουργικῆς Παθολογίας, μετάφρασις Ὀρέστου Κυριακοῦ","Summary Tables of Surgical Pathology, translation by Orestis Kyriakos","4ον, σελ. 178",25,drachmas,
1904,IMG_1443.jpeg,Ἰατρικά,Medical Books,,WINKELMANN KARL,Winkelmann Karl,"Αἱ πρῶται βοήθειαι ἐπὶ βαρέων τραυμάτων, κατὰ μετάφρασιν Γ. Κ. Σταυρίδου","First Aid for Severe Injuries, translated by G. K. Stavridis","8ον, σελίδες 130",6,drachmas,
1904,IMG_1443.jpeg,Ἰατρικά,Medical Books,,ΦΕΡΡΑΝ Ε.,Ferran E.,"Πρῶται βοήθειαι εἰς δηλητηριασθέντας, πνιγέντας καὶ ἀσφυκτικούς, μετάφρασις Β. Ἰ. Τιφτικτζόγλου καὶ Ἰ. Ν. Μηνιάτου","First Aid for Poisoned, Drowned, and Asphyxiated Persons, translation by V. I. Tiftiktzoglou and I. N. Miniatos",σ. η΄-190,10,drachmas,
1904,IMG_1443.jpeg,Ἰατρικά,Medical Books,,ΦΙΛΑΡΕΤΟΠΟΥΛΟΥ Γ. Λ.,Filaretopoulos G. L.,Τὸ Βιβλίον τῆς Καλλονῆς,The Book of Beauty,"32ον, σ. 185",15,drachmas,πανόδετον (clothbound)
1904,IMG_1443.jpeg,Ἰατρικά,Medical Books,,ΦΙΛΑΡΕΤΟΠΟΥΛΟΥ Γ. Λ.,Filaretopoulos G. L.,Ἡ προφύλαξις τῶν ἀφροδισίων παθῶν,The Prevention of Venereal Diseases,"8ον, σελ. 79",12,drachmas,
1904,IMG_1443.jpeg,Ἰατρικά,Medical Books,,ΦΙΛΙΠΠΑΚΟΠΟΥΛΟΥ Η.,Filippakopoulos I.,Ἡ πρώτη βοήθεια πρὸς τοὺς ἐξ ἀπροόπτου τινὸς συμ-,First Aid for Sudden Emergency...,,,,Incomplete entry at the bottom of the page
1904,IMG_1444.jpeg,ΝΟΜΙΚΑ ΚΑΙ ΠΟΛΙΤΙΚΑ,Legal and Political,,ΑΝΤΩΝΙΑΔΟΥ Σ.,Antoniadou S.,"Τὰ Δημοτικά, ἤτοι βιβλίον περιέχον τὸν δημοτικὸν νόμον ἐξηγημένον, μετάφρασιν τῆς θεωρίας τοῦ δημοτικοῦ δικαίου","Municipal affairs, or a book containing the municipal law explained, translation of the theory of municipal law","8ον, σελίδες ι΄—384—127 +",15.—,Δρ.,
1904,IMG_1444.jpeg,ΝΟΜΙΚΑ ΚΑΙ ΠΟΛΙΤΙΚΑ,Legal and Political,,ΑΡΑΒΑΝΤΙΝΟΥ Ι.,Aravantinos I.,Πραγματεία περὶ εὐθύνης τῶν ἡγεμόνων καὶ τῶν ὑπουργῶν,Treatise on the liability of rulers and ministers,"8ον, σελίδες 376+",12.—,Δρ.,
1904,IMG_1444.jpeg,ΝΟΜΙΚΑ ΚΑΙ ΠΟΛΙΤΙΚΑ,Legal and Political,,ΑΡΓΥΡΟΥ ΑΘ.,Argyros Ath.,"Γενικαὶ ἀρχαὶ τῆς Πολιτικῆς Οἰκονομίας, περιληπτικῶς γραφεῖσαι κατὰ τὸ σύγγραμμα τοῦ Ν. Καζάζη","General principles of Political Economy, written summarily according to the work of N. Kazazis","8ον, σελ. 103+",9.—,Δρ.,
1904,IMG_1444.jpeg,ΝΟΜΙΚΑ ΚΑΙ ΠΟΛΙΤΙΚΑ,Legal and Political,,ΑΡΓΥΡΟΥ ΑΘ.,Argyros Ath.,"Γενικαὶ Ἀρχαὶ τοῦ Ἀστικοῦ Δικαίου, γραφεῖσαι περιληπτικῶς ἐπὶ τῇ βάσει τοῦ συγγράμματος τοῦ Ἀ. Χ. Κρασσᾶ","General Principles of Civil Law, written summarily on the basis of the work of A. Ch. Krassas","8ον, σελίδες 135 +",12.—,Δρ.,
1904,IMG_1444.jpeg,ΝΟΜΙΚΑ ΚΑΙ ΠΟΛΙΤΙΚΑ,Legal and Political,,ΑΡΓΥΡΟΥ ΑΘ.,Argyros Ath.,"Διοικητικὸν Δίκαιον, γραφὲν περιληπτικῶς κατὰ τὸ σύγγραμμα τοῦ Γ. Ἀγγελοπούλου","Administrative Law, written summarily according to the work of G. Angelopoulos","8ον, σελ. 166 +",20.—,Δρ.,
1904,IMG_1444.jpeg,ΝΟΜΙΚΑ ΚΑΙ ΠΟΛΙΤΙΚΑ,Legal and Political,,ΑΡΓΥΡΟΥ ΑΘ.,Argyros Ath.,"Ἐμπορικὸν Δίκαιον, γραφὲν περιληπτικῶς ἐπὶ τῇ βάσει τοῦ συγγράμματος Γ. Ῥάλλη","Commercial Law, written summarily on the basis of the work of G. Rallis","8ον, σελίδες 384 +",30.—,Δρ.,
1904,IMG_1444.jpeg,ΝΟΜΙΚΑ ΚΑΙ ΠΟΛΙΤΙΚΑ,Legal and Political,,ΑΡΓΥΡΟΥ ΑΘ.,Argyros Ath.,"Ἐμπράγματον Δίκαιον, κατὰ τὰς παραδόσεις τοῦ Δ. Θεοφανοπούλου, καὶ ἐξ ἄλλων πηγῶν","Property Law, according to the lectures of D. Theofanopoulos, and from other sources","8ον, σ. 127 +",11.—,Δρ.,
1904,IMG_1444.jpeg,ΝΟΜΙΚΑ ΚΑΙ ΠΟΛΙΤΙΚΑ,Legal and Political,,ΑΡΓΥΡΟΥ ΑΘ.,Argyros Ath.,"Ἐνοχικὸν Δίκαιον, γραφὲν κατὰ τὰς παραδόσεις τοῦ Δ. Θεοφανοπούλου καὶ ἐξ ἄλλων πηγῶν","Law of Obligations, written according to the lectures of D. Theofanopoulos and from other sources","8ον, σ. 160 +",12.—,Δρ.,
1904,IMG_1444.jpeg,ΝΟΜΙΚΑ ΚΑΙ ΠΟΛΙΤΙΚΑ,Legal and Political,,ΑΡΓΥΡΟΥ ΑΘ.,Argyros Ath.,Ἐπιτομὴ Πολιτικῆς Δικονομίας,Epitome of Civil Procedure,"8ον, σελίδες 360 +",20.—,Δρ.,
1904,IMG_1444.jpeg,ΝΟΜΙΚΑ ΚΑΙ ΠΟΛΙΤΙΚΑ,Legal and Political,,ΑΡΓΥΡΟΥ ΑΘ.,Argyros Ath.,"Κληρονομικὸν Δίκαιον, γραφὲν περιληπτικῶς ἐπὶ τῇ βάσει τοῦ συγγράμματος τοῦ Ἀ. Χ. Κρασσᾶ","Inheritance Law, written summarily on the basis of the work of A. Ch. Krassas","8ον, σ. 136+",12.—,Δρ.,
1904,IMG_1444.jpeg,ΝΟΜΙΚΑ ΚΑΙ ΠΟΛΙΤΙΚΑ,Legal and Political,,ΑΡΓΥΡΟΥ ΑΘ.,Argyros Ath.,"Οἰκογενειακὸν Δίκαιον, γραφὲν περιληπτικῶς ἐπὶ τῇ βάσει τοῦ συγγράμματος τοῦ Ἀ. Χ. Κρασσᾶ","Family Law, written summarily on the basis of the work of A. Ch. Krassas","8ον, σ. 160+",12.—,Δρ.,
1904,IMG_1444.jpeg,ΝΟΜΙΚΑ ΚΑΙ ΠΟΛΙΤΙΚΑ,Legal and Political,,ΒΛΑΒΗ ΣΤ. Α.,Vlavis St. A.,Περὶ τοῦ καταλογισμοῦ τῆς πράξεως τῆς ἐλευθέρας ἐν τῇ αἰτίᾳ,On the imputation of the action free in its cause,"8ον, σελίδες 96+",15.—,Δρ.,
1904,IMG_1444.jpeg,ΝΟΜΙΚΑ ΚΑΙ ΠΟΛΙΤΙΚΑ,Legal and Political,,ΒΕΛΟΝΑΚΗ Μ. Ν.,Velonakis M. N.,"Συλλογὴ ἁπάντων τῶν ἑλληνικῶν νόμων, διαταγμάτων, διατάξεων, κανονισμῶν κτλ.","Collection of all Greek laws, decrees, provisions, regulations, etc.","8ον, σελίδες ε΄—322 +",20.—,Δρ.,
1904,IMG_1444.jpeg,ΝΟΜΙΚΑ ΚΑΙ ΠΟΛΙΤΙΚΑ,Legal and Political,,ΓΑΪΤΑ Π.,Gaitas P.,Στοιχεῖα τοῦ πολιτικοῦ δικαίου,Elements of Civil Law,"8ον, σελ. ϛ΄—339...",10.—,Δρ.,
1904,IMG_1444.jpeg,ΝΟΜΙΚΑ ΚΑΙ ΠΟΛΙΤΙΚΑ,Legal and Political,,ΓΕΔΕΩΝ Μ.,Gedeon M.,"Κανονικαὶ διατάξεις. Ἐπιστολαί, Λύσεις, Θεσπίσματα τῶν Πατριαρχῶν Κωνσταντινουπόλεως ἀπὸ Γρηγορίου τοῦ Θεολόγου μέχρι Διονυσίου τοῦ ἀπὸ Ἀδριανουπόλεως","Canonical decrees. Letters, Decisions, Ordinances of the Patriarchs of Constantinople from Gregory the Theologian to Dionysius of Adrianople","Τόμοι 2, μέγα 8ον, σελίδες β΄—893 ++",50.—,Δρ.,
1904,IMG_1444.jpeg,ΝΟΜΙΚΑ ΚΑΙ ΠΟΛΙΤΙΚΑ,Legal and Political,,ΓΕΔΕΩΝ Μ.,Gedeon M.,Γενικοὶ Κανονισμοὶ τῶν Πατριαρχείων,General Regulations of the Patriarchates,σελίδες 70,5.—,Δρ.,
1904,IMG_1444.jpeg,ΝΟΜΙΚΑ ΚΑΙ ΠΟΛΙΤΙΚΑ,Legal and Political,,ΓΛΑΡΑΚΗ Α.,Glarakis A.,Πολιτικὴ ἀποκέντρωσις,Political Decentralization,"8ον, σελ. ιδ΄—297...",10.—,Δρ.,
1904,IMG_1444.jpeg,ΝΟΜΙΚΑ ΚΑΙ ΠΟΛΙΤΙΚΑ,Legal and Political,,ΔΕΛΗΓΕΩΡΓΗ ΕΠ.,Deligeorgis Ep.,Λόγοι Πολιτικοὶ 1863—1871. Μέρος Α΄,Political Speeches 1863-1871. Part A,"4ον, σελ. 450",15.—,Δρ.,
1904,IMG_1444.jpeg,ΝΟΜΙΚΑ ΚΑΙ ΠΟΛΙΤΙΚΑ,Legal and Political,,ΔΙΠΛΑΡΟΠΟΥΛΟΥ Ι.,Diplaropoulos I.,Πραγματεία περὶ συμβολαίων καὶ συμβολαιογραφικῶν πράξεων,Treatise on contracts and notarial acts,"8ον, σελ. 127 +",15.—,Δρ.,
1904,IMG_1444.jpeg,ΝΟΜΙΚΑ ΚΑΙ ΠΟΛΙΤΙΚΑ,Legal and Political,Ἑλληνικοὶ Κώδικες,ΔΥΟΒΟΥΝΙΩΤΟΥ Γ.,Dyovouniotis G.,Ἑλληνικοὶ Κώδικες: Ἀστικοὶ Νόμοι,Greek Codes: Civil Laws,"12ον, σελ. 1302",72.—,Δρ.,
1904,IMG_1444.jpeg,ΝΟΜΙΚΑ ΚΑΙ ΠΟΛΙΤΙΚΑ,Legal and Political,Ἑλληνικοὶ Κώδικες,ΔΥΟΒΟΥΝΙΩΤΟΥ Γ.,Dyovouniotis G.,Ἑλληνικοὶ Κώδικες: Δημοτικὴ Νομοθεσία,Greek Codes: Municipal Legislation,"12ον, σελ. 172",15.—,Δρ.,
1904,IMG_1444.jpeg,ΝΟΜΙΚΑ ΚΑΙ ΠΟΛΙΤΙΚΑ,Legal and Political,Ἑλληνικοὶ Κώδικες,ΔΥΟΒΟΥΝΙΩΤΟΥ Γ.,Dyovouniotis G.,"Ἑλληνικοὶ Κώδικες: Διεθνὴς ἔλεγχος, Δημόσιον χρέος, Μονοπώλιον","Greek Codes: International control, Public debt, Monopoly","12ον, σελ. 372",20.—,Δρ.,
1904,IMG_1444.jpeg,ΝΟΜΙΚΑ ΚΑΙ ΠΟΛΙΤΙΚΑ,Legal and Political,Ἑλληνικοὶ Κώδικες,ΔΥΟΒΟΥΝΙΩΤΟΥ Γ.,Dyovouniotis G.,Ἑλληνικοὶ Κώδικες: Δικαστικὸς Ὀργανισμός,Greek Codes: Judicial Organization,"12ον, σ. 381",20.—,Δρ.,
1904,IMG_1444.jpeg,ΝΟΜΙΚΑ ΚΑΙ ΠΟΛΙΤΙΚΑ,Legal and Political,Ἑλληνικοὶ Κώδικες,ΔΥΟΒΟΥΝΙΩΤΟΥ Γ.,Dyovouniotis G.,Ἑλληνικοὶ Κώδικες: Διοικητικὴ Ἐκτέλεσις,Greek Codes: Administrative Enforcement,"12ον, σελ. 367",20.—,Δρ.,
1904,IMG_1444.jpeg,ΝΟΜΙΚΑ ΚΑΙ ΠΟΛΙΤΙΚΑ,Legal and Political,Ἑλληνικοὶ Κώδικες,ΔΥΟΒΟΥΝΙΩΤΟΥ Γ.,Dyovouniotis G.,Ἑλληνικοὶ Κώδικες: Διπλωματικὴ καὶ Προξενικὴ Νομοθεσία,Greek Codes: Diplomatic and Consular Legislation,"12ον, σελ. 747",38.—,Δρ.,
1904,IMG_1445.jpeg,"Νομικά, Πολιτικά","Legal, Political",Ἑλληνικοὶ Κώδικες,ΔΥΟΒΟΥΝΙΩΤΟΥ Γ.,Dyovouniotis G.,"Ἐλεγκτικὸν Συνέδριον, Δημόσιον Λογιστικόν, Συντάξεις","Court of Audit, Public Accounting, Pensions",σελ. 532,32,Δρ.,
1904,IMG_1445.jpeg,"Νομικά, Πολιτικά","Legal, Political",Ἑλληνικοὶ Κώδικες,ΔΥΟΒΟΥΝΙΩΤΟΥ Γ.,Dyovouniotis G.,Ἑλληνικὰ Συντάγματα,Greek Constitutions,σελ. 328,20,Δρ.,
1904,IMG_1445.jpeg,"Νομικά, Πολιτικά","Legal, Political",Ἑλληνικοὶ Κώδικες,ΔΥΟΒΟΥΝΙΩΤΟΥ Γ.,Dyovouniotis G.,Ἑλληνικὴ Ἐκκλησία,Greek Church,σελ. 203,15,Δρ.,
1904,IMG_1445.jpeg,"Νομικά, Πολιτικά","Legal, Political",Ἑλληνικοὶ Κώδικες,ΔΥΟΒΟΥΝΙΩΤΟΥ Γ.,Dyovouniotis G.,Ἐμπορικὴ Νομοθεσία,Commercial Legislation,σ. 1152,65,Δρ.,
1904,IMG_1445.jpeg,"Νομικά, Πολιτικά","Legal, Political",Ἑλληνικοὶ Κώδικες,ΔΥΟΒΟΥΝΙΩΤΟΥ Γ.,Dyovouniotis G.,Ἰόνιος Πολιτικὸς Κῶδιξ,Ionian Civil Code,σ. 788,43,Δρ.,
1904,IMG_1445.jpeg,"Νομικά, Πολιτικά","Legal, Political",Ἑλληνικοὶ Κώδικες,ΔΥΟΒΟΥΝΙΩΤΟΥ Γ.,Dyovouniotis G.,"Ὁδοποιΐα, Οἰκοδόμησις πόλεων, Δημόσια ἔργα","Road Construction, Urban Building, Public Works",σελ. 380,23,Δρ.,
1904,IMG_1445.jpeg,"Νομικά, Πολιτικά","Legal, Political",Ἑλληνικοὶ Κώδικες,ΔΥΟΒΟΥΝΙΩΤΟΥ Γ.,Dyovouniotis G.,Ποινικὴ Δικονομία,Criminal Procedure,σελ. 909,50,Δρ.,
1904,IMG_1445.jpeg,"Νομικά, Πολιτικά","Legal, Political",Ἑλληνικοὶ Κώδικες,ΔΥΟΒΟΥΝΙΩΤΟΥ Γ.,Dyovouniotis G.,Ποινικὸς Νόμος,Penal Code,σελ. 1009,54,Δρ.,
1904,IMG_1445.jpeg,"Νομικά, Πολιτικά","Legal, Political",Ἑλληνικοὶ Κώδικες,ΔΥΟΒΟΥΝΙΩΤΟΥ Γ.,Dyovouniotis G.,Πολιτικὴ Δικονομία,Civil Procedure,σελ. 1661,90,Δρ.,
1904,IMG_1445.jpeg,"Νομικά, Πολιτικά","Legal, Political",Ἑλληνικοὶ Κώδικες,ΔΥΟΒΟΥΝΙΩΤΟΥ Γ.,Dyovouniotis G.,Στρατιωτικὴ καὶ Ναυτικὴ Ποινικὴ Νομοθεσία,Military and Naval Criminal Legislation,σελ. 388,20,Δρ.,
1904,IMG_1445.jpeg,"Νομικά, Πολιτικά","Legal, Political",Ἑλληνικοὶ Κώδικες,ΔΥΟΒΟΥΝΙΩΤΟΥ Γ.,Dyovouniotis G.,Τελωνειακὴ Νομοθεσία,Customs Legislation,σ. 294,16,Δρ.,
1904,IMG_1445.jpeg,"Νομικά, Πολιτικά","Legal, Political",Ἑλληνικοὶ Κώδικες,ΔΥΟΒΟΥΝΙΩΤΟΥ Γ.,Dyovouniotis G.,Φορολογία Ἐπιτηδευμάτων,Taxation of Trades/Professions,σελίδες 158,11,Δρ.,
1904,IMG_1445.jpeg,"Νομικά, Πολιτικά","Legal, Political",Ἑλληνικοὶ Κώδικες,ΔΥΟΒΟΥΝΙΩΤΟΥ Γ.,Dyovouniotis G.,Φορολογία Καπνοῦ,Tobacco Taxation,σελ. 167,11,Δρ.,
1904,IMG_1445.jpeg,"Νομικά, Πολιτικά","Legal, Political",Ἑλληνικοὶ Κώδικες,ΔΥΟΒΟΥΝΙΩΤΟΥ Γ.,Dyovouniotis G.,Χαρτόσημον,Stamp Duty,σελ. 403,20,Δρ.,
1904,IMG_1445.jpeg,"Νομικά, Πολιτικά","Legal, Political",,ΕΛΕΥΘΕΡΙΑΔΟΥ Π. Ν.,Eleftheriadis P. N.,"Ἡ ἀκίνητος ἰδιοκτησία ἐν Τουρκίᾳ. Τὸ σύστημα τῆς ἀκινήτου ἐν Τουρκίᾳ ἰδιοκτησίας. Αἱ τρεῖς κατηγορίαι τῶν ἀκινήτων κτημάτων. Μούλκια, Βακούφια, Δημόσιαι γαῖαι καὶ ὑποδιαιρέσεις αὐτῶν, γεδίκια κτλ. Ἑρμηνεία καὶ ἀνάλυσις τῶν τὰ ἀκίνητα διεπόντων νόμων","Real Estate Property in Turkey. The System of Real Estate Property in Turkey. The Three Categories of Real Estate Properties. Mulk, Waqf, Public Lands and their Subdivisions, Gedik, etc. Interpretation and Analysis of Laws Governing Real Estate","8ον, σελίδες 223",12,Δρ.,
1904,IMG_1445.jpeg,"Νομικά, Πολιτικά","Legal, Political",,ΖΕΖΑ ΣΠ.,Zezas Sp.,Κονωνικαὶ Μελέται. Τόμος Α΄,Social Studies. Volume I,"8ον, σελ. μδ΄—488",25,Δρ.,
1904,IMG_1445.jpeg,"Νομικά, Πολιτικά","Legal, Political",,GLASSON E.,Glasson E.,"Στοιχεῖα τοῦ ἀστικοῦ καὶ δημοσίου γαλλικοῦ δικαίου, μετάφρασις Π. Σ. Φωτιάδου","Elements of French Civil and Public Law, translated by P. S. Photiadis","8ον, σ. ιθ΄-752",30,Δρ.,
1904,IMG_1445.jpeg,"Νομικά, Πολιτικά","Legal, Political",,ΘΕΟΤΟΚΑ Μ. Γ.,Theotokas M. G.,"Νομολογία τοῦ Οἰκουμενικοῦ Πατριαρχείου, ἤτοι τῆς Ἱ. Συνόδου καὶ τοῦ Δ. Ἐ. Μ. Συμβουλίου ἐπὶ τοῦ Ἀστικοῦ Κανονικοῦ καὶ Δικονομικοῦ Δικαίου ἀπὸ τοῦ ἔτους 1800 μέχρι τοῦ 1896· μετὰ σημειώσεων","Jurisprudence of the Ecumenical Patriarchate, i.e. of the Holy Synod and the Permanent Mixed Council on Civil Canonical and Procedural Law from 1800 to 1896; with notes","8ον, σελ. 519",48,Δρ.,
1904,IMG_1445.jpeg,"Νομικά, Πολιτικά","Legal, Political",,ΘΕΟΦΑΝΟΠΟΥΛΟΥ Δ.,Theophanopoulos D.,Ἐμπράγματον Δίκαιον κατὰ τὰς παραδόσεις του,Property Law according to his lectures,"8ον, σελίδες 279",10,Δρ.,
1904,IMG_1445.jpeg,"Νομικά, Πολιτικά","Legal, Political",,ΘΕΟΦΑΝΟΠΟΥΛΟΥ Δ.,Theophanopoulos D.,Κληρονομικὸν Δίκαιον κατὰ τὰς παραδόσεις του,Inheritance Law according to his lectures,"8ον, σ. 240",10,Δρ.,
1904,IMG_1445.jpeg,"Νομικά, Πολιτικά","Legal, Political",,"ΘΕΟΦΙΛΟΥ, ἐπισκόπου Καμπανίας","Theophilos, Bishop of Kampania",Πρόχειρον Νομικόν,Handbook of Law (Procheiron Nomikon),"8ον, σ. 301",17,Δρ.,
1904,IMG_1445.jpeg,"Νομικά, Πολιτικά","Legal, Political",,ΘΕΟΧΑΡΗ Σ. Κ.,Theocharis S. K.,"Στοιχεῖα τοῦ Ἐμπορικοῦ Δικαίου, ἐπὶ τὸ πρακτικώτερον ἑρμηνευόμενα","Elements of Commercial Law, practically interpreted","8ον, σελ. β΄-320",20,Δρ.,
1904,IMG_1445.jpeg,"Νομικά, Πολιτικά","Legal, Political",,ΚΑΖΑΖΗ ΝΕΟΚΛΕΟΥΣ,Kazazis Neoklis,Ἐγκυκλοπαιδεία καὶ Μεθοδολογία τοῦ Δικαίου,Encyclopedia and Methodology of Law,"μέγα 8ον, σελίδες 360",40,Δρ.,
1904,IMG_1445.jpeg,"Νομικά, Πολιτικά","Legal, Political",,ΚΑΚΟΥΛΙΔΟΥ Α. Ι.,Kakoulidis A. I.,Συλλογὴ τῶν κατὰ τὴν Γ΄ Σύνοδον τῆς Δ΄ βουλευτικῆς περιόδου ἐκδοθέντων ἑλληνικῶν νόμων,Collection of Greek Laws Issued During the 3rd Session of the 4th Parliamentary Period,"σελίδες 349, δεδεμένη",20,Δρ.,
1904,IMG_1445.jpeg,"Νομικά, Πολιτικά","Legal, Political",,ΚΑΛΛΙΓΑ Π.,Kalligas P.,"Σύστημα Ῥωμαϊκοῦ Δικαίου καθὰ ἐν Ἑλλάδι πολιτεύεται, πλὴν τῶν Ἰονίων νήσων. Τόμος Γ΄","System of Roman Law as Enforced in Greece, Except for the Ionian Islands. Volume III","8ον, σελ. δ΄-912",48,Δρ.,
1904,IMG_1445.jpeg,"Νομικά, Πολιτικά","Legal, Political",,ΚΑΛΛΙΓΑ Π.,Kalligas P.,"Σύστημα Ῥωμαϊκοῦ Δικαίου καθὰ ἐν Ἑλλάδι πολιτεύεται, πλὴν τῶν Ἰονίων νήσων. Τόμος Ε΄","System of Roman Law as Enforced in Greece, Except for the Ionian Islands. Volume V","8ον, σελ. δ΄-594",36,Δρ.,
1904,IMG_1445.jpeg,"Νομικά, Πολιτικά","Legal, Political",,ΚΑΡΑΒΟΚΥΡΟΥ ΜΙΛΤΙΑΔΟΥ,Karavokyros Miltiadis,Κλεὶς τῆς συνήθους ὀθωμανικῆς νομοθεσίας,Key to Common Ottoman Legislation,"8ον, σελίδες ιβ΄-492, δεδεμένον",120,Δρ.,
1904,IMG_1445.jpeg,"Νομικά, Πολιτικά","Legal, Political",,ΚΑΡΑΒΟΚΥΡΟΥ ΜΙΛΤΙΑΔΟΥ,Karavokyros Miltiadis,"Κῶδιξ Κληρονομικοῦ Δικαίου, ἐξ ἀδιαθέτου καὶ ἐκ διαθηκῶν, ἤτοι Συλλογὴ τῆς συνήθους νομοθεσίας περὶ κληρονομιῶν συμφῳδὰ τῷ Σερῇ καὶ τῷ ἐν τοῖς πατριαρχικοῖς θρόνοις ἰσχύοντι Βυζαντινῷ Δικαίῳ","Code of Inheritance Law, Intestate and Testamentary, i.e., Collection of Common Legislation on Inheritance in accordance with Sharia and Byzantine Law in force in Patriarchal Thrones","32ον, σελίδες ιϐ΄—455",75,Δρ.,
1904,IMG_1445.jpeg,"Νομικά, Πολιτικά","Legal, Political",,ΚΑΡΑΒΟΚΥΡΟΥ ΜΙΛΤΙΑΔΟΥ,Karavokyros Miltiadis,"Κῶδιξ τοῦ οἰκογενειακοῦ δικαίου, ἤτοι Συλλογὴ πρόχειρος κωδικοποιηθεῖσα τῆς συνήθους νομοθεσίας περὶ μνηστείας, γάμου καὶ λύσεως αὐτῶν, περὶ συστάσεως, λήψεως καὶ ἐπιστροφῆς προικὸς καὶ τραχώματος, συμφῳδὰ τῷ Σερῇ καὶ τῷ ἰσχύοντι Βυζαντινῷ Δικαίῳ, μετὰ παραθέσεως τῶν σχετικῶν ἐπισήμων κειμένων","Code of Family Law, i.e., Handook Collection Codifying Common Legislation on Betrothal, Marriage and Dissolution thereof, on Dower and Trakhoma, in accordance with Sharia and Byzantine Law, with references to official texts","32ον, σελ.",75,Δρ.,
1904,IMG_1445.jpeg,"Νομικά, Πολιτικά","Legal, Political",,ΚΑΡΑΒΟΚΥΡΟΥ ΜΙΛΤΙΑΔΟΥ,Karavokyros Miltiadis,Le Droit successorai en Turquie ab-intestat et par testament codifié d'après le Chéri et le Droit Byzantin,Inheritance Law in Turkey Intestate and Testamentary Codified according to Sharia and Byzantine Law,"8ον, σελίδες 214",50,Δρ.,
1904,IMG_1445.jpeg,"Νομικά, Πολιτικά","Legal, Political",,ΚΑΡΑΤΖΑ ΝΕΟΚ. Γ.,Karatzas Neok. G.,"Δικαστικὴ Πρακτική. Τόμος Α΄: Ποινικὴ Δικονομία, μετὰ τῶν σχετικῶν ὑποδειγμάτων, ἐν ᾗ προσαρτᾶται ἰατροδικαστικὴ πραγματεία μετ' ἰατροδικαστικῶν ἐκθέσεων","Judicial Practice. Volume I: Criminal Procedure, with relevant templates, including a forensic treatise with forensic reports","8ον, σελ. β΄-472",35,Δρ.,
1904,IMG_1446.jpeg,"Νομικά, Πολιτικά","Legal, Political",Ἑλληνικοὶ Κώδικες,ΚΑΡΑΤΖΑΣ ΝΕΟΚ. Γ.,Karatzas Neok. G.,"Ποινικὸς Νόμος, μετὰ τῶν μεταγενεστέρων ποινικῶν νόμων καὶ διαταγμάτων καὶ σχετικῶν ὑποδειγμάτων (Τόμος Β΄)","Penal Code, with subsequent criminal laws and decrees and relative models (Volume B)","8ον, σελίδες η΄—564",35,Δρχ.,
1904,IMG_1446.jpeg,"Νομικά, Πολιτικά","Legal, Political",Ἑλληνικοὶ Κώδικες,ΚΑΡΑΤΖΑΣ ΝΕΟΚ. Γ.,Karatzas Neok. G.,Ποινικὸς Νόμος: Παράρτημα Α΄,Penal Code: Appendix A,"8ον, σελ. 167",15,Δρχ.,
1904,IMG_1446.jpeg,"Νομικά, Πολιτικά","Legal, Political",Ἑλληνικοὶ Κώδικες,ΚΑΡΑΤΖΑΣ ΝΕΟΚ. Γ.,Karatzas Neok. G.,Ποινικὸς Νόμος: Παράρτημα Β΄: Νέος Ὁδηγὸς Δικαστικῶν Κλητήρων,Penal Code: Appendix B: New Guide for Process Servers,"8ον, σ. 160",20,Δρχ.,
1904,IMG_1446.jpeg,"Νομικά, Πολιτικά","Legal, Political",,ΚΟΥΝΤΟΥΡΙΩΤΟΥ Ν. Ο.,Kountouriotes N. O.,"Ὁ πρόχειρος Δικηγόρος, περιέχων τὴν ἀστικὴν ἡμῶν νομοθεσίαν μετὰ τῆς ἐμπορικῆς καὶ συντόμου ἑρμηνείας τοῦ Συντάγματος· πρὸς τούτοις τύπους ἀναφορῶν καὶ ἐν γένει παντὸς ἐγγράφου","The Handy Lawyer, containing our civil legislation with commercial and concise interpretation of the Constitution; also templates of petitions and general documents","8ον, σ. 1310 + 50",50,Δρχ.,
1904,IMG_1446.jpeg,"Νομικά, Πολιτικά","Legal, Political",,ΚΟΦΙΝΑ Γ. Ν.,Kofinas G. N.,"Ἑρμηνεία τοῦ Ἐμπορικοῦ Δικαίου, εὐσύνοπτος καὶ πρακτική, μέγα","Interpretation of Commercial Law, concise and practical, large size","8ον, σελίδες 335",20,Δρχ.,
1904,IMG_1446.jpeg,"Νομικά, Πολιτικά","Legal, Political",,ΚΡΑΣΣΑ ΑΛΚ. Χ.,Krassas Alk. Ch.,"Σύστημα Ἀστικοῦ Δικαίου. Τόμος Ε΄, Κληρονομικὸν Δίκαιον, ἐκδ. δ΄, ὅλως ἀνακαινισθεῖσα, μέγα","System of Civil Law. Volume E, Inheritance Law, 4th ed., completely revised, large size","8ον, σελίδες 191",125,Δρχ.,
1904,IMG_1446.jpeg,"Νομικά, Πολιτικά","Legal, Political",,ΚΤΕΝΑ ΘΕΜ.,Ktenas Them.,Κληρονομικὸν Δίκαιον παρ' Ὀθωμανοῖς,Inheritance Law among the Ottomans,"8ον, σελ. 31",10,Δρχ.,
1904,IMG_1446.jpeg,"Νομικά, Πολιτικά","Legal, Political",,ΚΤΕΝΑ ΘΕΜ.,Ktenas Them.,"Νόμος περὶ οἰκοδομῶν, ἐκ τοῦ τουρκικοῦ","Law on Buildings, translated from Turkish","8ον, σελ. 32",6,Δρχ.,
1904,IMG_1446.jpeg,"Νομικά, Πολιτικά","Legal, Political",,ΚΤΕΝΑ ΘΕΜ.,Ktenas Them.,"Χάρδζ Ταρικαφῆ, ἤτοι Διατίμησις δικαστικῶν τελῶν","Hardz Tarikafi, or Tariff of Court Fees","8ον, σ. 32",5,Δρχ.,
1904,IMG_1446.jpeg,"Νομικά, Πολιτικά","Legal, Political",,ΚΥΠΡΙΑΔΟΥ Κ. Α.,Kypriades K. A.,Κοινωνιολογικὰ καὶ ἐγκληματολογικὰ μελετήματα,Sociological and Criminological Studies,"8ον, σελίδες 199",8,Δρχ.,
1904,IMG_1446.jpeg,"Νομικά, Πολιτικά","Legal, Political",,ΚΥΡΙΑΚΟΥ ΔΙΟΜΗΔΟΥΣ,Kyriakos Diomides,"Ἀλληλοεθνὲς τῆς Εὐρώπης Δίκαιον, ὑπὸ Α. Β. Ἐφτέρου","International Law of Europe, by A. B. Effter","8ον, σελ. ισ΄—515",20,Δρχ.,
1904,IMG_1446.jpeg,"Νομικά, Πολιτικά","Legal, Political",,ΝΙΚΟΛΑΪΔΗΣ ΔΗΜ. (ἐκδ.),Nikolaides Dem. (ed.),"Κώδικες Ὀθωμανοί, ἤτοι συλλογὴ ἁπάντων τῶν νόμων τῆς Ὀθωμανικῆς Αὐτοκρατορίας, διαταγμάτων, κανονισμῶν καὶ ἐγκυκλίων, ἐκδιδόμενοι ὑπὸ Δημ. Νικολαΐδου (Τόμοι 4)","Ottoman Codes, collection of all laws of the Ottoman Empire, decrees, regulations and circulars, edited by Dem. Nikolaides (4 Volumes)","8ον, σελίδες 4470",150,Δρχ.,
1904,IMG_1446.jpeg,"Νομικά, Πολιτικά","Legal, Political",,ΝΙΚΟΛΑΪΔΗΣ ΔΗΜ. (ἐκδ.),Nikolaides Dem. (ed.),"Κωδίκων Ὀθωμανικῶν Παράρτημα Α΄, περιέχον τοὺς νεωτάτους νόμους καὶ κανονισμοὺς τῆς Αὐτοκρατορίας","Ottoman Codes Appendix A, containing the newest laws and regulations of the Empire","8ον, σελίδες 327—δ΄—108",12,Δρχ.,
1904,IMG_1446.jpeg,"Νομικά, Πολιτικά","Legal, Political",,ΒΑΞΑΝΝΗΣ Κ. (μετάφρ.),Vaxannes K. (trans.),"Κωδίκων Ὀθωμανικῶν Παράρτημα Β΄, περιέχον τὴν πολιτικὴν δικονομίαν, τὸν ὀργανισμὸν τῶν δικαστηρίων, τὸν νόμον περὶ ἐκτελέσεως τῶν πολιτικῶν ἀποφάσεων κτλ., τὸν νέον κανονισμὸν τοῦ λιμένος Κωνσταντινουπόλεως, τὴν ποινικὴν δικονομίαν","Ottoman Codes Appendix B, containing civil procedure, court organization, law on execution of civil decisions etc., new regulations of the port of Constantinople, criminal procedure","8ον, σελίδες ζ΄—347",15,Δρχ.,
1904,IMG_1446.jpeg,"Νομικά, Πολιτικά","Legal, Political",,ΦΩΤΙΑΔΗΣ Κ. Ι. ΚΑΙ ΒΙΘΥΝΟΣ Ι.,Photiades K. I. and Vithynos I.,"Κῶδιξ Ἀστικὸς Ὀθωμανικὸς (Μετζελές), μεταφρασθεὶς ἐκ τοῦ τουρκικοῦ μετὰ σχολίων, ἑρμηνειῶν καὶ σημειώσεων","Ottoman Civil Code (Mecelle), translated from Turkish with commentary, interpretations, and notes","8ον, σελίδες 585",40,Δρχ.,
1904,IMG_1446.jpeg,"Νομικά, Πολιτικά","Legal, Political",,ΛΑΜΠΡΙΔΟΥ Ι.,Lamprides I.,Κῶδιξ χαρτοσήμου,Stamp Duty Code,"32ον, σελ. 78",4,Δρχ.,
1904,IMG_1446.jpeg,"Νομικά, Πολιτικά","Legal, Political",,ΛΕΩΝΙΔΟΥ Ι. ΚΑΙ ΤΣΕΛΛΕΝΤΗ Φ.,Leonidas I. and Tsellentes Ph.,"Ὁδηγὸς ἐπὶ τῆς διεξαγωγῆς τῶν κυριωτέρων κτηματικῶν ὑποθέσεων, μετὰ συντόμου μελέτης περὶ Μουλκίων, Βακουφίων, Γεδικίων, Μουκαταᾶ","Guide on conducting major real estate cases, with a brief study on Moulkia, Vakoufia, Gedikia, Moukataa","8ον, σ. η΄—87",7,Δρχ.,
1904,IMG_1446.jpeg,"Νομικά, Πολιτικά","Legal, Political",,LEROY-BEAULIEU ΠΑΥΛΟΥ,Leroy-Beaulieu Paul,"Τοπικὴ Διοίκησις ἐν Γαλλίᾳ καὶ Ἀγγλίᾳ, μετάφρασις Ἀ. Στούπη","Local Administration in France and England, translated by A. Stoupes","8ον, σελ. 462",20,Δρχ.,
1904,IMG_1446.jpeg,"Νομικά, Πολιτικά","Legal, Political",,LIEZT Dr FR. VON,von Liszt Dr Fr.,"Ἐγχειρίδιον Ποινικοῦ Δικαίου, μετάφρασις Κ. Ἀ. Κυπριάδου. Τόμος Α΄, Γενικὸν Μέρος","Handbook of Criminal Law, translated by K. A. Kypriades. Volume A, General Part","8ον, σελίδες ιδ΄—426",50,Δρχ.,
1904,IMG_1446.jpeg,"Νομικά, Πολιτικά","Legal, Political",,LYON-CAEN & RENAULT,Lyon-Caen & Renault,"Σύστημα Ἐμπορικοῦ Δικαίου: Τόμος Α΄: Εἰσαγωγή, Ἔμποροι, Ἐμποροδικεῖα, Συμβούλια συνετῶν ἢ βιομηχανικὰ εἰρηνοδικεῖα, Ἐμπορικὰ Ἐπιμελητήρια, Πρόξενοι (μετάφρασις Μιλτ. Σακελλαρίου, Ν. Κουντουριώτου καὶ Ἀ. Ἀργυροῦ)","System of Commercial Law: Volume A: Introduction, Merchants, Commercial Courts, Councils of Conciliation, Chambers of Commerce, Consuls","8ον, σελίδες 826",65,Δρχ.,
1904,IMG_1446.jpeg,"Νομικά, Πολιτικά","Legal, Political",,LYON-CAEN & RENAULT,Lyon-Caen & Renault,Σύστημα Ἐμπορικοῦ Δικαίου: Τόμος Β΄: Περὶ τῶν Ἑταιρειῶν,System of Commercial Law: Volume B: On Companies,σελίδες 1052,75,Δρχ.,
1904,IMG_1446.jpeg,"Νομικά, Πολιτικά","Legal, Political",,LYON-CAEN & RENAULT,Lyon-Caen & Renault,"Σύστημα Ἐμπορικοῦ Δικαίου: Τόμος Γ΄: Γενικοὶ Κανόνες περὶ τῶν ἐμπορικῶν συναλλαγμάτων, Περὶ ἀποδείξεων, Περὶ πωλήσεως, Περὶ ἐνεχύρου, Περὶ γενικῶν ἀποθηκῶν","System of Commercial Law: Volume C: General Rules on Commercial Transactions, Proofs, Sales, Pledges, General Warehouses",,,,Continued on next page
1904,IMG_1447.jpeg,"Νομικά, Πολιτικά","Legal, Political",Ἑλληνικοὶ Κώδικες,ΖΩΙΟΠΟΥΛΟΥ Δ. Ν.,Zoiopoulos D. N.,"Ἑρμηνεία τοῦ ἐν Ἑλλάδι ἰσχύοντος Ποινικοῦ Νόμου. Τόμος Α΄, τεύχη 1-6 (γενικὸν μέρος)","Interpretation of the Penal Code in force in Greece. Volume A, issues 1-6 (general part)","8ον, σελ. 1-400",40.—,Δρχ.,
1904,IMG_1447.jpeg,"Νομικά, Πολιτικά","Legal, Political",Ἑλληνικοὶ Κώδικες,ΖΩΙΟΠΟΥΛΟΥ Δ. Ν.,Zoiopoulos D. N.,Ἑρμηνεία τοῦ ἐν Ἑλλάδι ἰσχύοντος Ποινικοῦ Νόμου. Τόμος Γ΄ (εἰδικὸν μέρος),Interpretation of the Penal Code in force in Greece. Volume C (special part),"8ον, σελ. 1-200",40.—,Δρχ.,
1904,IMG_1447.jpeg,"Νομικά, Πολιτικά","Legal, Political",,ΜΑΡΚΟΥ Γ. Α.,Markou G. A.,Περὶ τῆς εὐθύνης τῶν διοικητῶν ὡς ἀντιπροσώπων καὶ τῶν περὶ τὸ ἰδιαίτερον συναλλασσομένων λοιπῶν κατὰ τὸ Δικαστήριον,On the liability of directors as representatives and of others transacting privately according to the Court,"8ον, σελ. 188",2.00,Δρχ.,
1904,IMG_1447.jpeg,"Νομικά, Πολιτικά","Legal, Political",,ΜΠΑΛΑΝΟΥ Μ. Σ.,Balanos M. S.,Ἐγχειρίδιον τοῦ ἰδιωτικοῦ ἐκκλησιαστικοῦ Δικαίου,Handbook of Private Ecclesiastical Law,"8ον, σελ. 126",20.—,Δρχ.,
1904,IMG_1447.jpeg,"Νομικά, Πολιτικά","Legal, Political",,ΜΠΑΛΑΝΟΥ Μ. Σ.,Balanos M. S.,"Ὁδηγίαι, Νόμοι, Π. Διατάγματα κλπ.","Instructions, Laws, Royal Decrees etc.","8ον, σελ. 40",20.—,Δρχ.,
1904,IMG_1447.jpeg,"Νομικά, Πολιτικά","Legal, Political",,ΜΕΓΑ Θ.,Megas Th.,Ἀνακεφαλαίωσις Ἰδιωτικῆς πολιτικῆς,Recapitulation of Private Politics,8ον,16.—,Δρχ.,
1904,IMG_1447.jpeg,"Νομικά, Πολιτικά","Legal, Political",,ΜΩΡΑΪΤΙΔΟΥ Γ.,Moraitidis G.,Code Pénal Ottoman,Ottoman Penal Code,"8ον, σελ. 260",20.—,Δρχ.,
1904,IMG_1447.jpeg,"Νομικά, Πολιτικά","Legal, Political",,ΜΙΣΤΡΙΩΤΟΥ Γ. Π.,Mistriotis G. P.,Περὶ τῆς συγγραφῆς καὶ κατηγορίας ἐν τῷ ποινικῷ καὶ τῷ διοικητικῷ δικαστηρίῳ δοκίμιον,Essay on writing and accusation in criminal and administrative courts,"8ον, σελ. 133",12.—,Δρχ.,
1904,IMG_1447.jpeg,"Νομικά, Πολιτικά","Legal, Political",,ΑΝΩΝΥΜΟΣ,Anonymous,Ὁδηγίαι περὶ τοῦ τίς καὶ πῶς διεξάγεται τὰς κάλπας βουλευτικῆς διαταγῆς ἐν ταῖς γενικαῖς ἐκλογαῖς,Instructions on who and how the ballot boxes are managed during parliamentary general elections,"8ον, σελ. 186",12.—,Δρχ.,
1904,IMG_1447.jpeg,"Νομικά, Πολιτικά","Legal, Political",,ΠΑΠΑΔΑΚΗ Κ.,Papadakis K.,Σύνοψις ἀρχαίων ἑλληνικῶν Δικαίων,Synopsis of Ancient Greek Laws,"8ον, σελ. 325",20.—,Δρχ.,
1904,IMG_1447.jpeg,"Νομικά, Πολιτικά","Legal, Political",,ΠΑΠΑΡΡΗΓΟΠΟΥΛΟΥ Π.,Paparrigopoulos P.,Γενικαὶ Ἀρχαὶ τοῦ ἐν Ἑλλάδι ἰσχύοντος Ἀστικοῦ Δικαίου,General Principles of Civil Law in force in Greece,"8ον, σελ. 987",60.—,Δρχ.,
1904,IMG_1447.jpeg,"Νομικά, Πολιτικά","Legal, Political",,ΠΑΠΑΡΡΗΓΟΠΟΥΛΟΥ Π.,Paparrigopoulos P.,Ἑρμηνεία Ἀστικοῦ Δικαίου. Τόμος Α΄,Interpretation of Civil Law. Volume A,"8ον, σελ. 396",20.—,Δρχ.,
1904,IMG_1448.jpeg,"Νομικά, Πολιτικά","Legal, Political",,ΠΑΠΑΡΡΗΓΟΠΟΥΛΟΥ Π.,Paparrigopoulos P.,Τὰ ἐμπράγματα δικαιώματα ἐπὶ τῶν κατ' ἰδίαν κτημάτων,In rem rights on private estates,"μέγα 8ον, σελίδες 894",40,Δρ.,
1904,IMG_1448.jpeg,"Νομικά, Πολιτικά","Legal, Political",,ΠΑΠΑΡΡΗΓΟΠΟΥΛΟΥ Π.,Paparrigopoulos P.,Τὰ ἐμπράγματα δικαιώματα ἐπὶ τῶν κατ' ἰδίαν κτημάτων (ἐκδ. β'),In rem rights on private estates (2nd edition),σελ. 939,60,Δρ.,
1904,IMG_1448.jpeg,"Νομικά, Πολιτικά","Legal, Political",,ΠΕΤΡΟΥΝΑΚΟΥ Ι.,Petrounakos I.,"Ἑρμηνεία Ποινικοῦ Δικαίου, γραφεῖσα ἐπὶ τῇ βάσει τοῦ συγγράματος Κωνστ. Ν. Κωστή - Τόμος Α': Ποινικὴ Δικονομία","Interpretation of Criminal Law, written on the basis of the treatise of Const. N. Kostis - Volume A: Criminal Procedure","8ον, σελίδες 152",10,Δρ.,
1904,IMG_1448.jpeg,"Νομικά, Πολιτικά","Legal, Political",,ΠΕΤΡΟΥΝΑΚΟΥ Ι.,Petrounakos I.,"Ἑρμηνεία Ποινικοῦ Δικαίου, γραφεῖσα ἐπὶ τῇ βάσει τοῦ συγγράματος Κωνστ. Ν. Κωστή - Τόμος Β': Ποινικὸς Νόμος","Interpretation of Criminal Law, written on the basis of the treatise of Const. N. Kostis - Volume B: Penal Law","8ον, σελίδες 470",35,Δρ.,
1904,IMG_1448.jpeg,"Νομικά, Πολιτικά","Legal, Political",,ΠΟΤΑΜΙΑΝΟΥ ΔΗΜ.,Potamianos Dem.,Ἑρμηνεία τῶν περὶ Πολιτικῆς Δικονομίας καὶ Ὀργανισμοῦ τῶν Δικαστηρίων Νόμων - Τόμος Α': Γενικὴ Εἰσαγωγή—Ὀργανισμὸς Δικαστηρίων,Interpretation of the Laws on Civil Procedure and Organization of Courts - Volume A: General Introduction—Organization of Courts,"8ον, σ. 944",108,Δρ.,
1904,IMG_1448.jpeg,"Νομικά, Πολιτικά","Legal, Political",,ΠΟΤΑΜΙΑΝΟΥ ΔΗΜ.,Potamianos Dem.,"Ἑρμηνεία τῶν περὶ Πολιτικῆς Δικονομίας καὶ Ὀργανισμοῦ τῶν Δικαστηρίων Νόμων - Τόμος Β': Πολιτικὴ Δικονομία, Γενικὸν μέρος","Interpretation of the Laws on Civil Procedure and Organization of Courts - Volume B: Civil Procedure, General Part","8ον, σελ. 864",97,Δρ.,"Τόμος Γ', ὁ καὶ τελευταῖος, ἐκτυποῦται."
1904,IMG_1448.jpeg,"Νομικά, Πολιτικά","Legal, Political",,ΠΡΩΤΟΠΑΠΑ Γ.,Protopapas G.,"Ἱστορία τοῦ Ῥωμαϊκοῦ Δικαίου, γραφεῖσα περιληπτικῶς κατὰ τὸ σύγγραμμα τοῦ Ν. Δημαρᾶ","History of Roman Law, written in summary according to the treatise of N. Dimaras","8ον, σελίδες 79",10,Δρ.,
1904,IMG_1448.jpeg,"Νομικά, Πολιτικά","Legal, Political",,ΡΑΛΛΗ Γ. Α.,Rallis G. A.,"Ἑρμηνεία τοῦ Ἐμπορικοῦ Δικαίου, τόμος Γ'","Interpretation of Commercial Law, volume C'","8ον, σ. ις'-320",20,Δρ.,
1904,IMG_1448.jpeg,"Νομικά, Πολιτικά","Legal, Political",Ἑλληνικοὶ Κώδικες,ΡΑΛΛΗ Γ. Α.,Rallis G. A.,"Κώδικες Ἑλληνικοί, οἷς προσετέθη τὸ πολιτικὸν Σύνταγμα τῆς Ἑλλάδος, τόμ. 2, ἐκδ. γ'","Greek Codes, to which was added the Political Constitution of Greece, vol. 2, 3rd ed.",σ. XVI+μη'+1828,30,Δρ.,
1904,IMG_1448.jpeg,"Νομικά, Πολιτικά","Legal, Political",Ἑλληνικοὶ Κώδικες,ΡΑΛΛΗ Γ. Α.,Rallis G. A.,"Κώδικες Ἑλληνικοί - Τόμος Β', ἐκδ. δ'","Greek Codes - Volume B, 4th ed.",σελ. 1064,15,Δρ.,
1904,IMG_1448.jpeg,"Νομικά, Πολιτικά","Legal, Political",Ἑλληνικοὶ Κώδικες,ΡΑΛΛΗ Γ. Α.,Rallis G. A.,"Κώδικες Ἑλληνικοί - Τόμος Γ', ἐκδ. δ'","Greek Codes - Volume C, 4th ed.",σελ. 708,15,Δρ.,
1904,IMG_1448.jpeg,"Νομικά, Πολιτικά","Legal, Political",Ἑλληνικοὶ Κώδικες,ΡΑΛΛΗ Γ. Α.,Rallis G. A.,"Κώδικες Ἑλληνικοί - Τόμος Δ', ἐκδ. δ'","Greek Codes - Volume D, 4th ed.",σελ. 792,15,Δρ.,
1904,IMG_1448.jpeg,"Νομικά, Πολιτικά","Legal, Political",Ἑλληνικοὶ Κώδικες,ΡΑΛΛΗ Γ. Α.,Rallis G. A.,Κώδικες Ἑλληνικοί - Παράρτημα Β'-Ζ',Greek Codes - Appendix B-Z,σελ. 1894,70,Δρ.,
1904,IMG_1448.jpeg,"Νομικά, Πολιτικά","Legal, Political",,ΡΑΛΛΗ Κ. Μ.,Rallis K. M.,"Περὶ μεταθέσεως ἐπισκόπων, κατὰ τὸ Δίκαιον τῆς ὀρθοδόξου ἀνατ. Ἐκκλησίας","On the transfer of bishops, according to the Law of the Orthodox Eastern Church","8ον, σελ. 58",16,Δρ.,
1904,IMG_1448.jpeg,"Νομικά, Πολιτικά","Legal, Political",,RAPET M. J. J.,Rapet M. J. J.,"Ἐγχειρίδιον Ἠθικῆς καὶ Πολιτικῆς Οἰκονομίας, ἐξελληνισθὲν ὑπὸ Ἑλένης Ν. Φωτιάδου","Manual of Ethics and Political Economy, translated into Greek by Eleni N. Fotiadou","8ον, σελίδες 344",20,Δρ.,
1904,IMG_1448.jpeg,"Νομικά, Πολιτικά","Legal, Political",,ΣΑΚΕΛΛΑΡΟΠΟΥΛΟΥ Μ.,Sakellaropoulos M.,"Ἐκκλησιαστικὸν Δίκαιον τῆς Ἀνατολικῆς Ὀρθοδόξου Ἐκκλησίας, μετὰ τοῦ ἰσχύοντος νῦν ἐν τῇ Ἐκκλησίᾳ τοῦ Πατριαρχείου καὶ ἐν Ἑλλάδι","Ecclesiastical Law of the Eastern Orthodox Church, with that currently in force in the Patriarchate Church and in Greece","8ον, σελ. 560",30,Δρ.,
1904,IMG_1448.jpeg,"Νομικά, Πολιτικά","Legal, Political",,ΣΑΜΑΡΤΖΙΔΟΥ Ν. Ι.,Samartzidou N. I.,"Ἀστικὸς Κῶδιξ περὶ ἀποδείξεων καὶ Ὅρκου καὶ περὶ ἀποφάσεως καὶ δικαστοῦ, μετάφρ. ἐκ τοῦ τουρκικοῦ","Civil Code on evidence and Oath and on decision and judge, translated from Turkish","8ον, σελ. 63",5,Δρ.,
1904,IMG_1448.jpeg,"Νομικά, Πολιτικά","Legal, Political",,ΣΑΡΙΠΟΛΟΥ Ν. Ι.,Saripolos N. I.,"Πολιτικὴ μελέτη ἐπὶ τῆς ἱστορίας τοῦ Ἰουλίου Καίσαρος, τῆς ὑπὸ τοῦ αὐτοκράτορος τῶν Γάλλων Ναπολέοντος τοῦ Γ' συγγραφείσης","Political study on the history of Julius Caesar, written by the Emperor of the French Napoleon III","8ον, σελίδες 96",6,Δρ.,
1904,IMG_1448.jpeg,"Νομικά, Πολιτικά","Legal, Political",,ΣΕΡΟΥΪΟΥ Ν.,Serouios N.,"Ἐπιτομὴ τῶν περὶ Πο- Βυζαντινοῦ Νόμου, τοῦ ἐν ἰσχύϊ ἐν τοῖς ἐκκλησιαστικοῖς δικαστηρίοις τοῦ οἰκουμενικοῦ Θρόνου","Epitome of Post-Byzantine Law, in force in the ecclesiastical courts of the Ecumenical Throne","8ον, σ. ις'-246",17,Δρ.,
1904,IMG_1448.jpeg,"Νομικά, Πολιτικά","Legal, Political",,ΣΙΜΟΥ Ε. Α.,Simos E. A.,"Περὶ ἰδιοκτησίας, σύγγραμμα τοῦ κ. Ἀ. Τιέρ","On Property, work of Mr. A. Thiers","8ον, σελ. 319",12,Δρ.,
1904,IMG_1448.jpeg,"Νομικά, Πολιτικά","Legal, Political",,ΣΤΑΦΥΛΑ καὶ ΠΕΤΡΟΥΝΑΚΟΥ,Stafylas and Petrounakos,"Ἐκκλησιαστικὸν Δίκαιον, συνταχθὲν ἐπὶ τῇ βάσει τῶν παραδόσεων τοῦ Ἱ. Εὐταξία","Ecclesiastical Law, compiled on the basis of the lectures of I. Eutaxias","8ον, σελίδες 112",20,Δρ.,
1904,IMG_1448.jpeg,"Νομικά, Πολιτικά","Legal, Political",,ΣΤΑΦΥΛΑ καὶ ΠΕΤΡΟΥΝΑΚΟΥ,Stafylas and Petrounakos,"Διεθνὲς Δίκαιον, γραφὲν κατὰ τὰς παραδόσεις τοῦ Γ. Στρέϊτ","International Law, written according to the lectures of G. Streit","8ον, σελίδες 166",10,Δρ.,
1904,IMG_1448.jpeg,"Νομικά, Πολιτικά","Legal, Political",,"ΣΤΕΦΑΝΟΥ, ΚΟΜΠΟΤΗ καὶ ΑΝΤΩΝΑΚΟΠΟΥΛΟΥ","Stefanou, Kompotis and Antonakopoulos","Νέος Προξενικὸς καὶ Διπλωματικὸς Ὁδηγός, συνταχθεὶς καὶ συμπληρωθεὶς διὰ τῶν τελευταίων Νόμων, Β. Διαταγμάτων, Συμβάσεων κλπ. μέχρι τοῦ 1901","New Consular and Diplomatic Guide, compiled and supplemented with the latest Laws, Royal Decrees, Conventions etc. up to 1901","8ον, σελίδες η'-1370",30,Δρ.,
1904,IMG_1448.jpeg,"Νομικά, Πολιτικά","Legal, Political",,Ανώνυμος,Anonymous,Σύνταγμα τῆς Ἑλλάδος,Constitution of Greece,"32ον, σ. 23",1,Δρ.,
1904,IMG_1448.jpeg,"Νομικά, Πολιτικά","Legal, Political",,ΤΑΠΕΙΝΟΥ ΕΛ. ΓΡ.,Tapeinos El. Gr.,Δικονομικὸς Ὁδηγὸς ἢ ἑρμηνεία τῆς ἐν τοῖς Πατριαρχείοις καὶ τῷ κλίματι τοῦ οἰκουμενικοῦ Θρόνου ἰσχυούσης ὀθωμανικῆς ἐμπορικῆς Δικονομίας μετὰ σχεδίων διαφόρων δικογράφων πρὸς πρακτικὴν ἐφαρμογήν. Τεύχη 2,Procedural Guide or interpretation of the Ottoman commercial Procedure in force in the Patriarchates and the jurisdiction of the Ecumenical Throne with drafts of various legal documents for practical application. 2 Issues,"8ον, σελίδες 331",20,Δρ.,
1904,IMG_1448.jpeg,"Νομικά, Πολιτικά","Legal, Political",,ΤΟΚΒΙΛΛΟΥ ΑΛ.,Tocqueville Al.,"Περὶ τῆς δημοκρατίας κατὰ τὴν Ἀμερικήν, μετάφρασις Κ. Ἡρακλείδου","Democracy in America, translation by K. Herakleides","8ον, σελ. ια'-305",10,Δρ.,
1904,IMG_1448.jpeg,"Νομικά, Πολιτικά","Legal, Political",,ΤΟΡΝΑΟΥΦ Ν.,Tornauw N.,"Μουσουλμανικὸν Δίκαιον κατὰ τὰς πηγάς του, μετάφρασις Ν. Σακοπούλου. Τόμοι 2","Islamic Law according to its sources, translation by N. Sakopoulos. 2 Volumes","8ον, σ. 337",20,Δρ.,
1904,IMG_1450.jpeg,ΕΜΠΟΡΙΚΑ,Commercial / Commerce,,ΑΓΓΕΛΟΠΟΥΛΟΥ Δ.,Angelopoulos D.,"Μεγάλη Πρακτικὴ Ἀριθμητική, ἤτοι πλήρης καὶ τελεία πραγματεία σχολικῆς, ἐμπορικῆς, τραπεζιτικῆς ἀριθμητικῆς","Great Practical Arithmetic, or a complete and perfect treatise on school, commercial, and banking arithmetic","8ον, σελ. 415 + 30",8,Δρ.,
1904,IMG_1450.jpeg,ΕΜΠΟΡΙΚΑ,Commercial / Commerce,,ΒΑΛΣΑΜΟΥ Γ. Π.,Balsamos G. P.,"Ἑλληνικὴ Καταστιχογραφία, ἤτοι Μέθοδος θεωρητικὴ καὶ πρακτική","Greek Bookkeeping, or a Theoretical and Practical Method","8ον, σελ. ιε΄—384 + 20",8,Δρ.,
1904,IMG_1450.jpeg,ΕΜΠΟΡΙΚΑ,Commercial / Commerce,,ΒΑΣΙΛΕΙΑΔΟΥ Ν. Ι.,Vasileiadis N. I.,"Ἐγκόλπιον Λογιστικῆς, πρὸς χρῆσιν τῶν ἐμπορευομένων νέων","Manual of Accounting, for the use of young merchants",σελ. 79,6,Δρ.,
1904,IMG_1450.jpeg,ΕΜΠΟΡΙΚΑ,Commercial / Commerce,,ΒΕΡΝΑΡΔΑΚΗ Α. Ν.,Bernardakis A. N.,Τὸ μέλλον τῶν Ἀθηνῶν,The Future of Athens,"8ον, σελ. 80",6,Δρ.,
1904,IMG_1450.jpeg,ΕΜΠΟΡΙΚΑ,Commercial / Commerce,,ΒΕΡΝΑΡΔΑΚΗ Α. Ν.,Bernardakis A. N.,"Περὶ τοῦ ἐν Ἑλλάδι ἐμπορίου, βραβευθὲν κατὰ τὸν Δοσείον διαγωνισμόν","On commerce in Greece, awarded at the Doseios competition","μέγα 8ον, σελ. η΄—480",20,Δρ.,
1904,IMG_1450.jpeg,ΕΜΠΟΡΙΚΑ,Commercial / Commerce,,ΓΙΑΝΝΑΡΑΚΗ,Giannarakis,"Αὐτοδίδακτος Διπλογραφία, ἤτοι τελεία ἐκμάθησις τῆς Καταστιχογραφίας, πρακτικῆς τε καὶ θεωρητικῆς εἰς 10 μόνον ἡμέρας","Self-Taught Double-Entry Bookkeeping, or perfect learning of Bookkeeping, practical and theoretical in only 10 days","8ον, σελίδες η΄—188",9,Δρ.,
1904,IMG_1450.jpeg,ΕΜΠΟΡΙΚΑ,Commercial / Commerce,,ΓΙΟΥΡΔΗ Π. Μ.,Giourdis P. M.,"Πλήρης σύστημα Ἐμπορικῆς Λογιστικῆς, ἤτοι περὶ Καταστιχογραφίας, ὑπὸ Goujon et Sardou","Complete System of Commercial Accounting, or on Bookkeeping, by Goujon et Sardou","Τόμοι 2, 8ον, σελ. λα΄—795",35,Δρ.,
1904,IMG_1450.jpeg,ΕΜΠΟΡΙΚΑ,Commercial / Commerce,,COURTOIS FILS ALPH.,Courtois Fils Alph.,"Στοιχειώδης Πραγματεία τῶν ἐργασιῶν τοῦ χρηματιστηρίου καὶ τῆς συναλλαγῆς, ὑπὸ Σπ. Δυοβουνιώτου","Elementary Treatise on Stock Exchange and Exchange Operations, translated by Sp. Dyovouniotis","ἐκδ. β΄, σ. ζ΄-198",15,Δρ.,
1904,IMG_1450.jpeg,ΕΜΠΟΡΙΚΑ,Commercial / Commerce,,DEGRANGES ED.,Degranges Ed.,Traité de Correspondance Commerciale,Treatise on Commercial Correspondence,"8ον, σ. 331",25,Δρ.,
1904,IMG_1450.jpeg,ΕΜΠΟΡΙΚΑ,Commercial / Commerce,,DEGRANGES ED.,Degranges Ed.,La tenue des livres ou Nouveau cours de comptabilité générale,Bookkeeping or New Course of General Accounting,"8ον, σελίδες 326",25,Δρ.,
1904,IMG_1450.jpeg,ΕΜΠΟΡΙΚΑ,Commercial / Commerce,,ΔΕΣΠΟΤΟΠΟΥΛΟΥ Δ.,Despotopoulos D.,Καταστιχογραφίας Ἑρμηνεία. Μέρος Α΄+Β΄,Interpretation of Bookkeeping. Part I + II,8ον,20,Δρ.,
1904,IMG_1450.jpeg,ΕΜΠΟΡΙΚΑ,Commercial / Commerce,,ΔΕΣΠΟΤΟΠΟΥΛΟΥ Δ.,Despotopoulos D.,Στοιχεῖα Πολιτικῆς Οἰκονομίας καὶ ἐφαρμογὴ τῆς Ἀριθμητικῆς εἰς ἐμπορικοὺς καὶ τραπεζιτικοὺς ὑπολογισμούς,Elements of Political Economy and application of Arithmetic to commercial and banking calculations,"8ον, σελ. κδ΄—300",15,Δρ.,
1904,IMG_1450.jpeg,ΕΜΠΟΡΙΚΑ,Commercial / Commerce,,ΑΝΩΝΥΜΟΣ,Anonymous,"Δυσαναγνώστων καὶ Ἰατρικῶν Συναλλαγμάτων, πρὸς πάντες τὲ ἐν χρήσει ἐπιστολῶν διὰ πᾶν χημικῶν σῆμα ἀπὸ ἐμπορικοῦ ἔτους δι’ αἱανδήποτε ἀριθμητικῶν ἐπῶν, διὰ πέντε σὺν ἀπὸ 1-1000 000","Illegible and Medical Bills of Exchange, for all letters in use for every chemical mark...","8ον, σ. 221",27,Δρ.,
1904,IMG_1450.jpeg,ΕΜΠΟΡΙΚΑ,Commercial / Commerce,,ΖΗΛΙΩΤΟΥ Δ.,Ziliotis D.,"Καταστιχογραφία, διδασκομένῃ ἄνευ διδασκάλου διπλογραφίαν καὶ ἁπλογραφίαν","Bookkeeping, teaching double-entry and single-entry bookkeeping without a teacher",σελίδες 276,15,Δρ.,
1904,IMG_1450.jpeg,ΕΜΠΟΡΙΚΑ,Commercial / Commerce,,ΖΥΓΟΥΡΑ ΘΕΜ. Ξ.,Zygouras Them. X.,Ἡ Λαχαναγοραφία. Καταστιχογραφικὴ Μέθοδος πρὸς ἐγγραφὴν τῶν πράξεων πάσης διαχειρίσεως,Vegetable Market Accounting. Bookkeeping Method for recording transactions of any management,"8ον, σελίδες 56",10,Δρ.,
1904,IMG_1450.jpeg,ΕΜΠΟΡΙΚΑ,Commercial / Commerce,,ΖΥΓΟΥΡΑ ΘΕΜ. Ξ.,Zygouras Them. X.,Περὶ ἐμπορικῶν σχολῶν καὶ τεχνικῆς ἐκπαιδεύσεως,On commercial schools and technical education,"8ον, σ. 96",7,Δρ.,
1904,IMG_1450.jpeg,ΕΜΠΟΡΙΚΑ,Commercial / Commerce,,ΖΥΓΟΥΡΑ Ξ. Θ.,Zygouras X. Th.,Πῶς γίνονται τὰ χρήματα,How money is made,"8ον, σελίδες 63",2,Δρ.,
1904,IMG_1450.jpeg,ΕΜΠΟΡΙΚΑ,Commercial / Commerce,,ΖΥΓΟΥΡΑ Ξ. Θ.,Zygouras X. Th.,Κριτικὴ ἱστορία τοῦ ἐμπορίου,Critical history of commerce,σελίδες 63,2,Δρ.,
1904,IMG_1450.jpeg,ΕΜΠΟΡΙΚΑ,Commercial / Commerce,,ΖΥΓΟΥΡΑ Ξ. Θ.,Zygouras X. Th.,Παγκόσμιος μετρολογία καὶ νομισματολογία,World metrology and numismatics,σελίδες 79,3,Δρ.,
1904,IMG_1450.jpeg,ΕΜΠΟΡΙΚΑ,Commercial / Commerce,,ΖΥΓΟΥΡΑ Ξ. Θ.,Zygouras X. Th.,"Ἐπιστολογραφία ἐμπορικὴ πλήρης, θεωρητικὴ καὶ πρακτική, μετὰ λεξικοῦ τῶν ὅρων, ἐκδ. β΄, μετερρυθμισμένη","Complete commercial correspondence, theoretical and practical, with a glossary of terms, 2nd reformed edition",σελίδες 412—77,18,Δρ.,
1904,IMG_1450.jpeg,ΕΜΠΟΡΙΚΑ,Commercial / Commerce,,ΖΥΓΟΥΡΑ Ξ. Θ.,Zygouras X. Th.,Ἱστορία τοῦ καθόλου ἐμπορίου,General history of commerce,"8ον, σελίδες 191",12,Δρ.,
1904,IMG_1450.jpeg,ΕΜΠΟΡΙΚΑ,Commercial / Commerce,,ΖΥΓΟΥΡΑ Ξ. Θ.,Zygouras X. Th.,Καταστιχογραφία καὶ Λογισμογραφία,Bookkeeping and Accounting,"8ον, σελίδες 145",15,Δρ.,
1904,IMG_1450.jpeg,ΕΜΠΟΡΙΚΑ,Commercial / Commerce,,ΖΥΓΟΥΡΑ Ξ. Θ.,Zygouras X. Th.,"Λογιστικὴ γενική, περιέχουσα τὰ στοιχεῖα τοῦ ἐμπορίου καὶ τῆς διαχειριστικῆς, τὴν ἐμπορικὴν λογιστικὴν καὶ τὴν καταστιχογραφίαν μετὰ λογισμογραφίας, ἐκδ. β΄","General Accounting, containing the elements of commerce and management, commercial accounting and bookkeeping with accounting, 2nd edition","8ον, σ. δ΄-254",35,Δρ.,
1904,IMG_1450.jpeg,ΕΜΠΟΡΙΚΑ,Commercial / Commerce,,ΖΥΓΟΥΡΑ Ξ. Θ.,Zygouras X. Th.,"Λογιστικὴ ἐμπορική, ἤτοι Ἀριθμητικὴ ἐφαρμοσμένη","Commercial Accounting, or Applied Arithmetic","8ον, σ. 147—254",10,Δρ.,
1904,IMG_1451.jpeg,Ἐμπορικά,Commercial / Commerce,,ΖΥΓΟΥΡΑ Ξ. Θ.,Zygouras X. Th.,Πρακτικὸς βίος τοῦ ἐμπόρου καὶ τοῦ διαχειριστοῦ,Practical Life of the Merchant and Manager,σ. 304,12,Δρχ.,
1904,IMG_1451.jpeg,Ἐμπορικά,Commercial / Commerce,,ΖΥΓΟΥΡΑ Ξ. Θ.,Zygouras X. Th.,Στοιχεῖα διαχειριστικῆς,Elements of Management,"μέγα 8ον, σελίδες 32",4,Δρχ.,
1904,IMG_1451.jpeg,Ἐμπορικά,Commercial / Commerce,,ΖΥΓΟΥΡΑ Ξ. Θ.,Zygouras X. Th.,Δοκίμιον ἐμπορευματολογίας,Essay on Merchandise Knowledge,σελίδες 127,9,Δρχ.,
1904,IMG_1451.jpeg,Ἐμπορικά,Commercial / Commerce,,ΖΥΓΟΥΡΑ Ξ. Θ.,Zygouras X. Th.,Ὁδηγὸς τοῦ ἐμποροϋπαλλήλου πρὸς ἀνάδειξιν αὐτοῦ,Guide for the Commercial Employee towards Self-Advancement,σ. 184,10,Δρχ.,
1904,IMG_1451.jpeg,Ἐμπορικά,Commercial / Commerce,,ΖΥΓΟΥΡΑ Ξ. Θ.,Zygouras X. Th.,"Ἐμπορικὴ καὶ Βιομηχανικὴ Οἰκονομία, ἐκτεθεῖσα κατὰ τὸ περὶ πλουτολογίας σύγγραμμα","Commercial and Industrial Economics, set forth according to the treatise on plutology","8ον, σ. 168",12,Δρχ.,
1904,IMG_1451.jpeg,Ἐμπορικά,Commercial / Commerce,,ΖΥΓΟΥΡΑ Ξ. Θ.,Zygouras X. Th.,"Γεωργικὴ Καταστιχογραφία καὶ Οἰκονομία, ἐφαρμοζομένη εἰς πᾶν εἶδος καλλιεργίας","Agricultural Bookkeeping and Economics, applied to all kinds of cultivation","8ον, σελίδες 76",5,Δρχ.,
1904,IMG_1451.jpeg,Ἐμπορικά,Commercial / Commerce,,ΖΥΓΟΥΡΑ Ξ. Θ.,Zygouras X. Th.,"Μεγάλη Ἐπιστολογραφία. Οἰκογενειακὴ – Ἐμπορική – Δημοσία, εἰς ἑλληνικὴν καὶ γαλλικὴν γλῶσσαν","Great Letter Writing Manual: Family – Commercial – Public, in Greek and French languages","8ον, σελίδες 664",20,Δρχ.,
1904,IMG_1451.jpeg,Ἐμπορικά,Commercial / Commerce,,FAURE G.,Faure G.,"Λογιστικὴ καὶ Διπλογραφία ἄνευ διδασκάλου, μεταφρασθεῖσα ὑπὸ Χ. Χριστοβασίλη","Accounting and Double-Entry Bookkeeping without a Teacher, translated by Ch. Christovasilis","8ον, σ. 416",20,Δρχ.,Translated by Ch. Christovasilis
1904,IMG_1451.jpeg,Ἐμπορικά,Commercial / Commerce,,GARNIER J.,Garnier J.,"Ἐγχειρίδιον οἰκονομολογικόν, μετάφρασις Χρ. Ἀθ. Ζάππα","Handbook of Economics, translated by Chr. Ath. Zappas","μέγα 8ον, σελίδες η΄-670",20,Δρχ.,Translated by Chr. Ath. Zappas
1904,IMG_1451.jpeg,Ἐμπορικά,Commercial / Commerce,,ΘΕΟΧΑΡΗ ΣΤ. Κ.,Theocharis St. K.,Ἐμπορικὴ καὶ βιομηχανικὴ γεωγραφία τῶν πέντε μερῶν τοῦ κόσμου,Commercial and Industrial Geography of the Five Parts of the World,"Τόμοι 2, 8ον, σελ. 344",24,Δρχ.,
1904,IMG_1451.jpeg,Ἐμπορικά,Commercial / Commerce,,ΘΕΟΧΑΡΗ ΣΤ. Κ.,Theocharis St. K.,"Ἱστορία ἐπίτομος τοῦ ἐμπορίου, τῆς ναυτιλίας καὶ βιομηχανίας ὅλων τῶν ἐθνῶν, κατὰ Blanqui","Epitome of the History of Commerce, Shipping, and Industry of All Nations, according to Blanqui","8ον, σελίδες ις΄–160",6,Δρχ.,According to Blanqui
1904,IMG_1451.jpeg,Ἐμπορικά,Commercial / Commerce,,ΙΑΚΩΒΙΔΟΥ Ι.,Iakovidis I.,Ἐμπορικὸς Ὁδηγός,Commercial Guide,"8ον, σελίδες ζ΄–550",50,Δρχ.,
1904,IMG_1451.jpeg,Ἐμπορικά,Commercial / Commerce,,ΙΑΚΩΒΙΔΟΥ Ι.,Iakovidis I.,Ἑρμῆς κατὰ γῆν καὶ θάλασσαν,Hermes by Land and Sea,"8ον, σελ. ιδ΄–240",10,Δρχ.,
1904,IMG_1451.jpeg,Ἐμπορικά,Commercial / Commerce,,ΙΑΚΩΒΙΔΟΥ Ι.,Iakovidis I.,Χρυσαῖ καὶ ἀργυραῖ ὕλαι,Gold and Silver Materials,"8ον, σελίδες η΄–184",15,Δρχ.,
1904,IMG_1451.jpeg,Ἐμπορικά,Commercial / Commerce,,ΙΑΚΩΒΙΔΟΥ Ι.,Iakovidis I.,"Ἀριθμητικὴ ἐφαρμοσμένη εἰς τὴν ἐμπορίαν, βιβλία δύο","Arithmetic Applied to Commerce, two books","8ον, σελίδες ι6΄ 152x8΄ 96",10,Δρχ.,
1904,IMG_1451.jpeg,Ἐμπορικά,Commercial / Commerce,,ΚΑΛΑΪΤΖΑΚΗ Κ.,Kalaitzakis K.,Γενικαὶ γνώσεις περὶ ἐμπορίου,General Knowledge on Commerce,"8ον, σελίδες 80",4,Δρχ.,
1904,IMG_1451.jpeg,Ἐμπορικά,Commercial / Commerce,,ΚΑΛΑΪΤΖΑΚΗ Κ.,Kalaitzakis K.,"Τὰ Ἐμπορικὰ βιβλία, κατὰ νέαν μέθοδον τῆς Ἁπλογραφίας καὶ Διπλογραφίας, ἢ νέα ἐμπορικὴ πραγματεία πλήρης τῆς Γενικῆς Λογιστικῆς","The Commercial Books, according to a new method of Single and Double Entry, or a new comprehensive commercial treatise on General Accounting","8ον, σελίδες 323",12,Δρχ.,Text spans across columns
1904,IMG_1451.jpeg,Ἐμπορικά,Commercial / Commerce,,ΚΑΛΑΪΤΖΑΚΗ Κ.,Kalaitzakis K.,"Ἐμπορικὴ ἀλληλογραφία ἑλληνιστί τε καὶ γαλλιστί, ἐμπεριέχουσα 1000 ἐμπορικὰς ἐπιστολὰς ἐκτύπους τῶν κυριωτέρων ἐμπορικῶν οἴκων, πραγματικὰς κλπ. κλπ.","Commercial Correspondence in Greek and French, containing 1000 sample commercial letters of the main commercial houses, real ones etc. etc.","8ον, σ. 4..",,Δρχ.,Price obscured by thumb
1904,IMG_1451.jpeg,Ἐμπορικά,Commercial / Commerce,,ΚΑΛΑΠΟΔΟΠΟΥΛΟΥ Γ. Α.,Kalapodopoulos G. A.,"Ἔμπορ...σεολόγιον, ἑλληνιστί, ἀγγλιστί, καὶ γαλλιστί","Commercial dictionary/phrasebook in Greek, English, and French","8ον, σ. β΄–436",25,Δρχ.,Title partially obscured by thumb
1904,IMG_1451.jpeg,Ἐμπορικά,Commercial / Commerce,,ΚΑΡΑΓΙΑΝΝΙΔΟΥ Α. Κ.,Karagiannidis A. K.,"Νέος ὁδηγὸς τῆς ἐμπορικῆς ἀλληλογραφίας, ὑπὸ Henri Page","New Guide to Commercial Correspondence, by Henri Page","8ον, σελ. ις΄–468",15,Δρχ.,
1904,IMG_1451.jpeg,Ἐμπορικά,Commercial / Commerce,,ΚΑΣΔΟΝΗ Γ.,Kasdonis G.,Ἡ τέχνη τοῦ πλουτεῖν καὶ εὐτυχεῖν κατὰ τὸν Βενιαμὶν Φραγκλῖνον,The Art of Growing Rich and Happy according to Benjamin Franklin,σελίδες 55,2.20,Δρχ.,
1904,IMG_1451.jpeg,Ἐμπορικά,Commercial / Commerce,,ΚΑΤΣΕΛΙΔΟΥ ΓΕΩΡΓΙΟΥ,Katselidis Georgios,Τὸ Νόμισμα,The Currency / Coin,"8ον, σελίδες 352",30,Δρχ.,
1904,IMG_1451.jpeg,Ἐμπορικά,Commercial / Commerce,,ΚΟΕΜΤΖΟΠΟΥΛΟΥ Π.,Koemtzopoulos P.,"Λογιστής, ἤτοι αἱ ἀπαραίτητοι παντὶ ἐμπόρῳ γνώσεις","Accountant, or the Essential Knowledge for Every Merchant","8ον, σελίδες 275",10,Δρχ.,
1904,IMG_1451.jpeg,Ἐμπορικά,Commercial / Commerce,,LEROY-BEAULIEU PAUL,Leroy-Beaulieu Paul,"Ἐγχειρίδιον Πλουτολογίας ἢ τῆς οἰκονομικῆς ἐπιστήμης, μετάφρασις Κ. Ἀ. Κυπριάδου","Handbook of Plutology or Economic Science, translated by K. A. Kypriados","8ον, σελίδες 464",25,Δρχ.,Translated by K. A. Kypriados
1904,IMG_1451.jpeg,Ἐμπορικά,Commercial / Commerce,,ΜΕΛΑ Κ.,Melas K.,"Ἐγχειρίδιον ἐμπορικὸν περὶ ἐμπορίας, βιομηχανίας, ναυτιλίας καὶ τῶν ἐμπορικῶν πράξεων","Commercial Handbook on Trade, Industry, Shipping, and Commercial Transactions","ἐκδ. γ΄, 8ον, σελίδες 602",20,Δρχ.,3rd edition
1904,IMG_1451.jpeg,Ἐμπορικά,Commercial / Commerce,,MINON A.,Minon A.,Répertoire à l'usage des négociants ou Traité des principales opérations de la Banque,Repertoire for the use of merchants or Treatise on the main Banking operations,32ον,10,Fr.,
1904,IMG_1451.jpeg,Ἐμπορικά,Commercial / Commerce,,ΝΑΥΤΗ Γ. Α.,Naftis G. A.,Γενικαὶ ἀρχαὶ τοῦ ἐμπορίου καὶ ἱστορία αὐτοῦ παρὰ τοῖς ἀρχαίοις καὶ Βυζαντινοῖς,General Principles of Commerce and its History among the Ancients and Byzantines,"Τόμοι 2, 8ον, σελίδες κη΄–796",25,Δρχ.,
1904,IMG_1451.jpeg,Ἐμπορικά,Commercial / Commerce,,,,Ὁδηγὸς μικρὸς τοῦ Ἐμπόρου καὶ τοῦ Τραπεζίτου,Small Guide for the Merchant and the Banker,"ἐκδ. β΄, σελ. 64",3,Δρχ.,2nd edition
1904,IMG_1451.jpeg,Ἐμπορικά,Commercial / Commerce,,ΟΙΚΟΝΟΜΟΠΟΥΛΟΥ ΗΛ. Ι.,Oikonomopoulos Il. I.,"Πλήρης γενικὴ Ἐπιστολογραφία μετὰ τελείου συστήματος ἐγγραφολογίας, ἐμπορευματολογίας καὶ πρακτικῆς καταστιχογραφίας","Complete General Letter Writing Manual with a perfect system of document writing, merchandise knowledge and practical bookkeeping","8ον, σελίδες ις΄–870",25,Δρχ.,
1904,IMG_1452.jpeg,Ἐμπορικά,Commerce,,ΠΑΝΑ Ν. Π.,Panas N. P.,Ἐγχειρίδιον περὶ ναυτικῆς ἐμπορίας,Handbook on Maritime Commerce,"8ον, σελ. 132",5.—,Δρ.,
1904,IMG_1452.jpeg,Ἐμπορικά,Commerce,,ΡΑΦΤΑΝΗ ΣΕΡΓΙΟΥ Χ.,Raftanis Sergios Ch.,"Τοκολόγιον, ἤτοι Τοκοφόροι πίνακες ἁπασῶν τῶν ἡμερῶν τοῦ ἔτους ἐπὶ ὡρισμένων κεφαλαίων, χρόνων καὶ ἐπιτοκίων","Interest Tables, or Interest-bearing tables for all days of the year on specified capitals, durations, and interest rates","8ον, σελίδες κδ — 438",24.—,Δρ.,
1904,IMG_1452.jpeg,Ἐμπορικά,Commerce,,ΡΟΥΣΟΠΟΥΛΟΥ Ο. Α.,Rousopoulos O. A.,Ἐμπορευματολογία,Merchandise Studies / Commodity Science,"8ον, σελ. 160",25.—,Δρ.,
1904,IMG_1452.jpeg,Ἐμπορικά,Commerce,,ROSENTHAL S. & TAPPONNIER A.,Rosenthal S. & Tapponnier A.,"Table d'intérêt simple, à 6%, 5%, 4%, 3%, 2%, 1% par année","Table of simple interest, at 6%, 5%, 4%, 3%, 2%, 1% per year",8ον,20.—,Δρ.,
1904,IMG_1452.jpeg,Ἐμπορικά,Commerce,,ΣΑΚΕΛΛΑΡΙΔΟΥ Ι. ΓΡ.,Sakellaridou I. Gr.,Νέα Μέθοδος πρακτικῆς καὶ ἁπλουστάτης Διπλογραφίας,New Method of Practical and Simple Double-Entry Bookkeeping,"8ον, σελίδες 16+2 πίναξι",10.—,Δρ.,
1904,IMG_1452.jpeg,Ἐμπορικά,Commerce,,ΣΟΥΤΣΟΥ Ι. Α.,Soutsos I. A.,"Πλουτολογία, τόμοι 2","Plutology / Political Economy, 2 volumes","8ον, σελίδες ιη΄-1512",40.—,Δρ.,
1904,IMG_1452.jpeg,Ἐμπορικά,Commerce,,ΣΠΗΛΙΟΠΟΥΛΟΥ Ε. Σ.,Spiliopoulos E. S.,Διδασκαλία Διπλογραφικῆς Καταστιχώσεως,Instruction on Double-Entry Bookkeeping Registration,4ον,10.—,Δρ.,
1904,IMG_1452.jpeg,Ἐμπορικά,Commerce,,ΣΠΗΛΙΟΠΟΥΛΟΥ Ε. Σ.,Spiliopoulos E. S.,Συγκριτικὸς Πίναξ τῶν παλαιῶν μέτρων καὶ σταθμῶν πρὸς τὰ τοῦ δεκαδικοῦ συστήματος: Τιμὴ τοῦ χιλιογράμμου καὶ τῶν ὑποδιαιρέσεων αὐτοῦ,Comparative Table of old measures and weights to those of the decimal system: Price of the kilogram and its sub-units,,0.20,Δρ.,
1904,IMG_1452.jpeg,Ἐμπορικά,Commerce,,ΤΖΑΝΕΤΑΚΗ Π. Π.,Tzanetakis P. P.,"Πίνακες, ἐμφαίνοντες τοὺς τόκους τοὺς ἀντιστοιχοῦντας εἰς ἕκαστον τοκάριθμον πρὸς 4—9 τοῖς %. Πίνακες 9 χαρτόδετοι",Tables showing the interest corresponding to each interest number at 4-9%. 9 hardbound tables,,20.—,Δρ.,
1904,IMG_1452.jpeg,Ἐμπορικά,Commerce,,ΤΣΙΛΙΜΙΓΚΡΑ Α. Δ.,Tsilimigras A. D.,"Ὁδηγὸς τοῦ διὰ τῶν ἀλγεβρικῶν λογαρίθμων λογισμοῦ, μετὰ πινάκων","Guide to Calculation by Algebraic Logarithms, with tables","8ον, σελίδες 151",16.—,Δρ.,
1904,IMG_1452.jpeg,Ἐμπορικά,Commerce,,ΦΙΛΩΝΟΣ Ν.,Filon N.,"Ἐγχειρίδιον Ἐμπορικῆς Ἀλληλογραφίας, ἤτοι ὁδηγὸς πρὸς σύνταξιν τελείων ἐμπορικῶν ἐπιστολῶν","Handbook of Commercial Correspondence, or guide to drafting perfect commercial letters","8ον, σελίδες η΄-204",14.—,Δρ.,
1904,IMG_1452.jpeg,Ἐμπορικά,Commerce,,ΦΩΤΙΑΔΟΥ Π. Σ.,Fotiadou P. S.,"Ὁδηγὸς συναλλαττομένων, ἤτοι περὶ δεκαδικοῦ συστήματος καὶ νομισμάτων, μέτρων καὶ σταθμῶν","Guide for Traders, or on the decimal system and currencies, weights, and measures","8ον, σελίδες 64",2.20,Δρ.,
1904,IMG_1452.jpeg,Ἐμπορικά,Commerce,,ΧΑΡΑΤΖΗ Δ.,Charatzis D.,"Διπλογραφία καὶ ἐμπορικὴ Λογιστική, κατὰ τὸν ὁλλανδικὸν τρόπον","Double-entry Bookkeeping and Commercial Accounting, according to the Dutch method","4ον, σελίδες 72",8.—,Δρ.,
1904,IMG_1452.jpeg,Ἐμπορικά,Commerce,,ΧΑΡΙΣΙΑΔΟΥ Ν.,Charisiadou N.,Λογιστικῆς στοιχεῖα. Μέρος Α΄: Διπλογραφία,Elements of Accounting. Part I: Double-entry Bookkeeping,"8ον, σ. 96",7.—,Δρ.,
1904,IMG_1452.jpeg,Ἐμπορικά,Commerce,,ΧΑΡΙΣΙΑΔΟΥ Ν.,Charisiadou N.,"Λογιστικῆς στοιχεῖα. Μέρος Β΄: Ἐμπορική, βιομηχανικὴ καὶ τραπεζιτικὴ διπλογραφία","Elements of Accounting. Part II: Commercial, industrial, and banking double-entry bookkeeping","8ον, σελίδες 172",10.—,Δρ.,
1904,IMG_1452.jpeg,Ἐμπορικά,Commerce,,ΧΑΡΙΣΙΑΔΟΥ Ν.,Charisiadou N.,Ἐπίτομος Πλουτολογία ἢ Πολιτικὴ Οἰκονομία,Abridged Plutology or Political Economy,"8ον, σ. 90",5.—,Δρ.,
1904,IMG_1452.jpeg,Ἐμπορικά,Commerce,,ΧΡΗΣΤΟΒΑΣΙΛΗ,Christovasili,"Αὐτοδίδακτος Διπλογραφία, ἤτοι τελεία ἐκμάθησις τῆς καταστιχογραφίας πρακτικῶς καὶ θεωρητικῶς εἰς δέκα μόνον ἡμέρας","Self-taught Double-entry Bookkeeping, i.e. complete learning of bookkeeping practically and theoretically in only ten days","8ον, σ. 194",12.—,Δρ.,
1904,IMG_1452.jpeg,Ἐμπορικά,Commerce,,ΧΡΟΝΗ ΜΙΧ.,Chronis Mich.,Ὁ Ἑρμῆς,Hermes,σελ. 63,5.—,Δρ.,
1904,IMG_1453.jpeg,ΝΑΥΤΙΚΑ,Nautical / Maritime,,ΓΟΥΔΑ ΜΙΧ.,Gouda Mich.,"Στοιχεῖα πρακτικῆς Ναυτιλίας, πρὸς χρῆσιν τῶν ἐμποροπλοιάρχων.—Ναυτιλία κατ' ἀναμέτρησιν","Elements of Practical Navigation, for the use of merchant captains.—Dead reckoning navigation","8ον, σελίδες 155. Πίνακες 1—97+",25.—,Δρχ.,
1904,IMG_1453.jpeg,ΝΑΥΤΙΚΑ,Nautical / Maritime,,ΓΟΥΔΑ ΜΙΧ.,Gouda Mich.,"Διεθνὴς Κῶδιξ σημάτων, πρὸς χρῆσιν πλοίων παντὸς ἔθνους, καταρτισθεὶς καὶ μεταφρασθεὶς διαταγῇ τοῦ ἐπὶ τῶν ναυτικῶν ὑπουργείου","International Code of Signals, for the use of ships of all nations, compiled and translated by order of the Ministry of Naval Affairs","4ον, σελίδες 521 καὶ 16 πίνακες, πανδόδετον+",130.—,Δρχ.,
1904,IMG_1453.jpeg,ΝΑΥΤΙΚΑ,Nautical / Maritime,,ΗΣΑΪΟΥ ΙΩΣΗΦ,Isaiou Joseph,"Ὁδηγὸς τῶν ναυτιλλομένων ἑλλήνων πλοιάρχων, κυβερνητῶν καὶ ναυτῶν","Guide for seafaring Greek captains, masters and sailors","8ον, σ. 300 +",10.—,Δρχ.,
1904,IMG_1453.jpeg,ΝΑΥΤΙΚΑ,Nautical / Maritime,,ΚΑΡΟΥΣΟΥ ΟΔ. Δ.,Karousos Od. D.,Ἑλληνικὸς τηλεγραφικὸς Κῶδιξ,Greek Telegraphic Code,"μέγα 8ον, σ. 224, δεδ.",20.—,Δρχ.,
1904,IMG_1453.jpeg,ΝΑΥΤΙΚΑ,Nautical / Maritime,,ΚΟΥΤΣΟΒΙΛΛΗ Ν. Γ.,Koutsovillis N. G.,"Νέος Λιμενοδείκτης πλήρης, μετὰ 250 ὀλοσελίδων λιμενικῶν χαρτῶν, πραγματευόμενος τὸν ὁρισμὸν τῆς γεωγραφικῆς θέσεως τῶν τόπων καὶ τοῦ μεγέθους αὐτῶν, περιγραφὴν τῶν λιμένων, ἐν γένει ὅρμων, νήσων, νησιδίων, ἐπικινδύνων ὑφάλων, βράχων καὶ βαθῶν· τὴν τοπικὴν παραλλαγὴν τῆς μαγνητικῆς βελόνης καὶ τὴν τοποθέτησιν τῶν φάρων καὶ φανῶν μέχρι τοῦ 1899","New Complete Port Pilot, with 250 full-page harbour charts, dealing with the determination of geographical positions and their sizes, description of ports, bays, islands, islets, dangerous shoals, rocks and depths; local magnetic variation and placement of lighthouses up to 1899","μέγα 8ον, σελίδες 608 +",75.—,Δρχ.,
1904,IMG_1453.jpeg,ΝΑΥΤΙΚΑ,Nautical / Maritime,,ΚΟΥΤΣΟΒΙΛΛΗ Ν. Γ.,Koutsovillis N. G.,"Περὶ παρεκτροπῆς τῶν πυξίδων, μετὰ 35 εἰκόνων καὶ 8 πινάκων καὶ πολλῶν παραδειγμάτων","On compass deviation, with 35 illustrations and 8 tables and many examples","μέγ. 8ον, σ. 152+",50.—,Δρχ.,
1904,IMG_1453.jpeg,ΝΑΥΤΙΚΑ,Nautical / Maritime,,ΚΟΥΤΣΟΒΙΛΛΗ Ν. Γ.,Koutsovillis N. G.,"Περὶ ἐξαρτισμοῦ τῶν πλοίων, ἤτοι ἐξέτασις, καταμέτρησις καὶ ἀναλογία τῶν ἐμπορικῶν πλοίων παντὸς εἴδους. Ἁπλαῖ μέθοδοι τοῦ σχεδιάζειν καὶ ἐξαρτύειν πλοῖα καὶ λέμβους, κόπτειν ἐν ἀναλογίᾳ καὶ ἐφαρμογὴν ἱστίων, σχοινίων κλπ. κλπ., μετ' εἰκόνων","On the rigging of ships, namely examination, measurement and proportion of merchant vessels of all types. Simple methods of designing and rigging ships and boats, cutting to proportion and fitting sails, ropes etc. etc., with illustrations","μέγ. 8ον, σελίδες 140 +",12.—,Δρχ.,
1904,IMG_1453.jpeg,ΝΑΥΤΙΚΑ,Nautical / Maritime,,ΜΑΝΤΖΑΒΙΝΟΥ Μ. Π.,Mantzavinos M. P.,Περιγραφὴ Φάρων καὶ Πυρσῶν καὶ πολλῶν ἄλλων ἀντικειμένων καὶ Σημείων,Description of Lighthouses and Beacons and many other objects and Signals,σελ. 136+,10.—,Δρχ.,
1904,IMG_1453.jpeg,ΝΑΥΤΙΚΑ,Nautical / Maritime,,ΜΑΥΡΟΜΜΑΤΟΥ Ι. Γ.,Mavrommatis I. G.,Ἀπάνθισμα τῆς ναυτικῆς ἐπιστήμης,Anthology of Nautical Science,"8ον, σ. 489+",30.—,Δρχ.,
1904,IMG_1453.jpeg,ΝΑΥΤΙΚΑ,Nautical / Maritime,,ΜΑΥΡΟΜΜΑΤΟΥ Ι. Γ.,Mavrommatis I. G.,"Λιμενοδείκτης τῆς Μεσογείου, τοῦ Ἀδριατικοῦ κόλπου, τῶν νήσων τοῦ Αἰγαίου, τῆς Προποντίδος, τῶν ἀκτῶν τῆς Ἀνατολῆς, Συρίας, Αἰγύπτου, Ἀφρικῆς καὶ Μαύρης Θαλάσσης, ὑπὸ Νορἰὲ καὶ Λαμβερτού","Port Guide of the Mediterranean, Adriatic Gulf, Aegean Islands, Propontis, coasts of the East, Syria, Egypt, Africa and Black Sea, by Norie and Lambert","8ον, σελ. η΄—582+",30.—,Δρχ.,
1904,IMG_1453.jpeg,ΝΑΥΤΙΚΑ,Nautical / Maritime,,ΜΑΥΡΟΜΜΑΤΟΥ Ι. Γ.,Mavrommatis I. G.,"Νέος Πρωρεύς, ἢ πρακτικὴ διδασκαλία τῆς ναυτικῆς μετὰ προβλημάτων καὶ ἑρμηνειῶν ἐφαρμοσμένων πρὸς τὴν ἀκτοπλοΐαν καὶ ποντοπλοΐαν, κατὰ τὸν Νότιέ","New Bowsman, or practical instruction of seamanship with problems and interpretations applied to coastal and open-sea navigation, according to Norie","8ον, σελ. θ΄—576+",30.—,Δρχ.,
1904,IMG_1453.jpeg,ΝΑΥΤΙΚΑ,Nautical / Maritime,,MIAOULIS A. A.,Miaoulis A. A.,La marée de l'Euripe,The tide of Euripus,"pages 21, avec 12 tables +",5.—,Δρχ.,
1904,IMG_1453.jpeg,ΝΑΥΤΙΚΑ,Nautical / Maritime,,MIAOULIS A. A.,Miaoulis A. A.,The tides of the Euripus,The tides of the Euripus,μετὰ 12 πινάκων +,5.—,Δρχ.,
1904,IMG_1453.jpeg,ΝΑΥΤΙΚΑ,Nautical / Maritime,,ΠΑΣΧΑΛΗ Ε. Γ.,Paschalis E. G.,Ναυτικὸς τηλεγραφικὸς ὁδηγός,Nautical Telegraphic Guide,"4ον, σελ. ε΄—303+",30.—,Δρχ.,
1904,IMG_1453.jpeg,ΝΑΥΤΙΚΑ,Nautical / Maritime,,ΡΑΖΗ ΛΟΥΚΑΤΟΥ Δ.,Razis Loukatos D.,Τὸ περιπλανώμενον σκάφος ἐν τῷ ὠκεανῷ καὶ ὁδηγίαι πρὸς διακυβέρνησιν αὐτοῦ,The drifting vessel in the ocean and instructions for its command,"4ον, σελίδες 96 + +",10.—,Δρχ.,
1904,IMG_1453.jpeg,ΝΑΥΤΙΚΑ,Nautical / Maritime,,ΣΥΡΙΓΟΥ Ν. Α.,Syrigos N. A.,Βοηθητικὰ ἐπὶ τοῦ βιβλίου Φανῶν καὶ Λιμενοδεικτῶν,Auxiliary notes on the book of Lights and Port Guides,"8ον, σελίδες 42 +",7.—,Δρχ.,
1904,IMG_1453.jpeg,ΝΑΥΤΙΚΑ,Nautical / Maritime,,ΣΥΡΙΓΟΥ Ν. Α.,Syrigos N. A.,"Διατίμησις τῶν ναύλων διὰ τοὺς λιμένας τῆς Μεσογείου, Ἀγγλίας καὶ Ἰσπανίας","Tariff of freights for the ports of the Mediterranean, England and Spain",σελ. 32 +,2.20,Δρχ.,
1904,IMG_1453.jpeg,ΝΑΥΤΙΚΑ,Nautical / Maritime,,ΣΥΡΙΓΟΥ Ν. Α.,Syrigos N. A.,"Λιμενοδείκτης, ἤτοι σχήματα λιμένων καὶ συχναζομένων πορθμῶν καὶ παραλίων τῶν θαλασσῶν Μαρμαρᾶ, Μαύρης καὶ Ἀζοφικῆς","Port Guide, i.e. diagrams of ports and frequented straits and coasts of the Marmara, Black and Azov Seas",πίνακες 56 +,25.—,Δρχ.,
1904,IMG_1453.jpeg,ΝΑΥΤΙΚΑ,Nautical / Maritime,,ΣΥΡΙΓΟΥ Ν. Α.,Syrigos N. A.,"Σχήματα λιμένων τῆς Μεσογείου, Ἀδριατικῆς, Μαύρης καὶ Ἀζοφικῆς θαλάσσης","Diagrams of ports of the Mediterranean, Adriatic, Black and Azov Seas","8ον, σελ. 42 +",8.—,Δρχ.,
1904,IMG_1453.jpeg,ΝΑΥΤΙΚΑ,Nautical / Maritime,,ΣΥΡΙΓΟΥ Ν. Α.,Syrigos N. A.,"Φάροι καὶ Φανοὶ τῆς Μεσογείου, Ἀδριατικῆς, Μαύρης καὶ Ἀζοφικῆς θαλάσσης","Lighthouses and Lights of the Mediterranean, Adriatic, Black and Azov Seas","8ον, σελ. 304 +",18.—,Δρχ.,
1904,IMG_1454.jpeg,"ΓΕΩΡΓΙΚΑ, ΒΙΟΜΗΧΑΝΙΚΑ, ΤΕΧΝΙΚΑ","Agricultural, Industrial, Technical",,ΑΓΑΠΙΟΥ ΜΟΝΑΧΟΥ,Agapios Monachos,"Γεωπονικόν, ἐν ᾧ περιέχονται ἑρμηνεῖαι περὶ σπερματώσεως καρπῶν καὶ φυτεύσεως δένδρων, ἔτι περὶ διαφόρων ἰατρικῶν εἰς πᾶσαν ἀσθένειαν καὶ ἄλλων τινῶν","Geoponikon, containing explanations on seed sowing of fruits and planting of trees, also on various remedies for every disease and other topics",σ. 144+,2.—,Δρχ.,
1904,IMG_1454.jpeg,"ΓΕΩΡΓΙΚΑ, ΒΙΟΜΗΧΑΝΙΚΑ, ΤΕΧΝΙΚΑ","Agricultural, Industrial, Technical",,ΑΓΑΠΙΟΥ ΜΟΝΑΧΟΥ,Agapios Monachos,Γεωπονικόν (ἔκδ. Βενετίας),Geoponikon (Venice edition),"σελίδες 168, χαρτόδετον +",5.—,Δρχ.,
1904,IMG_1454.jpeg,"ΓΕΩΡΓΙΚΑ, ΒΙΟΜΗΧΑΝΙΚΑ, ΤΕΧΝΙΚΑ","Agricultural, Industrial, Technical",,ΑΘΑΝΑΣΙΑΔΟΥ Ν.,Athanasiadou N.,"Πρακτικὸν Ἐγχειρίδιον Γεωργίας, περιέχον Κηπουρικήν, Φυτοκομίαν, Δενδροκομίαν, Ἀμπελουργίαν ὡς καὶ Μηχανικὴν Ἀγρονομίαν","Practical Handbook of Agriculture, containing Gardening, Plant Cultivation, Arboriculture, Viticulture as well as Mechanical Agronomy","32ον, σελίδες 189+",4.—,Δρχ.,
1904,IMG_1454.jpeg,"ΓΕΩΡΓΙΚΑ, ΒΙΟΜΗΧΑΝΙΚΑ, ΤΕΧΝΙΚΑ","Agricultural, Industrial, Technical",,ΑΛΕΞΑΝΔΡΙΔΟΥ Ι.,Alexandridou I.,Χρυσοποιία καὶ λεξικὸν τῆς χρυσοποιίας κατὰ στοιχεῖον,Goldsmithing and alphabetical dictionary of goldsmithing,"8ον, σελίδες 92Χ",3.—,Δρχ.,
1904,IMG_1454.jpeg,"ΓΕΩΡΓΙΚΑ, ΒΙΟΜΗΧΑΝΙΚΑ, ΤΕΧΝΙΚΑ","Agricultural, Industrial, Technical",,ΑΛΕΞΙΑΔΟΥ Β. Δ.,Alexiadou V. D.,"Πρακτικὴ Μαγειρική, ἤτοι λεπτομερεῖς πρακτικαὶ ὁδηγίαι πρὸς κατασκευὴν φαγητῶν μετὰ 454 συνταγῶν καὶ εἰκόνων","Practical Cookery, namely detailed practical instructions for preparing meals with 454 recipes and illustrations","8ον, σελ. 159+",6.—,Δρχ.,
1904,IMG_1454.jpeg,"ΓΕΩΡΓΙΚΑ, ΒΙΟΜΗΧΑΝΙΚΑ, ΤΕΧΝΙΚΑ","Agricultural, Industrial, Technical",,ΑΛΕΞΙΑΔΟΥ Β. Δ.,Alexiadou V. D.,"Μεγάλη οἰκογενειακὴ Μαγειρικὴ καὶ Ζαχαροπλαστική, ἤτοι λεπτομερεῖς πρακτικαὶ ὁδηγίαι πρὸς κατασκευὴν φαγητῶν καὶ γλυκυσμάτων μετὰ 1500 συνταγῶν καὶ πολλῶν εἰκόνων","Great Family Cookery and Confectionery, namely detailed practical instructions for preparing meals and sweets with 1500 recipes and many illustrations","μέγα 8ον, σελίδες 910+",20.—,Δρχ.,
1904,IMG_1454.jpeg,"ΓΕΩΡΓΙΚΑ, ΒΙΟΜΗΧΑΝΙΚΑ, ΤΕΧΝΙΚΑ","Agricultural, Industrial, Technical",,ΑΛΕΞΙΑΔΟΥ Β. Δ.,Alexiadou V. D.,"Μεγάλη Ζαχαροπλαστική, ἤτοι λεπτομερεῖς πρακτικαὶ ὁδηγίαι πρὸς κατασκευὴν διαφόρων γλυκυσμάτων, ποτῶν κτλ., μετ' εἰκόνων","Great Confectionery, namely detailed practical instructions for preparing various sweets, drinks etc., with illustrations","8ον, σ. 277+",9.—,Δρχ.,
1904,IMG_1454.jpeg,"ΓΕΩΡΓΙΚΑ, ΒΙΟΜΗΧΑΝΙΚΑ, ΤΕΧΝΙΚΑ","Agricultural, Industrial, Technical",,ΑΛΕΞΙΟΥ Α. Ι.,Alexiou A. I.,Ἐγχειρίδιον Ζαχαροπλαστικῆς,Handbook of Confectionery,"8ον, σελ. 186+",12.—,Δρχ.,
1904,IMG_1454.jpeg,"ΓΕΩΡΓΙΚΑ, ΒΙΟΜΗΧΑΝΙΚΑ, ΤΕΧΝΙΚΑ","Agricultural, Industrial, Technical",,ΒΑΡΒΑΤΗ Κ.,Varvati K.,Πρακτικὰ μαθήματα μελισσοκομίας,Practical lessons in apiculture,"8ον, σελ. 235+",6.—,Δρχ.,
1904,IMG_1454.jpeg,"ΓΕΩΡΓΙΚΑ, ΒΙΟΜΗΧΑΝΙΚΑ, ΤΕΧΝΙΚΑ","Agricultural, Industrial, Technical",,BATIFOI Κ.,Vatifoi K.,Ἐγχειρίδιον βαφικῆς,Handbook of Dyeing,"32ον, σελίδες 61+",4.—,Δρχ.,
1904,IMG_1454.jpeg,"ΓΕΩΡΓΙΚΑ, ΒΙΟΜΗΧΑΝΙΚΑ, ΤΕΧΝΙΚΑ","Agricultural, Industrial, Technical",,BERTHAUT,Berthaut,"Διδασκαλία πρὸς ἀνάγνωσιν τῶν Τοπογραφικῶν Χαρτῶν, μετάφρασις Δ. Παπαδήμα","Instruction for reading Topographical Maps, translation by D. Papadimas",σελ. 63+,5.—,Δρχ.,
1904,IMG_1454.jpeg,"ΓΕΩΡΓΙΚΑ, ΒΙΟΜΗΧΑΝΙΚΑ, ΤΕΧΝΙΚΑ","Agricultural, Industrial, Technical",,ΒΟΥΡΟΥ Ν. Γ.,Vourou N. G.,Κηπουρικὸν Ἡμερολόγιον Διαρκές,Perpetual Gardening Calendar,σελ. 272++,5.—,Δρχ.,
1904,IMG_1454.jpeg,"ΓΕΩΡΓΙΚΑ, ΒΙΟΜΗΧΑΝΙΚΑ, ΤΕΧΝΙΚΑ","Agricultural, Industrial, Technical",,ΓΕΝΝΑΔΙΟΥ Π. Γ.,Gennadiou P. G.,Περὶ βάμβακος,On Cotton,"8ον, σελίδες 117+",15.—,Δρχ.,
1904,IMG_1454.jpeg,"ΓΕΩΡΓΙΚΑ, ΒΙΟΜΗΧΑΝΙΚΑ, ΤΕΧΝΙΚΑ","Agricultural, Industrial, Technical",,ΓΕΝΝΑΔΙΟΥ Π. Γ.,Gennadiou P. G.,"Περὶ κοκκοειδῶν (ψωριάσεων τῶν φυτῶν) καὶ ἰδίως περὶ τοῦ κοκκίνου κρεμεζίου, τῶν ἑσπεριδοειδῶν",On Coccoidea (scale insects of plants) and particularly on red cochineal of citrus plants,"32ον, σελίδες 51+",3.—,Δρχ.,
1904,IMG_1454.jpeg,"ΓΕΩΡΓΙΚΑ, ΒΙΟΜΗΧΑΝΙΚΑ, ΤΕΧΝΙΚΑ","Agricultural, Industrial, Technical",,ΓΕΩΡΓΑΚΟΠΟΥΛΟΥ Α. Ν.,Georgakopoulou A. N.,Ἐγχειρίδιον Ἐλαιουργίας,Handbook of Olive Oil Production,"8ον, σελ. 176+",18.—,Δρχ.,
1904,IMG_1454.jpeg,"ΓΕΩΡΓΙΚΑ, ΒΙΟΜΗΧΑΝΙΚΑ, ΤΕΧΝΙΚΑ","Agricultural, Industrial, Technical",,ΓΕΩΡΓΙΑΔΟΥ Α. Ι.,Georgiadou A. I.,Οἰκιακὴ δενδροκομία,Domestic Arboriculture,σελίδες 64+,2.20,Δρχ.,
1904,IMG_1454.jpeg,"ΓΕΩΡΓΙΚΑ, ΒΙΟΜΗΧΑΝΙΚΑ, ΤΕΧΝΙΚΑ","Agricultural, Industrial, Technical",,ΓΚΙΝΝΟΠΟΥΛΟΥ Ν. Σ.,Gkinnopoulou N. S.,Οἰκιακὴ Μαγειρική,Domestic Cookery,σελίδες 132+,3.—,Δρχ.,
1904,IMG_1454.jpeg,"ΓΕΩΡΓΙΚΑ, ΒΙΟΜΗΧΑΝΙΚΑ, ΤΕΧΝΙΚΑ","Agricultural, Industrial, Technical",,ΔΑΜΒΕΡΓΗ καὶ ΚΟΜΝΗΝΟΥ,Damvergi and Komninou,"Ὁδηγὸς πρὸς ἐξέτασιν ἐδωδίμων καὶ ποτῶν, ὑφασμάτων, χάρτου, δερμάτων, ἑψικῶν καὶ χρωστικῶν οὐσιῶν, καυσίμων, φωτιστικῶν, οἰκοδομησίμων ὑλῶν, σάπωνος, μηχανῶν, λιπασμάτων, μαγειρικῶν σκευῶν, κοσμητικῶν εἰδῶν, μεταλλευμάτων, μετάλλων, μεταλλοκραμάτων καὶ ἐκρηκτικῶν οὐσιῶν, ὡς καὶ εἰδῶν χρησίμων τῷ στρατῷ καὶ τῷ ναυτικῷ, μετὰ πολυαρίθμων πινάκων καὶ σχημάτων","Guide to the examination of edibles and drinks, fabrics, paper, hides, tanning and coloring substances, fuels, illuminants, building materials, soap, machines, fertilizers, cookware, cosmetics, ores, metals, alloys, and explosives, as well as items useful for the army and navy, with numerous tables and diagrams","8ον, σελίδες ια'—880+",150.—,Δρχ.,
1904,IMG_1454.jpeg,"ΓΕΩΡΓΙΚΑ, ΒΙΟΜΗΧΑΝΙΚΑ, ΤΕΧΝΙΚΑ","Agricultural, Industrial, Technical",,ΔΗΜΗΤΡΙΑΔΟΥ ΑΛΕΞ.,Dimitriatou Alex.,"Ὁ Διασταλακτής (λαμπικαριστής), ὁ κατασκευάζων ποτά","The Distiller (still operator), maker of beverages",σελίδες 660,15.—,Δρχ.,
1904,IMG_1454.jpeg,"ΓΕΩΡΓΙΚΑ, ΒΙΟΜΗΧΑΝΙΚΑ, ΤΕΧΝΙΚΑ","Agricultural, Industrial, Technical",,ΔΗΜΗΤΡΙΑΔΟΥ ΡΑΪΝΟΛΔΟΥ,Dimitriatou Reinoldou,"Γεωργικά, ἤτοι περὶ καλλιεργείας τῶν σιτηρῶν, τῆς ἀμπέλου καὶ σταφιδαμπέλου, τοῦ καπνοῦ, τῶν λαχανικῶν κτλ.","Agricultural matters, namely on the cultivation of cereals, vines and raisin-vines, tobacco, vegetables, etc.","8ον, σελ. 222+",13.—,Δρχ.,
1904,IMG_1454.jpeg,"ΓΕΩΡΓΙΚΑ, ΒΙΟΜΗΧΑΝΙΚΑ, ΤΕΧΝΙΚΑ","Agricultural, Industrial, Technical",,ΔΗΜΗΤΡΙΑΔΟΥ ΡΑΪΝΟΛΔΟΥ,Dimitriatou Reinoldou,"Κτηνοτροφία Ἑλληνική, μετὰ πολλῶν εἰκόνων","Greek Livestock Farming, with many illustrations","8ον, σ. 360+",20.—,Δρχ.,
1904,IMG_1454.jpeg,"ΓΕΩΡΓΙΚΑ, ΒΙΟΜΗΧΑΝΙΚΑ, ΤΕΧΝΙΚΑ","Agricultural, Industrial, Technical",,ΔΙΟΝΥΣΙΟΥ ΙΕΡΟΜΟΝΑΧΟΥ ΤΟΥ ΖΩΓΡΑΦΟΥ,Dionysiou Hieromonachou tou Zographou,"Ἑρμηνεία τῶν ζωγράφων, ὡς πρὸς τὴν ἐκ-","Interpretation of painters, regarding...",,,Δρχ.,Incomplete entry at bottom of page
1904,IMG_1455.jpeg,ΠΟΙΗΜΑΤΑ,Poems,,ΑΡΑΒΑΝΟΠΟΥΛΟΥ Σ. Α. καὶ ΔΗΜΗΤΡΙΑΔΟΥ Ι. ΠΡ.,Aravanopoulos S. A. and Dimitriadis I. Pr.,Προσφιλεῖς Ἀναμνήσεις,Dear Memories,"8ον, σελίδες 62",3.—,Δρχ.,
1904,IMG_1455.jpeg,ΠΟΙΗΜΑΤΑ,Poems,,ΒΑΣΙΛΙΚΟΥ Π.,Vasilikos P.,Τὰ Ἐλεγεῖα καὶ τὰ Εἰδύλλια,The Elegies and Idylls,σελίδες 78,9.—,Δρχ.,
1904,IMG_1455.jpeg,ΠΟΙΗΜΑΤΑ,Poems,,ΒΑΣΙΛΙΚΟΥ Π.,Vasilikos P.,Τραγούδια τῆς ἐρημιᾶς,Songs of Wilderness,σ. 124,12.20,Δρχ.,
1904,IMG_1455.jpeg,ΠΟΙΗΜΑΤΑ,Poems,,ΒΑΣΣΑΡΔΑΚΗ ΚΛ.,Vassardakis Kl.,Τὰ πρῶτα Τολμήματα,First Bold Attempts,"8ον, σελίδες 12",6.—,Δρχ.,
1904,IMG_1455.jpeg,ΠΟΙΗΜΑΤΑ,Poems,,ΒΕΚΕΡΕΛΛΗ Ε. Β.,Vekerellis E. V.,Ἡ παράφρων,The Mad Woman,"8ον, σελίδες 39",6.—,Δρχ.,
1904,IMG_1455.jpeg,ΠΟΙΗΜΑΤΑ,Poems,,BENETA A. Π.,Veneta A. P.,Δυρισμοί,Dyrismoi,σελ. 250,15.—,Δρχ.,
1904,IMG_1455.jpeg,ΠΟΙΗΜΑΤΑ,Poems,,ΒΗΛΑΡΑ Ι.,Vilaras I.,Ἅπαντα,Complete Works,"8ον, σελ. 256",7.—,Δρχ.,
1904,IMG_1455.jpeg,ΠΟΙΗΜΑΤΑ,Poems,,ΒΙΖΥΗΝΟΥ Γ. Μ.,Bizyenos G. M.,Ἀτθίδες Αὖραι,Atthid Breezes,"8ον, σελίδες 310",20.—,Δρχ.,
1904,IMG_1455.jpeg,ΠΟΙΗΜΑΤΑ,Poems,,ΒΙΖΥΗΝΟΥ Γ. Μ.,Bizyenos G. M.,"Κόδρος, ἐπικὸν ποίημα","Codrus, Epic Poem","8ον, σελίδες 80",3.—,Δρχ.,
1904,IMG_1455.jpeg,ΠΟΙΗΜΑΤΑ,Poems,,ΒΛΑΧΟΥ Α.,Vlachos A.,Τραγούδια Ἑρρίκου Ἄϊνε,Songs of Heinrich Heine,"32ον, σελίδες 150",9.—,Δρχ.,
1904,IMG_1455.jpeg,ΠΟΙΗΜΑΤΑ,Poems,,ΓΡΙΜΑΝΗ ΜΙΧ.,Grimanis Mich.,"Εἰδύλλια, μετὰ προλόγου περὶ βουκολικῆς ποιήσεως","Idylls, with a preface on bucolic poetry","8ον, σελίδες ις΄-80",4.—,Δρχ.,
1904,IMG_1455.jpeg,ΠΟΙΗΜΑΤΑ,Poems,,CARADJAY Dre,Caradjay Dre,Misa Egizia,Egyptian Mass,σ. 92,4.—,Δρχ.,
1904,IMG_1455.jpeg,ΠΟΙΗΜΑΤΑ,Poems,,ΔΗΓΛΙΤΖ Π.,Diglitz P.,Ποιήματα,Poems,"8ον, σ. 34",5.—,Δρχ.,
1904,IMG_1455.jpeg,ΠΟΙΗΜΑΤΑ,Poems,,ΔΗΜΗΤΡΑΚΟΠΟΥΛΟΥ Π.,Dimitrakopoulos P.,"Σάτυραι, Α΄ Σκόνπι-διάδα (ἤγουν ξομολόγησες ἑνὸς κάρρου μὲ σκουπίδια) ἡρωϊκὴ ἐποποιΐα σὲ ῥαψῳδίες δεκαέξη καὶ γενεὲς δεκατέσσερες","Satires, 1st Skonpi-ad (meaning confessions of a garbage cart) heroic epic in sixteen rhapsodies and fourteen generations","8ον, σελ. ι΄-127",6.—,Δρχ.,
1904,IMG_1455.jpeg,ΠΟΙΗΜΑΤΑ,Poems,,ΔΡΙΜΥΤΙΚΟΥ Ν.,Drimytikos N.,Βοσκοπούλα ἡ εὔμορφη,The Beautiful Shepherdess,"ἔκδ. Βενετίας, 32ον, σελ. 22",0.20,Δρχ.,
1904,IMG_1455.jpeg,ΠΟΙΗΜΑΤΑ,Poems,,ΔΡΟΣΙΝΗ Γ.,Drosinis G.,"Γαλήνη, 1901-1902","Serenity, 1901-1902","8ον, σελίδες 111",22.—,Δρχ.,
1904,IMG_1455.jpeg,ΠΟΙΗΜΑΤΑ,Poems,,ΕΛΕΥΘΕΡΟΠΟΥΛΟΥ ΑΒΡ.,Eleftheropoulos Avr.,Ὁ Ἕλλην καὶ ἡ Φρόσω,The Greek and Froso,"8ον, σελίδες 33",5.—,Δρχ.,
1904,IMG_1455.jpeg,ΠΟΙΗΜΑΤΑ,Poems,,ΕΥΑΓΓΕΛΙΔΟΥ ΒΙΡΓ. Π.,Evangelidis Virg. P.,Πρῶτοι Στίχοι,First Verses,σελίδες 93,3.—,Δρχ.,
1904,IMG_1455.jpeg,ΠΟΙΗΜΑΤΑ,Poems,,ΕΥΑΓΓΕΛΙΔΟΥ ΒΙΡΓ. Π.,Evangelidis Virg. P.,Ἔπεα πτερόεντα,Winged Words,"8ον, σελίδες 206",10.—,Δρχ.,
1904,IMG_1455.jpeg,ΠΟΙΗΜΑΤΑ,Poems,,ΕΥΓΕΝΗ Φ. Ε.,Evgeni F. E.,Χαραυγαί,Dawns,σ. 62,3.—,Δρχ.,
1904,IMG_1455.jpeg,ΠΟΙΗΜΑΤΑ,Poems,,ΕΥΚΛΕΙΔΟΥ Φ. Α.,Eukleidis F. A.,"Δύσελπις· Εὔελπις ἢ ὁ Ἄγνωστος Ποιητής, ποίημα εἰς ᾄσματα τρία","Dyselpis / Evelpis or the Unknown Poet, poem in three cantos","8ον, σελίδες 96",5.—,Δρχ.,
1904,IMG_1455.jpeg,ΠΟΙΗΜΑΤΑ,Poems,,GRAF ARTURO,Graf Arturo,Versi,Verses,σελ. 147,5.—,Δρχ.,
1904,IMG_1455.jpeg,ΠΟΙΗΜΑΤΑ,Poems,,HOLINKY A.,Holinky A.,Chant des Ghazi,Song of the Ghazi,"32ον, σελίδες 14",1.—,Δρχ.,
1904,IMG_1455.jpeg,ΠΟΙΗΜΑΤΑ,Poems,,ΘΕΟΛΟΓΗ Θ. Γ.,Theologis Th. G.,"Τὰ Ποικιλόχροα Ἄνθη, ἤτοι συλλογὴ ἠθικῶν καὶ τερπνῶν ποιημάτων","The Multicolor Flowers, namely a collection of moral and delightful poems",σελίδες ε΄-82,5.,Δρχ.,
1904,IMG_1455.jpeg,ΠΟΙΗΜΑΤΑ,Poems,,ΙΩΑΝΝΙΔΟΥ Ι. Π.,Ioannidis I. P.,Ζέφυροι,Zephyrs,"8ον, σελίδες 64, δεδεμένον",6.—,Δρχ.,
1904,IMG_1455.jpeg,ΠΟΙΗΜΑΤΑ,Poems,,ΙΩΑΝΝΙΔΟΥ Ι. Π.,Ioannidis I. P.,Πικροδάφνες,Oleanders,σελίδες 103,10.—,Δρχ.,
1904,IMG_1455.jpeg,ΠΟΙΗΜΑΤΑ,Poems,,ΙΩΑΝΝΙΔΟΥ Ι. Π.,Ioannidis I. P.,"Ποιήσεις, Λυγμοί, Σκιαί, Ζέφυροι","Poems, Sobs, Shadows, Zephyrs",,10.—,Δρχ.,
1904,IMG_1455.jpeg,ΠΟΙΗΜΑΤΑ,Poems,,ΙΩΑΝΝΙΔΟΥ Ι. Π.,Ioannidis I. P.,Ῥεμβασμοί,Reveries,"8ον, σελ. 57",5.—,Δρχ.,
1904,IMG_1455.jpeg,ΠΟΙΗΜΑΤΑ,Poems,,ΙΩΑΝΝΙΔΟΥ Ι. Π.,Ioannidis I. P.,Χρυσαλίδες,Chrysalises,"8ον, σελ. 44",2.—,Δρχ.,
1904,IMG_1455.jpeg,ΠΟΙΗΜΑΤΑ,Poems,,ΙΩΑΝΝΙΔΟΥ Ι. Π.,Ioannidis I. P.,"Χειμεριναὶ Νύκτες, τόμος Α΄, τεῦχος Α΄. Ἑσπεριναὶ Ἐμπνεύσεις","Winter Nights, Volume I, Issue I: Evening Inspirations","8ον, σελίδες 64",2.—,Δρχ.,
1904,IMG_1455.jpeg,ΠΟΙΗΜΑΤΑ,Poems,,ΙΩΑΝΝΙΔΟΥ Σ.,Ioannidis S.,"Βασίλειος Διγενὴς Ἀκρίτης ὁ Καππαδόκης, ἔπος μεσαιωνικόν, ἐκ τοῦ χειρογράφου Τραπεζοῦντος","Digenes Akritas the Cappadocian, medieval epic, from the Trebizond manuscript",σελίδες 208,7.—,Δρχ.,
1904,IMG_1455.jpeg,ΠΟΙΗΜΑΤΑ,Poems,,ΚΑΛΑΘΑΚΗ ΠΕΡ.,Kalathakis Per.,Ὁ ἐρημίτης τῆς Ἴδης,The Hermit of Ida,"8ον, σελίδες 64",3.—,Δρχ.,
1904,IMG_1455.jpeg,ΠΟΙΗΜΑΤΑ,Poems,,ΚΑΛΛΙΒΟΥΡΣΗ Π.,Kallivoursis P.,Νησιωτικὰ ἔπη,Island Epics,"8ον, σελίδες 58",3.—,Δρχ.,
1904,IMG_1455.jpeg,ΠΟΙΗΜΑΤΑ,Poems,,ΚΑΜΠΑ Ν. Γ.,Kampas N. G.,Στίχοι,Verses,"8ον, σ. 107",10.—,Δρχ.,
1904,IMG_1455.jpeg,ΠΟΙΗΜΑΤΑ,Poems,,ΚΑΜΠΟΥΡΟΓΛΟΥ Δ. ΓΡ.,Kampouroglou D. Gr.,"Παλαιαὶ ἁμαρτίαι, λυρικὴ συλλογή","Old Sins, lyric collection","8ον, σ. 24",4.—,Δρχ.,
1904,IMG_1455.jpeg,ΠΟΙΗΜΑΤΑ,Poems,,ΚΑΜΠΟΥΡΟΓΛΟΥ Δ. ΓΡ.,Kampouroglou D. Gr.,Ἡ φωνὴ τῆς καρδιᾶς μου,The Voice of My Heart,σ. 36,2.—,Δρχ.,
1904,IMG_1455.jpeg,ΠΟΙΗΜΑΤΑ,Poems,,ΚΑΜΠΟΥΡΟΓΛΟΥ Ι. Κ.,Kampouroglou I. K.,Ἡ Ἀκρόπολις,The Acropolis,σελίδες 71,3.—,Δρχ.,
1904,IMG_1455.jpeg,ΠΟΙΗΜΑΤΑ,Poems,,ΚΑΜΠΟΥΡΟΓΛΟΥ Ι. Κ.,Kampouroglou I. K.,Ποιήσεις-Νεότης,Poetry-Youth,σελίδες 72,5.—,Δρχ.,
1904,IMG_1455.jpeg,ΠΟΙΗΜΑΤΑ,Poems,,ΚΑΜΠΟΥΡΟΓΛΟΥ Ι. Κ.,Kampouroglou I. K.,"1900, ποιητικὴ συλλογή, μετ' εἰκόνων","1900, Poetry Collection, Illustrated",σελίδες η΄-311,20.—,Δρχ.,
1896,IMG_1456.jpeg,Ποιήματα,Poems,,ΚΑΡΥΔΟΥ Σ. Κ.,Karydos S. K.,"Ἔμμετρα καὶ Πεζά, βιβλίον Α΄—Γ΄","Verses and Prose, books 1-3","8ον, σ. δεδεμ.",10.—,Δρχ.,
1896,IMG_1456.jpeg,Ποιήματα,Poems,,ΚΑΣΔΑΓΛΗ Α.,Kasdaglis A.,"Ἀπολεσθεὶς Παράδεισος, ὑπὸ τοῦ ἄγγλου Μίλτωνος, μετ' εἰκόνων μεγάλων","Paradise Lost, by the English Milton, with large illustrations","4ον, σελ. 16΄—170",140.—,Δρχ.,
1896,IMG_1456.jpeg,Ποιήματα,Poems,,ΚΑΤΑΚΟΥΖΗΝΟΥ Α.,Katakouzinos A.,Ἡ Θυγάτηρ τοῦ Τειρεσίου καὶ ὁ Υἱὸς τοῦ Δημίου,The Daughter of Tiresias and the Son of the Executioner,"32ον, σελίδες 63",5.—,Δρχ.,
1896,IMG_1456.jpeg,Ποιήματα,Poems,,ΚΕΣΣΙΣΟΓΛΟΥ Π. Ν.,Kessisoglou P. N.,Φαέθων,Phaethon,"8ον, σελίδες 78",4.—,Δρχ.,
1896,IMG_1456.jpeg,Ποιήματα,Poems,,ΚΟΚΚΟΥ Δ. Ι.,Kokkos D. I.,Ἆισματα κωμειδυλλίων,Songs of Comedidylls,σελίδες 16,1.—,Δρχ.,
1896,IMG_1456.jpeg,Ποιήματα,Poems,,ΚΟΚΚΟΛΑΤΟΥ ΚΛ. ΧΡ.,Kokkolatos Kl. Chr.,"Νεανικὴ Μοῦσα, ἤτοι συλλογὴ ἐπιγραμμάτων, ποιημάτων κλ.","Youthful Muse, namely a collection of epigrams, poems etc.",σελίδες 80,5.—,Δρχ.,
1896,IMG_1456.jpeg,Ποιήματα,Poems,,ΚΟΥΦΑ Β.,Koufas V.,Λυρικαὶ μεταφράσεις καὶ πρωτότυποι ποιήσεις,Lyrical translations and original poems,"8ον, σ. ιγ΄-144",5.—,Δρχ.,
1896,IMG_1456.jpeg,Ποιήματα,Poems,,ΚΟΥΜΑΝΟΥΔΗ ΣΤ. Α.,Koumanoudis St. A.,Στράτις Καλοπίχειρος,Stratis Kalopicheiros,"32ον, σελίδες 270",8.—,Δρχ.,
1896,IMG_1456.jpeg,Ποιήματα,Poems,,ΚΡΙΛΩΦ Ι. Α.,Krylov I. A.,Μῦθοι,Fables,σελ. 125,10.—,Δρχ.,
1896,IMG_1456.jpeg,Ποιήματα,Poems,,ΚΩΝΣΤΑΝΤΙΝΙΔΟΥ Α.,Konstantinidou A.,"Ὁ ἔρως, ἤτοι συλλογὴ ἐρωτικῶν ἁσμάτων","Love, or a collection of love songs",σελ. 64,1.20,Δρχ.,
1896,IMG_1456.jpeg,Ποιήματα,Poems,,ΛΑΓΟΥΔΑΚΗ Γ.,Lagoudakis G.,"Ὁ ἅγιος Γεώργιος ὁ Κωδωνᾶς, ἢ Μάρθα καὶ Μίνως","Saint George Kodonas, or Martha and Minos","8ον, σελίδες 122",5.—,Δρχ.,
1896,IMG_1456.jpeg,Ποιήματα,Poems,,LAMBROS SP. P.,Lambros Sp. P.,"Collection de Romans Grecs, en langue vulgaire et en vers publiés pour la première fois d'après les manuscrits de Leyde et d'Oxford","Collection of Greek Romances, in vulgar language and in verse published for the first time after the manuscripts of Leyden and Oxford","8ον, σελ. CXXV—380",100.—,Δρχ.,
1896,IMG_1456.jpeg,Ποιήματα,Poems,,ΛΕΓΡΑΝΔ ΑΙΜ.,Legrand Émile,"Περὶ τοῦ γέροντος τοῦ φρονίμου Μουτζοκουρεμένου, ποίημα νῦν τὸ πρῶτον ἐκ τοῦ ἐν Παρισίοις χειρογράφου ἐκδοθέν","About the wise shaven old man, a poem now published for the first time from the Paris manuscript","8ον, σ. 54",30.—,Δρχ.,
1896,IMG_1456.jpeg,Ποιήματα,Poems,,ΛΙΜΠΕΡΙΟΥ Π. Ν.,Liberios P. N.,Ἀκτῖνες,Rays,"8ον, σελίδες 82",1.—,Δρχ.,
1896,IMG_1456.jpeg,Ποιήματα,Poems,,ΜΑΚΡΙΔΟΥ Ν. Κ.,Makridou N. K.,Ἄνθη καὶ Φύλλα,Flowers and Leaves,σελίδες 48,3.—,Δρχ.,
1896,IMG_1456.jpeg,Ποιήματα,Poems,,ΜΑΡΚΟΠΟΥΛΟΥ Κ. Ν.,Markopoulos K. N.,"Ἐνθύμησις, μετὰ μυθολογικῶν εἰκόνων","Remembrance, with mythological images","8ον, σ. 192",5.—,Δρχ.,
1896,IMG_1456.jpeg,Ποιήματα,Poems,,ΜΑΡΚΟΡΑ ΓΕΡ.,Markoras Ger.,Μικρὰ ταξίδια,Small Trips,"8ον, σελίδες 243",20.—,Δρχ.,
1896,IMG_1456.jpeg,Ποιήματα,Poems,,ΜΕΛΙΣΣΗΝΟΥ Σ.,Melissinos S.,"Ἠθικὸς κόσμος, ἐποποιία","Moral World, epic","8ον, σελίδες 540",20.—,Δρχ.,
1896,IMG_1456.jpeg,Ποιήματα,Poems,,ΜΗΛΙΑΡΑΚΗ ΑΝΤ.,Miliarakis Ant.,"Βασίλειος Διγενὴς Ἀκρίτας, ἐποποιΐα βυζαντινὴ τῆς 10ης ἑκατονταετηρίδος, κατὰ τὸ ἐν Ἄνδρῳ ἀνευρεθὲν χειρόγραφον","Digenis Acritas, Byzantine epic of the 10th century, according to the manuscript found in Andros","8ον, σελίδες ιϛ΄—166",30.—,Δρχ.,
1896,IMG_1456.jpeg,Ποιήματα,Poems,,ΜΟΣΧΟΠΟΥΛΟΥ Θ. Χ.,Moschopoulos Th. Ch.,Ἔρως καὶ Ψυχή,Eros and Psyche,"8ον, σελίδες 132",10.—,Δρχ.,
1896,IMG_1456.jpeg,Ποιήματα,Poems,,ΜΟΣΧΟΠΟΥΛΟΥ Θ. Χ.,Moschopoulos Th. Ch.,"Σπουδαὶ ἐν Νυκτί, στίχοι","Studies at Night, verses","8ον, σελίδες 247",10.—,Δρχ.,
1896,IMG_1456.jpeg,Ποιήματα,Poems,,ΜΟΥΣΟΥΡΟΥ Κ.,Mousouros K.,Δάντου ὁ Ἅιδης,Dante's Inferno,"8ον, σελίδες αϛ΄—331, δεδεμένον",60.—,Δρχ.,
1896,IMG_1456.jpeg,Ποιήματα,Poems,,ΜΩΡΑΪΤΙΔΟΥ ΑΛ.,Moraitidis Al.,Δημήτριος ὁ Πολιορκητής,Demetrius the Besieger,"32ον, σελ. 192",5.—,Δρχ.,
1896,IMG_1456.jpeg,Ποιήματα,Poems,,ΝΟΥΚΑ Ε. Κ.,Noukas E. K.,"Ἀνθών, ἤτοι Συλλογὴ πρωτοτύπων διαφόρων ποιημάτων","Anthon (Flowerbed), namely Collection of original various poems","8ον, σελίδες 51",5.—,Δρχ.,
1896,IMG_1456.jpeg,Ποιήματα,Poems,,ΟΙΚΟΝΟΜΙΔΟΥ Α. Κ.,Oikonomidis A. K.,Τραγούδια τοῦ Ὀλύμπου,Songs of Olympus,"8ον, σελ. 159",6.—,Δρχ.,
1896,IMG_1456.jpeg,Ποιήματα,Poems,,ΠΑΛΑΜΑ ΚΩΣΤΗ,Palamas Kostis,Τὰ μάτια τῆς ψυχῆς μου,The Eyes of My Soul,σελίδες 160,10.—,Δρχ.,
1896,IMG_1456.jpeg,Ποιήματα,Poems,,ΠΑΛΑΜΑ ΚΩΣΤΗ,Palamas Kostis,Ἴαμβοι καὶ ἀνάπαιστοι,Iambs and Anapests,"32ον, σελίδες 45",12.—,Δρχ.,
1896,IMG_1456.jpeg,Ποιήματα,Poems,,ΠΑΛΑΜΑ Κ.,Palamas K.,Ὕμνος εἰς τὴν Ἀθηνᾶν,Hymn to Athena,"8ον, σελίδες 29",5.—,Δρχ.,
1896,IMG_1456.jpeg,Ποιήματα,Poems,,ΠΑΝΑ Π.,Panas P.,Δαρτούλα — Δάτμος,Dartoula — Datmos,"8ον, σελίδες 58",3.—,Δρχ.,
1896,IMG_1456.jpeg,Ποιήματα,Poems,,ΠΑΝΑΓΙΩΤΙΔΟΥ Δ. Α.,Panagiotidou D. A.,Ἀνεμώνη,Anemone,σελίδες 44,3.—,Δρχ.,
1896,IMG_1456.jpeg,Ποιήματα,Poems,,ΠΑΝΑΓΙΩΤΙΔΟΥ Γ. Ν.,Panagiotidou G. N.,Ἡ ἄνοιξις,Spring,"8ον, σελίδες 52",3.—,Δρχ.,
1896,IMG_1456.jpeg,Ποιήματα,Poems,,ΠΑΠΑΔΗΜΗΤΡΙΟΥ Φ.,Papadimitriou F.,Tὸ χρυσοῦν ὄνειρον,The Golden Dream,"8ον, σελίδες 86",5.—,Δρχ.,
1896,IMG_1456.jpeg,Ποιήματα,Poems,,ΠΑΠΑΖΟΓΛΗ ΚΛ.,Papazoglou Kl.,"Ὁ Δὸν Παέζ, ἢ μία νὺξ ἐν Ἱσπανίᾳ, ποίημα","Don Paez, or One Night in Spain, poem",σελ. 34,2.—,Δρχ.,
1896,IMG_1456.jpeg,Ποιήματα,Poems,,ΠΑΠΑΡΡΗΓΟΠΟΥΛΟΥ Δ.,Paparrigopoulos D.,Ποιήσεις,Poems,σ. 141,5.—,Δρχ.,
1896,IMG_1456.jpeg,Ποιήματα,Poems,,ΠΑΠΟΥΛΙΑ Χ. Γ.,Papoulias Ch. G.,Δάκρυα,Tears,"8ον, σ. 37",1.—,Δρχ.,
1896,IMG_1456.jpeg,Ποιήματα,Poems,,ΠΑΡΑΣΧΟΥ ΑΧΙΛΛΕΩΣ,Paraschos Achilleus,Ἐλεγεῖον εἰς τὸν ἀοίδιμον βασιλέα Βίκτωρα Ἐμμανουήλ,Elegy to the Ever-Memorable King Victor Emmanuel,σελίδες 15,0.20,Δρχ.,
1896,IMG_1456.jpeg,Ποιήματα,Poems,,Anonyme / Anthologie,Anonymous / Anthology,"Παρνασσός, ἤτοι Ἀπάνθισμα τῶν ἐκλεκτοτέρων ποιημάτων τῶν νεωτέρων ἑλλήνων ποιητῶν","Parnassus, or Anthology of the finest poems of modern Greek poets","τόμοι 3, σελίδες 2435",25.—,Δρχ.,
1904,IMG_1457.jpeg,Ποιήματα,Poems,,ΠΑΥΛΙΔΟΥ Σ. Π.,Paulidou S. P.,Πρῶτα ποιήματα,First poems,"8ον, σελίδες 72 + +",5.—,Δρχ.,
1904,IMG_1457.jpeg,Ποιήματα,Poems,,ΠΙΠΙΖΑ ΜΑΡΙΚΑΣ,Pipiza Marika,Σταλακτῖται,Stalactites,σ. 95 +,10.—,Δρχ.,
1904,IMG_1457.jpeg,Ποιήματα,Poems,,ΠΟΓΑ Π. Β.,Poga P. V.,"Ὀρφεύς, ἢ συλλογὴ λυρικῶν ᾀσμάτων","Orpheus, or collection of lyric songs","32ον, σ. 64 + +",2.—,Δρχ.,
1904,IMG_1457.jpeg,Ποιήματα,Poems,,ΠΟΛΕΜΗ Ι.,Polemis I.,Ἀλάβαστρα,Alabastra,"32ον, σελίδες 242 +",15.—,Δρχ.,
1904,IMG_1457.jpeg,Ποιήματα,Poems,,ΠΟΛΥΛΑ Ι.,Polylas I.,Ποιήματα Δ. Σολωμοῦ,Poems of D. Solomos,"8ον, σ. ση'—445, έκδ. α', 1859, δεδεμ. +",15.—,Δρχ.,
1904,IMG_1457.jpeg,Ποιήματα,Poems,,ΠΟΛΥΧΡΟΝΙΑΔΟΥ Γ.,Polychroniades G.,"Γκιουλιστὰν ἢ Ῥοδών, ὑπὸ Σααδῆ","Gulistan or Rose Garden, by Saadi","8ον, σελίδες 245 ✗",15.—,Δρχ.,
1904,IMG_1457.jpeg,Ποιήματα,Poems,,ΠΡΕΒΕΖΙΩΤΟΥ Κ.,Preveziotis K.,Πρῶται πτήσεις,First Flights,σελίδες 142 + +,10.—,Δρχ.,
1904,IMG_1457.jpeg,Ποιήματα,Poems,,ΠΡΟΒΕΛΕΓΓΙΟΥ Α. Ι.,Provelengios A. I.,Μῆλον τῆς Ἔριδος,Apple of Discord,σελίδες 105 + +,5.—,Δρχ.,
1904,IMG_1457.jpeg,Ποιήματα,Poems,,ΠΡΟΒΕΛΕΓΓΙΟΥ Α. Ι.,Provelengios A. I.,"Ποιήματα Παλαιὰ καὶ Νέα, τόμος Α'","Poems Old and New, volume I",σελίδες 415 + +,20.—,Δρχ.,
1904,IMG_1457.jpeg,Ποιήματα,Poems,,PALUMBO VITO D.,Palumbo Vito D.,"Poesíai botheménai 'v Γρήκα, Traduzioni in Greco-Salentino","Poems composed in Griko, Translations into Greco-Salentino","8ον, σελίδες 26+ +",10.—,Δρχ.,
1904,IMG_1457.jpeg,Ποιήματα,Poems,,ΣΑΚΕΛΛΑΡΙΔΟΥ Ι.,Sakellarides I.,Ἐγκόλπιον Ὑμνολογικόν,Manual of Hymnology,"8ον, τεῦχος Α'; σ. 112 + +",5.—,Δρχ.,
1904,IMG_1457.jpeg,Ποιήματα,Poems,ΣΑΚΕΛΛΑΡΙΟΥ Βιβλιοθήκη τοῦ λαοῦ,Χριστοπούλου,Christopoulos,1 Χριστοπούλου Λυρικά,1 Christopoulos Lyrics,Ἕκαστον τομίδιον,2.—,Δρχ.,
1904,IMG_1457.jpeg,Ποιήματα,Poems,ΣΑΚΕΛΛΑΡΙΟΥ Βιβλιοθήκη τοῦ λαοῦ,Σολωμοῦ,Solomos,2 Σολωμοῦ Ποιήματα,2 Solomos Poems,Ἕκαστον τομίδιον,2.—,Δρχ.,
1904,IMG_1457.jpeg,Ποιήματα,Poems,ΣΑΚΕΛΛΑΡΙΟΥ Βιβλιοθήκη τοῦ λαοῦ,Βηλαρᾶ,Vilaras,3 Βηλαρᾶ Ποιήματα,3 Vilaras Poems,Ἕκαστον τομίδιον,2.—,Δρχ.,
1904,IMG_1457.jpeg,Ποιήματα,Poems,ΣΑΚΕΛΛΑΡΙΟΥ Βιβλιοθήκη τοῦ λαοῦ,Σούτσου,Soutsos,4 Σούτσου Περιπλανώμενος,4 Soutsos Wanderer,Ἕκαστον τομίδιον,2.—,Δρχ.,
1904,IMG_1457.jpeg,Ποιήματα,Poems,ΣΑΚΕΛΛΑΡΙΟΥ Βιβλιοθήκη τοῦ λαοῦ,Ὀρφανίδου,Orfanides,5 Ὀρφανίδου Τίρι λίρι,5 Orfanides Tiri Liri,Ἕκαστον τομίδιον,2.—,Δρχ.,
1904,IMG_1457.jpeg,Ποιήματα,Poems,,ΣΑΚΕΛΛΑΡΟΠΟΥΛΟΥ Δ. Κ.,Sakellaropoulos D. K.,"Ἐλπὶς καὶ Φιλία, συλλογὴ λυρικῶν ποιημάτων","Hope and Friendship, collection of lyric poems","8ον, σελίδες 32 + +",3.—,Δρχ.,
1904,IMG_1457.jpeg,Ποιήματα,Poems,,ΣΗΜΗΡΙΩΤΟΥ ΑΓΓΕΛΟΥ Θ.,Simiriotis Angelos Th.,Τὰ Θανάσιμα,The Deadly Ones,"8ον, σελίδες ιϛ'—175 ✗",10.—,Δρχ.,
1904,IMG_1457.jpeg,Ποιήματα,Poems,,ΣΟΥΡΗ Γ.,Souris G.,Φασουλῆς Φιλόσοφος· Μέρος Α',Fasoulis the Philosopher: Part I,"8ον, σελίδες 142 +",10.—,Δρχ.,
1904,IMG_1457.jpeg,Ποιήματα,Poems,,ΣΟΥΡΗ Γ.,Souris G.,Φασουλῆς Φιλόσοφος· Μέρος Β',Fasoulis the Philosopher: Part II,"8ον, σελίδες 144 +",15.—,Δρχ.,
1904,IMG_1457.jpeg,Ποιήματα,Poems,,ΣΟΥΤΣΟΥ Π.,Soutsos P.,Μῦθοι,Myths,"8ον, σελ. 179 ✗",10.—,Δρχ.,
1904,IMG_1457.jpeg,Ποιήματα,Poems,,ΣΤΕΦΑΝΙΔΟΥ Φ. Δ.,Stefanidou F. D.,"Ψεύτικα Μαργαριτάρια, λυρικαὶ ποιήσεις","False Pearls, lyric poems",σελ. 93 + +,7.20,Δρχ.,
1904,IMG_1457.jpeg,Ποιήματα,Poems,,ΣΤΡΑΤΗΓΗ Γ.,Stratigis G.,Τραγούδια τοῦ σπιτιοῦ,Songs of the Home,"8ον, σελίδες 110 +",15.—,Δρχ.,
1904,IMG_1457.jpeg,Ποιήματα,Poems,,ΣΥΜΒΟΥΛΙΔΟΥ Χ. Χ.,Symvoulidou Ch. Ch.,"Ἑλικωνία Αὔρα, ἤτοι συλλογὴ ποιημάτων","Heliconian Breeze, that is collection of poems","8ον, σ. + +",5.—,Δρχ.,
1904,IMG_1457.jpeg,Ποιήματα,Poems,,ΣΥΝΟΔΙΝΟΥ Π. Σ.,Synodinos P. S.,Διάττοντες. Ποιήσεων συλλογὴ δεκάτη,Shooting Stars. Tenth collection of poems,σελίδες 256 + +,2.—,Δρχ.,
1904,IMG_1457.jpeg,Ποιήματα,Poems,,ΤΑΝΤΑΛΙΔΟΥ ΗΛ.,Tantalides El.,Στιχουργήματα Ἰδιωτικά,Private Verses,"8ον, σελίδες 342 ✗",15.—,Δρχ.,
1904,IMG_1457.jpeg,Ποιήματα,Poems,,ΥΟΥΓΚ ΕΔΟΥΑΡΔΟΥ,Young Edward,"Νύκτες, ἐν ἐλευθέρᾳ ἐμμέτρῳ παραφράσει, ὑπὸ Δ. Κ. Σακελλαροπούλου","Nights, in free metrical paraphrase, by D. K. Sakellaropoulos","8ον, σελ. 64 + +",4.—,Δρχ.,
1904,IMG_1457.jpeg,Ποιήματα,Poems,,ΥΠΕΡΙΔΟΥ Γ. Κ.,Yperides G. K.,"Ἐπὶ τοῦ πλοίου, μῖμος ἔμμετρος εἰς μέρη τρία","On the ship, metrical mime in three parts",σ. 47 + +,5.—,Δρχ.,
1904,IMG_1457.jpeg,Ποιήματα,Poems,,ΦΡΑΣΑΡΗ Μ. ΝΑΗΜ,Frasari M. Naim,"Ὁ Ἔρως, εἰς ᾄσματα ὀκτώ","Love, in eight songs",σελίδες 32 + +,2.—,Δρχ.,
1904,IMG_1457.jpeg,Ποιήματα,Poems,,ΧΡΙΣΤΟΠΟΥΛΟΥ ΑΘ.,Christopoulos Ath.,"Ποιήματα, ἔκδοσις Ῥαφτάνη","Poems, Raftanis edition","8ον, σελίδες 272 ✗",10.—,Δρχ.,
1904,IMG_1458.jpeg,Θέατρον,Theater,Δράματα και Τραγῳδίαι,,,"Ἀβραὰμ θυσία, δρᾶμα ἱερόν","Sacrifice of Abraham, sacred drama",σ. 43,1.—,Δρχ.,
1904,IMG_1458.jpeg,Θέατρον,Theater,Δράματα και Τραγῳδίαι,ΑΓΓΕΛΟΠΟΥΛΟΥ Κ. Ι.,Aggelopoulos K. I.,"Ἀριστόδημος, τραγῳδία εἰς πράξεις πέντε","Aristodemos, tragedy in five acts","8ον, σ. 118",9.—,Δρχ.,
1904,IMG_1458.jpeg,Θέατρον,Theater,Δράματα και Τραγῳδίαι,ΑΔΑΜΙΔΟΥ Β.,Adamidou V.,"Τὰ δίδυμα, δρᾶμα εἰς πράξεις τέσσαρας","The Twins, drama in four acts","8ον, σ. 80",3.—,Δρχ.,
1904,IMG_1458.jpeg,Θέατρον,Theater,Δράματα και Τραγῳδίαι,ΑΔΑΜΙΔΟΥ Β. καὶ ΣΑΒΒΟΠΟΥΛΟΥ Σ.,Adamidou V. & Savvopoulos S.,"Ὁ Σπερθίας ἢ δύο κλέπται, δρᾶμα εἰς πράξεις πέντε","Sperthias or Two Thieves, drama in five acts","8ον, σελίδες 73",5.—,Δρχ.,
1904,IMG_1458.jpeg,Θέατρον,Theater,Δράματα και Τραγῳδίαι,ΑΛΦΙΕΡΟΥ,Alfieri,"Μύρρα, τραγῳδία","Myrrha, tragedy",σελίδες 48,4.—,Δρχ.,
1904,IMG_1458.jpeg,Θέατρον,Theater,Δράματα και Τραγῳδίαι,ΑΜΠΕΛΑ ΤΙΜ.,Ampelas Tim.,"Βιργινία ἢ Ῥωμαία, δρᾶμα εἰς πράξεις τέσσαρας","Virginia or The Roman Woman, drama in four acts",σελ. 88,5.—,Δρχ.,
1904,IMG_1458.jpeg,Θέατρον,Theater,Δράματα και Τραγῳδίαι,ΑΜΠΕΛΑ ΤΙΜ.,Ampelas Tim.,"Λέων Καλλέργης, δρᾶμα εἰς μέρη πέντε","Leon Kallergis, drama in five parts","8ον, σελ. ια'—122",6.20,Δρχ.,
1904,IMG_1458.jpeg,Θέατρον,Theater,Δράματα και Τραγῳδίαι,ΑΝΔΡΟΝΟΠΟΥΛΟΥ Β.,Andronopoulos V.,"Τὸ φάσμα τοῦ Μοντεφόρτου, δρᾶμα εἰς πράξεις πέντε","The Phantom of Monteforto, drama in five acts",σελίδες 63,2.—,Δρχ.,
1904,IMG_1458.jpeg,Θέατρον,Theater,Δράματα και Τραγῳδίαι,ΑΝΤΩΝΙΑΔΟΥ Α. Ι.,Antoniadis A. I.,"Ἄγις ὁ Εὐδαμίδα, τραγῳδία","Agis son of Eudamidas, tragedy","8ον, σελίδες 128",8.—,Δρχ.,
1904,IMG_1458.jpeg,Θέατρον,Theater,Δράματα και Τραγῳδίαι,ΑΝΤΩΝΙΑΔΟΥ Α. Ι.,Antoniadis A. I.,"Πετρώνιος, Μάξιμος, Νικηφόρος, Φωκᾶς καὶ Ἄτυς ὁ λυδὸς βασιλόπαις, τραγῳδίαι","Petronius, Maximus, Nikephoros, Phokas and Atys the Lydian Prince, tragedies","8ον, σελ. 348",15.—,Δρχ.,
1904,IMG_1458.jpeg,Θέατρον,Theater,Δράματα και Τραγῳδίαι,ΑΝΤΩΝΙΑΔΟΥ Α. Ι.,Antoniadis A. I.,"Κρίσπος, τραγῳδία εἰς πράξεις πέντε","Crispus, tragedy in five acts","8ον, σελίδες 96",8.—,Δρχ.,
1904,IMG_1458.jpeg,Θέατρον,Theater,Δράματα και Τραγῳδίαι,ΑΝΤΩΝΙΑΔΟΥ Α. Ι.,Antoniadis A. I.,"Ἡ χριστιανὴ Εὐγενία, ἤτοι τὸ φρόνημα τῶν πρώτων Χριστιανῶν, δρᾶμα εἰς μέρη πέντε","Christian Eugenia, or The Spirit of the First Christians, drama in five parts","8ον, σελ. 97",10.—,Δρχ.,
1904,IMG_1458.jpeg,Θέατρον,Theater,Δράματα και Τραγῳδίαι,ΑΡΓΥΡΙΑΔΟΥ Ν.,Argyriadis N.,"Θωμᾶς Σιάτερτων, δρᾶμα","Thomas Chatterton, drama","8ον, σελίδες 54",4.—,Δρχ.,
1904,IMG_1458.jpeg,Θέατρον,Theater,Δράματα και Τραγῳδίαι,ΑΡΝΙΩΤΑΚΗ Ε.,Arniotakis E.,"Τὸ τέλος τοῦ Θεοδώρου, δρᾶμα εἰς πράξεις πέντε","The End of Theodoros, drama in five acts","8ον, σελίδες 60",5.—,Δρχ.,
1904,IMG_1458.jpeg,Θέατρον,Theater,Δράματα και Τραγῳδίαι,ΑΥΓΕΡΙΝΟΥ Υ. Ζ.,Avgerinos Y. Z.,Πονήματα Δραματικά,Dramatic Works,"8ον, σελίδες 159",6.—,Δρχ.,
1904,IMG_1458.jpeg,Θέατρον,Theater,Δράματα και Τραγῳδίαι,ΒΑΣΙΛΕΙΑΔΗ ΣΠ. Ν.,Vasileiadis Sp. N.,"Γαλάτεια, δρᾶμα εἰς πράξεις τέσσαρας","Galatea, drama in four acts","32ον, σ. 80",4.—,Δρχ.,
1904,IMG_1458.jpeg,Θέατρον,Theater,Δράματα και Τραγῳδίαι,ΒΑΣΙΛΕΙΑΔΗ ΣΠ. Ν.,Vasileiadis Sp. N.,"Σκύλλα, δρᾶμα εἰς πράξεις τρεῖς","Scylla, drama in three acts","32ον, σελίδες 70",4.—,Δρχ.,
1904,IMG_1458.jpeg,Θέατρον,Theater,Δράματα και Τραγῳδίαι,BATTU L. & JAIME FILS,Battu L. & Jaime Fils,"Λουκία Διδιέ, δρᾶμα εἰς τρεῖς πράξεις, μεταγλωττισθὲν ὑπὸ Ἀλ. Ε. Ἀμπότ καὶ Ἀγγ. Γ. Γεωργιάδου","Lucie Didier, drama in three acts, translated by Al. E. Abott and Ang. G. Georgiadou",σελίδες 84,10.—,Δρχ.,
1904,IMG_1458.jpeg,Θέατρον,Theater,Δράματα και Τραγῳδίαι,ΒΕΡΔΗ Ι.,Verdi G.,"Ἀϊδά, μελόδραμα εἰς 4 πράξεις, ὑπὸ Α. Γκισλανζώνη","Aida, opera in 4 acts, by A. Ghislanzoni",σελ. 86,4.—,Δρχ.,
1904,IMG_1458.jpeg,Θέατρον,Theater,Δράματα και Τραγῳδίαι,ΒΕΡΝΑΡΔΑΚΗ ΔΗΜ. Ν.,Vernardakis Dem. N.,"Δράματα, ἔκδοσις νέα, πολλαχῶς μεταρρυθμισθεῖσα καὶ ἐπιδιορθωθεῖσα, μετὰ προλεγομένων, κρίσεων κλπ. Τόμος Α΄ Μαρία Δοξαπατρῆ, Μερόπη καὶ Εὐφροσύνη","Dramas, new edition... Volume I: Maria Doxapatri, Merope and Euphrosyne","8ον, σελίδες σα'—400",30.—,Δρχ.,
1904,IMG_1458.jpeg,Θέατρον,Theater,Δράματα και Τραγῳδίαι,ΒΕΡΝΑΡΔΑΚΗ ΔΗΜ. Ν.,Vernardakis Dem. N.,"Μερόπη, τραγῳδία εἰς πράξεις πέντε","Merope, tragedy in five acts",σελίδες 80,2.—,Δρχ.,
1904,IMG_1458.jpeg,Θέατρον,Theater,Δράματα και Τραγῳδίαι,ΒΕΡΝΑΡΔΑΚΗ ΔΗΜ. Ν.,Vernardakis Dem. N.,"Φαῦστα, τραγῳδία εἰς 5 πράξεις","Fausta, tragedy in 5 acts",,18.—,Δρχ.,
1904,IMG_1458.jpeg,Θέατρον,Theater,Δράματα και Τραγῳδίαι,ΒΕΡΝΑΡ ΣΑΡΡΑΣ,Bernard Sarraz,"Ἡ Ἐξομολόγησις, δρᾶμα εἰς πρᾶξιν","The Confession, drama in one act","8ον, σ. 32",3.—,Δρχ.,
1904,IMG_1458.jpeg,Θέατρον,Theater,Δράματα και Τραγῳδίαι,ΒΕΡΣΗ Κ. Χ.,Versis K. Ch.,"Κλεομένης, τραγῳδία εἰς πράξεις 4","Cleomenes, tragedy in 4 acts","8ον, σ. 125",8.—,Δρχ.,
1904,IMG_1458.jpeg,Θέατρον,Theater,Δράματα και Τραγῳδίαι,BERRIÈRE καὶ SÉJOUR,Barrière & Séjour,"Τὰ τέκνα τῆς Λυκαίνης, δρᾶμα εἰς πράξεις πέντε, μετὰ προλόγου","The She-Wolf's Children, drama in five acts, with a prologue","8ον, σελίδες 167",6.—,Δρχ.,
1904,IMG_1458.jpeg,Θέατρον,Theater,Δράματα και Τραγῳδίαι,ΒΙΑΓΚΙΝΗ Μ.,Viagkinis M.,"Ἡ Ὑπνοβάτις, μελόδραμα εἰς δύο πράξεις, ὑπὸ Ἑ. Ῥωμάνη","The Somnambulist, opera in two acts, by E. Romani","8ον, σελίδες 38",4.—,Δρχ.,
1904,IMG_1458.jpeg,Θέατρον,Theater,Δράματα και Τραγῳδίαι,ΒΙΔΕΡΑ Ι. ΕΜ.,Videras I. Em.,"Γέμμα δὲ Βεργύ, τραγῳδία","Gemma di Vergy, tragedy",σελίδες 39,3.20,Δρχ.,
1904,IMG_1458.jpeg,Θέατρον,Theater,Δράματα και Τραγῳδίαι,ΒΥΘΙΝΟΥ Ν. Δ.,Vythinos N. D.,"Ὁ συμβολαιογράφος Διονύσιος Τάπας, δρᾶμα εἰς πράξεις τρεῖς","The Notary Dionysios Tapas, drama in three acts","8ον, σελ. 114",5.—,Δρχ.,
1904,IMG_1458.jpeg,Θέατρον,Theater,Δράματα και Τραγῳδίαι,ΒΙΚΕΛΑ Ε.,Vikelas E.,"Ἡ Λουκία τοῦ Δαμερμούρ, μελόδραμα εἰς πράξεις τρεῖς, μουσικὴ Δονιζέττη, μετάφρασις","Lucia di Lammermoor, opera in three acts, music by Donizetti, translation",σελ. 34,3.—,Δρχ.,
1904,IMG_1459.jpeg,Θέατρον,Theater,"Δράματα, τραγῳδίαι",ΒΛΑΧΟΥ ΑΓΓ.,Vlachos Ang.,"Ἀντίνοος, τραγῳδία εἰς πράξεις πέντε","Antinous, tragedy in five acts",σελ. 160,6,drachmas,μεταφρασθεῖσα ἐλευθέρως ἐκ τοῦ γερμανικοῦ
1904,IMG_1459.jpeg,Θέατρον,Theater,"Δράματα, τραγῳδίαι",ΒΟΛΑΝΑΚΗ Ι. Δ.,Volanakis I. D.,"Οἱ τέσσαρες χαρακτῆρες, δραματικὴ ἀλληγορία","The Four Characters, dramatic allegory",σ. 235,5,drachmas,
1904,IMG_1459.jpeg,Θέατρον,Theater,"Δράματα, τραγῳδίαι",ΒΟΛΤΑΙΡΟΥ,Voltaire,"Μερόπη, τραγῳδία εἰς πράξεις πέντε","Mérope, tragedy in five acts",σελίδες 95,4,drachmas,μετάφρασις Ἀ. Ἰ. Ὀλυμπίου
1904,IMG_1459.jpeg,Θέατρον,Theater,"Δράματα, τραγῳδίαι",ΒΟΤΣΑΡΗ Ι.,Votsaris I.,"Ἡ Ψυχοκόρη, εἰδυλλιακὸν δράμα εἰς πράξεις 4","The Foster-Daughter, idyllic drama in 4 acts","8ον, σ. 87",6,drachmas,
1904,IMG_1459.jpeg,Θέατρον,Theater,"Δράματα, τραγῳδίαι",ΒΟΥΤΙΑΔΟΥ Δ.,Voutiades D.,"Γουσταῦος καὶ Ἰουλία, δρᾶμα εἰς πράξεις τέσσαρας","Gustav and Julia, drama in four acts","8ον, σ. 64",3,drachmas,
1904,IMG_1459.jpeg,Θέατρον,Theater,"Δράματα, τραγῳδίαι",ΒΟΥΤΣΙΝΑ Φ. Α.,Voutsinas F. A.,"Ἰσίδωρος ἢ ἡ πεδιάς τοῦ Μαραθῶνος, δρᾶμα εἰς πράξεις πέντε καὶ ὁ Ὄνος καὶ ὁ Ῥύαξ, κωμῳδία ALFRED DE MUSSET","Isidoros or the Plain of Marathon, drama in five acts and Un Âne et un Ruisseau, comedy by Alfred de Musset",σελ. 127,8,drachmas,
1904,IMG_1459.jpeg,Θέατρον,Theater,"Δράματα, τραγῳδίαι",BUN ROBERT — ΧΑΪΓΕΛ Κ.,Bun Robert - Heigel K.,"Λαίδη Γλόστερ, τραγῳδία εἰς πράξεις πέντε — Μάρθα, εἰς πράξεις πέντε","Lady Gloucester, tragedy in five acts — Martha, in five acts","8ον, σελίδες 110, 88",10,drachmas,ἔμμετρος μετάφρασις ὑπὸ Ε. Γ. Ἁμαξοπούλου. Τὰ δύο ὁμοῦ
1904,IMG_1459.jpeg,Θέατρον,Theater,"Δράματα, τραγῳδίαι",ΒΥΡΩΝΟΣ,Lord Byron,"Οἱ δύο Φόσκαροι, τραγῳδία εἰς πράξεις πέντε","The Two Foscari, tragedy in five acts","8ον, σελ. 116",7,drachmas,μετάφρασις Θρ. Καμαράδου
1904,IMG_1459.jpeg,Θέατρον,Theater,"Δράματα, τραγῳδίαι",ΓΑΣΠΑΡ ΕΡΡ.,Gaspar Enrique,"Ἀδιάφοροι, δραμάτιον","The Indifferent, short play",σελίδες κθ' - 78,3,drachmas,μετάφρασις Ἰ. Κ. Καμπούρογλου
1904,IMG_1459.jpeg,Θέατρον,Theater,"Δράματα, τραγῳδίαι",ΓΕΜΕΝΙΤΖΟΓΛΟΥ Α.,Gemenitzoglou A.,"Ἀρμάνδος καὶ Μαργαρίτα, δρᾶμα εἰς πράξεις τρεῖς καὶ μέρη τέσσαρα","Armand and Margarita, drama in three acts and four parts",σελίδες 79,3,drachmas,
1904,IMG_1459.jpeg,Θέατρον,Theater,"Δράματα, τραγῳδίαι",ΓΕΝΟΪΝΟΥ Ι.,Genoinos I.,"Ἀγάπη τοῦ πλησίον, δρᾶμα εἰς πράξεις δύο","Love for One's Neighbor, drama in two acts",σελ. 89,2,drachmas,
1904,IMG_1459.jpeg,Θέατρον,Theater,"Δράματα, τραγῳδίαι",ΓΙΑΚΟΜΕΤΤΗ Π.,Giacometti P.,"Λουκρητία Μαρία Δάβιδσον, δρᾶμα εἰς πράξεις τέσσαρας","Lucretia Maria Davidson, drama in four acts","8ον, σελίδες 58",6,drachmas,
1904,IMG_1459.jpeg,Θέατρον,Theater,"Δράματα, τραγῳδίαι",ΓΙΑΚΟΜΕΤΤΗ Π.,Giacometti P.,"Ἡ ἔκθετος τοῦ ὀρφανοτροφείου τῆς ἁγίας Μαρίας, δρᾶμα εἰς τρεῖς πράξεις","The Foundling of Saint Mary's Orphanage, drama in three acts","8ον, σελίδ. 78",5,drachmas,μετάφρασις Γ. Κ. Σφήκα
1904,IMG_1459.jpeg,Θέατρον,Theater,"Δράματα, τραγῳδίαι",ΓΚΑΙΤΕ,Goethe,"Φαῦστος, τραγῳδία εἰς πράξ. 5","Faust, tragedy in 5 acts","8ον, σ. 291",15,drachmas,μεταφρ. Γ. Στρατήγη
1904,IMG_1459.jpeg,Θέατρον,Theater,"Δράματα, τραγῳδίαι",ΓΚΑΙΤΕ,Goethe,"Φάουστ, τραγῳδία εἰς πράξεις πέντε","Faust, tragedy in five acts","μέγα 8ον, σελίδ. 148",90,drachmas,"μετάφρασις Ἀρ. Προβελεγγίου, μετὰ 65 ξυλογραφιῶν καὶ 14 φωτογραφιῶν"
1904,IMG_1459.jpeg,Θέατρον,Theater,"Δράματα, τραγῳδίαι",ΓΟΜΕΣ Α. Κ.,Gomes A. C.,"Οἱ Γουαρανύ, μελόδραμα χοροῦ εἰς 4 πράξεις","Il Guarany, ballet melodrama in 4 acts",σελίδες 110,5,drachmas,μετάφρασις Μ. Βιαγκίνη
1904,IMG_1459.jpeg,Θέατρον,Theater,"Δράματα, τραγῳδίαι",ΓΟΝΔΙΝΕΤΟΥ Ε.,Gondinet E.,"Ἐλεύθεροι, δρᾶμα εἰς πράξεις πέντε, εἰκόνας ὀκτώ","Free, drama in five acts, eight illustrations","32ον, σελίδες 158",7,drachmas,
1904,IMG_1459.jpeg,Θέατρον,Theater,"Δράματα, τραγῳδίαι",COROMILAS D. A.,Coromilas D. A.,"A chacun son tour, pièce en deux actes","To Each His Turn, play in two acts",σ. 60,5,drachmas,
1904,IMG_1459.jpeg,Θέατρον,Theater,"Δράματα, τραγῳδίαι",COROMILAS D. A.,Coromilas D. A.,Une mission,A Mission,σελ. 46,5,drachmas,
1904,IMG_1459.jpeg,Θέατρον,Theater,"Δράματα, τραγῳδίαι",ΔΑΚΟΠΟΥΛΟΥ Κ. Χ.,Dakopoulos K. Ch.,"Σέξτος ὁ Ἐνετός, δρᾶμα εἰς πράξεις τέσσαρας","Sextus the Venetian, drama in four acts","8ον, σελίδες 103",3,drachmas,
1904,IMG_1459.jpeg,Θέατρον,Theater,"Δράματα, τραγῳδίαι",D'ENNERY AD.,d'Ennery Ad.,"Οἱ μνηστῆρες τοῦ Ἀλβάνου, δρᾶμα εἰς πράξεις πέντε","The Suitors of Albano, drama in five acts","8ον, σελίδες 87",5,drachmas,
1904,IMG_1459.jpeg,Θέατρον,Theater,"Δράματα, τραγῳδίαι",D'ENNERY A. & VERNE J.,d'Ennery A. & Verne J.,"Les voyages au théâtre (Le Tour du monde en 80 jours, Les Enfants du Capitaine Grant et Michel Strogoff)","Travels on Stage (Around the World in 80 Days, In Search of the Castaways, and Michael Strogoff)","8ον, σελίδες 375, δεδεμένον",35,drachmas,
1904,IMG_1459.jpeg,Θέατρον,Theater,"Δράματα, τραγῳδίαι",ΔΗΜΗΤΡΑΚΟΠΟΥΛΟΥ Π. Γ.,Dimitrakopoulos P. G.,"Ἡ Θεία Δίκη, δρᾶμα εἰς πράξεις πέντε","Divine Justice, drama in five acts","8ον, σ. 86",4,drachmas,
1904,IMG_1459.jpeg,Θέατρον,Theater,"Δράματα, τραγῳδίαι",ΔΗΜΗΤΡΙΑΔΟΥ ΒΑΣΙΛΙΚΗΣ,Dimitriadou Vasiliki,"Ἡ παράφρων κληρονόμος, δρᾶμα εἰς πράξεις πέντε","The Mad Heiress, drama in five acts","8ον, σελίδες 79",5,drachmas,
1904,IMG_1459.jpeg,Θέατρον,Theater,"Δράματα, τραγῳδίαι",ΔΟΣΤΟΪΕΒΣΚΗ,Dostoevsky,"Ἔγκλημα καὶ Τιμωρία, δρᾶμα εἰς πράξεις ἑπτά","Crime and Punishment, drama in seven acts",σελίδες 92,3,drachmas,μετάφρασις Γ. Β. Βογιαντζῆ
1904,IMG_1459.jpeg,Θέατρον,Theater,"Δράματα, τραγῳδίαι",DOMINIA ET.,Dominia Et.,"Ὁ νόμος τῆς καρδίας, δρᾶμα εἰς πράξεις τρεῖς","The Law of the Heart, drama in three acts","8ον, σελίδες 61",2,drachmas,μετάφρ. ὑπὸ Β. Ἱεσουᾶ
1904,IMG_1459.jpeg,Θέατρον,Theater,"Δράματα, τραγῳδίαι",ΔΟΥΓΕ,Douge,"Ἀπολεσθεὶς Παράδεισος, εἰς πράξεις τρεῖς καὶ 12 εἰκόνας","Paradise Lost, in three acts and 12 illustrations","8ον, σελίδες 71",5,drachmas,
1904,IMG_1459.jpeg,Θέατρον,Theater,"Δράματα, τραγῳδίαι",ΔΟΥΚΑΓΓΟΥ Β.,Ducange V.,"Κάλας, δρᾶμα","Calas, drama","8ον, σελίδες 56",3,drachmas,
1904,IMG_1459.jpeg,Θέατρον,Theater,"Δράματα, τραγῳδίαι",ΔΟΥΜΑ ΑΛ. ΥΙΟΥ,Dumas Alexandre fils,"Ἑρρῖκος Γ' καὶ ἡ αὐλή του, δρᾶμα εἰς πράξεις πέντε","Henry III and His Court, drama in five acts","8ον, σ. 104",5,drachmas,μετάφρ. Κ. Κασιμάτη
1904,IMG_1459.jpeg,Θέατρον,Theater,"Δράματα, τραγῳδίαι",ΔΟΥΜΑ ΑΛ. ΥΙΟΥ,Dumas Alexandre fils,"Ἡ Κυρία μὲ τὰς καμελίας, δρᾶμα εἰς πράξεις πέντε","The Lady of the Camellias, drama in five acts",σελίδες 182,6,drachmas,μετάφρασις Τρ. Εὐαγγελίδου
1904,IMG_1460.jpeg,Θέατρον,Theater,"Δράματα, τραγῳδίαι",ΔΟΥΜΑ ΑΛ. ΥΙΟΥ,Alexandre Dumas fils,"Ἡ σύζυγος τοῦ Κλαυδίου, δρᾶμα εἰς πράξεις τρεῖς, μετάφρασις Λεωνίδου Π. Κανελλοπούλου","The Wife of Claudius, drama in three acts, translation by Leonidas P. Kanellopoulos","8ον, σελίδες 96 +...",3.20,Δρχ.,
1904,IMG_1460.jpeg,Θέατρον,Theater,"Δράματα, τραγῳδίαι",ΔΟΥΜΑ καὶ ΜΑΚΕ,Alexandre Dumas & Auguste Maquet,"Οἱ τρεῖς σωματοφύλακες, δρᾶμα εἰς πράξ. πέντε μετὰ προλόγου καὶ ἐπιλόγου","The Three Musketeers, drama in five acts with prologue and epilogue","4ον, σελ. 220 ++",10.—,Δρχ.,
1904,IMG_1460.jpeg,Θέατρον,Theater,"Δράματα, τραγῳδίαι",ΕΤΣΕΓΑΡΑΗ J.,José Echegaray,"Ὁ Μέγας Γαλεότος, δρᾶμα εἰς πράξεις τρεῖς μεταφρασθὲν ἐκ τοῦ Ἰσπανικοῦ ὑπὸ Δ. Βικέλα","The Great Galeoto, drama in three acts translated from Spanish by D. Vikelas",σ. 160+,5.—,Δρχ.,
1904,IMG_1460.jpeg,Θέατρον,Theater,"Δράματα, τραγῳδίαι",ΖΑΜΠΕΛΙΟΥ Ι.,I. Zampelios,"Τιμολέων, τραγῳδία εἰς πράξεις πέντε","Timoleon, tragedy in five acts","8ον, σελ. 80+",5.—,Δρχ.,
1904,IMG_1460.jpeg,Θέατρον,Theater,"Δράματα, τραγῳδίαι",ΖΑΧΑΡΙΑΔΟΥ Ζ. Α. καὶ ΣΤΑΘΟΠΟΥΛΟΥ Ε. Δ.,Z. A. Zachariadou and E. D. Stathopoulou,"Ὀρτάντζα Βλέγγια, δρᾶμα εἰς πράξεις τρεῖς","Ortanza Vlengia, drama in three acts","8ον, σελίδες 95 +...",3.—,Δρχ.,
1904,IMG_1460.jpeg,Θέατρον,Theater,"Δράματα, τραγῳδίαι",ΗΓΟΥΜΕΝΙΔΟΥ ΑΡΙΣΤΕΑΣ Χ.,Aristea Ch. Igoumenidou,"Ἄγγελος καὶ Βιργινία, δρᾶμα εἰς πράξ. 2","Angelos and Virginia, drama in 2 acts",σ. 64++,1.20,Δρχ.,
1904,IMG_1460.jpeg,Θέατρον,Theater,"Δράματα, τραγῳδίαι",ΗΓΟΥΜΕΝΙΔΟΥ ΑΡΙΣΤΕΑΣ Χ.,Aristea Ch. Igoumenidou,"Ἡ ἐκ τοῦ παρελθόντος σειρά, δρᾶμα εἰς πράξεις 3","The Series from the Past, drama in 3 acts",σελ. 120+,5.—,Δρχ.,
1904,IMG_1460.jpeg,Θέατρον,Theater,"Δράματα, τραγῳδίαι",ΘΕΟΧΑΡΙΔΟΥ Θ.,Th. Theocharidou,"Πέτρος ὁ συγκλητικός, τραγῳδία εἰς πράξ. 5","Peter the Senator, tragedy in 5 acts","8ον, σ. 131 ++",10.—,Δρχ.,
1904,IMG_1460.jpeg,Θέατρον,Theater,"Δράματα, τραγῳδίαι",ΘΕΟΧΑΡΙΔΟΥ Θ.,Th. Theocharidou,"Ἰωάννης ὁ Καλυβίτης (Καλογηρισμοῦ ἐπίκρισις), δρᾶμα βυζαντινὸν ἱστορικόν","John the Hut-Dweller (Critique of Monasticism), Byzantine historical drama","8ον, σελίδες 111 ++...",5.—,Δρχ.,
1904,IMG_1460.jpeg,Θέατρον,Theater,"Δράματα, τραγῳδίαι",ΚΑΒΑΛΛΟΤΤΗ Φ.,Felice Cavallotti,"Ἀλκιβιάδης, δρᾶμα εἰς εἰκόνας ἑπτά","Alcibiades, drama in seven scenes","32ον, σελ. 184++",5.—,Δρχ.,
1904,IMG_1460.jpeg,Θέατρον,Theater,"Δράματα, τραγῳδίαι",ΚΑΡΥΣΤΗΝΟΥ Α. Ν.,A. N. Karystinos,"Ἡ κόρη τῆς ἁμαρτίας, δρᾶμα εἰς πρᾶξιν","The Daughter of Sin, drama in one act",σ. 48,3.—,Δρχ.,
1904,IMG_1460.jpeg,Θέατρον,Theater,"Δράματα, τραγῳδίαι",ΚΑΣΤΕΛΒΕΚΙΟΥ Ρ.,R. Castelvecchio,"Τὰ θύματα τῆς Γαλλικῆς Δημοκρατίας, δρᾶμα εἰς πράξεις πέντε","The Victims of the French Republic, drama in five acts","8ον, σελίδες 70 +...",5.—,Δρχ.,
1904,IMG_1460.jpeg,Θέατρον,Theater,"Δράματα, τραγῳδίαι",ΚΟΚΚΟΛΗ Σ. Ε.,S. E. Kokkolis,"Ἀπόκρυφα τῶν ἀρχαίων Παρισίων, δρᾶμα εἰς πράξεις πέντε","Mysteries of Old Paris, drama in five acts","8ον, σελίδες 104 ++...",2.20,Δρχ.,
1904,IMG_1460.jpeg,Θέατρον,Theater,"Δράματα, τραγῳδίαι",ΚΟΡΝΗΛΙΟΥ,Pierre Corneille,"Σίδ, τραγῳδία εἰς πράξεις πέντε","Le Cid, tragedy in five acts",σελίδες 104,6.—,Δρχ.,
1904,IMG_1460.jpeg,Θέατρον,Theater,"Δράματα, τραγῳδίαι",ΚΟΡΟΜΗΛΑ Δ. Α.,D. A. Koromilas,"Ἀγαπητικὸς τῆς Βοσκοπούλας, ἔμμετρον δραματικὸν εἰδύλλιον, μετ' ᾀσμάτων εἰς πράξεις 5","The Shepherdess's Lover, rhymed dramatic idyll, with songs in 5 acts","8ον, σελίδες 119 +...",5.—,Δρχ.,
1904,IMG_1460.jpeg,Θέατρον,Theater,"Δράματα, τραγῳδίαι",ΚΟΡΟΜΗΛΑ Δ. Α.,D. A. Koromilas,"Ἀκτὶς ἐν σκότει, δραμάτιον εἰς πράξεις τρεῖς","A Ray in the Dark, short play in three acts","32ον, σελ. 128 +",5.—,Δρχ.,
1904,IMG_1460.jpeg,Θέατρον,Theater,"Δράματα, τραγῳδίαι",ΚΟΡΟΜΗΛΑ Δ. Α.,D. A. Koromilas,"Ἔρως Ἀντέρως, δραμάτιον","Eros Anteros, short play",σελίδες 70 +...,8.—,Δρχ.,
1904,IMG_1460.jpeg,Θέατρον,Theater,"Δράματα, τραγῳδίαι",ΚΟΡΟΜΗΛΑ Δ. Α.,D. A. Koromilas,"Πρῶτα δάκρυα, χαρακτήρ","First Tears, character study",σελίδες 72 +...,8.—,Δρχ.,
1904,IMG_1460.jpeg,Θέατρον,Theater,"Δράματα, τραγῳδίαι",ΚΟΥΡΝΙΑΚΤΗ Α.,A. Kourniaktis,"Πέτρος Τάσκας ἢ τὸ Φουρναρόπουλο τῆς Βενετίας, δρᾶμα εἰς πράξεις πέντε","Petros Taskas or the Baker Boy of Venice, drama in five acts","8ον, σελίδες 68+",4.—,Δρχ.,
1904,IMG_1460.jpeg,Θέατρον,Theater,"Δράματα, τραγῳδίαι",ΚΟΥΡΤΕΛΗ Γ. Α.,G. A. Kourtelis,"Μισαλλόθρησκος μήτηρ, δρᾶμα εἰς πράξεις πέντε","Bigoted Mother, drama in five acts",σ. 61+,2.—,Δρχ.,
1904,IMG_1460.jpeg,Θέατρον,Theater,"Δράματα, τραγῳδίαι",ΛΑΜΠΡΟΥ ΣΠΥΡ. Π.,Spyr. P. Lambros,"Τελευταῖος κόμης τῶν Σαλώνων, δρᾶμα εἰς μέρη πέντε","The Last Count of Salona, drama in five parts",σελίδες 192+...,5.—,Δρχ.,
1904,IMG_1460.jpeg,Θέατρον,Theater,"Δράματα, τραγῳδίαι",ΛΕΟΝΤΙΑΔΟΣ ΣΑΠΦ.,Sappho Leontias,Παραστάσεις Δραματικαὶ ἁρμόδιαι εἰς Παρθεναγωγεῖα,Dramatic Performances Suitable for Girls' Schools,"8ον, σελίδες 57 ++...",5.—,Δρχ.,
1904,IMG_1460.jpeg,Θέατρον,Theater,"Δράματα, τραγῳδίαι",ΛΕΣΣΙΓΚ ΕΦΡ.,Gotthold Ephraim Lessing,"Νάθαν ὁ σοφός, δρᾶμα εἰς πράξεις πέντε, μετάφρασις Θ. Ἀφεντούλη","Nathan the Wise, drama in five acts, translation by Th. Afentoulis","8ον, σελίδες 288+...",6.—,Δρχ.,
1904,IMG_1460.jpeg,Θέατρον,Theater,"Δράματα, τραγῳδίαι",ΛΙΒΑΝΟΥ Δ. Ε.,D. E. Livanos,"Ἡ Μῆνις τοῦ Ἀχιλλέως, τραγῳδία εἰς πράξεις πέντε, παραφρασθεῖσα ἐκ τῆς Ἰλιάδος τοῦ Ὁμήρου","The Wrath of Achilles, tragedy in five acts, paraphrased from Homer's Iliad",σελίδες 112,7.—,Δρχ.,
1904,IMG_1460.jpeg,Θέατρον,Theater,"Δράματα, τραγῳδίαι",ΛΥΚΙΑΡΔΟΠΟΥΛΟΥ Μ. Γ.,M. G. Lykiardopoulos,"Ὁ Μανιώδης, δρᾶμα κωμικοτραγικόν, εἰς πράξεις πέντε, ἐκ τοῦ Ἰταλικοῦ","The Maniac, tragicomedy in five acts, from Italian",σελίδες 72,5.—,Δρχ.,
1904,IMG_1460.jpeg,Θέατρον,Theater,"Δράματα, τραγῳδίαι",ΛΥΚΙΑΡΔΟΠΟΥΛΟΥ Μ. Γ.,M. G. Lykiardopoulos,"Πιστὴ σύζυγος, δρᾶμα εἰς πράξεις τρεῖς","Faithful Wife, drama in three acts",σελ. 95 ++...,2.20,Δρχ.,
1904,IMG_1460.jpeg,Θέατρον,Theater,"Δράματα, τραγῳδίαι",ΜΑΝΟΥΣΟΥ Α.,A. Manousos,"Ἡ Ὑπνοβάτις, μελόδραμα εἰς πράξεις τρεῖς, μουσικὴ Β. Βελλίνη","La Sonnambula, opera in three acts, music by V. Bellini",σελίδες 38 +...,3.—,Δρχ.,
1904,IMG_1460.jpeg,Θέατρον,Theater,"Δράματα, τραγῳδίαι",ΜΑΤΑΡΑΓΚΑ Π.,P. Matarankas,"Προφήτης, μελόδραμα εἰς πράξεις πέντε, μετάφρ.","The Prophet (Le Prophète), opera in five acts, translation",σ. 101 +,4.—,Δρχ.,
1904,IMG_1460.jpeg,Θέατρον,Theater,"Δράματα, τραγῳδίαι",ΜΑΥΡΙΔΟΥ Π.,P. Mavridou,"Μαρκησία, δρᾶμα εἰς πράξεις τρεῖς","Marchioness, drama in three acts","8ον, σελ. 63 ++",2.—,Δρχ.,
1904,IMG_1460.jpeg,Θέατρον,Theater,"Δράματα, τραγῳδίαι",ΜΕΓΑΡΕΩΣ Κ.,K. Megareus,"Ὁ υἱὸς τοῦ δολοφονηθέντος, δρᾶμα εἰς πράξεις τέσσαρας","The Son of the Murdered Man, drama in four acts",σ. 92+,5.—,Δρχ.,
1904,IMG_1460.jpeg,Θέατρον,Theater,"Δράματα, τραγῳδίαι",ΜΙΧΑΛΟΠΟΥΛΟΥ Γ. Ι.,G. I. Michalopoulos,"Ἡ οἰκογένεια τῶν Κρέβερ ἢ Φιλία καὶ Ἔρως, δρᾶμα εἰς πράξεις τρεῖς","The Krebber Family or Friendship and Love, drama in three acts",σελίδες 56 +...,3.—,Δρχ.,
1904,IMG_1460.jpeg,Θέατρον,Theater,"Δράματα, τραγῳδίαι",ΜΟΝΤΕΚΙΝΗ Γ.,G. Montecinis,"Γαλιλαῖος Γαλιλέη, δρᾶμα εἰς πράξεις τέσσαρας","Galileo Galilei, drama in four acts",σελίδες 112 ++...,5.—,Δρχ.,
1904,IMG_1460.jpeg,Θέατρον,Theater,"Δράματα, τραγῳδίαι",ΜΟΡΑΚΗ Π.,P. Morakis,"Ὁ κόμης τοῦ Μοντεχρίστου, δρᾶμα εἰς πράξεις 6, ὑπὸ Al. Dumas","The Count of Monte Cristo, drama in 6 acts, by Al. Dumas","8ον, σελ. 112 ++...",7.—,Δρχ.,
1904,IMG_1461.jpeg,Θέατρον,Theater,"Δράματα, τραγῳδίαι",ΜΠΕΛΛΑΝΤΩΝΗ Β.,Bellantoni V.,Ἡ ἀνθρώπινος καρδία,The Human Heart,"δρᾶμα εἰς πράξεις πέντε, μετάφρασις Στ. Μπετσάνη, 8ον, σ. 119++",5,Δραχμαί,
1904,IMG_1461.jpeg,Θέατρον,Theater,"Δράματα, τραγῳδίαι",ΟΥΓΚΩ Β.,Hugo V.,Ἄγγελος τύραννος Πάντοβας,"Angelo, Tyrant of Padua","δρᾶμα εἰς τρεῖς πράξεις, μετάφρ. Ἰ. Μ. Ῥαπτάρχου, σελ. 115+",3,Δραχμαί,
1904,IMG_1461.jpeg,Θέατρον,Theater,"Δράματα, τραγῳδίαι",ΟΥΓΚΩ Β.,Hugo V.,Βουργράβοι,Les Burgraves,"δρᾶμα εἰς πράξεις τρεῖς, σελίδες 106 +",3,Δραχμαί,
1904,IMG_1461.jpeg,Θέατρον,Theater,"Δράματα, τραγῳδίαι",ΟΥΓΚΩ Β.,Hugo V.,Ἑρνάνης,Hernani,"δρᾶμα εἰς πράξεις πέντε, σελίδες 158+",3,Δραχμαί,
1904,IMG_1461.jpeg,Θέατρον,Theater,"Δράματα, τραγῳδίαι",ΟΥΓΚΩ Β.,Hugo V.,Ἐσμεράλδα,Esmeralda,"δρᾶμα εἰς πράξεις τέσσαρας, 8ον, σελίδες 56+",5,Δραχμαί,
1904,IMG_1461.jpeg,Θέατρον,Theater,"Δράματα, τραγῳδίαι",ΟΥΓΚΩ Β.,Hugo V.,Λουκρητία Βοργία,Lucrezia Borgia,"δρᾶμα εἰς πράξεις τρεῖς, μεταφρασθὲν ὑπὸ Ἰ. Μ. Ῥαπτάρχου, σελίδες δ' — 103 +",6,Δραχμαί,
1904,IMG_1461.jpeg,Θέατρον,Theater,"Δράματα, τραγῳδίαι",ΟΥΓΚΩ Β.,Hugo V.,Μαρία Τυδόρις,Mary Tudor,"δρᾶμα εἰς πράξεις τρεῖς, μετάφρασις Ἰ. Μ. Ῥαπτάρχου, 8ον, σελίδες 122 +",3,Δραχμαί,
1904,IMG_1461.jpeg,Θέατρον,Theater,"Δράματα, τραγῳδίαι",ΟΥΓΚΩ Β.,Hugo V.,Μαριὼν Δελόρμ,Marion de Lorme,"δρᾶμα εἰς πράξεις 5 μετάφρασις Φ. Ἀ. Βυζαντινὰ, σελίδες 128 +",8,Δραχμαί,
1904,IMG_1461.jpeg,Θέατρον,Theater,"Δράματα, τραγῳδίαι",ΟΥΓΚΩ Β.,Hugo V.,Ὁ βασιλεὺς εὐθυμεῖ,The King Amuses Himself,"δρᾶμα εἰς πράξεις πέντε, 8ον, σελ. 165 ++",15,Δραχμαί,
1904,IMG_1461.jpeg,Θέατρον,Theater,"Δράματα, τραγῳδίαι",ΟΥΓΚΩ Β.,Hugo V.,Ῥιγολέττος,Rigoletto,"μελόδραμα, ὑπὸ Π. Ῥαλλιοπούλου, σελ. 40 +",3,Δραχμαί,
1904,IMG_1461.jpeg,Θέατρον,Theater,"Δράματα, τραγῳδίαι",ΟΥΓΚΩ Β.,Hugo V.,Ῥουῒ-Βλάς,Ruy Blas,"δρᾶμα εἰς πράξεις πέντε, σελίδες 151+",3,Δραχμαί,
1904,IMG_1461.jpeg,Θέατρον,Theater,"Δράματα, τραγῳδίαι",ΟΥΓΚΩ Β.,Hugo V.,Τορκουεμάδας,Torquemada,"δρᾶμα, μετάφρασις Σ. Ἰ. Βουτυρᾶ, μέγα 8ον, σ. 221",15,Δραχμαί,
1904,IMG_1461.jpeg,Θέατρον,Theater,"Δράματα, τραγῳδίαι",ΠΑΠΑΔΟΠΟΥΛΟΥ καὶ ΑΘΑΝΑΣΙΑΔΟΥ,Papadopoulos and Athanasiadis,Τὰ τέκνα τῆς Δουκίνης,The Children of the Duchess,"δρᾶμα εἰς πράξεις πέντε, σελίδες 167 ++",5,Δραχμαί,
1904,IMG_1461.jpeg,Θέατρον,Theater,"Δράματα, τραγῳδίαι",ΠΑΠΑΡΡΗΓΟΠΟΥΛΟΥ Δ.,Paparrigopoulos D.,Χαρακτῆρες,Characters,σελίδες 215 +,8,Δραχμαί,
1904,IMG_1461.jpeg,Θέατρον,Theater,"Δράματα, τραγῳδίαι",ΠΑΡΠΑΡΙΑ Γ.,Parparias G.,Ὁ μάγειρος τοῦ βασιλέως,The King's Cook,"δρᾶμα εἰς πράξ. πέντε, σελ. 35X",3,Δραχμαί,
1904,IMG_1461.jpeg,Θέατρον,Theater,"Δράματα, τραγῳδίαι",ΠΕΡΕΣΙΑΔΟΥ Σ.,Peresiadis S.,Σκλάβα,The Female Slave,"δρᾶμα εἰς πράξεις τέσσαρας, μετ' ᾀσμάτων καὶ χορῶν, 8ον, σελίδες 96 X",10,Δραχμαί,
1904,IMG_1461.jpeg,Θέατρον,Theater,"Δράματα, τραγῳδίαι",ΠΕΤΡΙΔΟΥ Ι. Β.,Petridis I. V.,"Ἀδελφὸς καὶ Ἀδελφή, ἢ Φερνάνδος καὶ Βιάγκα","Brother and Sister, or Fernando and Bianca","δρᾶμα ῥωμαντικὸν καὶ μεγαλοπρεπές, εἰς πράξ. πέντε καὶ εἰκόνας ὀκτώ, 8ον, σ. 80 ++",5,Δραχμαί,
1904,IMG_1461.jpeg,Θέατρον,Theater,"Δράματα, τραγῳδίαι",ΠΙΑΒΕ Θ. Μ.,Piave F. M.,Ἡ Παρεκτραπεῖσα (Τραβιάτα),The Erring Woman (La Traviata),"μελόδραμα εἰς τρεῖς πράξεις μουσικὴ Ἰ. Βέρδη, ἐξελληνισθὲν ὑπὸ Μ. Βεγγίνα, σελίδες 93 +",5,Δραχμαί,
1904,IMG_1461.jpeg,Θέατρον,Theater,"Δράματα, τραγῳδίαι",ΠΟΛΕΜΗ Ι.,Polemis I.,Ὁ Τραγουδιστής,The Singer,"λυρικὸν δρᾶμα εἰς πράξιν μίαν, σελ. 32+",3,Δραχμαί,
1904,IMG_1461.jpeg,Θέατρον,Theater,"Δράματα, τραγῳδίαι",ΠΟΥΠΑΚΑ Γ.,Poupakas G.,Κακὸς δρόμος,Bad Road,"δρᾶμα εἰς πράξεις τρεῖς, μετὰ προλόγου, σ. 68",2,Δραχμαί,
1904,IMG_1461.jpeg,Θέατρον,Theater,"Δράματα, τραγῳδίαι",ΠΡΙΣΜΙΤΖΑΚΗ Μ.,Prismitzakis M.,Δολᾶρος,Dolaros,"δρᾶμα εἰς πράξ. πέντε, 8ον, σελ. 115 ++",5,Δραχμαί,
1904,IMG_1461.jpeg,Θέατρον,Theater,"Δράματα, τραγῳδίαι",ΡΑΓΚΑΒΗ Α. Ρ.,Rangavis A. R.,Ἡ Παραμονή,The Eve,"δρᾶμα εἰς πράξ. πέντε, 8ον, σ. 236++",7,Δραχμαί,
1904,IMG_1461.jpeg,Θέατρον,Theater,"Δράματα, τραγῳδίαι",ΡΑΓΚΑΒΗ Α. Ρ.,Rangavis A. R.,Οἱ Τριάκοντα,The Thirty,"δρᾶμα εἰς μέρη πέντε, 8ον, σελ. 214+",8,Δραχμαί,
1904,IMG_1461.jpeg,Θέατρον,Theater,"Δράματα, τραγῳδίαι",ΡΑΓΚΑΒΗ ΚΛΕΩΝΟΣ,Rangavis Kleon,Ἡράκλειος,Heraclius,"δρᾶμα εἰς πράξεις πέντε, μετὰ λαμπρῶν εἰκόνων καὶ μετὰ τῆς κωμῳδίας ἐν τέλει: Τὸ πῦρ ὑπὸ τὴν αἰθάλην, εἰς πράξιν, μέγα 8ον, χρυσοδέτου ++",30,Δραχμαί,
1904,IMG_1461.jpeg,Θέατρον,Theater,"Δράματα, τραγῳδίαι",ΡΑΚΙΝΑ,Racine,Ἰφιγένεια ἡ ἐν Αὐλίδι,Iphigenia in Aulis,"ἐμμέτρως καὶ ἐπὶ λέξει μεταφρασθεῖσα ὑπὸ Γ. Μ. Χατζῆ, 8ον, σελίδ. κη' - 132 +",12,Δραχμαί,
1904,IMG_1461.jpeg,Θέατρον,Theater,"Δράματα, τραγῳδίαι",ΡΑΚΙΝΑ,Racine,Ἀλέξανδρος ὁ Μέγας,Alexander the Great,"τραγῳδία εἰς πράξεις 5, σελίδες 110+",5,Δραχμαί,
1904,IMG_1461.jpeg,Θέατρον,Theater,"Δράματα, τραγῳδίαι",ΡΑΛΛΟΠΟΥΛΟΥ ΠΕΡΙ ΚΛ.,Rallopoulos Periklis,Ἰωσὴφ ὁ Πάγκαλος,Joseph the All-Good,"δρᾶμα εἰς πράξ. πέντε, 8ον, σ. 77+",3,Δραχμαί,
1904,IMG_1461.jpeg,Θέατρον,Theater,"Δράματα, τραγῳδίαι",ΡΗΓΟΠΟΥΛΟΥ ΑΝΔΡ.,Rigopoulos Andr.,Ἰωάννης Μίλτων,John Milton,"δρᾶμα εἰς πράξ. 4, 8ον, σ. 198+",5,Δραχμαί,
1904,IMG_1461.jpeg,Θέατρον,Theater,"Δράματα, τραγῳδίαι",ΡΙΝΟΠΟΥΛΟΥ Α.,Rinopoulos A.,Ὁ Ὑποψήφιος βουλευτής,The Parliamentary Candidate,"μελόδραμα μουσουργηθὲν ὑπὸ Σπ. Ξύνδα, σελίδες 40...",3,Δραχμαί,
1904,IMG_1461.jpeg,Θέατρον,Theater,"Δράματα, τραγῳδίαι",ΡΟΜΑΝΗ ΕΥΤ.,Romani Eut.,Ἡ Νόρμα,Norma,"τραγῳδία λυρικὴ εἰς δύο πράξεις, σελ. 48 X",3,Δραχμαί,
1904,IMG_1461.jpeg,Θέατρον,Theater,"Δράματα, τραγῳδίαι",ΡΟΣΤΑΝ ΕΔΜ.,Rostand Edm.,Συρανὸ δὲ Μπερζεράκ,Cyrano de Bergerac,"ἔμμετρον ἐρωτικὸν δρᾶμα εἰς πράξεις πέντε, μετάφρασις ὑπὸ Γ. Κ. Στρατήγη, 8ον, σελίδες 240 +",12,Δραχμαί,
1904,IMG_1461.jpeg,Θέατρον,Theater,"Δράματα, τραγῳδίαι",ΣΑΒΑ Κ. Ν.,Savas K. N.,Γύπαρις,Gyparis,"ποιμενικὴ κωμῳδία, 8ον, σελίδες 106 +",7,Δραχμαί,
1904,IMG_1461.jpeg,Θέατρον,Theater,"Δράματα, τραγῳδίαι",ΣΑΒΑ Κ. Ν.,Savas K. N.,Ζήνων,Zenon,"παλαιὰ τραγῳδία, 8ον, σελίδες 102+",7,Δραχμαί,
1904,IMG_1461.jpeg,Θέατρον,Theater,"Δράματα, τραγῳδίαι",ΣΑΒΑ Κ. Ν.,Savas K. N.,"Κρητικὸν Θέατρον, ἢ συλλογὴ ἀνεκδότων καὶ ἀγνώστων δραμάτων","Cretan Theater, or Collection of Unpublished and Unknown Plays","8ον, σελίδες .. +",18,Δραχμαί,
1904,IMG_1462.jpeg,Θέατρον,Theater,"Δράματα, τραγῳδίαι",ΣΑΙΞΠΗΡΟΥ,Shakespeare,"Ἁμλέτος, τραγῳδία εἰς πράξεις 5, μετάφρ. Δ. Βικέλα","Hamlet, tragedy in 5 acts, translated by D. Vikelas",σ. 178 +,5,Δρχ.,
1904,IMG_1462.jpeg,Θέατρον,Theater,"Δράματα, τραγῳδίαι",ΣΑΙΞΠΗΡΟΥ,Shakespeare,"Βασιλεὺς Λήρ, τραγῳδία εἰς πρξ. 5, μετάφρ. Δ. Βικέλα","King Lear, tragedy in 5 acts, translated by D. Vikelas",σ. 178 +,5,Δρχ.,
1904,IMG_1462.jpeg,Θέατρον,Theater,"Δράματα, τραγῳδίαι",ΣΑΙΞΠΗΡΟΥ,Shakespeare,"Δύο εὐγενεῖς τῆς Βερώνης, δρᾶμα εἰς πράξεις πέντε","The Two Gentlemen of Verona, drama in five acts",σελ. 103 +,5,Δρχ.,
1904,IMG_1462.jpeg,Θέατρον,Theater,"Δράματα, τραγῳδίαι",ΣΑΙΞΠΗΡΟΥ,Shakespeare,"Ἰούλιος Καῖσαρ, τραγῳδία εἰς πράξ. 5","Julius Caesar, tragedy in 5 acts","μέγα 8ον, σελ. 90 +",7,Δρχ.,
1904,IMG_1462.jpeg,Θέατρον,Theater,"Δράματα, τραγῳδίαι",ΣΑΙΞΠΗΡΟΥ,Shakespeare,"Μάκβεθ, τραγῳδία εἰς πράξ. 5, μετάφρ. Δ. Βικέλα","Macbeth, tragedy in 5 acts, translated by D. Vikelas",σελ. 179 +,5,Δρχ.,
1904,IMG_1462.jpeg,Θέατρον,Theater,"Δράματα, τραγῳδίαι",ΣΑΙΞΠΗΡΟΥ,Shakespeare,"Ὀθέλλος, τραγῳδία εἰς πράξ. 5, μετάφρ. Δ. Βικέλα","Othello, tragedy in 5 acts, translated by D. Vikelas",σελ. 171 +,5,Δρχ.,
1904,IMG_1462.jpeg,Θέατρον,Theater,"Δράματα, τραγῳδίαι",ΣΑΙΞΠΗΡΟΥ,Shakespeare,"Ῥιχάρδος ὁ Γ΄, δρᾶμα εἰς πράξεις πέντε, μετάφρασις Κλεάνθους Ν. Τριανταφύλλου","Richard III, drama in five acts, translated by Kleanthi N. Triantafyllou",σελίδες 150 +,5,Δρχ.,
1904,IMG_1462.jpeg,Θέατρον,Theater,"Δράματα, τραγῳδίαι",ΣΑΙΞΠΗΡΟΥ,Shakespeare,"Ῥωμαῖος καὶ Ἰουλιέττα, τραγῳδία εἰς πράξεις 5, μετ. Δ. Βικέλα","Romeo and Juliet, tragedy in 5 acts, translated by D. Vikelas",σ. 142 +,5,Δρχ.,
1904,IMG_1462.jpeg,Θέατρον,Theater,"Δράματα, τραγῳδίαι",ΣΑΙΞΠΗΡΟΥ,Shakespeare,"Τρικυμία, δρᾶμα εἰς πράξεις 4, μετάφρ. Ι. Πολυλᾶ","The Tempest, drama in 4 acts, translated by I. Polylas","8ον, σ. 94-ι΄ +",6,Δρχ.,
1904,IMG_1462.jpeg,Θέατρον,Theater,"Δράματα, τραγῳδίαι",ΣΕΖΟΥΡ Β.,Séjour B.,"Οἱ Βενετικοὶ Γάμοι, δρᾶμα εἰς πράξεις 5","Venetian Marriages, drama in 5 acts","8ον, σ. 120 +",4,Δρχ.,
1904,IMG_1462.jpeg,Θέατρον,Theater,"Δράματα, τραγῳδίαι",ΣΟΥΝΔΕΡΜΑΝΝ ΕΡΜΑΝΝ,Sudermann Hermann,"Μάγδα (Heimat), δρᾶμα εἰς πράξεις τέσσαρας, μετάφρασις Μιλτ. Ἀθηναίου","Magda (Heimat), drama in four acts, translated by Milt. Athinaios","8ον, σελ. 116 +",4,Δρχ.,
1904,IMG_1462.jpeg,Θέατρον,Theater,"Δράματα, τραγῳδίαι",ΣΟΥΝΔΕΡΜΑΝΝ ΕΡΜΑΝΝ,Sudermann Hermann,"Ἡ Τιμή, δρᾶμα εἰς πράξεις 4, μετ. Α. Σακέλη","Honor, drama in 4 acts, translated by A. Sakelis","32ον, σ. 136 +",5,Δρχ.,
1904,IMG_1462.jpeg,Θέατρον,Theater,"Δράματα, τραγῳδίαι",ΣΤΑΜΑΤΙΑΔΟΥ Α.,Stamatiadou A.,"Πίστις, Ἐλπὶς καὶ Ἔλεος, δρᾶμα εἰς πράξεις πέντε καὶ μέρη ἕξ","Faith, Hope and Mercy, drama in five acts and six parts",σελίδες 133 + +,5,Δρχ.,
1904,IMG_1462.jpeg,Θέατρον,Theater,"Δράματα, τραγῳδίαι",STERBINI CES.,Sterbini Cesare,"Il Barbiere di Siviglia, melodramma giocoso in due atti","The Barber of Seville, comic opera in two acts",σελίδες 48 X,3,Δρχ.,
1904,IMG_1462.jpeg,Θέατρον,Theater,"Δράματα, τραγῳδίαι",ΣΤΥΛΙΑΝΙΔΟΥ καὶ ΜΑΝΩΛΑΚΑΚΗ,Stylianidou and Manolakakis,"Τὸ Μῆλον τῆς Ἔριδος, κωμῳδία εἰς πράξεις τρεῖς","The Apple of Discord, comedy in three acts","8ον, σελίδες 80 X",5,Δρχ.,
1904,IMG_1462.jpeg,Θέατρον,Theater,"Δράματα, τραγῳδίαι",ΣΧΙΛΛΕΡΟΥ,Schiller,"Αὐρηλιανὴ Παρθένος, τραγῳδία εἰς πράξεις ἕξ, μετάφρασις Δ. Α. Σοφιανοῦ","The Maid of Orleans, tragedy in six acts, translated by D. A. Sofianos",σελίδες 110 X,3,Δρχ.,
1904,IMG_1462.jpeg,Θέατρον,Theater,"Δράματα, τραγῳδίαι",ΣΧΙΛΛΕΡΟΥ,Schiller,Λουΐζα Μύλλερ,Luise Miller,"32ον, σ. 192 +",5,Δρχ.,
1904,IMG_1462.jpeg,Θέατρον,Theater,"Δράματα, τραγῳδίαι",ΣΧΙΛΛΕΡΟΥ,Schiller,"Μαρία Στουάρτη, τραγῳδία εἰς πράξεις πέντε","Mary Stuart, tragedy in five acts","8ον, σελίδες 111 +",5,Δρχ.,
1904,IMG_1462.jpeg,Θέατρον,Theater,"Δράματα, τραγῳδίαι",ΤΟΠΟΥΖΗ Ε. καὶ ΚΩΛΕΤΤΗ Κ.,Topouzi E. and Koletti K.,"Ἕκτωρ, δρᾶμα εἰς 3 πράξεις","Hector, drama in 3 acts","8ον, σελ. 48 + +",3,Δρχ.,
1904,IMG_1462.jpeg,Θέατρον,Theater,"Δράματα, τραγῳδίαι",ΦΕΒΑΛ Π.,Féval P.,"Ἀπόκρυφα τοῦ Λονδίνου, δρᾶμα εἰς πράξεις πέντε, μετάφρασις Χ. Ο. Ὀρφανίδου","Mysteries of London, drama in five acts, translated by Ch. O. Orfanidou","8ον, σ. 152 +",3.20,Δρχ.,
1904,IMG_1462.jpeg,Θέατρον,Theater,"Δράματα, τραγῳδίαι",ΦΡΑΓΚΙΑ Ι. Γ.,Fragkias I. G.,"Ὑμέναιος, μελοδραματικὸν εἰδύλλιον εἰς πράξεις τρεῖς","Hymenaios, operatic idyll in three acts","8ον, σελίδες ϛ΄-59 +",7,Δρχ.,
1904,IMG_1462.jpeg,Θέατρον,Theater,"Δράματα, τραγῳδίαι",ΧΑΪΓΕΛ Κ. / Bun R.,Heigel K. / Bun R.,"Μάρθα, δρᾶμα εἰς πράξεις πέντε, ἐκ τοῦ γερμανικοῦ ὑπὸ Ε. Γ. Ἀμαξοπούλου / Λαίδη Γλόστερ, τραγῳδία εἰς πράξεις πέντε","Martha, drama in five acts, from German by E. G. Amaxopoulou / Lady Gloucester, tragedy in five acts","8ον, σελίδες 88 / 8ον, σελίδες 110",10,Δρχ.,The two works are sold together (τὰ δύο ὁμοῦ)
1904,IMG_1462.jpeg,Θέατρον,Theater,"Δράματα, τραγῳδίαι",ΧΑΤΖΗΧΡΗΣΤΟΥ ΧΡ.,Chatzichristou Chr.,"Ἡ κόρη τοῦ Ἀγάθωνος, δρᾶμα τρίπρακτον μετὰ ἑπτὰ χορικῶν ᾀσμάτων","The Daughter of Agathon, drama in three acts with seven choral songs",σελίδες 69,6,Δρχ.,
1904,IMG_1462.jpeg,Θέατρον,Theater,"Δράματα, τραγῳδίαι",Anonymous,Anonymous,"Χορὸς μετημφιεσμένων, μελόδραμα","Masquerade Ball, opera",σελίδες 78,3,Δρχ.,
1904,IMG_1462.jpeg,Θέατρον,Theater,"Δράματα, τραγῳδίαι",ΧΟΡΤΑΤΖΗ Γ.,Chortatzis G.,"Ἐρωφίλη, τραγῳδία εἰς πράξεις πέντε","Erofili, tragedy in five acts","8ον, σελίδ. 185 +",9,Δρχ.,
1904,IMG_1462.jpeg,Θέατρον,Theater,"Δράματα, τραγῳδίαι",ΧΡΙΣΤΟΠΟΥΛΟΥ Α.,Christopoulos A.,"Ὁ Ἀχιλλεύς, δρᾶμα","Achilles, drama",σελίδες 80 +,4,Δρχ.,
1904,IMG_1462.jpeg,Θέατρον,Theater,Κωμῳδίαι,Anonymous,Anonymous,Ἀγροκήπιον,Nursery / Country Estate,σελίδες 23 +,1,Δρχ.,One-act play per header note
1904,IMG_1462.jpeg,Θέατρον,Theater,Κωμῳδίαι,ΑΝΝΙΝΟΥ Χ.,Anninos Ch.,"Ἡ νίκη τοῦ Λεωνίδα, κωμῳδία εἰς πράξ. τέσσαρας","Leonidas' Victory, comedy in four acts",σ. 175 +,10,Δρχ.,
1904,IMG_1462.jpeg,Θέατρον,Theater,Κωμῳδίαι,ΑΝΝΙΝΟΥ Χ.,Anninos Ch.,"Ἄφρων πατήρ, κωμῳδία εἰς εἰκόνας δύο","Foolish Father, comedy in two scenes",σελίδες 34 +,3,Δρχ.,
1904,IMG_1462.jpeg,Θέατρον,Theater,Κωμῳδίαι,ΒΛΑΧΟΥ ΑΓΓ.,Vlachos Agg.,Ἡ σύζυγος τοῦ Λουλουδάκη,Louloudakis' Wife,σελίδες 28 +,1,Δρχ.,One-act play per header note
1904,IMG_1462.jpeg,Θέατρον,Theater,Κωμῳδίαι,ΒΛΑΧΟΥ ΑΓΓ.,Vlachos Agg.,"Ὁ λοχαγὸς τῆς ἐθνοφυλακῆς, κωμῳδία ἔμμετρος εἰς τρεῖς πράξεις","The Captain of the National Guard, verse comedy in three acts",σελίδες +,5,Δρχ.,
1904,IMG_1463.jpeg,Θέατρον,Theater,Κωμῳδίαι,ΒΛΑΧΟΥ ΑΓΓ.,Vlachos Agg.,Ὁ ὑδροπότης σύζυγος,The Water-Drinking Husband,σελίδες 49 +,2.—,Δρχ.,
1904,IMG_1463.jpeg,Θέατρον,Theater,Κωμῳδίαι,BOCAGE H.,Bocage H.,"Ἐρωτικὴ συνέντευξις, κωμῳδία μονόπρακτος","Romantic Rendezvous, one-act comedy","8ον, σελίδες 25 +",2.—,Δρχ.,
1904,IMG_1463.jpeg,Θέατρον,Theater,Κωμῳδίαι,ΒΥΖΑΝΤΙΟΥ Γ. Σ.,Byzantios G. S.,Ἡ μαγνητιζομένη,The Magnetized Woman,"32ον, σελίδες 42 +",2.—,Δρχ.,
1904,IMG_1463.jpeg,Θέατρον,Theater,Κωμῳδίαι,ΒΥΖΑΝΤΙΟΥ Δ. Κ.,Byzantios D. K.,"Βαβυλωνία, εἰς πράξεις πέντε","Babylonia, in five acts",σελίδες 64+,1.—,Δρχ.,
1904,IMG_1463.jpeg,Θέατρον,Theater,Κωμῳδίαι,ΒΟΥΤΥΡΑ Ν. Β.,Voutyras N. V.,"Ὁ Μανωλάκης, κωμῳδία","Manolakis, comedy",σελίδες 24 +,2.—,Δρχ.,
1904,IMG_1463.jpeg,Θέατρον,Theater,Κωμῳδίαι,Γίλος,Gilos,Ὁ τετραπέρατος,The Extremely Clever One,σελίδ. 32 +,1.—,Δρχ.,
1904,IMG_1463.jpeg,Θέατρον,Theater,Κωμῳδίαι,ΓΟΛΔΟΝΗ Κ.,Goldoni C.,"Καφενεῖον, κωμῳδία, μεταφρασθεῖσα ὑπὸ Μ. Ἀνδρεάδου","The Coffee House, comedy, translated by M. Andreadis",σελίδες 106+,6.—,Δρχ.,
1904,IMG_1463.jpeg,Θέατρον,Theater,Κωμῳδίαι,ΓΡΑΝΖΕ Εὐγ. καὶ ΔΕΛΑΝΑ Ρ.,Grange Eug. & Delana R.,"Οἱ ὑπηρέται, κωμῳδία εἰς πράξ. τρεῖς, μεταφρασθεῖσα καὶ εἰς τὰ καθ' ἡμᾶς ἤθη μετενεχθεῖσα, ὑπὸ Ἰ. Χ. Κούρτελη","The Servants, comedy in three acts, translated and adapted to local customs by I. Ch. Kourtelis","8ον, σ. 114+",5.—,Δρχ.,
1904,IMG_1463.jpeg,Θέατρον,Theater,Κωμῳδίαι,ΔΑΝΑΣΣΗ Μ.,Danassis M.,"Ἡ ἄρχουσα σύζυγος, εἰς πράξ. τέσσαρας","The Dominant Wife, in four acts","8ον, σ. 124+",5.—,Δρχ.,
1904,IMG_1463.jpeg,Θέατρον,Theater,Κωμῳδίαι,ΔΕΚΙΖΑΛΛΗ Ι.,Dekizallas I.,"Ἡ δοξομανής, κωμῳδία ἰταλοῦ Notta, ἐξελληνισθεῖσα καὶ ἐντελῶς μεταποιηθεῖσα","The Glory-Obsessed Woman, comedy by the Italian Notta, translated into Greek and fully adapted","μέγα 8ον, σελίδες 88+",4.—,Δρχ.,
1904,IMG_1463.jpeg,Θέατρον,Theater,Κωμῳδίαι,ΔΕΚΙΖΑΛΛΗ Ι.,Dekizallas I.,"Διὰ τῆς βίας ζηλότυπος, κωμῳδία","Jealous by Force, comedy","8ον, σελίδες 32 +",3.—,Δρχ.,
1904,IMG_1463.jpeg,Θέατρον,Theater,Κωμῳδίαι,Ανώνυμος,Anonymous,"Δικηγορικὰ γελοῖα, κωμῳδία ἀστειοτάτη","Legal Absurdities, a very witty comedy","32ον, σελίδες 39 +",1.—,Δρχ.,
1904,IMG_1463.jpeg,Θέατρον,Theater,Κωμῳδίαι,ΔΡΑΚΑΚΗ Ι.,Drakakis I.,"Ὁ Δὸν Κολοκύθας, κωμῳδία","Don Kolokythas, comedy","8ον, σελίδες 21+",1.—,Δρχ.,
1904,IMG_1463.jpeg,Θέατρον,Theater,Κωμῳδίαι,Ε. Β.,E. V.,"Οἱ Θεριακλίδαι, κωμῳδία δίπρακτος","The Addicts, comedy in two acts","8ον, σελίδες 27+",2.—,Δρχ.,
1904,IMG_1463.jpeg,Θέατρον,Theater,Κωμῳδίαι,Ε. Β.,E. V.,"Ἑξηνταβελώνης, κατὰ Μολιέρον","Exintavelonis, after Molière","8ον, σελ. 106+",6.—,Δρχ.,
1904,IMG_1463.jpeg,Θέατρον,Theater,Κωμῳδίαι,Ε. Β.,E. V.,"Ἐποχὴ τῆς χολέρας, εἰς πράξεις δύο","Cholera Era, in two acts","8ον, σελίδες 60 +",2.—,Δρχ.,
1904,IMG_1463.jpeg,Θέατρον,Theater,Κωμῳδίαι,Ε. Β.,E. V.,Ἐραστὴς τῆς σελήνης,Lover of the Moon,σ. 32 +,1.—,Δρχ.,
1904,IMG_1463.jpeg,Θέατρον,Theater,Κωμῳδίαι,Ε. Β.,E. V.,"Ἔχει τὸ χέρι ὀλίγο... καὶ Ἔχει κάλους ἡ γυναῖκά μου, κωμῳδίαι μονόπρακτοι","Light-Fingered... and My Wife Has Corns, one-act comedies","8ον, σελίδες 40 +",9.—,Δρχ.,
1904,IMG_1463.jpeg,Θέατρον,Theater,Κωμῳδίαι,ΖΑΝΟΥ Π. Δ.,Zanos P. D.,Ἡ ἀνεψιὰ τοῦ θείου της,The Niece of Her Uncle,σελίδες 24 +,2.—,Δρχ.,
1904,IMG_1463.jpeg,Θέατρον,Theater,Κωμῳδίαι,ΖΑΝΟΥ Π. Δ.,Zanos P. D.,"Θέατρον ἑλληνικόν, τόμος Α'","Greek Theater, Volume A",σελίδες 210+,9.—,Δρχ.,
1904,IMG_1463.jpeg,Θέατρον,Theater,Κωμῳδίαι,ΖΑΝΟΥ Π. Δ.,Zanos P. D.,"Ἀνδρογυναικομαχία, κωμῳδία, εἰς 3 μέρη","Battle of Husband and Wife, comedy in 3 parts",σ.κα'—142+,6.—,Δρχ.,
1904,IMG_1463.jpeg,Θέατρον,Theater,Κωμῳδίαι,ΖΑΝΟΥ Π. Δ.,Zanos P. D.,"Ἐρωτικὴ ἀπόπειρα, κωμικὸς σκηνικὸς διάλογος","Romantic Attempt, comic stage dialogue","8ον, σ. + 27",2.—,Δρχ.,
1904,IMG_1463.jpeg,Θέατρον,Theater,Κωμῳδίαι,ΖΑΝΟΥ Π. Δ.,Zanos P. D.,"Ἡ κόρη τοῦ Ἀπέργη, κωμῳδία εἰς μέρη τρία καὶ εἰς τρίμετρον ἰαμβικόν","Apergis's Daughter, comedy in three parts and iambic trimeter",σελίδες 87+,7.20,Δρχ.,
1904,IMG_1463.jpeg,Θέατρον,Theater,Κωμῳδίαι,ZOZA,Zoza,"Ὁ κύριος Τσαλαπετεινὸς ἀπὸ τὸ Κερατοχῶρι, κωμῳδία","Mr. Tsalapeteinos from Keratochori, comedy","8ον, σ. 58 +",5.—,Δρχ.,
1904,IMG_1463.jpeg,Θέατρον,Theater,Κωμῳδίαι,ΙΓΓΛΕΣΗ Αλ.,Inglesis Al.,"Οἱ δύο ἐξάδελφοι, κωμῳδία εἰς πράξ. τρεῖς","The Two Cousins, comedy in three acts","8ον, σ. 80+",2.—,Δρχ.,
1904,IMG_1463.jpeg,Θέατρον,Theater,Κωμῳδίαι,ΙΩΑΝΝΙΔΟΥ Σ.,Ioannidou S.,"Ὁ Σιὸρ Ἀνανίας, κωμῳδία","Signor Ananias, comedy",σελίδες 28 +,2.—,Δρχ.,
1904,IMG_1463.jpeg,Θέατρον,Theater,Κωμῳδίαι,ΙΩΑΝΝΟΥ Γ.,Ioannou G.,"Τὸ καναράκι ἔφυγε, κωμῳδία","The Canary Has Flown, comedy",σελίδες 23 +,2.—,Δρχ.,
1904,IMG_1463.jpeg,Θέατρον,Theater,Κωμῳδίαι,ΚΑΙΣΑΡΕΩΣ Α. Γ.,Kaisareos A. G.,Οἱ τοκογλύφοι,The Usurers,σελίδες 55 +,3.—,Δρχ.,
1904,IMG_1463.jpeg,Θέατρον,Theater,Κωμῳδίαι,ΚΑΙΣΑΡΕΩΣ Α. Γ.,Kaisareos A. G.,Κακὸ συναπάντημα,Unfortunate Encounter,σελ. 23+,1.—,Δρχ.,
1904,IMG_1463.jpeg,Θέατρον,Theater,Κωμῳδίαι,ΚΑΛΟΓΕΡΟΠΟΥΛΟΥ Ι. Ν.,Kalogeropoulou I. N.,"Ἡ εὐτράπελος κόρη, κωμῳδία εἰς πράξ. 3","The Witty Maiden, comedy in 3 acts","8ον, σ. 64+",5.—,Δρχ.,
1904,IMG_1463.jpeg,Θέατρον,Theater,Κωμῳδίαι,ΚΑΜΠΟΥΡΟΓΛΟΥ Δ. Γρ.,Kampouroglou D. Gr.,"Εὐσυνειδησία καὶ ἀσυνειδησία, κωμῳδία εἰς μέρη τρία","Conscientiousness and Unconscionability, comedy in three parts",σελίδες 116+,6.—,Δρχ.,
1904,IMG_1463.jpeg,Θέατρον,Theater,Κωμῳδίαι,ΚΑΜΠΟΥΡΟΓΛΟΥ Ι. Κ.,Kampouroglou I. K.,"Ῥαμπαγᾶς, κωμῳδία εἰς πράξεις πέντε ὑπὸ Victorien Sardou","Rabagas, comedy in five acts by Victorien Sardou","8ον, σελίδες 192++",12.—,Δρχ.,
1904,IMG_1463.jpeg,Θέατρον,Theater,Κωμῳδίαι,ΚΑΠΕΤΑΝΑΚΗ Ηλ. ΣΤ.,Kapetanakis Il. St.,"Ὁ γενικὸς γραμματεύς, κωμῳδία εἰς τρεῖς πράξεις, μετ' ᾀσμάτων","The Secretary General, comedy in three acts, with songs",σελίδες 191+,10.—,Δρχ.,
1904,IMG_1463.jpeg,Θέατρον,Theater,Κωμῳδίαι,ΚΑΡΑ Ν. Π.,Kara N. P.,"Οἱ ἔρωτες ἑνὸς γέροντος, κωμῳδία","The Loves of an Old Man, comedy",σελίδες 30+,1.—,Δρχ.,
1904,IMG_1463.jpeg,Θέατρον,Theater,Κωμῳδίαι,ΚΟΚΚΟΥ Δ.,Kokkos D.,"Καπετὰν Γιακουμῆς, κωμειδύλλιον εἰς πράξεις 3","Captain Giakoumis, operetta/comedietta in 3 acts",σελίδες 78 ++,3.—,Δρχ.,
1904,IMG_1463.jpeg,Θέατρον,Theater,Κωμῳδίαι,ΚΟΚΚΟΥ Δ.,Kokkos D.,"Μπάρμπα Λινάρδος ἢ Τὸ τέλος τῆς Μαρούλας, κωμειδύλλιον εἰς πράξεις τρεῖς","Uncle Linardos or The End of Maroula, comedietta in three acts",σελίδες 61 ++,2.—,Δρχ.,
1904,IMG_1463.jpeg,Θέατρον,Theater,Κωμῳδίαι,Ανώνυμος,Anonymous,"Κομψευόμενοι Τυχοδιῶκται, κωμῳδία","Foppish Adventurers, comedy","32ον, σελίδες 61++",2.—,Δρχ.,
1904,IMG_1463.jpeg,Θέατρον,Theater,Κωμῳδίαι,ΚΟΡΟΜΗΛΑ ΔΗΜ. Α.,Koromilas Dim. A.,Ἀλώπηξ κολοβή,Dock-Tailed Fox,σελίδες 76 +,8.20,Δρχ.,
1904,IMG_1463.jpeg,Θέατρον,Theater,Κωμῳδίαι,ΚΟΡΟΜΗΛΑ ΔΗΜ. Α.,Koromilas Dim. A.,"Ἀποδείξεις, μῖμος","Proofs, mime","32ον, σ. 72+",3.—,Δρχ.,
1904,IMG_1463.jpeg,Θέατρον,Theater,Κωμῳδίαι,ΚΟΡΟΜΗΛΑ ΔΗΜ. Α.,Koromilas Dim. A.,"Ἔφαγες βλίττα, σκῶμμα","You Ate Amaranth, lampoon","32ον, σελίδες 40+",2.—,Δρχ.,
1904,IMG_1464.jpeg,Θέατρον,Theater,Κωμῳδίαι,ΚΟΡΟΜΗΛΑ ΔΗΜ. Α.,Koromilas Dim. A.,"Ἐξώδικος ἀπόφασις, κωμῳδία","Out-of-court Decision, comedy","32ον, σ. 96 +",3,δρχ.,
1904,IMG_1464.jpeg,Θέατρον,Theater,Κωμῳδίαι,ΚΟΡΟΜΗΛΑ ΔΗΜ. Α.,Koromilas Dim. A.,"Κύριος Κουκάκης καὶ ὁ υἱός του, εἰς πράξεις τρεῖς","Mr. Koukakis and His Son, in three acts",σ. 236 +,20,δρχ.,
1904,IMG_1464.jpeg,Θέατρον,Theater,Κωμῳδίαι,ΚΟΡΟΜΗΛΑ ΔΗΜ. Α.,Koromilas Dim. A.,Λέων παράνυμφος,Leon the Groomsman,"32ον, σελίδες 176 +",4,δρχ.,
1904,IMG_1464.jpeg,Θέατρον,Theater,Κωμῳδίαι,ΚΟΡΟΜΗΛΑ ΔΗΜ. Α.,Koromilas Dim. A.,"Μηδὲν Ἄγαν, μῖμος","Nothing in Excess, mime",σελ. 64 +,7,δρχ.,
1904,IMG_1464.jpeg,Θέατρον,Theater,Κωμῳδίαι,ΚΟΡΟΜΗΛΑ ΔΗΜ. Α.,Koromilas Dim. A.,"Σύζυγος τοῦ Μισὲ Ζανῆ, κωμῳδία","Mise Zanis's Wife, comedy",σελίδες 58 +,7,δρχ.,
1904,IMG_1464.jpeg,Θέατρον,Theater,Κωμῳδίαι,ΚΟΡΟΜΗΛΑ ΔΗΜ. Α.,Koromilas Dim. A.,"Υἱὸς τοῦ ὀψοπώλου, εἰς πράξεις τρεῖς","The Fishmonger's Son, in three acts",σελίδες 232 +,19,δρχ.,
1904,IMG_1464.jpeg,Θέατρον,Theater,Κωμῳδίαι,ΚΟΡΟΜΗΛΑ ΔΗΜ. Α.,Koromilas Dim. A.,"Χρυσοῦν ἀνδράποδον, φλύαξ","Golden Slave, farce","32ον, σελίδες 80 +",4,δρχ.,
1904,IMG_1464.jpeg,Θέατρον,Theater,Κωμῳδίαι,ΚΟΡΟΜΗΛΑ ΔΗΜ. Α.,Koromilas Dim. A.,Κύριος ἑπτά,Mister Seven,σελίδες 32 ++,1,δρχ.,
1904,IMG_1464.jpeg,Θέατρον,Theater,Κωμῳδίαι,ΚΟΡΟΜΗΛΑ ΔΗΜ. Α.,Koromilas Dim. A.,Κύριος Κρομμύδας,Mister Krommydas,σελ. 23 ++,1,δρχ.,
1904,IMG_1464.jpeg,Θέατρον,Theater,Κωμῳδίαι,Διάφοροι,Various,"Κωμῳδίαι, ἐκδ. Ἀναστασίου Δ. Φέξη. Ὁ θάνατος τοῦ Περικλέους, Δ. Κορομηλᾶ. — Ὑπὸ ἐχεμύθειαν, Ν. Λάσκαρη. — Ζητεῖται ὑπηρέτης, Χ. Ἀννίνου. — Τὸ ἀνδρείκελον, Δ. Γρ. Καμπούρογλου. — Ἡ διαθήκη τοῦ θεῖου, Μ. Γιαννουκάκη. — Ἐνοικιάζεται, Λάσκαρη καὶ Δημητρακοπούλου. — Εἰς ἀναζήτησιν δραματικοῦ συγγραφέως, Π. Ἀξιώτου","Comedies, ed. Anastasios D. Fexis: The Death of Pericles (D. Koromilas) / Under Secrecy (N. Laskaris) / Servant Wanted (Ch. Anninos) / The Dummy (D. Gr. Kampouroglou) / The Uncle's Will (M. Giannoukakis) / For Rent (Laskaris & Demetrakopoulos) / In Search of a Playwright (P. Axiotis)",σ. 312 +,9,δρχ.,Collection edited by Anastasios D. Fexis
1904,IMG_1464.jpeg,Θέατρον,Theater,Κωμῳδίαι,ΛΑΖΑΡΙΔΟΥ Π.,Lazaridou P.,"Ἀρχαῖοι καὶ σύγχρονοι Ἀθηναῖοι, σκῶμμα","Ancient and Modern Athenians, satire",σελ. 31 + ++,3,δρχ.,
1904,IMG_1464.jpeg,Θέατρον,Theater,Κωμῳδίαι,ΛΑΣΚΑΡΗ Ν. Ι.,Laskaris N. I.,Τὸ κοκκαλάκι τῆς νυκτερίδος. — Ὁ μύλος τῆς ἔριδος. — Ἡ πώλησις τῆς Ἀθηνᾶς. — Ἡ ἐξ Ἅιδου παραγγελία. — Ἡ Παληόγλωσσα. — Ἡ Ἐλενίτσα τῆς ὁδοῦ Ἀγχέσμου,The Bat's Wishbone / The Mill of Discord / The Sale of Athena / The Order from Hades / The Bad Tongue / Elenitsa of Agchesmos Street,σελίδες 208 +,5,δρχ.,
1904,IMG_1464.jpeg,Θέατρον,Theater,Κωμῳδίαι,ΛΑΣΚΑΡΗ Ν. Ι.,Laskaris N. I.,"Ὁ πνευματισμός, σκῶμμα","Spiritualism, satire",σ. 37,2,δρχ.,
1904,IMG_1464.jpeg,Θέατρον,Theater,Κωμῳδίαι,ΛΑΣΚΑΡΗ Ν. Ι. καὶ ΓΙΑΝΝΟΥΚΑΚΗ Μ.,Laskaris N. I. & Giannoukakis M.,"Ὁ γαμπρός μας, κωμῳδία εἰς πράξεις τρεῖς","Our Son-in-Law, comedy in three acts","32ον, σελίδες 174 +",10,δρχ.,
1904,IMG_1464.jpeg,Θέατρον,Theater,Κωμῳδίαι,ΛΟΠΕ ΔΕ ΒΕΓΑ,Lope de Vega,Ἡ ἁρπαγὴ τῆς Ἑλένης,The Abduction of Helen,"8ον, σελίδες 16+",1,δρχ.,
1904,IMG_1464.jpeg,Θέατρον,Theater,Κωμῳδίαι,ΛΟΡΑΝΔΟΥ ΕΜ.,Lorandos Em.,"Χυδαιοαριστοκρατομαχία, κωμῳδία εἰς πράξ. 2","Vulgar-Aristocratic Battle, comedy in 2 acts",σ. 48 +,2,δρχ.,
1904,IMG_1464.jpeg,Θέατρον,Theater,Κωμῳδίαι,ΜΑΪΔΟΥ ΧΡ. Σ.,Maidos Chr. S.,"Ἡ προὶξ τῆς Χρυσάνθης, κωμειδύλλιον","Chrysanthi's Dowry, musical comedy","8ον, σ. 20+",2,δρχ.,
1904,IMG_1464.jpeg,Θέατρον,Theater,Κωμῳδίαι,ΜΑΪΔΟΥ ΧΡ. Σ.,Maidos Chr. S.,Μαργαρὼ ἢ Μενιδιάτισσα,Margaro or the Woman of Menidi,σ. 32+,1,δρχ.,
1904,IMG_1464.jpeg,Θέατρον,Theater,Μένανδρος ἢ συλλογὴ κωμῳδιῶν,Διάφοροι,Various,"Τεῦχος Α' : Ἀγροικογιάννης, ὑπὸ Ἀλ. Ῥ. Ῥαγκαβῆ, Δημοπρασία, ὑπὸ Α. Πίστη, καὶ Μανωλάκης, ὑπὸ Ν. Βουτυρᾶ","Issue 1: Agroikogiannis (by Al. R. Rangavis), Auction (by A. Pistis), and Manolakis (by N. Voutyras)",Τεῦχος Α',3,δρχ.,Part of 'Menandros' comedy collection
1904,IMG_1464.jpeg,Θέατρον,Theater,Μένανδρος ἢ συλλογὴ κωμῳδιῶν,Διάφοροι,Various,"Τεῦχος Β' : Ἀναπαραδιάδης, ὑπὸ Γ. Χ. Σουρῆ, Τύχη ἑνὸς ποιητοῦ καὶ Ἐρωτικὴ ἀπόπειρα, ὑπὸ Π. Ζάνου","Issue 2: Anaparadiadis (by G. Ch. Souris), A Poet's Fortune and Erotic Attempt (by P. Zanos)",Τεῦχος Β',3,δρχ.,Part of 'Menandros' comedy collection
1904,IMG_1464.jpeg,Θέατρον,Theater,Μένανδρος ἢ συλλογὴ κωμῳδιῶν,Διάφοροι,Various,"Τεῦχος Γ' : Δὸν Κολοκύθας, ὑπὸ Ἰ. Δρακάκη, Ξύλινος σκελετός, Ἁρπαγὴ τῆς Ἑλένης, Καὶ πῶς δὲ μοὔσκασεσ","Issue 3: Don Kolokythas (by I. Drakakis), Wooden Skeleton, Abduction of Helen, And How I Didn't Burst",Τεῦχος Γ',3,δρχ.,Part of 'Menandros' comedy collection
1904,IMG_1464.jpeg,Θέατρον,Theater,Μένανδρος ἢ συλλογὴ κωμῳδιῶν,Διάφοροι,Various,"Τεῦχος Ε' : Νόμος τῆς καρδίας, Ἀργυρὼ καὶ Θανάσης, Πείσματα τῶν γυναικῶν","Issue 5: Law of the Heart, Argyro and Thanasis, Women's Stubbornness",Τεῦχος Ε',3,δρχ.,Part of 'Menandros' comedy collection
1904,IMG_1464.jpeg,Θέατρον,Theater,Κωμῳδίαι,ΜΙΣΙΤΖΗ ΔΗΜΟΣΘ.,Misitzis Dimosthenis,"Ὁ Φιάκας, εἰς μέρη δύο","Fiakas, in two parts",σελίδες 64,1,δρχ.,
1904,IMG_1464.jpeg,Θέατρον,Theater,Κωμῳδίαι,ΜΟΛΙΕΡΟΥ,Moliere,"Ἄριστα ἔργα, Μισάνθρωπος, Ταρτοῦφος, Φιλάργυρος, ἐξελληνισθέντα ὑπὸ Ἰ. Ἰσιδωρίδου Σκυλίτση","Masterpieces: The Misanthrope, Tartuffe, The Miser, translated into Greek by I. Isidoridis Skylitsis","μέγα 8ον, σελίδες ις'—352 +",40,δρχ.,
1904,IMG_1464.jpeg,Θέατρον,Theater,Κωμῳδίαι,ΜΟΛΙΕΡΟΥ,Moliere,Αἱ κομψευόμεναι,Les Précieuses ridicules (The Affected Young Ladies),σ. 48 + +,2,δρχ.,
1904,IMG_1464.jpeg,Θέατρον,Theater,Κωμῳδίαι,ΜΟΛΙΕΡΟΥ,Moliere,"Ἀμφιτρύων, κωμῳδία, μετάφρ. Ἰ. Γ. Φραγκιᾶ","Amphitryon, comedy, transl. by I. G. Fragkias","32ον, σελ. 107 +",2,δρχ.,
1904,IMG_1464.jpeg,Θέατρον,Theater,Κωμῳδίαι,ΜΟΛΙΕΡΟΥ,Moliere,"Ὁ Δὸν Ζουάν, εἰς πράξεις πέντε, Σγαναρέλλος, κωμῳδίαι, μεταφρασθεῖσαι ὑπὸ Ἀ. Γ. Σκαλίδου","Don Juan, in five acts / Sganarelle, comedies translated by A. G. Skalidos",σελίδες 134 +,6,δρχ.,
1904,IMG_1464.jpeg,Θέατρον,Theater,Κωμῳδίαι,ΜΟΛΙΕΡΟΥ,Moliere,"Ὁ κατὰ φαντασίαν ἠπατημένος σύζυγος, κωμῳδία ἐμμέτρως ἐξελληνισθεῖσα ὑπὸ Ν. Ἰ. Λάσκαρη","The Imaginary Cuckold, verse comedy translated into Greek by N. I. Laskaris",σ. 46+,5,δρχ.,
1904,IMG_1464.jpeg,Θέατρον,Theater,Κωμῳδίαι,ΜΟΛΙΕΡΟΥ,Moliere,"Μισάνθρωπος, κωμῳδία εἰς πράξεις πέντε, ἐξελληνισθεῖσα ὑπὸ Ἰ. Ἰσ. Σκυλίτση","The Misanthrope, comedy in five acts, translated into Greek by I. Is. Skylitsis","μέγα 8ον, σελίδες 104+",6,δρχ.,
1904,IMG_1464.jpeg,Θέατρον,Theater,Κωμῳδίαι,ΜΟΛΙΕΡΟΥ,Moliere,Μισάνθρωπος,The Misanthrope,"32ον, σ. 90+",2,δρχ.,
1904,IMG_1464.jpeg,Θέατρον,Theater,Κωμῳδίαι,ΜΟΛΙΕΡΟΥ,Moliere,Ταρτοῦφος,Tartuffe,"32ον, σελ. 92 +",2,δρχ.,
1904,IMG_1464.jpeg,Θέατρον,Theater,Κωμῳδίαι,ΜΟΛΙΕΡΟΥ,Moliere,Φιλάργυρος,The Miser,"32ον, σελ. 120 +",2,δρχ.,
1904,IMG_1464.jpeg,Θέατρον,Theater,Κωμῳδίαι,ΜΟΝΔΙΝΟΥ Δ.,Mondinos D.,Βασιλεὺς τῶν Φροντίνων,King of Frontini,"8ον, σελίδες 48+",2,δρχ.,
1904,IMG_1464.jpeg,Θέατρον,Theater,Κωμῳδίαι,ΜΟΝΔΙΝΟΥ Δ.,Mondinos D.,"Θύραι καὶ ἑρμάριον, κωμῳδία","Doors and Cabinet, comedy","8ον, σελ. 24 +",2,δρχ.,
1904,IMG_1464.jpeg,Θέατρον,Theater,Κωμῳδίαι,ΜΟΝΔΙΝΟΥ Δ.,Mondinos D.,"Ἡ σκιὰ τοῦ Ῥινάλδου, κωμῳδία, ἐκ τοῦ ἰταλικοῦ","The Shadow of Rinaldo, comedy from the Italian","8ον, σ. 24+",2,δρχ.,
1904,IMG_1465.jpeg,Θέατρον,Theater,Κωμῳδίαι,Θ. Λεμονίδου,Th. Lemonidou,Μυστήριον τοῦ ποτηρίου,Mystery of the Glass,"κωμῳδία ἐκ τοῦ γαλλικοῦ, σελίδες 44",3.—,Δρ.,
1904,IMG_1465.jpeg,Θέατρον,Theater,Κωμῳδίαι,Θ. Λεμονίδου,Th. Lemonidou,Μύτη τοῦ αὐθέντου μου,My Master's Nose,,1.—,Δρ.,
1904,IMG_1465.jpeg,Θέατρον,Theater,Κωμῳδίαι,ΝΙΚΗΦΟΡΟΥ Γ.,Nikiforou G.,Κωμῳδίαι: Τὸ ἀλάνθαστον ἰατρικόν. — Τὸ εὐχάριστον λάθος. — Ὁ ἀληθινὸς ψεύστης. — Μυλωνᾶς καὶ Μηλιοφᾶς. — Ὁ καπνοδοχοκαθαριστής. — Ἡ ἀδελφὴ τοῦ χαζοῦ. — Ἔχασα τὸ σπίτι μου,Comedies: The Infallible Remedy. - The Pleasant Mistake. - The True Liar. - Mylonas and Miliofas. - The Chimney Sweep. - The Fool's Sister. - I Lost My House,σελίδες 159,4.—,Δρ.,
1904,IMG_1465.jpeg,Θέατρον,Theater,Κωμῳδίαι,ΝΙΚΗΦΟΡΟΥ Γ.,Nikiforou G.,Ἀργυρὼ καὶ Θανάσης,Argyro and Thanasis,"κωμῳδία, 8ον, σελίδες 22",1.—,Δρ.,
1904,IMG_1465.jpeg,Θέατρον,Theater,Κωμῳδίαι,ΝΙΚΟΛΑΡΑ ΑΝΔΡ.,Nikolaras Andr.,Τὸ Καναρίνι. — Τρεῖς γαμβροὶ καὶ μία νύμφη. — Ὁ Καλικάντζαρος. — Οἱ δύο κανταδόροι. — Ἡ Χαϊδεμένη,The Canary. - Three Grooms and One Bride. - The Goblin. - The Two Serenaders. - The Spoiled Girl,σελ. 176,5.—,Δρ.,
1904,IMG_1465.jpeg,Θέατρον,Theater,Κωμῳδίαι,ΝΙΚΟΛΑΡΑ ΑΝΔΡ.,Nikolaras Andr.,Προικοθήρας,The Fortune Hunter,σελίδες 27,1.—,Δρ.,
1904,IMG_1465.jpeg,Θέατρον,Theater,Κωμῳδίαι,ΝΙΚΟΛΑΡΑ ΑΝΔΡ.,Nikolaras Andr.,Τὸ φράγκο,The Franc,σελ. 46,2.—,Δρ.,
1904,IMG_1465.jpeg,Θέατρον,Theater,Κωμῳδίαι,ΝΙΚΟΛΑΡΑ ΑΝΔΡ.,Nikolaras Andr.,Ξεύρει γαλλικὰ καὶ πιάνο,She Knows French and Piano,"32ον, σελίδες 31",1.—,Δρ.,
1904,IMG_1465.jpeg,Θέατρον,Theater,Κωμῳδίαι,ΝΙΚΟΛΑΡΑ ΑΝΔΡ.,Nikolaras Andr.,Ξύλινος σκελετός,Wooden Skeleton,"8ον, σελίδες 24",2.—,Δρ.,
1904,IMG_1465.jpeg,Θέατρον,Theater,Κωμῳδίαι,ΞΥΡΑΦΙΑΔΟΥ Ν.,Xyrafiadis N.,Τὸ κανόνι τριῶν φοιτητῶν,The Cannon of Three Students,"εἰς πράξεις 3, σελ. 110",3.—,Δρ.,
1904,IMG_1465.jpeg,Θέατρον,Theater,Κωμῳδίαι,ΟΙΚΟΝΟΜΟΥ ΤΟΥ ΕΞ ΟΙΚΟΝΟΜΩΝ Κ.,Oikonomos ex Oikonomon K.,Ὁ Ἔξηνταβελώνης,The Miser (Exintavelonis),"κωμῳδία εἰς πράξεις πέντε, 32ον, σελίδες 148",6.—,Δρ.,
1904,IMG_1465.jpeg,Θέατρον,Theater,Κωμῳδίαι,ΟΙΚΟΝΟΜΟΥ ΤΟΥ ΕΞ ΟΙΚΟΝΟΜΩΝ Κ.,Oikonomos ex Oikonomon K.,"Ὅποιος κυνηγᾷ πολλοὺς λαγούς, κἀνένα δὲν πιάνει",He Who Chases Many Hares Catches None,σ. 34,1.—,Δρ.,
1904,IMG_1465.jpeg,Θέατρον,Theater,Κωμῳδίαι,Anonymous,Anonymous,Ὄχι,No,"8ον, σελίδες 29",2.—,Δρ.,
1904,IMG_1465.jpeg,Θέατρον,Theater,Κωμῳδίαι,Molière,Moliere,Πανουργίαι τοῦ Σκασίνου,Scapin's Deceits (Les Fourberies de Scapin),"κωμῳδία εἰς πράξεις 3, κατὰ τὸ γαλλ., σ. 48",5.—,Δρ.,
1904,IMG_1465.jpeg,Θέατρον,Theater,Κωμῳδίαι,ΠΑΠΑΓΕΩΡΓΑΚΟΠΟΥΛΟΥ Ε. Χ.,Papageorgakopoulos E. Ch.,Ἡ προσδοκία μιᾶς προικός,The Expectation of a Dowry,"κωμῳδία, σ. 40",5.—,Δρ.,
1904,IMG_1465.jpeg,Θέατρον,Theater,Κωμῳδίαι,ΠΑΠΑΖΟΓΛΗ ΚΛ.,Papazoglou Kl.,Οἱ ἀφηρημένοι,The Absent-Minded Ones,"8ον, σελίδες 41",3.—,Δρ.,
1904,IMG_1465.jpeg,Θέατρον,Theater,Κωμῳδίαι,ΠΑΠΑΡΡΗΓΟΠΟΥΛΟΥ Δ.,Paparrigopoulos D.,Ἀγορά,Agora (Market),"εἰς πράξεις πέντε, μετὰ προλόγου, σ. 291",10.—,Δρ.,
1904,IMG_1465.jpeg,Θέατρον,Theater,Κωμῳδίαι,ΠΑΠΑΡΡΗΓΟΠΟΥΛΟΥ Δ.,Paparrigopoulos D.,Συζύγου ἐκλογὴ καὶ Πανεπιστήμιον,Choice of Wife and University,σελίδες 32,3.—,Δρ.,
1904,IMG_1465.jpeg,Θέατρον,Theater,Κωμῳδίαι,ΠΑΡΠΑΡΙΑ Γ.,Parparias G.,Τέλος τοῦ κόσμου,End of the World,σελίδες 48,2.—,Δρ.,
1904,IMG_1465.jpeg,Θέατρον,Theater,Κωμῳδίαι,Anonymous,Anonymous,Πείσματα τῶν γυναικῶν,Obstinacy of Women,"κωμῳδία, 8ον, σελίδες 21",2.—,Δρ.,
1904,IMG_1465.jpeg,Θέατρον,Theater,Κωμῳδίαι,ΠΕΠΠΑ ΑΡ. Π.,Peppas Ar. P.,Ὁ κομψευόμενος χωριάτης,The Dandy Countryman,"κωμῳδία εἰς πράξ. 5, 8ον, σ. 84",5.—,Δρ.,
1904,IMG_1465.jpeg,Θέατρον,Theater,Κωμῳδίαι,ΠΙΚΑΡΔΟΥ,Picard,Ὁ ἀνεψιὸς ὡς θεῖος,The Nephew as Uncle,"κωμῳδία εἰς πράξεις τρεῖς, μετάφρασις Γ. Π. Λαζαρίδου, σελίδες 48",2.—,Δρ.,Translated by G. P. Lazaridou
1904,IMG_1465.jpeg,Θέατρον,Theater,Κωμῳδίαι,ΠΙΟΤΗ Ν.,Piotis N.,Τὰ αἰνίγματα,The Riddles,σελ. 20,1.20,Δρ.,
1904,IMG_1465.jpeg,Θέατρον,Theater,Κωμῳδίαι,ΠΙΣΤΗ Α.,Pistis A.,Θ’ αὐτοχειριασθῶ. — Ἄστε ντούα οὖ. — Νυκτεριναὶ συνεντεύξεις. — Γίγαντες. — Μουσικὴ συναυλία. — Ἐπιδημία τῆς τρέλλας. — Βέβαια! Βέβαια! — Σὲ μία таράτσα. — Ποῦ ξέρεις πὼς ἔχω ντολμάδες; — Δημοπρασία,I Will Commit Suicide. - Aste Doa Ou. - Nightly Interviews. - Giants. - Music Concert. - Epidemic of Madness. - Of course! Of course! - On a Terrace. - How Do You Know I Have Dolmades? - Auction,σελίδες 224,6.—,Δρ.,
1904,IMG_1465.jpeg,Θέατρον,Theater,Κωμῳδίαι,ΠΙΣΤΗ Α.,Pistis A.,Ἡ δημοπρασία,The Auction,"8ον, σελ. 32",1.—,Δρ.,
1904,IMG_1465.jpeg,Θέατρον,Theater,Κωμῳδίαι,Anonymous,Anonymous,Πῶς θὰ τελειώσῃ;,How Will It End?,"ἐκ τοῦ ἰταλικοῦ, σελίδες 12",2.—,Δρ.,
1904,IMG_1465.jpeg,Θέατρον,Theater,Κωμῳδίαι,ΡΑΓΚΑΒΗ ΑΛ. Ρ.,Rangavis Al. R.,Τοῦ Κουτρούλη ὁ γάμος,Koutroulis's Wedding,"κωμῳδία εἰς πράξεις πέντε, 8ον, σελίδες 120",6.—,Δρ.,
1904,IMG_1465.jpeg,Θέατρον,Theater,Κωμῳδίαι,ΡΑΦΟΠΟΥΛΟΥ Ε. Δ.,Rafopoulos E. D.,Ὁ κουρεὺς τῆς Σεβίλλης,The Barber of Seville,"κωμῳδία εἰς πράξεις δύο, ἐκ τοῦ ἰταλικοῦ, 8ον, σελίδες 52",3.—,Δρ.,
1904,IMG_1465.jpeg,Θέατρον,Theater,Κωμῳδίαι,ΡΟΔΟΠΟΥΛΟΥ Γ. Μ.,Rodopoulos G. M.,Ἡ πολυθέλγητρος διδάσκαλος,The Most Charming Teacher,"κωμῳδία εἰς πράξεις δύο, σελίδες 63",4.—,Δρ.,
1904,IMG_1465.jpeg,Θέατρον,Theater,Κωμῳδίαι,ΣΑΒΑ Κ. Ν.,Savas K. N.,Ὁ Στάθης,Stathis,"κρητικὴ κωμῳδία, 8ον, σελίδες 74",5.—,Δρ.,
1904,IMG_1465.jpeg,Θέατρον,Theater,Κωμῳδίαι,ΣΑΙΞΠΗΡΟΥ,Shakespeare,Ἔμπορος τῆς Βενετίας,The Merchant of Venice,"εἰς πράξεις πέντε, μετάφρασις Δ. Βικέλα, 8ον, σελίδες 143",5.—,Δρ.,Translated by D. Bikelas
1904,IMG_1465.jpeg,Θέατρον,Theater,Κωμῳδίαι,ΣΑΙΞΠΗΡΟΥ,Shakespeare,Κωμῳδία τῶν παρεξηγήσεων,The Comedy of Errors,"εἰς πράξεις πέντε, σελ. 76",3.—,Δρ.,
1904,IMG_1465.jpeg,Θέατρον,Theater,Κωμῳδίαι,ΣΑΧΙΝΗ Ν. Γ.,Sachinis N. G.,Ὁ Προξενητής,The Matchmaker,"κωμῳδία, σελίδες 32",5.—,Δρ.,
1904,IMG_1465.jpeg,Θέατρον,Theater,Κωμῳδίαι,ΣΟΥΡΗ Γ.,Souris G.,Ἀλλ’ ἀντ’ ἄλλων,Topsy-Turvy,"κωμῳδία μονόπρακτος, σελίδες 35",3.—,Δρ.,
1904,IMG_1465.jpeg,Θέατρον,Theater,Κωμῳδίαι,ΣΟΥΡΗ Γ.,Souris G.,Δὲν ἔχει τὰ προσόντα,Lacks the Qualifications,"8ον, σελίδες 23",3.—,Δρ.,
1904,IMG_1465.jpeg,Θέατρον,Theater,Κωμῳδίαι,ΣΠΑΡΤΙΔΟΥ Ε.,Spartidis E.,Ἀλλ’ ἀντ’ ἄλλων,Topsy-Turvy,"κωμῳδία εἰς πρᾶξιν μίαν, σελ. 23",3.—,Δρ.,
1904,IMG_1465.jpeg,Θέατρον,Theater,Κωμῳδίαι,ΣΠΑΡΤΙΔΟΥ Ε.,Spartidis E.,Τὰ ἐκλογικὰ χάλια μας!,Our Electoral Mess!,"κωμῳδία, σελίδες 55",4.—,Δρ.,
1904,IMG_1465.jpeg,Θέατρον,Theater,Κωμῳδίαι,Anonymous,Anonymous,Τὰ τρία γεροντοπαλλήκαρα,The Three Old Bachelors,"κωμῳδία, 8ον, σελίδες 15",2.—,Δρ.,
1904,IMG_1466.jpeg,Θέατρον,Theater,Θεατρικὴ βιβλιοθήκη,Anonymous,Anonymous,Τὸ ῥαβασάκι τῆς Ἑλένης,Helen's Love Note,"κωμειδύλλιον, 8ον, σελίδες 29 +....",2,—,
1904,IMG_1466.jpeg,Θέατρον,Theater,Θεατρικὴ βιβλιοθήκη,Anonymous,Anonymous,Τρεῖς δεκανεῖς,Three Corporals,σελίδες 23 +....,1,—,
1904,IMG_1466.jpeg,Θέατρον,Theater,Θεατρικὴ βιβλιοθήκη,Anonymous,Anonymous,Τύχη ἑνὸς ποιητοῦ,A Poet's Fortune,"μετ' ᾀσμάτων, 8ον, σελίδες 22 +....",2,—,
1904,IMG_1466.jpeg,Θέατρον,Theater,Θεατρικὴ βιβλιοθήκη,Anonymous,Anonymous,Φαντασιοκόπος,The Daydreamer,σελίδες 26 +....,1,—,
1904,IMG_1466.jpeg,Θέατρον,Theater,Θεατρικὴ βιβλιοθήκη,ΦΑΤΣΕΑ Α.,Fatsea A.,"Ὁ Βερτόλδος, σειρὰ πολιτικῶν κωμῳδιῶν","Bertoldo, Series of Political Comedies","8ον, σ. 96 +....",5,—,
1904,IMG_1466.jpeg,Θέατρον,Theater,Θεατρικὴ βιβλιοθήκη,ΦΙΛΙΚΟΥ Δ.,Filikos D.,Κηδεία καὶ Χορός,Funeral and Dance,"32ον, σελίδες 28 +....",1,—,
1904,IMG_1466.jpeg,Θέατρον,Theater,Θεατρικὴ βιβλιοθήκη,ΦΡΑΝΤΖΗ Ν.,Frantzi N.,Ὁ θησαυρὸς τῆς Κορίνθου,The Treasure of Corinth,"κωμῳδία εἰς πράξεις τρεῖς, 8ον, σελίδος 37 +....",3,—,
1904,IMG_1466.jpeg,Θέατρον,Theater,Θεατρικὴ βιβλιοθήκη,ΧΟΥΡΜΟΥΖΗ Μ.,Chourmouzi M.,Ὀψίπλουτος,Late-Rich,"εἰς μέρη τέσσαρα, 8ον, σελ. ιϐ΄-135 +....",5,—,
1904,IMG_1466.jpeg,Θέατρον,Theater,Θεατρικὴ βιβλιοθήκη,ΧΟΥΡΜΟΥΖΗ Μ.,Chourmouzi M.,Ψευτοξενοδόχος,The Fake Innkeeper,"κωμῳδία εἰς πράξεις τρεῖς, 8ον, σελ. 41 +......",3,—,
1904,IMG_1466.jpeg,Θέατρον,Theater,Γ΄ Θεατρικὴ Βιβλιοθήκη (Συλλογὴ ἐκλεκτοτάτων δραματικῶν ἔργων),BARRIÈRE Th. & PLOUVIER E.,Barrière Th. & Plouvier E.,Ἄγγελος τοῦ μεσονυκτίου,Angel of Midnight,"δρᾶμα εἰς πράξεις ἕξ, σελίδες 67 +....",4,—,
1904,IMG_1466.jpeg,Θέατρον,Theater,Γ΄ Θεατρικὴ Βιβλιοθήκη (Συλλογὴ ἐκλεκτοτάτων δραματικῶν ἔργων),ΒΑΣΙΛΕΙΑΔΟΥ Σπ. Ν.,Vasileiadis Sp. N.,Γαλάτεια,Galatea,"δρᾶμα εἰς πράξεις πέντε, σελ. 27 +....",2,—,
1904,IMG_1466.jpeg,Θέατρον,Theater,Γ΄ Θεατρικὴ Βιβλιοθήκη (Συλλογὴ ἐκλεκτοτάτων δραματικῶν ἔργων),BORNIER H. DE,Bornier H. de,Γάμοι τοῦ Ἀττίλα,The Wedding of Attila,"δρᾶμα εἰς πράξεις τέσσαρας, σελ. 32 +....",3,—,
1904,IMG_1466.jpeg,Θέατρον,Theater,Γ΄ Θεατρικὴ Βιβλιοθήκη (Συλλογὴ ἐκλεκτοτάτων δραματικῶν ἔργων),BOUCHARDY J.,Bouchardy J.,Γάσπαρος ὁ ἁλιεύς,Gaspar the Fisherman,"δρᾶμα εἰς πράξεις πέντε, σ. 44 +....",3,—,
1904,IMG_1466.jpeg,Θέατρον,Theater,Γ΄ Θεατρικὴ Βιβλιοθήκη (Συλλογὴ ἐκλεκτοτάτων δραματικῶν ἔργων),BOUCHARDY J.,Bouchardy J.,Ναύτης Βερτράμ,Bertram the Sailor,"δρᾶμα εἰς πράξεις πέντε, σελίδες 47 +....",3,—,
1904,IMG_1466.jpeg,Θέατρον,Theater,Γ΄ Θεατρικὴ Βιβλιοθήκη (Συλλογὴ ἐκλεκτοτάτων δραματικῶν ἔργων),BOURGEOIS,Bourgeois,Δήμιος τῆς Ἑνετίας,The Executioner of Venice,"δρᾶμα εἰς πράξεις τέσσαρας, σελ. 34 +....",2,—,
1904,IMG_1466.jpeg,Θέατρον,Theater,Γ΄ Θεατρικὴ Βιβλιοθήκη (Συλλογὴ ἐκλεκτοτάτων δραματικῶν ἔργων),BRISEBARE E. & NUS E.,Brisebare E. & Nus E.,Σωσάννα Ἴμβερτ,Suzanne Imbert,"δρᾶμα εἰς πράξεις πέντε, σ. 44 +....",2.20,—,
1904,IMG_1466.jpeg,Θέατρον,Theater,Γ΄ Θεατρικὴ Βιβλιοθήκη (Συλλογὴ ἐκλεκτοτάτων δραματικῶν ἔργων),ΓΑΣΠΑΡ Ερ.,Gaspar Er.,Ἀδιάφοροι,The Indifferent Ones,"δρᾶμα εἰς πρᾶξιν, σελίδες 16 +..........",1,—,
1904,IMG_1466.jpeg,Θέατρον,Theater,Γ΄ Θεατρικὴ Βιβλιοθήκη (Συλλογὴ ἐκλεκτοτάτων δραματικῶν ἔργων),ΓΚΑΙΤΕ,Goethe,Κλαβίγιος,Clavigo,"τραγῳδία εἰς πράξεις πέντε, σελίδες 29 +.......",2,—,
1904,IMG_1466.jpeg,Θέατρον,Theater,Γ΄ Θεατρικὴ Βιβλιοθήκη (Συλλογὴ ἐκλεκτοτάτων δραματικῶν ἔργων),CICONI T.,Ciconi T.,Ἔνσαρκον ἄγαλμα,Incarnate Statue,"δρᾶμα εἰς πράξεις ἕξ, σελίδες 35 +....",3,—,
1904,IMG_1466.jpeg,Θέατρον,Theater,Γ΄ Θεατρικὴ Βιβλιοθήκη (Συλλογὴ ἐκλεκτοτάτων δραματικῶν ἔργων),CONSIGLI A.,Consigli A.,Περιπέτειαι ἐφημεριδογραφίας,Adventures of Journalism,"κωμῳδία εἰς μίαν πρᾶξιν, σελίδες 16 +................",1,—,
1904,IMG_1466.jpeg,Θέατρον,Theater,Γ΄ Θεατρικὴ Βιβλιοθήκη (Συλλογὴ ἐκλεκτοτάτων δραματικῶν ἔργων),CORMON E.,Cormon E.,Φίλιππος ὁ Β΄,Philip II,"δρᾶμα εἰς πράξεις πέντε, σελ. 44 +....",3,—,
1904,IMG_1466.jpeg,Θέατρον,Theater,Γ΄ Θεατρικὴ Βιβλιοθήκη (Συλλογὴ ἐκλεκτοτάτων δραματικῶν ἔργων),ΔΟΥΜΑ Α.,Dumas A.,Λιθοξόος,The Sculptor,"δρᾶμα εἰς πράξεις πέντε, σελίδες 44 +......",2,—,
1904,IMG_1466.jpeg,Θέατρον,Theater,Γ΄ Θεατρικὴ Βιβλιοθήκη (Συλλογὴ ἐκλεκτοτάτων δραματικῶν ἔργων),ΔΟΥΜΑ Α.,Dumas A.,Σύζυγος τῆς χήρας,The Husband of the Widow,"κωμῳδία εἰς πρᾶξιν, σελίδες 16 +.......",2,—,
1904,IMG_1466.jpeg,Θέατρον,Theater,Γ΄ Θεατρικὴ Βιβλιοθήκη (Συλλογὴ ἐκλεκτοτάτων δραματικῶν ἔργων),DELPIT A.,Delpit A.,Υἱὸς τῆς Κοραλίας,The Son of Coralie,"δρᾶμα εἰς πράξεις τέσσαρας, σελ. 44 +....",2.20,—,
1904,IMG_1466.jpeg,Θέατρον,Theater,Γ΄ Θεατρικὴ Βιβλιοθήκη (Συλλογὴ ἐκλεκτοτάτων δραματικῶν ἔργων),D'ENNERY καὶ DUGUÉ,D'Ennery & Dugué,Δέησις τῶν ναυαγῶν,The Prayer of the Shipwrecked,"δρᾶμα εἰς πράξεις πέντε, σ. 43 +....",3,—,
1904,IMG_1466.jpeg,Θέατρον,Theater,Γ΄ Θεατρικὴ Βιβλιοθήκη (Συλλογὴ ἐκλεκτοτάτων δραματικῶν ἔργων),D'ENNERY A. καὶ BRÉSILE J.,D'Ennery A. & Brésil J.,Ταχυδακτυλουργός,The Conjurer,"δρᾶμα εἰς πράξεις πέντε, σελίδες 63 +............",3,—,
1904,IMG_1466.jpeg,Θέατρον,Theater,Γ΄ Θεατρικὴ Βιβλιοθήκη (Συλλογὴ ἐκλεκτοτάτων δραματικῶν ἔργων),D'ENNERY καὶ LAFITTE,D'Ennery & Lafitte,"Χαῖρε, Μαρία",Hail Mary,"δρᾶμα εἰς πράξεις ἕξ, σελ. 45 +....",3,—,
1904,IMG_1466.jpeg,Θέατρον,Theater,Γ΄ Θεατρικὴ Βιβλιοθήκη (Συλλογὴ ἐκλεκτοτάτων δραματικῶν ἔργων),DESNOYER καὶ D'ENNERY,Desnoyer & D'Ennery,Ποιμενὶς τῶν Ἄλπεων,The Shepherdess of the Alps,"δρᾶμα εἰς πράξεις πέντε, σελίδες 43 +................",3,—,
1904,IMG_1466.jpeg,Θέατρον,Theater,Γ΄ Θεατρικὴ Βιβλιοθήκη (Συλλογὴ ἐκλεκτοτάτων δραματικῶν ἔργων),DUMANOIR καὶ D'ENNERY,Dumanoir & D'Ennery,Γέρω - δεκανεύς,Old Corporal,"δρᾶμα εἰς πράξεις πέντε, σ. 46 +....",2.20,—,
1904,IMG_1466.jpeg,Θέατρον,Theater,Γ΄ Θεατρικὴ Βιβλιοθήκη (Συλλογὴ ἐκλεκτοτάτων δραματικῶν ἔργων),DUMANOIR καὶ D'ENNERY,Dumanoir & D'Ennery,Δὸν Καῖσαρ τοῦ Βαζάν,Don César de Bazan,"δρᾶμα εἰς πράξ. 5, σ. 35 +....",2.20,—,
1904,IMG_1466.jpeg,Θέατρον,Theater,Γ΄ Θεατρικὴ Βιβλιοθήκη (Συλλογὴ ἐκλεκτοτάτων δραματικῶν ἔργων),DUMANOIR καὶ KEPANIOU A. DE,Dumanoir & Képaniou A. de,Ἰωάννα τῶν Δακρύων καὶ Ἰωάννα τῶν Γελώτων,Joan of Tears and Joan of Laughter,"δρᾶμα εἰς πράξεις 4, σελ. 32 +....",2,—,
1904,IMG_1467.jpeg,Θέατρον,Theater,Θεατρικὴ βιβλιοθήκη,FERRIER H.,H. Ferrier,Πωλημένος εὐπατρίδης,Sold Patrician,"δρᾶμα εἰς πράξεις 3, σελ. 37",2.20,Δρ.,
1904,IMG_1467.jpeg,Θέατρον,Theater,Θεατρικὴ βιβλιοθήκη,FEUILLET OCTAVE,Octave Feuillet,Δαλιδά,Dalila,"δρᾶμα εἰς πράξεις τρεῖς, σελίδες 39",2.20,Δρ.,
1904,IMG_1467.jpeg,Θέατρον,Theater,Θεατρικὴ βιβλιοθήκη,FOUCHER P. καὶ D'ENNERY,P. Foucher and D'Ennery,Χαρτομάντις,The Fortune Teller,"δρᾶμα εἰς πράξεις 6, σ. 55",3.—,Δρ.,
1904,IMG_1467.jpeg,Θέατρον,Theater,Θεατρικὴ βιβλιοθήκη,GARAND,Garand,Ὀρφανὰ τῆς Ἐνετίας,Orphans of Venice,"δρᾶμα εἰς πράξεις πέντε, σελ. 48",2.20,Δρ.,
1904,IMG_1467.jpeg,Θέατρον,Theater,Θεατρικὴ βιβλιοθήκη,GOLDONI C.,C. Goldoni,Μεμψίμοιρος,The Fault-Finder,"κωμῳδία εἰς πρᾶξιν, σελίδες 40",2.—,Δρ.,
1904,IMG_1467.jpeg,Θέατρον,Theater,Θεατρικὴ βιβλιοθήκη,HUGO,Victor Hugo,Μαριὼν Δελόρμ,Marion Delorme,"δρᾶμα εἰς πράξεις πέντε, σελίδες 48",3.—,Δρ.,
1904,IMG_1467.jpeg,Θέατρον,Theater,Θεατρικὴ βιβλιοθήκη,ΚΑΠΙΓΙΟΛΔΑΣΗ Ν.,N. Kapigioldasi,Κυανοῦς μανδύας,The Blue Cloak,"κωμῳδία εἰς πρᾶξιν, σελ. 12",1.—,Δρ.,
1904,IMG_1467.jpeg,Θέατρον,Theater,Θεατρικὴ βιβλιοθήκη,ΚΑΠΙΓΙΟΛΔΑΣΗ Ν.,N. Kapigioldasi,Πνεύματα,Spirits,"κωμῳδία εἰς πρᾶξιν, σελίδες 17",2.—,Δρ.,
1904,IMG_1467.jpeg,Θέατρον,Theater,Θεατρικὴ βιβλιοθήκη,ΚΑΠΙΓΙΟΛΔΑΣΗ Ν.,N. Kapigioldasi,Σάλπιγξ Δευτέρας Παρουσίας,Trumpet of the Second Coming,"κωμῳδία εἰς πρᾶξιν, σελίδες 8",1.—,Δρ.,
1904,IMG_1467.jpeg,Θέατρον,Theater,Θεατρικὴ βιβλιοθήκη,ΚΟΡΟΜΗΛΑ Δ.,D. Koromilas,Κακὴ Ὥρα,Bad Hour,"κωμῳδία εἰς πρᾶξιν, σελίδες 27",2.—,Δρ.,
1904,IMG_1467.jpeg,Θέατρον,Theater,Θεατρικὴ βιβλιοθήκη,ΚΟΥΤΟΥΒΑΛΗ Μ.,M. Koutouvalis,Δάφνη,Daphne,"δρᾶμα εἰς πράξεις τέσσαρας, σελίδες 24",2.20,Δρ.,
1904,IMG_1467.jpeg,Θέατρον,Theater,Θεατρικὴ βιβλιοθήκη,LYTTON BULWER,Bulwer-Lytton,Δέσποινα τῆς Λυών,The Lady of Lyons,"δρᾶμα εἰς πράξεις πέντε, σ. 37",2.—,Δρ.,
1904,IMG_1467.jpeg,Θέατρον,Theater,Θεατρικὴ βιβλιοθήκη,MAURICE P.,P. Maurice,Βραζιλιανή,The Brazilian Woman,"δρᾶμα εἰς πράξεις πέντε, σελίδες 41",3.—,Δρ.,
1904,IMG_1467.jpeg,Θέατρον,Theater,Θεατρικὴ βιβλιοθήκη,MÉLESVILLE,Mélesville,Εἶναι τρελλή,She is Mad,"δρᾶμα εἰς πράξεις δύο, σελίδες 29",2.—,Δρ.,
1904,IMG_1467.jpeg,Θέατρον,Theater,Θεατρικὴ βιβλιοθήκη,MONTICCINI G.,G. Monticcini,Γαλιλαῖος,Galileo,"δρᾶμα εἰς πράξεις τέσσαρας, σελίδες 46",2.20,Δρ.,
1904,IMG_1467.jpeg,Θέατρον,Theater,Θεατρικὴ βιβλιοθήκη,NUS καὶ BROT,Nus and Brot,Ἰωάννα Γρέϋ,Lady Jane Grey,"δρᾶμα εἰς πράξεις πέντε, σελίδες 52",3.—,Δρ.,
1904,IMG_1467.jpeg,Θέατρον,Theater,Θεατρικὴ βιβλιοθήκη,ΣΑΙΞΠΗΡΟΥ,Shakespeare,Ὀθέλλος,Othello,"τραγῳδία εἰς πράξεις πέντε, σελίδες 73",5.—,Δρ.,
1904,IMG_1467.jpeg,Θέατρον,Theater,Θεατρικὴ βιβλιοθήκη,ΣΧΙΛΛΕΡΟΥ,Schiller,Δῃσταί,The Robbers,"δρᾶμα εἰς πράξεις πέντε, σελίδες 84",7.—,Δρ.,Title printed as Δῃσταί for Λῃσταί
1904,IMG_1467.jpeg,Θέατρον,Theater,Θεατρικὴ βιβλιοθήκη - Β΄ Ἔκδοσις Ἀθηνῶν (Γ. Δ. Φέξη),ΑΝΤΩΝΟΠΟΥΛΟΥ Ν. Α.,N. A. Antonopoulos,Ἡ Στρίγγλα,The Shrew,"δραματικὸν εἰδύλλιον εἰς πράξεις τέσσαρας καὶ εἰκόνας πέντε, ἀρ. 16",4.—,Δρ.,Επιμέλεια Ν. Ι. Λάσκαρη
1904,IMG_1467.jpeg,Θέατρον,Theater,Θεατρικὴ βιβλιοθήκη,BISSOU ALEX.,Alex. Bisson,Ὁ μακαρίτης Τουπινέλ,The Late Toupinel,"κωμῳδία εἰς πράξεις τρεῖς, κατὰ διασκευὴν Νικ. Ἰ. Λάσκαρη, ἀρ. 5",5.—,Δρ.,
1904,IMG_1467.jpeg,Θέατρον,Theater,Θεατρικὴ βιβλιοθήκη,ΒΟΥΛΟΔΗΜΟΥ Ι. Κ.,I. K. Voulodimos,Νὺξ ἐλεημοσύνης,Night of Charity,"δρᾶμα εἰς πράξεις 3, ἀρ. 36",5.—,Δρ.,
1904,IMG_1467.jpeg,Θέατρον,Theater,Θεατρικὴ βιβλιοθήκη,BRANDON TH.,Th. Brandon,Ἡ θεία τοῦ Καρόλου,Charley's Aunt,"κωμῳδία εἰς πράξεις τρεῖς, μετάφρασις Χ. Ἀννίνου, ἀρ. 24",5.—,Δρ.,Printed as BPANDON TH.
1904,IMG_1467.jpeg,Θέατρον,Theater,Θεατρικὴ βιβλιοθήκη,CALDERON DE LA BARCA DON PEDRO,Don Pedro Calderón de la Barca,Τὸ στοιχειό,The Phantom,"δρᾶμα εἰς ἡμέρας τρεῖς, μετάφρασις Ἰ. Καμπουρόγλου, ἀρ. 43",5.—,Δρ.,
1904,IMG_1467.jpeg,Θέατρον,Theater,Θεατρικὴ βιβλιοθήκη,CALDERON DE LA BARCA DON PEDRO,Don Pedro Calderón de la Barca,Ὁ Ἀλκάδης τῆς Θαλαμέας,The Mayor of Zalamea,"δρᾶμα εἰς ἡμέρας τρεῖς, μεταφρασθὲν ἐκ τοῦ ἰσπανικοῦ ὑπὸ Ἰ. Καμπουρόγλου, ἀριθμὸς 11",5.—,Δρ.,
1904,IMG_1467.jpeg,Θέατρον,Theater,Θεατρικὴ βιβλιοθήκη,COPPÉE FR.,François Coppée,Οἱ Ἰακωβῖται,The Jacobites,"δρᾶμα εἰς πράξεις πέντε, μετάφρασις Γ. Β. Τσοκοπούλου, ἀρ. 35",5.—,Δρ.,
1904,IMG_1467.jpeg,Θέατρον,Theater,Θεατρικὴ βιβλιοθήκη,DARNLEY & MANVILLE FENN,Darnley & Manville Fenn,Τὸ μπαλόνι,The Balloon,"κωμῳδία εἰς πράξεις τρεῖς, μετάφρασις Κ. Ἀ. Πετρίδου, ἀρ. 50",6.—,Δρ.,
1904,IMG_1467.jpeg,Θέατρον,Theater,Θεατρικὴ βιβλιοθήκη,DAUBIGNY B.,B. Daubigny,Οἱ δύο λοχίαι,The Two Sergeants,δρᾶμα εἰς πράξεις τρεῖς,6.—,Δρ.,
1904,IMG_1467.jpeg,Θέατρον,Theater,Θεατρικὴ βιβλιοθήκη,ΔΕΛΗΚΑΤΕΡΙΝΗ Ι.,I. Delikaterini,Ἡ Τρίχα,The Hair,"κωμικὸς μονόλογος, μετὰ καὶ άλλων, ἀρ. 14",4.—,Δρ.,
1904,IMG_1467.jpeg,Θέατρον,Theater,Θεατρικὴ βιβλιοθήκη,D'ENNERY,D'Ennery,Αἱ δύο ὀρφαναί,The Two Orphans,"δρᾶμα εἰς πράξεις πέντε καὶ εἰκόνας ὀκτώ, μετάφρασις Δ. Π. Λάμπρου, ἀρ. 9",6.—,Δρ.,
1904,IMG_1467.jpeg,Θέατρον,Theater,Θεατρικὴ βιβλιοθήκη,D'ENNERY,D'Ennery,Οἱ Ἱππόται τῆς Ὁμίχλης,The Knights of the Fog,"δρᾶμα εἰς πράξεις πέντε καὶ εἰκόνας δέκα, μετάφρασις Χρ. Δ. Ἀλεξιάδου, ἀρ. 14",7.—,Δρ.,
1904,IMG_1467.jpeg,Θέατρον,Theater,Θεατρικὴ βιβλιοθήκη,ΔΗΜΗΤΡΑΚΟΠΟΥΛΟΥ Πολ. Ι.,Pol. I. Dimitrakopoulos,Ἡρωδιάς,Herodias,"τραγικὸς μονόλογος, μετὰ καὶ άλλων, ἀρ. 14",4.—,Δρ.,
1904,IMG_1467.jpeg,Θέατρον,Theater,Θεατρικὴ βιβλιοθήκη,ΔΗΜΗΤΡΑΚΟΠΟΥΛΟΥ Πολ. Ι.,Pol. I. Dimitrakopoulos,Μαρκέλλα,Marcella,"τραγῳδία εἰς πράξεις τέσσαρας, ἀρ. 34",6.—,Δρ.,
1904,IMG_1467.jpeg,Θέατρον,Theater,Θεατρικὴ βιβλιοθήκη,ΔΗΜΗΤΡΑΚΟΠΟΥΛΟΥ Πολ. Ι.,Pol. I. Dimitrakopoulos,Ἀπὸ τὴ Γῆ 'σ τὸν Οὐρανό,From Earth to Heaven,"κωμῳδία εἰς πράξεις τρεῖς, ἀρ. 38",6.—,Δρ.,
1904,IMG_1467.jpeg,Θέατρον,Theater,Θεατρικὴ βιβλιοθήκη,ΕΡΒΙΕ Π.,Paul Hervieu,Ἡ Λαμπαδοδρομία,The Torch Race,"δρᾶμα εἰς πράξεις τέσσαρας, μετάφρασις Ἠλ. Βεργοπούλου, ἀρ. 29",6.—,Δρ.,
1904,IMG_1467.jpeg,Θέατρον,Theater,Θεατρικὴ βιβλιοθήκη,ΖΑΝΟΥ Π. Δ.,P. D. Zanou,Γένος καὶ Καρδία,Lineage and Heart,"δρᾶμα εἰς πράξεις τέσσαρας, ἀρ. 54",4.—,Δρ.,
1904,IMG_1468.jpeg,Θέατρον,Theater,Θεατρικὴ βιβλιοθήκη,ΖΑΝΟΥ Π. Δ.,P. D. Zanou,"Νικηφόρος Φωκᾶς, τραγῳδία εἰς πράξεις πέντε, ἀρ. 47","Nikiforos Phokas, tragedy in five acts, no. 47",,6,—,
1904,IMG_1468.jpeg,Θέατρον,Theater,Θεατρικὴ βιβλιοθήκη,FEYDEAU G.,Georges Feydeau,"Ὁ ῥάπτης τῶν κυριῶν, κωμῳδία εἰς πράξεις τρεῖς, μετάφρασις Κ. Γιαννακάκη, ἀρ. 37","Ladies' Tailor, comedy in three acts, translated by K. Giannakakis, no. 37",,6,—,
1904,IMG_1468.jpeg,Θέατρον,Theater,Θεατρικὴ βιβλιοθήκη,FEYDEAU & DESRVALLIERES,Georges Feydeau & Maurice Desvallières,"Σαμπινιὸλ χωρὶς νὰ θέλῃ, κωμῳδία εἰς πράξεις τρεῖς, μετάφρασις Ν. Ἰ. Λάσκαρη, ἀρ. 27","Champignol Despite Himself, comedy in three acts, translated by N. I. Laskaris, no. 27",,7,—,
1904,IMG_1468.jpeg,Θέατρον,Theater,Θεατρικὴ βιβλιοθήκη,GIACOSA,Giuseppe Giacosa,"Ἔρωτος Θρίαμβος, μῦθος δραματικὸς εἰς πράξεις δύο, μετάφρασις Ἀγ- Γιαννοπούλου, ἀρ. 30","Triumph of Love, dramatic fable in two acts, translated by Ag. Giannopoulou, no. 30",,3,—,
1904,IMG_1468.jpeg,Θέατρον,Theater,Θεατρικὴ βιβλιοθήκη,GOLDONI C.,Carlo Goldoni,"Ἡ Δοκαντιέρα, κωμῳδία εἰς πράξεις τρεῖς, μετάφρασις Ν. Ποριώτη, ἀρ. 40","La Locandiera (The Mistress of the Inn), comedy in three acts, translated by N. Poriotis, no. 40",,7,—,
1904,IMG_1468.jpeg,Θέατρον,Theater,Θεατρικὴ βιβλιοθήκη,GONDINET E.,Edmond Gondinet,"Ὁ πολιτικὸς ἀνεμόμυλος, κωμῳδία μονόπρακτος, διασκευασθεῖσα ὑπὸ Νικ. Ἰ. Λάσκαρη, ἀρ. 53","The Political Windmill, one-act comedy, adapted by Nik. I. Laskaris, no. 53",,3,—,
1904,IMG_1468.jpeg,Θέατρον,Theater,Θεατρικὴ βιβλιοθήκη,ΙΨΕΝ ΕΝΡΙΚ,Henrik Ibsen,"Οἱ Βρυκόλακες, δρᾶμα εἰς πράξεις τρεῖς, ἀρ. 3","Ghosts, drama in three acts, no. 3",,5,—,
1904,IMG_1468.jpeg,Θέατρον,Theater,Θεατρικὴ βιβλιοθήκη,ΙΨΕΝ ΕΝΡΙΚ,Henrik Ibsen,"Τὸ Σπίτι τῆς Κούκλας, δρᾶμα εἰς πράξεις τρεῖς, μετάφρασις Μ. Γιαννουκάκη, ἀρ. 31","A Doll's House, drama in three acts, translated by M. Giannoukakis, no. 31",,7,—,
1904,IMG_1468.jpeg,Θέατρον,Theater,Θεατρικὴ βιβλιοθήκη,ΚΑΛΑΠΟΘΑΚΗ Δ. ΟΙΚ.,D. Oik. Kalapothaki,"Τὸ Κουνοῦπι, μονόλογος, μετὰ καὶ άλλων, ἀρ. 14","The Mosquito, monologue, with others, no. 14",,4,—,
1904,IMG_1468.jpeg,Θέατρον,Theater,Θεατρικὴ βιβλιοθήκη,ΚΑΛΟΓΕΡΟΠΟΥΛΟΥ Δ. Ι.,D. I. Kalogeropoulos,"Πολὺς θόρυβος, κωμικὸς μονόλογος, μετὰ καὶ άλλων, ἀριθμὸς 14","Much Ado, comic monologue, with others, no. 14",,4,—,
1904,IMG_1468.jpeg,Θέατρον,Theater,Θεατρικὴ βιβλιοθήκη,ΚΑΜΠΟΥΡΟΓΛΟΥ Ι. καὶ ΛΑΣΚΑΡΗ Ν. Ι.,I. Kampouroglou & N. I. Laskaris,"Ὁ ᾽ντροπαλὸς ἐρωτευμένος, κωμῳδία εἰς πρᾶξιν μίαν, ἀρ. 26","The Shy Lover, one-act comedy, no. 26",,3,—,
1904,IMG_1468.jpeg,Θέατρον,Theater,Θεατρικὴ βιβλιοθήκη,ΚΟΚΚΟΥ Δ.,D. Kokkos,"Ὁ καπετὰν Γιακουμῆς, κωμειδύλλιον εἰς πράξεις 4, ἀρ. 18","Captain Giakoumis, musical comedy in 4 acts, no. 18",,5,—,
1904,IMG_1468.jpeg,Θέατρον,Theater,Θεατρικὴ βιβλιοθήκη,ΚΟΚΚΟΥ Δ.,D. Kokkos,"Ἡ Λύρα τοῦ Γέρω-Νικόλα, κωμειδύλλιον εἰς πράξεις τρεῖς, ἀρ. 4","Old Nikolas's Lyre, musical comedy in three acts, no. 4",,4,—,
1904,IMG_1468.jpeg,Θέατρον,Theater,Θεατρικὴ βιβλιοθήκη,ΚΟΚΚΟΥ Δ.,D. Kokkos,"Ὁ Μπάρμπα Λινάρδος, κωμειδύλλιον εἰς πράξεις τρεῖς, ἀρ 42","Uncle Linardos, musical comedy in three acts, no. 42",,5,—,
1904,IMG_1468.jpeg,Θέατρον,Theater,Θεατρικὴ βιβλιοθήκη,ΚΟΡΜΩΝ καὶ ΓΚΡΑΝΖΕ,Eugène Cormon & Eugène Grangé,"Ὁ Γέρω - Μαρτέν, δρᾶμα εἰς πράξεις τρεῖς, ἀρ. 1","Old Martin, drama in three acts, no. 1",,6,—,
1904,IMG_1468.jpeg,Θέατρον,Theater,Θεατρικὴ βιβλιοθήκη,ΚΟΡΟΜΗΛΑ ΔΗΜ.,Dimitrios Koromilas,"Ὁ ἀγαπητικὸς τῆς βοσκοπούλας, δραματικὸν εἰδύλλιον εἰς πράξεις πέντε, ἀρ. 12","The Shepherdess's Lover, dramatic idyll in five acts, no. 12",,6,—,
1904,IMG_1468.jpeg,Θέατρον,Theater,Θεατρικὴ βιβλιοθήκη,ΚΟΤΣΕΛΟΠΟΥΛΟΥ Ν. Α.,N. A. Kotselopoulos,"Ἡ χήρα, κωμικὸς μονόλογος, μετὰ καὶ άλλων, ἀρ. 14","The Widow, comic monologue, with others, no. 14",,4,—,
1904,IMG_1468.jpeg,Θέατρον,Theater,Θεατρικὴ βιβλιοθήκη,LABICHE καὶ DURU,Eugène Labiche & Alfred Duru,"Νὰ τὸ λέμε; κωμῳδία εἰς πράξεις τρεῖς, μετάφρασις Ν. Ἰ. Λάσκαρη, ἀρ. 13","Shall We Say It?, comedy in three acts, translated by N. I. Laskaris, no. 13",,5,—,
1904,IMG_1468.jpeg,Θέατρον,Theater,Θεατρικὴ βιβλιοθήκη,ΛΑΣΚΑΡΗ Ν. Ι.,N. I. Laskaris,"Ἀθηναϊκὰ χάλια, κωμικὸν μελούργημα. Μουσικὴ Δ. Λαυράγκα, μετὰ καὶ άλλων, ἀρ. 14","Athenian Misery, comic musical. Music by D. Lavrangas, with others, no. 14",,4,—,
1904,IMG_1468.jpeg,Θέατρον,Theater,Θεατρικὴ βιβλιοθήκη,ΛΑΣΚΑΡΗ Ν. Ι.,N. I. Laskaris,"Δραμάτια. — Νὰ μὲ ζηλεύῃς. — Οἱ ἔντιμοι. — Τὸ Μαυσωλεῖον, ἀριθμὸς 49","Short Plays: You Should Be Jealous of Me / The Honest Ones / The Mausoleum, no. 49",,5,—,
1904,IMG_1468.jpeg,Θέατρον,Theater,Θεατρικὴ βιβλιοθήκη,ΛΑΣΚΑΡΗ Ν. Ι.,N. I. Laskaris,"Διὰ τῆς μεθόδου τοῦ παππᾶ, κωμικὸς μονόλογος, μετὰ καὶ άλλων, ἀριθμὸς 14","By the Priest's Method, comic monologue, with others, no. 14",,4,—,
1904,IMG_1468.jpeg,Θέατρον,Theater,Θεατρικὴ βιβλιοθήκη,ΛΑΣΚΑΡΗ Ν. Ι.,N. I. Laskaris,"Ἡ Καραντίνα, κωμῳδία εἰς πράξεις τρεῖς, ἀρ. 8","Quarantine, comedy in three acts, no. 8",,6,—,
1904,IMG_1468.jpeg,Θέατρον,Theater,Θεατρικὴ βιβλιοθήκη,ΛΑΣΚΑΡΗ Ν. Ι.,N. I. Laskaris,"Κωμῳδίαι. Σειρὰ Α′ : Ἀκόμη δὲν τὸν εἴδαμε... — Τὸ σκάνδαλον τοῦ δήμου Βουπρασίων. — Ἡ μαύρη παρηγοριά, ἀριθμὸς 10","Comedies, Series A: We Haven't Even Seen Him Yet... / The Scandal of Vouprasia Municipality / Black Comfort, no. 10",,6,—,
1904,IMG_1468.jpeg,Θέατρον,Theater,Θεατρικὴ βιβλιοθήκη,ΛΑΣΚΑΡΗ Ν. Ι.,N. I. Laskaris,"Κωμῳδίαι. Σειρὰ Β′ : Ὁ Πνευματισμός. — Μὶς Ἔβανς. — Τὸ καινούργιο σπίτι, ἀρ. 39","Comedies, Series B: Spiritualism / Miss Evans / The New House, no. 39",,5,—,
1904,IMG_1468.jpeg,Θέατρον,Theater,Θεατρικὴ βιβλιοθήκη,ΛΑΣΚΑΡΗ Ν. Ι.,N. I. Laskaris,"Μαλλιὰ κουβάρια, κωμῳδία εἰς πράξεις τρεῖς, ἀρ. 21","Tangled Hair, comedy in three acts, no. 21",,7,—,
1904,IMG_1468.jpeg,Θέατρον,Theater,Θεατρικὴ βιβλιοθήκη,ΛΑΣΚΑΡΗ Ν. Ι.,N. I. Laskaris,"Τιμὴ τὸ χρῆμα, μονόλογος μετὰ καὶ άλλων, ἀρ. 14","Money is Honor, monologue with others, no. 14",,4,—,
1904,IMG_1468.jpeg,Θέατρον,Theater,Θεατρικὴ βιβλιοθήκη,ΛΑΣΚΑΡΗ καὶ ΓΙΑΝΝΟΥΚΑΚΗ,N. I. Laskaris & M. Giannoukakis,"Ὁ γαμβρός μας, κωμῳδία εἰς πράξεις 3, ἀρ. 25","Our Son-in-Law, comedy in 3 acts, no. 25",,6,—,
1904,IMG_1468.jpeg,Θέατρον,Theater,Θεατρικὴ βιβλιοθήκη,ΛΑΣΚΑΡΗ καὶ ΠΩΠ,N. I. Laskaris & Pop,"Πικ-Νίκ, κωμῳδία εἰς πράξεις τρεῖς, ἀρ. 52","Picnic, comedy in three acts, no. 52",,6,—,
1904,IMG_1468.jpeg,Θέατρον,Theater,Θεατρικὴ βιβλιοθήκη,MEILHAC & HALÉVY,Henri Meilhac & Ludovic Halévy,"Ἡ χήρα, κωμῳδία εἰς πράξεις τρεῖς, μετάφρασις Κλ. Διττάκη, ἀρ. 48","The Widow, comedy in three acts, translated by Kl. Dittakis, no. 48",,5,—,
1904,IMG_1468.jpeg,Θέατρον,Theater,Θεατρικὴ βιβλιοθήκη,ΜΕΛΙΣΣΙΩΤΟΥ Π.,P. Melissiotis,"Ἡ Χάϊδω, δραματικὸν εἰδύλλιον εἰς πράξεις 3, ἀρ. 23","Haido, dramatic idyll in 3 acts, no. 23",,4,—,
1904,IMG_1468.jpeg,Θέατρον,Theater,Θεατρικὴ βιβλιοθήκη,ΜΕΛΙΣΣΙΩΤΟΥ Π.,P. Melissiotis,"Θυμιούλα ἢ Γαλαξιδιώτισσα, δραματικὸν εἰδύλλιον εἰς πράξεις τρεῖς, ἀριθμὸς 33","Thymioula or The Woman of Galaxidi, dramatic idyll in three acts, no. 33",,4,—,
1904,IMG_1468.jpeg,Θέατρον,Theater,Θεατρικὴ βιβλιοθήκη,ΜΟΛΙΕΡΟΥ,Molière,"Ἀγαθόπουλος ὁ Ξηροχωρίτης, κωμῳδία εἰς πράξεις 3, ἀρ. 45","Agathopoulos of Xirochori (Monsieur de Pourceaugnac), comedy in 3 acts, no. 45",,4,—,
1904,IMG_1468.jpeg,Θέατρον,Theater,Θεατρικὴ βιβλιοθήκη,ΜΟΛΙΕΡΟΥ,Molière,"Ταρτοῦφος, κωμῳδία, μετάφρασις Ἰ. Ἰσιδ. Σκυλίσση, ἀρ. 51","Tartuffe, comedy, translated by I. Isid. Skylissis, no. 51",,7,—,
1904,IMG_1468.jpeg,Θέατρον,Theater,Θεατρικὴ βιβλιοθήκη,ΝΙΚΟΛΑΡΑ Ι. Δ.,I. D. Nikolaras,"Ὁ Σταυρός, δρᾶμα εἰς πράξεις τρεῖς, ἀρ. 22","The Cross, drama in three acts, no. 22",,3,—,
1904,IMG_1469.jpeg,Θέατρον,Theater,Θεατρικὴ βιβλιοθήκη,ΠΕΡΕΣΙΑΔΟΥ ΣΠ.,Peresiadis Sp.,Ἡ Γκόλφω,Golfo,"δρᾶμα εἰδυλλιακὸν εἰς πράξεις πέντε, ἀρ. 20+",6,Δρχ.,
1904,IMG_1469.jpeg,Θέατρον,Theater,Θεατρικὴ βιβλιοθήκη,ΡΑΓΚΑΒΗ Α. Ρ.,Rangavis A. R.,Ὁ μνηστὴρ τῆς Ἀρχοντούλας,The Suitor of Archontoula,"κωμῳδία εἰς πρᾶξιν μίαν, ἀριθμὸς 55+",4,Δρχ.,
1904,IMG_1469.jpeg,Θέατρον,Theater,Θεατρικὴ βιβλιοθήκη,ROVETTA G.,G. Rovetta,Οἱ ἄτιμοι,The Dishonest Ones,"δρᾶμα εἰς πράξεις τρεῖς, μετάφρασις Χ. Ἀννίνου, ἀριθμὸς 17+",4,Δρχ.,Translator: Ch. Anninos
1904,IMG_1469.jpeg,Θέατρον,Theater,Θεατρικὴ βιβλιοθήκη,SARDOU V.,V. Sardou,Πατρίς !,Patrie!,"δρᾶμα εἰς πράξεις πέντε καὶ εἰκόνας ἑπτά, μετάφρασις Ἰ. Καμπουρόγλου, ἀρ. 7+",6,Δρχ.,Translator: I. Kampouroglou
1904,IMG_1469.jpeg,Θέατρον,Theater,Θεατρικὴ βιβλιοθήκη,SARDOU V.,V. Sardou,Τόσκα,Tosca,"δρᾶμα εἰς πράξεις τέσσαρας, ἀρ. 2+",5,Δρχ.,
1904,IMG_1469.jpeg,Θέατρον,Theater,Θεατρικὴ βιβλιοθήκη,SARDOU V.,V. Sardou,Ἡ Φαιδώρα,Fedora,"δρᾶμα εἰς πράξεις τέσσαρας, ἀρ. 19+",6,Δρχ.,
1904,IMG_1469.jpeg,Θέατρον,Theater,Θεατρικὴ βιβλιοθήκη,SÉJOUR V.,V. Séjour,Ὁ υἱὸς τῆς νυκτός,The Son of the Night,"δρᾶμα εἰς πράξ. 4, μετὰ προλόγου, ἀρ. 32+",6,Δρχ.,
1904,IMG_1469.jpeg,Θέατρον,Theater,Θεατρικὴ βιβλιοθήκη,ΣΟΥΒΟΡΙΝ Α. καὶ ΜΠΟΥΡΕΝΙΝ Β.,Souvorin A. and Bourenin V.,Ἡ Μήδεια,Medea,"δρᾶμα εἰς πράξεις τέσσαρας, μετάφρασις ἐκ τοῦ ῥωσσικοῦ ὑπὸ Κ. Σ. Κοκόλη, ἀρ. 28+",6,Δρχ.,Translated from Russian by K. S. Kokolis
1904,IMG_1469.jpeg,Θέατρον,Theater,Θεατρικὴ βιβλιοθήκη,ΣΤΡΑΤΗΓΟΠΟΥΛΟΥ ΙΔ.,Stratigopoulou Id.,Ὁ δὸν Κιχώτης,Don Quixote,"ἱλαροτραγῳδία εἰς πράξεις πέντε, μετὰ 16 ᾀσμάτων, ἀρ. 41+",7,Δρχ.,
1904,IMG_1469.jpeg,Θέατρον,Theater,Θεατρικὴ βιβλιοθήκη,SUDERMAN-HERMANN,Hermann Sudermann,Ἡ Τιμή,Honor,"δρᾶμα εἰς πράξεις τρεῖς, μετάφρασις Χ. Ἀννίνου, ἀρ. 6+",6,Δρχ.,Translator: Ch. Anninos
1904,IMG_1469.jpeg,Θέατρον,Theater,Θεατρικὴ βιβλιοθήκη,ΧΡΗΣΤΟΒΑΣΙΛΗ ΧΡ.,Christovasili Chr.,Γιὰ τὴν τιμή,For Honor,"τραγῳδία σὲ πράξες τέσσερες, ἀρ. 46+",5,Δρχ.,
1904,IMG_1470.jpeg,Μυθιστορήματα και Διηγήματα,Novels and Short Stories,,Αλ. ΔΟΥΜΑΣ,Alexandre Dumas,Άγγελος Πιτού,Ange Pitou,"μέγα 8ον, σελίδες 536",15,—,
1904,IMG_1470.jpeg,Μυθιστορήματα και Διηγήματα,Novels and Short Stories,,Ε. ΣΥΗ,Eugène Sue,Αδαλβέρτης,Adalbert,σ. 337,10,—,
1904,IMG_1470.jpeg,Μυθιστορήματα και Διηγήματα,Novels and Short Stories,,,,Αδέλη,Adèle,"8ον, σελίδες 59",2,—,
1904,IMG_1470.jpeg,Μυθιστορήματα και Διηγήματα,Novels and Short Stories,,ΕΚΤ. ΜΑΛΟ,Hector Malot,Αδελφούλα,Little Sister,σ. 197,6,—,
1904,IMG_1470.jpeg,Μυθιστορήματα και Διηγήματα,Novels and Short Stories,,ΦΕΡΔ. ΓΡΗΓΟΡΟΒΙΟΣ,Ferdinand Gregorovius,Αθηναΐς,Athenaïs,σελίδες 248,10,—,"ιστορικόν διήγημα, μετάφρ. Σπ. Π. Λάμπρου"
1904,IMG_1470.jpeg,Μυθιστορήματα και Διηγήματα,Novels and Short Stories,,Ν. ΣΠΑΝΔΩΝΗΣ,N. Spandonis,Αθήνα μας,Our Athens,"τόμοι τρείς, σελίδες 1270",20,—,
1904,IMG_1470.jpeg,Μυθιστορήματα και Διηγήματα,Novels and Short Stories,,Ξ. ΔΕ ΜΟΝΤΕΠΕΝ,Xavier de Montépin,Αθιγγανίς,The Gypsy Woman,"μετ' εικόνων, 8ον, σελ. 524",12,—,
1904,IMG_1470.jpeg,Μυθιστορήματα και Διηγήματα,Novels and Short Stories,,ΒΙΚΤΩΡ ΟΥΓΚΩ,Victor Hugo,Άθλιοι,Les Misérables,"μετ' εικόνων, 8ον, τόμοι 5, σελίδες 1836",35,—,κατά μετάφρασιν Δ. Γιανναράκη
1904,IMG_1470.jpeg,Μυθιστορήματα και Διηγήματα,Novels and Short Stories,,Ι. Δ. ΚΟΝΔΥΛΑΚΗΣ,I. D. Kondylakis,Άθλιοι των Αθηνών,The Wretched of Athens,"8ον, σελίδες 751",20,—,το πρώτον εικονογραφημένον ελληνικόν σύγγραμμα
1904,IMG_1470.jpeg,Μυθιστορήματα και Διηγήματα,Novels and Short Stories,,Ρ. ZACCONE,Pierre Zaccone,Άθλιοι του Λονδίνου,The Miserable of London,"8ον, σελ. 880",8,—,
1904,IMG_1470.jpeg,Μυθιστορήματα και Διηγήματα,Novels and Short Stories,,ΠΡΟΚΕΣ-ΟΣΤΕΝ,Prokesch-Osten,Αί μετά του δουκός του Ράϊχσταδ σχέσεις μου,My Relations with the Duke of Reichstadt,σ. 136,5,—,
1904,IMG_1470.jpeg,Μυθιστορήματα και Διηγήματα,Novels and Short Stories,,ΑΔ. Δ' ΕΝΝΕΡΥ,Adolphe d'Ennery,Αιχμάλωτος των αγρίων,Captive of the Savages,"μετ' εικόνων, 8ον, σελ. 1725",20,—,
1904,IMG_1470.jpeg,Μυθιστορήματα και Διηγήματα,Novels and Short Stories,,ΛΕΩΝ ΓΕΡΑΡΔΗΣ,Leon Gerardis,Ακέφαλον πτώμα,Headless Corpse,"8ον, σελίδες 75",2,—,σύγχρονος αθηναϊκή μυθιστορία
1904,IMG_1470.jpeg,Μυθιστορήματα και Διηγήματα,Novels and Short Stories,,ΔΕ-ΚΟΝΤΡΕΚΟΥΡ,De-Contrecourt,Άκρον του Ωτός,Tip of the Ear,"τόμοι 3, 8ον, σελ. 1075",12,—,
1904,IMG_1470.jpeg,Μυθιστορήματα και Διηγήματα,Novels and Short Stories,,Ν. Γ. Π.,N. G. P.,"Άλλαι μέν βουλαί ανθρώπων, άλλα δέ έρως κελεύει και Η Υπόσχεσις","Man Proposes, Love Disposes and The Promise","8ον, σελίδες 50",2.20,—,διηγήματα πρωτότυπα
1904,IMG_1470.jpeg,Μυθιστορήματα και Διηγήματα,Novels and Short Stories,,Χ. DE MONTEPIN,Xavier de Montépin,Άμαξα άρ. 13,Carriage No. 13,"μετ' εικόνων, 8ον, σελ. 1098",20,—,
1904,IMG_1470.jpeg,Μυθιστορήματα και Διηγήματα,Novels and Short Stories,Εκλεκτή Βιβλιοθήκη,,,Αμάρτημα της Μαγδαληνής,Magdalene's Sin,"τόμοι 2, σελίδες 233",5,—,εκ του γαλλικού
1904,IMG_1470.jpeg,Μυθιστορήματα και Διηγήματα,Novels and Short Stories,,ΙΟΥΛΙΟΣ ΧΩΘΟΡΝ,Julian Hawthorne,Αμερικανός Μοντεχρίστος,An American Monte Cristo,σελίδες 330,5,—,
1904,IMG_1470.jpeg,Μυθιστορήματα και Διηγήματα,Novels and Short Stories,,CAMILLE BAUDIN,Camille Baudin,Αναΐς,Anaïs,σελίδες 276,8,—,"μυθιστορία, μεταφρασθείσα υπό Γ. Μ. Μέγκουλα"
1904,IMG_1470.jpeg,Μυθιστορήματα και Διηγήματα,Novels and Short Stories,,,,"Αναμνήσεις της Έμμας, ή μία ημέρα έν Μαδέρα","Memoirs of Emma, or A Day in Madeira","8ον, σελίδες 111",5,—,εκ του ιταλικού
1904,IMG_1470.jpeg,Μυθιστορήματα και Διηγήματα,Novels and Short Stories,,ΛΕΩΝ ΤΟΛΣΤΟΗ,Leo Tolstoy,Ανάστασις,Resurrection,"8ον, σελίδες 335",6,—,
1904,IMG_1470.jpeg,Μυθιστορήματα και Διηγήματα,Novels and Short Stories,,J. GAUTIER,J. Gautier,Ανδρέας Ιβάνοβιτς,Andreas Ivanovitch,"32ον, σελίδες 161",2,—,
1904,IMG_1470.jpeg,Μυθιστορήματα και Διηγήματα,Novels and Short Stories,,,,Ανεψιά του Σιδηρού Προσωπείου,The Niece of the Iron Mask,"8ον, σελίδες 48",2,—,
1904,IMG_1470.jpeg,Μυθιστορήματα και Διηγήματα,Novels and Short Stories,,M. HAMLET,M. Hamlet,Ανήρ και Γυνή,Man and Woman,σελίδες 115,3,—,
1904,IMG_1470.jpeg,Μυθιστορήματα και Διηγήματα,Novels and Short Stories,,"DICKENS, KVING, DAVIDSON","Dickens, Irving, Davidson",Ανθοδέσμη Διηγημάτων,Bouquet of Short Stories,σ. 65,3,—,μεταφρασθέντα υπό Α. B. N. Παπαδάκη
1904,IMG_1470.jpeg,Μυθιστορήματα και Διηγήματα,Novels and Short Stories,,Ι. Φ. ΣΜΙΘ,J. F. Smith,Άνθος της αλόης,Aloe Flower,"8ον, σελίδες 336",7,—,
1904,IMG_1470.jpeg,Μυθιστορήματα και Διηγήματα,Novels and Short Stories,,,,Άνθος της ορτενσίας και τό φύλλον της μυρσίνης,Hydrangea Flower and Myrtle Leaf,σελίδες 152,4,—,
1904,IMG_1470.jpeg,Μυθιστορήματα και Διηγήματα,Novels and Short Stories,,M. ΒΙΛΛΕΜΕΡ,M. Villemer,Ανθοφόρος κυρία,The Flower-bearing Lady,"τόμοι 2, 32ον, σελ. 1477",15,—,
1904,IMG_1470.jpeg,Μυθιστορήματα και Διηγήματα,Novels and Short Stories,,J. ROYQUETTE,J. Royquette,Αξία των γυναικών,The Value of Women,"8ον, σελίδες 179",4,—,
1904,IMG_1470.jpeg,Μυθιστορήματα και Διηγήματα,Novels and Short Stories,,G. AIMARD,Gustave Aimard,Αόρατοι των Παρισίων,The Invisible Ones of Paris,"8ον, σελ. 581, πανόδ.",25,—,
1904,IMG_1470.jpeg,Μυθιστορήματα και Διηγήματα,Novels and Short Stories,,Ν. Αργυριάδης,N. Argyriadis,Απόκρυφα Βατικανού,Secrets of the Vatican,"τόμος Α', 8ον, σ. 241",4,—,
1904,IMG_1470.jpeg,Μυθιστορήματα και Διηγήματα,Novels and Short Stories,,P. ZACCONE,Pierre Zaccone,Απόκρυφα της Διεθνούς,Secrets of the International,"4ον, σελίδες 240",5,—,
1904,IMG_1470.jpeg,Μυθιστορήματα και Διηγήματα,Novels and Short Stories,,ΦΕΡΕΑΛ,M. V. Féreal,Απόκρυφα της Ιεράς Εξετάσεως,Secrets of the Holy Inquisition,"8ον, σελίδες 440",6,—,μετά 80 εικόνων
1904,IMG_1470.jpeg,Μυθιστορήματα και Διηγήματα,Novels and Short Stories,,ΧΡ. ΣΑΜΑΡΤΖΙΔΗΣ,Chr. Samartzidis,Απόκρυφα της Κωνσταντινουπόλεως,Secrets of Constantinople,"8ον, σελίδες 415",10,—,"πολύπλοκον κοινωνικόν μυθιστόρημα, μετ' εικόνων"
1904,IMG_1471.jpeg,"Μυθιστορήματα, διηγήματα","Novels, short stories",,Ε. ΖΟΛΑ,Émile Zola,Απόκρυφα τῆς Μασσαλίας,Mysteries of Marseilles,"8ον, σελίδες 540 +",9.—,drachmas,
1904,IMG_1471.jpeg,"Μυθιστορήματα, διηγήματα","Novels, short stories",,ΕΠ. ΚΥΡΙΑΚΙΔΟΥ,Ep. Kyriakidou,Απόκρυφα Πέραν Κωνσταντινουπόλεως,"Mysteries of Pera, Constantinople",σ. 822 x,15.—,drachmas,
1904,IMG_1471.jpeg,"Μυθιστορήματα, διηγήματα","Novels, short stories",,Κ. Δ. ΓΟΥΣΣΟΠΟΥΛΟΥ,K. D. Goussopoulou,Απόκρυφα τοῦ φρενοκομείου,Mysteries of the Asylum,"8ον, σελ. 142 +",3.—,drachmas,
1904,IMG_1471.jpeg,"Μυθιστορήματα, διηγήματα","Novels, short stories",,ΕΥΓ. ΣΥΗ,Eugène Sue,Απόκρυφα τῶν Παρισίων,The Mysteries of Paris,σελίδες 1850 +,15.—,drachmas,
1904,IMG_1471.jpeg,"Μυθιστορήματα, διηγήματα","Novels, short stories",,John Milton,John Milton,Απολεσθεὶς Παράδεισος Μίλτωνος,Milton's Paradise Lost,"4ον, σελίδες ε' - 313 +",18.—,drachmas,"Translated from English by P. Gratsiadou, illustrated"
1904,IMG_1471.jpeg,"Μυθιστορήματα, διηγήματα","Novels, short stories",,J. MARY,Jules Mary,Απολεσθεὶς Παράδεισος,Paradise Lost,"8ον, σ. 1104 +",20.—,drachmas,With 150 illustrations
1904,IMG_1471.jpeg,"Μυθιστορήματα, διηγήματα","Novels, short stories",,Α. ΔΟΥΜΑ,Alexandre Dumas,Απομνημονεύματα ἰατροῦ,Memoirs of a Physician,"4ον, σελίδες 960 +",20.—,drachmas,
1904,IMG_1471.jpeg,"Μυθιστορήματα, διηγήματα","Novels, short stories",,M. PARRIN,M. Parrin,Απομνημονεύματα ᾿Αλίκης Δε-Μερβίλ,Memoirs of Alice De-Merville,"8ον, σελίδες 197 +",8.—,drachmas,Translation by K. Tr. Lazaretou
1904,IMG_1471.jpeg,"Μυθιστορήματα, διηγήματα","Novels, short stories",,ΙΟΥΛΙΟΥ ΒΕΡΝΕ,Jules Verne,Απὸ τῆς Γῆς εἰς τὴν Σελήνην,From the Earth to the Moon,"8ον, σελίδες 358, δεδεμένον +",15.—,drachmas,Translated by I. M. Raptarchou
1904,IMG_1471.jpeg,"Μυθιστορήματα, διηγήματα","Novels, short stories",,ΑΔΟΛΦΟΥ ΒΕΛΩ,Adolphe Belot,Ἄρθρον 47,Article 47,σελίδες λγ' - 464 +,20.—,drachmas,Translation by K. P. Saltampasi
1904,IMG_1471.jpeg,"Μυθιστορήματα, διηγήματα","Novels, short stories",,ΒΑΛΤΕΡ ΣΚΟΤΤ,Walter Scott,Ἀρόλδος ὁ Ἀδάμαστος — ὁ Λόρδος τῶν Νήσων,Harold the Dauntless — The Lord of the Isles,"4ον, σ. ιϛ' + 94 +",10.—,drachmas,Translations by Th. Antoniadou
1904,IMG_1471.jpeg,"Μυθιστορήματα, διηγήματα","Novels, short stories",,X. DE MONTEPIN,Xavier de Montépin,Ἀρτόπωλις,The Bakery,"8ον, σελίδες 1007 +",20.—,drachmas,Illustrated
1904,IMG_1471.jpeg,"Μυθιστορήματα, διηγήματα","Novels, short stories",,Γ. ONE,Georges Ohnet,Αρχισιδηρουργός,The Ironmaster,"8ον, σελίδες 310 +",6.—,drachmas,Illustrated
1904,IMG_1471.jpeg,"Μυθιστορήματα, διηγήματα","Novels, short stories",,Α. ΔΟΥΜΑ,Alexandre Dumas,Ἄρχων τοῦ κόσμου,Lord of the World,"τόμοι 6, 8ον, σελ. 1309 +",17.—,drachmas,
1904,IMG_1471.jpeg,"Μυθιστορήματα, διηγήματα","Novels, short stories",,Ι. Ν. ΠΑΠΑΔΑΚΗ,I. N. Papadaki,Ἀτυχὴς Γεώργιος,Unfortunate George,σελίδες 128 +,3.20,drachmas,
1904,IMG_1471.jpeg,"Μυθιστορήματα, διηγήματα","Novels, short stories",,Κ. ΔΙΚΕΝΣ,Charles Dickens,"Ἄισμα τῶν Χριστουγέννων, διήγημα","A Christmas Carol, short story","32ον, σελίδες 166 +",5.—,drachmas,Translation by P. Pana
1904,IMG_1471.jpeg,"Μυθιστορήματα, διηγήματα","Novels, short stories",,P. LINDAU,Paul Lindau,Ἀσυμβίβαστοι,Incompatibles,"32ον, σελίδες 247 +",5.—,drachmas,
1904,IMG_1471.jpeg,"Μυθιστορήματα, διηγήματα","Novels, short stories",,ΙΟΥΛΙΟΥ ΒΕΡΝ,Jules Verne,"Ἀφρική, ἢ πέντε ἑβδομάδες ἐν ἀεροστάτῳ","Africa, or Five Weeks in a Balloon","8ον, σελίδες 375 +",9.—,drachmas,"Illustrated, translation by Ch. Georgiadou"
1904,IMG_1471.jpeg,"Μυθιστορήματα, διηγήματα","Novels, short stories",,Α. ΓΟΖΛΑΝ,Léon Gozlan,Ἀχύρινος στέφανος,Straw Crown,σελίδες 158 +,3.—,drachmas,
1904,IMG_1471.jpeg,"Μυθιστορήματα, διηγήματα","Novels, short stories",,,,"Βαλμιέρος, ἤτοι ὁ θρίαμβος τῆς ἀρετῆς καὶ τοῦ ἔρωτος","Valmieros, or the Triumph of Virtue and Love","32ον, σ. 83 +",2.20,drachmas,
1904,IMG_1471.jpeg,"Μυθιστορήματα, διηγήματα","Novels, short stories",,Α. DUMAS,Alexandre Dumas,"Βανίγκα, ἤτοι τὸ φρικτὸν αὐτῆς ἔγκλημα","Vaninka, or Her Terrible Crime",σελ. 86 +,2.20,drachmas,
1904,IMG_1471.jpeg,"Μυθιστορήματα, διηγήματα","Novels, short stories",,ΕΡΡΙΚΟΥ ΔΕ ΚΟΚ,Henri de Kock,Βασίλισσα καλλονῆς,Queen of Beauty,"8ον, μετ' εἰκόνων χρωματιστῶν, σελίδες 820 +",12.—,drachmas,
1904,IMG_1471.jpeg,"Μυθιστορήματα, διηγήματα","Novels, short stories",,Κ. Δασκαλάκη,K. Daskalaki,Βασίλισσα τῶν Παρισίων,Queen of Paris,"8ον, σελίδες 592, δεδεμένον +",25.—,drachmas,Translated into Greek by K. Daskalaki
1904,IMG_1471.jpeg,"Μυθιστορήματα, διηγήματα","Novels, short stories",,Α. MATHEY,A. Mathey,Βασιλεὺς τῶν Ἐπαιτῶν,King of the Beggars,"τόμοι 2, σελίδες 759 +",8.—,drachmas,
1904,IMG_1471.jpeg,"Μυθιστορήματα, διηγήματα","Novels, short stories",,Ε. ΚΑΠΑΝΔΟΥ,Ernest Capendu,Βασιλεὺς τῶν Ναυτῶν,King of the Sailors,"8ον, σελίδες 848 +",15.—,drachmas,
1904,IMG_1471.jpeg,"Μυθιστορήματα, διηγήματα","Novels, short stories",,AD. BELLOT,Adolphe Bellot,Βασιλεὺς τῶν Πανούργων,King of the Cunning,"τόμοι 4, 8ον, σ. 524 +",20.—,drachmas,
1904,IMG_1471.jpeg,"Μυθιστορήματα, διηγήματα","Novels, short stories",,Ν. Ε. ΜΑΚΡΗ,N. E. Makri,Βασιλική,Vasiliki,"8ον, σελίδες 296 +",10.—,drachmas,
1904,IMG_1471.jpeg,"Μυθιστορήματα, διηγήματα","Novels, short stories",,Α. ΔΟΥΜΑ,Alexandre Dumas,Βασίλισσα Μαργώ,La Reine Margot,"μέγα 8ον, σελίδες 647 +",20.—,drachmas,Translation by A. Skalidou
1904,IMG_1471.jpeg,"Μυθιστορήματα, διηγήματα","Novels, short stories",,Δ' ΕΓΓΡΕΜΟΝ,D'Engremont,Βασίλισσα τοῦ χρυσοῦ,Queen of Gold,σελίδες 1500 +,18.—,drachmas,
1904,IMG_1471.jpeg,"Μυθιστορήματα, διηγήματα","Novels, short stories",,AMÉDÉE ACHARD,Amédée Achard,Βελερόζας,Belle-Rose,"8ον, σελίδες 528 +",9.—,drachmas,Illustrated
1904,IMG_1471.jpeg,"Μυθιστορήματα, διηγήματα","Novels, short stories",,Marmontel,Jean-François Marmontel,Βελισσάριος τοῦ Μαρμοντέλου,Bélisaire by Marmontel,"8ον, σελίδες 197 +",7.—,drachmas,Translated by K. P. Yakinthou and M. E. Photiou
1904,IMG_1471.jpeg,"Μυθιστορήματα, διηγήματα","Novels, short stories",,Σ. ΒΛΑΝΔΥ,Stella Blandy,Βενιαμίνη,Benjamined,"8ον, σ. 330",10.—,drachmas,
1904,IMG_1471.jpeg,"Μυθιστορήματα, διηγήματα","Novels, short stories",,,,Βερανζέρη,Bérangère,σελίδες 176 +,5.—,drachmas,
1904,IMG_1471.jpeg,"Μυθιστορήματα, διηγήματα","Novels, short stories",,Ν. Γ. ΜΑΚΡΙΔΟΥ,N. G. Makridou,Βίκτωρ καὶ Λέανδρος,Victor and Leander,"32ον, σ. 110 +",5.—,drachmas,Novelette
1904,IMG_1471.jpeg,"Μυθιστορήματα, διηγήματα","Novels, short stories",,ΑΙΜ. ΡΙΣΒΟΥΡΓΟΥ,Émile Richebourg,Βιολιστής,The Fiddler,σελ. 288 +,8.—,drachmas,Translation by G. P. Megkoulas
1904,IMG_1471.jpeg,"Μυθιστορήματα, διηγήματα","Novels, short stories",,EM. RICHEBOURG,Émile Richebourg,Βιολιστής,The Fiddler,σελίδες 288 +,8.—,drachmas,
1904,IMG_1471.jpeg,"Μυθιστορήματα, διηγήματα","Novels, short stories",,FLORIAN,Jean-Pierre Claris de Florian,"Γαλάτεια καὶ Ἐστέλλα, διηγήματα","Galatea and Estelle, short stories",σελίδες 196 +,5.—,drachmas,
1904,IMG_1471.jpeg,"Μυθιστορήματα, διηγήματα","Novels, short stories",,ΓΥΖΩΤΟΥ,François Guizot,"Γαμήλιος ἔρως, ὑπόμνημα ἱστορικόν","Conjugal Love, a historical memoir","8ον, σ. 116 +",5.—,drachmas,
1904,IMG_1472.jpeg,"Μυθιστορήματα, διηγήματα","Novels, short stories",,Ξ. ΔΕ ΜΟΝΤΕΠΕΝ,Xavier de Montépin,Γάμος τῆς Λεώνης,The Marriage of Léonie,"τόμοι 2, σελίδες 1470",15,—,μετάφρασις Θ. Κ. Ὑπερείδου
1904,IMG_1472.jpeg,"Μυθιστορήματα, διηγήματα","Novels, short stories",,PONSON DU TERRAÏL,Ponson du Terrail,Γανδῖνοι,Gandins,"τόμοι 2, 8ον, σελίδες 656",20,—,
1904,IMG_1472.jpeg,"Μυθιστορήματα, διηγήματα","Novels, short stories",,Ἀδὰμ Σμίθ,Adam Smith,Γενοβέφα,Genevieve,"8ον, σελίδες 284, μετὰ εἰκόνων",6,—,
1904,IMG_1472.jpeg,"Μυθιστορήματα, διηγήματα","Novels, short stories",,ΠΩΛ ΔΕ ΚΟΚ,Paul de Kock,Γεφυράκης,Gefyrakis,"8ον, σ. 315",6,—,μετάφρασις Κλ. Τριανταφύλλου
1904,IMG_1472.jpeg,"Μυθιστορήματα, διηγήματα","Novels, short stories",,Α. ΔΟΥΜΑ,Alexandre Dumas,Γεώργιος ὁ μιγάς,Georges,"8ον, σελίδες 329",10,—,
1904,IMG_1472.jpeg,"Μυθιστορήματα, διηγήματα","Novels, short stories",,ΑΙΜΙΛΙΟΥ ΖΟΛΑ,Émile Zola,Γῆ (La Terre),Earth (La Terre),"8ον, σ. 600",20,—,μετάφρασις Μπάμπη
1904,IMG_1472.jpeg,"Μυθιστορήματα, διηγήματα","Novels, short stories",,Ε. ΣΤΑΝΛΕ Ὕ,Henry Morton Stanley,Γῆ τῆς Δουλείας,Land of Slavery,"8ον, σ. 197",10,—,μετάφρ. Γ. Ἀδρακτᾶ
1904,IMG_1472.jpeg,"Μυθιστορήματα, διηγήματα","Novels, short stories",,P. DE KOCK,Paul de Kock,Γιάννης,Jean,"8ον, σ. 360",5,—,μετάφρασις Κλ. Τριανταφύλλου
1904,IMG_1472.jpeg,"Μυθιστορήματα, διηγήματα","Novels, short stories",,FLORIAN,Jean-Pierre Claris de Florian,Γονζάλβης Κορδούβιος,Gonzalo de Córdoba,"8ον, σελίδες 226",7,—,
1904,IMG_1472.jpeg,"Μυθιστορήματα, διηγήματα","Novels, short stories",,OΥΑΛΤΕΡ ΣΚΩΤΤ,Walter Scott,Γούϋς Μάννεριγκ,Guy Mannering,σελίδες 552,7,—,
1904,IMG_1472.jpeg,"Μυθιστορήματα, διηγήματα","Novels, short stories",,Α. ΛΑΜΑΡΤΙΝΟΥ,Alphonse de Lamartine,Γραζιέλλα,Graziella,"8ον, σελίδες 184",12,—,μεταφρασθεῖσα καὶ πλουτισθεῖσα διὰ σημειώσεων ὑπὸ Δ. Κ. Πουλουλίδου καὶ Δ. Α. Μαγκλῆ
1904,IMG_1472.jpeg,"Μυθιστορήματα, διηγήματα","Novels, short stories",,ΑΛ. ΔΟΥΜΑ,Alexandre Dumas,"Γραφὶς καὶ τὸ ξίφος, ἢ Σατωβριὰν καὶ Ναπολέων","The Pen and the Sword, or Chateaubriand and Napoleon",σελ. 100,3,—,μετάφρασις Ἐμμ. Σ. Σαριδάκη
1904,IMG_1472.jpeg,"Μυθιστορήματα, διηγήματα","Novels, short stories",,PONSON DU TERRAÏL,Ponson du Terrail,Γρύλλος τοῦ μύλου,Cricket of the Mill,σελ. 342,7,—,
1904,IMG_1472.jpeg,"Μυθιστορήματα, διηγήματα","Novels, short stories",,Unknown,Unknown,Γυναῖκες καὶ Κέρατα,Women and Horns,σελίδες 79,2,—,ἐκ τοῦ ἰταλικοῦ
1904,IMG_1472.jpeg,"Μυθιστορήματα, διηγήματα","Novels, short stories",,P. DE KOCK,Paul de Kock,"Γυναῖκες, Χαρτιὰ καὶ Κρασί","Women, Cards and Wine","8ον, σελίδες 223",5,—,
1904,IMG_1472.jpeg,"Μυθιστορήματα, διηγήματα","Novels, short stories",,ΣΑΜΠΡΙΓΙΑ καὶ ΔΥΒΟΑ,Champrigia and Dubois,Γῦρος τοῦ κόσμου,Around the World,"8ον, σελίδες 255, εἰκονογραφημένον",6,—,κατὰ μετάφρασιν Σταμ. Γιαλίστρα
1904,IMG_1472.jpeg,"Μυθιστορήματα, διηγήματα","Novels, short stories",,HENRI DE KOCK,Henri de Kock,"Δαίμονες τῆς θαλάσσης, ἢ οἱ ἄγγλοι πειραταί","Demons of the Sea, or the English Pirates","8ον, σ. 366",10,—,μετάφρασις Ἰ. Τ. Ἀντωνιάδου
1904,IMG_1472.jpeg,"Μυθιστορήματα, διηγήματα","Novels, short stories",,ΒΟΚΚΑΚΙΟΥ,Giovanni Boccaccio,Δεκαήμερος,The Decameron,"σελίδες 412, μετ' εἰκόνων",15,—,
1904,IMG_1472.jpeg,"Μυθιστορήματα, διηγήματα","Novels, short stories",,Ι. ΒΕΡΝ,Jules Verne,Δεκαπενταετὴς πλοίαρχος,"Dick Sand, A Captain at Fifteen","4ον, σελίδες 416, Μέρος Α' καὶ Β', μετὰ 97 εἰκόνων",20,—,κατὰ μετάφρασιν Ἀ. Σκαλίδου
1904,IMG_1472.jpeg,"Μυθιστορήματα, διηγήματα","Novels, short stories",,ΙΟΥΛΙΟΥ ΒΕΡΝ,Jules Verne,Δεκαπενταετὴς πλοίαρχος,"Dick Sand, A Captain at Fifteen","8ον, σελίδες 328, μετ' εἰκόνων",7,—,μετάφρασις Ἀ. Σκαλίδου
1904,IMG_1472.jpeg,"Μυθιστορήματα, διηγήματα","Novels, short stories",,ALBERT DELPIT,Albert Delpit,Δεσποινὶς Δὲ-Βρεσσιέ,Mademoiselle de Bressier,"8ον, σελ. 296",5,—,
1904,IMG_1472.jpeg,"Μυθιστορήματα, διηγήματα","Novels, short stories",,COMTESSE DASH,Comtesse Dash,"Δεσποινὶς Ἱππότις, ἢ ἀδικία κολαζομένη","Mademoiselle Chevalier, or Injustice Punished","8ον, σ. 107",4,—,μεταφρασθεῖσα ὑπὸ Κ. Ζαχαριάδου
1904,IMG_1472.jpeg,"Μυθιστορήματα, διηγήματα","Novels, short stories",,ERNEST DUBREUIL,Ernest Dubreuil,Δήμιος τῶν Παρισίων,The Executioner of Paris,"4ον, σ. 331, μετ' εἰκόνων",10,—,
1904,IMG_1472.jpeg,"Μυθιστορήματα, διηγήματα","Novels, short stories",,ΑΛΕΞ. ΔΟΥΜΑ,Alexandre Dumas,Διαβόητα ἐγκλήματα,Celebrated Crimes,"4ον, σελίδες 525",20,—,"ἐκ τοῦ γαλλικοῦ, ὑπὸ Κ. Ν. Τριανταφύλλου"
1904,IMG_1472.jpeg,"Μυθιστορήματα, διηγήματα","Novels, short stories",,ΙΟΥΛΙΟΥ ΒΕΡΝ,Jules Verne,Διαθήκη Ἰδιοτρόπου,The Will of an Eccentric,"8ον, σελίδες 415, μετ' εἰκόνων",10,—,μετάφρασις Σ. Γ. Σαριβαξεβάνη
1904,IMG_1472.jpeg,"Μυθιστορήματα, διηγήματα","Novels, short stories",,ΛΑΜΠΡΟΥ ΕΝΥΑΛΗ,Lambros Enyalis,Διηγήματα,Short Stories,σ. 276,15,—,
1904,IMG_1472.jpeg,"Μυθιστορήματα, διηγήματα","Novels, short stories",,Unknown,Unknown,Διηγήματα Σύγχρονα,Contemporary Short Stories,"8ον, σ. 111",3,—,
1904,IMG_1472.jpeg,"Μυθιστορήματα, διηγήματα","Novels, short stories",,ΑΛΕΞ. Σ. ΠΟΥΣΚΗΝ,Alexander Pushkin,Διηγήματα,Short Stories,"8ον, σελίδες 72",4,—,μεταφρασθέντα ὑπὸ Κ. Ἀ. Παλαιολόγου
1904,IMG_1472.jpeg,"Μυθιστορήματα, διηγήματα","Novels, short stories",,ΑΛΕΞΑΝΔΡΑΣ ΠΑΠΑΔΟΠΟΥΛΟΥ,Alexandra Papadopoulou,Δεσμὶς διηγημάτων (Μέρος Α'),Bundle of Short Stories (Part A),"32ον, σελ. 156",4,—,
1904,IMG_1472.jpeg,"Μυθιστορήματα, διηγήματα","Novels, short stories",,ΑΛΕΞΑΝΔΡΑΣ ΠΑΠΑΔΟΠΟΥΛΟΥ,Alexandra Papadopoulou,Δεσμὶς διηγημάτων (Μέρος Β'),Bundle of Short Stories (Part B),"16ον, σελ. 66",4,—,
1904,IMG_1472.jpeg,"Μυθιστορήματα, διηγήματα","Novels, short stories",,J. MARY,Jules Mary,Διαβολογιατρός,The Devil's Doctor,"8ον, σελίδες 1103, μετὰ εἰκόνων",10,—,
1904,IMG_1472.jpeg,"Μυθιστορήματα, διηγήματα","Novels, short stories",,PONSON DU TERRAÏL,Ponson du Terrail,Διαβολο-Σίμων,Devil-Simon,"8ον, σελίδες 294",6,—,
1904,IMG_1472.jpeg,"Μυθιστορήματα, διηγήματα","Novels, short stories",,P. DE KOCK,Paul de Kock,Διαβολόσπιτον,The Devil's House,σελίδες 112,3,—,
1904,IMG_1472.jpeg,"Μυθιστορήματα, διηγήματα","Novels, short stories",,ΕΥΓΕΝΙΟΥ ΣΥΗ,Eugène Sue,Διδασκάλισσα,The Schoolmistress,"8ον, σελίδες 328",6,—,
1904,IMG_1472.jpeg,"Μυθιστορήματα, διηγήματα","Novels, short stories",,Ξ. ΔΕ ΜΟΝΤΕΠΕΝ,Xavier de Montépin,Διδάσκαλος τῶν ὅπλων,The Fencing Master,"8ον, σελίδες 328",10,—,
1904,IMG_1472.jpeg,"Μυθιστορήματα, διηγήματα","Novels, short stories",,Unknown,Unknown,Δόκτωρ Ζεκύλ,Doctor Jekyll,σελ. 156,5,—,
1904,IMG_1472.jpeg,"Μυθιστορήματα, διηγήματα","Novels, short stories",,AD. BELLOT,Adolphe Belot,Δολοφόνος,The Murderer,"8ον, σελίδες 268, μετ' εἰκόνων",7,—,
1904,IMG_1472.jpeg,"Μυθιστορήματα, διηγήματα","Novels, short stories",,Μ. ΚΕΡΒΑΝΤΕΣ,Miguel de Cervantes,Δὸν Κιχώτης ὁ Μαγκήσιος,Don Quixote of La Mancha,"τόμ. 2, 8ον, σ. 551",18,—,
1904,IMG_1473.jpeg,"Μυθιστορήματα, διηγήματα","Novels, short stories",,ÉLIE BERTHET,Élie Berthet,Δρᾶμα ἐν τῇ μονῇ τῆς Σεβίλλης,Drama in the Monastery of Seville,"μέγα 8ον, σελίδες 89+...",7,drachmas,μετάφρασις Ἀ. Δ. Γεωργιάδου
1904,IMG_1473.jpeg,"Μυθιστορήματα, διηγήματα","Novels, short stories",,,,Δράματα τοῦ Λονδίνου,Dramas of London,"τόμοι 10, σελίδες 1941+...",30,drachmas,
1904,IMG_1473.jpeg,"Μυθιστορήματα, διηγήματα","Novels, short stories",,PONSON DU TERRAIL,Ponson du Terrail,Δράματα τῶν Παρισίων,Dramas of Paris,"τόμοι 3, 8ον, σ. 1480+",20,drachmas,
1904,IMG_1473.jpeg,"Μυθιστορήματα, διηγήματα","Novels, short stories",,J. MARY,Jules Mary,Δύο ἀθῷοι,Two Innocents,"32ον, σελίδες 823 +",7,drachmas,
1904,IMG_1473.jpeg,"Μυθιστορήματα, διηγήματα","Novels, short stories",,,,Δύο καρδίαι,Two Hearts,"8ον, σελίδες 671 +",15,drachmas,
1904,IMG_1473.jpeg,"Μυθιστορήματα, διηγήματα","Novels, short stories",,EM. RICHEBOURG,Émile Richebourg,Δύο λίκνα,Two Cradles,"32ον, σελίδες 800 +",10,drachmas,
1904,IMG_1473.jpeg,"Μυθιστορήματα, διηγήματα","Novels, short stories",,ΑΙΜ. ΡΙΣΕΒΟΥΡΓ,Émile Richebourg,Δύο μητέρες,Two Mothers,"8ον, σελίδες 527 +",10,drachmas,
1904,IMG_1473.jpeg,"Μυθιστορήματα, διηγήματα","Novels, short stories",,ΜΙΛΤ. Δ. ΣΕΙΖΑΝΗ,Miltiades D. Seizanis,Δύο νύκτες τοῦ πειρασμοῦ,Two Nights of Temptation,"8ον, σελίδες 110 +",8,drachmas,
1904,IMG_1473.jpeg,"Μυθιστορήματα, διηγήματα","Novels, short stories",,A. D' ENNERY,Adolphe d'Ennery,Δύο ὀρφαναί,Two Orphans,"τόμοι 2, 4ον, σ. 1968+",30,drachmas,μετ' εἰκόνων
1904,IMG_1473.jpeg,"Μυθιστορήματα, διηγήματα","Novels, short stories",,,,Δύο Σαβινίαι,Two Savinies,"8ον, σ. 56 +",3,drachmas,διήγημα μεταφρασθὲν ὑπὸ Σ. Α. Τριανταφύλλου
1904,IMG_1473.jpeg,"Μυθιστορήματα, διηγήματα","Novels, short stories",,,,Δύο σκωτικαὶ οἰκογένειαι,Two Scottish Families,σ. 100+,3,drachmas,
1904,IMG_1473.jpeg,"Μυθιστορήματα, διηγήματα","Novels, short stories",,ΑΘ. Ν. ΜΑΥΡΟΜΜΑΤΟΥ,Athanasios N. Mavrommatis,"Δύο φίλοι, ἤτοι ἡ ἀληθὴς φιλία","Two Friends, or True Friendship","8ον, σελ. 56 +",2,drachmas,
1904,IMG_1473.jpeg,"Μυθιστορήματα, διηγήματα","Novels, short stories",,ΑΔΟΛΦΟΥ Δ' ΕΝΝΕΡΥ,Adolphe d'Ennery,Δυστυχὴς γυνή,Unfortunate Woman,"τόμ. 3, 8ον, σελ. 1849+",18,drachmas,
1904,IMG_1473.jpeg,"Μυθιστορήματα, διηγήματα","Novels, short stories",,,,Δῶρα τῆς Μαργαρίτας,Margaret's Gifts,"8ον, σελίδες 64 +",3,drachmas,"διήγημα, μεταφρασθὲν ὑπὸ Ἡ Κ. Ζησιμοπούλου"
1904,IMG_1473.jpeg,"Μυθιστορήματα, διηγήματα","Novels, short stories",,ΕΠ. ΚΥΡΙΑΚΙΔΟΥ,Epaminondas Kyriakidis,Ἑβραία,The Jewess,σ. 266+,5,drachmas,
1904,IMG_1473.jpeg,"Μυθιστορήματα, διηγήματα","Novels, short stories",,ΜΟΝΤΕΠΕΝ,Xavier de Montépin,Ἐγγαστρίμυθος,Ventriloquist,"τόμοι 3, σελίδες 823 +",15,drachmas,
1904,IMG_1473.jpeg,"Μυθιστορήματα, διηγήματα","Novels, short stories",,ΙΟΥΛΙΟΥ ΒΕΡΝ,Jules Verne,Εἴκοσι χιλιάδες λεῦγαι ὑπὸ τὴν θάλασσαν,Twenty Thousand Leagues Under the Sea,"4ον, σελίδες 488 +",20,drachmas,"κατὰ μετάφρασιν Ἀλεξ. Σκαλίδου, μετὰ 110 εἰκόνων"
1904,IMG_1473.jpeg,"Μυθιστορήματα, διηγήματα","Novels, short stories",,E. RICHEBOURG,Émile Richebourg,Ἑκατομμύρια τοῦ Ζοραμῆ,Zorami's Millions,"8ον, σελίδες 1100 +",35,drachmas,"μετὰ 150 εἰκόνων. Variant edition available: 32ον, σελ. 1388 + at 10 drachmas"
1904,IMG_1473.jpeg,"Μυθιστορήματα, διηγήματα","Novels, short stories",,A. MATTHEY,Arthur Matthey,Ἐκδίκησις τοῦ Κλωδίωνα,The Revenge of Clodion,σελίδες 596+,5,drachmas,
1904,IMG_1473.jpeg,"Μυθιστορήματα, διηγήματα","Novels, short stories",,,,Ἐκλεκτὰ Μυθιστορήματα,Select Novels,"τόμοι 8, 4ον, σ. 6656+",200,drachmas,μετ' εἰκόνων
1904,IMG_1473.jpeg,"Μυθιστορήματα, διηγήματα","Novels, short stories",,E. RICHEBOURG,Émile Richebourg,Ἔκπεσοῦσα γυνή,Fallen Woman,"8ον, σελίδες 736 +",6,drachmas,
1904,IMG_1473.jpeg,"Μυθιστορήματα, διηγήματα","Novels, short stories",,EMILE RICHEBOURG,Émile Richebourg,Ἔκπεσοῦσα γυνή,Fallen Woman,"τόμοι 3, 32ον, σελίδες 1483+",15,drachmas,μεταφρασθεῖσα ὑπὸ Ζάνου Βασιλάρου
1904,IMG_1473.jpeg,"Μυθιστορήματα, διηγήματα","Novels, short stories",,Δ. ΟΙΚ. ΚΑΛΑΠΟΘΑΚΗ,D. Oik. Kalapothakis,Ἐκστρατεία εἰς τὴν σελήνην,Expedition to the Moon,σελίδες 208+,5,drachmas,
1904,IMG_1473.jpeg,"Μυθιστορήματα, διηγήματα","Novels, short stories",,Κ. ΚΩΝΣΤΑΝΤΑΚΟΠΟΥΛΟΥ,K. Konstantakopoulos,Ἐλαφρὸς βίος,Light Life,"8ον, σελίδες 39+",5,drachmas,διηγήματα πρωτότυπα καὶ μεταφράσεις
1904,IMG_1473.jpeg,"Μυθιστορήματα, διηγήματα","Novels, short stories",,,,Ἑλένη Γλιφφόρδ,Helen Clifford,σελίδες 216 +,4,drachmas,
1904,IMG_1473.jpeg,"Μυθιστορήματα, διηγήματα","Novels, short stories",,TIM. ΑΜΠΕΛΑ,Timoleon Ampelas,Ἑλένη τῆς Μιλήτου,Helen of Miletus,σελ. 82 +,3,drachmas,
1904,IMG_1473.jpeg,"Μυθιστορήματα, διηγήματα","Novels, short stories",,ΑΛΦΟΝΣΟΥ ΛΑΜΑΡΤΙΝΟΥ,Alphonse de Lamartine,Ἑλοΐζα καὶ Ἀβελάρδος,Heloise and Abelard,σελίδες 75+,4,drachmas,
1904,IMG_1473.jpeg,"Μυθιστορήματα, διηγήματα","Novels, short stories",,Ε. ΚΥΡΙΑΚΙΔΟΥ,E. Kyriakidou,Ἐλπινίκη,Elpiniki,"32ον, σελίδες 640+",10,drachmas,
1904,IMG_1473.jpeg,"Μυθιστορήματα, διηγήματα","Novels, short stories",,J. MARY,Jules Mary,Ἐν ἀγωνίᾳ,In Agony,"τόμοι 3, σελ. 925 +",10,drachmas,μετάφρασις Ἰ. Γ. Λεών
1904,IMG_1473.jpeg,"Μυθιστορήματα, διηγήματα","Novels, short stories",,ΙΟΥΛ. ΔΕΓΓΑΣΤΙΝ,Jules de Gastyne,Ἐν δρᾶμα ἐν τῇ ἐκθέσει,A Drama at the Exhibition,σελ. 822+,8,drachmas,
1904,IMG_1473.jpeg,"Μυθιστορήματα, διηγήματα","Novels, short stories",,ΙΟΥΛΙΟΥ ΜΑΡΗ,Jules Mary,Ἐνέδρα,Ambush,"32ον, σελίδες 828 +",7,drachmas,"μυθιστορία, μετάφρασις Ζάνου Γ. Βασιλάρου"
1904,IMG_1473.jpeg,"Μυθιστορήματα, διηγήματα","Novels, short stories",,P. ZACCONE,Pierre Zaccone,Ἐν μῖσος 'ς τὸ κάτεργο,A Hate in the Galleys,"μέγα 8ον, σελίδες 766+",15,drachmas,μετὰ 100 θαυμασίων εἰκόνων
1904,IMG_1473.jpeg,"Μυθιστορήματα, διηγήματα","Novels, short stories",,GOUDRAU BORUS,Goudrau Borus,Ἐξάδελφος τοῦ Διαβόλου,Cousin of the Devil,"τόμοι 2, 8ον, σ. 859+",20,drachmas,μυθιστόρημα
1904,IMG_1473.jpeg,"Μυθιστορήματα, διηγήματα","Novels, short stories",,ΑΛΦΡ. ΔΕ ΜΥΣΣΕ,Alfred de Musset,Ἐξομολογήσεις ἑνὸς τέκνου τοῦ αἰῶνος,Confessions of a Child of the Century,σελ. 239 +,4,drachmas,μετάφρασις ὑπὸ Κ. Ι. Πρασσᾶ
1904,IMG_1473.jpeg,"Μυθιστορήματα, διηγήματα","Novels, short stories",,,,Ἐξομολόγησις ἑνὸς Ἀββᾶ,Confession of an Abbot,"8ον, σελίδες 199+",4,drachmas,
1904,IMG_1473.jpeg,"Μυθιστορήματα, διηγήματα","Novels, short stories",,Ξ. ΔΕ ΜΟΝΤΕΠΕΝ,Xavier de Montépin,Ἐξομολόγησις τυχοδιώκτου,Confession of an Adventurer,"τόμοι 6, 12ον, σ. 1659+",20,drachmas,"μυθιστορία, μετάφρασις Ἑ. Σεκιάρη"
1904,IMG_1473.jpeg,"Μυθιστορήματα, διηγήματα","Novels, short stories",,ΒΕΣΑΝΤ,Walter Besant,Ἐπανάστασις τῶν ἀνδρῶν,Revolt of Man,σελίδες 232 +,5,drachmas,
1904,IMG_1473.jpeg,"Μυθιστορήματα, διηγήματα","Novels, short stories",,ΒΕΡΘΕ,Élie Berthet,Ἔπαυλις τῆς Ὀζεραίης,The Villa of Ozeray,"32ον, σελίδες 368 +",5,drachmas,
1904,IMG_1473.jpeg,"Μυθιστορήματα, διηγήματα","Novels, short stories",,,,Ἐπικατάρατος,The Accursed,"τόμοι 2, 8ον, σελίδες 760+",20,drachmas,
1904,IMG_1474.jpeg,"Μυθιστορήματα, διηγήματα","Novels, short stories",,,,Ἐπιστολαὶ μιᾶς μηδενιστρίας,Letters of a Nihilist Woman,σελίδες 106 +,6.—,Δρ.,
1904,IMG_1474.jpeg,"Μυθιστορήματα, διηγήματα","Novels, short stories",,ΕΥΓ. ΣΥΗ,Eugène Sue,Ἑπτὰ θανάσιμα ἁμαρτήματα,Seven Deadly Sins,"τόμοι 7, 8ον, σελ. 1563+",20.—,Δρ.,
1904,IMG_1474.jpeg,"Μυθιστορήματα, διηγήματα","Novels, short stories",,,,Ἐραστὴς τῆς Δουκίλλης,The Lover of Doukilla,σ. 181+,5.—,Δρ.,
1904,IMG_1474.jpeg,"Μυθιστορήματα, διηγήματα","Novels, short stories",,ΑΙΜ. ΖΟΛΑ,Émile Zola,Ἐργασία,Work (Travail),"8ον, σ. 688 +",12.—,Δρ.,μετάφρασις Ἡ. Οἰκονομοπούλου
1904,IMG_1474.jpeg,"Μυθιστορήματα, διηγήματα","Novels, short stories",,Β. ΟΥΓΚΩ,Victor Hugo,Ἐργάται τῆς θαλάσσης,Toilers of the Sea,σελίδες 536 +,8.—,Δρ.,
1904,IMG_1474.jpeg,"Μυθιστορήματα, διηγήματα","Novels, short stories",,ΠΕΤΡΟΥ ΣΑΛΛ,Pierre Sales,Ἐρυθρὰ παρέλασις,Red Parade,"τόμοι 4, 12ον, σελ. 1160+",12.—,Δρ.,
1904,IMG_1474.jpeg,"Μυθιστορήματα, διηγήματα","Novels, short stories",,PONSON DU TERRAIL,Ponson du Terrail,Ἐρυθροὶ προσωπιδοφόροι,Red Masked Men,"τόμοι 2, 8ον, σ. 640+",6.—,Δρ.,
1904,IMG_1474.jpeg,"Μυθιστορήματα, διηγήματα","Novels, short stories",,ΜΟΝΤΕΠΕΝ,Xavier de Montépin,Ἐρυθρὸς μύλος,Red Mill,"8ον, σελίδες 456 +",8.—,Δρ.,
1904,IMG_1474.jpeg,"Μυθιστορήματα, διηγήματα","Novels, short stories",,ΑΥΓ. ΜΑΚΕ,Auguste Maquet,Ἐρωμένη βασιλέως,King's Mistress,"4ον, σελ. 704 +",12.—,Δρ.,μετ' εἰκόνων
1904,IMG_1474.jpeg,"Μυθιστορήματα, διηγήματα","Novels, short stories",,Γ. ΞΕΝΟΠΟΥΛΟΥ,Grigorios Xenopoulos,Ἔρωτες ἐνδὸς κουρέως,Loves Inside a Barber Shop,"32ον, σελ. 614 +",6.—,Δρ.,
1904,IMG_1474.jpeg,"Μυθιστορήματα, διηγήματα","Novels, short stories",,ΠΩΛ ΔΕ ΚΟΚ,Paul de Kock,Ἐρωτευμένοι,In Love,"8ον, σελίδες 335+",7.—,Δρ.,μετ' εἰκόνων
1904,IMG_1474.jpeg,"Μυθιστορήματα, διηγήματα","Novels, short stories",,Ι. KAZOTT,Jacques Cazotte,Ἐρωτευμένος διάβολος,The Devil in Love,σελίδες 124 +,1.20,Δρ.,
1904,IMG_1474.jpeg,"Μυθιστορήματα, διηγήματα","Novels, short stories",,X. DE MONTEPIN,Xavier de Montépin,Ἐρωτοκλόπος γυνὴ ἢ Φούλτων ἡ γόησσα,Love-stealing Woman or Fulton the Enchantress,"4ον, σελ. 656 +",20.—,Δρ.,μετ' εἰκόνων
1904,IMG_1474.jpeg,"Μυθιστορήματα, διηγήματα","Novels, short stories",,RICHEBOURG καὶ ΔΕΛΥΔΕΝ,Émile Richebourg and Deluden,Ἐρωτύλαι γυναῖκες,Amorous Women,"τόμοι 3, σελ. 766 +",20.—,Δρ.,
1904,IMG_1474.jpeg,"Μυθιστορήματα, διηγήματα","Novels, short stories",,ΑΛ. ΔΟΥΜΑ,Alexandre Dumas,Εὐγενὴς ἔρως,Noble Love,"8ον, σελίδες 572+",10.—,Δρ.,
1904,IMG_1474.jpeg,"Μυθιστορήματα, διηγήματα","Novels, short stories",,X. DE MONTEPIN,Xavier de Montépin,Εὐγενὴς τῆς μεγάλης ὁδοῦ,Gentleman of the Highway,"4ον, σελίδες 223 +",10.—,Δρ.,μετάφρασις Θ. Χ. Μεταξᾶ
1904,IMG_1474.jpeg,"Μυθιστορήματα, διηγήματα","Novels, short stories",,C. FARRENS,C. Farrens,Εὐτυχία εἰς τὴν εὐσέβειαν,Happiness in Piety,σελίδες 136+,5.—,Δρ.,μετάφρασις Γ. 'Α. Παππατζώρη
1904,IMG_1474.jpeg,"Μυθιστορήματα, διηγήματα","Novels, short stories",,,,Ζὶλ Βλὰς ὁ Σαντιλλανός,Gil Blas of Santillana,"8ον, σελίδες 846+",12.—,Δρ.,
1904,IMG_1474.jpeg,"Μυθιστορήματα, διηγήματα","Novels, short stories",,Ξ. ΔΕ ΜΟΝΤΕΠΕΝ,Xavier de Montépin,Ἡ Αὐτοῦ ὑψηλότης ὁ Ἔρως,His Highness Love,"τόμοι 3, σ. 1315+",27.—,Δρ.,
1904,IMG_1474.jpeg,"Μυθιστορήματα, διηγήματα","Novels, short stories",,ΛΑΒΟΥΛΑΙΗ,Édouard René de Laboulaye,Ἡγεμὼν Σκύλαξ,Prince Scylax,σελίδες 138+,7.—,Δρ.,
1904,IMG_1474.jpeg,"Μυθιστορήματα, διηγήματα","Novels, short stories",,Ο. ΦΕΓΙΕ,Octave Feuillet,Ἡμερολόγιον ἀπόρου νέου,Journal of a Poor Young Man,σελίδες 323 +,7.—,Δρ.,
1904,IMG_1474.jpeg,"Μυθιστορήματα, διηγήματα","Novels, short stories",,CONTESSE DASH,Comtesse Dash,Ἡρωὶς Σωματοφύλαξ,Heroine Bodyguard,"8ον, σελίδες 30 +",2.—,Δρ.,"διήγημα, μεταφρασθὲν ὑπὸ Γ. 'Ι. Παπάζογλου"
1904,IMG_1474.jpeg,"Μυθιστορήματα, διηγήματα","Novels, short stories",,Π. ΚΑΛΛΙΓΑ,Pavlos Kalligas,Θάνος Βλέκας,Thanos Vlekas,τόμ. 3+,5.—,Δρ.,
1904,IMG_1474.jpeg,"Μυθιστορήματα, διηγήματα","Novels, short stories",,ΛΟΥΪΖΗΣ ΛΕΒΕΝΕ,Louise Lévené,Θαυμάσια τῆς θαλάσσης,Wonders of the Sea,σελίδες β'—106 +,5.—,Δρ.,διασκευασθέντα ὑπὸ Μ. Δ. Σακορράφου
1904,IMG_1474.jpeg,"Μυθιστορήματα, διηγήματα","Novels, short stories",,ΔΑΝΤΟΥ ΑΛΙΓΕΡΗ,Dante Alighieri,"Θεία Κωμῳδία, Κόλασις","Divine Comedy, Inferno","8ον, σελίδες 592+",12.—,Δρ.,"μετάφρασις Γ. Σ. Βουτσινᾶ, μετ' εἰκόνων"
1904,IMG_1474.jpeg,"Μυθιστορήματα, διηγήματα","Novels, short stories",,G. OHNET,Georges Ohnet,Θέλησις,Will,"32ον, σ. 555+",5.—,Δρ.,
1904,IMG_1474.jpeg,"Μυθιστορήματα, διηγήματα","Novels, short stories",,J. MARY,Jules Mary,"Θηρεσία, ἤτοι περιπέτεια ἐγγάμου γυναικός","Theresa, or Adventure of a Married Woman","32ον, σελίδες 172",6.—,Δρ.,μετάφρασις Γ. Λ. Ξανθοπούλου
1904,IMG_1474.jpeg,"Μυθιστορήματα, διηγήματα","Novels, short stories",,Ι. ΩΔΕΒΑΛ,J. Oudeval,Ἰατρὸς τῶν Νεκρῶν,Doctor of the Dead,σελίδες 216 +,12.—,Δρ.,μετάφρασις 'Α. Παπαλεξανδρῆ
1904,IMG_1474.jpeg,"Μυθιστορήματα, διηγήματα","Novels, short stories",,Ξ. ΔΕ ΜΟΝΤΕΠΕΝ,Xavier de Montépin,Ἰατρὸς τῶν Πτωχῶν,Doctor of the Poor,"τόμοι 2, 8ον, σ. 489+",10.—,Δρ.,
1904,IMG_1474.jpeg,"Μυθιστορήματα, διηγήματα","Novels, short stories",,Ξ. ΔΕ ΜΟΝΤΕΠΕΝ,Xavier de Montépin,Ἰατρὸς τῶν Τρελλῶν,Doctor of the Mad,"8ον, σελ. 1088 +",25.—,Δρ.,μετ' εἰκόνων
1904,IMG_1474.jpeg,"Μυθιστορήματα, διηγήματα","Novels, short stories",,MME ANAÏS SÉGALA,Anaïs Ségalas,Ἰδὲ τὴν μάνα καὶ πᾶρ' τὴν κόρη,Look at the Mother and Take the Daughter,"8ον, σελίδες 61+",4.—,Δρ.,"διήγημα, μετάφρασις Στ. Ε. Βρυώνη"
1904,IMG_1474.jpeg,"Μυθιστορήματα, διηγήματα","Novels, short stories",,Π. ΦΕΒΑΛ,Paul Féval,Ἱππόται τοῦ Στερεώματος,Knights of the Firmament,σελίδες 307 +,7.—,Δρ.,"μυθιστορία, μετάφρασις 'Α. Ρ. 'Ραγκαβῆ"
1904,IMG_1474.jpeg,"Μυθιστορήματα, διηγήματα","Novels, short stories",,Α. ΔΟΥΜΑ,Alexandre Dumas,Ἱστορία νεκροῦ,Story of a Dead Man,"8ον, σελίδες 28 +",3.—,Δρ.,μεταφρασθεῖσα ὑπὸ Κ. Κουμένη
1904,IMG_1474.jpeg,"Μυθιστορήματα, διηγήματα","Novels, short stories",,EV. GARANCE,Ev. Garance,Ἱστορία τεθνεῶτος,Story of a Deceased,"8ον, σελίδες 128+",5.—,Δρ.,
1904,IMG_1474.jpeg,"Μυθιστορήματα, διηγήματα","Novels, short stories",,Λ. ΒΟΝΑΠΑΡΤΕ,Lucien Bonaparte,Ἰνδικὴ φυλὴ ἢ ὁ Ἐδουάρδος καὶ ἡ Στελλίνα,"Indian Tribe, or Edward and Stellina","32ον, σελίδες 296 +",8.—,Δρ.,
1904,IMG_1474.jpeg,"Μυθιστορήματα, διηγήματα","Novels, short stories",,Π. ΦΕΒΑΛ,Paul Féval,Ἱππότης τοῦ Κεραμούργ,Knight of Keramour,"8ον, σελίδες 318+",10.—,Δρ.,
1904,IMG_1474.jpeg,"Μυθιστορήματα, διηγήματα","Novels, short stories",,Α. ΜΑΝΤΖΟΝΟΥ,Alessandro Manzoni,Ἱστορία δύο μελλονύμφων,Story of Two Betrothed,"τόμοι 3, σελ. 914 +",15.—,Δρ.,
1904,IMG_1474.jpeg,"Μυθιστορήματα, διηγήματα","Novels, short stories",,ΠΡΕΒΟΣΤ,Abbé Prévost,Ἱστορία Μανὼν Λεσκώ,History of Manon Lescaut,"8ον, σελίδες 160 +",4.—,Δρ.,
1904,IMG_1474.jpeg,"Μυθιστορήματα, διηγήματα","Novels, short stories",,OCT. FEUILLET,Octave Feuillet,Ἱστορία τῆς Σιβύλλης,Story of Sibylle,"8ον, σελίδες 114+",,,
1904,IMG_1475.jpeg,"Μυθιστορήματα, διηγήματα","Novels, short stories",,ΑΛΦ. ΔΕ ΛΑΜΑΡΤΙΝΟΥ,Alphonse de Lamartine,Ἰωάννα δ' Ἄρκ,Joan of Arc,"8ον, σελίδες 87+",5,Δρχ.,μετάφρασις 'Α. 'Ι. 'Oλυμπίου
1904,IMG_1475.jpeg,"Μυθιστορήματα, διηγήματα","Novels, short stories",,Γ. Δ. ΛΑΜΠΙΣΗ,G. D. Lampisis,Ἰωάννα Γρέϋ,Lady Jane Grey,σελίδες κδ'—262+,7,Δρχ.,
1904,IMG_1475.jpeg,"Μυθιστορήματα, διηγήματα","Novels, short stories",,A. MATHEY,A. Mathey,Ἰωάννης ὁ ἄνευ ἐπιθέτου,John Without a Surname,"τόμ. 2, 32ον, σ. 860+",12,Δρχ.,
1904,IMG_1475.jpeg,"Μυθιστορήματα, διηγήματα","Novels, short stories",,Unknown,Unknown,Κακούργημα εἰς τὸν μύλον τοῦ Οὐζώρ,Crime at the Mill of Huzor,σελίδες 324+,8,Δρχ.,"ἐκ τοῦ γαλλικοῦ, μετάφρασις Γ. Σ. Γαλάτη"
1904,IMG_1475.jpeg,"Μυθιστορήματα, διηγήματα","Novels, short stories",,ΕΡ. ΣΤΟΒΗΣ,Harriet Beecher Stowe,Καλύβη τοῦ Θωμᾶ ἢ ὁ Βίος τῶν Μαύρων ἐν 'Αμερικῇ,"Uncle Tom's Cabin; or, Life Among the Lowly","τόμοι 2, 8ον, σελίδες ϑ'—590+",10,Δρχ.,"μυθιστορία, μετάφρασις 'Ι. Καρασούτσα"
1904,IMG_1475.jpeg,"Μυθιστορήματα, διηγήματα","Novels, short stories",,PAUL DE KOCK,Paul de Kock,Καμπούρης τῶν Παρισίων,The Hunchback of Paris,"8ον, σ. 168+",5,Δρχ.,μετ' εἰκόνων
1904,IMG_1475.jpeg,"Μυθιστορήματα, διηγήματα","Novels, short stories",,ΣΚΡΙΒ,Eugène Scribe,Κάρολος Βρόσκης,Charles Brosky,"8ον, σελίδες 208+",5,Δρχ.,
1904,IMG_1475.jpeg,"Μυθιστορήματα, διηγήματα","Novels, short stories",,CHEVALIER,Chevalier,Κατακόμβαι τῆς 'Ιούλλης,Catacombs of Juelle,"8ον, σελίδες 232+",4,Δρχ.,
1904,IMG_1475.jpeg,"Μυθιστορήματα, διηγήματα","Novels, short stories",,ΑΛΕΞΙΟΥ ΜΠΟΥΒΙΕ,Alexis Bouvier,Κατάσκοπος,The Spy,"8ον, σελίδες 288+",6,Δρχ.,μυθιστόρημα
1904,IMG_1475.jpeg,"Μυθιστορήματα, διηγήματα","Novels, short stories",,AIM. ZOLA,Émile Zola,Καταστροφή,The Downfall,"8ον, σελίδες ϑ, σ. 777+",15,Δρχ.,
1904,IMG_1475.jpeg,"Μυθιστορήματα, διηγήματα","Novels, short stories",,E. RICHEBOURG,Émile Richebourg,Κατηραμένη κόρη,Accursed Daughter,σελίδες 784+,15,Δρχ.,μετ' εἰκόνων
1904,IMG_1475.jpeg,"Μυθιστορήματα, διηγήματα","Novels, short stories",,LOUIS NOIR,Louis Noir,Κατηραμένον καπηλεῖον,Accursed Tavern,"8ον, σελίδες 244+",8,Δρχ.,
1904,IMG_1475.jpeg,"Μυθιστορήματα, διηγήματα","Novels, short stories",,PIERRE CŒUR,Pierre Cœur,Κηδεμονευόμενος ὀρφανός,Warded Orphan,"32ον, σελίδες 180+",3,Δρχ.,"μυθιστόρημα, μετάφρασις ὑπὸ Ζ. Γ. Βασιλάρου"
1904,IMG_1475.jpeg,"Μυθιστορήματα, διηγήματα","Novels, short stories",,Γ. Κ. ΥΠΕΡΕΙΔΟΥ,G. K. Hypereides,Κλεανθίνη,Kleanthini,σελίδες 208+,5,Δρχ.,
1904,IMG_1475.jpeg,"Μυθιστορήματα, διηγήματα","Novels, short stories",,Ε. ΓΚΡΕΒΙΛΛ,Henry Gréville,Κλεοπάτρα,Cleopatra,"32ον, σελίδες 334+",,Δρχ.,
1904,IMG_1475.jpeg,"Μυθιστορήματα, διηγήματα","Novels, short stories",,Ν. Θ. ΚΑΣΣΑΝΔΡΕΩΣ,N. Th. Kassandreus,Κλεοπάτρα,Cleopatra,"8ον, σ. 241+",10,Δρχ.,ἱστορικὸν μυθιστόρημα μετὰ πολλῶν σημειώσεων καὶ παραπομπῶν
1904,IMG_1475.jpeg,"Μυθιστορήματα, διηγήματα","Novels, short stories",,ΓΑΣΚΩΝΙΑΣ ΔΥΦΟΥΡΙΑΣ,Gaskonias Dufourias,Κλημεντίνα,Clementina,"8ον, σελίδες 192, δεδεμ.",10,Δρχ.,
1904,IMG_1475.jpeg,"Μυθιστορήματα, διηγήματα","Novels, short stories",,ΚΑΡ. ΜΕΡΟΥΒΕΛ,Charles Mérouvel,Κοινωνικὸς πόλεμος,Social War,"4ον, σελίδες 407+",10,Δρχ.,"μετ' εἰκόνων, κατὰ μετάφρασιν Τόνη"
1904,IMG_1475.jpeg,"Μυθιστορήματα, διηγήματα","Novels, short stories",,Unknown,Unknown,Κόκκινο πανταλόνι,Red Trousers,σελ. 1450+,20,Δρχ.,
1904,IMG_1475.jpeg,"Μυθιστορήματα, διηγήματα","Novels, short stories",,Unknown,Unknown,Κόμης Δορκέλης,Count Dorkeliss,"8ον, σελ. 92+",3,Δρχ.,
1904,IMG_1475.jpeg,"Μυθιστορήματα, διηγήματα","Novels, short stories",,AL. DUMAS,Alexandre Dumas,Κόμης Μοντεχρῖστος,The Count of Monte Cristo,"8ον, σελίδες 1286+",20,Δρχ.,
1904,IMG_1475.jpeg,"Μυθιστορήματα, διηγήματα","Novels, short stories",,ΑΛ. ΔΟΥΜΑ,Alexandre Dumas,Κόμησσα Σαρνύ,The Countess de Charny,"τόμοι 4, 8ον, σελίδες 1662+",18,Δρχ.,
1904,IMG_1475.jpeg,"Μυθιστορήματα, διηγήματα","Novels, short stories",,H. LYNCH,Hannah Lynch,Κόραι τῆς Ἑλλάδος,Daughters of Greece,"8ον, σελίδες 391+",10,Δρχ.,
1904,IMG_1475.jpeg,"Μυθιστορήματα, διηγήματα","Novels, short stories",,CH. MEROUVEL,Charles Mérouvel,Κόρη ἢ ἄνευ ὀνόματος,The Girl or The Nameless One,"32ον, σελ. 1205+",12,Δρχ.,
1904,IMG_1475.jpeg,"Μυθιστορήματα, διηγήματα","Novels, short stories",,ΕΡ. ΔΩΔΕ,Ernest Daudet,Κόρη τοῦ ζητιάνου,The Beggar's Daughter,"8ον, σελίδες 212+",5,Δρχ.,
1904,IMG_1475.jpeg,"Μυθιστορήματα, διηγήματα","Novels, short stories",,ΙΟΥΛΙΟΥ ΚΑΡΝΕΖΥ,Jules Carnezy,Κόρη τοῦ λαοῦ,Daughter of the People,"τόμοι 2, 8ον, σ. 1624+",25,Δρχ.,μετὰ εἰκόνων
1904,IMG_1475.jpeg,"Μυθιστορήματα, διηγήματα","Novels, short stories",,Ξ. ΔΕ ΜΟΝΤΕΠΕΝ,Xavier de Montépin,Κόρη τῆς Μαργαρίτας,Margaret's Daughter,"τόμοι 6, 8ον, σελ. 1455+",20,Δρχ.,μεταγλώττισις 'Ε. Σεκιάρη
1904,IMG_1475.jpeg,"Μυθιστορήματα, διηγήματα","Novels, short stories",,ΟΥΑΛΤΕΡ ΣΚΩΤΤ,Walter Scott,Κρόμβελλ,Cromwell,"4ον, σελίδες 275+",8,Δρχ.,
1904,IMG_1475.jpeg,"Μυθιστορήματα, διηγήματα","Novels, short stories",,Unknown,Unknown,Κρυπτὴ κλοπὴ εἰς τὴν Ῥωσσίαν,Secret Theft in Russia,"8ον, σελίδες 30+",3,Δρχ.,
1904,IMG_1475.jpeg,"Μυθιστορήματα, διηγήματα","Novels, short stories",,Γ. Χ. ΦΕΡΡΥ,Gabriel Ferry,Κυνηγὸς ἢ ἡ κοιλὰς τοῦ χρυσοῦ,"The Hunter; or, The Valley of Gold","8ον, σελίδες 879+",18,Δρχ.,"μετ' εἰκόνων, μετάφρασις Ν. Δραγούμη"
1904,IMG_1475.jpeg,"Μυθιστορήματα, διηγήματα","Novels, short stories",,ΑΛ. ΔΟΥΜΑ,Alexandre Dumas fils,Κυρία με τὰς καμελίας,The Lady of the Camellias,"8ον, σ. 246+",5,Δρχ.,μετ' εἰκόνων
1904,IMG_1475.jpeg,"Μυθιστορήματα, διηγήματα","Novels, short stories",,ΟΚΤ. ΦΕΓΙΕ,Octave Feuillet,Κύριος Δεκαμόρ,Monsieur de Camors,"8ον, σελίδες 288+",8,Δρχ.,
1904,IMG_1475.jpeg,"Μυθιστορήματα, διηγήματα","Novels, short stories",,ΙΟΥΛΙΟΥ ΚΛΑΡΕΤΗ,Jules Claretie,Κύριος Ὑπουργός,Monsieur the Minister,"μέγα 4ον, σ. 144+",10,Δρχ.,μυθιστόρημα
1904,IMG_1475.jpeg,"Μυθιστορήματα, διηγήματα","Novels, short stories",,ΓΕΩΡΓΙΟΥ ΧΟΡΤΩΝ,George Horton,Κωνσταντῖνος,Constantine,"8ον, σελ. 133+",4,Δρχ.,
1904,IMG_1475.jpeg,"Μυθιστορήματα, διηγήματα","Novels, short stories",,Unknown,Unknown,Λάθος τοῦ ἰατροῦ Μαδελόρ,Doctor Madelor's Mistake,σελίδες 453+,14,Δρχ.,
1904,IMG_1475.jpeg,"Μυθιστορήματα, διηγήματα","Novels, short stories",,ΑΔΟΛΦΟΥ ΔΕΝΝΕΡΥ,Adolphe d'Ennery,Λαυρεντία,Laurentia,"τόμοι 2, 8ον, σελ. 1887+",40,Δρχ.,"μετ' εἰκόνων, μετάφρασις 'Α. Γεωργιάδου"
1904,IMG_1475.jpeg,"Μυθιστορήματα, διηγήματα","Novels, short stories",,ΙΟΥΛ. ΒΕΡΝ,Jules Verne,Λαχνὸς ὑπ' ἀριθμὸν 9672,Ticket No. 9672,"4ον, σ. 184+",12.20,Δρχ.,"κατὰ μετάφρασιν 'Αλ. Σκαλίδου, μετὰ 41 εἰκόνων"
1904,IMG_1475.jpeg,"Μυθιστορήματα, διηγήματα","Novels, short stories",,Unknown,Unknown,Λεπρὸς τῆς 'Αόπτης,The Leper of Aosta,σελίδες 39+,2,Δρχ.,διήγημα ἐκ τοῦ γαλλικοῦ
1904,IMG_1475.jpeg,"Μυθιστορήματα, διηγήματα","Novels, short stories",,Μ. Π. ΦΙΛΑΝΘΙΔΟΥ,M. P. Philanthidis,Λευκὸν καὶ μέλαν,White and Black,σελίδες 95+,4,Δρχ.,διηγήματα
1904,IMG_1475.jpeg,"Μυθιστορήματα, διηγήματα","Novels, short stories",,J. BOULABERT,Jules Boulabert,Λῄσταρχος γυνή,The Female Bandit Chief,σελίδες 580+,12,Δρχ.,
1904,IMG_1476.jpeg,"Μυθιστορήματα, διηγήματα","Novels, short stories",,ΛΕΟΝΤΟΣ ΑΛΛΑΡ,Léonce Allard,"Δῃστοπειραταί, ἱσπανικὸν μυθιστόρημα","Highway Pirates, a Spanish novel","8ον, σελίδες 558",12.—,Δραχμαί,"μετ' εἰκόνων, μετάφρασις Εμμ. 'Ροΐδου"
1904,IMG_1476.jpeg,"Μυθιστορήματα, διηγήματα","Novels, short stories",,H. MURGER,Henri Murger,"Διμοκοντόροι, ἢ σκηναὶ τοῦ βοημικοῦ βίου",Scenes of Bohemian Life,,12.—,Δραχμαί,μετάφρασις Εμμ. 'Ροΐδου
1904,IMG_1476.jpeg,"Μυθιστορήματα, διηγήματα","Novels, short stories",,,,Δουκία,Doukia,"8ον, σελίδες 113",3.—,Δραχμαί,
1904,IMG_1476.jpeg,"Μυθιστορήματα, διηγήματα","Novels, short stories",,ΑΙΜ. ΡΙΣΒΟΥΡΓ,Émile Richebourg,Δυκογιάννης ἢ Ἔρωτες ἀγριανθρώπου,Lykogiannis or Loves of a Wild Man,"τόμοι 4, 8ον, σ. 664",10.—,Δραχμαί,
1904,IMG_1476.jpeg,"Μυθιστορήματα, διηγήματα","Novels, short stories",,ΚΑΛΛΙΡΡΟΗΣ ΠΑΡΡΕΝ,Kallirhoe Parren,Μάγισσα,The Witch,"8ον, σελίδες 431",15.—,Δραχμαί,
1904,IMG_1476.jpeg,"Μυθιστορήματα, διηγήματα","Novels, short stories",,ΓΟΝΖΑΛΕΣ,Emmanuel Gonzalès,Μάγειρος τοῦ βασιλέως,The King's Cook,"8ον, σελ. 472",7.20,Δραχμαί,μετ' εἰκόνων
1904,IMG_1476.jpeg,"Μυθιστορήματα, διηγήματα","Novels, short stories",,Δ. ΚΟΤΤΕΝ,D. Cotten,Μαλβίνα,Malvina,σ. 454,5.—,Δραχμαί,
1904,IMG_1476.jpeg,"Μυθιστορήματα, διηγήματα","Novels, short stories",,E. RICHEBOURG,Émile Richebourg,Μάμμη,Grandmother,"32ον, σελίδες 1440",12.—,Δραχμαί,
1904,IMG_1476.jpeg,"Μυθιστορήματα, διηγήματα","Novels, short stories",,,,"Μαξιώτης, ἀγγλικὴ μυθιστορία","The Manxman, an English novel",,16.—,Δραχμαί,
1904,IMG_1476.jpeg,"Μυθιστορήματα, διηγήματα","Novels, short stories",,ΑΡΙΣΤΕΩΣ ΧΡ. ΗΓΟΥΜΕΝΙΔΟΥ,Aristeos Chr. Igoumenidis,"Μαραμμένον ἄνθος, διήγημα","Withered Flower, a short story","8ον, σελ. 46",3.—,Δραχμαί,
1904,IMG_1476.jpeg,"Μυθιστορήματα, διηγήματα","Novels, short stories",,J. MARY,Jules Mary,Μαρκησία Γαβριέλλα,Marquise Gabriella,"τόμοι 3, 8ον, σελίδες 598",10.—,Δραχμαί,
1904,IMG_1476.jpeg,"Μυθιστορήματα, διηγήματα","Novels, short stories",,ERN. CAPENDU,Ernest Capendu,"Μαρκήσιος Δὲ Λὸκ 'Ρονάν, συνέχεια τοῦ Μαρκὼφ τοῦ Μαλουΐνου","Marquis De Loc Ronan, sequel to Marcof the Malouin","8ον, σελ. 404",8.—,Δραχμαί,
1904,IMG_1476.jpeg,"Μυθιστορήματα, διηγήματα","Novels, short stories",,ERN. CAPENDU,Ernest Capendu,Μαρκὼφ ὁ Μαλουῖνος,Marcof the Malouin,"8ον, σελίδες 407",8.—,Δραχμαί,μετάφρασις Γ. Μ. Τρανοῦ
1904,IMG_1476.jpeg,"Μυθιστορήματα, διηγήματα","Novels, short stories",,E. RICHEBOURG,Émile Richebourg,Μάρτυρες τοῦ γάμου,Witnesses of the Marriage,"4ον, σελ. 488",20.—,Δραχμαί,μετ' εἰκόνων
1904,IMG_1476.jpeg,"Μυθιστορήματα, διηγήματα","Novels, short stories",,Ε. ΣΥΗ,Eugène Sue,Ματθίλδη,Mathilde,"8ον, σ. 698",15.—,Δραχμαί,
1904,IMG_1476.jpeg,"Μυθιστορήματα, διηγήματα","Novels, short stories",,Ξ. ΔΕ ΜΟΝΤΕΠΕΝ,Xavier de Montépin,Μαύρη Μάσκα,The Black Mask,"8ον, σελ. 583",10.—,Δραχμαί,μετ' εἰκόνων
1904,IMG_1476.jpeg,"Μυθιστορήματα, διηγήματα","Novels, short stories",,LOIS NOIR,Louis Noir,Μαῦρος πειρατής,The Black Pirate,"τόμοι 2, 4ον, σελίδες 471",15.—,Δραχμαί,
1904,IMG_1476.jpeg,"Μυθιστορήματα, διηγήματα","Novels, short stories",,Γ. ΟΝΕ,Georges Ohnet,Μέγα ἀργιλλωρυχεῖον,The Great Clay Pit,"8ον, σελίδες 382",15.—,Δραχμαί,
1904,IMG_1476.jpeg,"Μυθιστορήματα, διηγήματα","Novels, short stories",,Ξ. ΜΟΝΤΕΠΕΝ,Xavier de Montépin,Μεγάλη περιουσία,A Great Fortune,"8ον, σελίδες 482",10.—,Δραχμαί,
1904,IMG_1476.jpeg,"Μυθιστορήματα, διηγήματα","Novels, short stories",,ERN. CAPENDU,Ernest Capendu,Μέγαρον τοῦ Νιόρ,Mansion of Niort,"8ον, σελ. 784",12.—,Δραχμαί,μετάφρασις Σ. Ι. Βούτυρα καὶ Αβρ. Μαλιάκα
1904,IMG_1476.jpeg,"Μυθιστορήματα, διηγήματα","Novels, short stories",,X. DE MONTEPIN,Xavier de Montépin,Μέγας Λαχνός,The Grand Prize,"τόμοι 3, 32ον, σελ. 820",7.—,Δραχμαί,
1904,IMG_1476.jpeg,"Μυθιστορήματα, διηγήματα","Novels, short stories",,ΙΟΥΛ. ΒΕΡΝ,Jules Verne,Μέλαιναι Ἰνδίαι,The Black Indies,"4ον, σελίδες 198",12.20,Δραχμαί,"κατὰ μετάφρασιν Ἀλεξάνδρου Σκαλίδου, 45 εἰκόνων"
1904,IMG_1476.jpeg,"Μυθιστορήματα, διηγήματα","Novels, short stories",,Ι. ΒΕΡΝ,Jules Verne,"Μεσημβρινὸς 'Αστήρ, ἢ ἡ χώρα τῶν ἀδαμάντων","The Southern Star, or the Land of Diamonds","4ον, σελίδες 260",12.20,Δραχμαί,"κατὰ μετάφρασιν Φρ. Πρίντεζη, μετὰ 62 εἰκόνων"
1904,IMG_1476.jpeg,"Μυθιστορήματα, διηγήματα","Novels, short stories",,ΑΛ. ΔΟΥΜΑ,Alexandre Dumas,Μετὰ εἴκοσιν ἔτη (συνέχεια τῶν «Τριῶν Σωματοφυλάκων»),Twenty Years After (sequel to The Three Musketeers),"τόμοι 6, σελ. 1136",20.—,Δραχμαί,μετ' εἰκόνων
1904,IMG_1476.jpeg,"Μυθιστορήματα, διηγήματα","Novels, short stories",,EM. RICHEBOURG,Émile Richebourg,Μητερούλα,Little Mother,"τόμοι 2, 32ον, σελίδες 1190",10.—,Δραχμαί,
1904,IMG_1476.jpeg,"Μυθιστορήματα, διηγήματα","Novels, short stories",,ΟΔ. ΙΑΛΕΜΟΥ,Odysseas Ialemos,"Μητρικὴ στοργή, διήγημα","Maternal Love, a short story","8ον, σελίδες 87",2.20,Δραχμαί,
1904,IMG_1476.jpeg,"Μυθιστορήματα, διηγήματα","Novels, short stories",,ΑΔΟΛΦΟΥ ΒΕΛΩ,Adolphe Belot,Μητροκτόνος,The Matricide,"μέγα 8ον, σελ. 444",12.—,Δραχμαί,μετ' εἰκόνων
1904,IMG_1476.jpeg,"Μυθιστορήματα, διηγήματα","Novels, short stories",,Ξ. ΔΕ ΜΟΝΤΕΠΕΝ,Xavier de Montépin,Μητρυιά,Stepmother,"32ον, σελίδες 1603",10.—,Δραχμαί,
1904,IMG_1476.jpeg,"Μυθιστορήματα, διηγήματα","Novels, short stories",,Κυρία ΚΡΑΙΗΧ,Dinah Craik,"Μία εὐγενὴς ὕπαρξις, διήγημα","A Noble Life, a short story",σελίδες 320,6.—,Δραχμαί,
1904,IMG_1476.jpeg,"Μυθιστορήματα, διηγήματα","Novels, short stories","Μικρὰ μυθιστορήματα, ἔκδοσις Βαλ. Γαβριηλίδου",,,Κάρμεν,Carmen,τομίδια 4,2.—,Δραχμαί,
1904,IMG_1476.jpeg,"Μυθιστορήματα, διηγήματα","Novels, short stories","Μικρὰ μυθιστορήματα, ἔκδοσις Βαλ. Γαβριηλίδου",,,Ὄνειρα Χλωράλης,Dreams of Chloral,,0.20,Δραχμαί,
1904,IMG_1476.jpeg,"Μυθιστορήματα, διηγήματα","Novels, short stories","Μικρὰ μυθιστορήματα, ἔκδοσις Βαλ. Γαβριηλίδου",,,Μαγδαληνή,Magdalene,,0.20,Δραχμαί,
1904,IMG_1476.jpeg,"Μυθιστορήματα, διηγήματα","Novels, short stories","Μικρὰ μυθιστορήματα, ἔκδοσις Βαλ. Γαβριηλίδου",,,Ἡ ῥοδιὰ τοῦ μάγου,The Sorcerer's Pomegranate Tree,,0.20,Δραχμαί,
1904,IMG_1476.jpeg,"Μυθιστορήματα, διηγήματα","Novels, short stories",,Χρυσοῦλας Παπαγγελῆ,Chrysoula Papangeli,"Μικρὸς ναύτης, διήγημα ἐκ τοῦ γαλλικοῦ","Little Sailor, a short story from the French","32ον, σελίδες 92",3.—,Δραχμαί,
1904,IMG_1476.jpeg,"Μυθιστορήματα, διηγήματα","Novels, short stories",,EM. RICHEBOURG,Émile Richebourg,Μικρούλα,Little One,"τόμοι 4, σελίδες 1446",12.—,Δραχμαί,
1904,IMG_1476.jpeg,"Μυθιστορήματα, διηγήματα","Novels, short stories",,Ι. ΟΙΚΟΝΟΜΟΠΟΥΛΟΥ,I. Oikonomopoulos,"Μῖμος καὶ Μαίρη, σύγχρονον κοινωνικὸν μυθιστόρημα","Mimos and Mary, a modern social novel","8ον, σ. 943",12.—,Δραχμαί,μετ' εἰκόνων
1904,IMG_1476.jpeg,"Μυθιστορήματα, διηγήματα","Novels, short stories",,G. OHNET,Georges Ohnet,Μίσους ὀφειλή,Debt of Hatred,"32ον, σελίδες 490",5.—,Δραχμαί,
1904,IMG_1476.jpeg,"Μυθιστορήματα, διηγήματα","Novels, short stories",,ΙΟΥΛΙΟΥ ΒΕΡΝ,Jules Verne,Μιχαὴλ Στρογώφ,Michael Strogoff,"8ον, σελ. 380",8.—,Δραχμαί,μετ' εἰκόνων
1904,IMG_1476.jpeg,"Μυθιστορήματα, διηγήματα","Novels, short stories",,ΑΛΕΞ. ΔΟΥΜΑ,Alexandre Dumas,"Μνηστὴ τῶν ἑκατομμυρίων (συνέχεια τοῦ Κόμητος Μόντε-Χρίστου καὶ 'Αρχοντος τοῦ Κόσμου), μυθιστορία","Bride of Millions (sequel to The Count of Monte Cristo and Master of the World), a novel","τόμοι 3, 12ον, σελίδες 1084",25.—,Δραχμαί,μετάφρασις 'Α. Κ. Χούμη
1904,IMG_1477.jpeg,"Μυθιστορήματα, διηγήματα","Novels, short stories",,ETIN-ΣΕΛ,Etin-Sel,Μνηστῆρες τῆς Μάρθας,Martha's Suitors,"32ον, σελίδες 216",2,Δραχμαί,
1904,IMG_1477.jpeg,"Μυθιστορήματα, διηγήματα","Novels, short stories",,ΣΚΩΤ,Walter Scott,Μνηστὴ τοῦ Δάμερμουρ,The Bride of Lammermoor,"8ον, σελίδες 360",12,Δραχμαί,
1904,IMG_1477.jpeg,"Μυθιστορήματα, διηγήματα","Novels, short stories",,P. DE KOCK,Paul de Kock,Μοδιστροῦλες,Little Dressmakers,"μετ' εἰκόνων, 8ον, σελίδες 280",6,Δραχμαί,
1904,IMG_1477.jpeg,"Μυθιστορήματα, διηγήματα","Novels, short stories",,ΑΛ. ΔΟΥΜΑ,Alexandre Dumas,Μοϊκανοὶ τῶν Παρισίων,The Mohicans of Paris,"μετ' εἰκόνων, τόμοι 2, 8ον, σελίδες 1438",25,Δραχμαί,
1904,IMG_1477.jpeg,"Μυθιστορήματα, διηγήματα","Novels, short stories",,PAUL DE KOCK,Paul de Kock,Μοσχομάγκα τῶν Παρισίων,The Dandy Street Urchin of Paris,"μετ' εἰκόνων, 8ον, σ. 286",6,Δραχμαί,
1904,IMG_1477.jpeg,"Μυθιστορήματα, διηγήματα","Novels, short stories",,Γ. Χ. ΝΙΚΟΛΑΪΔΟΥ,G. C. Nikolaidis,Μυρσίνη,Myrsini,"8ον, σελίδες 90",3,Δραχμαί,
1904,IMG_1477.jpeg,"Μυθιστορήματα, διηγήματα","Novels, short stories",,ÉLIE BERTHET,Élie Berthet,Μυστήρια τῶν γάμων,Mysteries of Marriages,"μετ' εἰκόνων, μετάφρασις Ἠλ. Ἰ. Οἰκονομοπούλου, μέγα 8ον, σ. 320",10,Δραχμαί,
1904,IMG_1477.jpeg,"Μυθιστορήματα, διηγήματα","Novels, short stories",,Κ. ΚΑΡΛΟΤ,C. Carlot,Μυστήρια τῆς γραίας κόρης,Mysteries of the Old Maid,"μετάφρασις Ἑλένης Γενναδίου, 8ον, σελίδες 399",15,Δραχμαί,
1904,IMG_1477.jpeg,"Μυθιστορήματα, διηγήματα","Novels, short stories",,H. HÉRITIER,H. Héritier,Μυστήρια τοῦ κόσμου,Mysteries of the World,"8ον, σελίδες 104",3,Δραχμαί,
1904,IMG_1477.jpeg,"Μυθιστορήματα, διηγήματα","Novels, short stories",,Μ. Δ. ΧΑΜΟΥΔΟΠΟΥΛΟΥ,M. D. Chamoudopoulos,Μυστηριώδεις νυκτοκλέπται,Mysterious Night Thieves,"διήγημα, 8ον, σελίδες 152",5,Δραχμαί,
1904,IMG_1477.jpeg,"Μυθιστορήματα, διηγήματα","Novels, short stories",,A. DAUDET,Alphonse Daudet,Μυστηριώδης γάμος,Mysterious Marriage,σελίδες 216,4,Δραχμαί,
1904,IMG_1477.jpeg,"Μυθιστορήματα, διηγήματα","Novels, short stories",,E. RICHEBOURG,Émile Richebourg,Μυστηριώδης μοναχὴ καὶ ἡ μήτηρ Ῥοδία,Mysterious Nun and Mother Rhodia,"μετ' εἰκόνων, 4ον, σελ. 1020",30,Δραχμαί,
1904,IMG_1477.jpeg,"Μυθιστορήματα, διηγήματα","Novels, short stories",,ΙΟΥΛΙΟΥ ΒΕΡΝ,Jules Verne,Μυστηριώδης νῆσος,The Mysterious Island,"μετ' εἰκόνων, μετάφρασις Σ. Γ. Σαριβαξεβάνη, μέγα 8ον, σελ. 716",15,Δραχμαί,
1904,IMG_1477.jpeg,"Μυθιστορήματα, διηγήματα","Novels, short stories",,M. LAFON,M. Lafon,Μυστηριώδης συμμορία,Mysterious Gang,σελίδες 376,7,Δραχμαί,
1904,IMG_1477.jpeg,"Μυθιστορήματα, διηγήματα","Novels, short stories",,JULES DE GASTYNE,Jules de Gastyne,Μυστικὸν τοῦ Δανιήλ,Daniel's Secret,"μετάφρασις Γ. Β. Βογιαντζῆ, 32ον, σελίδες 410",5,Δραχμαί,
1904,IMG_1477.jpeg,"Μυθιστορήματα, διηγήματα","Novels, short stories",,JULES DE GASTYNE,Jules de Gastyne,Μυστικὸν τοῦ καταδίκου,The Convict's Secret,"μετάφρασις Θ. Κ. Ὑπερείδου, 32ον, σελ. 550",10,Δραχμαί,
1904,IMG_1477.jpeg,"Μυθιστορήματα, διηγήματα","Novels, short stories",,Γ. ΠΡΕΔΕΛ,G. Predel,Μυστικὸν τοῦ σκελετοῦ,Secret of the Skeleton,"μετ' εἰκόνων, 4ον, σελ. 773",10,Δραχμαί,
1904,IMG_1477.jpeg,"Μυθιστορήματα, διηγήματα","Novels, short stories",,ΑΙΜ. ΖΟΛΑ,Émile Zola,Νανά,Nana,"έκδ. νέα, μετὰ 30 εἰκόνων, 8ον, σελίδες 550",15,Δραχμαί,
1904,IMG_1477.jpeg,"Μυθιστορήματα, διηγήματα","Novels, short stories",,Ανώνυμος,Anonymous,Ναξία Μαριάνθη,Marianthi of Naxos,σελίδες 144,2,Δραχμαί,
1904,IMG_1477.jpeg,"Μυθιστορήματα, διηγήματα","Novels, short stories",,ΣΑΤΩΜΠΡΙΑΝ,Chateaubriand,Νατσαῖοι,The Natchez,"μεταφρασθέντες ὑπὸ Κ. Ι. Δραγούμη, 8ον, σελίδες ε'-485",20,Δραχμαί,
1904,IMG_1477.jpeg,"Μυθιστορήματα, διηγήματα","Novels, short stories",,ANDRÉ GÉRARD,André Gérard,Νεκρὰ ζῶσα,The Living Dead Woman,"μετάφρ. Σ. Σπηλιοπούλου, 8ον, σ. 95",5,Δραχμαί,
1904,IMG_1477.jpeg,"Μυθιστορήματα, διηγήματα","Novels, short stories",,Χ. Ι. ΓΡΗΓΟΡΙΑΔΟΥ,Ch. I. Grigoriadou,Νεκραναστάσα νύμφη,Resurrected Bride,σελίδες 312,5,Δραχμαί,
1904,IMG_1477.jpeg,"Μυθιστορήματα, διηγήματα","Novels, short stories",,Mme GEURMANIE,Mme Geurmanie,Νέος ναύτης,Young Sailor,"διήγημα, μετάφρασις Ἰ. Σ. Τσιμπῆ καὶ Ἠ. Λιάκου, 8ον, σελίδες 185",5,Δραχμαί,
1904,IMG_1477.jpeg,"Μυθιστορήματα, διηγήματα","Novels, short stories",,P. ZACCONE,Pierre Zaccone,Νύκτες τοῦ βουλεβάρτου,Nights of the Boulevard,"τόμοι 2, 8ον, σελ. 448",9,Δραχμαί,
1904,IMG_1477.jpeg,"Μυθιστορήματα, διηγήματα","Novels, short stories",,Ε. Φ. ΠΕΤΡΙΔΟΥ,E. F. Petridou,Ὀδύσσεια τοῦ Ἀντωνίου,Anthony's Odyssey,"διήγημα ἠθικόν, μετάφρασις ἐκ τοῦ γαλλικοῦ, 8ον, σελ. 214",10,Δραχμαί,
1904,IMG_1477.jpeg,"Μυθιστορήματα, διηγήματα","Novels, short stories",,Π. ΦΕΒΑΛ,Paul Féval,Οἰκία Καρναβαλέτ,Carnavalet House,"8ον, σελίδες 110",5,Δραχμαί,
1904,IMG_1477.jpeg,"Μυθιστορήματα, διηγήματα","Novels, short stories",,J. SANTEAY,J. Santeay,Οἰκογένεια Περναβάν,The Pernavan Family,"8ον, σελίδες 101",5,Δραχμαί,
1904,IMG_1477.jpeg,"Μυθιστορήματα, διηγήματα","Novels, short stories",,ΜΑΡΙΑΣ Σ. ΝΙΚΟΛΑΪΔΟΥ,Maria S. Nikolaidou,Ὀλβία,Olvia,"ἠθικὸν διήγημα, ἐκ τοῦ γαλλικοῦ, 8ον, σελίδες 253",10,Δραχμαί,
1904,IMG_1477.jpeg,"Μυθιστορήματα, διηγήματα","Novels, short stories",,ΓΕΩΡΓ. Σ. ΦΡΑΓΚΟΥΔΗ,Georg. S. Fragkoudis,Ὄνειρα,Dreams,"σελίδες 302, χρυσόδετον",15,Δραχμαί,
1904,IMG_1477.jpeg,"Μυθιστορήματα, διηγήματα","Novels, short stories",,ΑΛ. ΔΟΥΜΑ,Alexandre Dumas,Ὀπαδοὶ τοῦ Ἰησοῦ,Followers of Jesus,"4ον, σελίδες 224",10,Δραχμαί,
1904,IMG_1477.jpeg,"Μυθιστορήματα, διηγήματα","Novels, short stories",,ΒΟΥΣΕΝΑΡ καὶ ΜΑΛΩΝ,Boussenard and Malon,Ὀρφανόν,The Orphan,"μετάφρ. Χρ. Δαραλέξη, 8ον, σελ. 428",12,Δραχμαί,
1904,IMG_1477.jpeg,"Μυθιστορήματα, διηγήματα","Novels, short stories",,ΑΛΕΞ. ΔΟΥΜΑ,Alexandre Dumas,Οὐγενότοι,The Huguenots,"σελίδες 586, δεδεμένον",20,Δραχμαί,
1904,IMG_1477.jpeg,"Μυθιστορήματα, διηγήματα","Novels, short stories",,ΦΛΑΜΑΡΙΩΝΟΣ,Camille Flammarion,Οὐράνια θαύματα,Celestial Wonders,"μετ' 80 εἰκονογραφιῶν, μετάφρασις Ἀ. Κωνσταντινίδου, σελ. 458",20,Δραχμαί,
1904,IMG_1477.jpeg,"Μυθιστορήματα, διηγήματα","Novels, short stories",,E. RICHEBOURG,Émile Richebourg,Παιδίον τῆς νεκρᾶς,The Dead Woman's Child,σελίδες 1088,15,Δραχμαί,
1904,IMG_1477.jpeg,"Μυθιστορήματα, διηγήματα","Novels, short stories",,ΠΩΛ ΔΕ ΚΟΚ,Paul de Kock,Παιδιὰ τῆς Μαρούλας,Maroula's Pranks,"κωμικὸν διήγημα, μετ' εἰκόνων, 8ον, σελίδες 48",1.20,Δραχμαί,
1904,IMG_1477.jpeg,"Μυθιστορήματα, διηγήματα","Novels, short stories",,Β. ΟΥΓΚΩ,Victor Hugo,Παναγία τῶν Παρισίων,The Hunchback of Notre-Dame (Our Lady of Paris),"μετ' εἰκόνων, τόμ. 2, 8ον, σ. 639",17,Δραχμαί,
1904,IMG_1477.jpeg,"Μυθιστορήματα, διηγήματα","Novels, short stories",,Ε. MEZZABOTTE,E. Mezzabotte,Πάπισσα Ἰωάννα,Pope Joan,"μετ' εἰκόνων, μετάφρασις Π. Πανᾶ, 8ον, σελίδες 720",18,Δραχμαί,
1904,IMG_1478.jpeg,"Μυθιστορήματα, διηγήματα","Novels, short stories",,ΕΜΜ. ΡΟΪΔΟΥ,Emmanuel Roidis,Πάπισσα Ἰωάννα,Pope Joan,"8ον, σελίδες 399+...",7.—,Δρχ.,
1904,IMG_1478.jpeg,"Μυθιστορήματα, διηγήματα","Novels, short stories",,M. PERRIN,M. Perrin,Παράπτωσης καὶ Μεταμέλεια,Transgression and Repentance,"8ον, σελίδες 340+...",10.—,Δρχ.,
1904,IMG_1478.jpeg,"Μυθιστορήματα, διηγήματα","Novels, short stories",,LOUIS ENAULT,Louis Enault,Παρθένος τοῦ Λιβάνου,The Virgin of Lebanon,"8ον, σελίδες 244+...",8.—,Δρχ.,μετάφρασις ὑπὸ Κ. Πληθωνίδου
1904,IMG_1478.jpeg,"Μυθιστορήματα, διηγήματα","Novels, short stories",,Ν. ΔΙΑΓΓΕΛΗ,N. Diaggelis,Πατροκτονία,Patricide,σελίδες 72+...,1.20,Δρχ.,
1904,IMG_1478.jpeg,"Μυθιστορήματα, διηγήματα","Novels, short stories",,ΑΛ. ΔΟΥΜΑ,Alexandre Dumas,Παυλίνα,Pauline,"8ον, σ. 178+",5.—,Δρχ.,
1904,IMG_1478.jpeg,"Μυθιστορήματα, διηγήματα","Novels, short stories",,Β. ΣΑΙΝ-ΠΙΕΡΡΟΥ,Bernardin de Saint-Pierre,Παῦλος καὶ Βιργινία,Paul and Virginie,"32ον, σελίδες 166+...",5.—,Δρχ.,
1904,IMG_1478.jpeg,"Μυθιστορήματα, διηγήματα","Novels, short stories",,ΕΔ. ΛΑΒΟΥΛΑΙΗ,Édouard René de Laboulaye,Παρίσιοι ἐν Ἀμερικῇ,Paris in America,"8ον, σελ. ζ'-484",20.—,Δρχ.,μετάφρασις Ν. Β. Καποδαΐνῃ καὶ Ν. Κ. Κυριακοῦ
1904,IMG_1478.jpeg,"Μυθιστορήματα, διηγήματα","Novels, short stories",,ΕΜ. ΓΟΝΖΑΛΕΣ,Emmanuel Gonzales,Πειραταί,Pirates,"4ον, σελίδες 477+....",10.—,Δρχ.,μετ' εἰκόνων
1904,IMG_1478.jpeg,"Μυθιστορήματα, διηγήματα","Novels, short stories",,ΙΟΥΛ. ΒΕΡΝ,Jules Verne,Πεντακόσια ἑκατομμύρια τῆς Βεγούμ,The Begum's Millions,"4ον, σελίδες 188+..........",12.20,Δρχ.,"κατὰ μετάφρασιν Ἀλεξ. Σκαλίδου, μετὰ 43 εἰκόνων"
1904,IMG_1478.jpeg,"Μυθιστορήματα, διηγήματα","Novels, short stories",,Ι. ΒΑΛΕΡΑ,Juan Valera,Πεπίτα Χιμενές,Pepita Ximenez,"32ον, σελίδες 384+..........",6.—,Δρχ.,
1904,IMG_1478.jpeg,"Μυθιστορήματα, διηγήματα","Novels, short stories",,ΑΛ. ΔΟΥΜΑ,Alexandre Dumas,Περιδέραιον τῆς βασιλίσσης,The Queen's Necklace,"4ον, σελίδες 740+..",15.—,Δρχ.,
1904,IMG_1478.jpeg,"Μυθιστορήματα, διηγήματα","Novels, short stories",,ΙΟΥΛΙΟΥ ΒΕΡΝ,Jules Verne,Περιοδεία τῆς γῆς εἰς 80 ἡμέρας,Around the World in Eighty Days,"8ον, σελίδες 318+..........",7.—,Δρχ.,κατὰ μετάφρασιν Χ. Γεωργιάδου
1904,IMG_1478.jpeg,"Μυθιστορήματα, διηγήματα","Novels, short stories",,Anonyme,Anonymous,Περιπέτειαι μιᾶς νεάνιδος,Adventures of a Young Woman,"8ον, σελ. 324+........",10.—,Δρχ.,ἐκ τοῦ γαλλικοῦ
1904,IMG_1478.jpeg,"Μυθιστορήματα, διηγήματα","Novels, short stories",,Θ. Λ. ΘΑΛΑΣΣΙΝΟΥ,Th. L. Thalassinos,Περιπέτειαι μιᾶς οἰκογενείας,Adventures of a Family,σελίδες 130+......,4.—,Δρχ.,
1904,IMG_1478.jpeg,"Μυθιστορήματα, διηγήματα","Novels, short stories",,Μ. ΓΟΝΖΑΛΕΣ,Emmanuel Gonzales,Περιπέτειαι στρατάρχου,Adventures of a Field Marshal,"8ον, σελίδες 239+....",5.—,Δρχ.,
1904,IMG_1478.jpeg,"Μυθιστορήματα, διηγήματα","Novels, short stories",,ΕΥΓ. ΣΥΗ,Eugène Sue,Περιπλανώμενος Ἰουδαῖος,The Wandering Jew,"μέγα 8ον, σ. 1600+",30.—,Δρχ.,μετ' εἰκόνων
1904,IMG_1478.jpeg,"Μυθιστορήματα, διηγήματα","Novels, short stories",,ΕΥΓ. ΣΥΗ,Eugène Sue,Περιπλανώμενος Ἰουδαῖος,The Wandering Jew,"8ον, σελίδες 1294+...",15.—,Δρχ.,
1904,IMG_1478.jpeg,"Μυθιστορήματα, διηγήματα","Novels, short stories",,Κ. ΔΕΛΥΣ,C. Dellys,Πέτρος καὶ ἡ κοιμωμένη ψυχή,Peter and the Sleeping Soul,"8ον, σελ. 130+...",4.—,Δρχ.,
1904,IMG_1478.jpeg,"Μυθιστορήματα, διηγήματα","Novels, short stories",,ΑΔΑΛΒΕΡΤΟΥ ΣΑΜΙΣΣΩ,Adelbert von Chamisso,Πέτρου Σλεμὶλ Θαυμαστὴ Ἱστορία,Peter Schlemihl's Remarkable Story,σελίδες 103+...............,5.—,Δρχ.,ἐκ τοῦ γερμανικοῦ
1904,IMG_1478.jpeg,"Μυθιστορήματα, διηγήματα","Novels, short stories",,ΣΚΡΙΒ,Eugène Scribe,Πικουΐλλος Ἀλλίαγας,Piquillo Alliaga,"8ον, σ. 1036+",12.—,Δρχ.,μετὰ πολλῶν εἰκόνων
1904,IMG_1478.jpeg,"Μυθιστορήματα, διηγήματα","Novels, short stories",,ΛΑΒΟΥΛΑΙΗ,Édouard René de Laboulaye,Πὶφ Πὰφ ἢ ἡ τέχνη τοῦ κυβερνᾶν τοὺς ἄνδρας,"Pif Paf, or the Art of Governing Men",σελίδες 64+........,3.—,Δρχ.,"διήγημα, ἐκ τοῦ γαλλικοῦ, ὑπὸ Ἀλεξ. Ἰ. Ὀλυμπίου"
1904,IMG_1478.jpeg,"Μυθιστορήματα, διηγήματα","Novels, short stories",,Π. ΣΩΝΙΕ,Paul Saunière,Πλοίαρχος Καλόβολος,Captain Good-Heart,"τόμοι 2, 16ον, σελίδες 599+...",10.—,Δρχ.,
1904,IMG_1478.jpeg,"Μυθιστορήματα, διηγήματα","Novels, short stories",,ΙΟΥΛΙΟΥ ΒΕΡΝ,Jules Verne,Πλοίαρχος Κορκοράν,Captain Corcoran,σελίδες 400+.......,7.—,Δρχ.,"μετ' εἰκόνων, μετάφρασις Δ. Ἀ. Σπαθιώτου"
1904,IMG_1478.jpeg,"Μυθιστορήματα, διηγήματα","Novels, short stories",,ΙΟΥΛ. ΒΕΡΝ,Jules Verne,Πλωτὴ πόλις,A Floating City,"8ον, σελίδες 197+...............",5.—,Δρχ.,
1904,IMG_1478.jpeg,"Μυθιστορήματα, διηγήματα","Novels, short stories",,A. GENEVAY,A. Genevay,Πολιορκία τῆς Φλωρεντίας,Siege of Florence,σελίδες 155+......,6.—,Δρχ.,"ἐκ τοῦ γαλλικοῦ, ὑπὸ Κ. Νεστορίδου"
1904,IMG_1478.jpeg,"Μυθιστορήματα, διηγήματα","Novels, short stories",,A. DAUDET,Alphonse Daudet,"Πὸρ Ταρασκόν, ἢ τὰ τελευταῖα ἔτη τοῦ Ταρταρίνου",Port Tarascon: The Last Adventures of the Illustrious Tartarin,σ. 290+,5.—,Δρχ.,
1904,IMG_1478.jpeg,"Μυθιστορήματα, διηγήματα","Novels, short stories",,A. GREVILLE,Henry Gréville,Πριγκίπισσα Ὀγερώφ,Princess Oghérof,σελίδες 298+.........,5.—,Δρχ.,
1904,IMG_1478.jpeg,"Μυθιστορήματα, διηγήματα","Novels, short stories",,Ι. ΚΑΡΝΤΟΖ,J. Cardoze,Προδότης,Traitor,"8ον, σελ. 960+........",15.—,Δρχ.,μετ' εἰκόνων
1904,IMG_1478.jpeg,"Μυθιστορήματα, διηγήματα","Novels, short stories",,Γ. Κ. ΥΠΕΡΕΙΔΟΥ,G. K. Hypereidis,Πύργος τοῦ Παπᾶ-Δανιήλ,Castle of Papa-Daniel,"8ον, σελ. 137+...",5.—,Δρχ.,
1904,IMG_1478.jpeg,"Μυθιστορήματα, διηγήματα","Novels, short stories",,ΜΑΧΝΤΑΓΚ,MacIntosh,Ῥαδιουργός (ἡ) ΛΟΥΑ,The Schemer Loua,"τόμοι 2, 8ον, σελίδες 1472+..........",25.—,Δρχ.,"μετάφρασις Ε. Δ. Παντελίδου, μετ' εἰκόνων"
1904,IMG_1478.jpeg,"Μυθιστορήματα, διηγήματα","Novels, short stories",,F. PYAT,Félix Pyat,Ῥακοσυλλέκτης τῶν Παρισίων,The Ragpicker of Paris,"μέγα 8ον, σελίδες 944+.......................",15.—,Δρχ.,μετ' εἰκόνων
1904,IMG_1478.jpeg,"Μυθιστορήματα, διηγήματα","Novels, short stories",,Samuel Johnson,Samuel Johnson,Ῥασσέλλας ὁ βασιλόπαις τῆς Ἀβυσσινίας,"Rasselas, Prince of Abyssinia","8ον, σελ. 111 +",5.—,Δρχ.,διήγημα
1904,IMG_1478.jpeg,"Μυθιστορήματα, διηγήματα","Novels, short stories",,ΕΔ. ΒΟΥΛΒΕΡ,Edward Bulwer-Lytton,"Ῥιένζης, ὁ τελευταῖος τῶν Ῥωμαίων δημάρχων","Rienzi, the Last of the Roman Tribunes","8ον, σελίδες 474 +",20.—,Δρχ.,μετάφρασις Ν. Δραγοῦμη
1904,IMG_1478.jpeg,"Μυθιστορήματα, διηγήματα","Novels, short stories",,Daniel Defoe,Daniel Defoe,Ῥοβινσὼν Κροῦσος ἐν τῇ νήσῳ αὐτοῦ,Robinson Crusoe on his Island,σελίδες 95+...,1.20,Δρχ.,διήγημα
1904,IMG_1478.jpeg,"Μυθιστορήματα, διηγήματα","Novels, short stories",,Σ. Ν. ΜΑΛΑΧΟΠΟΥΛΟΥ,S. N. Malachopoulos,Ῥόζα ἢ πρὸς τοὺς γονεῖς εὐσέβεια,"Rosa, or Piety towards Parents",σ. 102,5.—,Δρχ.,
1904,IMG_1478.jpeg,"Μυθιστορήματα, διηγήματα","Novels, short stories",,Christoph von Schmid,Christoph von Schmid,Ῥόζα τοῦ Τανανβούργου,Rosa of Tannenburg,"8ον, σελίδες 248+............",7.—,Δρχ.,
1904,IMG_1478.jpeg,"Μυθιστορήματα, διηγήματα","Novels, short stories",,PONSON DU TERRAIL,Ponson du Terrail,Ῥοκαμβὸλ ἀθλιότητες,Rocambole: Miseries,"τόμοι 2, 8ον, σ. 1264+",15.—,Δρχ.,
1904,IMG_1478.jpeg,"Μυθιστορήματα, διηγήματα","Novels, short stories",,PONSON DU TERRAIL,Ponson du Terrail,Ῥοκαμβὸλ Ἄθλοι,Rocambole: Exploits,"8ον, σελίδες 1359+...",20.—,Δρχ.,
1904,IMG_1479.jpeg,"Μυθιστορήματα, διηγήματα","Novels, short stories","Μικρὰ μυθιστορήματα, ἔκδοσις Βαλ. Γαβριηλίδου",PONSON DU TERRAIL,Ponson du Terrail,Ροκαμβὼλ νέοι ἆθλοι,Rocambole: New Feats,"8ον, σελίδες 456 +...",9.—,Δρχ.,
1904,IMG_1479.jpeg,"Μυθιστορήματα, διηγήματα","Novels, short stories","Μικρὰ μυθιστορήματα, ἔκδοσις Βαλ. Γαβριηλίδου",PONSON DU TERRAIL,Ponson du Terrail,"Ἀνάστασις, τόμ. 2","Resurrection, 2 vols.","8ον, σ. 1143 +",15.—,Δρχ.,
1904,IMG_1479.jpeg,"Μυθιστορήματα, διηγήματα","Novels, short stories","Μικρὰ μυθιστορήματα, ἔκδοσις Βαλ. Γαβριηλίδου",PONSON DU TERRAIL,Ponson du Terrail,"Δράματα τῶν Παρισίων, τόμοι 3","Dramas of Paris, 3 vols.","8ον, σελίδες 1545 +...",20.—,Δρχ.,
1904,IMG_1479.jpeg,"Μυθιστορήματα, διηγήματα","Novels, short stories","Μικρὰ μυθιστορήματα, ἔκδοσις Βαλ. Γαβριηλίδου",PONSON DU TERRAIL,Ponson du Terrail,Τὸ σχοινίον τοῦ ἀπηγχονισμένου,The Hanged Man's Rope,"8ον, σελίδες 708 +...",10.—,Δρχ.,
1904,IMG_1479.jpeg,"Μυθιστορήματα, διηγήματα","Novels, short stories","Μικρὰ μυθιστορήματα, ἔκδοσις Βαλ. Γαβριηλίδου",PONSON DU TERRAIL,Ponson du Terrail,"Τελευταία λέξις, τόμοι 2","Last Word, 2 vols.","8ον, σελίδες 703 +...",10.—,Δρχ.,
1904,IMG_1479.jpeg,"Μυθιστορήματα, διηγήματα","Novels, short stories","Μικρὰ μυθιστορήματα, ἔκδοσις Βαλ. Γαβριηλίδου",PONSON DU TERRAIL,Ponson du Terrail,"Κατεδάφισις τῶν Παρισίων, τόμοι 2","Demolition of Paris, 2 vols.","8ον, σελίδες 592 +....",10.—,Δρχ.,
1904,IMG_1479.jpeg,"Μυθιστορήματα, διηγήματα","Novels, short stories","Μικρὰ μυθιστορήματα, ἔκδοσις Βαλ. Γαβριηλίδου",PONSON DU TERRAIL,Ponson du Terrail,Ὡραία ἀνθοκόμος,The Beautiful Florist,"8ον, σ. 575 +",10.—,Δρχ.,
1904,IMG_1479.jpeg,"Μυθιστορήματα, διηγήματα","Novels, short stories","Μικρὰ μυθιστορήματα, ἔκδοσις Βαλ. Γαβριηλίδου",Ι. ΒΕΡΝ,Jules Verne,Ῥωβῦρος ὁ κατακτητής,Robur the Conqueror,"4ον, σελίδες 248 +...",12.20,Δρχ.,"κατὰ μετάφρασιν Π. Φέρμπου, μετὰ 45 εἰκόνων"
1904,IMG_1479.jpeg,"Μυθιστορήματα, διηγήματα","Novels, short stories","Μικρὰ μυθιστορήματα, ἔκδοσις Βαλ. Γαβριηλίδου",,,Ῥωμαντικαὶ Σκηναί,Romantic Scenes,"8ον, σελίδες 190 +",10.—,Δρχ.,συλλογὴ διηγημάτων
1904,IMG_1479.jpeg,"Μυθιστορήματα, διηγήματα","Novels, short stories","Μικρὰ μυθιστορήματα, ἔκδοσις Βαλ. Γαβριηλίδου",,,Σαῗφ Ζουλιαζάν,Saif Zul Yazan,σελίδες 517 +.......,6.—,Δρχ.,ἀραβικὸν μυθιστόρημα
1904,IMG_1479.jpeg,"Μυθιστορήματα, διηγήματα","Novels, short stories","Μικρὰ μυθιστορήματα, ἔκδοσις Βαλ. Γαβριηλίδου",ΑΛ. ΔΟΥΜΑΣ,Alexandre Dumas,"Σαλβατόρος, τόμοι 2","Salvator, 2 vols.",σελίδες 1536 +...,10.—,Δρχ.,
1904,IMG_1479.jpeg,"Μυθιστορήματα, διηγήματα","Novels, short stories","Μικρὰ μυθιστορήματα, ἔκδοσις Βαλ. Γαβριηλίδου",VICTOR CHERBULIEZ,Victor Cherbuliez,"Σαμουὴλ Βρὼλ καὶ Συντροφία, τόμ. 4","Samuel Brohl and Company, 4 vols.",σ. 551 +,15.—,Δρχ.,
1904,IMG_1479.jpeg,"Μυθιστορήματα, διηγήματα","Novels, short stories","Μικρὰ μυθιστορήματα, ἔκδοσις Βαλ. Γαβριηλίδου",ΙΟΥΛΙΟΣ ΒΕΡΝ,Jules Verne,Σανσελλώρ,The Chancellor,"4ον, σελίδες 191 +......",12.20,Δρχ.,"κατὰ μετάφρασιν Π. Ἰ. Φέρμπου, μετὰ 45 εἰκόνων"
1904,IMG_1479.jpeg,"Μυθιστορήματα, διηγήματα","Novels, short stories","Μικρὰ μυθιστορήματα, ἔκδοσις Βαλ. Γαβριηλίδου",G. OHNET,Georges Ohnet,Σέργιος Πανίνης,Serge Panine,σελίδες 312 +...,5.—,Δρχ.,
1904,IMG_1479.jpeg,"Μυθιστορήματα, διηγήματα","Novels, short stories","Μικρὰ μυθιστορήματα, ἔκδοσις Βαλ. Γαβριηλίδου",ΣΕΛΟΥΪΟΣ ΠΕΛΚΟΣ,Silvio Pellico,Τὰ ἐν τῇ φυλακῇ μου,My Prisons,"8ον, σελίδες 228 +...",8.—,Δρχ.,μετάφρασις Γ. Ι. Πατάκη
1904,IMG_1479.jpeg,"Μυθιστορήματα, διηγήματα","Novels, short stories","Μικρὰ μυθιστορήματα, ἔκδοσις Βαλ. Γαβριηλίδου",Κ. ΜΕΤΑΞΑΣ ΒΟΣΠΟΡΙΤΗΣ,K. Metaxas Vosporitis,"Σκηναὶ τῆς ἐρήμου, ἤθη Βεδουΐνων","Scenes of the Desert, Bedouin Customs",σ. 246 +,12.—,Δρχ.,
1904,IMG_1479.jpeg,"Μυθιστορήματα, διηγήματα","Novels, short stories","Μικρὰ μυθιστορήματα, ἔκδοσις Βαλ. Γαβριηλίδου",Α. Α. ΣΜΥΡΝΩΦ,A. A. Smirnov,Σκλήραινα,Skleraina,σελ. 160 +,9.—,Δρχ.,"διήγημα βυζαντιακῆς ὑποθέσεως, μετάφρασις Ἀ. Γ. Κωνσταντινίδου"
1904,IMG_1479.jpeg,"Μυθιστορήματα, διηγήματα","Novels, short stories","Μικρὰ μυθιστορήματα, ἔκδοσις Βαλ. Γαβριηλίδου",ALBERT DELPIT,Albert Delpit,Σκληροὶ ἔρωτες,Cruel Loves,σελίδες 83 +...,3.—,Δρχ.,
1904,IMG_1479.jpeg,"Μυθιστορήματα, διηγήματα","Novels, short stories","Μικρὰ μυθιστορήματα, ἔκδοσις Βαλ. Γαβριηλίδου",PENE ΔΕ ΠΟΝΖΕΣΤΕ,René de Pont-Jest,Σκότη τῆς ζωῆς,Darkness of Life,σελίδες 596 +........,7.—,Δρχ.,
1904,IMG_1479.jpeg,"Μυθιστορήματα, διηγήματα","Novels, short stories","Μικρὰ μυθιστορήματα, ἔκδοσις Βαλ. Γαβριηλίδου",ΓΡΕΒΙΛ,Henry Gréville,Σόνια,Sonia,σελίδες 310 +..,2.20,Δρχ.,
1904,IMG_1479.jpeg,"Μυθιστορήματα, διηγήματα","Novels, short stories","Μικρὰ μυθιστορήματα, ἔκδοσις Βαλ. Γαβριηλίδου",Α. Κ. ΓΕΩΡΓΙΑΔΗΣ,A. K. Georgiadis,Στάθης καὶ Μαρία,Stathis and Maria,"8ον, σ. 78 +",5.—,Δρχ.,διηγήματα
1904,IMG_1479.jpeg,"Μυθιστορήματα, διηγήματα","Novels, short stories","Μικρὰ μυθιστορήματα, ἔκδοσις Βαλ. Γαβριηλίδου",Η. ΒΕΡΘΕ,Élie Berthet,Σταυρὸς τῆς ἐνέδρας,Cross of the Ambush,"8ον, σελίδες 84 +...",5.—,Δρχ.,
1904,IMG_1479.jpeg,"Μυθιστορήματα, διηγήματα","Novels, short stories","Μικρὰ μυθιστορήματα, ἔκδοσις Βαλ. Γαβριηλίδου",P. ZACCONE,Pierre Zaccone,Ἐς τὸ Κάτεργο,To the Galleys,"8ον, σ. 766 +",15.—,Δρχ.,μετὰ 100 θαυμασίων εἰκόνων
1904,IMG_1479.jpeg,"Μυθιστορήματα, διηγήματα","Novels, short stories","Μικρὰ μυθιστορήματα, ἔκδοσις Βαλ. Γαβριηλίδου",,,"Στρατιωτικὴ ζωὴ ἐν Ἑλλάδι, τόμοι 2","Military Life in Greece, 2 vols.","8ον, σελίδες 357 +........",15.—,Δρχ.,χειρόγραφον ἕλληνος ὑπαξιωματικοῦ
1904,IMG_1479.jpeg,"Μυθιστορήματα, διηγήματα","Novels, short stories","Μικρὰ μυθιστορήματα, ἔκδοσις Βαλ. Γαβριηλίδου",J. MURY,J. Mury,Στρατιωτικὸν τάγμα,Military Battalion,"μέγα 8ον, σελίδες 310 +......",12.—,Δρχ.,
1904,IMG_1479.jpeg,"Μυθιστορήματα, διηγήματα","Novels, short stories","Μικρὰ μυθιστορήματα, ἔκδοσις Βαλ. Γαβριηλίδου",RICHEBOURG,Émile Richebourg,Σύζυγος,Wife,"8ον, σελίδες 842 +...",15.—,Δρχ.,
1904,IMG_1479.jpeg,"Μυθιστορήματα, διηγήματα","Novels, short stories","Μικρὰ μυθιστορήματα, ἔκδοσις Βαλ. Γαβριηλίδου",ΒΟΥΚΙΚΩΤ,Dion Boucicault,Συνοικίαι τοῦ Λονδίνου,Neighborhoods of London,"8ον, σελίδες 276 +......",8.20,Δρχ.,
1904,IMG_1479.jpeg,"Μυθιστορήματα, διηγήματα","Novels, short stories","Μικρὰ μυθιστορήματα, ἔκδοσις Βαλ. Γαβριηλίδου",ΑΛ. ΔΟΥΜΑΣ,Alexandre Dumas,Συνωμόται,The Conspirators,"8ον, σελίδες 566 +.......",10.—,Δρχ.,μετ' εἰκόνων
1904,IMG_1479.jpeg,"Μυθιστορήματα, διηγήματα","Novels, short stories","Μικρὰ μυθιστορήματα, ἔκδοσις Βαλ. Γαβριηλίδου",,,Σχολεῖον τῶν ντελικάτων ἐραστῶν,School for Delicate Lovers,"8ον, σελίδες 220 +......",10.—,Δρχ.,
1904,IMG_1479.jpeg,"Μυθιστορήματα, διηγήματα","Novels, short stories","Μικρὰ μυθιστορήματα, ἔκδοσις Βαλ. Γαβριηλίδου",Ι. ΒΕΡΝ,Jules Verne,Σχολὴ τῶν Ῥοβινσώνων,Godfrey Morgan / School for Robinsons,"4ον, σελίδες 206 +...",12.20,Δρχ.,"κατὰ μετάφρασιν Π. Φέρμπου, μετὰ 51 εἰκόνων"
1904,IMG_1479.jpeg,"Μυθιστορήματα, διηγήματα","Novels, short stories","Μικρὰ μυθιστορήματα, ἔκδοσις Βαλ. Γαβριηλίδου",AIM. ΖΟΛΑΣ,Émile Zola,Ταβέρνα (L' Assommoir),The Tavern (L'Assommoir),"8ον, σελίδες 546 +............",20.—,Δρχ.,μετάφρασις Χ. Νεοκλέους
1904,IMG_1479.jpeg,"Μυθιστορήματα, διηγήματα","Novels, short stories","Μικρὰ μυθιστορήματα, ἔκδοσις Βαλ. Γαβριηλίδου",Φ. Φαρμακόπουλος,F. Farmakopoulos,Τὰ κατὰ Πελίαν,The Tale of Pelias,"8ον, σελίδες 108 +...",7.20,Δρχ.,
1904,IMG_1479.jpeg,"Μυθιστορήματα, διηγήματα","Novels, short stories","Μικρὰ μυθιστορήματα, ἔκδοσις Βαλ. Γαβριηλίδου",ΚΩΣΤΗΣ ΝΕΑΠΟΛΙΤΗΣ,Kostis Neapolitis,Τὰ κορίτσια μας,Our Girls,"8ον, σ. 255 +",5.—,Δρχ.,μετ' εἰκόνων
1904,IMG_1479.jpeg,"Μυθιστορήματα, διηγήματα","Novels, short stories","Μικρὰ μυθιστορήματα, ἔκδοσις Βαλ. Γαβριηλίδου",A. DAUDET,Alphonse Daudet,Ταρταρῖνος ἐπὶ τῶν Ἄλπεων,Tartarin on the Alps,σελίδες 308 +...,6.—,Δρχ.,
1904,IMG_1479.jpeg,"Μυθιστορήματα, διηγήματα","Novels, short stories","Μικρὰ μυθιστορήματα, ἔκδοσις Βαλ. Γαβριηλίδου",A. DAUDET,Alphonse Daudet,Ταρταρῖνος ὁ ἐκ Ταρασκόνης,Tartarin of Tarascon,σελίδες 170 +...,5.—,Δρχ.,
1904,IMG_1479.jpeg,"Μυθιστορήματα, διηγήματα","Novels, short stories","Μικρὰ μυθιστορήματα, ἔκδοσις Βαλ. Γαβριηλίδου",A. DAUDET,Alphonse Daudet,Τὰ τελευταῖα τοῦ Ταρταρίνου,The Last Adventures of Tartarin,σελ. 275 +......,6.—,Δρχ.,
1904,IMG_1479.jpeg,"Μυθιστορήματα, διηγήματα","Novels, short stories","Μικρὰ μυθιστορήματα, ἔκδοσις Βαλ. Γαβριηλίδου",Ι. ΒΕΡΝ,Jules Verne,Τέκνα τοῦ πλοιάρχου Γκράντ,In Search of the Castaways / Children of Captain Grant,"μέγα 8ον, σ. 776 +",20.—,Δρχ.,μετὰ εἰκόνων
1904,IMG_1479.jpeg,"Μυθιστορήματα, διηγήματα","Novels, short stories","Μικρὰ μυθιστορήματα, ἔκδοσις Βαλ. Γαβριηλίδου",Α. MATHEY,A. Mathey,Τέκνον τοῦ ἐραστοῦ καὶ ἄνυμφος μήτηρ,The Lover's Child and Unwed Mother,"μικρὸν 8ον, σελίδες 751 +............",20.—,Δρχ.,
1904,IMG_1479.jpeg,"Μυθιστορήματα, διηγήματα","Novels, short stories","Μικρὰ μυθιστορήματα, ἔκδοσις Βαλ. Γαβριηλίδου",Β. ΟΥΓΓΩ,Victor Hugo,Τελευταία ἡμέρα καταδίκου,The Last Day of a Condemned Man,σελίδες 148 +........,3.20,Δρχ.,
1904,IMG_1479.jpeg,"Μυθιστορήματα, διηγήματα","Novels, short stories","Μικρὰ μυθιστορήματα, ἔκδοσις Βαλ. Γαβριηλίδου",Φ. Κοῦπερ,James Fenimore Cooper,Τελευταῖος τῶν Μοχικανῶν,The Last of the Mohicans,"8ον, σελίδες 218 +............",15.—,Δρχ.,"διήγημα κατὰ τὸ ἀγγλικὸν τοῦ Φ. Κοῦπερ, ὑπὸ Ε. Δ. ΑΛΕΞΑΚΗ, μετὰ ὀκτὼ εἰκόνων"
1904,IMG_1480.jpeg,"Μυθιστορήματα, διηγήματα","Novels, short stories",,Unspecified,,Τελευταῖος μαῦρος τῆς Γρενάδης,The Last Moor of Granada,σελίδες 63+,5.-,Δρ.,
1904,IMG_1480.jpeg,"Μυθιστορήματα, διηγήματα","Novels, short stories",,Ἠλ. Στ. Καπετανάκη,Ilias St. Kapetanakis,"Τερπνὰ διηγήματα, ἐκ τοῦ γαλλικοῦ","Delightful stories, from the French",σ. 252+,7.-,Δρ.,
1904,IMG_1480.jpeg,"Μυθιστορήματα, διηγήματα","Novels, short stories",,Unspecified,,Τίμιαι γυναῖκες,Honest Women,σελίδες 80+,3.20,Δρ.,
1904,IMG_1480.jpeg,"Μυθιστορήματα, διηγήματα","Novels, short stories",,Ἀλ. Δουμᾶ,Alexandre Dumas,Τρεῖς σωματοφύλακες,The Three Musketeers,"τόμοι 5, μετ' εἰκόνων, 8ον, σ. 880+",20.-,Δρ.,
1904,IMG_1480.jpeg,"Μυθιστορήματα, διηγήματα","Novels, short stories",,Ἀλ. Δουμᾶ,Alexandre Dumas,"Τρεῖς σωματοφύλακες, Μετὰ εἴκοσιν ἔτη καὶ Ὑποκόμης τῆς Βραζελόνης","The Three Musketeers, Twenty Years After, and The Vicomte de Bragelonne","μετ' εἰκόνων, 8ον, σ. 3176+",40.-,Δρ.,
1904,IMG_1480.jpeg,"Μυθιστορήματα, διηγήματα","Novels, short stories",,F. K. Guérard,F. K. Guérard,"Τρεῖς φίλοι, διήγημα","Three Friends, a story","8ον, σελίδες 98+",5.-,Δρ.,
1904,IMG_1480.jpeg,"Μυθιστορήματα, διηγήματα","Novels, short stories",,Πέτρου Μαέλ,Pierre Maël,"Τοpπιλλοβόλον, ναυτικὸν μυθιστόρημα","Torpedo Boat, a naval novel","8ον, σελ. 240+",10.-,Δρ.,Translated by Babis Anninos (μετάφρασις Μπάμπη Ἀννίνου)
1904,IMG_1480.jpeg,"Μυθιστορήματα, διηγήματα","Novels, short stories",,Μ. Π. Μηχανίδου,M. P. Mechanidou,"Τρομερὸν φάντασμα, διήγημα","Terrible Ghost, a story",σελίδες 43+,1.20,Δρ.,
1904,IMG_1480.jpeg,"Μυθιστορήματα, διηγήματα","Novels, short stories",,Ι. Σ. Τσίμπη,I. S. Tsimpis,"Τρόμος, τερπνὸν διήγημα","Terror, a delightful story","8ον, σελ. 16+",1.-,Δρ.,
1904,IMG_1480.jpeg,"Μυθιστορήματα, διηγήματα","Novels, short stories",,Ε. Καπανδού,E. Capandou,Τυμπανιστὴς τοῦ 32ου συντάγματος,The Drummer of the 32nd Regiment,"τόμοι 2, 8ον, σελίδες 1600+",15.-,Δρ.,
1904,IMG_1480.jpeg,"Μυθιστορήματα, διηγήματα","Novels, short stories",,Π. Φανφανη,Pietro Fanfani,Τυφλὸς τῆς Ἀσκόλης,The Blind Man of Ascoli,"8ον, σελίδες 354+",13.-,Δρ.,
1904,IMG_1480.jpeg,"Μυθιστορήματα, διηγήματα","Novels, short stories",,Ιουλ. Βέρν,Jules Verne,Τύχαι τριῶν Ῥώσσων καὶ τριῶν Ἀγγλων,Adventures of Three Russians and Three Englishmen,"μετὰ 53 εἰκόνων, 4ον, σελίδες 236+",12.20,Δρ.,Translated by A. Skalidos (κατὰ μετάφρασιν Ἀ. Σκαλίδου)
1904,IMG_1480.jpeg,"Μυθιστορήματα, διηγήματα","Novels, short stories",,Κ. Μωραϊτίνη,K. Moraitinis,Τύχη τῆς Μαρούλας καὶ ὁ Μπάρμπα Λινάρδος,The Luck of Maroula and Uncle Linardos,"μετ' εἰκόνων, σελίδες 784+",15.-,Δρ.,
1904,IMG_1480.jpeg,"Μυθιστορήματα, διηγήματα","Novels, short stories",,Victor Hugo,Victor Hugo,Υἱοί μου,My Sons,"8ον, σελίδες 23+",3.-,Δρ.,
1904,IMG_1480.jpeg,"Μυθιστορήματα, διηγήματα","Novels, short stories",,E. Richebourg,Émile Richebourg,Υἱός,Son,"τόμοι 2, 32ον, σ. 1218+",20.-,Δρ.,Translated by Z. Vasilaros (μετάφρασις Ζ. Βασιλάρου)
1904,IMG_1480.jpeg,"Μυθιστορήματα, διηγήματα","Novels, short stories",,Ἀλεξ. Δουμᾶ,Alexandre Dumas,Υἱὸς τοῦ Μοντεχρίστου,The Son of Monte Cristo,"8ον, σελ. 1369+",15.-,Δρ.,
1904,IMG_1480.jpeg,"Μυθιστορήματα, διηγήματα","Novels, short stories",,Ch. Kingsley,Charles Kingsley,"Ὑπατία, μυθιστορία","Hypatia, a novel","εἰς τεύχη δύο, σελίδες 438+",10.-,Δρ.,Translated by Em. S. Skoufos (μετάφρασις Ἑμ. Σ. Σκούφου)
1904,IMG_1480.jpeg,"Μυθιστορήματα, διηγήματα","Novels, short stories",,Ἀλ. Δουμᾶ,Alexandre Dumas,Ὑποκόμης τῆς Βραζελόννης,The Vicomte de Bragelonne,"τόμοι 12, μετ' εἰκόνων, 8ον, σελίδες 2407+",37.-,Δρ.,
1904,IMG_1480.jpeg,"Μυθιστορήματα, διηγήματα","Novels, short stories",,Κ. Μεταξᾶ Βοσπορίτου,K. Metaxas Vosporitis,Ὑπὸ τὴν σκιὰν τῶν φοινίκων,Under the Shade of the Palm Trees,σ. ιδ'—231+,15.-,Δρ.,
1904,IMG_1480.jpeg,"Μυθιστορήματα, διηγήματα","Novels, short stories",,Ἀ. Δελπή,A. Delpis,Φάσμα τοῦ παρελθόντος,Spectre of the Past,σελίδες 232+,5.-,Δρ.,
1904,IMG_1480.jpeg,"Μυθιστορήματα, διηγήματα","Novels, short stories",,Unspecified,,Φιλάργυρος καὶ θησαυρὸς αὐτοῦ,The Miser and His Treasure,"8ον, σελίδες 352+",6.-,Δρ.,
1904,IMG_1480.jpeg,"Μυθιστορήματα, διηγήματα","Novels, short stories",,Θ. Βαφειάδου,Th. Vafeiadis,Φιλάρεσκος,Coquettish,"8ον, σελίδες 184+",5.-,Δρ.,
1904,IMG_1480.jpeg,"Μυθιστορήματα, διηγήματα","Novels, short stories",,Sain Zoïp,Sain Zoïp,Φιλάσθενος,Valetudinarian,"32ον, σελίδες 504+",4.-,Δρ.,
1904,IMG_1480.jpeg,"Μυθιστορήματα, διηγήματα","Novels, short stories",,Ξ. Ραφοπούλου,X. Rafopoulou,"Φρικτὸν Λάθος, μυθιστόρημα","Horrible Mistake, a novel","32, σελίδες 141+",2.20,Δρ.,
1904,IMG_1480.jpeg,"Μυθιστορήματα, διηγήματα","Novels, short stories",,Σμιθ,Smith,Φρούριον Καρρόου,Carrow Castle,"8ον, σελίδες 142+",10.-,Δρ.,
1904,IMG_1480.jpeg,"Μυθιστορήματα, διηγήματα","Novels, short stories",,Ε. Γονζαλές,Emmanuel Gonzalès,Φύλακες τοῦ θησαυροῦ,Guardians of the Treasure,"8ον, σελίδες 230+",5.-,Δρ.,
1904,IMG_1480.jpeg,"Μυθιστορήματα, διηγήματα","Novels, short stories",,Χαρίτωνος Ἀφροδισιέως,Chariton of Aphrodisias,Χαιρέαν καὶ Καλλιρρόην Ἐρωτικῶν Διηγημάτων ὀκτώ,"Chaereas and Callirhoe, Eight Erotic Stories","8ον, σελίδες 135+",10.-,Δρ.,
1904,IMG_1480.jpeg,"Μυθιστορήματα, διηγήματα","Novels, short stories",,Unspecified,,"Χαλιμά, ἤτοι Ἀραβικὸν Μυθολογικόν","Chalima, or Arabian Mythology (Arabian Nights)","ἔκδ. Βενετίας, τόμοι 3, σ. 858+",6.-,Δρ.,Venice edition (ἔκδ. Βενετίας)
1904,IMG_1480.jpeg,"Μυθιστορήματα, διηγήματα","Novels, short stories",,Unspecified,,"Χαλιμά, ἤτοι Ἀραβικὸν Μυθολογικόν","Chalima, or Arabian Mythology (Arabian Nights)","μετ' εἰκόνων, ἔκδοσις Ἀθηνῶν. Τόμοι 3, 32ον, σελίδες 783+",5.-,Δρ.,Athens edition (ἔκδοσις Ἀθηνῶν)
1904,IMG_1480.jpeg,"Μυθιστορήματα, διηγήματα","Novels, short stories",,Βλ. Γαβριηλίδου,Vl. Gavriilidis,"Χαλιμά, ἤτοι Χίλιαι καὶ Μία Νύκτες","Chalima, or One Thousand and One Nights","οἰκογενειακὴ εἰκονογραφημένη, τόμ. 2, 8ον, σ. 1040+",20.-,Δρ.,Illustrated family edition
1904,IMG_1480.jpeg,"Μυθιστορήματα, διηγήματα","Novels, short stories",,Π. Σούτσου,Panagiotis Soutsos,Χαριτίνη,Charitini,σελίδες ϛ'—304+,6.-,Δρ.,
1904,IMG_1480.jpeg,"Μυθιστορήματα, διηγήματα","Novels, short stories",,Ερρ. Ἀζάρ,Err. Azar,Χαρτοπαίκτης,The Gambler,"μετ' εἰκόνων, τόμ. 2, μέγα 8ον, σ. 1424+",35.-,Δρ.,
1904,IMG_1480.jpeg,"Μυθιστορήματα, διηγήματα","Novels, short stories",,Oct. Feuillet,Octave Feuillet,Χήρα,The Widow,σελ. 131+,3.-,Δρ.,Translated by G. Lytzeropoulos (μετάφρ. Γ. Λυτζεροπούλου)
1904,IMG_1480.jpeg,"Μυθιστορήματα, διηγήματα","Novels, short stories",,A. Mathey,A. Mathey,Χιλιόφραγκον γραμμάτιον,The Thousand-Franc Note,"τόμοι 2, σελ. 728+",8.-,Δρ.,
1904,IMG_1480.jpeg,"Μυθιστορήματα, διηγήματα","Novels, short stories",,P. de Kock,Paul de Kock,Χονδροκέφαλος,The Blockhead,σελίδες 384+,7.-,Δρ.,
1904,IMG_1480.jpeg,"Μυθιστορήματα, διηγήματα","Novels, short stories",Ἐκλεκτὴ Βιβλιοθήκη,Λουδοβίκου Ἐνώλτ,Louis Énault,Χριστίνα,Christina,"τόμοι 3, σ. 333+",8.-,Δρ.,
1904,IMG_1480.jpeg,"Μυθιστορήματα, διηγήματα","Novels, short stories",,Louis Noir,Louis Noir,Χρυσόμαλλος πειρατής,Golden-haired Pirate,"8ον, σελίδες 697+",15.-,Δρ.,Translated by A. Petridou (μετάφρασις Ἀ. Πετρίδου)
1904,IMG_1481.jpeg,"Μυθιστορήματα, διηγήματα","Novels, short stories",,LE SAGE,Le Sage,"Χωλὸς Διάβολος καὶ αἱ βακτηρίαι του, ἤτοι, Κάτοπτρον τοῦ ἀνθρωπίνου βίου","The Lame Devil and His Crutches, or Mirror of Human Life","8ον, σελ. 260",8,Δρχ.,
1904,IMG_1481.jpeg,"Μυθιστορήματα, διηγήματα","Novels, short stories",,Ι. ΒΕΡΝ,Jules Verne,"Χῶραι τῶν Μηλωτῶν, ἢ ταξίδια εἰς τὰς βορείους παγωμένας θαλάσσας","The Fur Country, or Travels in the Frozen Northern Seas","8ον, σελίδες 493",8,Δρχ.,"μετάφρασις Χ. Γεωργιάδου, μετ' εἰκόνων"
1904,IMG_1481.jpeg,"Μυθιστορήματα, διηγήματα","Novels, short stories",,XAVIER DE MONTEPIN,Xavier de Montépin,Ὡραία Βοτανόπωλις,The Beautiful Flower Girl,"4ον, σελ. 610",20,Δρχ.,
1904,IMG_1481.jpeg,"Μυθιστορήματα, διηγήματα","Novels, short stories",,A. MAKE,Auguste Maquet,Ὡραία Γαβριέλλα,Beautiful Gabriella,"8ον, σελίδες 1264, τόμοι 2",20,Δρχ.,"μετάφρασις Ἀ. Γ. Σκαλίδου, μετ' εἰκόνων"
1904,IMG_1481.jpeg,"Μυθιστορήματα, διηγήματα","Novels, short stories",,Csse DASH,Comtesse Dash,Ὡραία Παρισιανή,Beautiful Parisian Woman,σελίδες 119,4,Δρχ.,μετάφρασις Ν. Ἑ. Μαρουλιάνου
1904,IMG_1481.jpeg,"Μυθιστορήματα, διηγήματα","Novels, short stories",,AJALBERT JEAN,Jean Ajalbert,La Revue indépendant,The Independent Review,,10,Δρχ.,
1904,IMG_1481.jpeg,"Μυθιστορήματα, διηγήματα","Novels, short stories",,BACHAUMONT,Louis Petit de Bachaumont,Les femmes du monde,Women of the World,,10,Δρχ.,
1904,IMG_1481.jpeg,"Μυθιστορήματα, διηγήματα","Novels, short stories",,BARRILLON G.,G. Barrillon,"Un drame en Amérique, II","A Drama in America, II",,10,Δρχ.,
1904,IMG_1481.jpeg,"Μυθιστορήματα, διηγήματα","Novels, short stories",,BAWR Mme DE,Madame de Bawr,Les soirées des jeunes personnes,Evenings for Young People,,5,Δρχ.,
1904,IMG_1481.jpeg,"Μυθιστορήματα, διηγήματα","Novels, short stories",,BRILLAT-SAVARIN,Jean Anthelme Brillat-Savarin,Physiologie du Goût,Physiology of Taste,,5,Δρχ.,
1904,IMG_1481.jpeg,"Μυθιστορήματα, διηγήματα","Novels, short stories",,CAPPENDU,Ernest Capendu,Le Tambour de la 32e,The Drummer of the 32nd,,12,Δρχ.,
1904,IMG_1481.jpeg,"Μυθιστορήματα, διηγήματα","Novels, short stories",,GAVARNI,Paul Gavarni,Le Diable à Paris. Volume I,The Devil in Paris. Volume I,,20,Δρχ.,
1904,IMG_1481.jpeg,"Μυθιστορήματα, διηγήματα","Novels, short stories",,GAVARNI,Paul Gavarni,Le Diable à Paris. Volume III,The Devil in Paris. Volume III,,20,Δρχ.,
1904,IMG_1481.jpeg,"Μυθιστορήματα, διηγήματα","Novels, short stories",,GAVARNI,Paul Gavarni,Le Diable à Paris. Volume IV,The Devil in Paris. Volume IV,,20,Δρχ.,
1904,IMG_1481.jpeg,"Μυθιστορήματα, διηγήματα","Novels, short stories",,GOLDSMITH,Oliver Goldsmith,Le Ministre de Wakefield,The Vicar of Wakefield,2 volumes,3,Δρχ.,
1904,IMG_1481.jpeg,"Μυθιστορήματα, διηγήματα","Novels, short stories",,MANÉ,Mané,Paris mystérieux,Mysterious Paris,,10,Δρχ.,
1904,IMG_1481.jpeg,"Μυθιστορήματα, διηγήματα","Novels, short stories",Bibliothèque pour rire,Unknown,Unknown,Physiologies Parisiennes,Parisian Physiologies,4ον,20,Δρχ.,
1904,IMG_1481.jpeg,"Μυθιστορήματα, διηγήματα","Novels, short stories",,RICHEBOURG EMILE,Émile Richebourg,Jean Loup,Jean Loup,,40,Δρχ.,illustré
1904,IMG_1482.jpeg,Διάφορα,Miscellaneous,,ΑΝΔΡΕΟΠΟΥΛΟΥ ΑΡΓ. Ν.,Andreopoulou Arg. N.,"Διδασκαλία τοῦ χοροῦ, θεωρητικὴ καὶ πρακτική, μετὰ πολλῶν ἐπεξηγηματικῶν σχημάτων","Teaching of Dance, theoretical and practical, with many explanatory figures","8ον, σελίδες 224+",15,Δρχ.,
1904,IMG_1482.jpeg,Διάφορα,Miscellaneous,,ANTONIADÈS J. T.,Antoniades J. T.,Catalogue descriptif de tous les Timpres-Poste Orientaux (1893),Descriptive Catalogue of all Oriental Postage Stamps (1893),"8ον, σελίδες 96",20,Δρχ.,
1904,IMG_1482.jpeg,Διάφορα,Miscellaneous,,ΑΝΤΩΝΙΟΥ Κ.,Antoniou K.,"Ὁδηγὸς τῶν νέων καὶ οἰκογενειῶν, ἤτοι διάλογοι περὶ ἐρεύνης τῆς οἰκογενειακῆς εὐδαιμονίας","Guide for Youth and Families, or dialogues on the search for family happiness",σελίδες 176 + +,5,Δρχ.,
1904,IMG_1482.jpeg,Διάφορα,Miscellaneous,,,,"᾿Απάντησις εἰς τὸν λόγον τοῦ κυρίου Σ. Καραθεοδωρῆ, μετάφρασις ἐκ τοῦ βουλγαρικοῦ","Reply to the speech of Mr. S. Karatheodori, translated from Bulgarian","8ον, σελ. 67 X ..",2,Δρχ.,
1904,IMG_1482.jpeg,Διάφορα,Miscellaneous,,,,᾿Αποκαλύψεις πανσλαβϊστικαί,Pan-Slavist Revelations,"8ον, σελίδες 62 + +",6,Δρχ.,
1904,IMG_1482.jpeg,Διάφορα,Miscellaneous,,ΑΣΚΛΗΠΙΑΔΟΥ Θ.,Asklepiadou Th.,Τὰ διὰ τῶν Βουλγάρων τεκταινόμενα,What is being plotted by the Bulgarians,σ. 98++,5,Δρχ.,
1904,IMG_1482.jpeg,Διάφορα,Miscellaneous,,ΒΑΣΙΛΑΡΟΥ ΖΑΝΟΥ,Vasilarou Zanou,Ἡ οἰκοδέσποινα,The Housewife,"8ον, σελίδες ζ΄—576",20,Δρχ.,
1904,IMG_1482.jpeg,Διάφορα,Miscellaneous,,ΒΕΡΝΑΡΔΑΚΗ Α. Ν.,Bernardaki A. N.,Περὶ πολυτελείας,On Luxury,"8ον, σελίδες 64 + +",5,Δρχ.,
1904,IMG_1482.jpeg,Διάφορα,Miscellaneous,,ΒΛΟΚ Σ.,Vlok S.,Τὰ νεώτερα ὅπλα καὶ ὁ πόλεμος τοῦ μέλλοντος,Modern weapons and the war of the future,"8ον, σ, 104++",5,Δρχ.,
1904,IMG_1482.jpeg,Διάφορα,Miscellaneous,,ΔΑΝΔΡΙΑ Λ. Β.,Dandria L. V.,"Ὁ Χορευτὴς εἰς τὴν αἴθουσαν, ἢ Ὁδηγὸς τελειοποιημένος τοῦ χοροῦ","The Dancer in the Ballroom, or Perfected Guide to Dance","32ον, σελ. 126",5,Δρχ.,
1904,IMG_1482.jpeg,Διάφορα,Miscellaneous,,ΔΑΣΑΡΗΤΟΥ ΗΛ.,Dasaritou Il.,Ὡρολόγα Δοκίμιον ὑποκριτικῆς,Horologa: Essay on Acting,"8ον, σελ. 86++",10,Δρχ.,
1904,IMG_1482.jpeg,Διάφορα,Miscellaneous,,ΔΕΠΑΣΤΑ Α.,Depasta A.,"᾿Ονειροκρίτης νεώτατος, ἢ πληρεστάτη καὶ ἀκριβεστάτη ἐξήγησις 1316 ὀνείρων, μετὰ φυσιολογίας χαρακτήρων καὶ κράσεων καὶ μετὰ Πυθίας","Newest Dream Book, or most complete and accurate explanation of 1316 dreams, with physiology of characters and temperaments and with Pythia","8ον, σελίδες 150+24",2,Δρχ.,
1904,IMG_1482.jpeg,Διάφορα,Miscellaneous,,DUNOIS A.,Dunois A.,Le Secrétaire Universel,The Universal Secretary,σελίδες 422 + +,10,Δρχ.,
1904,IMG_1482.jpeg,Διάφορα,Miscellaneous,,,,᾿Επιστολάριον ἐρωτικόν,Erotic Letter-Writer,σελίδες 64+31,2,Δρχ.,
1904,IMG_1482.jpeg,Διάφορα,Miscellaneous,,ΕΥΘΥΜΙΑΔΟΥ Ν.,Efthymiadou N.,Περὶ ἀναγνώσεως καὶ ἀπαγγελίας,On Reading and Recitation,σελ. 61,2.20,Δρχ.,
1904,IMG_1482.jpeg,Διάφορα,Miscellaneous,,,,"Εὐθύφρων, ἢ αὐτοσχέδιοι στοχασμοὶ περὶ γνησίου ἑλληνισμοῦ καὶ ὑπὲρ συμφιλιώσεως τῶν λαῶν τῆς ᾿Ανατολῆς","Euthyphron, or impromptu reflections on genuine Hellenism and in favor of reconciliation of the peoples of the East","8ον, σελίδες 36 + +",3,Δρχ.,
1904,IMG_1482.jpeg,Διάφορα,Miscellaneous,,GIRARDIN C.,Girardin C.,"Ἡ οἰκοδέσποινα, ἢ τὸ βιβλίον τῆς οἰκοκυρᾶς","The Housewife, or the book of the housekeeper","8ον, σελ 463 +",10,Δρχ.,
1904,IMG_1482.jpeg,Διάφορα,Miscellaneous,,GRANDE-CARTERET Richard,Grande-Carteret Richard,Wagner en caricature,Wagner in Caricature,,10,Δρχ.,
1904,IMG_1482.jpeg,Διάφορα,Miscellaneous,,ΖΕΡΒΑΤΗ ΠΕΡΑΚΗ Π.,Zervati Peraki P.,᾿Ανέκδοτα καὶ ἀποφθέγματα μεγάλων ἀνδρῶν. Τόμος Α΄,Anecdotes and Aphorisms of Great Men. Volume A,"8ον, σελίδες 90+ +",5,Δρχ.,
1904,IMG_1482.jpeg,Διάφορα,Miscellaneous,,ΖΥΓΟΥΡΑ Ξ. Δ.,Zygoura X. D.,"᾿Επιστολάριον γενικόν, θεωρητικὸν καὶ πρακτικόν, περιέχον ἐπιστολὰς καὶ ἀλληλογραφίας ἐπὶ παντοίων τοῦ βίου περιστάσεων μεθ' ἑρμηνειῶν καὶ ἐγγράφων, συμβολαίων, ἀναφορῶν κτλ.","General Letter-Writer, theoretical and practical, containing letters and correspondence on all life circumstances with explanations and documents, contracts, reports etc.","σ. 368, δεδεμένον",15,Δρχ.,
1904,IMG_1482.jpeg,Διάφορα,Miscellaneous,,ZIFFO Dr,Ziffo Dr,La Femme adultère,The Adulterous Woman,"32ον, pages 32 + +",2,Δρχ.,
1904,IMG_1482.jpeg,Διάφορα,Miscellaneous,,HOCQUART E.,Hocquart E.,Le Secrétaire de tout le monde,Everyone's Secretary,σελίδες 356 + +,10,Δρχ.,
1904,IMG_1482.jpeg,Διάφορα,Miscellaneous,,ΙΓΓΛΕΣΗ Γ. Η.,Inglesi G. I.,"Ἡ ἐν τῇ κοινωνίᾳ ἀναστροφή, ἢ ὁδηγὸς συμπεριφορᾶς","Social Intercourse, or guide to behavior",σ. 242,10,Δρχ.,
1904,IMG_1482.jpeg,Διάφορα,Miscellaneous,,ΙΩΑΝΝΙΔΟΥ Ι.,Ioannidou I.,Ἡ Γυνή,The Woman,"8ον, σ. 233",5,Δρχ.,
1904,IMG_1482.jpeg,Διάφορα,Miscellaneous,,JULIN DOCTEUR,Julin Docteur,Les caravanes d'un chirurgien d'aubulances,The Caravans of an Ambulance Surgeon,+ +,9,Δρχ.,
1904,IMG_1482.jpeg,Διάφορα,Miscellaneous,,JURANVILLE (Mlle),Juranville (Mlle),Le Savoir-faire et le Savoir-vivre,Know-How and Etiquette,+ +,10,Δρχ.,
1904,IMG_1482.jpeg,Διάφορα,Miscellaneous,,ΚΑΝΕΛΛΟΥ ΓΡ.,Kanellou Gr.,"᾿Εγκόλπιον τῶν νέων, ἢ Ὁμιλίαι ᾿Ι. Χάουστ","Youth Vade Mecum, or Speeches of J. Haust","8ον, σ. 120+",5,Δρχ.,
1904,IMG_1482.jpeg,Διάφορα,Miscellaneous,,ΚΑΣΔΟΝΗ Γ.,Kasdoni G.,"Παιγνιόχαρτα ἢ Παίγνια καὶ Πασιέντσαι, πρὸς διασκέδασιν τῶν οἰκογενειῶν","Playing Cards or Games and Solitaires, for family entertainment",σελίδες 96+,4,Δρχ.,
1904,IMG_1482.jpeg,Διάφορα,Miscellaneous,,ΚΑΣΔΟΝΗ Γ.,Kasdoni G.,"Τὸ βιβλίον τῆς Σφιγγός, κρυπτογραφία, παίγνια, προβλήματα, αἰνίγματα, γρῖφοι, ἀκροστιχίδες, λιπογράμματα","The Book of the Sphinx, cryptography, games, problems, riddles, charades, acrostics, lipograms",,,,Title cut off or unpriced at bottom of page
1904,IMG_1483.jpeg,Διάφορα,Miscellaneous,,ΚΑΣΔΟΝΗ Γ.,Kasdoni G.,"ἀριθμητικὰ καὶ γεωμετρικὰ παίγνια, κυβόλεξα, λογοπαίγνια","Arithmetic and geometric games, word cubes, word games",σελ. 154 +,8.20,Δρχ.,Continuation of title from previous page
1904,IMG_1483.jpeg,Διάφορα,Miscellaneous,,ΚΑΣΔΟΝΗ Γ.,Kasdoni G.,"Τὸ βιβλίον τῶν Συναναστροφῶν, τὰ παίγνια συναναστροφῶν, τὰ μυστήρια τῶν μάγων καὶ ταχυδακτυλουργῶν, τὰ θαυματουργὰ παιγνιδόχαρτα, παίγνια παντοῖα","The Book of Social Gatherings, parlour games, mysteries of magicians and conjurers, miraculous playing cards, all kinds of games",σελ. 208 +,8.20,Δρχ.,
1904,IMG_1483.jpeg,Διάφορα,Miscellaneous,,ΚΥΡΙΑΚΙΔΟΥ Γ. Ν.,Kyriakidou G. N.,Τὰ μυστήρια τοῦ συζυγικοῦ ἔρωτος,The Mysteries of Conjugal Love,"8ον, σ. 224 X",4,Δρχ.,
1904,IMG_1483.jpeg,Διάφορα,Miscellaneous,,ΚΩΝΣΤΑΝΤΙΝΙΔΟΥ ΑΝΑΣΤΑΣΙΟΥ,Konstantinidou Anastasiou,"Ὁ Καπνός, ἤτοι πραγματεία περὶ καπνοῦ καὶ τῶν ἀποτελεσμάτων αὐτοῦ","Tobacco, or a Treatise on Tobacco and its Effects",σελ. 77 + +,3,Δρχ.,
1904,IMG_1483.jpeg,Διάφορα,Miscellaneous,,ΚΩΝΣΤΑΝΤΙΝΙΔΟΥ ΑΝΕΣΤΗ,Konstantinidou Anesti,Νέον Ἐπιστολάριον,New Letter-Writer,"8ον, σελ. 144 +",2,Δρχ.,
1904,IMG_1483.jpeg,Διάφορα,Miscellaneous,,ΚΩΝΣΤΑΝΤΙΝΙΔΟΥ ΑΝΕΣΤΗ,Konstantinidou Anesti,"Ὀνειροκρίτης μέγας, μετὰ εἰκονογραφιῶν","Great Dream Interpretation Book, with illustrations","8ον, σελ. 144 +",3,Δρχ.,
1904,IMG_1483.jpeg,Διάφορα,Miscellaneous,,ΚΩΝΣΤΑΝΤΙΝΙΔΟΥ Γ.,Konstantinidou G.,Ὁμηρικὴ θεολογία,Homeric Theology,"8ον, σελ. κδ' - 264 +",20,Δρχ.,
1904,IMG_1483.jpeg,Διάφορα,Miscellaneous,,ΛΕΥΚΙΟΥ Π.,Lefkiou P.,Διατριβὴ περὶ ἐργασίας καὶ ἐργάτου,Dissertation on Labor and the Worker,"8ον, 114 X",6,Δρχ.,
1904,IMG_1483.jpeg,Διάφορα,Miscellaneous,,ΜΑΚΡΑΚΗ Α.,Makraki A.,Μασσονία,Freemasonry,"8ον, σ. 48 X",2,Δρχ.,
1904,IMG_1483.jpeg,Διάφορα,Miscellaneous,,ΜΑΚΡΑΚΗ Α.,Makraki A.,"Τὸ ἐθνοδόξαστον ἔθνος, ἤγουν ποῖον ἔργον δύναται νὰ μᾶς δοξάσῃ ὑπὲρ πάντα τῆς γῆς τὰ ἔθνη","The Nation-Glorified Nation, or What Work Can Glorify Us Above All Nations of the Earth","8ον, σ. 64 X",5,Δρχ.,
1904,IMG_1483.jpeg,Διάφορα,Miscellaneous,,ΜΑΝΟΥΣΟΥ ΕΛΕΝΗΣ,Manousou Elenis,Τὰ μυστήρια τοῦ Μπόσκου καὶ ἡ ἐξήγησις αὐτῶν,The Mysteries of Bosko and Their Explanation,σελίδες 128 +,3.20,Δρχ.,
1904,IMG_1483.jpeg,Διάφορα,Miscellaneous,,ΜΑΝΤΕΓΚΑΤΣΑ Π.,Mantegazza Paolo,Ἡ τέχνη τοῦ λαμβάνειν σύζυγον,The Art of Taking a Wife,σελ. 164 X,6,Δρχ.,
1904,IMG_1483.jpeg,Διάφορα,Miscellaneous,,ΜΑΝΩΛΗ Ι. Δ.,Manoli I. D.,"Οἰκογενειακὸν Ἐγκόλπιον, ἐμπεριέχον διάφορα γλυκύσματα, φαγητὰ καὶ συμβουλὰς διὰ τὰς ἐν τῇ οἰκίᾳ ἀνάγκας, ἔτι δὲ καὶ Ὁδηγὸν τοῦ Ἀϊδινίου τοῦ 1889","Family Manual, containing various desserts, dishes, and advice for household needs, plus a Guide to Aidin of 1889","8ον, σ. 107 + +",5,Δρχ.,
1904,IMG_1483.jpeg,Διάφορα,Miscellaneous,,MARKSMAN,Marksman,"Ὁ ἀλάνθαστος Κυνηγός, ἤτοι Ὁδηγὸς τοῦ κυνηγέτου, μετάφρασις Ἰ. Ἀ. Μοσχοννησίου","The Infallible Hunter, or Hunter's Guide, translation by I. A. Moschonnisiou","8ον, σελίδες ρμγ' - 198 +",12,Δρχ.,
1904,IMG_1483.jpeg,Διάφορα,Miscellaneous,,Ανώνυμος,Anonymous,"Μουσεῖον, ἤτοι ἱστορικὰ καὶ διάφορα","Museum, or Historical and Various Matters","8ον, σελίδες 128 X",6,Δρχ.,
1904,IMG_1483.jpeg,Διάφορα,Miscellaneous,,ΝΙΚΗΤΟΠΟΥΛΟΥ Μ. Π.,Nikitopoulou M. P.,Τέχνη τοῦ θηρᾷν,The Art of Hunting,"32ον, σελίδες 63 X",4,Δρχ.,
1904,IMG_1483.jpeg,Διάφορα,Miscellaneous,,ΝΙΚΟΛΑΟΥ ***,Nikolaou ***,Ὀρνιθοσκαλίσματα,Scribbles (Bird-Scratchings),"8ον, σελίδες 192 X",15,Δρχ.,
1904,IMG_1483.jpeg,Διάφορα,Miscellaneous,,ΞΕΝΟΥ ΣΤ. Θ.,Xenou St. Th.,"Ἡ παγκόσμιος ἔκθεσις ἐν Λονδίνῳ τῷ 1851, μετὰ εἰκόνων","The World Exhibition in London in 1851, with illustrations","4ον, σελίδες 187, δεδεμένον + +",40,Δρχ.,
1904,IMG_1483.jpeg,Διάφορα,Miscellaneous,,ΞΕΝΟΥ ΣΤ. Θ.,Xenou St. Th.,Ἡ πολύκροτος δίκη τοῦ Σὲρ Ῥότζερ Τίτμπορν,The Famous Trial of Sir Roger Tichborne,"32ον, σ 216 X",5,Δρχ.,
1904,IMG_1483.jpeg,Διάφορα,Miscellaneous,,Ανώνυμος,Anonymous,"Οἰκονομία τοῦ ἀνθρωπίνου βίου, ἤτοι κεφαλαιώδης ἠθικῶν συλλογὴ πρὸς τὸ εὐδαιμόνως ζῆν","Economy of Human Life, being a principal moral collection for living happily","32ον, σελ. 64 *",1,Δρχ.,
1904,IMG_1483.jpeg,Διάφορα,Miscellaneous,,ΟΙΚΟΝΟΜΙΔΟΥ Ν. Γ.,Oikonomidou N. G.,Κυνηγετικά,Hunting Matters,"8ον, σελίδες ϛ' - 370 +",18,Δρχ.,
1904,IMG_1483.jpeg,Διάφορα,Miscellaneous,,ΟΙΚΟΝΟΜΟΠΟΥΛΟΥ ΗΛ.,Oikonomopoulou Il.,Ὁ Γάμος ὑφ' ὅλας τὰς ἐπόψεις παρ' ὅλοις τοῦς λαοῖς καὶ καθ' ὅλας τὰς ἐποχάς,Marriage from All Perspectives Among All Peoples and Across All Eras,"8ον, σ 207 +",6,Δρχ.,
1904,IMG_1483.jpeg,Διάφορα,Miscellaneous,,ΟΙΚΟΝΟΜΟΥ Ι.,Oikonomou I.,Κάτοπτρον τῆς φιλαργυρίας,Mirror of Avarice,"8ον, σελ. δ' - 71 + +",2,Δρχ.,
1904,IMG_1483.jpeg,Διάφορα,Miscellaneous,,ΟΛΙΒΙΕ Λ.,Olivier L.,"Ἐγχειρίδιον ζατρικίου, ἐρανισθὲν ἐκ πάντων τῶν ἀρίστων","Handbook of Chess, collected from all the best sources",σελίδες η' - 112 + +,10,Δρχ.,
1904,IMG_1483.jpeg,Διάφορα,Miscellaneous,,ΟΜΗΡΟΛΟΥ Α.,Omirolou A.,Δοκίμιον ἐπιστολικῶν κανόνων,Essay on Epistolary Rules,"8ον, σ. η' - 305, δεδ + +",20,Δρχ.,
1904,IMG_1483.jpeg,Διάφορα,Miscellaneous,,ΟΜΗΡΟΛΟΥ Α.,Omirolou A.,"Ὀνειροκρίτης μέγας, ἤτοι πληρεστάτη καὶ ἀκριβεστάτη ἐξήγησις τῶν ὀνείρων μετὰ πολλῶν εἰκονογραφιῶν καὶ προσθήκης τῆς ὡροσκοπίας, χειρομαντείας, φυσιογνωμίας, ἀνθοδέσμης, νέας Πυθίας, τῶν εὐτυχῶν ἢ δυστυχῶν ἡμερῶν τῆς σελήνης κ. ἄ. π.","Great Dream Interpretation Book, being a most complete and accurate explanation of dreams with many illustrations and addition of astrology, palmistry, physiognomy, flower bouquet, new Pythia, auspicious or inauspicious moon days, etc.",σελίδες ϛ' - 208 + 16' + 80 + 11 *,4,Δρχ.,
1904,IMG_1483.jpeg,Διάφορα,Miscellaneous,,PAGE HENRI,Page Henri,Le Secrétaire Commercial,The Commercial Secretary,σελίδες 354 X,15,Δρχ.,
1904,IMG_1483.jpeg,Διάφορα,Miscellaneous,,ΠΑΝΤΑΖΙΔΟΥ ΧΡ. Γ.,Pantazidou Chr. G.,"Ἐγκόλπιον ἠθικοῦ βίου, πρακτικὰ μελετήματα περὶ καθηκόντων τοῦ ἀνθρώπου πρὸς κοινὴν χρῆσιν καὶ ὠφέλειαν","Manual of Moral Life, practical studies on human duties for common use and benefit",σελ. 171 + +,10,Δρχ.,
1904,IMG_1483.jpeg,Διάφορα,Miscellaneous,,ΠΑΠΑΓΕΩΡΓΙΟΥ Γ.,Papageorgiou G.,Ἀναγνώσματα καὶ Λόγοι,Readings and Speeches,"8ον, σελίδες 143 + +",5,Δρχ.,
1904,IMG_1483.jpeg,Διάφορα,Miscellaneous,,ΠΑΠΑΔΟΥΚΑ Κ.,Papadouka K.,Ἐγχειρίδιον ὠφελίμων τινῶν γνώσεων διὰ τοῦς ἀπείρους,Handbook of Useful Knowledge for the Inexperienced,"8ον, σελίδες 28 X",7,Δρχ.,
1904,IMG_1483.jpeg,Διάφορα,Miscellaneous,,ΠΑΡΑΣΚΕΥΟΠΟΥΛΟΥ Θ.,Paraskevopoulou Th.,"Φιλικὴ ἀνθοδέσμη, ἤτοι λόγοι περιφιλίας","Friendly Bouquet, or speeches on friendship","8ον, σ. 192 X",3,Δρχ.,
1904,IMG_1483.jpeg,Διάφορα,Miscellaneous,,ΠΙΓΓΑ ΗΡ.,Pigga Ir.,Τελειότατος ὁδηγὸς χοροῦ,Most Complete Guide to Dancing,σελίδες 210 +,15,Δρχ.,
1904,IMG_1484.jpeg,Διάφορα,Miscellaneous,,ΠΡΟΚΟΥ Α. Α.,Prokou A. A.,"Ἀνθοδέσμη, ἤτοι Συλλογὴ διαφόρων διηγημάτων, ποιημάτων, γνωμικῶν, ἀναλέκτων καὶ ποικίλων ἠθικῶν κλπ.","Bouquet of Flowers, or Collection of various short stories, poems, maxims, analects and various moral texts, etc.","σελίδες 172, χαρτόδετον X",7.20,Δρ.,
1904,IMG_1484.jpeg,Διάφορα,Miscellaneous,,Ανώνυμος,Anonymous,"Πυθία νέα, ἤτοι μαντεῖον τῆς τύχης, δι' οὗ πᾶσα συναναστροφὴ δύναται νὰ διασκεδάζῃ, μετὰ προσθήκης Ἀνθοδέσμης","New Pythia, or fortune-telling oracle, through which any social gathering can entertain itself, with the addition of Bouquet of Flowers",σελ. 16 + 80 + 11 ,2.20,Δρ.,Features a pointing hand symbol in original text
1904,IMG_1484.jpeg,Διάφορα,Miscellaneous,,Ανώνυμος,Anonymous,"Πῶς νὰ εἶναι κἀνεὶς εὐτυχής, ἂν καὶ πανδρεμένος, ὑπὸ ἑνὸς διδάκτορος τοῦ πανεπιστημίου τοῦ γάμου","How to be happy, even if married, by a doctor of the university of marriage",σ. 330+,10.—,Δρ.,
1904,IMG_1484.jpeg,Διάφορα,Miscellaneous,,ΣΑΜΑΡΤΣΙΔΟΥ Χ. Σ.,Samartsidou Ch. S.,"Ἡ βουλγαρικὴ ἐξαρχία καὶ ὁ Φάρος τοῦ Βοσπόρου, ἤτοι Πρακτικὰ τῆς ἐν τῇ Ὑψ. Πύλῃ διεξαχθείσης τὸν Ὀκτώβριον τοῦ 1872 δίκης τοῦ Φάρος τοῦ Βοσπόρου κλπ.","The Bulgarian Exarchate and the Lighthouse of the Bosphorus, or Proceedings of the trial of the Lighthouse of the Bosphorus conducted at the Sublime Porte in October 1872, etc.","8ον, σ. 136++",5.—,Δρ.,
1904,IMG_1484.jpeg,Διάφορα,Miscellaneous,,SÉGUR Cte DE,Segur Cte de,"Pensées, Maximes, Réflexions","Thoughts, Maxims, Reflections","32ον, δεδεμένον + +",10.—,Δρ.,
1904,IMG_1484.jpeg,Διάφορα,Miscellaneous,,ΣΚΟΚΟΥ Κ. Φ.,Skokou K. F.,Κοινωνιολογία. Σελίδες ἐκ τοῦ καθ' ἑκάστην βίου,Sociology. Pages from everyday life,"μέγα 8ον, σελίδες 78 +",7.—,Δρ.,
1904,IMG_1484.jpeg,Διάφορα,Miscellaneous,,ΣΠΗΛΙΩΤΟΠΟΥΛΟΥ ΑΝΤ. Θ.,Spiliotopoulou Ant. Th.,Ὀλυμπιακοὶ ἀγῶνες. Ἡ γυμναστικὴ διὰ μέσου τῶν αἰώνων,Olympic Games. Gymnastics through the ages,σελίδες 139 +,9.—,Δρ.,
1904,IMG_1484.jpeg,Διάφορα,Miscellaneous,,ΣΩΤΗΡΟΠΟΥΛΟΥ Σ.,Sotiropoulou S.,Τριάκοντα ἓξ ἡμερῶν αἰχμαλωσία καὶ συμβίωσις μετὰ λῃστῶν,Thirty-six days of captivity and cohabitation with bandits,"8ον, σελίδες 198 X",4.—,Δρ.,
1904,IMG_1484.jpeg,Διάφορα,Miscellaneous,,VIEL CH.,Viel Ch.,Nouveau Code du chasseur,New Code of the Hunter,"32ον, σελίδες 120 X",6.—,Δρ.,
1904,IMG_1484.jpeg,Διάφορα,Miscellaneous,,ΦΑΡΔΥ Ν. Β.,Fardou N. V.,Συμβουλαὶ πρὸς τὰς μητέρας,Advice to mothers,σελίδες 220 X,7.—,Δρ.,
1904,IMG_1484.jpeg,Διάφορα,Miscellaneous,,ΦΑΡΣΗ Β.,Farsi V.,"Ὁ ταραξισύλλογος, ἤτοι πραγματεία περὶ Χριστιανισμοῦ καὶ Ἑλληνισμοῦ","The disturber, or treatise on Christianity and Hellenism","8ον, σελίδες 63 X",2.—,Δρ.,
1904,IMG_1484.jpeg,Διάφορα,Miscellaneous,,ΦΕΞΗ Α. Δ.,Fexi A. D.,"Ὀνειροκρίτης Νεώτατος μέγας καὶ ἀληθής, κατὰ τὸν Ἰταλὸν Γουσταῦον Παζίνην, μετ' εἰκόνων","The Newest Great and True Dream-Interpretation Book, according to the Italian Gustavo Pasini, with illustrations","μέγα 8ον, σελίδες δ' - 765 +",12.—,Δρ.,
1904,IMG_1484.jpeg,Διάφορα,Miscellaneous,,ΦΕΡΜΠΟΥ Π.,Fermpou P.,Ὁδηγὸς ἑλληνοπρεποῦς συμπεριφορᾶς,Guide to Greek-appropriate conduct,"32ον, σ. 96 + +",3.—,Δρ.,
1904,IMG_1484.jpeg,Διάφορα,Miscellaneous,,ΦΕΡΜΠΟΥ Π. Ι. καὶ ΣΟΥΡΜΕΛΗ Δ.,Fermpou P. I. and Sourmeli D.,"Ἐπιστολογραφική, ἤτοι ὁδηγίαι πρὸς ἐκμάθησιν τῆς ἐπιστολογραφίας μετὰ ὑποδειγμάτων ἐπιστολῶν καὶ παντοίων ἐγγράφων","Epistolary, or instructions for learning letter-writing with sample letters and various documents","8ον, σελίδες 248 +",7.20,Δρ.,
1904,IMG_1484.jpeg,Διάφορα,Miscellaneous,,Ανώνυμος,Anonymous,"Φύρδην Μίγδην, ἤτοι Συλλογὴ ἐκλεκτῶν καὶ τερπνῶν τεμαχίων","Hodgepodge, or Collection of select and delightful pieces",σ. 208 X,4.—,Δρ.,
1904,IMG_1484.jpeg,Διάφορα,Miscellaneous,,Ανώνυμος,Anonymous,Φύρδην Μίγδην,Hodgepodge,σελίδες 128 + +,3.—,Δρ.,
1904,IMG_1484.jpeg,Διάφορα,Miscellaneous,,Ανώνυμος,Anonymous,Φωνὴ τῶν Ἀνθέων,Voice of the Flowers,σελ. 144 X,5.—,Δρ.,
1904,IMG_1484.jpeg,Διάφορα,Miscellaneous,,ΧΟΥΜΗ Α. Κ.,Choumi A. K.,Ὁ Καβοὺρ δηλητηριαζόμενος,Cavour poisoned,σελίδες 36 + +,2.—,Δρ.,
1904,IMG_1484.jpeg,Διάφορα,Miscellaneous,,ΧΟΥΡΜΟΥΖΗ Μ.,Chourmouzi M.,Παρωδικὴ μικρογραφία μυθιστορημάτων,Parodic miniature of novels,σελίδες 63 X,5.—,Δρ.,
1904,IMG_1484.jpeg,Διάφορα,Miscellaneous,,ΧΡΥΣΟΓΕΛΟΥ Ι.,Chrysogelou I.,Ὁδηγὸς τοῦ ποδηλάτου,Bicycle Guide,σελίδες 128 X,4.—,Δρ.,
1904,IMG_1484.jpeg,Διάφορα,Miscellaneous,,ΧΡΥΣΟΣΠΑΘΗ ΗΛΙΑ,Chrysospathi Ilia,"Αὐτοδίδακτος διδασκαλία τοῦ χοροῦ, ἤτοι τελειότατος ὁδηγὸς πρὸς ἐκμάθησιν ὅλων τῶν εὐρωπαϊκῶν χορῶν πρακτικῶς τε καὶ θεωρητικῶς","Self-taught dance instruction, or most perfect guide to learning all European dances practically and theoretically","8ον, σελ. η' - 208 +",5.—,Δρ.,
1904,IMG_1485.jpeg,ΘΡΗΣΚΕΥΤΙΚΑ,Religious Books,ΒΙΒΛΙΑ ΤΟΥ ΛΑΟΥ,Κ. Δαπόντες,K. Daponte,"Ἅγια Πάθη καὶ ἡ Λαμπροφόρος Ἀνάστασις τοῦ Κυρίου καὶ Θεοῦ καὶ Σωτῆρος ἡμῶν Ἰησοῦ Χριστοῦ, συγγραφέντα πάλαι διὰ στίχων ἁπλῶν, ὑπὸ Κ. Δαπόντε, αὖθις ἐκδίδονται τῇ προσθήκῃ τοῦ περὶ Χριστοῦ καταδικαστικοῦ ψηφίσματος τοῦ Ποντίου Πιλάτου",Holy Passions and the Radiant Resurrection of Our Lord and God and Savior Jesus Christ...,σελίδες 48,1.—,Δρχ.,
1904,IMG_1485.jpeg,ΘΡΗΣΚΕΥΤΙΚΑ,Religious Books,ΒΙΒΛΙΑ ΤΟΥ ΛΑΟΥ,Ανώνυμος,Anonymous,"Ἄθλησις τῆς ἁγίας Μεγαλομάρτυρος Μαρίνης, ἑορταζομένης τὴν 17 Ἰουλίου","Martyrdom of Saint Great Martyr Marina, celebrated on July 17",σελίδες 16,0.10,Δρχ.,
1904,IMG_1485.jpeg,ΘΡΗΣΚΕΥΤΙΚΑ,Religious Books,ΒΙΒΛΙΑ ΤΟΥ ΛΑΟΥ,Ανώνυμος,Anonymous,Ἀκολουθία ἀσματικὴ τοῦ ἁγίου νεομάρτυρος Παντελεήμονος,Choral Service of the Holy Neomartyr Panteleimon,"8ον, σελίδες 39",2.—,Δρχ.,
1904,IMG_1485.jpeg,ΘΡΗΣΚΕΥΤΙΚΑ,Religious Books,ΒΙΒΛΙΑ ΤΟΥ ΛΑΟΥ,Ανώνυμος,Anonymous,"Ἀκολουθία καὶ βίος τοῦ ἁγίου ἐνδόξου ἱερομάρτυρος Μοδέστου, ἀρχιεπισκόπου Ἱεροσολύμων τοῦ θαυματουργοῦ","Service and Life of the Holy Glorious Hieromartyr Modestos, Archbishop of Jerusalem the Wonderworker","8ον, σελίδες 32",1.—,Δρχ.,
1904,IMG_1485.jpeg,ΘΡΗΣΚΕΥΤΙΚΑ,Religious Books,ΒΙΒΛΙΑ ΤΟΥ ΛΑΟΥ,Ανώνυμος,Anonymous,Ἀκολουθία καὶ βίος τοῦ ἁγίου ἐνδόξου ὁσιομάρτυρος Εὐθυμίου τοῦ νέου τοῦ ἐκ Δημητσάνης,Service and Life of the Holy Glorious Venerable Martyr Euthymios the New of Dimitsana,"8ον, σ. 65",5.—,Δρχ.,
1904,IMG_1485.jpeg,ΘΡΗΣΚΕΥΤΙΚΑ,Religious Books,ΒΙΒΛΙΑ ΤΟΥ ΛΑΟΥ,Ανώνυμος,Anonymous,Ἀκολουθία καὶ βίος τοῦ ἐν ἁγίοις ὁσίου καὶ θεοφόρου πατρὸς ἡμῶν Στυλιανοῦ τοῦ Παφλαγόνος,"Service and Life of Our Saintly, Venerable and God-bearing Father Stylianos of Paphlagonia","8ον, σ. 24",2.—,Δρχ.,
1904,IMG_1485.jpeg,ΘΡΗΣΚΕΥΤΙΚΑ,Religious Books,ΒΙΒΛΙΑ ΤΟΥ ΛΑΟΥ,Γ. Βουτέρης,G. Vouteris,Ἀκολουθία καὶ βίος τῶν ἁγίων ἐνδόξων μαρτύρων τοῦ Χριστοῦ Τιμοθέου καὶ Μαύρας καὶ τοῦ ἐν ἁγίοις πατρὸς ἡμῶν Πέτρου τοῦ θαυματουργοῦ ἀρχιεπισκόπου Ἄργους καὶ Ναυπλίου,"Service and Life of the Holy Glorious Martyrs of Christ Timotheos and Maura and of Our Father among the Saints Peter the Wonderworker, Archbishop of Argos and Nauplio","μέγα 8ον, σ. 32",2.—,Δρχ.,
1904,IMG_1485.jpeg,ΘΡΗΣΚΕΥΤΙΚΑ,Religious Books,ΒΙΒΛΙΑ ΤΟΥ ΛΑΟΥ,Ανώνυμος,Anonymous,Ἀκολουθία τῆς θείας Μεταλήψεως,Service of Holy Communion,"32ον, σελίδες 59",1.—,Δρχ.,
1904,IMG_1485.jpeg,ΘΡΗΣΚΕΥΤΙΚΑ,Religious Books,ΒΙΒΛΙΑ ΤΟΥ ΛΑΟΥ,Ανώνυμος,Anonymous,Ἀκολουθία τῆς Κυριακῆς τοῦ Πάσχα καὶ τῆς Δευτέρας Ἀναστάσεως,Service of Easter Sunday and the Second Resurrection,σελίδες 15,0.10,Δρχ.,
1904,IMG_1485.jpeg,ΘΡΗΣΚΕΥΤΙΚΑ,Religious Books,ΒΙΒΛΙΑ ΤΟΥ ΛΑΟΥ,Ανώνυμος,Anonymous,Ἀκολουθία τοῦ ἁγίου καὶ ἐνδόξου μεγαλομάρτυρος Ἀποστόλου τοῦ Νέου τοῦ ἐξ Ἁγίου Λαυρεντίου τοῦ Βώλου,Service of the Holy and Glorious Great Martyr Apostolos the New of Agios Lavrentios of Volos,"8ον, σελίδες 26",1.20,Δρχ.,
1904,IMG_1485.jpeg,ΘΡΗΣΚΕΥΤΙΚΑ,Religious Books,ΒΙΒΛΙΑ ΤΟΥ ΛΑΟΥ,Ανώνυμος,Anonymous,"Ἀκολουθία τοῦ Ἀκαθίστου Ὕμνου, τῆς Ὑπεραγίας Θεοτόκου",Service of the Akathist Hymn to the Most Holy Theotokos,"8ον, σελίδες 32",1.—,Δρχ.,
1904,IMG_1485.jpeg,ΘΡΗΣΚΕΥΤΙΚΑ,Religious Books,ΒΙΒΛΙΑ ΤΟΥ ΛΑΟΥ,Ανώνυμος,Anonymous,Ἀκολουθία τοῦ Εὐαγγελισμοῦ τῆς Θεοτόκου καὶ ἀειπαρθένου Μαρίας,Service of the Annunciation of the Theotokos and Ever-Virgin Mary,"8ον, σελίδες 32",1.—,Δρχ.,
1904,IMG_1485.jpeg,ΘΡΗΣΚΕΥΤΙΚΑ,Religious Books,ΒΙΒΛΙΑ ΤΟΥ ΛΑΟΥ,Ανώνυμος,Anonymous,Ἀκολουθία τοῦ μεγάλου ἁγιασμοῦ τῶν Θεοφανείων,Service of the Great Blessing of Waters of Theophany,"8ον, σελίδες 16",1.—,Δρχ.,
1904,IMG_1485.jpeg,ΘΡΗΣΚΕΥΤΙΚΑ,Religious Books,ΒΙΒΛΙΑ ΤΟΥ ΛΑΟΥ,Ανώνυμος,Anonymous,Ἀποκάλυψις τῆς Ὑπεραγίας Θεοτόκου,Apocalypse of the Most Holy Theotokos,σελίδες 16,0.10,Δρχ.,
1904,IMG_1485.jpeg,ΘΡΗΣΚΕΥΤΙΚΑ,Religious Books,Βιβλιοθήκη Χριστιανικὴ τοῦ Λαοῦ,Ανώνυμος,Anonymous,Ἀποκάλυψις τῆς Ὑπεραγίας Θεοτόκου,Apocalypse of the Most Holy Theotokos,σελίδες 15,0.10,Δρχ.,Published under 'Βιβλιοθήκη Χριστιανικὴ τοῦ Λαοῦ'
1904,IMG_1485.jpeg,ΘΡΗΣΚΕΥΤΙΚΑ,Religious Books,Βιβλιοθήκη Χριστιανικὴ τοῦ Λαοῦ,Ανώνυμος,Anonymous,Ἐπιστολὴ τοῦ Κυρίου ἡμῶν Ἰησοῦ Χριστοῦ,Letter of Our Lord Jesus Christ,σελίδες 15,0.10,Δρχ.,
1904,IMG_1485.jpeg,ΘΡΗΣΚΕΥΤΙΚΑ,Religious Books,Βιβλιοθήκη Χριστιανικὴ τοῦ Λαοῦ,Ανώνυμος,Anonymous,Εὐχὴ τῆς Ὑπεραγίας Θεοτόκου,Prayer of the Most Holy Theotokos,σελίδες 8,0.10,Δρχ.,
1904,IMG_1485.jpeg,ΘΡΗΣΚΕΥΤΙΚΑ,Religious Books,Βιβλιοθήκη Χριστιανικὴ τοῦ Λαοῦ,Ανώνυμος,Anonymous,Βίος καὶ Πολιτεία τοῦ ἁγίου Ἀθανασίου,Life and Conduct of Saint Athanasios,σελίδες 16,0.10,Δρχ.,
1904,IMG_1485.jpeg,ΘΡΗΣΚΕΥΤΙΚΑ,Religious Books,Βιβλιοθήκη Χριστιανικὴ τοῦ Λαοῦ,Ανώνυμος,Anonymous,Βίος καὶ Πολιτεία τῆς ἁγίας Αἰκατερίνης,Life and Conduct of Saint Catherine,σελίδες 32,0.20,Δρχ.,
1904,IMG_1485.jpeg,ΘΡΗΣΚΕΥΤΙΚΑ,Religious Books,Βιβλιοθήκη Χριστιανικὴ τοῦ Λαοῦ,Ανώνυμος,Anonymous,Βίος καὶ Πολιτεία τοῦ ἁγίου Ἀναστασίου τοῦ Πέρσου,Life and Conduct of Saint Anastasios the Persian,σελίδες 16,0.10,Δρχ.,
1904,IMG_1485.jpeg,ΘΡΗΣΚΕΥΤΙΚΑ,Religious Books,Βιβλιοθήκη Χριστιανικὴ τοῦ Λαοῦ,Ανώνυμος,Anonymous,Βίος καὶ Πολιτεία τοῦ ἁγίου Ἀνδρέου τοῦ Πρωτοκλήτου,Life and Conduct of Saint Andrew the First-Called,σ. 32,0.20,Δρχ.,
1904,IMG_1485.jpeg,ΘΡΗΣΚΕΥΤΙΚΑ,Religious Books,Βιβλιοθήκη Χριστιανικὴ τοῦ Λαοῦ,Ανώνυμος,Anonymous,Βίος καὶ Πολιτεία τοῦ ἁγίου Ἀντωνίου τοῦ Μεγάλου,Life and Conduct of Saint Anthony the Great,σελ. 29,0.20,Δρχ.,
1904,IMG_1486.jpeg,ΘΡΗΣΚΕΥΤΙΚΑ,Religious Books,Βιβλία τοῦ λαοῦ,Ανώνυμος,Anonymous,Βίος καὶ Πολιτεία τοῦ ἁγίου Βασιλείου τοῦ Μεγάλου,Life and Conduct of Saint Basil the Great,σελίδες 32,0.20,Δραχμαί,
1904,IMG_1486.jpeg,ΘΡΗΣΚΕΥΤΙΚΑ,Religious Books,Βιβλία τοῦ λαοῦ,Ανώνυμος,Anonymous,Βίος καὶ Πολιτεία τοῦ ἁγίου μεγαλομάρτυρος Γεωργίου,Life and Conduct of the Holy Great Martyr George,σελ. 31,0.20,Δραχμαί,
1904,IMG_1486.jpeg,ΘΡΗΣΚΕΥΤΙΚΑ,Religious Books,Βιβλία τοῦ λαοῦ,Ανώνυμος,Anonymous,Βίος καὶ Πολιτεία τοῦ ἁγίου ΔημΗτρίου τοῦ Μυροβλήτου,Life and Conduct of Saint Demetrius the Myroblyte,σ. 32,0.20,Δραχμαί,
1904,IMG_1486.jpeg,ΘΡΗΣΚΕΥΤΙΚΑ,Religious Books,Βιβλία τοῦ λαοῦ,Ανώνυμος,Anonymous,Βίος καὶ Πολιτεία τῶν ἁγίων ἑπτὰ Παίδων τῶν ἐν Ἐφέσῳ κοιμηθέντων,Life and Conduct of the Holy Seven Children who slept in Ephesus,σελίδες 16,0.10,Δραχμαί,
1904,IMG_1486.jpeg,ΘΡΗΣΚΕΥΤΙΚΑ,Religious Books,Βιβλία τοῦ λαοῦ,Ανώνυμος,Anonymous,Βίος καὶ Πολιτεία τῶν ἁγίων Κοσμᾶ καὶ Δαμιανοῦ,Life and Conduct of Saints Cosmas and Damian,σελίδες 16,0.10,Δραχμαί,
1904,IMG_1486.jpeg,ΘΡΗΣΚΕΥΤΙΚΑ,Religious Books,Βιβλία τοῦ λαοῦ,Ανώνυμος,Anonymous,Βίος καὶ Πολιτεία τοῦ ἁγίου Τρύφωνος,Life and Conduct of Saint Tryphon,σελίδες 16,0.10,Δραχμαί,
1904,IMG_1486.jpeg,ΘΡΗΣΚΕΥΤΙΚΑ,Religious Books,Βιβλία τοῦ λαοῦ,Ανώνυμος,Anonymous,Βίος καὶ Πολιτεία τοῦ ἁγίου Χαραλάμπους,Life and Conduct of Saint Charalambos,σελίδες 16,0.10,Δραχμαί,
1904,IMG_1486.jpeg,ΘΡΗΣΚΕΥΤΙΚΑ,Religious Books,Βιβλία τοῦ λαοῦ,Ἀγάπιος Μοναχός,Agapios Monachos,"Βιβλίον καλούμενον Κυριακοδρόμιον, ἤγουν Διδαχαὶ καὶ Ὁμιλίαι εἰς τὰς Κυριακὰς ὅλου τοῦ ἐνιαυτοῦ, συλλεχθεῖσαι παρὰ Ἀγαπίου Μοναχοῦ","Book called Kyriakodromion, i.e., Teachings and Sermons for the Sundays of the Whole Year, collected by Agapios the Monk","4ον, σελίδες 295, ἔκδ. Βενετίας, χαρτόδ. ++",20.—,Δραχμαί,
1904,IMG_1486.jpeg,ΘΡΗΣΚΕΥΤΙΚΑ,Religious Books,Βιβλία τοῦ λαοῦ,Νικόδημος Ἁγιορείτης,Nicodemus the Hagiorite,"Βιβλίον ψυχωφελέστατον καλούμενον Ἀόρατος Πόλεμος, συντεθὲν μὲν πρὶν παρά τινος σοφοῦ ἀνδρός, τελειοποιηθὲν δὲ καὶ διορθωθὲν παρὰ τοῦ ὁσιωτάτου ἐν μοναχοῖς Νικοδήμου","Most Soul-Profiting Book Called Unseen Warfare, Composed Formerly by a Wise Man, Completed and Corrected by the Most Venerable among Monks Nicodemus","4ον, σελίδες 192, ἔκδ. Βενετίας ++",15.—,Δραχμαί,
1904,IMG_1486.jpeg,ΘΡΗΣΚΕΥΤΙΚΑ,Religious Books,Βιβλία τοῦ λαοῦ,Νικόδημος Ἁγιορείτης,Nicodemus the Hagiorite,"Βιβλίον ψυχωφελέστατον καλούμενον Ἀόρατος Πόλεμος, συντεθὲν μὲν παρά τινος σοφοῦ, καλλωπισθὲν δὲ καὶ διορθωθὲν παρὰ τοῦ ὁσιωτάτου Κυρίου Νικοδήμου, ἐν ᾧ προσετέθησαν παρὰ τοῦ αὐτοῦ καὶ Εὐχαὶ εἰς τὸν Κύριον ἡμῶν Ἰησοῦν Χριστὸν κατανυκτικαὶ καὶ ὡραῖαι","Most Soul-Profiting Book Called Unseen Warfare, Composed Formerly by a Wise Man, Embellished and Corrected by the Most Venerable Nicodemus, to which were added Prayers to our Lord Jesus Christ","8ον, σελίδες 224+",9.—,Δραχμαί,
1904,IMG_1486.jpeg,ΘΡΗΣΚΕΥΤΙΚΑ,Religious Books,Βιβλία τοῦ λαοῦ,Ἀγάπιος Μοναχός,Agapios Monachos,"Βιβλίον ὡραιότατον καλούμενον Ἁμαρτωλῶν Σωτηρία, συντεθὲν εἰς κοινὴν τῶν Γραικῶν διάλεκτον παρὰ Ἀγαπίου Μοναχοῦ","Most Beautiful Book Called Salvation of Sinners, Composed in the Common Language of the Greeks by Agapios Monachos","4ον, σελ. 358, ἔκδ. Βενετίας, χαρτόδετον ++",18.—,Δραχμαί,
1904,IMG_1486.jpeg,ΘΡΗΣΚΕΥΤΙΚΑ,Religious Books,Βιβλία τοῦ λαοῦ,Ἀγάπιος Μοναχός,Agapios Monachos,Ἁμαρτωλῶν Σωτηρία (Τὸ αὐτὸ ἔκδ. Ἀθηνῶν),"Salvation of Sinners (The same, Athens edition)","2ον, σελίδες 384 +",9.—,Δραχμαί,
1904,IMG_1486.jpeg,ΘΡΗΣΚΕΥΤΙΚΑ,Religious Books,Βιβλία τοῦ λαοῦ,Ανώνυμος,Anonymous,"Βίοι ἁγίων [Αἰκατερίνης, Ἀνδρέου τοῦ ἀποστόλου, Ἀντωνίου τοῦ μεγάλου, Βασιλείου τοῦ μεγάλου, Γεωργίου τοῦ τροπαιφόρου, ΔημΗτρίου τοῦ μεγαλομάρτυρος, Εὐσταθίου τοῦ Πλακίδα καὶ Ἐλευθερίου, Θεοδώρων Τήρωνος καὶ Στρατηλάτου, Ἰωάννου τοῦ Καλυβίτου, Νικολάου τοῦ θαυματουργοῦ, Πέτρου καὶ Παύλου, Χαραλάμπους καὶ Τρύφωνος]","Lives of Saints (Catherine, Andrew the Apostle, Anthony the Great, Basil the Great, George the Trophy-bearer, Demetrius the Great Martyr, Eustathius Plakidas and Eleutherios, the Theodores Tyron and Stratelates, John the Hut-dweller, Nicholas the Wonderworker, Peter and Paul, Charalambos and Tryphon)",Ἕκαστον φυλλάδιον ἐκ σ. 32,0.20,Δραχμαί,Price is per pamphlet
1904,IMG_1486.jpeg,ΘΡΗΣΚΕΥΤΙΚΑ,Religious Books,Βιβλία τοῦ λαοῦ,Ανώνυμος,Anonymous,"Βίοι ἁγίων [Ἀθανασίου τοῦ μεγάλου, Ἀλεξίου, Ἀναστασίας, Ἀναστασίου τοῦ Πέρσου, Ἀποστόλου τοῦ νέου, Βαρβάρας, Ἐλευθερίου, Ἑπτὰ παίδων, Εὐθυμίου τοῦ Μεγάλου, Εὐσταθίου, Εὐσταθίου τοῦ νέου, Ἡλιοῦ τοῦ προφήτου, Ἰγνατίου, Ἰωάννου τοῦ Δαμασκηνοῦ, Ἰωάννου τοῦ Καλυβίτου, Ἰωσὴφ τοῦ Παγκάλου, Κοσμᾶ καὶ Δαμιανοῦ τῶν Ἀναργύρων, Κυριακῆς, Κωνσταντίνου καὶ Ἑλένης, Μαρίας τῆς Αἰγυπτίας, Μαρίας τῆς ὁσίας, Μαρίνης, Ματθαίου τοῦ Εὐαγγελιστοῦ, Ματρώνης τῆς ὁσίας, Νικολάου τοῦ θαυματουργοῦ, Ξένης τῆς ὁσίας, Ὀνουφρίου τοῦ Αἰγυπτίου, Παντελεήμονος, Παρασκευῆς, Σαμψὼν τοῦ Ξενοδόχου, Τρύφωνος, Φωτεινῆς, Χαραλάμπους]","Lives of Saints (Athanasius the Great, Alexios, Anastasia, Anastasios the Persian, Apostolos the New, Barbara, Eleutherios, Seven Children, Euthymios the Great, Eustathius, Eustathius the New, Elijah the Prophet, Ignatius, John of Damascus, John the Hut-dweller, Joseph the All-Comely, Cosmas and Damian the Unmercenaries, Kyriaki, Constantine and Helen, Mary of Egypt, Mary the Venerable, Marina, Matthew the Evangelist, Matrona the Venerable, Nicholas the Wonderworker, Xene the Venerable, Onuphrius the Egyptian, Panteleimon, Paraskevi, Sampson the Innkeeper, Tryphon, Photini, Charalambos)",Ἕκαστον φυλλάδιον ἐκ σ. 16,0.10,Δραχμαί,Price is per pamphlet
1904,IMG_1486.jpeg,ΘΡΗΣΚΕΥΤΙΚΑ,Religious Books,Βιβλία τοῦ λαοῦ,Θ. ΚΥΡΙΑΚΙΔΗΣ,Th. Kyriakidis,Βίος Θεοδώρου τοῦ Στουδίτου τοῦ Ὁμολογητοῦ,Life of Theodore the Studite the Confessor,σελίδες 20 ++,1.20,Δραχμαί,
1904,IMG_1486.jpeg,ΘΡΗΣΚΕΥΤΙΚΑ,Religious Books,Βιβλία τοῦ λαοῦ,Ν. ΓΕΩΡΓΙΑΔΗΣ,N. Georgiadis,Βίος καὶ ἀκολουθία τοῦ ἁγίου ἐνδόξου καὶ μεγαλομάρτυρος Φανουρίου τοῦ Νεοφανοῦς,Life and Service of the Holy Glorious and Great Martyr Phanourios the Newly Revealed,"8ον, σελίδες 16 *",0.10,Δραχμαί,
1904,IMG_1486.jpeg,ΘΡΗΣΚΕΥΤΙΚΑ,Religious Books,Βιβλία τοῦ λαοῦ,Ι. ΛΕΥΚΟΠΟΥΛΟΣ,I. Lefkopoulos,Βίος καὶ θαύματα ἁγίου Φανουρίου τοῦ Νεοφανοῦς,Life and Miracles of Saint Phanourios the Newly Revealed,"8ον, σελίδες 110 +",2.—,Δραχμαί,
1904,IMG_1486.jpeg,ΘΡΗΣΚΕΥΤΙΚΑ,Religious Books,Βιβλία τοῦ λαοῦ,ΗΛΙΑΣ Ι. ΟΙΚΟΝΟΜΟΠΟΥΛΟΣ,Elias I. Oikonomopoulos,Βίος τοῦ Ἰησοῦ Χριστοῦ ἐπὶ τῇ βάσει τῆς Καινῆς Διαθήκης,Life of Jesus Christ Based on the New Testament,"32ον, σελίδες 80+",2.—,Δραχμαί,
1904,IMG_1486.jpeg,ΘΡΗΣΚΕΥΤΙΚΑ,Religious Books,Βιβλία τοῦ λαοῦ,ΗΛΙΑΣ ΜΑΝΙΑΤΗΣ,Elias Maniatis,Διδαχαὶ εἰς τὴν Ἁγίαν καὶ Μεγάλην Τεσσαρακοστὴν καὶ εἰς ἄλλας Κυριακὰς τοῦ ἐνιαυτοῦ καὶ ἐπισήμους ἑορτὰς μετὰ καί τινων πανηγυρικῶν λόγων,Teachings for Holy and Great Lent and for Other Sundays of the Year and Official Feasts with Certain Panegyric Sermons,4ον,,Δραχμαί,Bottom of page cut off
1904,IMG_1487.jpeg,ΘΡΗΣΚΕΥΤΙΚΑ,Religious Books,Βιβλία τοῦ λαοῦ,Σολομῶν,Solomon,Διήγησις Σολομῶντος,Account of Solomon,"32ον, σ. 32 *",0.20,Δρχ.,
1904,IMG_1487.jpeg,ΘΡΗΣΚΕΥΤΙΚΑ,Religious Books,Βιβλία τοῦ λαοῦ,Κ. Χρηστίδης,K. Christidis,"Εἰκονογραφημένον Ἑορτολόγιον, ἤτοι Συλλογὴ ἐξ ἱερῶν πηγῶν τῶν ἑορτῶν καὶ ἑρμηνεῖαι αὐτῶν καὶ συντόμου βιογραφίας τῶν ἑορταζομένων ἁγίων μετὰ τῶν τροπαρίων καὶ τῶν καταλλήλων εἰκόνων","Illustrated Menologion, or Collection from Sacred Sources of the Feasts and their Interpretations and Short Biographies of Celebrated Saints...",σ. 34X,6.—,Δρχ.,
1904,IMG_1487.jpeg,ΘΡΗΣΚΕΥΤΙΚΑ,Religious Books,Βιβλία τοῦ λαοῦ,Μελέτιος Καλλονᾶς,Meletios Kallonas,"Εἴκοσι τέσσαρες Οἶκοι τῆς Ὑπεραγίας Δεσποίνης ἡμῶν Θεοτόκου καὶ Ἀειπαρθένου Μαρίας, εἰς τὴν ἁπλῆν γλῶσσαν παραφραστικῶς μετενεχθέντες παρὰ τοῦ ἐν Ἱερομονάχοις Μελετίου Καλλονᾶ","Twenty-Four Stanzas to Our Most Holy Lady Theotokos and Ever-Virgin Mary, Paraphrased into Simple Language...","32ον, σ. 104, Βενετίας++",1.20,Δρχ.,
1904,IMG_1487.jpeg,ΘΡΗΣΚΕΥΤΙΚΑ,Religious Books,Βιβλία τοῦ λαοῦ,—,—,Εἴκοσι τέσσαρες Οἶκοι τῆς Θεοτόκου,Twenty-Four Stanzas to the Theotokos,"32ον, σελίδες 15 *",0.20,Δρχ.,
1904,IMG_1487.jpeg,ΘΡΗΣΚΕΥΤΙΚΑ,Religious Books,Βιβλία τοῦ λαοῦ,—,—,"Ἐξήγησις τῆς θείας καὶ ἱερᾶς Λειτουργίας εἰς ἁπλῆν φράσιν, πάνυ ὠφέλιμος καὶ συντομωτάτη","Explanation of the Divine and Sacred Liturgy in Simple Language, Very Beneficial and Concise","32ον, σ. 48++",3.—,Δρχ.,
1904,IMG_1487.jpeg,ΘΡΗΣΚΕΥΤΙΚΑ,Religious Books,Βιβλία τοῦ λαοῦ,—,—,Ἐπιτάφιος Θρῆνος,Lamentations at the Tomb (Epitaphios Threnos),σελ. 32 *,0.20,Δρχ.,
1904,IMG_1487.jpeg,ΘΡΗΣΚΕΥΤΙΚΑ,Religious Books,Βιβλία τοῦ λαοῦ,Δαμασκηνὸς Στουδίτης,Damaskinos Studites,"Θησαυρὸς Δαμασκηνοῦ, μετὰ προσθήκης ἑτέρων ἑπτὰ λόγων ψυχωφελεστάτων καὶ ἐξηγήσεως τοῦ «Πάτερ ἡμῶν», έκδ. Βενετίας","Treasure of Damaskinos, with the Addition of Seven Other Soul-Profiting Sermons and Explanation of the 'Our Father', Venice Edition","4ον, σ. 432, χαρτόδ. ++",20.—,Δρχ.,
1904,IMG_1487.jpeg,ΘΡΗΣΚΕΥΤΙΚΑ,Religious Books,Βιβλία τοῦ λαοῦ,Δαμασκηνὸς Θεσσαλονικεύς,Damaskinos of Thessalonica,"Θησαυρὸς Δαμασκηνοῦ τοῦ Θεσσαλονικέως μετὰ προσθήκης, ἐν τῷ τέλει ἑτέρων ἑπτὰ λόγων ψυχωφελεστάτων καὶ ἐξηγήσεως τοῦ «Πάτερ ἡμῶν», νεωστὶ μετατυπωθεὶς καὶ ἐπιμελῶς διορθωθεὶς πρὸς ψυχικὴν τῶν Ὀρθοδόξων ὠφέλειαν μετὰ προσθήκης πολλῶν εἰκόνων","Treasure of Damaskinos of Thessalonica, with Addition at the End of Seven Other Soul-Profiting Sermons...","4ον, σελίδες 435, έκδ. Ἀθηνῶν +",10.—,Δρχ.,
1904,IMG_1487.jpeg,ΘΡΗΣΚΕΥΤΙΚΑ,Religious Books,Βιβλία τοῦ λαοῦ,Δαμασκηνὸς Θεσσαλονικεύς,Damaskinos of Thessalonica,Θησαυρὸς Δαμασκηνοῦ τοῦ Θεσσαλονικέως (Τὸ αὐτὸ δεδεμένον),"Treasure of Damaskinos of Thessalonica (The same, bound)",+,15.—,Δρχ.,
1904,IMG_1487.jpeg,ΘΡΗΣΚΕΥΤΙΚΑ,Religious Books,Βιβλία τοῦ λαοῦ,Α. Γεωργίου,A. Georgiou,"Θύρα τῆς Μετανοίας, ἤτοι Βίβλος κατανυκτικὴ καὶ ψυχωφελεστάτη, περιέχουσα τὰ τέσσαρα ἔσχατα τοῦ ἀνθρώπου, Θάνατον, Κρίσιν, Ἅδην καὶ Παράδεισον, έκδ. Α. ΓΕΩΡΓΙΟΥ","Door of Repentance, or Soul-Profiting Book Containing the Four Last Things of Man: Death, Judgment, Hell, and Paradise","8ον, σελ. 253 +",10.—,Δρχ.,
1904,IMG_1487.jpeg,ΘΡΗΣΚΕΥΤΙΚΑ,Religious Books,Βιβλία τοῦ λαοῦ,Α. Γεωργίου,A. Georgiou,Θύρα τῆς Μετανοίας (Τὸ αὐτὸ δεδεμένον),"Door of Repentance (The same, bound)",+,15.—,Δρχ.,
1904,IMG_1487.jpeg,ΘΡΗΣΚΕΥΤΙΚΑ,Religious Books,Βιβλία τοῦ λαοῦ,Ν. Κ. Κ. Κ.,N. K. K. K.,"Ἱερὰ Συλλογή, ἐρανισθεῖσα ἐκ τοῦ Ἑορτοδρομίου καὶ περιέχουσα ἑρμηνείας τῶν Καταβασιῶν τοῦ Πάσχα καὶ διαφόρους ἐκκλησιαστικοὺς ἐπιταφίους καὶ πανηγυρικοὺς λόγους, πρὸς χρῆσιν τοῦ λαοῦ, ὑπὸ Ν. Κ. Κ. Κ.","Sacred Collection, Gathered from the Heortodromion and Containing Interpretations of the Katavasiai of Pascha...",σ. 68 ++,3.—,Δρχ.,
1904,IMG_1487.jpeg,ΘΡΗΣΚΕΥΤΙΚΑ,Religious Books,Βιβλία τοῦ λαοῦ,—,—,Ἱστορία ἀκριβὴς περὶ τῶν κατὰ τὴν Σταύρωσιν καὶ Ἀνάστασιν τοῦ Κυρίου καὶ Σωτῆρος ἡμῶν Ἰησοῦ Χριστοῦ τελεσθέντων,Accurate History of the Events at the Crucifixion and Resurrection of Our Lord and Saviour Jesus Christ,σελίδες 61 ++,3.—,Δρχ.,
1904,IMG_1487.jpeg,ΘΡΗΣΚΕΥΤΙΚΑ,Religious Books,Βιβλία τοῦ λαοῦ,—,—,Κανὼν Παρακλητικὸς τοῦ ἁγίου μεγαλομάρτυρος Γεωργίου τοῦ Κωδωνᾶ,Supplicatory Canon to Saint Great Martyr George Kodonas,"8ον, σελίδες 20 *",1.—,Δρχ.,
1904,IMG_1487.jpeg,ΘΡΗΣΚΕΥΤΙΚΑ,Religious Books,Βιβλία τοῦ λαοῦ,Αθανάσιος Βαρούχας,Athanasios Varouchas,"Λόγοι ψυχωφελεῖς εἰς τὸ Σωτήριον πάθος καὶ εἰς τὴν ἔνδοξον ἀνάστασιν τοῦ Κυρίου ἡμῶν Ἰησοῦ Χριστοῦ, ὑπὸ ΑΘ. ΒΑΡΟΥΧΑ","Soul-Profiting Sermons on the Saving Passion and Glorious Resurrection of Our Lord Jesus Christ, by Ath. Varouchas","8ον, σελίδες 96, έκδ. Βενετίας +",2.—,Δρχ.,
1904,IMG_1487.jpeg,ΘΡΗΣΚΕΥΤΙΚΑ,Religious Books,Βιβλία τοῦ λαοῦ,—,—,Λόγοι πολὺ ὠφέλιμοι ἐκ τῶν ἁγίων Πατέρων καὶ Ἀσκητῶν περὶ ψυχικῆς σωτηρίας,Very Useful Sermons from the Holy Fathers and Ascetics on the Salvation of the Soul,"32ον, σελίδες 16 *",0.10,Δρχ.,
1904,IMG_1487.jpeg,ΘΡΗΣΚΕΥΤΙΚΑ,Religious Books,Βιβλία τοῦ λαοῦ,Ἀβραάμ,Abraham,"Λόγος κατανυκτικὸς καὶ θαυμάσιος τοῦ ἁγίου καὶ δικαίου Ἀβραάμ, λεγόμενον ἰδιόσιον αὐτοῦ",Contrite and Wonderful Sermon of Saint and Righteous Abraham...,"32ον, σ. 16 *",0.20,Δρχ.,
1904,IMG_1487.jpeg,ΘΡΗΣΚΕΥΤΙΚΑ,Religious Books,Βιβλία τοῦ λαοῦ,—,—,Λόγος περὶ βλασφημίας καὶ Βίος Ἰούδα τοῦ Ἰσκαριώτου,Sermon on Blasphemy and Life of Judas Iscariot,σ. 31 *,1.—,Δρχ.,
1904,IMG_1487.jpeg,ΘΡΗΣΚΕΥΤΙΚΑ,Religious Books,Βιβλία τοῦ λαοῦ,Ἰωάννης ὁ Χρυσόστομος,John Chrysostom,"Μαργαρῖται, ἤτοι Λόγοι διάφοροι τοῦ ἐν ἁγίοις πατρὸς ἡμῶν Ἰωάννου τοῦ Χρυσοστόμου καὶ ἑτέρων ἁγίων Πατέρων μεταφρασθέντες εἰς ἁπλῆν γλῶσσαν πρὸς κοινὴν τῶν ὀρθοδόξων Χριστιανῶν ὠφέλειαν","Pearls (Margaritai), or Various Discourses of Our Holy Father John Chrysostom and Other Holy Fathers Translated into Simple Language...","4ον, σελίδες 303, έκδ. Βενετίας +",18.—,Δρχ.,
1904,IMG_1487.jpeg,ΘΡΗΣΚΕΥΤΙΚΑ,Religious Books,Βιβλία τοῦ λαοῦ,Ἰωάννης ὁ Χρυσόστομος,John Chrysostom,Μαργαρῖται (Τὸ αὐτὸ έκδ. Ἀθηνῶν),"Pearls (Margaritai - The same, Athens edition)",σ. 384 +,10.—,Δρχ.,
1904,IMG_1487.jpeg,ΘΡΗΣΚΕΥΤΙΚΑ,Religious Books,Βιβλία τοῦ λαοῦ,—,—,Μαρτυρολόγιον τοῦ ἁγίου ἐνδόξου μεγαλομάρτυρος Γεωργίου τοῦ Τροπαιοφόρου ὁμοῦ καὶ μερικῶν θαυμάτων διήγησις,Martyrology of Saint Glorious Great Martyr George the Trophy-Bearer Together with the Account of Some Miracles,"32ον, σελίδες 64 *",0.20,Δρχ.,
1904,IMG_1487.jpeg,ΘΡΗΣΚΕΥΤΙΚΑ,Religious Books,Βιβλία τοῦ λαοῦ,—,—,Μαρτύριον τοῦ ἁγίου μεγαλομάρτυρος Εὐσταθίου τοῦ νέου Ἰὼβ καὶ τῆς συζύγου αὐτοῦ Θεοπίστης,Martyrdom of Saint Great Martyr Eustathios the New Job and His Wife Theopiste,σ. 16 *,0.10,Δρχ.,
1904,IMG_1487.jpeg,ΘΡΗΣΚΕΥΤΙΚΑ,Religious Books,Βιβλία τοῦ λαοῦ,Π. Γ. Σ.,P. G. S.,"Περὶ μελλούσης ζωῆς, συνταχθὲν ἐκ διαφόρων ἱερῶν βιβλίων τῆς τοῦ Χριστοῦ Ἐκκλησίας, ὑπὸ Π. Γ. Σ.","On the Life to Come, Compiled from Various Sacred Books of Christ's Church, by P. G. S.","8ον, σελίδες 32 ++",1.20,Δρχ.,
1904,IMG_1488.jpeg,ΒΙΒΛΙΟΘΗΚΗ ΜΑΡΑΣΛΗ,Maraslis Library,Δ΄ ΒΙΒΛΙΟΘΗΚΗ ΜΑΡΑΣΛΗ,ΒΑΣΗ ΣΠ. Π.,Sp. P. Basis,Ῥωμαίων Πολιτεία ἡ βασιλευομένη καὶ ἡ ἐλευθέρα,Roman Polity: The Monarchy and the Republic,σελίδες ιϛ΄— 801,70,Δρ.,
1904,IMG_1488.jpeg,ΒΙΒΛΙΟΘΗΚΗ ΜΑΡΑΣΛΗ,Maraslis Library,Δ΄ ΒΙΒΛΙΟΘΗΚΗ ΜΑΡΑΣΛΗ,ΒΑΣΙΛΕΙΟΥ Μητροπολίτου Ἀγχιάλου,"Vasilios, Metropolitan of Anchialos",Περὶ τοῦ Ἁγίου Γρηγορίου τοῦ Θεολόγου Μελέτη,Study on Saint Gregory the Theologian,σελίδες 193,9,Δρ.,
1904,IMG_1488.jpeg,ΒΙΒΛΙΟΘΗΚΗ ΜΑΡΑΣΛΗ,Maraslis Library,Δ΄ ΒΙΒΛΙΟΘΗΚΗ ΜΑΡΑΣΛΗ,ΒΕΡΤΟΛΙΝΗ ΦΡ.,Fr. Bertolini,Ἱστορία τῆς ἰταλικῆς παλιγγενεσίας κατὰ μετάφρασιν Χ. Ἀννίνου - Τόμος Α΄,"History of Italian Risorgimento, translated by Ch. Anninos - Volume A",σελ. 688 (τεύχη 4),36,Δρ.,Translated by Ch. Anninos
1904,IMG_1488.jpeg,ΒΙΒΛΙΟΘΗΚΗ ΜΑΡΑΣΛΗ,Maraslis Library,Δ΄ ΒΙΒΛΙΟΘΗΚΗ ΜΑΡΑΣΛΗ,ΒΕΡΤΟΛΙΝΗ ΦΡ.,Fr. Bertolini,Ἱστορία τῆς ἰταλικῆς παλιγγενεσίας κατὰ μετάφρασιν Χ. Ἀννίνου - Τόμος Β΄,"History of Italian Risorgimento, translated by Ch. Anninos - Volume B",σελ. 654 (τεύχη 4),36,Δρ.,Translated by Ch. Anninos
1904,IMG_1488.jpeg,ΒΙΒΛΙΟΘΗΚΗ ΜΑΡΑΣΛΗ,Maraslis Library,Δ΄ ΒΙΒΛΙΟΘΗΚΗ ΜΑΡΑΣΛΗ,ΒΛΑΧΟΥ ΑΓ.,Ag. Vlachos,"Ἀνάλεκτα - Τόμος Α΄: Διηγήματα, Κοινωνικαὶ εἰκόνες καὶ Μελέται","Analecta - Volume A: Short Stories, Social Sketches and Studies",σ. β΄-424,20,Δρ.,
1904,IMG_1488.jpeg,ΒΙΒΛΙΟΘΗΚΗ ΜΑΡΑΣΛΗ,Maraslis Library,Δ΄ ΒΙΒΛΙΟΘΗΚΗ ΜΑΡΑΣΛΗ,ΒΛΑΧΟΥ ΑΓ.,Ag. Vlachos,"Ἀνάλεκτα - Τόμος Β΄: Κρίσεις, Ἀναμνήσεις καὶ Ἐντυπώσεις","Analecta - Volume B: Reviews, Memories and Impressions",σελ. 391,20,Δρ.,
1904,IMG_1488.jpeg,ΒΙΒΛΙΟΘΗΚΗ ΜΑΡΑΣΛΗ,Maraslis Library,Δ΄ ΒΙΒΛΙΟΘΗΚΗ ΜΑΡΑΣΛΗ,ΓΑΣΠΑΡΗ ΑΔ.,Adolf Gaspary,"Ἱστορία τῆς ἰταλικῆς Λογοτεχνίας, μεταφρασθεῖσα ὑπὸ Ἀγγέλου Βλάχου - Τόμος Α΄: Ἡ Ἰταλικὴ Λογοτεχνία κατὰ τὸν μέσον αἰῶνα","History of Italian Literature, translated by Angelos Vlachos - Volume A: Italian Literature in the Middle Ages",σελίδες 712 (τεύχη 4),36,Δρ.,Translated by Angelos Vlachos
1904,IMG_1488.jpeg,ΒΙΒΛΙΟΘΗΚΗ ΜΑΡΑΣΛΗ,Maraslis Library,Δ΄ ΒΙΒΛΙΟΘΗΚΗ ΜΑΡΑΣΛΗ,ΓΑΣΠΑΡΗ ΑΔ.,Adolf Gaspary,"Ἱστορία τῆς ἰταλικῆς Λογοτεχνίας, μεταφρασθεῖσα ὑπὸ Ἀγγέλου Βλάχου - Τόμος Β΄: Ἡ Ἰταλικὴ Λογοτεχνία τῶν χρόνων τῆς Ἀναγεννήσεως","History of Italian Literature, translated by Angelos Vlachos - Volume B: Italian Literature of the Renaissance Period",σελίδες 943 (τεύχη 5),45,Δρ.,Translated by Angelos Vlachos
1904,IMG_1488.jpeg,ΒΙΒΛΙΟΘΗΚΗ ΜΑΡΑΣΛΗ,Maraslis Library,Δ΄ ΒΙΒΛΙΟΘΗΚΗ ΜΑΡΑΣΛΗ,ΓΙΛΒΕΡΤ ΓΟΥΣΤΑΥΟΥ,Gustav Gilbert,"Ἐγχειρίδιον Ἀρχαιολογίας τοῦ Δημοσίου βίου τῶν Ἑλλήνων, κατὰ μετάφρασιν Ν. Γ. Πολίτου - Τόμος Α΄","Handbook of Archaeology of Greek Public Life, translated by N. G. Politis - Volume A",σελ. 602 (τεύχη 3),27,Δρ.,Translated by N. G. Politis
1904,IMG_1488.jpeg,ΒΙΒΛΙΟΘΗΚΗ ΜΑΡΑΣΛΗ,Maraslis Library,Δ΄ ΒΙΒΛΙΟΘΗΚΗ ΜΑΡΑΣΛΗ,ΓΙΡΑΡΔΙΝΟΥ ΣΑΙΜΜΑΡΚΟΥ,Saint-Marc Girardin,"Μαθήματα Δραματολογίας, κατὰ μετάφρασιν Ἀγγέλου Βλάχου - Τόμος Α΄","Lessons in Dramatology, translated by Angelos Vlachos - Volume A",σελ. 428 (τεύχη 2),18,Δρ.,Translated by Angelos Vlachos
1904,IMG_1488.jpeg,ΒΙΒΛΙΟΘΗΚΗ ΜΑΡΑΣΛΗ,Maraslis Library,Δ΄ ΒΙΒΛΙΟΘΗΚΗ ΜΑΡΑΣΛΗ,ΓΙΡΑΡΔΙΝΟΥ ΣΑΙΜΜΑΡΚΟΥ,Saint-Marc Girardin,"Μαθήματα Δραματολογίας, κατὰ μετάφρασιν Ἀγγέλου Βλάχου - Τόμος Β΄","Lessons in Dramatology, translated by Angelos Vlachos - Volume B",502 (τεύχη 3),27,Δρ.,Translated by Angelos Vlachos
1904,IMG_1488.jpeg,ΒΙΒΛΙΟΘΗΚΗ ΜΑΡΑΣΛΗ,Maraslis Library,Δ΄ ΒΙΒΛΙΟΘΗΚΗ ΜΑΡΑΣΛΗ,ΓΙΡΑΡΔΙΝΟΥ ΣΑΙΜΜΑΡΚΟΥ,Saint-Marc Girardin,"Μαθήματα Δραματολογίας, κατὰ μετάφρασιν Ἀγγέλου Βλάχου - Τόμος Γ΄","Lessons in Dramatology, translated by Angelos Vlachos - Volume C",564 (τεύχη 3),27,Δρ.,Translated by Angelos Vlachos
1904,IMG_1488.jpeg,ΒΙΒΛΙΟΘΗΚΗ ΜΑΡΑΣΛΗ,Maraslis Library,Δ΄ ΒΙΒΛΙΟΘΗΚΗ ΜΑΡΑΣΛΗ,ΓΙΡΑΡΔΙΝΟΥ ΣΑΙΜΜΑΡΚΟΥ,Saint-Marc Girardin,"Μαθήματα Δραματολογίας, κατὰ μετάφρασιν Ἀγγέλου Βλάχου - Τόμος Δ΄","Lessons in Dramatology, translated by Angelos Vlachos - Volume D",596 (τεύχη 3),27,Δρ.,Translated by Angelos Vlachos
1904,IMG_1488.jpeg,ΒΙΒΛΙΟΘΗΚΗ ΜΑΡΑΣΛΗ,Maraslis Library,Δ΄ ΒΙΒΛΙΟΘΗΚΗ ΜΑΡΑΣΛΗ,ΓΟΓΟΛ Ν.,Nikolai Gogol,"Πανδρολογήματα, κωμῳδία εἰς δύο πράξεις, μεταφρασθεῖσα ὑπὸ Ἀγ. Γ. Κωνσταντινίδου","Marriage, a comedy in two acts, translated by Ag. G. Konstantinidis",σελ. 147—247,9,Δρ.,Translated by Ag. G. Konstantinidis
1904,IMG_1488.jpeg,ΒΙΒΛΙΟΘΗΚΗ ΜΑΡΑΣΛΗ,Maraslis Library,Δ΄ ΒΙΒΛΙΟΘΗΚΗ ΜΑΡΑΣΛΗ,ΓΡΗΓΟΡΟΒΙΟΥ ΦΕΡΔΙΝΑΝΔΟΥ,Ferdinand Gregorovius,"Ἱστορία τῆς πόλεως Ἀθηνῶν κατὰ τοὺς μέσους αἰῶνας ἀπὸ τοῦ Ἰουστινιανοῦ μέχρι τῆς ὑπὸ τῶν Τούρκων κατακτήσεως, μεταφρασθεῖσα ἐκ τοῦ γερμανικοῦ μετὰ διορθώσεων καὶ προσθηκῶν, ὑπὸ Σπυρίδωνος Π. Λάμπρου - Τόμος Α΄","History of the City of Athens in the Middle Ages from Justinian to the Conquest by the Turks, translated from German with corrections and additions by Spyridon P. Lambros - Volume A",σελ 576 (τεύχη 3),27,Δρ.,Translated by Spyridon P. Lambros
1904,IMG_1488.jpeg,ΒΙΒΛΙΟΘΗΚΗ ΜΑΡΑΣΛΗ,Maraslis Library,Δ΄ ΒΙΒΛΙΟΘΗΚΗ ΜΑΡΑΣΛΗ,ΓΡΗΓΟΡΟΒΙΟΥ ΦΕΡΔΙΝΑΝΔΟΥ,Ferdinand Gregorovius,"Ἱστορία τῆς πόλεως Ἀθηνῶν κατὰ τοὺς μέσους αἰῶνας..., μεταφρασθεῖσα... ὑπὸ Σπυρίδωνος Π. Λάμπρου - Τόμος Β΄","History of the City of Athens in the Middle Ages..., translated by Spyridon P. Lambros - Volume B",(τεύχη 3),,Δρ.,Translated by Spyridon P. Lambros
1904,IMG_1489.jpeg,ΒΙΒΛΙΟΘΗΚΗ ΜΑΡΑΣΛΗ,Maraslis Library,Δ΄ ΒΙΒΛΙΟΘΗΚΗ ΜΑΡΑΣΛΗ,CHRIST W.,Wilhelm von Christ,"Ἱστορία τῆς Ἑλληνικῆς Λογοτεχνίας, μεταφρασθεῖσα ὑπὸ Λ. Γ. Χ. Κώνστα","History of Greek Literature, translated by L. G. C. Konstas","Τόμος Α΄, σελ. 928 (τεύχη 5)",45,Δρχ.,
1904,IMG_1489.jpeg,ΒΙΒΛΙΟΘΗΚΗ ΜΑΡΑΣΛΗ,Maraslis Library,Δ΄ ΒΙΒΛΙΟΘΗΚΗ ΜΑΡΑΣΛΗ,ΔΡΟ·Υ·ΣΕΝ Ι. Γ.,Johann Gustav Droysen,"Ἱστορία τοῦ Μακεδονικοῦ Ἑλληνισμοῦ, κατὰ μετάφρασιν Ἰ. Πανταζίδου καὶ Ἰ. Δελλίου: Τόμος Α΄ - Ἱστορία τοῦ Μεγάλου Ἀλεξάνδρου",History of Macedonian Hellenism: Vol. A - History of Alexander the Great,σελ. 924 (τεύχη 4),36,Δρχ.,
1904,IMG_1489.jpeg,ΒΙΒΛΙΟΘΗΚΗ ΜΑΡΑΣΛΗ,Maraslis Library,Δ΄ ΒΙΒΛΙΟΘΗΚΗ ΜΑΡΑΣΛΗ,ΔΡΟ·Υ·ΣΕΝ Ι. Γ.,Johann Gustav Droysen,Ἱστορία τοῦ Μακεδονικοῦ Ἑλληνισμοῦ: Τόμος Β΄ - Ἱστορία τῶν Διαδόχων,History of Macedonian Hellenism: Vol. B - History of the Diadochi,σελ. 792 (τεύχη 4),36,Δρχ.,
1904,IMG_1489.jpeg,ΒΙΒΛΙΟΘΗΚΗ ΜΑΡΑΣΛΗ,Maraslis Library,Δ΄ ΒΙΒΛΙΟΘΗΚΗ ΜΑΡΑΣΛΗ,ΔΡΟ·Υ·ΣΕΝ Ι. Γ.,Johann Gustav Droysen,Ἱστορία τοῦ Μακεδονικοῦ Ἑλληνισμοῦ: Τόμος Γ΄ α΄ - Ἱστορία τῶν Ἐπιγόνων,History of Macedonian Hellenism: Vol. C1 - History of the Epigoni,σελ. 539 (τεύχη 3),27,Δρχ.,
1904,IMG_1489.jpeg,ΒΙΒΛΙΟΘΗΚΗ ΜΑΡΑΣΛΗ,Maraslis Library,Δ΄ ΒΙΒΛΙΟΘΗΚΗ ΜΑΡΑΣΛΗ,ΔΡΟ·Υ·ΣΕΝ Ι. Γ.,Johann Gustav Droysen,Ἱστορία τοῦ Μακεδονικοῦ Ἑλληνισμοῦ: Τόμος Γ΄ β΄,History of Macedonian Hellenism: Vol. C2,σελ. 536 (τεύχη 3),27,Δρχ.,
1904,IMG_1489.jpeg,ΒΙΒΛΙΟΘΗΚΗ ΜΑΡΑΣΛΗ,Maraslis Library,Δ΄ ΒΙΒΛΙΟΘΗΚΗ ΜΑΡΑΣΛΗ,ΔΡΟ·Υ·ΣΕΝ Ι. Γ.,Johann Gustav Droysen,Ἱστορία τοῦ Μακεδονικοῦ Ἑλληνισμοῦ: Ἀλφαβητικὸς Πίναξ,History of Macedonian Hellenism: Alphabetical Index,σελ. 197 (τεῦχος 1),9,Δρχ.,
1904,IMG_1489.jpeg,ΒΙΒΛΙΟΘΗΚΗ ΜΑΡΑΣΛΗ,Maraslis Library,Δ΄ ΒΙΒΛΙΟΘΗΚΗ ΜΑΡΑΣΛΗ,HEAD BARCLAY V.,Barclay V. Head,"Ἱστορία τῶν Νομισμάτων, ἤτοι Ἐγχειρίδιον Ἑλληνικῆς Νομισματικῆς, μεταφρασθὲν ἐκ τῆς ἀγγλικῆς καὶ συμπληρωθὲν ὑπὸ Ἰωάννου Ν. Σβορώνου","History of Coins, or Handbook of Greek Numismatics, translated from English and supplemented by Ioannis N. Svoronos","Τόμος Α΄: Εὐρώπη (σελ. X-ρκδ΄-631), Τόμος Β΄: Ἀσία καὶ Ἀφρική (σελ. VIII-583, 5 πίνακες), Πίνακες Α΄-ΛΕ΄",120,Δρχ.,Grouped price for full set
1904,IMG_1489.jpeg,ΒΙΒΛΙΟΘΗΚΗ ΜΑΡΑΣΛΗ,Maraslis Library,Δ΄ ΒΙΒΛΙΟΘΗΚΗ ΜΑΡΑΣΛΗ,ΘΟΜΨΩΝΟΣ ΕΔ.,Edward Maunde Thompson,"Ἐγχειρίδιον Ἑλληνικῆς καὶ Λατινικῆς Παλαιογραφίας, κατὰ μετάφρασιν Σπυρ. Π. Λάμπρου","Handbook of Greek and Latin Palaeography, translated by Spyridon P. Lampros",σελίδες 501 (τεύχη 3),27,Δρχ.,
1904,IMG_1489.jpeg,ΒΙΒΛΙΟΘΗΚΗ ΜΑΡΑΣΛΗ,Maraslis Library,Δ΄ ΒΙΒΛΙΟΘΗΚΗ ΜΑΡΑΣΛΗ,ΙΔΡΩΜΕΝΟΥ Α. Μ.,A. M. Idromenos,Ἰωάννης Καποδίστριας,Ioannis Kapodistrias,σελίδες 160,9,Δρχ.,
1904,IMG_1489.jpeg,ΒΙΒΛΙΟΘΗΚΗ ΜΑΡΑΣΛΗ,Maraslis Library,Δ΄ ΒΙΒΛΙΟΘΗΚΗ ΜΑΡΑΣΛΗ,ΚΑΝΤΟΥ ΚΑΙΣΑΡΟΣ,Cesare Cantù,"Ἱστορία τριάκοντα ἐτῶν, (1848–1878) κατὰ μετάφρασιν Ἰωάννου Περβανόγλου","History of Thirty Years (1848–1878), translated by Ioannis Pervanoglou",σ. 808 (τεύχη 4),36,Δρχ.,
1904,IMG_1489.jpeg,ΒΙΒΛΙΟΘΗΚΗ ΜΑΡΑΣΛΗ,Maraslis Library,Δ΄ ΒΙΒΛΙΟΘΗΚΗ ΜΑΡΑΣΛΗ,ΚΟΥΜΑΝΟΥΔΗ ΣΤ. Α.,Stefanos A. Koumanoudis,"Συναγωγὴ νέων λέξεων, ὑπὸ τῶν λογίων πλασθεισῶν ἀπὸ τῆς Ἁλώσεως μέχρι τῶν καθ' ἡμᾶς χρόνων",Collection of New Words Coined by Scholars from the Fall of Constantinople to Our Times,"τόμοι 2, σελίδες ι΄—1167",65,Δρχ.,
1904,IMG_1489.jpeg,ΒΙΒΛΙΟΘΗΚΗ ΜΑΡΑΣΛΗ,Maraslis Library,Δ΄ ΒΙΒΛΙΟΘΗΚΗ ΜΑΡΑΣΛΗ,ΚΟΥΜΑΝΟΥΔΗ ΣΤ. Α.,Stefanos A. Koumanoudis,Στράτης καλοπίχειρος,Stratis Kalopicheiros,σ. 279,12.20,Δρχ.,
1904,IMG_1489.jpeg,ΒΙΒΛΙΟΘΗΚΗ ΜΑΡΑΣΛΗ,Maraslis Library,Δ΄ ΒΙΒΛΙΟΘΗΚΗ ΜΑΡΑΣΛΗ,ΚΟΥΡΤΙΟΥ ΕΡΝΕΣΤΟΥ,Ernst Curtius,"Ἑλληνικὴ Ἱστορία, μεταφρασθεῖσα ἐκ τῆς γερμανικῆς ὑπὸ Σπυρίδωνος Π. Λάμπρου: Τόμος Α΄","History of Greece, translated from German by Spyridon P. Lampros: Vol. A",σελ. λα΄-723 (τεύχη 4),36,Δρχ.,
1904,IMG_1489.jpeg,ΒΙΒΛΙΟΘΗΚΗ ΜΑΡΑΣΛΗ,Maraslis Library,Δ΄ ΒΙΒΛΙΟΘΗΚΗ ΜΑΡΑΣΛΗ,ΚΟΥΡΤΙΟΥ ΕΡΝΕΣΤΟΥ,Ernst Curtius,"Ἑλληνικὴ Ἱστορία, μεταφρασθεῖσα ἐκ τῆς γερμανικῆς ὑπὸ Σπυρίδωνος Π. Λάμπρου: Τόμος Β΄","History of Greece, translated from German by Spyridon P. Lampros: Vol. B",σελ. 848 (τεύχη 5),45,Δρχ.,
1904,IMG_1489.jpeg,ΒΙΒΛΙΟΘΗΚΗ ΜΑΡΑΣΛΗ,Maraslis Library,Δ΄ ΒΙΒΛΙΟΘΗΚΗ ΜΑΡΑΣΛΗ,ΚΟΥΡΤΙΟΥ ΕΡΝΕΣΤΟΥ,Ernst Curtius,"Ἑλληνικὴ Ἱστορία, μεταφρασθεῖσα ἐκ τῆς γερμανικῆς ὑπὸ Σπυρίδωνος Π. Λάμπρου: Τόμος Γ΄","History of Greece, translated from German by Spyridon P. Lampros: Vol. C",σελ. 696 (τεύχη 4),36,Δρχ.,
1904,IMG_1489.jpeg,ΒΙΒΛΙΟΘΗΚΗ ΜΑΡΑΣΛΗ,Maraslis Library,Δ΄ ΒΙΒΛΙΟΘΗΚΗ ΜΑΡΑΣΛΗ,ΚΟΥΡΤΙΟΥ ΕΡΝΕΣΤΟΥ,Ernst Curtius,"Ἑλληνικὴ Ἱστορία, μεταφρασθεῖσα ἐκ τῆς γερμανικῆς ὑπὸ Σπυρίδωνος Π. Λάμπρου: Τόμος Δ΄","History of Greece, translated from German by Spyridon P. Lampros: Vol. D",σελ. 617 (τεύχη 4),36,Δρχ.,
1904,IMG_1489.jpeg,ΒΙΒΛΙΟΘΗΚΗ ΜΑΡΑΣΛΗ,Maraslis Library,Δ΄ ΒΙΒΛΙΟΘΗΚΗ ΜΑΡΑΣΛΗ,ΚΟΥΡΤΙΟΥ ΕΡΝΕΣΤΟΥ,Ernst Curtius,"Ἑλληνικὴ Ἱστορία, μεταφρασθεῖσα ἐκ τῆς γερμανικῆς ὑπὸ Σπυρίδωνος Π. Λάμπρου: Τόμος Ε΄","History of Greece, translated from German by Spyridon P. Lampros: Vol. E",σελ. 617 (τεύχη 4),36,Δρχ.,
1904,IMG_1489.jpeg,ΒΙΒΛΙΟΘΗΚΗ ΜΑΡΑΣΛΗ,Maraslis Library,Δ΄ ΒΙΒΛΙΟΘΗΚΗ ΜΑΡΑΣΛΗ,ΚΡΟΥΜΒΑΧΕΡ,Karl Krumbacher,"Ἱστορία τῆς Βυζαντηνῆς λογοτεχνίας, μεταφρασθεῖσα ὑπὸ Γεωργίου Σωτηριάδου: Τόμος Α΄","History of Byzantine Literature, translated by Georgios Sotiriadis: Vol. A",σελ. γ΄-828 (τεύχη 5),45,Δρχ.,
1904,IMG_1489.jpeg,ΒΙΒΛΙΟΘΗΚΗ ΜΑΡΑΣΛΗ,Maraslis Library,Δ΄ ΒΙΒΛΙΟΘΗΚΗ ΜΑΡΑΣΛΗ,ΚΡΟΥΜΒΑΧΕΡ,Karl Krumbacher,"Ἱστορία τῆς Βυζαντηνῆς λογοτεχνίας, μεταφρασθεῖσα ὑπὸ Γεωργίου Σωτηριάδου: Τόμος Β΄","History of Byzantine Literature, translated by Georgios Sotiriadis: Vol. B",σελ. 770 (τεύχη 4),36,Δρχ.,
1904,IMG_1489.jpeg,ΒΙΒΛΙΟΘΗΚΗ ΜΑΡΑΣΛΗ,Maraslis Library,Δ΄ ΒΙΒΛΙΟΘΗΚΗ ΜΑΡΑΣΛΗ,ΚΡΟΥΜΒΑΧΕΡ,Karl Krumbacher,"Ἱστορία τῆς Βυζαντηνῆς λογοτεχνίας, μεταφρασθεῖσα ὑπὸ Γεωργίου Σωτηριάδου: Τόμος Γ΄","History of Byzantine Literature, translated by Georgios Sotiriadis: Vol. C",σελ. 832 (τεύχη 4),36,Δρχ.,
1904,IMG_1489.jpeg,ΒΙΒΛΙΟΘΗΚΗ ΜΑΡΑΣΛΗ,Maraslis Library,Δ΄ ΒΙΒΛΙΟΘΗΚΗ ΜΑΡΑΣΛΗ,LANGLOIS & SEIGNOBOS,Victor Langlois & Charles Seignobos,"Εἰσαγωγὴ εἰς τὰς Ἱστορικὰς Μελέτας, κατὰ μετάφρασιν Σπυρίδωνος Π. Λάμπρου","Introduction to the Study of History, translated by Spyridon P. Lampros",σελ. 333,18,Δρχ.,
1904,IMG_1489.jpeg,ΒΙΒΛΙΟΘΗΚΗ ΜΑΡΑΣΛΗ,Maraslis Library,Δ΄ ΒΙΒΛΙΟΘΗΚΗ ΜΑΡΑΣΛΗ,ΛΕΣΣΙΓΓ,Gotthold Ephraim Lessing,"Λαοκόων ἢ περὶ τῶν ὁρίων τῆς Ζωγραφικῆς καὶ τῆς Ποιήσεως, κατὰ μετάφρασιν Ἀ. Προβελεγγίου","Laocoön or On the Limits of Painting and Poetry, translated by A. Provelengios",σ. 251,9,Δρχ.,
1904,IMG_1489.jpeg,ΒΙΒΛΙΟΘΗΚΗ ΜΑΡΑΣΛΗ,Maraslis Library,Δ΄ ΒΙΒΛΙΟΘΗΚΗ ΜΑΡΑΣΛΗ,ΛΕΦΑ Π.,P. Lefas,"Ῥωσσικὰ Διηγήματα Β. Γάρσω, Μ. Γόρκυ, Ἀ. Τσέχωβ, Β. Κορολένκω, Λ. Τολοστόη, μετὰ βιογραφικῶν καὶ κριτικῶν παρατηρήσεων","Russian Stories by V. Garshin, M. Gorky, A. Chekhov, V. Korolenko, L. Tolstoy, with biographical and critical notes",σ. 317,12,Δρχ.,
1904,IMG_1489.jpeg,ΒΙΒΛΙΟΘΗΚΗ ΜΑΡΑΣΛΗ,Maraslis Library,Δ΄ ΒΙΒΛΙΟΘΗΚΗ ΜΑΡΑΣΛΗ,ΜΑΚΩΛΕ·Υ·,Thomas Babington Macaulay,"Ἱστορία τῆς Ἀγγλίας, ἀπὸ τῆς βασιλείας Ἰακώβου τοῦ Β΄, μεταφρασθεῖσα ἐκ τοῦ ἀγγλικοῦ ὑπὸ Ἐ. Ῥοΐδου: Τόμος Α΄","History of England, from the Accession of James II, translated from English by E. Roidis: Vol. A",σελ. ζ΄-480 (τεύχη 3),27,Δρχ.,
1904,IMG_1489.jpeg,ΒΙΒΛΙΟΘΗΚΗ ΜΑΡΑΣΛΗ,Maraslis Library,Δ΄ ΒΙΒΛΙΟΘΗΚΗ ΜΑΡΑΣΛΗ,ΜΑΚΩΛΕ·Υ·,Thomas Babington Macaulay,"Ἱστορία τῆς Ἀγγλίας, ἀπὸ τῆς βασιλείας Ἰακώβου τοῦ Β΄: Τόμος Β΄","History of England, from the Accession of James II: Vol. B",σελ. 439 (τεύχη 2),18,Δρχ.,
1904,IMG_1489.jpeg,ΒΙΒΛΙΟΘΗΚΗ ΜΑΡΑΣΛΗ,Maraslis Library,Δ΄ ΒΙΒΛΙΟΘΗΚΗ ΜΑΡΑΣΛΗ,ΜΑΚΩΛΕ·Υ·,Thomas Babington Macaulay,"Ἱστορία τῆς Ἀγγλίας, ἀπὸ τῆς βασιλείας Ἰακώβου τοῦ Β΄: Τόμος Γ΄","History of England, from the Accession of James II: Vol. C",σελ. 738 (τεύχη 4),36,Δρχ.,
1904,IMG_1489.jpeg,ΒΙΒΛΙΟΘΗΚΗ ΜΑΡΑΣΛΗ,Maraslis Library,Δ΄ ΒΙΒΛΙΟΘΗΚΗ ΜΑΡΑΣΛΗ,ΜΑΚΩΛΕ·Υ·,Thomas Babington Macaulay,"Ἱστορία τῆς Ἀγγλίας, ἀπὸ τῆς βασιλείας Ἰακώβου τοῦ Β΄: Τόμος Δ΄","History of England, from the Accession of James II: Vol. D",σελ. 538 (τεύχη 3),27,Δρχ.,
1904,IMG_1489.jpeg,ΒΙΒΛΙΟΘΗΚΗ ΜΑΡΑΣΛΗ,Maraslis Library,Δ΄ ΒΙΒΛΙΟΘΗΚΗ ΜΑΡΑΣΛΗ,ΜΑΚΩΛΕ·Υ·,Thomas Babington Macaulay,"Ἱστορία τῆς Ἀγγλίας, ἀπὸ τῆς βασιλείας Ἰακώβου τοῦ Β΄: Τόμος Ε΄","History of England, from the Accession of James II: Vol. E",σελ. 536 (τεύχη 3),27,Δρχ.,
1904,IMG_1489.jpeg,ΒΙΒΛΙΟΘΗΚΗ ΜΑΡΑΣΛΗ,Maraslis Library,Δ΄ ΒΙΒΛΙΟΘΗΚΗ ΜΑΡΑΣΛΗ,ΜΑΚΩΛΕ·Υ·,Thomas Babington Macaulay,"Ἱστορία τῆς Ἀγγλίας, ἀπὸ τῆς βασιλείας Ἰακώβου τοῦ Β΄: Τόμος ΣΤ΄","History of England, from the Accession of James II: Vol. F",σελ. 751 (τεύχη 4),36,Δρχ.,
1904,IMG_1489.jpeg,ΒΙΒΛΙΟΘΗΚΗ ΜΑΡΑΣΛΗ,Maraslis Library,Δ΄ ΒΙΒΛΙΟΘΗΚΗ ΜΑΡΑΣΛΗ,MAYET VALÉRY,Valéry Mayet,"Τὰ Βλαβερὰ Ἔντομα τῶν ἀμπέλων, κατὰ μετάφρασιν Ν. Κ. Γερμανοῦ, μετὰ τροποποιήσεων καὶ προσθηκῶν","Insect Pests of Vines, translated by N. K. Germanos, with modifications and additions",σελ. ια΄—501 (τεύχη 2),18,Δρχ.,
1904,IMG_1489.jpeg,ΒΙΒΛΙΟΘΗΚΗ ΜΑΡΑΣΛΗ,Maraslis Library,Δ΄ ΒΙΒΛΙΟΘΗΚΗ ΜΑΡΑΣΛΗ,ΠΑΠΑΔΟΠΟΥΛΟΥ ΚΕΡΑΜΕΩΣ Α.,Athanasios Papadopoulos-Kerameus,"Ὁ Ἀκάθιστος Ὕμνος, οἱ Ῥῶς καὶ ὁ Πατριάρχης Φώτιος","The Akathist Hymn, the Rus and Patriarch Photius",σελίδες 88,6,Δρχ.,
1904,IMG_1489.jpeg,ΒΙΒΛΙΟΘΗΚΗ ΜΑΡΑΣΛΗ,Maraslis Library,Δ΄ ΒΙΒΛΙΟΘΗΚΗ ΜΑΡΑΣΛΗ,PODWISSOZKY V. V.,Valery Podvysotsky,"Στοιχεῖα γενικῆς καὶ πειραματικῆς Παθολογίας ἢ Ἐγχειρίδιον φυσιολογίας τοῦ ἀσθενοῦς ὀργανισμοῦ, μεταφρασθὲν ἐκ τῆς τρίτης ῥωσ-","Elements of General and Experimental Pathology or Manual of Physiology of the Diseased Organism, translated from the 3rd Russian [edition]",,,Δρχ.,Text continues on following page
1904,IMG_1490.jpeg,ΒΙΒΛΙΟΘΗΚΗ ΜΑΡΑΣΛΗ,Maraslis Library,Δ΄ ΒΙΒΛΙΟΘΗΚΗ ΜΑΡΑΣΛΗ,PODWISSOZKY V. V.,"Podvysotsky, V. V.","Γενικὴ Παθολογία (συνέχεια)... σικῆς ἐκδόσεως ὑπὸ Νικολάου Ἰ. Κορδέλλη, μετὰ πολλῶν ἐν τῷ κειμένῳ εἰκόνων καὶ 19 πολυχρώμων πινάκων","General Pathology (continuation)... edition by Nikolaos I. Kordellis, with many images in text and 19 polychrome plates",σελίδες κθ΄-1237,68,Δρχ.,Continuation of entry from previous page
1904,IMG_1490.jpeg,ΒΙΒΛΙΟΘΗΚΗ ΜΑΡΑΣΛΗ,Maraslis Library,Δ΄ ΒΙΒΛΙΟΘΗΚΗ ΜΑΡΑΣΛΗ,ΠΟΛΙΤΟΥ Ν. Γ.,"Politis, N. G.",Μελέται περὶ τοῦ Βίου καὶ τῆς Γλώσσης τοῦ Ἑλληνικοῦ Λαοῦ. Τόμος Α΄: Παροιμίαι,Studies on the Life and Language of the Greek People. Volume I: Proverbs,σελ. 600,38,Δρχ.,
1904,IMG_1490.jpeg,ΒΙΒΛΙΟΘΗΚΗ ΜΑΡΑΣΛΗ,Maraslis Library,Δ΄ ΒΙΒΛΙΟΘΗΚΗ ΜΑΡΑΣΛΗ,ΠΟΛΙΤΟΥ Ν. Γ.,"Politis, N. G.",Μελέται περὶ τοῦ Βίου καὶ τῆς Γλώσσης τοῦ Ἑλληνικοῦ Λαοῦ. Τόμος Β΄,Studies on the Life and Language of the Greek People. Volume II,σελ. 699,38,Δρχ.,
1904,IMG_1490.jpeg,ΒΙΒΛΙΟΘΗΚΗ ΜΑΡΑΣΛΗ,Maraslis Library,Δ΄ ΒΙΒΛΙΟΘΗΚΗ ΜΑΡΑΣΛΗ,ΠΟΛΙΤΟΥ Ν. Γ.,"Politis, N. G.",Μελέται περὶ τοῦ Βίου καὶ τῆς Γλώσσης τοῦ Ἑλληνικοῦ Λαοῦ. Τόμος Γ΄,Studies on the Life and Language of the Greek People. Volume III,σελ. 686,38,Δρχ.,
1904,IMG_1490.jpeg,ΒΙΒΛΙΟΘΗΚΗ ΜΑΡΑΣΛΗ,Maraslis Library,Δ΄ ΒΙΒΛΙΟΘΗΚΗ ΜΑΡΑΣΛΗ,ΠΟΛΙΤΟΥ Ν. Γ.,"Politis, N. G.",Μελέται περὶ τοῦ Βίου καὶ τῆς Γλώσσης τοῦ Ἑλληνικοῦ Λαοῦ. Τόμος Δ΄,Studies on the Life and Language of the Greek People. Volume IV,σελ. 686,38,Δρχ.,
1904,IMG_1490.jpeg,ΒΙΒΛΙΟΘΗΚΗ ΜΑΡΑΣΛΗ,Maraslis Library,Δ΄ ΒΙΒΛΙΟΘΗΚΗ ΜΑΡΑΣΛΗ,ΠΟΥΣΚΙΝ ΑΛΕΞΑΝΔΡΟΥ ΣΕΡΓΙΑΔΟΥ,"Pushkin, Alexander Sergeyevich","Ὀνέγην, ἔπος, μεταφρασθὲν ἐκ τοῦ ἐμμέτρου ῥωσσικοῦ πρωτοτύπου εἰς τὴν ἑλληνικὴν ἐν τῷ πεζῷ λόγῳ μετὰ βιογραφικῶν καὶ χαρακτηριστικῶν τοῦ ποιητοῦ εἰδήσεων, ὑπὸ Χαραλάμπους Ἰ. Βουλοδήμου","Eugene Onegin, epic, translated from the rhymed Russian original into Greek prose with biographical and character notes on the poet, by Charalampos I. Voulodimos",σελ. 246,9,Δρχ.,
1904,IMG_1490.jpeg,ΒΙΒΛΙΟΘΗΚΗ ΜΑΡΑΣΛΗ,Maraslis Library,Δ΄ ΒΙΒΛΙΟΘΗΚΗ ΜΑΡΑΣΛΗ,ΡΙΒΒΕΚ ΟΘΩΝΟΣ,"Ribbeck, Otto","Ἱστορία τῆς ῥωμαϊκῆς ποιήσεως, ἐξελληνισθεῖσα ὑπὸ Σ. Κ. Σακελλαροπούλου. Τόμος Α΄: Ἡ ποίησις κατὰ τοὺς χρόνους τῆς Ἐλευθέρας Πολιτείας","History of Roman Poetry, translated into Greek by S. K. Sakellaropoulos. Volume I: Poetry during the era of the Republic",σελίδες γ΄-523 (τεύχη 3),27,Δρχ.,
1904,IMG_1490.jpeg,ΒΙΒΛΙΟΘΗΚΗ ΜΑΡΑΣΛΗ,Maraslis Library,Δ΄ ΒΙΒΛΙΟΘΗΚΗ ΜΑΡΑΣΛΗ,ΡΙΒΒΕΚ ΟΘΩΝΟΣ,"Ribbeck, Otto",Ἱστορία τῆς ῥωμαϊκῆς ποιήσεως. Τόμος Β΄: Ἡ ποίησις κατὰ τοὺς χρόνους τοῦ Αὐγούστου,History of Roman Poetry. Volume II: Poetry during the time of Augustus,σελίδες 601 (τεύχη 3),27,Δρχ.,
1904,IMG_1490.jpeg,ΒΙΒΛΙΟΘΗΚΗ ΜΑΡΑΣΛΗ,Maraslis Library,Δ΄ ΒΙΒΛΙΟΘΗΚΗ ΜΑΡΑΣΛΗ,ΡΙΒΒΕΚ ΟΘΩΝΟΣ,"Ribbeck, Otto",Ἱστορία τῆς ῥωμαϊκῆς ποιήσεως. Τόμος Γ΄: Ἡ ποίησις κατὰ τοὺς χρόνους τῶν Αὐτοκρατόρων,History of Roman Poetry. Volume III: Poetry during the time of the Emperors,σελίδες 545 (τεύχη 3),27,Δρχ.,
1904,IMG_1490.jpeg,ΒΙΒΛΙΟΘΗΚΗ ΜΑΡΑΣΛΗ,Maraslis Library,Δ΄ ΒΙΒΛΙΟΘΗΚΗ ΜΑΡΑΣΛΗ,ΣΑΙΞΠΗΡ,"Shakespeare, William","Χάμλετ, τραγῳδία εἰς πράξεις πέντε κατὰ μετάφρασιν Μιχαὴλ Ν. Δαμιράλη, μετὰ μελέτης περὶ τοῦ ποιητοῦ","Hamlet, tragedy in five acts, translated by Michael N. Damiralis, with a study on the poet",σελίδες 258,12.20,Δρχ.,
1904,IMG_1490.jpeg,ΒΙΒΛΙΟΘΗΚΗ ΜΑΡΑΣΛΗ,Maraslis Library,Δ΄ ΒΙΒΛΙΟΘΗΚΗ ΜΑΡΑΣΛΗ,ΣΑΙΞΠΗΡ,"Shakespeare, William","Κυμβελῖνος, τραγῳδία εἰς πράξεις πέντε, μεταφρασθεῖσα ὑπὸ Μ. Ν. Δαμιράλη","Cymbeline, tragedy in five acts, translated by M. N. Damiralis",σελίδες 194,9,Δρχ.,
1904,IMG_1490.jpeg,ΒΙΒΛΙΟΘΗΚΗ ΜΑΡΑΣΛΗ,Maraslis Library,Δ΄ ΒΙΒΛΙΟΘΗΚΗ ΜΑΡΑΣΛΗ,SCHMIDT L.,"Schmidt, Leopold","Ἡ Ἠθικὴ τῶν ἀρχαίων Ἑλλήνων, μετεφράσθη ὑπὸ Δημ. Ἰωαννίδου Ὀλυμπίου. Τόμος Α΄","The Ethics of the Ancient Greeks, translated by Dem. Ioannidis Olympios. Volume I",σελ. 492 (τεύχη 3),27,Δρχ.,
1904,IMG_1490.jpeg,ΒΙΒΛΙΟΘΗΚΗ ΜΑΡΑΣΛΗ,Maraslis Library,Δ΄ ΒΙΒΛΙΟΘΗΚΗ ΜΑΡΑΣΛΗ,SCHMIDT L.,"Schmidt, Leopold","Ἡ Ἠθικὴ τῶν ἀρχαίων Ἑλλήνων, μετεφράσθη ὑπὸ Δημ. Ἰωαννίδου Ὀλυμπίου. Τόμος Β΄","The Ethics of the Ancient Greeks, translated by Dem. Ioannidis Olympios. Volume II",σελ. 632 (τεύχη 3),27,Δρχ.,
1904,IMG_1490.jpeg,ΒΙΒΛΙΟΘΗΚΗ ΜΑΡΑΣΛΗ,Maraslis Library,Δ΄ ΒΙΒΛΙΟΘΗΚΗ ΜΑΡΑΣΛΗ,ΣΟΛΩΜΟΥ Δ.,"Solomos, Dionysios",Ἅπαντα τὰ εὑρισκόμενα,Complete Extant Works,σελίδες ξβ΄-253,15,Δρχ.,
1904,IMG_1490.jpeg,ΒΙΒΛΙΟΘΗΚΗ ΜΑΡΑΣΛΗ,Maraslis Library,Δ΄ ΒΙΒΛΙΟΘΗΚΗ ΜΑΡΑΣΛΗ,ΣΟΥΧΟΒΟ-ΚΟΜΠΥΛΗΝ Α.,"Sukhovo-Kobylin, Aleksandr","Ὁ γάμος τοῦ Κρετσίνσκη, κωμῳδία εἰς τρεῖς πράξεις, μεταφρασθεῖσα ὑπὸ Ἀγ. Γ. Κωνσταντινίδου","Krechinsky's Wedding, comedy in three acts, translated by Ag. G. Konstantinidis",σελίδες 146,9,Δρχ.,
1904,IMG_1490.jpeg,ΒΙΒΛΙΟΘΗΚΗ ΜΑΡΑΣΛΗ,Maraslis Library,Δ΄ ΒΙΒΛΙΟΘΗΚΗ ΜΑΡΑΣΛΗ,THIERRY AM.,"Thierry, Amédée","Ἱστορία τοῦ Ἀττίλα καὶ τῶν διαδόχων αὐτοῦ, κατὰ μετάφρασιν Σ. Ἰ. Βουτυρᾶ","History of Attila and His Successors, translated by S. I. Voutyras",σελ. 604 (τεύχη 3),27,Δρχ.,
1904,IMG_1490.jpeg,ΒΙΒΛΙΟΘΗΚΗ ΜΑΡΑΣΛΗ,Maraslis Library,Δ΄ ΒΙΒΛΙΟΘΗΚΗ ΜΑΡΑΣΛΗ,ΤΟΜΠΑΖΗ Ι. Ν.,"Tompazis, I. N.",Ἀδελφοὶ Ἰάκωβος καὶ Μανώλης Τομπάζης,Brothers Iakovos and Manolis Tompazis,σελ. 398,18,Δρχ.,
1904,IMG_1490.jpeg,ΒΙΒΛΙΟΘΗΚΗ ΜΑΡΑΣΛΗ,Maraslis Library,Δ΄ ΒΙΒΛΙΟΘΗΚΗ ΜΑΡΑΣΛΗ,ΤΣΕΡΕΠΗ Γ. Ν.,"Tserepis, G. N.",Τὰ σύνθετα τῆς Ἑλληνικῆς Γλώσσης,The Compounds of the Greek Language,σελ. ιε΄-957,60,Δρχ.,
1904,IMG_1490.jpeg,ΒΙΒΛΙΟΘΗΚΗ ΜΑΡΑΣΛΗ,Maraslis Library,Δ΄ ΒΙΒΛΙΟΘΗΚΗ ΜΑΡΑΣΛΗ,WHITNEY καὶ JOLLY,"Whitney, W. D. and Jolly, J.","Ἀναγνώσματα περὶ τῶν γενικῶν ἀρχῶν τῆς Συγκριτικῆς Γλωσσικῆς, μετερρυθμισμένα εἰς τὴν ἑλληνικήν, ὑπὸ Γ. Ν. Χατζιδάκι","Readings on the General Principles of Comparative Linguistics, adapted into Greek by G. N. Hatzidakis",σελίδες 736 (τεύχη 4),36,Δρχ.,
1904,IMG_1490.jpeg,ΒΙΒΛΙΟΘΗΚΗ ΜΑΡΑΣΛΗ,Maraslis Library,Δ΄ ΒΙΒΛΙΟΘΗΚΗ ΜΑΡΑΣΛΗ,ΧΑΤΖΙΔΑΚΙ Γ. Ν.,"Hatzidakis, G. N.","Ἀκαδημεικὰ Ἀναγνώσματα, Ἑλληνική, Λατινικὴ καὶ Ἰνδικὴ Γραμματική. Τόμος Α΄","Academic Readings, Greek, Latin and Indic Grammar. Volume I",σελίδες κη΄-608,40,Δρχ.,
1904,IMG_1490.jpeg,ΒΙΒΛΙΟΘΗΚΗ ΜΑΡΑΣΛΗ,Maraslis Library,Δ΄ ΒΙΒΛΙΟΘΗΚΗ ΜΑΡΑΣΛΗ,ΧΑΤΖΙΔΑΚΙ Γ. Ν.,"Hatzidakis, G. N.","Ἀκαδημεικὰ Ἀναγνώσματα, Ἑλληνική, Λατινικὴ καὶ Ἰνδικὴ Γραμματική. Τόμος Β΄","Academic Readings, Greek, Latin and Indic Grammar. Volume II",σελίδες κβ΄-688,50,Δρχ.,
1904,IMG_1490.jpeg,ΒΙΒΛΙΟΘΗΚΗ ΜΑΡΑΣΛΗ,Maraslis Library,Δ΄ ΒΙΒΛΙΟΘΗΚΗ ΜΑΡΑΣΛΗ,ΧΕΡΤΣΒΕΡΓ Γ. Δ.,"Hertzberg, Gustav Friedrich","Ἱστορία τῆς Ἑλλάδος ἐπὶ τῆς ῥωμαϊκῆς κυριαρχίας, μεταφρασθεῖσα ὑπὸ Π. Καρολίδου. Τόμος Α΄","History of Greece under Roman Rule, translated by P. Karolidis. Volume I",σελ. 694 (τεύχη 4),36,Δρχ.,
1904,IMG_1490.jpeg,ΒΙΒΛΙΟΘΗΚΗ ΜΑΡΑΣΛΗ,Maraslis Library,Δ΄ ΒΙΒΛΙΟΘΗΚΗ ΜΑΡΑΣΛΗ,ΧΕΡΤΣΒΕΡΓ Γ. Δ.,"Hertzberg, Gustav Friedrich","Ἱστορία τῆς Ἑλλάδος ἐπὶ τῆς ῥωμαϊκῆς κυριαρχίας, μεταφρασθεῖσα ὑπὸ Π. Καρολίδου. Τόμος Β΄","History of Greece under Roman Rule, translated by P. Karolidis. Volume II",σελ. 672 (τεύχη 4),36,Δρχ.,
1904,IMG_1490.jpeg,ΒΙΒΛΙΟΘΗΚΗ ΜΑΡΑΣΛΗ,Maraslis Library,Δ΄ ΒΙΒΛΙΟΘΗΚΗ ΜΑΡΑΣΛΗ,ΧΕΡΤΣΒΕΡΓ Γ. Δ.,"Hertzberg, Gustav Friedrich","Ἱστορία τῆς Ἑλλάδος ἐπὶ τῆς ῥωμαϊκῆς κυριαρχίας, μεταφρασθεῖσα ὑπὸ Π. Καρολίδου. Τόμος Γ΄","History of Greece under Roman Rule, translated by P. Karolidis. Volume III",σελ. 723 (τεύχη 4),36,Δρχ.,
1904,IMG_1491.jpeg,ΕΚΔΟΣΕΙΣ ΣΥΛΛΟΓΟΥ ΠΡΟΣ ΔΙΑΔΟΣΙΝ ΩΦΕΛΙΜΩΝ ΒΙΒΛΙΩΝ,Publications of the Society for the Propagation of Useful Books,1900—1904,A. A. καὶ Α. Ε.,A. A. and A. E.,Μάρτυρες τῆς Ἐπιστήμης,Martyrs of Science,,,,ἀρ. 25
1904,IMG_1491.jpeg,ΕΚΔΟΣΕΙΣ ΣΥΛΛΟΓΟΥ ΠΡΟΣ ΔΙΑΔΟΣΙΝ ΩΦΕΛΙΜΩΝ ΒΙΒΛΙΩΝ,Publications of the Society for the Propagation of Useful Books,1900—1904,A. O.,A. O.,Γειτόνισσαι,Female Neighbors,,,,ἀρ. 38
1904,IMG_1491.jpeg,ΕΚΔΟΣΕΙΣ ΣΥΛΛΟΓΟΥ ΠΡΟΣ ΔΙΑΔΟΣΙΝ ΩΦΕΛΙΜΩΝ ΒΙΒΛΙΩΝ,Publications of the Society for the Propagation of Useful Books,1900—1904,A. O.,A. O.,Ὁ Κὺρ Σῖμος,Master Simos,,,,ἀρ. 11
1904,IMG_1491.jpeg,ΕΚΔΟΣΕΙΣ ΣΥΛΛΟΓΟΥ ΠΡΟΣ ΔΙΑΔΟΣΙΝ ΩΦΕΛΙΜΩΝ ΒΙΒΛΙΩΝ,Publications of the Society for the Propagation of Useful Books,1900—1904,ΑΙΓΙΝΗΤΟΥ Δ.,Aeginitis D.,Ὁ Οὐρανός,The Sky,,,,ἀρ. 1
1904,IMG_1491.jpeg,ΕΚΔΟΣΕΙΣ ΣΥΛΛΟΓΟΥ ΠΡΟΣ ΔΙΑΔΟΣΙΝ ΩΦΕΛΙΜΩΝ ΒΙΒΛΙΩΝ,Publications of the Society for the Propagation of Useful Books,1900—1904,ΑΙΓΙΝΗΤΟΥ Δ.,Aeginitis D.,Ἀνέκδοτα ζῴων,Animal Anecdotes,,,,ἀρ. 33
1904,IMG_1491.jpeg,ΕΚΔΟΣΕΙΣ ΣΥΛΛΟΓΟΥ ΠΡΟΣ ΔΙΑΔΟΣΙΝ ΩΦΕΛΙΜΩΝ ΒΙΒΛΙΩΝ,Publications of the Society for the Propagation of Useful Books,1900—1904,ANNINOY X.,Anninos Ch.,Ὁ Κολόμβος καὶ ἡ Ἀνακάλυψις τῆς Ἀμερικῆς,Columbus and the Discovery of America,,,,ἀρ. 19
1904,IMG_1491.jpeg,ΕΚΔΟΣΕΙΣ ΣΥΛΛΟΓΟΥ ΠΡΟΣ ΔΙΑΔΟΣΙΝ ΩΦΕΛΙΜΩΝ ΒΙΒΛΙΩΝ,Publications of the Society for the Propagation of Useful Books,1900—1904,ANNINOY X.,Anninos Ch.,Ὁ στρατιώτης,The Soldier,,,,ἀρ. 6
1904,IMG_1491.jpeg,ΕΚΔΟΣΕΙΣ ΣΥΛΛΟΓΟΥ ΠΡΟΣ ΔΙΑΔΟΣΙΝ ΩΦΕΛΙΜΩΝ ΒΙΒΛΙΩΝ,Publications of the Society for the Propagation of Useful Books,1900—1904,ANNINOY X.,Anninos Ch.,Φρειδερίκος ὁ Μέγας,Frederick the Great,,,,ἀρ. 50
1904,IMG_1491.jpeg,ΕΚΔΟΣΕΙΣ ΣΥΛΛΟΓΟΥ ΠΡΟΣ ΔΙΑΔΟΣΙΝ ΩΦΕΛΙΜΩΝ ΒΙΒΛΙΩΝ,Publications of the Society for the Propagation of Useful Books,1900—1904,ΑΠΟΣΤΟΛΙΔΟΥ Ν. Χ.,Apostolidis N. Ch.,Τὰ ὠφελιμώτερα πτηνά,The Most Useful Birds,,,,ἀρ. 5
1904,IMG_1491.jpeg,ΕΚΔΟΣΕΙΣ ΣΥΛΛΟΓΟΥ ΠΡΟΣ ΔΙΑΔΟΣΙΝ ΩΦΕΛΙΜΩΝ ΒΙΒΛΙΩΝ,Publications of the Society for the Propagation of Useful Books,1900—1904,,,Βασίλισσα Βικτωρία,Queen Victoria,,,,ἀρ. 22
1904,IMG_1491.jpeg,ΕΚΔΟΣΕΙΣ ΣΥΛΛΟΓΟΥ ΠΡΟΣ ΔΙΑΔΟΣΙΝ ΩΦΕΛΙΜΩΝ ΒΙΒΛΙΩΝ,Publications of the Society for the Propagation of Useful Books,1900—1904,ΒΕΛΛΙΑΝΙΤΟΥ Θ. Α.,Vellianitis Th. A.,Ἡ Ῥωσσία,Russia,,,,ἀρ. 26
1904,IMG_1491.jpeg,ΕΚΔΟΣΕΙΣ ΣΥΛΛΟΓΟΥ ΠΡΟΣ ΔΙΑΔΟΣΙΝ ΩΦΕΛΙΜΩΝ ΒΙΒΛΙΩΝ,Publications of the Society for the Propagation of Useful Books,1900—1904,,,Βενιαμὶν Φραγκλῖνος,Benjamin Franklin,,,,ἀρ. 35
1904,IMG_1491.jpeg,ΕΚΔΟΣΕΙΣ ΣΥΛΛΟΓΟΥ ΠΡΟΣ ΔΙΑΔΟΣΙΝ ΩΦΕΛΙΜΩΝ ΒΙΒΛΙΩΝ,Publications of the Society for the Propagation of Useful Books,1900—1904,ΒΙΚΕΛΑ Δ.,Bikelas D.,Ἡ Γῆ τοῦ πυρός,Tierra del Fuego (The Land of Fire),,,,ἀρ. 3
1904,IMG_1491.jpeg,ΕΚΔΟΣΕΙΣ ΣΥΛΛΟΓΟΥ ΠΡΟΣ ΔΙΑΔΟΣΙΝ ΩΦΕΛΙΜΩΝ ΒΙΒΛΙΩΝ,Publications of the Society for the Propagation of Useful Books,1900—1904,ΒΙΚΕΛΑ Δ.,Bikelas D.,Τὰ Ἑλληνικὰ Γράμματα,Greek Letters,,,,ἀρ. 16
1904,IMG_1491.jpeg,ΕΚΔΟΣΕΙΣ ΣΥΛΛΟΓΟΥ ΠΡΟΣ ΔΙΑΔΟΣΙΝ ΩΦΕΛΙΜΩΝ ΒΙΒΛΙΩΝ,Publications of the Society for the Propagation of Useful Books,1900—1904,ΒΙΚΕΛΑ Δ.,Bikelas D.,Σουηδία,Sweden,,,,ἀρ. 53
1904,IMG_1491.jpeg,ΕΚΔΟΣΕΙΣ ΣΥΛΛΟΓΟΥ ΠΡΟΣ ΔΙΑΔΟΣΙΝ ΩΦΕΛΙΜΩΝ ΒΙΒΛΙΩΝ,Publications of the Society for the Propagation of Useful Books,1900—1904,ΓΡΗΓΟΡΙΑΔΟΥ Δ. Π.,Grigoriadis D. P.,Τὸ δένδρον,The Tree,,,,ἀρ. 29
1904,IMG_1491.jpeg,ΕΚΔΟΣΕΙΣ ΣΥΛΛΟΓΟΥ ΠΡΟΣ ΔΙΑΔΟΣΙΝ ΩΦΕΛΙΜΩΝ ΒΙΒΛΙΩΝ,Publications of the Society for the Propagation of Useful Books,1900—1904,ΔΑΜΒΕΡΓΗ Α.,Damvergis A.,Ὁ ὑλικὸς κόσμος,The Material World,,,,ἀρ. 7
1904,IMG_1491.jpeg,ΕΚΔΟΣΕΙΣ ΣΥΛΛΟΓΟΥ ΠΡΟΣ ΔΙΑΔΟΣΙΝ ΩΦΕΛΙΜΩΝ ΒΙΒΛΙΩΝ,Publications of the Society for the Propagation of Useful Books,1900—1904,ΔΗΜΗΤΡΙΑΔΟΥ Ρ.,Dimitriadis R.,Τὸ γάλα,Milk,,,,ἀρ. 39
1904,IMG_1491.jpeg,ΕΚΔΟΣΕΙΣ ΣΥΛΛΟΓΟΥ ΠΡΟΣ ΔΙΑΔΟΣΙΝ ΩΦΕΛΙΜΩΝ ΒΙΒΛΙΩΝ,Publications of the Society for the Propagation of Useful Books,1900—1904,ΔΗΜΗΤΡΙΑΔΟΥ Ρ.,Dimitriadis R.,Ὁ γεωργός,The Farmer,,,,ἀρ. 18
1904,IMG_1491.jpeg,ΕΚΔΟΣΕΙΣ ΣΥΛΛΟΓΟΥ ΠΡΟΣ ΔΙΑΔΟΣΙΝ ΩΦΕΛΙΜΩΝ ΒΙΒΛΙΩΝ,Publications of the Society for the Propagation of Useful Books,1900—1904,ΔΗΜΗΤΡΙΑΔΟΥ Ρ.,Dimitriadis R.,Ὁ καπνός,Tobacco,,,,ἀρ. 52
1904,IMG_1491.jpeg,ΕΚΔΟΣΕΙΣ ΣΥΛΛΟΓΟΥ ΠΡΟΣ ΔΙΑΔΟΣΙΝ ΩΦΕΛΙΜΩΝ ΒΙΒΛΙΩΝ,Publications of the Society for the Propagation of Useful Books,1900—1904,ΔΡΟΣΙΝΗ Γ.,Drosinis G.,Αἱ μέλισσαι,Bees,,,,ἀρ. 13
1904,IMG_1491.jpeg,ΕΚΔΟΣΕΙΣ ΣΥΛΛΟΓΟΥ ΠΡΟΣ ΔΙΑΔΟΣΙΝ ΩΦΕΛΙΜΩΝ ΒΙΒΛΙΩΝ,Publications of the Society for the Propagation of Useful Books,1900—1904,ΔΡΟΣΙΝΗ Γ.,Drosinis G.,Αἱ ὄρνιθες,Hens / Birds,,,,ἀρ. 37
1904,IMG_1491.jpeg,ΕΚΔΟΣΕΙΣ ΣΥΛΛΟΓΟΥ ΠΡΟΣ ΔΙΑΔΟΣΙΝ ΩΦΕΛΙΜΩΝ ΒΙΒΛΙΩΝ,Publications of the Society for the Propagation of Useful Books,1900—1904,ΔΡΟΣΙΝΗ Γ.,Drosinis G.,Τὸ ψάρευμα,Fishing,,,,ἀρ. 54
1904,IMG_1491.jpeg,ΕΚΔΟΣΕΙΣ ΣΥΛΛΟΓΟΥ ΠΡΟΣ ΔΙΑΔΟΣΙΝ ΩΦΕΛΙΜΩΝ ΒΙΒΛΙΩΝ,Publications of the Society for the Propagation of Useful Books,1900—1904,Ε. Λ.,E. L.,Ὁδηγὸς τῆς οἰκοδεσποίνης,Housewife's Guide,,,,ἀρ. 23
1904,IMG_1491.jpeg,ΕΚΔΟΣΕΙΣ ΣΥΛΛΟΓΟΥ ΠΡΟΣ ΔΙΑΔΟΣΙΝ ΩΦΕΛΙΜΩΝ ΒΙΒΛΙΩΝ,Publications of the Society for the Propagation of Useful Books,1900—1904,ΚΑΡΑΘΕΟΔΩΡΗ Κ. ΣΤ.,Karatheodori K. St.,Ἡ Αἴγυπτος,Egypt,,,,ἀρ. 14
1904,IMG_1491.jpeg,ΕΚΔΟΣΕΙΣ ΣΥΛΛΟΓΟΥ ΠΡΟΣ ΔΙΑΔΟΣΙΝ ΩΦΕΛΙΜΩΝ ΒΙΒΛΙΩΝ,Publications of the Society for the Propagation of Useful Books,1900—1904,ΚΑΡΟΛΙΔΟΥ Π.,Karolidis P.,Ἡ Εὐρώπη κατὰ τὸν ΙΘ΄ Αἰῶνα,Europe during the 19th Century,,,,ἀρ. 10
1904,IMG_1491.jpeg,ΕΚΔΟΣΕΙΣ ΣΥΛΛΟΓΟΥ ΠΡΟΣ ΔΙΑΔΟΣΙΝ ΩΦΕΛΙΜΩΝ ΒΙΒΛΙΩΝ,Publications of the Society for the Propagation of Useful Books,1900—1904,ΚΑΡΟΛΙΔΟΥ Π.,Karolidis P.,Ἡράκλειος,Heraclius,,,,ἀρ. 56
1904,IMG_1491.jpeg,ΕΚΔΟΣΕΙΣ ΣΥΛΛΟΓΟΥ ΠΡΟΣ ΔΙΑΔΟΣΙΝ ΩΦΕΛΙΜΩΝ ΒΙΒΛΙΩΝ,Publications of the Society for the Propagation of Useful Books,1900—1904,ΚΟΥΡΤΙΔΟΥ Α. Π.,Kourtidis A. P.,Οὐάσιγκτων,Washington,,,,ἀρ. 46
1904,IMG_1491.jpeg,ΕΚΔΟΣΕΙΣ ΣΥΛΛΟΓΟΥ ΠΡΟΣ ΔΙΑΔΟΣΙΝ ΩΦΕΛΙΜΩΝ ΒΙΒΛΙΩΝ,Publications of the Society for the Propagation of Useful Books,1900—1904,ΚΥΡΙΑΚΟΥ Α. ΔΙΟΜΗΔΟΥΣ,Kyriakos A. Diomidis,Οἱ τρεῖς μεγάλοι Ἱεράρχαι,The Three Great Hierarchs,,,,ἀρ. 42
1904,IMG_1491.jpeg,ΕΚΔΟΣΕΙΣ ΣΥΛΛΟΓΟΥ ΠΡΟΣ ΔΙΑΔΟΣΙΝ ΩΦΕΛΙΜΩΝ ΒΙΒΛΙΩΝ,Publications of the Society for the Propagation of Useful Books,1900—1904,ΚΥΡΙΑΚΟΥ Γ.,Kyriakos G.,Ἱστορία τῆς μετάξης,History of Silk,,,,ἀρ. 55
1904,IMG_1491.jpeg,ΕΚΔΟΣΕΙΣ ΣΥΛΛΟΓΟΥ ΠΡΟΣ ΔΙΑΔΟΣΙΝ ΩΦΕΛΙΜΩΝ ΒΙΒΛΙΩΝ,Publications of the Society for the Propagation of Useful Books,1900—1904,ΚΥΡΙΑΚΟΥ Γ.,Kyriakos G.,Ὁ μεταξοσκώληξ,The Silkworm,,,,ἀρ. 47
1904,IMG_1491.jpeg,ΕΚΔΟΣΕΙΣ ΣΥΛΛΟΓΟΥ ΠΡΟΣ ΔΙΑΔΟΣΙΝ ΩΦΕΛΙΜΩΝ ΒΙΒΛΙΩΝ,Publications of the Society for the Propagation of Useful Books,1900—1904,ΚΩΝΣΤΑΝΤΙΝΙΔΟΥ Μ.,Konstantinidis M.,Ὁ ἄνθρωπος καὶ τὸ σῶμά του,Man and His Body,,,,ἀρ. 4
1904,IMG_1491.jpeg,ΕΚΔΟΣΕΙΣ ΣΥΛΛΟΓΟΥ ΠΡΟΣ ΔΙΑΔΟΣΙΝ ΩΦΕΛΙΜΩΝ ΒΙΒΛΙΩΝ,Publications of the Society for the Propagation of Useful Books,1900—1904,ΚΩΝΣΤΑΝΤΙΝΙΔΟΥ Μ.,Konstantinidis M.,Οἱ Ἀργοναῦται,The Argonauts,,,,ἀρ. 40
1904,IMG_1491.jpeg,ΕΚΔΟΣΕΙΣ ΣΥΛΛΟΓΟΥ ΠΡΟΣ ΔΙΑΔΟΣΙΝ ΩΦΕΛΙΜΩΝ ΒΙΒΛΙΩΝ,Publications of the Society for the Propagation of Useful Books,1900—1904,ΛΟΒΕΡΔΟΥ Σ. Π.,Loverdos S. P.,Ἀποταμίευσις καὶ Ταμιευτήρια,Savings and Savings Banks,,,,ἀρ. 51
1904,IMG_1491.jpeg,ΕΚΔΟΣΕΙΣ ΣΥΛΛΟΓΟΥ ΠΡΟΣ ΔΙΑΔΟΣΙΝ ΩΦΕΛΙΜΩΝ ΒΙΒΛΙΩΝ,Publications of the Society for the Propagation of Useful Books,1900—1904,ΛΟΒΕΡΔΟΥ Σ. Π.,Loverdos S. P.,Ὁ Ἐθνικὸς Πλοῦτος,National Wealth,,,,"ἀρ. 24, 27"
1904,IMG_1491.jpeg,ΕΚΔΟΣΕΙΣ ΣΥΛΛΟΓΟΥ ΠΡΟΣ ΔΙΑΔΟΣΙΝ ΩΦΕΛΙΜΩΝ ΒΙΒΛΙΩΝ,Publications of the Society for the Propagation of Useful Books,1900—1904,ΛΥΚΟΥΔΗ Ε. Σ.,Lykoudis E. S.,Καθήκοντα τοῦ πολίτου,Duties of the Citizen,,,,ἀρ. 8
1904,IMG_1491.jpeg,ΕΚΔΟΣΕΙΣ ΣΥΛΛΟΓΟΥ ΠΡΟΣ ΔΙΑΔΟΣΙΝ ΩΦΕΛΙΜΩΝ ΒΙΒΛΙΩΝ,Publications of the Society for the Propagation of Useful Books,1900—1904,ΛΥΚΟΥΔΗ Ε. Σ.,Lykoudis E. S.,Οἱ μετανάσται,The Immigrants,,,,ἀρ. 43
1904,IMG_1491.jpeg,ΕΚΔΟΣΕΙΣ ΣΥΛΛΟΓΟΥ ΠΡΟΣ ΔΙΑΔΟΣΙΝ ΩΦΕΛΙΜΩΝ ΒΙΒΛΙΩΝ,Publications of the Society for the Propagation of Useful Books,1900—1904,ΜΑΡΙΝΟΥ Γ. Μ.,Marinos G. M.,Τὸ κράτος τοῦ πλούτου,The Power of Wealth,,,,ἀρ. 45
1904,IMG_1491.jpeg,ΕΚΔΟΣΕΙΣ ΣΥΛΛΟΓΟΥ ΠΡΟΣ ΔΙΑΔΟΣΙΝ ΩΦΕΛΙΜΩΝ ΒΙΒΛΙΩΝ,Publications of the Society for the Propagation of Useful Books,1900—1904,ΜΑΤΕΣΙ Α. Σ.,Matesis A. S.,Ἱστορία ἑνὸς πλουσίου,Story of a Rich Man,,,,ἀρ. 30
1904,IMG_1491.jpeg,ΕΚΔΟΣΕΙΣ ΣΥΛΛΟΓΟΥ ΠΡΟΣ ΔΙΑΔΟΣΙΝ ΩΦΕΛΙΜΩΝ ΒΙΒΛΙΩΝ,Publications of the Society for the Propagation of Useful Books,1900—1904,ΜΕΛΑ Κ. Μ.,Melas K. M.,Ἀνακαλύψεις τοῦ ΙΘ΄ αἰῶνος,Discoveries of the 19th Century,,,,ἀρ. 48
1904,IMG_1491.jpeg,ΕΚΔΟΣΕΙΣ ΣΥΛΛΟΓΟΥ ΠΡΟΣ ΔΙΑΔΟΣΙΝ ΩΦΕΛΙΜΩΝ ΒΙΒΛΙΩΝ,Publications of the Society for the Propagation of Useful Books,1900—1904,ΜΕΛΑ Λ.,Melas L.,Ὁ μικρὸς Πλούταρχος,The Little Plutarch,,,,"ἀρ. 9, 20, 32"
1904,IMG_1491.jpeg,ΕΚΔΟΣΕΙΣ ΣΥΛΛΟΓΟΥ ΠΡΟΣ ΔΙΑΔΟΣΙΝ ΩΦΕΛΙΜΩΝ ΒΙΒΛΙΩΝ,Publications of the Society for the Propagation of Useful Books,1900—1904,ΜΕΛΙΣΣΗΝΟΥ Μ.,Melissinos M.,Τὸ βρέφος,The Infant,,,,ἀρ. 49
1904,IMG_1491.jpeg,ΕΚΔΟΣΕΙΣ ΣΥΛΛΟΓΟΥ ΠΡΟΣ ΔΙΑΔΟΣΙΝ ΩΦΕΛΙΜΩΝ ΒΙΒΛΙΩΝ,Publications of the Society for the Propagation of Useful Books,1900—1904,ΜΗΛΙΑΡΑΚΗ Α.,Miliarakis A.,Ὁ χαρακτήρ,Character,,,,ἀρ. 21
1904,IMG_1491.jpeg,ΕΚΔΟΣΕΙΣ ΣΥΛΛΟΓΟΥ ΠΡΟΣ ΔΙΑΔΟΣΙΝ ΩΦΕΛΙΜΩΝ ΒΙΒΛΙΩΝ,Publications of the Society for the Propagation of Useful Books,1900—1904,ΜΠΑΛΑΝΟΥ Δ.,Balanos D.,Ἡ Ἐκκλησία μας,Our Church,,,,ἀρ. 2
1904,IMG_1491.jpeg,ΕΚΔΟΣΕΙΣ ΣΥΛΛΟΓΟΥ ΠΡΟΣ ΔΙΑΔΟΣΙΝ ΩΦΕΛΙΜΩΝ ΒΙΒΛΙΩΝ,Publications of the Society for the Propagation of Useful Books,1900—1904,ΠΑΤΡΙΚΙΟΥ Β.,Patrikios V.,Νοσήματα καὶ μικρόβια,Diseases and Microbes,,,,ἀρ. 17
1904,IMG_1491.jpeg,ΕΚΔΟΣΕΙΣ ΣΥΛΛΟΓΟΥ ΠΡΟΣ ΔΙΑΔΟΣΙΝ ΩΦΕΛΙΜΩΝ ΒΙΒΛΙΩΝ,Publications of the Society for the Propagation of Useful Books,1900—1904,ΠΡΩΤΟΠΑΠΑΔΑΚΗ Δ. Ε.,Protopapadakis D. E.,Ὁ καθαρὸς ἀήρ,Clean Air,,,,ἀρ. 41
1904,IMG_1491.jpeg,ΕΚΔΟΣΕΙΣ ΣΥΛΛΟΓΟΥ ΠΡΟΣ ΔΙΑΔΟΣΙΝ ΩΦΕΛΙΜΩΝ ΒΙΒΛΙΩΝ,Publications of the Society for the Propagation of Useful Books,1900—1904,ΠΡΩΤΟΠΑΠΑΔΑΚΗ Π. Ε.,Protopapadakis P. E.,Ἥλιος,Sun,,,,ἀρ. 15
1904,IMG_1491.jpeg,ΕΚΔΟΣΕΙΣ ΣΥΛΛΟΓΟΥ ΠΡΟΣ ΔΙΑΔΟΣΙΝ ΩΦΕΛΙΜΩΝ ΒΙΒΛΙΩΝ,Publications of the Society for the Propagation of Useful Books,1900—1904,ΣΑΚΕΛΛΑΡΟΠΟΥΛΟΥ Μ.,Sakellaropoulos M.,Ὁ βίος τοῦ Ἰησοῦ Χριστοῦ,The Life of Jesus Christ,,,,ἀρ. 36
1904,IMG_1492.jpeg,Εκδόσεις ὠφελίμ. βιβλίων,Publications of Useful Books,1900—1904,ΣΩΤΗΡΙΑΔΟΥ Γ.,Sotiriadis G.,"Ὁ Μέγας Ἀλέξανδρος, ἀρ. 28.","Alexander the Great, No. 28",80—100 σελ.,2.—,₯,χαρτόδετον
1904,IMG_1492.jpeg,Εκδόσεις ὠφελίμ. βιβλίων,Publications of Useful Books,1900—1904,ΤΣΟΥΝΤΑ Χ.,Tsountas Ch.,"Ἡ Ἀκρόπολις, ἀρ. 12.","The Acropolis, No. 12",80—100 σελ.,2.—,₯,χαρτόδετον
1904,IMG_1492.jpeg,Εκδόσεις ὠφελίμ. βιβλίων,Publications of Useful Books,1900—1904,ΦΛΩΡΑ Θ. Χ.,Flora Th. Ch.,"Πρῶται βοήθειαι, ἀρ. 31.","First Aid, No. 31",80—100 σελ.,2.—,₯,χαρτόδετον
1904,IMG_1492.jpeg,Εκδόσεις ὠφελίμ. βιβλίων,Publications of Useful Books,1900—1904,ΧΑΣΙΩΤΟΥ Σπ.,Chasiotis Sp.,"Ὁ οἶνος, ἀρ. 44.","Wine, No. 44",80—100 σελ.,2.—,₯,χαρτόδετον
1904,IMG_1492.jpeg,Εκδόσεις ὠφελίμ. βιβλίων,Publications of Useful Books,1900—1904,ΧΕΛΔΡΑΪΚ Θ. ΔΕ,Heldreich Th. de,"Τὰ ἄνθη, ἀρ. 34...","Flowers, No. 34...",80—100 σελ.,2.—,₯,χαρτόδετον
